timestamp,pyros,servos,servos_deg,accelerometer,barometer,barofilteredalt,barofilteredvelo,temp,gyro,magnetometer,heading,gps_fix,lat,lon,gpsalt,pdop,hdop,vdop,gps_horiz_prec,gps_vert_prec,gps_num_sat,flight_time,last_rec,yaw_gyro_int,pitch_gyro_int,roll_gyro_int,batt_voltage,state,pktnum,rssi,armed_pyros,fired_pyros,badpackets,rxrssi,accel_integrated_velo,baro_max_alt,gps_max_alt,pyro_resistances,cell_voltages,total_current,converter_voltages,converter_currents,bms_protections_enabled,bms_protection_status,bms_temp,enabled_status,angleFromVertical,gnd_lat,gnd_lon,gnd_fix,gnd_alt
1774901714.379895,"[1, 1, 1, 1, 1, 1]","[1291, 1500, 1500, 1500]","[-25.08, 0.0, 0.0, 0.0]","[-0.32407913671875, 2.5727133359375, 10.214238890625]",0,0.0,0,31.593860244750978,"[0.0, -5.2795410147599995, -1.61743164036]","[0, 0, 0]",0,3,0.0,0.0,0.0,0,0,0,4294967.295,3750000.64,0,46307,0,46.5836296081543,30.05208396911621,0.0,0,state.GROUND_TESTING,781,-24,0,-24,0.0,0,0,"[10.2, 0.5, 16.5, 10.6, 15.0, 15.9, 0, 0]","[3.655, 3.655, 3.654]",0.284,"[2.9968000000000004, 3.3104, 5.0032000000000005, 7.36, 8.4304, 27.824]","[0.04, 0.226875, -0.00375, 0.0025, 0.00125, -0.001875]",0,0,29.0,"[0, 0, 0, 0, 0, 0]",53.49432790584383,42.3600105,-71.0932788,3,-42.642
1774901714.4408991,"[1, 1, 1, 1, 1, 1]","[1291, 1500, 1500, 1500]","[-25.08, 0.0, 0.0, 0.0]","[-0.37004780859374997, 2.57807634765625, 10.24182009375]",0,0.0,0,31.598232192993166,"[0.0, 3.2043457026, 11.96289062304]","[0, 0, 0]",0,3,0.0,0.0,0.0,0,0,0,4294967.295,3750000.64,0,46367,0,46.67945861816406,29.970308303833008,0.0,0,state.GROUND_TESTING,782,-24,0,-24,0.0,0,0,"[10.6, 0.5, 16.5, 10.6, 15.9, 16.5, 0, 0]","[3.655, 3.655, 3.654]",0.284,"[2.9968000000000004, 3.3120000000000003, 5.0048, 7.36, 8.4448, 27.8256]","[0.030625, 0.245625, -0.004375, -0.0025, -0.003125, -0.00375]",0,0,29.0,"[0, 0, 0, 0, 0, 0]",53.53442287246515,42.3600105,-71.0932788,3,-42.642
1774901714.5004246,"[1, 1, 1, 1, 1, 1]","[1291, 1500, 1500, 1500]","[-25.08, 0.0, 0.0, 0.0]","[-0.34629732812499997, 2.534406109375, 10.2127066015625]",0,0.0,0,31.6200919342041,"[0.0, -6.43920898332, -10.19287109208]","[0, 0, 0]",0,3,0.0,0.0,0.0,0,0,0,4294967.295,3750000.64,0,46427,0,46.51104736328125,30.04412841796875,0.0,0,state.GROUND_TESTING,783,-24,0,-24,0.0,0,0,"[10.8, 0.5, 17.6, 10.4, 16.5, 16.5, 0, 0]","[3.655, 3.655, 3.654]",0.284,"[2.9952, 3.3104, 5.0032000000000005, 7.3664000000000005, 8.443200000000001, 27.824]","[0.03875, 0.22625, 0.0, -0.0025, -0.003125, -0.00125]",0,0,29.0,"[0, 0, 0, 0, 0, 0]",53.434153898653456,42.360011899999996,-71.0932782,3,-42.626
1774901714.5594635,"[1, 1, 1, 1, 1, 1]","[1291, 1500, 1500, 1500]","[-25.08, 0.0, 0.0, 0.0]","[-0.31948226953125, 2.56811646875, 10.21347274609375]",0,0.0,0,31.593860244750978,"[0.0, 5.5236816397199995, 4.15039062432]","[0, 0, 0]",0,3,0.0,0.0,0.0,0,0,0,4294967.295,3750000.64,0,46487,0,46.64106750488281,30.000185012817383,0.0,0,state.GROUND_TESTING,784,-24,0,-24,0.0,0,0,"[10.2, 0.5, 16.5, 10.8, 17.0, 16.5, 0, 0]","[3.655, 3.655, 3.654]",0.284,"[2.9952, 3.3104, 5.0032000000000005, 7.3664000000000005, 8.443200000000001, 27.824]","[0.03875, 0.22625, 0.0, -0.0025, -0.003125, -0.00125]",0,0,29.0,"[0, 0, 0, 0, 0, 0]",53.51709151117303,42.3600127,-71.0932778,3,-42.567
1774901714.6177855,"[1, 1, 1, 1, 1, 1]","[1291, 1500, 1500, 1500]","[-25.08, 0.0, 0.0, 0.0]","[-0.34553118359374996, 2.55049514453125, 10.206577445312499]",0,0.0,0,31.58948829650879,"[0.0, 7.1716308582, 18.49365234072]","[0, 0, 0]",0,3,0.0,0.0,0.0,0,0,0,4294967.295,3750000.64,0,46541,0,46.922054290771484,30.15553855895996,0.0,0,state.GROUND_TESTING,785,-24,0,-24,0.0,0,0,"[10.6, 0.5, 15.5, 10.6, 15.9, 16.5, 0, 0]","[3.655, 3.655, 3.654]",0.284,"[2.9968000000000004, 3.3104, 5.0032000000000005, 7.3632, 8.459200000000001, 27.8288]","[0.024375, 0.28250000000000003, -0.0025, -0.000625, -0.000625, -0.0025]",0,0,29.0,"[0, 0, 0, 0, 0, 0]",53.80325824116891,42.3600127,-71.0932778,3,-42.567
1774901714.6733253,"[1, 1, 1, 1, 1, 1]","[1291, 1500, 1500, 1500]","[-25.08, 0.0, 0.0, 0.0]","[-0.35166033984374995, 2.5420675546875, 10.21806961328125]",0,0.0,0,31.56762855529785,"[0.0, -9.18579101412, -12.8173828104]","[0, 0, 0]",0,3,0.0,0.0,0.0,0,0,0,4294967.295,3750000.64,0,46601,0,46.678531646728516,30.330095291137695,0.0,0,state.GROUND_TESTING,786,-24,0,-24,0.0,0,0,"[10.6, 0.5, 16.5, 10.8, 15.9, 17.6, 0, 0]","[3.655, 3.655, 3.654]",0.284,"[2.9968000000000004, 3.3104, 5.0032000000000005, 7.3632, 8.459200000000001, 27.8288]","[0.024375, 0.28250000000000003, -0.0025, -0.000625, -0.000625, -0.0025]",0,0,29.0,"[0, 0, 0, 0, 0, 0]",53.687711849730334,42.3600128,-71.0932778,3,-42.617
1774901714.7363257,"[1, 1, 1, 1, 1, 1]","[1291, 1500, 1500, 1500]","[-25.08, 0.0, 0.0, 0.0]","[-0.34323275000000003, 2.56888261328125, 10.2341586484375]",0,0.0,0,31.576372451782227,"[0.0, 1.43432617164, 2.83813476516]","[0, 0, 0]",0,3,0.0,0.0,0.0,0,0,0,4294967.295,3750000.64,0,46661,0,46.5323600769043,30.21417808532715,0.0,0,state.GROUND_TESTING,787,-24,0,-24,0.0,0,0,"[10.8, 0.5, 17.0, 10.8, 15.9, 17.0, 0, 0]","[3.655, 3.655, 3.654]",0.284,"[2.9968000000000004, 3.3136, 5.0048, 7.364800000000001, 8.4448, 27.8256]","[0.03125, 0.635625, 0.000625, 0.000625, 0.0, -0.00625]",0,0,29.0,"[0, 0, 0, 0, 0, 0]",53.52388068386059,42.3600128,-71.0932778,3,-42.617
1774901714.7968507,"[1, 1, 1, 1, 1, 1]","[1291, 1500, 1500, 1500]","[-25.08, 0.0, 0.0, 0.0]","[-0.3478296171875, 2.54896285546875, 10.232626359374999]",0,0.0,0,31.593860244750978,"[0.0, 2.22778320276, 1.34277343728]","[0, 0, 0]",0,3,0.0,0.0,0.0,0,0,0,4294967.295,3750000.64,0,46721,0,46.33950424194336,30.270320892333984,0.0,0,state.GROUND_TESTING,788,-24,0,-24,0.0,0,0,"[10.4, 0.5, 16.5, 10.4, 15.9, 15.9, 0, 0]","[3.655, 3.655, 3.654]",0.284,"[2.9968000000000004, 3.3136, 5.0048, 7.364800000000001, 8.4448, 27.8256]","[0.03125, 0.635625, 0.000625, 0.000625, 0.0, -0.00625]",0,0,29.0,"[0, 0, 0, 0, 0, 0]",53.397876509741806,42.360011899999996,-71.0932782,3,-42.726
1774901714.8468516,"[1, 1, 1, 1, 1, 1]","[1291, 1500, 1500, 1500]","[-25.08, 0.0, 0.0, 0.0]","[-0.33786973828125, 2.549729, 10.216537324218748]",0,0.0,0,31.576372451782227,"[0.0, -4.48608398364, -9.64355468592]","[0, 0, 0]",0,3,0.0,0.0,0.0,0,0,0,4294967.295,3750000.64,0,46775,0,46.23578643798828,30.29183006286621,0.0,0,state.GROUND_TESTING,789,-24,0,-24,0.0,0,0,"[10.4, 0.5, 16.5, 10.8, 15.9, 15.9, 0, 0]","[3.655, 3.655, 3.654]",0.284,"[2.9968000000000004, 3.3104, 5.0, 7.3616, 8.4368, 27.8272]","[0.040625, 0.5906250000000001, 0.000625, 0.00125, -0.001875, 0.00875]",0,0,29.0,"[0, 0, 0, 0, 0, 0]",53.326535679055326,42.360011899999996,-71.0932782,3,-42.726
1774901714.9083717,"[1, 1, 1, 1, 1, 1]","[1291, 1500, 1500, 1500]","[-25.08, 0.0, 0.0, 0.0]","[-0.34629732812499997, 2.56735032421875, 10.228795636718749]",0,0.0,0,31.58948829650879,"[0.0, -2.34985351524, -4.4250488273999995]","[0, 0, 0]",0,3,0.0,0.0,0.0,0,0,0,4294967.295,3750000.64,0,46835,0,46.29286575317383,30.278392791748047,0.0,0,state.GROUND_TESTING,790,-24,0,-24,0.0,0,0,"[11.3, 0.5, 15.9, 10.8, 15.9, 17.0, 0, 0]","[3.655, 3.655, 3.654]",0.284,"[2.9968000000000004, 3.3104, 5.0, 7.3616, 8.4368, 27.8272]","[0.040625, 0.5906250000000001, 0.000625, 0.00125, -0.001875, 0.00875]",0,0,29.0,"[0, 0, 0, 0, 0, 0]",53.36508796909774,42.3600111,-71.0932785,3,-42.775
1774901714.9698842,"[1, 1, 1, 1, 1, 1]","[1291, 1500, 1500, 1500]","[-25.08, 0.0, 0.0, 0.0]","[-0.33863588281249996, 2.55202743359375, 10.220368046875]",0,0.0,0,31.554512710571288,"[0.0, -3.26538085884, -8.88061523292]","[0, 0, 0]",0,3,0.0,0.0,0.0,0,0,0,4294967.295,3750000.64,0,46895,0,46.45062255859375,30.097759246826172,0.0,0,state.GROUND_TESTING,791,-24,0,-24,0.0,0,0,"[10.4, 0.5, 16.5, 10.6, 15.9, 15.9, 0, 0]","[3.655, 3.655, 3.654]",0.284,"[2.9984, 3.3136, 4.9984, 7.3632, 8.4672, 27.8288]","[0.04, 0.6025, 0.00625, 0.0, -0.005, 0.01625]",0,0,29.0,"[0, 0, 0, 0, 0, 0]",53.409977727432185,42.3600104,-71.0932789,3,-42.689
1774901715.026897,"[1, 1, 1, 1, 1, 1]","[1291, 1500, 1500, 1500]","[-25.08, 0.0, 0.0, 0.0]","[-0.35549106249999995, 2.53670454296875, 10.23645708203125]",0,0.0,0,31.580744400024415,"[0.0, 2.83813476516, 8.42285156112]","[0, 0, 0]",0,3,0.0,0.0,0.0,0,0,0,4294967.295,3750000.64,0,46955,0,46.55015563964844,30.237516403198242,0.0,0,state.GROUND_TESTING,792,-24,0,-24,0.0,0,0,"[10.4, 0.5, 16.5, 10.6, 15.5, 16.5, 0, 0]","[3.655, 3.655, 3.654]",0.284,"[2.9984, 3.3136, 4.9984, 7.3632, 8.4672, 27.8288]","[0.04, 0.6025, 0.00625, 0.0, -0.005, 0.01625]",0,0,29.0,"[0, 0, 0, 0, 0, 0]",53.54780707134743,42.3600104,-71.0932789,3,-42.689
1774901715.08292,"[1, 1, 1, 1, 1, 1]","[1291, 1500, 1500, 1500]","[-25.08, 0.0, 0.0, 0.0]","[-0.32944214843749997, 2.56428574609375, 10.200448289062498]",0,0.0,0,31.58948829650879,"[0.0, -5.82885742092, 2.47192382772]","[0, 0, 0]",0,3,0.0,0.0,0.0,0,0,0,4294967.295,3750000.64,0,47009,0,46.32392120361328,30.28299331665039,0.0,0,state.GROUND_TESTING,793,-24,0,-24,0.0,0,0,"[10.6, 0.5, 17.0, 10.4, 15.9, 17.0, 0, 0]","[3.655, 3.655, 3.654]",0.284,"[2.9952, 3.3104, 5.0032000000000005, 7.368, 8.457600000000001, 27.8256]","[0.03375, 0.255625, -0.001875, -0.00375, -0.003125, -0.000625]",0,0,29.0,"[0, 0, 0, 0, 0, 0]",53.391245749423774,42.3600107,-71.0932789,3,-42.435
1774901715.1453893,"[1, 1, 1, 1, 1, 1]","[1291, 1500, 1500, 1500]","[-25.08, 0.0, 0.0, 0.0]","[-0.33250672656249997, 2.5405352656249995, 10.2188357578125]",0,0.0,0,31.563256607055663,"[0.0, 8.33129882676, 4.33349609304]","[0, 0, 0]",0,3,0.0,0.0,0.0,0,0,0,4294967.295,3750000.64,0,47069,0,46.39749526977539,30.031591415405273,0.0,0,state.GROUND_TESTING,794,-24,0,-24,0.0,0,0,"[10.2, 0.5, 16.5, 10.6, 15.9, 17.0, 0, 0]","[3.655, 3.655, 3.654]",0.284,"[2.9968000000000004, 3.3104, 5.0048, 7.364800000000001, 8.4464, 27.8256]","[0.036875, 0.195, 0.000625, -0.005625, -0.00125, -0.00375]",0,0,29.0,"[0, 0, 0, 0, 0, 0]",53.340001103448515,42.3600107,-71.0932789,3,-42.435
1774901715.2019148,"[1, 1, 1, 1, 1, 1]","[1291, 1500, 1500, 1500]","[-25.08, 0.0, 0.0, 0.0]","[-0.32944214843749997, 2.53976912109375, 10.208109734375]",0,0.0,0,31.57200050354004,"[0.0, 5.7678222646799995, 5.09643554604]","[0, 0, 0]",0,3,0.0,0.0,0.0,0,0,0,4294967.295,3750000.64,0,47129,0,46.31604766845703,30.247243881225586,0.0,0,state.GROUND_TESTING,795,-24,0,-24,0.0,0,0,"[10.2, 0.5, 17.0, 10.4, 16.5, 17.0, 0, 0]","[3.655, 3.655, 3.654]",0.284,"[2.9968000000000004, 3.3104, 5.0048, 7.364800000000001, 8.4464, 27.8256]","[0.036875, 0.195, 0.000625, -0.005625, -0.00125, -0.00375]",0,0,29.0,"[0, 0, 0, 0, 0, 0]",53.36961426978696,42.3600098,-71.0932794,3,-42.422
1774901715.273445,"[1, 1, 1, 1, 1, 1]","[1291, 1500, 1500, 1500]","[-25.08, 0.0, 0.0, 0.0]","[-0.33250672656249997, 2.5727133359375, 10.2310940703125]",0,0.0,0,31.57200050354004,"[0.0, -2.71606445268, -0.12207031248]","[0, 0, 0]",0,3,0.0,0.0,0.0,0,0,0,4294967.295,3750000.64,0,47189,0,46.42341613769531,30.300861358642578,0.0,0,state.GROUND_TESTING,796,-24,0,-24,0.0,0,0,"[10.4, 0.5, 16.5, 10.8, 15.9, 17.0, 0, 0]","[3.655, 3.655, 3.654]",0.284,"[2.9936000000000003, 3.3120000000000003, 5.0032000000000005, 7.368, 8.4304, 27.8256]","[0.033125, 0.22375, -0.004375, -0.004375, -0.003125, -0.003125]",0,0,29.0,"[0, 0, 0, 0, 0, 0]",53.47641475046497,42.3600096,-71.0932796,3,-42.264
1774901715.3184438,"[1, 1, 1, 1, 1, 1]","[1291, 1500, 1500, 1500]","[-25.08, 0.0, 0.0, 0.0]","[-0.34936190624999997, 2.5374706874999995, 10.215005035156251]",0,0.0,0,31.563256607055663,"[0.0, -4.6691894523599995, -14.495849607]","[0, 0, 0]",0,3,0.0,0.0,0.0,0,0,0,4294967.295,3750000.64,0,47243,0,46.14554214477539,30.507953643798828,0.0,0,state.GROUND_TESTING,797,-24,0,-24,0.0,0,0,"[10.6, 0.5, 15.9, 10.4, 15.9, 17.0, 0, 0]","[3.655, 3.655, 3.654]",0.284,"[2.9936000000000003, 3.3120000000000003, 5.0032000000000005, 7.368, 8.4304, 27.8256]","[0.033125, 0.22375, -0.004375, -0.004375, -0.003125, -0.003125]",0,0,29.0,"[0, 0, 0, 0, 0, 0]",53.35089255193827,42.3600096,-71.0932796,3,-42.264
1774901715.3799908,"[1, 1, 1, 1, 1, 1]","[1291, 1500, 1500, 1500]","[-25.08, 0.0, 0.0, 0.0]","[-0.33940202734374997, 2.5428336992187495, 10.21347274609375]",0,0.0,0,31.585116348266602,"[0.0, 3.2043457026, 6.5612792958]","[0, 0, 0]",0,3,0.0,0.0,0.0,0,0,0,4294967.295,3750000.64,0,47303,0,46.35340118408203,30.483497619628906,0.0,0,state.GROUND_TESTING,798,-24,0,-24,0.0,0,0,"[10.4, 0.5, 16.5, 10.6, 15.9, 17.6, 0, 0]","[3.655, 3.655, 3.654]",0.284,"[2.9952, 3.3104, 5.0048, 7.368, 8.4544, 27.824]","[0.036875, 0.245, -0.00375, -0.00125, -0.001875, 0.00125]",0,0,29.0,"[0, 0, 0, 0, 0, 0]",53.501306419419116,42.3600098,-71.0932796,3,-42.017
1774901715.4350076,"[1, 1, 1, 1, 1, 1]","[1291, 1500, 1500, 1500]","[-25.08, 0.0, 0.0, 0.0]","[-0.35549106249999995, 2.5374706874999995, 10.2249649140625]",0,0.0,0,31.56762855529785,"[0.0, 0.03051757812, 5.82885742092]","[0, 0, 0]",0,3,0.0,0.0,0.0,0,0,0,4294967.295,3750000.64,0,47363,0,46.470001220703125,30.531673431396484,0.0,0,state.GROUND_TESTING,799,-24,0,-24,0.0,0,0,"[10.8, 0.5, 15.9, 10.8, 16.5, 17.0, 0, 0]","[3.655, 3.655, 3.654]",0.284,"[2.9952, 3.3104, 5.0048, 7.368, 8.4544, 27.824]","[0.036875, 0.245, -0.00375, -0.00125, -0.001875, 0.00125]",0,0,29.0,"[0, 0, 0, 0, 0, 0]",53.61271843618136,42.3600098,-71.0932796,3,-42.017
1774901715.4985287,"[1, 1, 1, 1, 1, 1]","[1291, 1500, 1500, 1500]","[-25.08, 0.0, 0.0, 0.0]","[-0.35012805078125, 2.5635196015624997, 10.21730346875]",0,0.0,0,31.57200050354004,"[0.0, -5.46264648348, -0.70190429676]","[0, 0, 0]",0,3,0.0,0.0,0.0,0,0,0,4294967.295,3750000.64,0,47423,0,46.66469192504883,30.526174545288086,0.0,0,state.GROUND_TESTING,800,-24,0,-24,0.0,0,0,"[10.8, 0.5, 16.5, 10.8, 15.9, 16.5, 0, 0]","[3.655, 3.655, 3.654]",0.284,"[2.9952, 3.3136, 5.0048, 7.3664000000000005, 8.432, 27.8304]","[0.035, 0.62125, 0.004375, -0.000625, -0.003125, 0.0075]",0,0,29.0,"[0, 0, 0, 0, 0, 0]",53.76146770982491,42.3600101,-71.0932795,3,-41.909
1774901715.5545893,"[1, 1, 1, 1, 1, 1]","[1291, 1500, 1500, 1500]","[-25.08, 0.0, 0.0, 0.0]","[-0.34323275000000003, 2.53517225390625, 10.228029492187499]",0,0.0,0,31.554512710571288,"[0.0, 5.1574707022799995, -0.88500976548]","[0, 0, 0]",0,3,0.0,0.0,0.0,0,0,0,4294967.295,3750000.64,0,47477,0,46.49822998046875,30.430591583251953,0.0,0,state.GROUND_TESTING,801,-24,0,-24,0.0,0,0,"[10.4, 0.5, 15.5, 10.4, 15.9, 16.5, 0, 0]","[3.655, 3.655, 3.654]",0.284,"[2.9952, 3.3136, 5.0048, 7.3664000000000005, 8.432, 27.8304]","[0.035, 0.62125, 0.004375, -0.000625, -0.003125, 0.0075]",0,0,29.0,"[0, 0, 0, 0, 0, 0]",53.590774038731446,42.3600105,-71.0932796,3,-41.742
1774901715.6134355,"[1, 1, 1, 1, 1, 1]","[1291, 1500, 1500, 1500]","[-25.08, 0.0, 0.0, 0.0]","[-0.35778949609375, 2.5566243007812495, 10.20581130078125]",0,0.0,0,31.554512710571288,"[0.0, 6.9885253894799995, 9.918212889]","[0, 0, 0]",0,3,0.0,0.0,0.0,0,0,0,4294967.295,3750000.64,0,47537,0,46.359737396240234,30.481224060058594,0.0,0,state.GROUND_TESTING,802,-24,0,-24,0.0,0,0,"[10.6, 0.5, 15.9, 10.6, 15.0, 16.5, 0, 0]","[3.655, 3.655, 3.654]",0.284,"[2.9952, 3.3136, 5.0032000000000005, 7.364800000000001, 8.4464, 27.8288]","[0.04, 0.615625, 0.000625, 0.0025, -0.01, 0.01375]",0,0,29.0,"[0, 0, 0, 0, 0, 0]",53.50523166710512,42.3600105,-71.0932796,3,-41.742
1774901715.6689715,"[1, 1, 1, 1, 1, 1]","[1291, 1500, 1500, 1500]","[-25.08, 0.0, 0.0, 0.0]","[-0.33327287109375, 2.55509201171875, 10.20121443359375]",0,0.0,0,31.563256607055663,"[0.0, -5.46264648348, -0.33569335932]","[0, 0, 0]",0,3,0.0,0.0,0.0,0,0,0,4294967.295,3750000.64,0,47597,0,46.241024017333984,30.564836502075195,0.0,0,state.GROUND_TESTING,803,-24,0,-24,0.0,0,0,"[10.6, 0.5, 16.5, 10.4, 15.5, 17.0, 0, 0]","[3.655, 3.655, 3.654]",0.284,"[2.9952, 3.3136, 5.0032000000000005, 7.364800000000001, 8.4464, 27.8288]","[0.04, 0.615625, 0.000625, 0.0025, -0.01, 0.01375]",0,0,29.0,"[0, 0, 0, 0, 0, 0]",53.44973976865884,42.3600105,-71.0932797,3,-41.675
1774901715.729981,"[1, 1, 1, 1, 1, 1]","[1291, 1500, 1500, 1500]","[-25.08, 0.0, 0.0, 0.0]","[-0.34936190624999997, 2.55355972265625, 10.21347274609375]",0,0.0,0,31.5501407623291,"[0.0, -5.70678710844, 7.14111328008]","[0, 0, 0]",0,3,0.0,0.0,0.0,0,0,0,4294967.295,3750000.64,0,47657,0,46.4171028137207,30.719823837280273,0.0,0,state.GROUND_TESTING,804,-24,0,-24,0.0,0,0,"[10.2, 0.5, 17.0, 10.6, 15.9, 17.0, 0, 0]","[3.655, 3.655, 3.654]",0.284,"[2.9952, 3.3136, 5.0016, 7.3616, 8.4288, 27.8256]","[0.031875, 0.609375, 0.000625, -0.00125, -0.003125, 0.010625]",0,0,29.0,"[0, 0, 0, 0, 0, 0]",53.65377295956387,42.3600105,-71.0932797,3,-41.675
1774901715.783502,"[1, 1, 1, 1, 1, 1]","[1291, 1500, 1500, 1500]","[-25.08, 0.0, 0.0, 0.0]","[-0.35472491796875, 2.54359984375, 10.237989371093748]",0,0.0,0,31.53702491760254,"[0.0, 11.07788085756, -7.41577148316]","[0, 0, 0]",0,3,0.0,0.0,0.0,0,0,0,4294967.295,3750000.64,0,47711,0,46.418975830078125,30.551740646362305,0.0,0,state.GROUND_TESTING,805,-24,0,-24,0.0,0,0,"[10.4, 0.5, 15.5, 10.6, 15.5, 16.5, 0, 0]","[3.655, 3.655, 3.654]",0.284,"[2.9952, 3.3136, 5.0016, 7.3616, 8.4288, 27.8256]","[0.031875, 0.609375, 0.000625, -0.00125, -0.003125, 0.010625]",0,0,29.0,"[0, 0, 0, 0, 0, 0]",53.58187923758688,42.3600093,-71.0932801,3,-41.73
1774901715.843511,"[1, 1, 1, 1, 1, 1]","[1291, 1500, 1500, 1500]","[-25.08, 0.0, 0.0, 0.0]","[-0.31794998046875, 2.5857377929687497, 10.20887587890625]",0,0.0,0,31.545768814086912,"[0.0, -2.8991699214, -7.0190429676]","[0, 0, 0]",0,3,0.0,0.0,0.0,0,0,0,4294967.295,3750000.64,0,47771,0,46.32529830932617,30.516952514648438,0.0,0,state.GROUND_TESTING,806,-24,0,-24,0.0,0,0,"[10.4, 0.5, 16.5, 10.4, 17.0, 15.9, 0, 0]","[3.655, 3.655, 3.654]",0.284,"[2.9968000000000004, 3.3104, 5.0048, 7.3616, 8.464, 27.8288]","[0.036875, 0.23875000000000002, -0.00375, -0.000625, -0.003125, -0.000625]",0,0,29.0,"[0, 0, 0, 0, 0, 0]",53.49409724167415,42.3600093,-71.0932801,3,-41.73
1774901715.9040287,"[1, 1, 1, 1, 1, 1]","[1291, 1500, 1500, 1500]","[-25.08, 0.0, 0.0, 0.0]","[-0.36238636328125, 2.53670454296875, 10.155245761718751]",0,0.0,0,31.554512710571288,"[0.0, 1.43432617164, 3.78417968688]","[0, 0, 0]",0,3,0.0,0.0,0.0,0,0,0,4294967.295,3750000.64,0,47831,0,46.47392654418945,30.529760360717773,0.0,0,state.GROUND_TESTING,807,-24,0,-24,0.0,0,0,"[10.8, 0.5, 16.5, 10.4, 15.5, 17.6, 0, 0]","[3.655, 3.655, 3.654]",0.284,"[2.9968000000000004, 3.3136, 5.0032000000000005, 7.364800000000001, 8.440000000000001, 27.8288]","[0.033125, 0.229375, 0.000625, -0.00125, -0.001875, -0.001875]",0,0,29.0,"[0, 0, 0, 0, 0, 0]",53.614932138132836,42.360008199999996,-71.09328099999999,3,-41.762
1774901715.963561,"[1, 1, 1, 1, 1, 1]","[1291, 1500, 1500, 1500]","[-25.08, 0.0, 0.0, 0.0]","[-0.35625720703125, 2.5359383984375, 10.188189976562498]",0,0.0,0,31.558884658813476,"[0.0, -3.87573242124, -18.40209960636]","[0, 0, 0]",0,3,0.0,0.0,0.0,0,0,0,4294967.295,3750000.64,0,47891,0,46.21786880493164,30.633546829223633,0.0,0,state.GROUND_TESTING,808,-24,0,-24,0.0,0,0,"[10.4, 0.5, 17.0, 10.6, 15.5, 16.5, 0, 0]","[3.655, 3.655, 3.654]",0.284,"[2.9968000000000004, 3.3136, 5.0032000000000005, 7.364800000000001, 8.440000000000001, 27.8288]","[0.033125, 0.229375, 0.000625, -0.00125, -0.001875, -0.001875]",0,0,29.0,"[0, 0, 0, 0, 0, 0]",53.46194138396609,42.360007599999996,-71.0932813,3,-41.75
1774901716.0175672,"[1, 1, 1, 1, 1, 1]","[1291, 1500, 1500, 1500]","[-25.08, 0.0, 0.0, 0.0]","[-0.34093431640625, 2.5819070703125, 10.190488410156249]",0,0.0,0,31.5501407623291,"[0.0, 5.58471679596, 1.92260742156]","[0, 0, 0]",0,3,0.0,0.0,0.0,0,0,0,4294967.295,3750000.64,0,47945,0,46.39106750488281,30.5588321685791,0.0,0,state.GROUND_TESTING,809,-24,0,-24,0.0,0,0,"[10.4, 0.5, 16.5, 10.6, 15.9, 15.9, 0, 0]","[3.655, 3.655, 3.654]",0.284,"[2.9968000000000004, 3.3120000000000003, 5.0016, 7.364800000000001, 8.4528, 27.8288]","[0.031875, 0.2425, -0.00625, -0.001875, 0.000625, -0.000625]",0,0,29.0,"[0, 0, 0, 0, 0, 0]",53.56333670294498,42.360007599999996,-71.0932813,3,-41.75
1774901716.08061,"[1, 1, 1, 1, 1, 1]","[1291, 1500, 1500, 1500]","[-25.08, 0.0, 0.0, 0.0]","[-0.33480516015625, 2.55509201171875, 10.24411852734375]",0,0.0,0,31.541396865844728,"[0.0, 2.04467773404, 10.681152342]","[0, 0, 0]",0,3,0.0,0.0,0.0,0,0,0,4294967.295,3750000.64,0,48005,0,46.60498809814453,30.601547241210938,0.0,0,state.GROUND_TESTING,810,-24,0,-24,0.0,0,0,"[10.6, 0.5, 16.5, 10.4, 15.9, 17.0, 0, 0]","[3.655, 3.655, 3.654]",0.284,"[2.9968000000000004, 3.3120000000000003, 5.0016, 7.364800000000001, 8.4528, 27.8288]","[0.031875, 0.2425, -0.00625, -0.001875, 0.000625, -0.000625]",0,0,29.0,"[0, 0, 0, 0, 0, 0]",53.74775800344084,42.3600073,-71.09328169999999,3,-41.752
1774901716.1378183,"[1, 1, 1, 1, 1, 1]","[1291, 1500, 1500, 1500]","[-25.08, 0.0, 0.0, 0.0]","[-0.3539587734375, 2.53134153125, 10.228029492187499]",0,0.0,0,31.563256607055663,"[0.0, -2.10571289028, -6.103515624]","[0, 0, 0]",0,3,0.0,0.0,0.0,0,0,0,4294967.295,3750000.64,0,48065,0,46.56322479248047,30.58748435974121,0.0,0,state.GROUND_TESTING,811,-24,0,-24,0.0,0,0,"[10.4, 0.5, 17.6, 10.6, 17.0, 16.5, 0, 0]","[3.655, 3.655, 3.654]",0.284,"[2.9968000000000004, 3.3104, 5.0048, 7.3632, 8.4448, 27.8272]","[0.031875, 0.25625, -0.001875, -0.0025, 0.0025, -0.0025]",0,0,29.0,"[0, 0, 0, 0, 0, 0]",53.70926697745597,42.3600073,-71.09328169999999,3,-41.752
1774901716.2033346,"[1, 1, 1, 1, 1, 1]","[1291, 1500, 1500, 1500]","[-25.08, 0.0, 0.0, 0.0]","[-0.32484528125, 2.57347948046875, 10.210408167968751]",0,0.0,0,31.5501407623291,"[0.0, -1.49536132788, -4.24194335868]","[0, 0, 0]",0,3,0.0,0.0,0.0,0,0,0,4294967.295,3750000.64,0,48125,0,46.59403610229492,30.58137321472168,0.0,0,state.GROUND_TESTING,812,-24,0,-24,0.0,0,0,"[10.6, 0.5, 15.5, 10.8, 15.5, 17.0, 0, 0]","[3.655, 3.655, 3.654]",0.284,"[2.9968000000000004, 3.3104, 5.0048, 7.3632, 8.4448, 27.8272]","[0.031875, 0.25625, -0.001875, -0.0025, 0.0025, -0.0025]",0,0,29.0,"[0, 0, 0, 0, 0, 0]",53.730514340015624,42.3600072,-71.0932819,3,-41.705
1774901716.2538688,"[1, 1, 1, 1, 1, 1]","[1291, 1500, 1500, 1500]","[-25.08, 0.0, 0.0, 0.0]","[-0.334039015625, 2.5374706874999995, 10.2310940703125]",0,0.0,0,31.541396865844728,"[0.0, -7.2326660144399995, -9.27734374848]","[0, 0, 0]",0,3,0.0,0.0,0.0,0,0,0,4294967.295,3750000.64,0,48179,0,46.663726806640625,30.75031852722168,0.0,0,state.GROUND_TESTING,813,-24,0,-24,0.0,0,0,"[10.6, 0.5, 16.5, 11.1, 16.5, 17.0, 0, 0]","[3.655, 3.655, 3.654]",0.284,"[2.9968000000000004, 3.3136, 5.0032000000000005, 7.3632, 8.441600000000001, 27.8288]","[0.04, 0.631875, -0.0025, -0.003125, -0.004375, 0.013125]",0,0,29.0,"[0, 0, 0, 0, 0, 0]",53.857851011589425,42.3600072,-71.0932819,3,-41.705
1774901716.311879,"[1, 1, 1, 1, 1, 1]","[1291, 1500, 1500, 1500]","[-25.08, 0.0, 0.0, 0.0]","[-0.34859576171874995, 2.53057538671875, 10.214238890625]",0,0.0,0,31.558884658813476,"[0.0, -4.0588378899599995, 0.97656249984]","[0, 0, 0]",0,3,0.0,0.0,0.0,0,0,0,4294967.295,3750000.64,0,48239,0,46.525516510009766,30.738807678222656,0.0,0,state.GROUND_TESTING,814,-24,0,-24,0.0,0,0,"[10.6, 0.5, 16.5, 10.6, 15.9, 16.5, 0, 0]","[3.655, 3.655, 3.654]",0.284,"[2.9968000000000004, 3.3136, 5.0032000000000005, 7.3632, 8.441600000000001, 27.8288]","[0.04, 0.631875, -0.0025, -0.003125, -0.004375, 0.013125]",0,0,29.0,"[0, 0, 0, 0, 0, 0]",53.74589969707253,42.3600074,-71.0932819,3,-41.632
1774901716.3714035,"[1, 1, 1, 1, 1, 1]","[1291, 1500, 1500, 1500]","[-25.08, 0.0, 0.0, 0.0]","[-0.32944214843749997, 2.549729, 10.205045156249998]",0,0.0,0,31.563256607055663,"[0.0, 3.38745117132, -12.8173828104]","[0, 0, 0]",0,3,0.0,0.0,0.0,0,0,0,4294967.295,3750000.64,0,48299,0,46.6905632019043,30.864511489868164,0.0,0,state.GROUND_TESTING,815,-24,0,-24,0.0,0,0,"[10.6, 0.5, 17.6, 10.6, 15.9, 17.0, 0, 0]","[3.655, 3.655, 3.654]",0.284,"[2.9952, 3.3120000000000003, 5.0016, 7.3632, 8.4608, 27.8272]","[0.040625, 0.618125, -0.00125, -0.000625, -0.0025, 0.016875]",0,0,29.0,"[0, 0, 0, 0, 0, 0]",53.92827296058299,42.3600074,-71.093282,3,-41.615
1774901716.4313984,"[1, 1, 1, 1, 1, 1]","[1291, 1500, 1500, 1500]","[-25.08, 0.0, 0.0, 0.0]","[-0.34323275000000003, 2.5458982773437495, 10.228795636718749]",0,0.0,0,31.563256607055663,"[0.0, -3.69262695252, -5.92041015528]","[0, 0, 0]",0,3,0.0,0.0,0.0,0,0,0,4294967.295,3750000.64,0,48359,0,46.62491226196289,30.951736450195312,0.0,0,state.GROUND_TESTING,816,-24,0,-24,0.0,0,0,"[10.4, 0.5, 17.0, 11.1, 15.9, 16.5, 0, 0]","[3.655, 3.655, 3.654]",0.284,"[2.9952, 3.3120000000000003, 5.0016, 7.3632, 8.4608, 27.8272]","[0.040625, 0.618125, -0.00125, -0.000625, -0.0025, 0.016875]",0,0,29.0,"[0, 0, 0, 0, 0, 0]",53.915635419435205,42.3600074,-71.093282,3,-41.615
1774901716.4879375,"[1, 1, 1, 1, 1, 1]","[1291, 1500, 1500, 1500]","[-25.08, 0.0, 0.0, 0.0]","[-0.32944214843749997, 2.5581565898437497, 10.223432625]",0,0.0,0,31.5501407623291,"[0.0, -1.73950195284, 7.69042968624]","[0, 0, 0]",0,3,0.0,0.0,0.0,0,0,0,4294967.295,3750000.64,0,48413,0,46.7656135559082,30.920307159423828,0.0,0,state.GROUND_TESTING,817,-24,0,-24,0.0,0,0,"[10.6, 0.5, 15.9, 10.4, 15.9, 17.0, 0, 0]","[3.655, 3.655, 3.654]",0.284,"[2.9936000000000003, 3.3104, 5.0016, 7.368, 8.4608, 27.8304]","[0.034375, 0.224375, -0.003125, -0.004375, -0.0025, 0.015]",0,0,29.0,"[0, 0, 0, 0, 0, 0]",54.01053920293435,42.3600074,-71.0932819,3,-41.583
1774901716.5464494,"[1, 1, 1, 1, 1, 1]","[1291, 1500, 1500, 1500]","[-25.08, 0.0, 0.0, 0.0]","[-0.35472491796875, 2.54896285546875, 10.2127066015625]",0,0.0,0,31.5501407623291,"[0.0, 13.03100585724, 13.45825195092]","[0, 0, 0]",0,3,0.0,0.0,0.0,0,0,0,4294967.295,3750000.64,0,48473,0,46.97161865234375,30.707929611206055,0.0,0,state.GROUND_TESTING,818,-24,0,-24,0.0,0,0,"[10.2, 0.5, 16.5, 10.8, 15.5, 16.5, 0, 0]","[3.655, 3.655, 3.654]",0.284,"[2.9936000000000003, 3.3104, 5.0016, 7.368, 8.4608, 27.8304]","[0.034375, 0.224375, -0.003125, -0.004375, -0.0025, 0.015]",0,0,29.0,"[0, 0, 0, 0, 0, 0]",54.078162534416535,42.3600074,-71.0932819,3,-41.583
1774901716.6094346,"[1, 1, 1, 1, 1, 1]","[1291, 1500, 1500, 1500]","[-25.08, 0.0, 0.0, 0.0]","[-0.36391865234375, 2.5581565898437497, 10.228029492187499]",0,0.0,0,31.558884658813476,"[0.0, 0.64086914052, 1.34277343728]","[0, 0, 0]",0,3,0.0,0.0,0.0,0,0,0,4294967.295,3750000.64,0,48533,0,47.227970123291016,30.678651809692383,0.0,0,state.GROUND_TESTING,819,-24,0,-24,0.0,0,0,"[10.4, 0.5, 17.6, 10.4, 17.0, 17.0, 0, 0]","[3.655, 3.655, 3.654]",0.284,"[2.9952, 3.3120000000000003, 5.0032000000000005, 7.368, 8.4304, 27.824]","[0.029375000000000002, 0.246875, -0.001875, -0.000625, -0.003125, -0.001875]",0,0,29.0,"[0, 0, 0, 0, 0, 0]",54.26478431859508,42.3600079,-71.0932818,3,-41.483
1774901716.6656914,"[1, 1, 1, 1, 1, 1]","[1291, 1500, 1500, 1500]","[-25.08, 0.0, 0.0, 0.0]","[-0.3478296171875, 2.56888261328125, 10.214238890625]",0,0.0,0,31.558884658813476,"[0.0, 2.41088867148, 16.99829101284]","[0, 0, 0]",0,3,0.0,0.0,0.0,0,0,0,4294967.295,3750000.64,0,48593,0,47.45438766479492,30.673189163208008,0.0,0,state.GROUND_TESTING,820,-24,0,-24,0.0,0,0,"[10.2, 0.5, 17.0, 10.8, 15.5, 17.6, 0, 0]","[3.655, 3.655, 3.654]",0.284,"[2.9952, 3.3120000000000003, 5.0032000000000005, 7.368, 8.4384, 27.8304]","[0.031875, 0.225, -0.00625, -0.00125, -0.005, -0.0025]",0,0,29.0,"[0, 0, 0, 0, 0, 0]",54.43869222682682,42.3600087,-71.0932816,3,-41.344
1774901716.7226834,"[1, 1, 1, 1, 1, 1]","[1291, 1500, 1500, 1500]","[-25.08, 0.0, 0.0, 0.0]","[-0.3508941953125, 2.54359984375, 10.206577445312499]",0,0.0,0,31.5501407623291,"[0.0, -1.49536132788, -7.7819824206]","[0, 0, 0]",0,3,0.0,0.0,0.0,0,0,0,4294967.295,3750000.64,0,48647,0,47.49775314331055,30.72483253479004,0.0,0,state.GROUND_TESTING,821,-24,0,-24,0.0,0,0,"[10.6, 0.5, 17.0, 10.6, 15.9, 15.9, 0, 0]","[3.655, 3.655, 3.654]",0.284,"[2.9952, 3.3120000000000003, 5.0032000000000005, 7.368, 8.4384, 27.8304]","[0.031875, 0.225, -0.00625, -0.00125, -0.005, -0.0025]",0,0,29.0,"[0, 0, 0, 0, 0, 0]",54.49436060778542,42.3600087,-71.0932816,3,-41.344
1774901716.7841978,"[1, 1, 1, 1, 1, 1]","[1291, 1500, 1500, 1500]","[-25.08, 0.0, 0.0, 0.0]","[-0.34629732812499997, 2.53976912109375, 10.211174312499999]",0,0.0,0,31.558884658813476,"[0.0, 10.89477538884, 3.2043457026]","[0, 0, 0]",0,3,0.0,0.0,0.0,0,0,0,4294967.295,3750000.64,0,48707,0,47.19652557373047,30.615571975708008,0.0,0,state.GROUND_TESTING,822,-24,0,-24,0.0,0,0,"[10.8, 0.5, 17.6, 10.8, 15.9, 17.0, 0, 0]","[3.655, 3.655, 3.654]",0.284,"[2.9968000000000004, 3.3104, 5.0032000000000005, 7.3632, 8.4528, 27.8288]","[0.030625, 0.22312500000000002, -0.001875, -0.004375, -0.00125, -0.003125]",0,0,29.0,"[0, 0, 0, 0, 0, 0]",54.213401251687294,42.3600096,-71.0932813,3,-41.258
1774901716.8402107,"[1, 1, 1, 1, 1, 1]","[1291, 1500, 1500, 1500]","[-25.08, 0.0, 0.0, 0.0]","[-0.33480516015625, 2.5604550234375, 10.2188357578125]",0,0.0,0,31.541396865844728,"[0.0, -6.6223144520399995, -11.87133788868]","[0, 0, 0]",0,3,0.0,0.0,0.0,0,0,0,4294967.295,3750000.64,0,48767,0,46.938655853271484,30.87984848022461,0.0,0,state.GROUND_TESTING,823,-24,0,-24,0.0,0,0,"[10.4, 0.5, 16.5, 10.6, 15.9, 17.6, 0, 0]","[3.655, 3.655, 3.654]",0.284,"[2.9968000000000004, 3.3104, 5.0032000000000005, 7.3632, 8.4528, 27.8288]","[0.030625, 0.22312500000000002, -0.001875, -0.004375, -0.00125, -0.003125]",0,0,29.0,"[0, 0, 0, 0, 0, 0]",54.12677864794428,42.3600096,-71.0932813,3,-41.258
1774901716.9027224,"[1, 1, 1, 1, 1, 1]","[1291, 1500, 1500, 1500]","[-25.08, 0.0, 0.0, 0.0]","[-0.34553118359374996, 2.5635196015624997, 10.221134191406248]",0,0.0,0,31.563256607055663,"[0.0, 0.64086914052, 2.288818359]","[0, 0, 0]",0,3,0.0,0.0,0.0,0,0,0,4294967.295,3750000.64,0,48827,0,46.94904708862305,31.073322296142578,0.0,0,state.GROUND_TESTING,824,-24,0,-24,0.0,0,0,"[10.6, 0.5, 15.5, 10.6, 15.0, 17.0, 0, 0]","[3.655, 3.655, 3.654]",0.284,"[2.9984, 3.3104, 5.0048, 7.3632, 8.427200000000001, 27.8256]","[0.03375, 0.304375, -0.001875, 0.001875, -0.001875, -0.003125]",0,0,29.0,"[0, 0, 0, 0, 0, 0]",54.21865695879859,42.3600105,-71.09328099999999,3,-41.23
1774901716.9572394,"[1, 1, 1, 1, 1, 1]","[1291, 1500, 1500, 1500]","[-25.08, 0.0, 0.0, 0.0]","[-0.3907337109374999, 2.54359984375, 10.2893210546875]",0,0.0,0,31.57200050354004,"[0.0, 3.814697265, -10.3759765608]","[0, 0, 0]",0,3,0.0,0.0,0.0,0,0,0,4294967.295,3750000.64,0,48881,0,46.96101760864258,31.05116081237793,0.0,0,state.GROUND_TESTING,825,-24,0,-24,0.0,0,0,"[10.4, 0.5, 15.9, 10.6, 15.5, 15.5, 0, 0]","[3.655, 3.655, 3.654]",0.284,"[2.9984, 3.3104, 5.0048, 7.3632, 8.427200000000001, 27.8256]","[0.03375, 0.304375, -0.001875, 0.001875, -0.001875, -0.003125]",0,0,29.0,"[0, 0, 0, 0, 0, 0]",54.218273441535935,42.3600098,-71.0932814,3,-41.367
1774901717.0182438,"[1, 1, 1, 1, 1, 1]","[1291, 1500, 1500, 1500]","[-25.08, 0.0, 0.0, 0.0]","[-0.3202484140625, 2.55509201171875, 10.190488410156249]",0,0.0,0,31.57200050354004,"[0.0, 4.1809082024399995, 7.87353515496]","[0, 0, 0]",0,3,0.0,0.0,0.0,0,0,0,4294967.295,3750000.64,0,48941,0,47.12612533569336,30.980342864990234,0.0,0,state.GROUND_TESTING,826,-24,0,-24,0.0,0,0,"[10.4, 0.5, 16.5, 10.6, 17.0, 15.9, 0, 0]","[3.655, 3.655, 3.654]",0.284,"[2.9984, 3.3120000000000003, 5.0048, 7.3632, 8.4512, 27.8304]","[0.0425, 0.605625, 0.003125, -0.00125, 0.000625, 0.010625]",0,0,29.0,"[0, 0, 0, 0, 0, 0]",54.315218679932826,42.3600098,-71.0932814,3,-41.367
1774901717.0732818,"[1, 1, 1, 1, 1, 1]","[1291, 1500, 1500, 1500]","[-25.08, 0.0, 0.0, 0.0]","[-0.34706347265625, 2.5175509296875, 10.188189976562498]",0,0.0,0,31.580744400024415,"[0.0, -11.38305663876, -13.18359374784]","[0, 0, 0]",0,3,0.0,0.0,0.0,0,0,0,4294967.295,3750000.64,0,49001,0,47.240814208984375,31.12076187133789,0.0,0,state.GROUND_TESTING,827,-24,0,-24,0.0,0,0,"[10.8, 0.5, 17.0, 10.6, 15.5, 16.5, 0, 0]","[3.655, 3.655, 3.654]",0.284,"[2.9984, 3.3120000000000003, 5.0048, 7.3632, 8.4512, 27.8304]","[0.0425, 0.605625, 0.003125, -0.00125, 0.000625, 0.010625]",0,0,29.0,"[0, 0, 0, 0, 0, 0]",54.46441845829434,42.360009999999996,-71.0932816,3,-41.403
1774901724.5244734,"[1, 1, 1, 1, 1, 1]","[1291, 1500, 1500, 1500]","[-25.08, 0.0, 0.0, 0.0]","[-0.30109480078125, 2.5650518906249995, 10.216537324218748]",0,0.0,0,31.545768814086912,"[0.0, -11.56616210748, 3.02124023388]","[0, 0, 0]",0,3,0.0,0.0,0.0,0,0,0,4294967.295,3750000.64,0,49061,0,0.0,0.0,0.0,0,state.PRE_FLIGHT,828,-23,0,-24,0.0,0,0,"[11.1, 0.5, 17.0, 10.6, 15.9, 16.5, 0, 0]","[3.655, 3.655, 3.654]",0.284,"[2.9952, 3.3152000000000004, 5.008, 7.364800000000001, 8.456000000000001, 27.8272]","[0.040625, 0.5906250000000001, -0.0025, -0.000625, -0.0025, 0.013125]",0,0,29.0,"[0, 0, 0, 0, 0, 0]",0.0,42.3600491,-71.0932787,3,-41.851
1774901724.5795138,"[0, 0, 0, 0, 0, 0]","[1291, 1500, 1400, 1400]","[-25.08, 0.0, -10.0, -10.0]","[-0.34246660546874996, 2.55585815625, 10.210408167968751]",0,0.2497200071811676,0,31.11294593811035,"[-26.42822265192, 1.9836425778, -8.14819335804]","[0, 0, 0]",0,3,0.0,0.0,0.0,0,0,0,4294967.295,3750000.64,0,56505,0,0.04328858107328415,-0.05460827797651291,0.7522979974746704,0,state.FLIGHT,829,-23,0,-23,2.0042264461517334,0,0,"[10.6, 0.5, 15.9, 10.6, 15.9, 16.5, 0, 0]","[3.655, 3.655, 3.654]",0.284,"[2.9952, 3.3120000000000003, 5.0048, 7.3632, 8.4368, 27.8256]","[0.03, 0.24375, 0.0, 0.000625, -0.000625, -0.00375]",0,0,29.0,"[0, 0, 0, 0, 0, 0]",0.06968475232736604,42.3600484,-71.0932787,3,-41.446
1774901724.638502,"[0, 0, 0, 0, 0, 0]","[1291, 1500, 1400, 1400]","[-25.08, 0.0, -10.0, -10.0]","[-0.33557130468749996, 2.5573904453125, 10.2310940703125]",0,1.2118200063705444,0,31.1654093170166,"[-44.189453117759996, 10.10131835772, 4.51660156176]","[0, 0, 0]",0,3,0.0,0.0,0.0,0,0,0,4294967.295,3750000.64,0,56565,0,0.16686487197875977,-0.03997751697897911,3.063647985458374,0,state.FLIGHT,830,-23,0,-24,2.025437593460083,0,1,"[10.4, 0.5, 16.5, 10.4, 17.0, 17.6, 0, 0]","[3.655, 3.655, 3.654]",0.284,"[2.9952, 3.3120000000000003, 5.0048, 7.3632, 8.4368, 27.8256]","[0.03, 0.24375, 0.0, 0.000625, -0.000625, -0.00375]",0,0,29.0,"[0, 0, 0, 0, 0, 0]",0.17158695418349565,42.3600484,-71.0932787,3,-41.446
1774901724.70074,"[0, 0, 0, 0, 0, 0]","[1291, 1500, 1400, 1400]","[-25.08, 0.0, -10.0, -10.0]","[-0.32484528125, 2.5543258671875, 10.201980578125]",0,2.9037399291992188,0,31.178525161743163,"[-37.9943847594, 5.340576171, 13.09204101348]","[0, 0, 0]",0,3,0.0,0.0,0.0,0,0,0,4294967.295,3750000.64,0,56625,0,0.18823501467704773,0.10164821147918701,5.618274688720703,0,state.FLIGHT,831,-23,0,-24,2.048414468765259,0,2,"[10.6, 0.5, 16.5, 10.6, 15.9, 17.0, 0, 0]","[3.655, 3.655, 3.654]",0.284,"[3.0, 3.3104, 5.0048, 7.3632, 8.4448, 27.8272]","[0.033125, 0.24375, -0.004375, -0.005, -0.003125, -0.005625]",0,0,29.0,"[0, 0, 0, 0, 0, 0]",0.21392695593248098,42.3600488,-71.0932788,3,-41.362
1774901724.7592618,"[0, 0, 0, 0, 0, 0]","[1291, 1500, 1400, 1400]","[-25.08, 0.0, -10.0, -10.0]","[-0.35625720703125, 2.5596888789062495, 10.23492479296875]",0,5.3648200035095215,0,31.213500747680666,"[-11.16943359192, -8.392333983, 11.23046874816]","[0, 0, 0]",0,3,0.0,0.0,0.003,0,0,0,4294967.295,3750000.896,0,56685,0,0.49116790294647217,0.24269041419029236,7.030973434448242,0,state.FLIGHT,832,-24,0,-24,2.0724666118621826,3,5,"[10.6, 0.5, 15.9, 10.6, 15.9, 16.5, 0, 0]","[3.655, 3.655, 3.654]",0.284,"[3.0, 3.3104, 5.0048, 7.3632, 8.4448, 27.8272]","[0.033125, 0.24375, -0.004375, -0.005, -0.003125, -0.005625]",0,0,29.0,"[0, 0, 0, 0, 0, 0]",0.5478531767188631,42.360049599999996,-71.0932784,3,-41.379
1774901724.81727,"[0, 0, 0, 0, 0, 0]","[1291, 1500, 1400, 1400]","[-25.08, 0.0, -10.0, -10.0]","[-0.34246660546874996, 2.56811646875, 10.2035128671875]",0,8.012160301208496,0,31.226616592407225,"[16.54052734104, -1.55639648412, -8.6975097642]","[0, 0, 0]",0,3,0.0,0.0,0.008,0,0,0,4294967.295,3750000.896,0,56739,0,0.07172798365354538,0.4013790786266327,6.7791852951049805,0,state.FLIGHT,833,-24,0,-24,2.096841812133789,8,8,"[10.6, 0.5, 15.5, 10.6, 15.5, 17.0, 0, 0]","[3.655, 3.655, 3.654]",0.284,"[2.9952, 3.3088, 5.0032000000000005, 7.3664000000000005, 8.4672, 27.8256]","[0.036875, 0.5906250000000001, 0.00125, 0.0025, -0.000625, -0.001875]",0,0,29.0,"[0, 0, 0, 0, 0, 0]",0.4077376414247658,42.360049599999996,-71.0932784,3,-41.379
1774901724.8727953,"[0, 0, 0, 0, 0, 0]","[1291, 1500, 1600, 1600]","[-25.08, 0.0, 10.0, 10.0]","[-0.3600879296875, 2.55202743359375, 10.22573105859375]",0,11.881739616394043,0,31.20475685119629,"[40.71044921208, -8.63647460796, 9.55200195156]","[0, 0, 0]",0,3,0.0,0.0,0.008,0,0,0,4294967.295,3750000.896,0,56799,0,0.30925971269607544,0.5206225514411926,4.856438159942627,0,state.FLIGHT,834,-24,0,-24,2.1209733486175537,8,11,"[10.6, 0.5, 15.9, 10.6, 15.5, 17.6, 0, 0]","[3.655, 3.655, 3.654]",0.284,"[2.9952, 3.3088, 5.0032000000000005, 7.3664000000000005, 8.4672, 27.8256]","[0.036875, 0.5906250000000001, 0.00125, 0.0025, -0.000625, -0.001875]",0,0,29.0,"[0, 0, 0, 0, 0, 0]",0.6055466775582607,42.3600503,-71.09327859999999,3,-41.369
1774901724.934796,"[0, 0, 0, 0, 0, 0]","[1291, 1500, 1600, 1600]","[-25.08, 0.0, 10.0, 10.0]","[-0.34553118359374996, 2.5619873125, 10.21730346875]",0,16.515369415283203,0,31.222244644165038,"[42.78564452424, -4.3029785149199995, 1.55639648412]","[0, 0, 0]",0,3,0.0,0.0,0.014,0,0,0,4294967.295,3750000.896,0,56859,0,0.37236079573631287,0.5317196846008301,2.2191519737243652,0,state.FLIGHT,835,-24,0,-24,2.1465275287628174,14,16,"[10.8, 0.5, 17.6, 10.4, 15.9, 15.9, 0, 0]","[3.655, 3.655, 3.654]",0.284,"[2.9952, 3.3104, 5.0032000000000005, 7.3616, 8.441600000000001, 27.8272]","[0.031875, 0.600625, 0.000625, 0.0, -0.00375, 0.018125]",0,0,29.0,"[0, 0, 0, 0, 0, 0]",0.6491335800573631,42.3600503,-71.09327859999999,3,-41.369
1774901724.9943311,"[0, 0, 0, 0, 0, 0]","[1291, 1500, 1600, 1600]","[-25.08, 0.0, 10.0, 10.0]","[-0.3508941953125, 2.54896285546875, 10.214238890625]",0,21.922189712524414,0,31.230988540649413,"[21.6674804652, -5.82885742092, -6.46972656144]","[0, 0, 0]",0,3,0.0,0.0,0.014,0,0,0,4294967.295,3750000.896,0,56919,0,0.37729963660240173,0.5478692650794983,0.2967250347137451,0,state.FLIGHT,836,-24,0,-24,2.1720566749572754,14,21,"[10.8, 0.5, 15.9, 10.4, 16.5, 17.0, 0, 0]","[3.655, 3.655, 3.654]",0.284,"[2.9952, 3.3104, 5.0032000000000005, 7.3616, 8.441600000000001, 27.8272]","[0.031875, 0.600625, 0.000625, 0.0, -0.00375, 0.018125]",0,0,29.0,"[0, 0, 0, 0, 0, 0]",0.6652153099969289,42.360051899999995,-71.0932783,3,-41.152
1774901725.0468893,"[0, 0, 0, 0, 0, 0]","[1291, 1500, 1600, 1600]","[-25.08, 0.0, 10.0, 10.0]","[-0.35855564062499995, 2.546664421875, 10.22573105859375]",0,27.025209426879883,0,31.265964126586915,"[-5.61523437408, 0.82397460924, -8.6975097642]","[0, 0, 0]",0,3,0.0,0.0,0.023,0,0,0,4294967.295,3750000.896,0,56973,0,0.3643013834953308,0.5658095479011536,-0.0492701381444931,0,state.FLIGHT,837,-23,0,-24,2.1904215812683105,23,27,"[10.6, 0.5, 16.5, 10.8, 16.5, 17.0, 0, 0]","[3.655, 3.655, 3.654]",0.284,"[2.9968000000000004, 3.3104, 5.0032000000000005, 7.3664000000000005, 8.4656, 27.8288]","[0.040625, 0.560625, -0.000625, -0.000625, -0.001875, 0.01625]",0,0,29.0,"[0, 0, 0, 0, 0, 0]",0.6729425148694526,42.360051899999995,-71.0932783,3,-41.152
1774901725.1083882,"[0, 0, 0, 0, 0, 0]","[1291, 1500, 1400, 1400]","[-25.08, 0.0, -10.0, -10.0]","[-0.33174058203125, 2.54130141015625, 10.21806961328125]",0,33.87348175048828,0,31.252848281860352,"[-34.66796874432, -3.87573242124, 7.14111328008]","[0, 0, 0]",0,3,0.0,0.0,0.023,0,0,0,4294967.295,3750000.896,0,57033,0,0.4009411334991455,0.5621524453163147,1.3635119199752808,0,state.FLIGHT,838,-23,0,-24,2.2157411575317383,23,33,"[10.4, 0.5, 15.9, 10.6, 15.5, 17.6, 0, 0]","[3.655, 3.655, 3.654]",0.284,"[2.9968000000000004, 3.3104, 5.0032000000000005, 7.3664000000000005, 8.4656, 27.8288]","[0.040625, 0.560625, -0.000625, -0.000625, -0.001875, 0.01625]",0,0,29.0,"[0, 0, 0, 0, 0, 0]",0.6904809961184154,42.3600521,-71.0932785,3,-40.991
1774901725.1678987,"[0, 0, 0, 0, 0, 0]","[1291, 1500, 1400, 1400]","[-25.08, 0.0, -10.0, -10.0]","[-0.35166033984374995, 2.5719471914062497, 10.2127066015625]",0,41.52069854736328,0,31.252848281860352,"[-44.89135741452, -4.9133300773199995, 2.83813476516]","[0, 0, 0]",0,3,0.0,0.0,0.035,0,0,0,4294967.295,3750000.896,0,57093,0,0.6664282083511353,0.6768783330917358,3.9179790019989014,0,state.FLIGHT,839,-23,0,-24,2.240351676940918,35,41,"[10.4, 0.5, 15.5, 10.6, 15.9, 18.2, 0, 0]","[3.655, 3.655, 3.654]",0.284,"[2.9936000000000003, 3.3104, 5.0016, 7.368, 8.443200000000001, 27.8256]","[0.034375, 0.233125, -0.004375, -0.004375, -0.004375, 0.01375]",0,0,29.0,"[0, 0, 0, 0, 0, 0]",0.9498790306325732,42.3600523,-71.09327859999999,3,-40.832
1774901725.2263362,"[0, 0, 0, 0, 0, 0]","[1291, 1500, 1400, 1400]","[-25.08, 0.0, -10.0, -10.0]","[-0.334039015625, 2.57960863671875, 10.2249649140625]",0,49.975921630859375,0,31.23973243713379,"[-30.79223632308, -9.24682617036, 2.07519531216]","[0, 0, 0]",0,3,0.0,0.0,0.048,0,0,0,4294967.295,3750000.896,0,57153,0,0.7570484280586243,0.606694757938385,6.229487895965576,0,state.FLIGHT,840,-23,0,-24,2.2659687995910645,48,49,"[10.6, 0.5, 16.5, 10.6, 16.5, 16.5, 0, 0]","[3.655, 3.655, 3.654]",0.284,"[2.9936000000000003, 3.3104, 5.0016, 7.368, 8.443200000000001, 27.8256]","[0.034375, 0.233125, -0.004375, -0.004375, -0.004375, 0.01375]",0,0,29.0,"[0, 0, 0, 0, 0, 0]",0.9701440260277336,42.3600523,-71.09327859999999,3,-40.832
1774901725.282859,"[0, 0, 0, 0, 0, 0]","[1291, 1500, 1400, 1400]","[-25.08, 0.0, -10.0, -10.0]","[-0.3662170859375, 2.53823683203125, 10.219601902343749]",0,59.248138427734375,0,31.248476333618164,"[0.0, -7.2326660144399995, 8.63647460796]","[0, 0, 0]",0,3,0.0,0.0,0.048,0,0,0,4294967.295,3750000.896,0,57207,0,1.047587275505066,0.7952292561531067,6.868900775909424,0,state.FLIGHT,841,-23,0,-23,2.2896804809570312,48,59,"[10.6, 0.5, 16.5, 10.2, 15.5, 16.5, 0, 0]","[3.655, 3.655, 3.654]",0.284,"[2.9952, 3.3104, 5.0032000000000005, 7.364800000000001, 8.4656, 27.8256]","[0.031875, 0.201875, -0.00375, -0.001875, -0.001875, -0.0025]",0,0,29.0,"[0, 0, 0, 0, 0, 0]",1.315202721288479,42.3600527,-71.0932789,3,-40.824
1774901725.3408768,"[0, 0, 0, 0, 0, 0]","[1291, 1500, 1600, 1600]","[-25.08, 0.0, 10.0, 10.0]","[-0.34093431640625, 2.549729, 10.206577445312499]",0,69.34603881835938,0,31.248476333618164,"[30.79223632308, -1.12915039044, 13.82446288836]","[0, 0, 0]",0,3,0.0,0.0,0.065,0,0,0,4294967.295,3750000.896,0,57267,0,1.1809496879577637,1.0619168281555176,5.746754169464111,0,state.FLIGHT,842,-23,0,-23,2.3142356872558594,65,69,"[10.4, 0.5, 17.0, 10.6, 15.9, 15.9, 0, 0]","[3.655, 3.655, 3.654]",0.284,"[2.9952, 3.3104, 5.0032000000000005, 7.3616, 8.4528, 27.824]","[0.03375, 0.23125, -0.0025, -0.000625, 0.003125, -0.00375]",0,0,29.0,"[0, 0, 0, 0, 0, 0]",1.58812777111622,42.3600527,-71.0932789,3,-40.824
1774901725.4013777,"[0, 0, 0, 0, 0, 0]","[1291, 1500, 1600, 1600]","[-25.08, 0.0, 10.0, 10.0]","[-0.33940202734374997, 2.53976912109375, 10.228029492187499]",0,80.27855682373047,0,31.265964126586915,"[44.89135741452, -0.762939453, -6.103515624]","[0, 0, 0]",0,3,0.0,0.0,0.065,0,0,0,4294967.295,3750000.896,0,57327,0,1.3905906677246094,1.2554069757461548,3.294407367706299,0,state.FLIGHT,843,-23,0,-23,2.3387205600738525,65,80,"[10.6, 0.5, 16.5, 10.6, 15.5, 16.5, 0, 0]","[3.655, 3.655, 3.654]",0.284,"[2.9952, 3.3104, 5.0032000000000005, 7.3616, 8.4528, 27.824]","[0.03375, 0.23125, -0.0025, -0.000625, 0.003125, -0.00375]",0,0,29.0,"[0, 0, 0, 0, 0, 0]",1.8733605099501125,42.3600536,-71.0932789,3,-40.806
1774901725.460912,"[0, 0, 0, 0, 0, 0]","[1291, 1500, 1600, 1600]","[-25.08, 0.0, 10.0, 10.0]","[-0.35012805078125, 2.5604550234375, 10.209642023437498]",0,92.05455780029297,0,31.248476333618164,"[34.66796874432, 12.6647949198, 9.918212889]","[0, 0, 0]",0,3,0.0,0.0,0.084,0,0,0,4294967.295,3750000.896,0,57387,0,1.3787095546722412,1.1375981569290161,0.8419723510742188,0,state.FLIGHT,844,-22,0,-23,2.3640236854553223,84,92,"[10.2, 0.5, 16.5, 10.4, 16.5, 17.0, 0, 0]","[3.655, 3.655, 3.654]",0.284,"[2.9968000000000004, 3.3120000000000003, 5.0016, 7.3632, 8.4672, 27.8256]","[0.03375, 0.240625, -0.000625, -0.000625, 0.000625, 0.000625]",0,0,29.0,"[0, 0, 0, 0, 0, 0]",1.7873779138938588,42.360053799999996,-71.09327929999999,3,-40.876
1774901725.5209115,"[0, 0, 0, 0, 0, 0]","[1291, 1500, 1600, 1600]","[-25.08, 0.0, 10.0, 10.0]","[-0.3508941953125, 2.558922734375, 10.223432625]",0,102.5188980102539,0,31.244104385375977,"[11.16943359192, -5.2795410147599995, 2.83813476516]","[0, 0, 0]",0,3,0.0,0.0,0.102,0,0,0,4294967.295,3750000.896,0,57441,0,1.3679789304733276,1.291485071182251,-0.349509596824646,0,state.FLIGHT,845,-22,0,-23,2.386653423309326,102,102,"[10.4, 0.5, 16.5, 10.4, 15.9, 16.5, 0, 0]","[3.655, 3.655, 3.654]",0.284,"[2.9968000000000004, 3.3120000000000003, 5.0016, 7.3632, 8.4672, 27.8256]","[0.03375, 0.240625, -0.000625, -0.000625, 0.000625, 0.000625]",0,0,29.0,"[0, 0, 0, 0, 0, 0]",1.8812185106697625,42.360053799999996,-71.09327929999999,3,-40.876
1774901725.578495,"[0, 0, 0, 0, 0, 0]","[1291, 1500, 1400, 1400]","[-25.08, 0.0, -10.0, -10.0]","[-0.34399889453125, 2.5374706874999995, 10.20427901171875]",0,115.8656997680664,0,31.265964126586915,"[-21.6674804652, 8.33129882676, 16.81518554412]","[0, 0, 0]",0,3,0.0,0.0,0.102,0,0,0,4294967.295,3750000.896,0,57501,0,1.5108168125152588,1.2707160711288452,0.14425384998321533,0,state.FLIGHT,846,-22,0,-23,2.4140427112579346,102,115,"[10.4, 0.5, 16.5, 10.4, 15.5, 16.5, 0, 0]","[3.655, 3.655, 3.654]",0.284,"[2.9952, 3.3104, 5.0032000000000005, 7.364800000000001, 8.475200000000001, 27.8272]","[0.033125, 0.25375000000000003, -0.00375, -0.00375, -0.004375, 0.000625]",0,0,29.0,"[0, 0, 0, 0, 0, 0]",1.974059903191833,42.360053699999995,-71.09327979999999,3,-41.015
1774901725.6345005,"[0, 0, 0, 0, 0, 0]","[1291, 1500, 1400, 1400]","[-25.08, 0.0, -10.0, -10.0]","[-0.3447650390625, 2.5650518906249995, 10.2127066015625]",0,130.08311462402344,0,31.230988540649413,"[-42.78564452424, -0.94604492172, -4.97436523356]","[0, 0, 0]",0,3,0.0,0.0,0.125,0,0,0,4294967.295,3750000.896,0,57561,0,1.532196044921875,1.51487398147583,2.277989149093628,0,state.FLIGHT,847,-23,0,-23,2.440476894378662,125,130,"[10.8, 0.5, 16.5, 10.6, 15.9, 17.0, 0, 0]","[3.655, 3.655, 3.654]",0.284,"[2.9952, 3.3104, 5.0032000000000005, 7.364800000000001, 8.475200000000001, 27.8272]","[0.033125, 0.25375000000000003, -0.00375, -0.00375, -0.004375, 0.000625]",0,0,29.0,"[0, 0, 0, 0, 0, 0]",2.154511734288347,42.360053699999995,-71.09327979999999,3,-41.015
1774901725.694483,"[0, 0, 0, 0, 0, 0]","[1291, 1500, 1400, 1400]","[-25.08, 0.0, -10.0, -10.0]","[-0.34246660546874996, 2.5481967109375, 10.224198769531249]",0,145.17572021484375,0,31.244104385375977,"[-40.71044921208, -1.31225585916, 12.90893554476]","[0, 0, 0]",0,3,0.0,0.0,0.125,0,0,0,4294967.295,3750000.896,0,57621,0,1.7180746793746948,1.5649255514144897,4.894609451293945,0,state.FLIGHT,848,-23,0,-23,2.3017208576202393,125,145,"[10.6, 0.5, 15.9, 10.4, 15.5, 16.5, 0, 0]","[3.655, 3.655, 3.654]",0.284,"[2.992, 3.3104, 5.0016, 7.3616, 8.4288, 27.820800000000002]","[0.035625000000000004, 0.599375, -0.000625, -0.000625, -0.000625, 0.0175]",0,0,29.0,"[0, 0, 0, 0, 0, 0]",2.3237982894178835,42.3600529,-71.0932807,3,-41.05
1774901725.7539835,"[0, 0, 0, 0, 0, 0]","[1291, 1500, 1400, 1400]","[-25.08, 0.0, -10.0, -10.0]","[-0.36698323046875, 2.5458982773437495, 10.2188357578125]",0,161.06976318359375,0,31.244104385375977,"[-16.54052734104, -8.27026367052, 11.96289062304]","[0, 0, 0]",0,3,0.0,0.0,0.153,0,0,0,4294967.295,3750000.896,0,57675,0,1.8163344860076904,1.6290382146835327,6.33636474609375,0,state.FLIGHT,849,-23,0,-24,1.9791302680969238,153,161,"[10.6, 0.5, 17.0, 10.6, 15.5, 17.0, 0, 0]","[3.655, 3.655, 3.654]",0.284,"[2.992, 3.3104, 5.0016, 7.3616, 8.4288, 27.820800000000002]","[0.035625000000000004, 0.599375, -0.000625, -0.000625, -0.000625, 0.0175]",0,0,29.0,"[0, 0, 0, 0, 0, 0]",2.4396613271745515,42.3600527,-71.09328099999999,3,-40.997
1774901725.808987,"[0, 0, 0, 0, 0, 0]","[1291, 1500, 1400, 1400]","[-25.08, 0.0, -10.0, -10.0]","[-0.35012805078125, 2.5374706874999995, 10.22956178125]",0,177.67825317382812,0,31.252848281860352,"[16.54052734104, -6.6223144520399995, -1.0681152342]","[0, 0, 0]",0,3,0.0,0.0,0.153,0,0,0,4294967.295,3750000.896,0,57735,0,1.8397948741912842,2.026477813720703,6.170882701873779,0,state.FLIGHT,850,-23,0,-23,1.9427571296691895,153,177,"[11.1, 0.5, 17.0, 10.4, 15.9, 17.0, 0, 0]","[3.655, 3.655, 3.654]",0.284,"[2.9952, 3.3120000000000003, 5.0032000000000005, 7.3616, 8.4512, 27.812800000000003]","[0.036875, 0.62125, 0.000625, 0.004375, 0.0, 0.02375]",0,0,29.0,"[0, 0, 0, 0, 0, 0]",2.7367948178035086,42.3600527,-71.09328099999999,3,-40.997
1774901725.8685188,"[0, 0, 0, 0, 0, 0]","[1291, 1500, 1600, 1600]","[-25.08, 0.0, 10.0, 10.0]","[-0.3447650390625, 2.52751080859375, 10.228029492187499]",0,194.9842987060547,0,31.230988540649413,"[40.71044921208, 5.7678222646799995, 2.83813476516]","[0, 0, 0]",0,3,0.0,0.0,0.18,0,0,0,4294967.295,3750000.896,0,57795,0,1.792197346687317,1.9581036567687988,4.248433589935303,0,state.FLIGHT,851,-23,0,-23,1.9152333736419678,180,194,"[10.6, 0.5, 15.9, 10.6, 15.5, 17.0, 0, 0]","[3.655, 3.655, 3.654]",0.284,"[2.9952, 3.3120000000000003, 5.0032000000000005, 7.3616, 8.4512, 27.812800000000003]","[0.036875, 0.62125, 0.000625, 0.004375, 0.0, 0.02375]",0,0,29.0,"[0, 0, 0, 0, 0, 0]",2.6542212797576217,42.360052599999996,-71.09328119999999,3,-40.851
1774901725.9295204,"[0, 0, 0, 0, 0, 0]","[1291, 1500, 1600, 1600]","[-25.08, 0.0, 10.0, 10.0]","[-0.35012805078125, 2.5581565898437497, 10.162141062499998]",0,212.97811889648438,0,31.252848281860352,"[42.78564452424, -5.46264648348, -2.19726562464]","[0, 0, 0]",0,3,0.0,0.0,0.209,0,0,0,4294967.295,3750000.896,0,57855,0,1.5840808153152466,1.9104974269866943,1.611018180847168,0,state.FLIGHT,852,-23,0,-23,1.8893507719039917,209,212,"[10.6, 0.5, 17.0, 10.6, 15.9, 17.0, 0, 0]","[3.655, 3.655, 3.654]",0.284,"[2.9952, 3.3104, 5.0032000000000005, 7.3616, 8.456000000000001, 27.8256]","[0.034375, 0.213125, -0.003125, -0.0025, 0.001875, -0.003125]",0,0,29.0,"[0, 0, 0, 0, 0, 0]",2.4816088200365276,42.360052599999996,-71.09328119999999,3,-40.851
1774901725.9836893,"[0, 0, 0, 0, 0, 0]","[1291, 1500, 1600, 1600]","[-25.08, 0.0, 10.0, 10.0]","[-0.3662170859375, 2.5405352656249995, 10.1912545546875]",0,228.49191284179688,0,31.261592178344728,"[26.42822265192, -4.1198730462, 5.82885742092]","[0, 0, 0]",0,3,0.0,0.0,0.209,0,0,0,4294967.295,3750000.896,0,57909,0,1.6630898714065552,2.040975332260132,-0.25932547450065613,0,state.FLIGHT,853,-23,0,-23,1.8657509088516235,209,228,"[10.6, 0.5, 16.5, 10.8, 16.5, 15.9, 0, 0]","[3.655, 3.655, 3.654]",0.284,"[2.9952, 3.3104, 5.0032000000000005, 7.3616, 8.456000000000001, 27.8256]","[0.034375, 0.213125, -0.003125, -0.0025, 0.001875, -0.003125]",0,0,29.0,"[0, 0, 0, 0, 0, 0]",2.632542152555767,42.360052499999995,-71.0932814,3,-40.665
1774901726.0437014,"[0, 0, 0, 0, 0, 0]","[1291, 1500, 1600, 1600]","[-25.08, 0.0, 10.0, 10.0]","[-0.33786973828125, 2.55202743359375, 10.22726334765625]",0,247.72256469726562,0,31.261592178344728,"[-5.61523437408, -4.85229492108, -2.92968749952]","[0, 0, 0]",0,3,0.0,0.0,0.238,0,0,0,4294967.295,3750000.896,0,57969,0,1.6679953336715698,2.1149237155914307,-0.7533601522445679,0,state.FLIGHT,854,-23,0,-23,1.8352115154266357,238,247,"[10.8, 0.5, 17.0, 10.4, 16.5, 17.0, 0, 0]","[3.655, 3.655, 3.654]",0.284,"[2.9968000000000004, 3.3104, 5.0032000000000005, 7.3616, 8.4464, 27.8256]","[0.029375000000000002, 0.251875, -0.001875, 0.000625, -0.0025, -0.00625]",0,0,29.0,"[0, 0, 0, 0, 0, 0]",2.6932966715883597,42.360052499999995,-71.0932814,3,-40.665
1774901726.1027346,"[0, 0, 0, 0, 0, 0]","[1291, 1500, 1400, 1400]","[-25.08, 0.0, -10.0, -10.0]","[-0.34093431640625, 2.54896285546875, 10.1973837109375]",0,267.6134338378906,0,31.25722023010254,"[-34.66796874432, 7.7209472643599995, 3.41796874944]","[0, 0, 0]",0,3,0.0,0.0,0.238,0,0,0,4294967.295,3750000.896,0,58029,0,1.6784310340881348,2.226447105407715,0.6591024398803711,0,state.FLIGHT,855,-23,0,-23,1.8098208904266357,238,267,"[10.6, 0.5, 16.5, 10.4, 15.5, 15.9, 0, 0]","[3.655, 3.655, 3.654]",0.284,"[2.9952, 3.3120000000000003, 5.0016, 7.364800000000001, 8.4544, 27.8272]","[0.03, 0.225, -0.00125, -0.000625, -0.0025, -0.000625]",0,0,29.0,"[0, 0, 0, 0, 0, 0]",2.787970455612087,42.3600522,-71.0932816,3,-40.465
1774901726.1632485,"[0, 0, 0, 0, 0, 0]","[1291, 1500, 1400, 1400]","[-25.08, 0.0, -10.0, -10.0]","[-0.36698323046875, 2.53134153125, 10.24258623828125]",0,288.1545104980469,0,31.230988540649413,"[-44.89135741452, -9.0026855454, -5.92041015528]","[0, 0, 0]",0,3,0.0,0.0,0.27,0,0,0,4294967.295,3750000.896,0,58089,0,1.9404972791671753,2.3057777881622314,3.2136752605438232,0,state.FLIGHT,856,-23,0,-23,1.7786436080932617,270,288,"[10.8, 0.5, 16.5, 10.4, 15.9, 16.5, 0, 0]","[3.655, 3.655, 3.654]",0.284,"[2.9952, 3.3120000000000003, 5.0016, 7.364800000000001, 8.4544, 27.8272]","[0.03, 0.225, -0.00125, -0.000625, -0.0025, -0.000625]",0,0,29.0,"[0, 0, 0, 0, 0, 0]",3.0133217094778533,42.3600521,-71.0932818,3,-40.346
1774901726.2178779,"[0, 0, 0, 0, 0, 0]","[1291, 1500, 1400, 1400]","[-25.08, 0.0, -10.0, -10.0]","[-0.33786973828125, 2.59186694921875, 10.224198769531249]",0,305.7610778808594,0,31.23973243713379,"[-34.66796874432, -2.8991699214, 6.19506835836]","[0, 0, 0]",0,3,0.0,0.0,0.305,0,0,0,4294967.295,3750000.896,0,58143,0,2.034850835800171,2.2212772369384766,5.3946332931518555,0,state.FLIGHT,857,-22,0,-23,1.7572506666183472,305,305,"[10.8, 0.5, 15.9, 10.4, 15.9, 16.5, 0, 0]","[3.655, 3.655, 3.654]",0.284,"[2.9936000000000003, 3.3104, 5.0016, 7.364800000000001, 8.427200000000001, 27.832]","[0.036875, 0.2525, -0.0025, -0.004375, -0.00125, -0.00375]",0,0,29.0,"[0, 0, 0, 0, 0, 0]",3.0120782940148887,42.3600521,-71.0932818,3,-40.346
1774901726.277401,"[0, 0, 0, 0, 0, 0]","[1291, 1500, 1400, 1400]","[-25.08, 0.0, -10.0, -10.0]","[-0.37387853125, 2.546664421875, 10.279361175781249]",0,327.4670715332031,0,31.261592178344728,"[-5.61523437408, 6.5612792958, 8.42285156112]","[0, 0, 0]",0,3,0.0,0.0,0.305,0,0,0,4294967.295,3750000.896,0,58203,0,2.10506010055542,2.1950104236602783,6.516785621643066,0,state.FLIGHT,858,-22,0,-23,1.7363699674606323,305,327,"[10.4, 0.5, 17.0, 10.8, 15.5, 17.0, 0, 0]","[3.655, 3.655, 3.654]",0.284,"[2.9936000000000003, 3.3104, 5.0016, 7.364800000000001, 8.427200000000001, 27.832]","[0.036875, 0.2525, -0.0025, -0.004375, -0.00125, -0.00375]",0,0,29.0,"[0, 0, 0, 0, 0, 0]",3.040917706491615,42.3600515,-71.0932825,3,-40.236
1774901726.339417,"[0, 0, 0, 0, 0, 0]","[1291, 1500, 1400, 1400]","[-25.08, 0.0, -10.0, -10.0]","[-0.3309744375, 2.53517225390625, 10.21347274609375]",0,349.7969970703125,0,31.248476333618164,"[26.42822265192, -3.14331054636, 13.2751464822]","[0, 0, 0]",0,3,0.0,0.0,0.342,0,0,0,4294967.295,3750000.896,0,58263,0,2.5882179737091064,2.32260799407959,5.702582359313965,0,state.FLIGHT,859,-23,0,-23,1.7170541286468506,342,349,"[10.4, 0.5, 17.0, 10.4, 15.9, 17.6, 0, 0]","[3.655, 3.655, 3.654]",0.284,"[2.9952, 3.3136, 5.0064, 7.3664000000000005, 8.4384, 27.8256]","[0.038125, 0.3325, 0.000625, -0.005, 0.001875, -0.0025]",0,0,29.0,"[0, 0, 0, 0, 0, 0]",3.47702601951927,42.3600515,-71.0932825,3,-40.236
1774901726.4009304,"[0, 0, 0, 0, 0, 0]","[1291, 1500, 1600, 1600]","[-25.08, 0.0, 10.0, 10.0]","[-0.30492552343749996, 2.56428574609375, 10.207343589843749]",0,372.74383544921875,0,31.261592178344728,"[44.189453117759996, -6.68334960828, -4.82177734296]","[0, 0, 0]",0,3,0.0,0.0,0.342,0,0,0,4294967.295,3750000.896,0,58323,0,2.6431751251220703,2.499605894088745,3.3912250995635986,0,state.FLIGHT,860,-23,0,-23,1.7008748054504395,342,372,"[10.6, 0.5, 15.9, 10.6, 15.9, 16.5, 0, 0]","[3.655, 3.655, 3.654]",0.284,"[2.9952, 3.3136, 5.0064, 7.3664000000000005, 8.4384, 27.8256]","[0.038125, 0.3325, 0.000625, -0.005, 0.001875, -0.0025]",0,0,29.0,"[0, 0, 0, 0, 0, 0]",3.637302693458846,42.360051399999996,-71.0932826,3,-40.226
1774901726.4509451,"[0, 0, 0, 0, 0, 0]","[1291, 1500, 1600, 1600]","[-25.08, 0.0, 10.0, 10.0]","[-0.3478296171875, 2.53976912109375, 10.22266648046875]",0,396.3021240234375,0,31.252848281860352,"[37.9943847594, -3.69262695252, 1.15966796856]","[0, 0, 0]",0,3,0.0,0.0,0.38,0,0,0,4294967.295,3750000.896,0,58377,0,2.790808916091919,2.546029806137085,1.10552978515625,0,state.FLIGHT,861,-23,0,-24,1.6850645542144775,380,396,"[10.4, 0.5, 17.0, 10.6, 15.9, 17.0, 0, 0]","[3.655, 3.655, 3.654]",0.284,"[2.9968000000000004, 3.3136, 5.0048, 7.364800000000001, 8.4448, 27.8288]","[0.039375, 0.583125, 0.001875, -0.00125, -0.004375, 0.013125]",0,0,29.0,"[0, 0, 0, 0, 0, 0]",3.777003335691399,42.360051399999996,-71.0932826,3,-40.226
1774901726.5134673,"[0, 0, 0, 0, 0, 0]","[1291, 1500, 1600, 1600]","[-25.08, 0.0, 10.0, 10.0]","[-0.34170046093749995, 2.56735032421875, 10.21806961328125]",0,420.4654541015625,0,31.244104385375977,"[11.16943359192, -1.73950195284, 9.88769531088]","[0, 0, 0]",0,3,0.0,0.0,0.38,0,0,0,4294967.295,3750000.896,0,58437,0,3.0059707164764404,2.6919004917144775,-0.3071092963218689,0,state.FLIGHT,862,-23,0,-24,1.6674654483795166,380,420,"[10.4, 0.5, 15.5, 10.8, 15.9, 16.5, 0, 0]","[3.655, 3.655, 3.654]",0.284,"[2.9968000000000004, 3.3136, 5.0048, 7.364800000000001, 8.4448, 27.8288]","[0.039375, 0.583125, 0.001875, -0.00125, -0.004375, 0.013125]",0,0,29.0,"[0, 0, 0, 0, 0, 0]",4.034295173700903,42.3600511,-71.0932828,3,-40.325
1774901726.5733063,"[0, 0, 0, 0, 0, 0]","[1291, 1500, 1400, 1400]","[-25.08, 0.0, -10.0, -10.0]","[-0.34016817187500004, 2.5443659882812497, 10.20887587890625]",0,445.204833984375,0,31.23973243713379,"[-21.6674804652, -11.56616210748, -4.24194335868]","[0, 0, 0]",0,3,0.0,0.0,0.424,0,0,0,4294967.295,3750000.896,0,58497,0,2.878096342086792,2.8841607570648193,0.18664827942848206,0,state.FLIGHT,863,-23,0,-24,1.3080360889434814,424,445,"[10.8, 0.5, 17.0, 10.2, 15.9, 15.9, 0, 0]","[3.655, 3.655, 3.654]",0.284,"[2.9936000000000003, 3.3136, 5.0032000000000005, 7.3664000000000005, 8.4672, 27.8256]","[0.04, 0.6062500000000001, 0.0, -0.00375, -0.003125, 0.01875]",0,0,29.0,"[0, 0, 0, 0, 0, 0]",4.07367437729629,42.3600515,-71.09328289999999,3,-40.249
1774901726.631309,"[0, 0, 0, 0, 0, 0]","[1291, 1500, 1400, 1400]","[-25.08, 0.0, -10.0, -10.0]","[-0.3662170859375, 2.5512612890624995, 10.22956178125]",0,470.3236999511719,0,31.244104385375977,"[-42.78564452424, 3.2043457026, -0.88500976548]","[0, 0, 0]",0,3,0.0,0.0,0.466,0,0,0,4294967.295,3750000.896,0,58557,0,2.761528491973877,2.7578248977661133,2.3204641342163086,0,state.FLIGHT,864,-23,0,-24,-0.4556120038032532,466,470,"[10.6, 0.5, 16.5, 10.6, 15.5, 16.5, 0, 0]","[3.655, 3.655, 3.654]",0.284,"[2.9936000000000003, 3.3136, 5.0032000000000005, 7.3664000000000005, 8.4672, 27.8256]","[0.04, 0.6062500000000001, 0.0, -0.00375, -0.003125, 0.01875]",0,0,29.0,"[0, 0, 0, 0, 0, 0]",3.902018276060273,42.3600515,-71.09328289999999,3,-40.249
1774901726.6878462,"[0, 0, 0, 0, 0, 0]","[1291, 1500, 1400, 1400]","[-25.08, 0.0, -10.0, -10.0]","[-0.33020829296874993, 2.55355972265625, 10.221134191406248]",0,491.1768493652344,0,31.244104385375977,"[-42.78564452424, -4.6691894523599995, -6.65283203016]","[0, 0, 0]",0,3,0.0,0.0,0.466,0,0,0,4294967.295,3750000.896,0,58611,0,3.0963659286499023,2.563779354095459,4.706267833709717,0,state.FLIGHT,865,-23,0,-24,-0.4519331753253937,466,491,"[10.2, 0.5, 16.5, 10.6, 15.5, 16.5, 0, 0]","[3.655, 3.655, 3.654]",0.284,"[2.9952, 3.3104, 5.0048, 7.3664000000000005, 8.4464, 27.8256]","[0.031875, 0.255625, -0.004375, 0.0, -0.005, 0.000625]",0,0,29.0,"[0, 0, 0, 0, 0, 0]",4.01920957762121,42.360051999999996,-71.093283,3,-40.092
1774901726.7449708,"[0, 0, 0, 0, 0, 0]","[1291, 1500, 1400, 1400]","[-25.08, 0.0, -10.0, -10.0]","[-0.35166033984374995, 2.55202743359375, 10.202746722656249]",0,516.0515747070312,0,31.2353604888916,"[-21.6674804652, 7.90405273308, 6.5612792958]","[0, 0, 0]",0,3,0.0,0.0,0.503,0,0,0,4294967.295,3750000.896,0,58671,0,2.9669244289398193,2.4789633750915527,6.628917217254639,0,state.FLIGHT,866,-23,0,-24,-0.44729316234588623,503,516,"[10.8, 0.5, 17.0, 10.6, 16.5, 17.0, 0, 0]","[3.655, 3.655, 3.654]",0.284,"[2.9952, 3.3104, 5.0048, 7.3664000000000005, 8.4464, 27.8256]","[0.031875, 0.255625, -0.004375, 0.0, -0.005, 0.000625]",0,0,29.0,"[0, 0, 0, 0, 0, 0]",3.865540790716969,42.360051999999996,-71.093283,3,-40.092
1774901726.8044915,"[0, 0, 0, 0, 0, 0]","[1291, 1500, 1400, 1400]","[-25.08, 0.0, -10.0, -10.0]","[-0.34399889453125, 2.55202743359375, 10.2310940703125]",0,540.7656860351562,0,31.244104385375977,"[11.16943359192, -2.34985351524, 1.34277343728]","[0, 0, 0]",0,3,0.0,0.0,0.503,0,0,0,4294967.295,3750000.896,0,58731,0,2.9531824588775635,2.364234447479248,6.794300079345703,0,state.FLIGHT,867,-23,0,-24,-0.44260063767433167,503,540,"[11.1, 0.5, 17.6, 10.4, 15.9, 15.9, 0, 0]","[3.655, 3.655, 3.654]",0.284,"[2.9952, 3.3120000000000003, 5.0048, 7.364800000000001, 8.4384, 27.8272]","[0.035625000000000004, 0.181875, -0.0025, 0.000625, 0.0, -0.00375]",0,0,29.0,"[0, 0, 0, 0, 0, 0]",3.782319372334775,42.3600515,-71.0932832,3,-40.065
1774901726.8660166,"[0, 0, 0, 0, 0, 0]","[1291, 1500, 1600, 1600]","[-25.08, 0.0, 10.0, 10.0]","[-0.34553118359374996, 2.5727133359375, 10.2188357578125]",0,565.3206787109375,0,31.244104385375977,"[37.9943847594, 5.58471679596, 9.0026855454]","[0, 0, 0]",0,3,0.0,0.0,0.544,0,0,0,4294967.295,3750000.896,0,58791,0,3.3492820262908936,2.3276002407073975,5.113438129425049,0,state.FLIGHT,868,-23,0,-24,-0.4382273256778717,544,565,"[10.8, 0.5, 16.5, 10.8, 15.5, 17.0, 0, 0]","[3.655, 3.655, 3.654]",0.284,"[2.9968000000000004, 3.3088, 5.0016, 7.3664000000000005, 8.443200000000001, 27.8272]","[0.036875, 0.22062500000000002, -0.004375, -0.00125, -0.001875, -0.00125]",0,0,29.0,"[0, 0, 0, 0, 0, 0]",4.077896505980039,42.3600505,-71.0932831,3,-39.935
1774901726.9200215,"[0, 0, 0, 0, 0, 0]","[1291, 1500, 1600, 1600]","[-25.08, 0.0, 10.0, 10.0]","[-0.34323275000000003, 2.5374706874999995, 10.215005035156251]",0,589.7180786132812,0,31.252848281860352,"[44.189453117759996, -7.5988769518799995, -2.38037109336]","[0, 0, 0]",0,3,0.0,0.0,0.589,0,0,0,4294967.295,3750000.896,0,58845,0,3.327157497406006,2.475294351577759,2.7335472106933594,0,state.FLIGHT,869,-23,0,-24,-0.434082955121994,589,589,"[10.6, 0.5, 15.9, 10.6, 15.9, 17.0, 0, 0]","[3.655, 3.655, 3.654]",0.284,"[2.9968000000000004, 3.3088, 5.0016, 7.3664000000000005, 8.443200000000001, 27.8272]","[0.036875, 0.22062500000000002, -0.004375, -0.00125, -0.001875, -0.00125]",0,0,29.0,"[0, 0, 0, 0, 0, 0]",4.146102950199026,42.3600505,-71.0932831,3,-39.935
1774901726.9795527,"[0, 0, 0, 0, 0, 0]","[1291, 1500, 1600, 1600]","[-25.08, 0.0, 10.0, 10.0]","[-0.3539587734375, 2.56888261328125, 10.19202069921875]",0,613.959716796875,0,31.252848281860352,"[26.42822265192, 1.00708007796, 8.63647460796]","[0, 0, 0]",0,3,0.0,0.0,0.589,0,0,0,4294967.295,3750000.896,0,58905,0,3.676891803741455,2.491161823272705,0.5997889637947083,0,state.FLIGHT,870,-23,0,-23,-0.43001461029052734,589,613,"[10.6, 0.5, 17.0, 10.2, 15.9, 16.5, 0, 0]","[3.655, 3.655, 3.654]",0.284,"[2.9968000000000004, 3.3136, 5.0032000000000005, 7.3664000000000005, 8.4512, 27.832]","[0.035625000000000004, 0.2475, -0.00625, -0.003125, 0.000625, 0.00125]",0,0,29.0,"[0, 0, 0, 0, 0, 0]",4.440371375055571,42.36005,-71.0932837,3,-39.68
1774901727.0395586,"[0, 0, 0, 0, 0, 0]","[1291, 1500, 1470, 1470]","[-25.08, 0.0, -3.0, -3.0]","[-0.32944214843749997, 2.53823683203125, 10.207343589843749]",0,638.0465087890625,0,31.252848281860352,"[-5.61523437408, -4.48608398364, -8.6975097642]","[0, 0, 0]",0,3,0.0,0.0,0.63,0,0,0,4294967.295,3750000.896,0,58965,0,3.5920639038085938,2.823819637298584,0.1059766560792923,0,state.FLIGHT,871,-23,0,-24,-0.42588329315185547,630,638,"[10.4, 0.5, 17.0, 10.6, 15.5, 17.0, 0, 0]","[3.655, 3.655, 3.654]",0.284,"[2.9968000000000004, 3.3136, 5.0032000000000005, 7.3664000000000005, 8.4512, 27.832]","[0.035625000000000004, 0.2475, -0.00625, -0.003125, 0.000625, 0.00125]",0,0,29.0,"[0, 0, 0, 0, 0, 0]",4.567978645946555,42.36005,-71.0932837,3,-39.68
1774901727.1013038,"[0, 0, 0, 0, 0, 0]","[1291, 1500, 1400, 1400]","[-25.08, 0.0, -10.0, -10.0]","[-0.376943109375, 2.5650518906249995, 10.20581130078125]",0,661.9802856445312,0,31.23973243713379,"[-34.66796874432, 5.4016113272399995, -3.29589843696]","[0, 0, 0]",0,3,0.0,0.0,0.63,0,0,0,4294967.295,3750000.896,0,59025,0,3.52644681930542,2.868974447250366,1.5186594724655151,0,state.FLIGHT,872,-23,0,-24,-0.4218273162841797,630,661,"[10.4, 0.5, 15.9, 11.1, 16.5, 17.6, 0, 0]","[3.655, 3.655, 3.654]",0.284,"[2.9984, 3.3120000000000003, 5.0032000000000005, 7.3632, 8.441600000000001, 27.8272]","[0.03375, 0.62, -0.000625, 0.0025, 0.0025, 0.0125]",0,0,29.0,"[0, 0, 0, 0, 0, 0]",4.544936049423364,42.360049599999996,-71.0932844,3,-39.49
1774901727.1578336,"[0, 0, 0, 0, 0, 0]","[1291, 1500, 1400, 1400]","[-25.08, 0.0, -10.0, -10.0]","[-0.36315250781249997, 2.53823683203125, 10.17516551953125]",0,681.809326171875,0,31.230988540649413,"[-44.89135741452, -13.33618163844, -18.03588866892]","[0, 0, 0]",0,3,0.0,0.0,0.665,0,0,0,4294967.295,3750000.896,0,59079,0,3.101547956466675,3.1054391860961914,3.7754948139190674,0,state.FLIGHT,873,-23,0,-24,-0.41917023062705994,665,681,"[10.4, 0.5, 16.5, 10.8, 15.5, 17.0, 0, 0]","[3.655, 3.655, 3.654]",0.284,"[2.9984, 3.3120000000000003, 5.0032000000000005, 7.3632, 8.441600000000001, 27.8272]","[0.03375, 0.62, -0.000625, 0.0025, 0.0025, 0.0125]",0,0,29.0,"[0, 0, 0, 0, 0, 0]",4.38792990958069,42.3600493,-71.0932857,3,-39.298
1774901727.219535,"[0, 0, 0, 0, 0, 0]","[1291, 1500, 1400, 1400]","[-25.08, 0.0, -10.0, -10.0]","[-0.33327287109375, 2.5650518906249995, 10.2402878046875]",0,705.466064453125,0,31.244104385375977,"[-34.66796874432, 6.92749023324, -2.7465820308]","[0, 0, 0]",0,3,0.0,0.0,0.705,0,0,0,4294967.295,3750000.896,0,59139,0,3.2625536918640137,3.2022430896759033,6.227804660797119,0,state.FLIGHT,874,-23,0,-24,-0.41532713174819946,705,705,"[10.2, 0.5, 15.9, 11.1, 15.9, 16.5, 0, 0]","[3.655, 3.655, 3.654]",0.284,"[2.9952, 3.3120000000000003, 5.0048, 7.3616, 8.4624, 27.8256]","[0.035, 0.61375, 0.00375, -0.00375, -0.00375, 0.018125]",0,0,29.0,"[0, 0, 0, 0, 0, 0]",4.570287703419756,42.3600493,-71.0932857,3,-39.298
1774901727.2770698,"[0, 0, 0, 0, 0, 0]","[1291, 1500, 1400, 1400]","[-25.08, 0.0, -10.0, -10.0]","[-0.33020829296874993, 2.5481967109375, 10.2310940703125]",0,728.9740600585938,0,31.265964126586915,"[-5.61523437408, -2.10571289028, 0.06103515624]","[0, 0, 0]",0,3,0.0,0.0,0.705,0,0,0,4294967.295,3750000.896,0,59199,0,3.002984046936035,3.1638715267181396,7.349698543548584,0,state.FLIGHT,875,-23,0,-24,-0.41147705912590027,705,728,"[10.6, 0.5, 15.9, 10.6, 16.5, 17.0, 0, 0]","[3.655, 3.655, 3.654]",0.284,"[2.9952, 3.3120000000000003, 5.0048, 7.3616, 8.4624, 27.8256]","[0.035, 0.61375, 0.00375, -0.00375, -0.00375, 0.018125]",0,0,29.0,"[0, 0, 0, 0, 0, 0]",4.361057983747919,42.3600488,-71.0932864,3,-39.32
1774901727.3390703,"[0, 0, 0, 0, 0, 0]","[1291, 1500, 1400, 1400]","[-25.08, 0.0, -10.0, -10.0]","[-0.33020829296874993, 2.5773102031249997, 10.209642023437498]",0,752.3341674804688,0,31.252848281860352,"[26.42822265192, 0.82397460924, 14.221191403919999]","[0, 0, 0]",0,3,0.0,0.0,0.744,0,0,0,4294967.295,3750000.896,0,59259,0,3.2852540016174316,3.2218830585479736,6.5353007316589355,0,state.FLIGHT,876,-23,0,-24,-0.4076548218727112,744,752,"[10.6, 0.5, 17.0, 10.4, 17.0, 16.5, 0, 0]","[3.655, 3.655, 3.654]",0.284,"[2.9984, 3.3104, 5.0032000000000005, 7.3632, 8.443200000000001, 27.8272]","[0.035625000000000004, 0.615625, 0.000625, 0.000625, -0.01, 0.0225]",0,0,29.0,"[0, 0, 0, 0, 0, 0]",4.600222100205145,42.3600488,-71.0932864,3,-39.32
1774901727.3915951,"[0, 0, 0, 0, 0, 0]","[1291, 1500, 1600, 1600]","[-25.08, 0.0, 10.0, 10.0]","[-0.34399889453125, 2.5321076757812495, 10.216537324218748]",0,771.6889038085938,0,31.261592178344728,"[42.78564452424, 6.5612792958, 5.6457519521999995]","[0, 0, 0]",0,3,0.0,0.0,0.744,0,0,0,4294967.295,3750000.896,0,59313,0,3.3767008781433105,3.1661181449890137,4.545160293579102,0,state.FLIGHT,877,-23,0,-23,-0.4039207696914673,744,771,"[11.1, 0.5, 16.5, 10.8, 16.5, 16.5, 0, 0]","[3.655, 3.655, 3.654]",0.284,"[2.9984, 3.3104, 5.0032000000000005, 7.3632, 8.443200000000001, 27.8272]","[0.035625000000000004, 0.615625, 0.000625, 0.000625, -0.01, 0.0225]",0,0,29.0,"[0, 0, 0, 0, 0, 0]",4.627613006396958,42.3600481,-71.09328719999999,3,-39.428
1774901727.4526105,"[0, 0, 0, 0, 0, 0]","[1291, 1500, 1600, 1600]","[-25.08, 0.0, 10.0, 10.0]","[-0.34859576171874995, 2.55049514453125, 10.207343589843749]",0,794.78173828125,0,31.222244644165038,"[40.71044921208, 4.1809082024399995, -16.14379882548]","[0, 0, 0]",0,3,0.0,0.0,0.783,0,0,0,4294967.295,3750000.896,0,59373,0,3.379680871963501,3.3071212768554688,1.9285845756530762,0,state.FLIGHT,878,-23,0,-23,-0.4002147316932678,783,794,"[10.4, 0.5, 17.0, 10.2, 15.9, 17.6, 0, 0]","[3.655, 3.655, 3.654]",0.284,"[2.9968000000000004, 3.3104, 5.0016, 7.36, 8.441600000000001, 27.8256]","[0.0375, 0.23625000000000002, 0.000625, -0.003125, -0.00375, -0.00625]",0,0,29.0,"[0, 0, 0, 0, 0, 0]",4.727219408165409,42.3600481,-71.09328719999999,3,-39.428
1774901727.50713,"[0, 0, 0, 0, 0, 0]","[1291, 1500, 1600, 1600]","[-25.08, 0.0, 10.0, 10.0]","[-0.3662170859375, 2.56275345703125, 10.20887587890625]",0,817.730712890625,0,31.244104385375977,"[16.54052734104, 1.43432617164, -6.1340332021199995]","[0, 0, 0]",0,3,0.0,0.0,0.783,0,0,0,4294967.295,3750000.896,0,59433,0,3.0805842876434326,3.4029700756073,0.24763554334640503,0,state.FLIGHT,879,-23,0,-23,-0.3965197503566742,783,817,"[10.6, 0.5, 15.9, 10.2, 15.9, 16.5, 0, 0]","[3.655, 3.655, 3.654]",0.284,"[2.9968000000000004, 3.3120000000000003, 5.0032000000000005, 7.364800000000001, 8.4608, 27.8272]","[0.030625, 0.205625, -0.004375, -0.00375, -0.004375, -0.000625]",0,0,29.0,"[0, 0, 0, 0, 0, 0]",4.58901311330831,42.3600485,-71.0932874,3,-39.466
1774901727.5671868,"[0, 0, 0, 0, 0, 0]","[1291, 1500, 1400, 1400]","[-25.08, 0.0, -10.0, -10.0]","[-0.334039015625, 2.52904309765625, 10.208109734375]",0,840.537353515625,0,31.265964126586915,"[-16.54052734104, 7.1105957019599995, -2.92968749952]","[0, 0, 0]",0,3,0.0,0.0,0.821,0,0,0,4294967.295,3750000.896,0,59493,0,3.0186190605163574,3.310211420059204,0.4130522310733795,0,state.FLIGHT,880,-23,0,-23,-0.39281877875328064,821,840,"[10.6, 0.5, 16.5, 10.6, 15.5, 17.0, 0, 0]","[3.655, 3.655, 3.654]",0.284,"[2.9968000000000004, 3.3120000000000003, 5.0032000000000005, 7.364800000000001, 8.4608, 27.8272]","[0.030625, 0.205625, -0.004375, -0.00375, -0.004375, -0.000625]",0,0,29.0,"[0, 0, 0, 0, 0, 0]",4.478774199416146,42.3600493,-71.0932883,3,-39.443
1774901727.6211867,"[0, 0, 0, 0, 0, 0]","[1291, 1500, 1400, 1400]","[-25.08, 0.0, -10.0, -10.0]","[-0.33174058203125, 2.5443659882812497, 10.216537324218748]",0,863.2022705078125,0,31.283451919555663,"[-40.71044921208, -6.07299804588, 4.69970703048]","[0, 0, 0]",0,3,0.0,0.0,0.863,0,0,0,4294967.295,3750000.896,0,59547,0,3.326612710952759,3.3097786903381348,2.22235369682312,0,state.FLIGHT,881,-23,0,-23,-0.38909676671028137,863,863,"[10.6, 0.5, 15.9, 10.4, 16.5, 16.5, 0, 0]","[3.655, 3.655, 3.654]",0.284,"[2.9968000000000004, 3.3104, 5.0048, 7.3632, 8.440000000000001, 27.8256]","[0.029375000000000002, 0.24375, -0.001875, -0.00625, -0.000625, -0.00125]",0,0,29.0,"[0, 0, 0, 0, 0, 0]",4.691340131724288,42.3600493,-71.0932883,3,-39.443
1774901727.6846993,"[0, 0, 0, 0, 0, 0]","[1291, 1500, 1400, 1400]","[-25.08, 0.0, -10.0, -10.0]","[-0.327909859375, 2.5612211679687498, 10.202746722656249]",0,885.7278442382812,0,31.261592178344728,"[-42.78564452424, 9.73510742028, 10.49804687328]","[0, 0, 0]",0,3,0.0,0.0,0.863,0,0,0,4294967.295,3750000.896,0,59607,0,3.512157440185547,3.3427281379699707,4.859638690948486,0,state.FLIGHT,882,-23,0,-24,-0.38558071851730347,863,885,"[10.6, 0.5, 15.9, 10.2, 15.5, 17.0, 0, 0]","[3.655, 3.655, 3.654]",0.284,"[2.9968000000000004, 3.3104, 5.0048, 7.3632, 8.440000000000001, 27.8256]","[0.029375000000000002, 0.24375, -0.001875, -0.00625, -0.000625, -0.00125]",0,0,29.0,"[0, 0, 0, 0, 0, 0]",4.84717229571965,42.3600492,-71.09328889999999,3,-39.31
1774901727.7437265,"[0, 0, 0, 0, 0, 0]","[1291, 1500, 1400, 1400]","[-25.08, 0.0, -10.0, -10.0]","[-0.35549106249999995, 2.55049514453125, 10.2188357578125]",0,908.114501953125,0,31.252848281860352,"[-21.6674804652, -16.9372558566, -5.73730468656]","[0, 0, 0]",0,3,0.0,0.0,0.9,0,0,0,4294967.295,3750000.896,0,59667,0,3.433110237121582,3.555708408355713,6.782270908355713,0,state.FLIGHT,883,-23,0,-24,-0.3819916844367981,900,908,"[10.4, 0.5, 16.5, 10.0, 15.5, 16.5, 0, 0]","[3.655, 3.655, 3.654]",0.284,"[2.9936000000000003, 3.3104, 5.0016, 7.3632, 8.4528, 27.8304]","[0.035, 0.228125, -0.00125, -0.001875, 0.0, -0.000625]",0,0,29.0,"[0, 0, 0, 0, 0, 0]",4.941069712231844,42.3600492,-71.09328889999999,3,-39.31
1774901727.801255,"[0, 0, 0, 0, 0, 0]","[1291, 1500, 1400, 1400]","[-25.08, 0.0, -10.0, -10.0]","[-0.37311238671874997, 2.546664421875, 10.209642023437498]",0,930.3636474609375,0,31.261592178344728,"[11.16943359192, -3.87573242124, 16.81518554412]","[0, 0, 0]",0,3,0.0,0.0,0.9,0,0,0,4294967.295,3750000.896,0,59727,0,3.461812734603882,3.572798490524292,6.947681427001953,0,state.FLIGHT,884,-23,0,-24,-0.378629595041275,900,930,"[10.4, 0.5, 16.5, 10.8, 15.9, 16.5, 0, 0]","[3.655, 3.655, 3.654]",0.284,"[2.9936000000000003, 3.3104, 5.0016, 7.3632, 8.4528, 27.8304]","[0.035, 0.228125, -0.00125, -0.001875, 0.0, -0.000625]",0,0,29.0,"[0, 0, 0, 0, 0, 0]",4.973278151610214,42.3600485,-71.093289,3,-39.16
1774901727.855259,"[0, 0, 0, 0, 0, 0]","[1291, 1500, 1600, 1600]","[-25.08, 0.0, 10.0, 10.0]","[-0.327909859375, 2.56888261328125, 10.23492479296875]",0,948.8009033203125,0,31.270336074829103,"[34.66796874432, 8.51440429548, 2.83813476516]","[0, 0, 0]",0,3,0.0,0.0,0.934,0,0,0,4294967.295,3750000.896,0,59781,0,3.4570913314819336,3.4930174350738525,5.5833516120910645,0,state.FLIGHT,885,-23,0,-24,-0.37576374411582947,934,948,"[10.8, 0.5, 17.0, 10.6, 15.5, 16.5, 0, 0]","[3.655, 3.655, 3.654]",0.284,"[2.9968000000000004, 3.3104, 5.0048, 7.3632, 8.4384, 27.8256]","[0.0375, 0.615625, -0.000625, -0.001875, -0.008125, 0.018125]",0,0,29.0,"[0, 0, 0, 0, 0, 0]",4.913027311897792,42.3600469,-71.0932894,3,-38.934
1774901727.9182627,"[0, 0, 0, 0, 0, 0]","[1291, 1500, 1600, 1600]","[-25.08, 0.0, 10.0, 10.0]","[-0.34706347265625, 2.54896285546875, 10.215005035156251]",0,970.8016357421875,0,31.25722023010254,"[44.89135741452, -5.09643554604, -3.47900390568]","[0, 0, 0]",0,3,0.0,0.0,0.97,0,0,0,4294967.295,3750000.896,0,59841,0,3.576153039932251,3.4789645671844482,3.028684377670288,0,state.FLIGHT,886,-23,0,-24,-0.3723621368408203,970,970,"[11.1, 0.5, 17.0, 10.4, 15.0, 15.9, 0, 0]","[3.655, 3.655, 3.654]",0.284,"[2.9968000000000004, 3.3104, 5.0048, 7.3632, 8.4384, 27.8256]","[0.0375, 0.615625, -0.000625, -0.001875, -0.008125, 0.018125]",0,0,29.0,"[0, 0, 0, 0, 0, 0]",4.987618692670193,42.3600469,-71.0932894,3,-38.934
1774901727.9757817,"[0, 0, 0, 0, 0, 0]","[1291, 1500, 1600, 1600]","[-25.08, 0.0, 10.0, 10.0]","[-0.32714371484374993, 2.571181046875, 10.215771179687499]",0,992.6685791015625,0,31.265964126586915,"[30.79223632308, -12.60375976356, -7.99560546744]","[0, 0, 0]",0,3,0.0,0.0,0.97,0,0,0,4294967.295,3750000.896,0,59901,0,3.3362791538238525,3.632763624191284,0.7173168659210205,0,state.FLIGHT,887,-23,0,-23,-0.36914628744125366,970,992,"[10.6, 0.5, 16.5, 10.4, 15.0, 15.9, 0, 0]","[3.655, 3.655, 3.654]",0.284,"[2.9968000000000004, 3.3120000000000003, 5.0032000000000005, 7.3696, 8.4512, 27.8256]","[0.036875, 0.614375, -0.003125, -0.001875, -0.00125, 0.013125]",0,0,29.0,"[0, 0, 0, 0, 0, 0]",4.930801907842382,42.3600448,-71.0932906,3,-38.726
1774901728.0407877,"[0, 0, 0, 0, 0, 0]","[1291, 1500, 1600, 1600]","[-25.08, 0.0, 10.0, 10.0]","[-0.35242648437499996, 2.5581565898437497, 10.198916]",0,1014.402587890625,0,31.265964126586915,"[0.0, 7.90405273308, 7.69042968624]","[0, 0, 0]",0,3,0.0,0.0,1.007,0,0,0,4294967.295,3750000.896,0,59961,0,3.553917407989502,3.918396472930908,-0.096913181245327,0,state.FLIGHT,888,-23,0,-23,-0.3658369779586792,1007,1014,"[10.8, 0.5, 16.5, 10.8, 15.0, 17.6, 0, 0]","[3.655, 3.655, 3.654]",0.284,"[2.9968000000000004, 3.3120000000000003, 5.0032000000000005, 7.3696, 8.4512, 27.8256]","[0.036875, 0.614375, -0.003125, -0.001875, -0.00125, 0.013125]",0,0,29.0,"[0, 0, 0, 0, 0, 0]",5.288143133649333,42.3600448,-71.0932906,3,-38.726
1774901728.0918314,"[0, 0, 0, 0, 0, 0]","[1291, 1500, 1400, 1400]","[-25.08, 0.0, -10.0, -10.0]","[-0.33174058203125, 2.55049514453125, 10.22956178125]",0,1036.0054931640625,0,31.28782386779785,"[-30.79223632308, 6.1340332021199995, 12.54272460732]","[0, 0, 0]",0,3,0.0,0.0,1.007,0,0,0,4294967.295,3750000.896,0,60015,0,3.9905049800872803,3.982701301574707,1.0108741521835327,0,state.FLIGHT,889,-23,0,-24,-0.3626268208026886,1007,1036,"[10.4, 0.5, 17.0, 10.6, 15.9, 17.0, 0, 0]","[3.655, 3.655, 3.654]",0.284,"[2.9968000000000004, 3.3104, 5.0032000000000005, 7.3696, 8.440000000000001, 27.8256]","[0.033125, 0.23, -0.004375, -0.003125, -0.00125, 0.0175]",0,0,29.0,"[0, 0, 0, 0, 0, 0]",5.635634446985558,42.360043499999996,-71.09329129999999,3,-38.706
1774901728.1508403,"[0, 0, 0, 0, 0, 0]","[1291, 1500, 1400, 1400]","[-25.08, 0.0, -10.0, -10.0]","[-0.3233129921875, 2.571181046875, 10.195851421875]",0,1057.477783203125,0,31.265964126586915,"[-44.89135741452, 1.86157226532, 4.51660156176]","[0, 0, 0]",0,3,0.0,0.0,1.046,0,0,0,4294967.295,3750000.896,0,60075,0,4.370118141174316,3.9918932914733887,3.4632225036621094,0,state.FLIGHT,890,-23,0,-24,-0.35947123169898987,1046,1057,"[10.4, 0.5, 17.0, 10.6, 15.5, 16.5, 0, 0]","[3.655, 3.655, 3.654]",0.284,"[2.9968000000000004, 3.3104, 5.0032000000000005, 7.3696, 8.440000000000001, 27.8256]","[0.033125, 0.23, -0.004375, -0.003125, -0.00125, 0.0175]",0,0,29.0,"[0, 0, 0, 0, 0, 0]",5.916267511457013,42.360043499999996,-71.09329129999999,3,-38.706
1774901728.2112637,"[0, 0, 0, 0, 0, 0]","[1291, 1500, 1400, 1400]","[-25.08, 0.0, -10.0, -10.0]","[-0.33327287109375, 2.534406109375, 10.221900335937498]",0,1078.8206787109375,0,31.274708023071287,"[-34.66796874432, -6.6223144520399995, -4.24194335868]","[0, 0, 0]",0,3,0.0,0.0,1.046,0,0,0,4294967.295,3750000.896,0,60135,0,4.221442222595215,4.136591911315918,5.9156880378723145,0,state.FLIGHT,891,-23,0,-24,-0.3563932478427887,1046,1078,"[10.4, 0.5, 17.6, 10.4, 17.0, 16.5, 0, 0]","[3.655, 3.655, 3.654]",0.284,"[2.9952, 3.3120000000000003, 5.0048, 7.3664000000000005, 8.4464, 27.8288]","[0.0325, 0.2425, -0.0025, 0.003125, -0.003125, 0.000625]",0,0,29.0,"[0, 0, 0, 0, 0, 0]",5.907705332248087,42.360042,-71.09329199999999,3,-38.596
1774901728.2728035,"[0, 0, 0, 0, 0, 0]","[1291, 1500, 1400, 1400]","[-25.08, 0.0, -10.0, -10.0]","[-0.35549106249999995, 2.5819070703125, 10.215005035156251]",0,1100.03564453125,0,31.28782386779785,"[-5.61523437408, -4.1198730462, -0.51879882804]","[0, 0, 0]",0,3,0.0,0.0,1.082,0,0,0,4294967.295,3750000.896,0,60195,0,4.315430641174316,4.106692790985107,7.037778377532959,0,state.FLIGHT,892,-23,0,-24,-0.3533512353897095,1082,1100,"[10.4, 0.5, 17.0, 10.6, 15.9, 16.5, 0, 0]","[3.655, 3.655, 3.654]",0.284,"[2.9968000000000004, 3.3088, 5.0048, 7.368, 8.459200000000001, 27.8256]","[0.03625, 0.2325, -0.004375, -0.0025, -0.001875, -0.003125]",0,0,29.0,"[0, 0, 0, 0, 0, 0]",5.954490192943159,42.36004,-71.0932926,3,-38.459
1774901728.3238008,"[0, 0, 0, 0, 0, 0]","[1291, 1500, 1400, 1400]","[-25.08, 0.0, -10.0, -10.0]","[-0.33786973828125, 2.5451321328125, 10.20581130078125]",0,1117.617919921875,0,31.274708023071287,"[21.6674804652, -9.0026855454, 6.7443847645199995]","[0, 0, 0]",0,3,0.0,0.0,1.114,0,0,0,4294967.295,3750000.896,0,60249,0,4.617808818817139,4.240144729614258,6.491134166717529,0,state.FLIGHT,893,-23,0,-23,-0.3484193980693817,1114,1117,"[10.8, 0.5, 17.0, 10.6, 15.5, 17.0, 0, 0]","[3.655, 3.655, 3.654]",0.284,"[2.9968000000000004, 3.3088, 5.0048, 7.368, 8.459200000000001, 27.8256]","[0.03625, 0.2325, -0.004375, -0.0025, -0.001875, -0.003125]",0,0,29.0,"[0, 0, 0, 0, 0, 0]",6.266101349911151,42.36004,-71.0932926,3,-38.459
1774901728.3883176,"[0, 0, 0, 0, 0, 0]","[1291, 1500, 1600, 1600]","[-25.08, 0.0, 10.0, 10.0]","[-0.3539587734375, 2.54896285546875, 10.2249649140625]",0,1138.6019287109375,0,31.305311660766602,"[42.78564452424, 6.3781738270799995, 18.85986327816]","[0, 0, 0]",0,3,0.0,0.0,1.114,0,0,0,4294967.295,3750000.896,0,60309,0,4.883185386657715,4.3122878074646,4.357467174530029,0,state.FLIGHT,894,-23,0,-23,-0.3428722620010376,1114,1138,"[10.4, 0.5, 15.9, 10.4, 17.0, 17.6, 0, 0]","[3.655, 3.655, 3.654]",0.284,"[2.9968000000000004, 3.3104, 5.0032000000000005, 7.3616, 8.4352, 27.8288]","[0.038125, 0.224375, -0.005, -0.003125, -0.003125, 0.000625]",0,0,29.0,"[0, 0, 0, 0, 0, 0]",6.511241177783126,42.3600389,-71.0932938,3,-38.375
1774901728.4433286,"[0, 0, 0, 0, 0, 0]","[1291, 1500, 1600, 1600]","[-25.08, 0.0, 10.0, 10.0]","[-0.34246660546874996, 2.534406109375, 10.19661756640625]",0,1159.4622802734375,0,31.29219581604004,"[40.71044921208, -6.2561035145999995, -6.5002441395599995]","[0, 0, 0]",0,3,0.0,0.0,1.149,0,0,0,4294967.295,3750000.896,0,60369,0,5.096996307373047,4.4153733253479,1.7408652305603027,0,state.FLIGHT,895,-23,0,-23,-0.3374009430408478,1149,1159,"[11.1, 0.5, 15.9, 10.6, 15.5, 16.5, 0, 0]","[3.655, 3.655, 3.654]",0.284,"[2.9968000000000004, 3.3104, 5.0032000000000005, 7.3616, 8.4352, 27.8288]","[0.038125, 0.224375, -0.005, -0.003125, -0.003125, 0.000625]",0,0,29.0,"[0, 0, 0, 0, 0, 0]",6.73968973913619,42.3600389,-71.0932938,3,-38.375
1774901728.5038514,"[0, 0, 0, 0, 0, 0]","[1291, 1500, 1600, 1600]","[-25.08, 0.0, 10.0, 10.0]","[-0.34093431640625, 2.5911008046874997, 10.195085277343749]",0,1180.2017822265625,0,31.283451919555663,"[16.54052734104, 5.58471679596, -1.25122070292]","[0, 0, 0]",0,3,0.0,0.0,1.149,0,0,0,4294967.295,3750000.896,0,60429,0,4.976864337921143,4.439336776733398,0.059791792184114456,0,state.FLIGHT,896,-23,0,-23,-0.3321324288845062,1149,1180,"[10.4, 0.5, 17.0, 10.8, 15.5, 16.5, 0, 0]","[3.655, 3.655, 3.654]",0.284,"[2.9936000000000003, 3.3104, 5.0048, 7.3584000000000005, 8.432, 27.824]","[0.034375, 0.249375, -0.00125, 0.000625, -0.000625, -0.0025]",0,0,29.0,"[0, 0, 0, 0, 0, 0]",6.665379147683416,42.3600382,-71.09329579999999,3,-38.239
1774901728.5609033,"[0, 0, 0, 0, 0, 0]","[1291, 1500, 1400, 1400]","[-25.08, 0.0, -10.0, -10.0]","[-0.36468479687499994, 2.53057538671875, 10.238755515624998]",0,1197.393310546875,0,31.283451919555663,"[-11.16943359192, -9.24682617036, -11.71874999808]","[0, 0, 0]",0,3,0.0,0.0,1.183,0,0,0,4294967.295,3750000.896,0,60483,0,4.9154558181762695,4.760453701019287,0.011948227882385254,0,state.FLIGHT,897,-23,0,-23,-0.3281623125076294,1183,1197,"[10.6, 0.5, 17.0, 10.4, 15.9, 17.6, 0, 0]","[3.655, 3.655, 3.654]",0.284,"[2.9936000000000003, 3.3104, 5.0048, 7.3584000000000005, 8.432, 27.824]","[0.034375, 0.249375, -0.00125, 0.000625, -0.000625, -0.0025]",0,0,29.0,"[0, 0, 0, 0, 0, 0]",6.838711476040433,42.360036099999995,-71.09329699999999,3,-38.222
1774901728.6179037,"[0, 0, 0, 0, 0, 0]","[1291, 1500, 1400, 1400]","[-25.08, 0.0, -10.0, -10.0]","[-0.34553118359374996, 2.56735032421875, 10.207343589843749]",0,1217.9151611328125,0,31.29219581604004,"[-37.9943847594, -0.33569335932, -1.9836425778]","[0, 0, 0]",0,3,0.0,0.0,1.217,0,0,0,4294967.295,3750000.896,0,60543,0,5.079026699066162,4.761064529418945,1.6928305625915527,0,state.FLIGHT,898,-23,0,-23,-0.3231046795845032,1217,1217,"[10.6, 0.5, 16.5, 10.8, 16.5, 16.5, 0, 0]","[3.655, 3.655, 3.654]",0.284,"[2.9952, 3.3120000000000003, 5.0032000000000005, 7.3632, 8.4624, 27.8288]","[0.045, 0.62, 0.0025, -0.000625, -0.0025, 0.02125]",0,0,29.0,"[0, 0, 0, 0, 0, 0]",6.957356851903486,42.360036099999995,-71.09329699999999,3,-38.222
1774901728.6774378,"[0, 0, 0, 0, 0, 0]","[1291, 1500, 1400, 1400]","[-25.08, 0.0, -10.0, -10.0]","[-0.32484528125, 2.54130141015625, 10.21347274609375]",0,1238.32080078125,0,31.305311660766602,"[-44.189453117759996, -4.1198730462, -3.87573242124]","[0, 0, 0]",0,3,0.0,0.0,1.217,0,0,0,4294967.295,3750000.896,0,60603,0,5.124807834625244,4.847116470336914,4.3094482421875,0,state.FLIGHT,899,-23,0,-23,-0.31825682520866394,1217,1238,"[10.4, 0.5, 17.0, 10.4, 15.9, 17.0, 0, 0]","[3.655, 3.655, 3.654]",0.284,"[2.9952, 3.3120000000000003, 5.0032000000000005, 7.3632, 8.4624, 27.8288]","[0.045, 0.62, 0.0025, -0.000625, -0.0025, 0.02125]",0,0,29.0,"[0, 0, 0, 0, 0, 0]",7.049501764802309,42.3600339,-71.0932983,3,-38.193
1774901728.7370176,"[0, 0, 0, 0, 0, 0]","[1291, 1500, 1400, 1400]","[-25.08, 0.0, -10.0, -10.0]","[-0.3570233515625, 2.5336399648437498, 10.2249649140625]",0,1258.612548828125,0,31.300939712524414,"[-26.42822265192, -4.1198730462, -6.65283203016]","[0, 0, 0]",0,3,0.0,0.0,1.251,0,0,0,4294967.295,3750000.896,0,60663,0,5.103759288787842,4.960623264312744,6.443208694458008,0,state.FLIGHT,900,-23,0,-23,-0.3135201930999756,1251,1258,"[10.2, 0.5, 15.9, 10.8, 16.5, 16.5, 0, 0]","[3.655, 3.655, 3.654]",0.284,"[2.9968000000000004, 3.3136, 5.0032000000000005, 7.36, 8.4368, 27.832]","[0.0325, 0.61625, -0.001875, -0.000625, -0.0025, 0.0175]",0,0,29.0,"[0, 0, 0, 0, 0, 0]",7.112734304043215,42.3600339,-71.0932983,3,-38.193
1774901728.7945476,"[0, 0, 0, 0, 0, 0]","[1291, 1500, 1400, 1400]","[-25.08, 0.0, -10.0, -10.0]","[-0.35012805078125, 2.5719471914062497, 10.214238890625]",0,1278.791748046875,0,31.305311660766602,"[5.61523437408, -4.48608398364, 0.21362304684]","[0, 0, 0]",0,3,0.0,0.0,1.251,0,0,0,4294967.295,3750000.896,0,60717,0,5.30351448059082,5.110926628112793,6.789338111877441,0,state.FLIGHT,901,-23,0,-23,-0.30898427963256836,1251,1278,"[10.8, 0.5, 18.9, 10.6, 15.9, 16.5, 0, 0]","[3.655, 3.655, 3.654]",0.284,"[2.9968000000000004, 3.3136, 5.0032000000000005, 7.36, 8.4368, 27.832]","[0.0325, 0.61625, -0.001875, -0.000625, -0.0025, 0.0175]",0,0,29.0,"[0, 0, 0, 0, 0, 0]",7.360309162514737,42.3600327,-71.0933001,3,-38.132
1774901728.8515527,"[0, 0, 0, 0, 0, 0]","[1291, 1500, 1600, 1600]","[-25.08, 0.0, 10.0, 10.0]","[-0.34629732812499997, 2.57807634765625, 10.232626359374999]",0,1298.8597412109375,0,31.296567764282226,"[34.66796874432, -3.32641601508, 8.81958007668]","[0, 0, 0]",0,3,0.0,0.0,1.285,0,0,0,4294967.295,3750000.896,0,60777,0,5.8284149169921875,5.275727272033691,5.376715183258057,0,state.FLIGHT,902,-23,0,-23,-0.30442744493484497,1285,1298,"[10.6, 0.5, 17.0, 10.8, 16.5, 17.6, 0, 0]","[3.655, 3.655, 3.654]",0.284,"[2.9984, 3.3120000000000003, 5.0032000000000005, 7.3552, 8.4352, 27.8288]","[0.0375, 0.618125, 0.000625, 0.0025, 0.00125, 0.018125]",0,0,29.0,"[0, 0, 0, 0, 0, 0]",7.85541800541137,42.3600327,-71.0933001,3,-38.132
1774901728.9120774,"[0, 0, 0, 0, 0, 0]","[1291, 1500, 1600, 1600]","[-25.08, 0.0, 10.0, 10.0]","[-0.34399889453125, 2.5581565898437497, 10.22573105859375]",0,1318.818603515625,0,31.305311660766602,"[44.89135741452, 10.28442382644, 6.5612792958]","[0, 0, 0]",0,3,0.0,0.0,1.285,0,0,0,4294967.295,3750000.896,0,60837,0,5.893131732940674,5.247009754180908,2.8219540119171143,0,state.FLIGHT,903,-23,0,-23,-0.30018022656440735,1285,1318,"[10.4, 0.5, 16.5, 10.2, 15.9, 17.6, 0, 0]","[3.655, 3.655, 3.654]",0.284,"[2.9984, 3.3120000000000003, 5.0032000000000005, 7.3552, 8.4352, 27.8288]","[0.0375, 0.618125, 0.000625, 0.0025, 0.00125, 0.018125]",0,0,29.0,"[0, 0, 0, 0, 0, 0]",7.884345617325481,42.360032,-71.0933019,3,-37.964
1774901728.9764328,"[0, 0, 0, 0, 0, 0]","[1291, 1500, 1600, 1600]","[-25.08, 0.0, 10.0, 10.0]","[-0.35319262890625003, 2.5581565898437497, 10.219601902343749]",0,1338.6695556640625,0,31.30968360900879,"[30.79223632308, 2.77709960892, -0.70190429676]","[0, 0, 0]",0,3,0.0,0.0,1.322,0,0,0,4294967.295,3750000.896,0,60897,0,5.789973735809326,5.210988998413086,0.5106530785560608,0,state.FLIGHT,904,-23,0,-24,-0.2959012985229492,1322,1338,"[10.4, 0.5, 17.0, 10.4, 16.5, 15.9, 0, 0]","[3.655, 3.655, 3.654]",0.284,"[2.9968000000000004, 3.3136, 5.0048, 7.3632, 8.4656, 27.8288]","[0.03125, 0.259375, 0.00125, 0.000625, -0.00125, -0.0025]",0,0,29.0,"[0, 0, 0, 0, 0, 0]",7.783678777789418,42.360032,-71.0933033,3,-38.034
1774901729.0284333,"[0, 0, 0, 0, 0, 0]","[1291, 1500, 1600, 1600]","[-25.08, 0.0, 10.0, 10.0]","[-0.34016817187500004, 2.56735032421875, 10.220368046875]",0,1355.1307373046875,0,31.322799453735353,"[5.61523437408, -12.17651366988, -10.559082029519999]","[0, 0, 0]",0,3,0.0,0.0,1.351,0,0,0,4294967.295,3750000.896,0,60951,0,5.914012432098389,5.6571149826049805,-0.4118782877922058,0,state.FLIGHT,905,-23,0,-24,-0.292502760887146,1351,1355,"[10.6, 0.5, 16.5, 10.4, 16.5, 17.0, 0, 0]","[3.655, 3.655, 3.654]",0.284,"[2.9936000000000003, 3.3104, 5.0048, 7.3616, 8.4608, 27.8256]","[0.033125, 0.238125, -0.0025, -0.003125, -0.005, -0.0025]",0,0,29.0,"[0, 0, 0, 0, 0, 0]",8.177082825515459,42.360032,-71.0933033,3,-38.034
1774901729.0914814,"[0, 0, 0, 0, 0, 0]","[1291, 1500, 1400, 1400]","[-25.08, 0.0, -10.0, -10.0]","[-0.3539587734375, 2.5374706874999995, 10.2249649140625]",0,1374.787841796875,0,31.296567764282226,"[-26.42822265192, 1.0681152342, -7.0190429676]","[0, 0, 0]",0,3,0.0,0.0,1.351,0,0,0,4294967.295,3750000.896,0,61011,0,5.784649848937988,5.586918354034424,0.402319997549057,0,state.FLIGHT,906,-23,0,-23,-0.28843367099761963,1351,1374,"[10.4, 0.5, 15.9, 10.6, 16.5, 16.5, 0, 0]","[3.655, 3.655, 3.654]",0.284,"[2.9936000000000003, 3.3104, 5.0048, 7.3616, 8.4608, 27.8256]","[0.033125, 0.238125, -0.0025, -0.003125, -0.005, -0.0025]",0,0,29.0,"[0, 0, 0, 0, 0, 0]",8.035523380419514,42.3600323,-71.0933026,3,-38.102
1774901729.1454802,"[0, 0, 0, 0, 0, 0]","[1291, 1500, 1400, 1400]","[-25.08, 0.0, -10.0, -10.0]","[-0.35625720703125, 2.5964638164062497, 10.211174312499999]",0,1394.34130859375,0,31.322799453735353,"[-44.189453117759996, -9.24682617036, 5.6457519521999995]","[0, 0, 0]",0,3,0.0,0.0,1.384,0,0,0,4294967.295,3750000.896,0,61071,0,5.989107608795166,5.796892166137695,2.713761568069458,0,state.FLIGHT,907,-23,0,-23,-0.2845623195171356,1384,1394,"[10.4, 0.5, 16.5, 10.6, 15.5, 16.5, 0, 0]","[3.655, 3.655, 3.654]",0.284,"[2.9936000000000003, 3.3120000000000003, 5.0032000000000005, 7.3664000000000005, 8.432, 27.820800000000002]","[0.03, 0.25875, -0.000625, -0.000625, 0.00125, 0.0025]",0,0,29.0,"[0, 0, 0, 0, 0, 0]",8.327713097524233,42.3600323,-71.0933026,3,-38.102
1774901729.2107136,"[0, 0, 0, 0, 0, 0]","[1291, 1500, 1400, 1400]","[-25.08, 0.0, -10.0, -10.0]","[-0.3263775703125, 2.5321076757812495, 10.2127066015625]",0,1413.792724609375,0,31.314055557250978,"[-37.9943847594, -0.94604492172, 3.78417968688]","[0, 0, 0]",0,3,0.0,0.0,1.384,0,0,0,4294967.295,3750000.896,0,61131,0,6.0410075187683105,5.803610801696777,5.268456935882568,0,state.FLIGHT,908,-23,0,-23,-0.2808527648448944,1384,1413,"[10.6, 0.5, 17.6, 10.6, 15.9, 16.5, 0, 0]","[3.655, 3.655, 3.654]",0.284,"[2.9936000000000003, 3.3120000000000003, 5.0032000000000005, 7.3664000000000005, 8.432, 27.820800000000002]","[0.03, 0.25875, -0.000625, -0.000625, 0.00125, 0.0025]",0,0,29.0,"[0, 0, 0, 0, 0, 0]",8.369628574832117,42.360034899999995,-71.0933028,3,-38.185
1774901729.2616007,"[0, 0, 0, 0, 0, 0]","[1291, 1500, 1400, 1400]","[-25.08, 0.0, -10.0, -10.0]","[-0.34323275000000003, 2.5328738203125, 10.208109734375]",0,1433.1431884765625,0,31.327171401977537,"[-11.16943359192, -3.69262695252, 5.6457519521999995]","[0, 0, 0]",0,3,0.0,0.0,1.42,0,0,0,4294967.295,3750000.896,0,61185,0,6.137853622436523,5.768013954162598,6.460046291351318,0,state.FLIGHT,909,-23,0,-23,-0.27707639336586,1420,1433,"[10.4, 0.5, 16.5, 10.6, 15.9, 16.5, 0, 0]","[3.655, 3.655, 3.654]",0.284,"[2.992, 3.3120000000000003, 5.0032000000000005, 7.368, 8.4336, 27.8256]","[0.03875, 0.574375, -0.000625, 0.00125, -0.000625, -0.00375]",0,0,29.0,"[0, 0, 0, 0, 0, 0]",8.415211270871426,42.360036,-71.0933041,3,-38.13
1774901729.3246017,"[0, 0, 0, 0, 0, 0]","[1291, 1500, 1400, 1400]","[-25.08, 0.0, -10.0, -10.0]","[-0.334039015625, 2.55355972265625, 10.206577445312499]",0,1452.394287109375,0,31.335915298461913,"[21.6674804652, 5.340576171, 8.2397460924]","[0, 0, 0]",0,3,0.0,0.0,1.452,0,0,0,4294967.295,3750000.896,0,61245,0,6.299296855926514,5.774723529815674,5.966287612915039,0,state.FLIGHT,910,-23,0,-23,-0.27348101139068604,1452,1452,"[11.1, 0.5, 16.5, 10.8, 16.5, 15.9, 0, 0]","[3.655, 3.655, 3.654]",0.284,"[2.992, 3.3120000000000003, 5.0032000000000005, 7.368, 8.4336, 27.8256]","[0.03875, 0.574375, -0.000625, 0.00125, -0.000625, -0.00375]",0,0,29.0,"[0, 0, 0, 0, 0, 0]",8.53779891731568,42.360036,-71.0933041,3,-38.13
1774901729.3801286,"[0, 0, 0, 0, 0, 0]","[1291, 1500, 1600, 1600]","[-25.08, 0.0, 10.0, 10.0]","[-0.34399889453125, 2.5420675546875, 10.211940457031249]",0,1471.546875,0,31.335915298461913,"[42.78564452424, -2.10571289028, 0.57983398428]","[0, 0, 0]",0,3,0.0,0.0,1.452,0,0,0,4294967.295,3750000.896,0,61305,0,6.345068454742432,6.024356842041016,3.832510471343994,0,state.FLIGHT,911,-23,0,-23,-0.2699519991874695,1452,1471,"[10.4, 0.5, 15.5, 10.8, 15.5, 16.5, 0, 0]","[3.655, 3.655, 3.654]",0.284,"[2.9968000000000004, 3.3104, 5.0048, 7.364800000000001, 8.4304, 27.8288]","[0.033125, 0.58625, 0.000625, -0.005625, -0.005, 0.018125]",0,0,29.0,"[0, 0, 0, 0, 0, 0]",8.740948161717327,42.3600345,-71.09330589999999,3,-37.982
1774901729.4391296,"[0, 0, 0, 0, 0, 0]","[1291, 1500, 1600, 1600]","[-25.08, 0.0, 10.0, 10.0]","[-0.3600879296875, 2.5527935781249997, 10.221900335937498]",0,1490.6031494140625,0,31.335915298461913,"[40.71044921208, 11.26098632628, 7.87353515496]","[0, 0, 0]",0,3,0.0,0.0,1.484,0,0,0,4294967.295,3750000.896,0,61365,0,6.497375011444092,5.986486911773682,1.215893030166626,0,state.FLIGHT,912,-23,0,-23,-0.26656609773635864,1484,1490,"[10.6, 0.5, 15.9, 10.6, 15.9, 17.0, 0, 0]","[3.655, 3.655, 3.654]",0.284,"[2.9968000000000004, 3.3104, 5.0048, 7.364800000000001, 8.4304, 27.8288]","[0.033125, 0.58625, 0.000625, -0.005625, -0.005, 0.018125]",0,0,29.0,"[0, 0, 0, 0, 0, 0]",8.82610004883473,42.3600345,-71.09330589999999,3,-37.982
1774901729.4936569,"[0, 0, 0, 0, 0, 0]","[1291, 1500, 1600, 1600]","[-25.08, 0.0, 10.0, 10.0]","[-0.33786973828125, 2.583439359375, 10.223432625]",0,1506.40966796875,0,31.331543350219725,"[21.6674804652, -3.69262695252, 6.3781738270799995]","[0, 0, 0]",0,3,0.0,0.0,1.484,0,0,0,4294967.295,3750000.896,0,61419,0,6.704267501831055,5.996593952178955,-0.45368993282318115,0,state.FLIGHT,913,-23,0,-23,-0.2641321122646332,1484,1506,"[10.6, 0.5, 17.0, 10.2, 15.9, 16.5, 0, 0]","[3.655, 3.655, 3.654]",0.284,"[2.9936000000000003, 3.3120000000000003, 5.0048, 7.3664000000000005, 8.459200000000001, 27.8272]","[0.03625, 0.555, -0.00125, -0.000625, -0.00125, 0.0175]",0,0,29.0,"[0, 0, 0, 0, 0, 0]",8.985652908227303,42.3600346,-71.0933064,3,-37.886
1774901729.5531867,"[0, 0, 0, 0, 0, 0]","[1291, 1500, 1400, 1400]","[-25.08, 0.0, -10.0, -10.0]","[-0.38460455468749993, 2.5236800859374995, 10.207343589843749]",0,1525.290771484375,0,31.331543350219725,"[-44.98291014888, -2.10571289028, -1.43432617164]","[0, 0, 0]",0,3,0.0,0.0,1.512,0,0,0,4294967.295,3750000.896,0,61479,0,6.826434135437012,5.957016468048096,0.5631722211837769,0,state.FLIGHT,914,-23,0,-23,-0.2608214020729065,1512,1525,"[10.6, 0.5, 15.9, 10.8, 15.9, 17.0, 0, 0]","[3.655, 3.655, 3.654]",0.284,"[2.9936000000000003, 3.3120000000000003, 5.0048, 7.3664000000000005, 8.459200000000001, 27.8272]","[0.03625, 0.555, -0.00125, -0.000625, -0.00125, 0.0175]",0,0,29.0,"[0, 0, 0, 0, 0, 0]",9.050859483431395,42.3600346,-71.09330729999999,3,-37.743
1774901729.6157029,"[0, 0, 0, 0, 0, 0]","[1291, 1500, 1400, 1400]","[-25.08, 0.0, -10.0, -10.0]","[-0.33710359375, 2.58267321484375, 10.215005035156251]",0,1544.0782470703125,0,31.331543350219725,"[-44.98291014888, -4.1198730462, -4.4250488273999995]","[0, 0, 0]",0,3,0.0,0.0,1.544,0,0,0,4294967.295,3750000.896,0,61539,0,6.853764533996582,6.084475517272949,3.2621467113494873,0,state.FLIGHT,915,-23,0,-23,-0.2575947046279907,1544,1544,"[10.4, 0.5, 16.5, 10.6, 16.5, 17.6, 0, 0]","[3.655, 3.655, 3.654]",0.284,"[2.9968000000000004, 3.3104, 5.0064, 7.3712, 8.443200000000001, 27.8272]","[0.031875, 0.24, -0.0025, -0.001875, -0.003125, 0.015]",0,0,29.0,"[0, 0, 0, 0, 0, 0]",9.155219864780369,42.3600346,-71.09330729999999,3,-37.743
1774901729.6732385,"[0, 0, 0, 0, 0, 0]","[1291, 1500, 1400, 1400]","[-25.08, 0.0, -10.0, -10.0]","[-0.32101455859375, 2.56811646875, 10.19661756640625]",0,1562.7734375,0,31.349031143188476,"[-44.98291014888, -0.94604492172, -12.268066404239999]","[0, 0, 0]",0,3,0.0,0.0,1.544,0,0,0,4294967.295,3750000.896,0,61599,0,6.777068138122559,6.019809722900391,5.961121559143066,0,state.FLIGHT,916,-23,0,-23,-0.2545504868030548,1544,1562,"[10.6, 0.5, 16.5, 10.6, 16.5, 16.5, 0, 0]","[3.655, 3.655, 3.654]",0.284,"[2.9968000000000004, 3.3104, 5.0064, 7.3712, 8.443200000000001, 27.8272]","[0.031875, 0.24, -0.0025, -0.001875, -0.003125, 0.015]",0,0,29.0,"[0, 0, 0, 0, 0, 0]",9.055246059539037,42.360034299999995,-71.0933084,3,-37.697
1774901729.7333736,"[0, 0, 0, 0, 0, 0]","[1291, 1500, 1400, 1400]","[-25.08, 0.0, -10.0, -10.0]","[-0.35472491796875, 2.5298092421875, 10.20427901171875]",0,1578.2830810546875,0,31.3402872467041,"[-44.98291014888, -3.69262695252, 1.73950195284]","[0, 0, 0]",0,3,0.0,0.0,1.575,0,0,0,4294967.295,3750000.896,0,61653,0,7.034918308258057,6.000457763671875,8.389703750610352,0,state.FLIGHT,917,-23,0,-23,-0.2517770826816559,1575,1578,"[10.6, 0.5, 17.0, 10.4, 15.9, 17.0, 0, 0]","[3.655, 3.655, 3.654]",0.284,"[2.9968000000000004, 3.3120000000000003, 5.0048, 7.3696, 8.4544, 27.824]","[0.035625000000000004, 0.18625, -0.001875, -0.003125, -0.003125, -0.003125]",0,0,29.0,"[0, 0, 0, 0, 0, 0]",9.236575163031626,42.360034299999995,-71.0933084,3,-37.697
1774901729.7879028,"[0, 0, 0, 0, 0, 0]","[1291, 1500, 1400, 1400]","[-25.08, 0.0, -10.0, -10.0]","[-0.31948226953125, 2.5727133359375, 10.223432625]",0,1596.8114013671875,0,31.349031143188476,"[-44.98291014888, -4.9133300773199995, -3.87573242124]","[0, 0, 0]",0,3,0.0,0.0,1.575,0,0,0,4294967.295,3750000.896,0,61713,0,7.056884765625,6.218350887298584,11.088678359985352,0,state.FLIGHT,918,-23,0,-23,-0.2485666424036026,1575,1596,"[11.1, 0.5, 15.5, 10.6, 15.9, 17.0, 0, 0]","[3.655, 3.655, 3.654]",0.284,"[2.9952, 3.3104, 5.0048, 7.3632, 8.4464, 27.824]","[0.03375, 0.22625, -0.003125, -0.003125, -0.0025, -0.00375]",0,0,29.0,"[0, 0, 0, 0, 0, 0]",9.39529832402295,42.360034,-71.0933092,3,-37.642
1774901729.8529048,"[0, 0, 0, 0, 0, 0]","[1291, 1500, 1400, 1400]","[-25.08, 0.0, -10.0, -10.0]","[-0.33250672656249997, 2.56581803515625, 10.2127066015625]",0,1615.2506103515625,0,31.3402872467041,"[-44.98291014888, 12.84790038852, 18.85986327816]","[0, 0, 0]",0,3,0.0,0.0,1.606,0,0,0,4294967.295,3750000.896,0,61773,0,7.260458946228027,6.117627143859863,13.787652969360352,0,state.FLIGHT,919,-23,0,-23,-0.24504289031028748,1606,1615,"[10.4, 0.5, 16.5, 10.6, 16.5, 17.6, 0, 0]","[3.655, 3.655, 3.654]",0.284,"[2.9952, 3.3104, 5.0048, 7.3632, 8.4464, 27.824]","[0.03375, 0.22625, -0.003125, -0.003125, -0.0025, -0.00375]",0,0,29.0,"[0, 0, 0, 0, 0, 0]",9.483614170021761,42.360034,-71.0933092,3,-37.642
1774901729.9094205,"[0, 0, 0, 0, 0, 0]","[1291, 1500, 1400, 1400]","[-25.08, 0.0, -10.0, -10.0]","[-0.35472491796875, 2.53057538671875, 10.202746722656249]",0,1633.6019287109375,0,31.349031143188476,"[-44.98291014888, -8.63647460796, -1.0681152342]","[0, 0, 0]",0,3,0.0,0.0,1.606,0,0,0,4294967.295,3750000.896,0,61833,0,7.121917724609375,6.305017948150635,16.48662757873535,0,state.FLIGHT,920,-23,0,-23,-0.2419784963130951,1606,1633,"[10.4, 0.5, 17.0, 10.8, 15.9, 15.9, 0, 0]","[3.655, 3.655, 3.654]",0.284,"[2.9952, 3.3104, 5.0016, 7.3584000000000005, 8.4336, 27.8272]","[0.034375, 0.2525, -0.000625, -0.00625, 0.000625, -0.003125]",0,0,29.0,"[0, 0, 0, 0, 0, 0]",9.501044598784127,42.360034,-71.0933099,3,-37.598
1774901729.966581,"[0, 0, 0, 0, 0, 0]","[1291, 1500, 1400, 1400]","[-25.08, 0.0, -10.0, -10.0]","[-0.3508941953125, 2.5757779140624995, 10.233392503906249]",0,1651.865966796875,0,31.353403091430664,"[-44.98291014888, -1.12915039044, -2.38037109336]","[0, 0, 0]",0,3,0.0,0.0,1.639,0,0,0,4294967.295,3750000.896,0,61887,0,7.214929103851318,6.330104827880859,18.91570281982422,0,state.FLIGHT,921,-23,0,-23,-0.2393416464328766,1639,1651,"[10.8, 0.5, 15.9, 10.8, 15.5, 17.0, 0, 0]","[3.655, 3.655, 3.654]",0.284,"[2.9952, 3.3104, 5.0016, 7.3584000000000005, 8.4336, 27.8272]","[0.034375, 0.2525, -0.000625, -0.00625, 0.000625, -0.003125]",0,0,29.0,"[0, 0, 0, 0, 0, 0]",9.58713909537982,42.360033699999995,-71.0933103,3,-37.574
1774901730.0215774,"[0, 0, 0, 0, 0, 0]","[1291, 1500, 1400, 1400]","[-25.08, 0.0, -10.0, -10.0]","[-0.33710359375, 2.558922734375, 10.23645708203125]",0,1670.0445556640625,0,31.36214698791504,"[-44.98291014888, -0.94604492172, -1.80053710908]","[0, 0, 0]",0,3,0.0,0.0,1.667,0,0,0,4294967.295,3750000.896,0,61947,0,7.2347588539123535,6.186682224273682,21.61467742919922,0,state.FLIGHT,922,-23,0,-23,-0.23700939118862152,1667,1670,"[10.6, 0.5, 16.5, 10.6, 16.5, 17.0, 0, 0]","[3.655, 3.655, 3.654]",0.284,"[2.9952, 3.3104, 5.0048, 7.36, 8.441600000000001, 27.8288]","[0.033125, 0.2525, -0.000625, 0.0, -0.00125, -0.00125]",0,0,29.0,"[0, 0, 0, 0, 0, 0]",9.508573845913597,42.360033699999995,-71.0933103,3,-37.574
1774901730.0846238,"[0, 0, 0, 0, 0, 0]","[1291, 1500, 1400, 1400]","[-25.08, 0.0, -10.0, -10.0]","[-0.3478296171875, 2.5458982773437495, 10.215005035156251]",0,1688.1373291015625,0,31.366518936157227,"[-44.98291014888, 0.82397460924, -6.65283203016]","[0, 0, 0]",0,3,0.0,0.0,1.667,0,0,0,4294967.295,3750000.896,0,62007,0,7.508235454559326,6.085967063903809,24.313608169555664,0,state.FLIGHT,923,-23,0,-23,-0.23510079085826874,1667,1688,"[10.8, 0.5, 17.6, 10.4, 16.5, 17.0, 0, 0]","[3.655, 3.655, 3.654]",0.284,"[2.9952, 3.3104, 5.0048, 7.36, 8.441600000000001, 27.8288]","[0.033125, 0.2525, -0.000625, 0.0, -0.00125, -0.00125]",0,0,29.0,"[0, 0, 0, 0, 0, 0]",9.6540238553387,42.3600334,-71.0933108,3,-37.671
1774901730.1446278,"[0, 0, 0, 0, 0, 0]","[1291, 1500, 1400, 1400]","[-25.08, 0.0, -10.0, -10.0]","[-0.32867600390624996, 2.55509201171875, 10.206577445312499]",0,1706.145751953125,0,31.36214698791504,"[-44.98291014888, -7.04956054572, -4.7912597648399995]","[0, 0, 0]",0,3,0.0,0.0,1.7,0,0,0,4294967.295,3750000.896,0,62067,0,7.479516983032227,6.209247589111328,27.012582778930664,0,state.FLIGHT,924,-23,0,-24,-0.23347218334674835,1700,1706,"[10.6, 0.5, 16.5, 10.8, 15.9, 17.0, 0, 0]","[3.655, 3.655, 3.654]",0.284,"[2.9936000000000003, 3.3104, 5.0016, 7.3616, 8.464, 27.8272]","[0.0425, 0.614375, 0.003125, 0.001875, -0.000625, 0.019375]",0,0,29.0,"[0, 0, 0, 0, 0, 0]",9.709711753025614,42.3600334,-71.0933108,3,-37.671
1774901730.20014,"[0, 0, 0, 0, 0, 0]","[1291, 1500, 1400, 1400]","[-25.08, 0.0, -10.0, -10.0]","[-0.33786973828125, 2.55509201171875, 10.21347274609375]",0,1721.0885009765625,0,31.357775039672852,"[-44.98291014888, -8.63647460796, 0.24414062496]","[0, 0, 0]",0,3,0.0,0.0,1.7,0,0,0,4294967.295,3750000.896,0,62121,0,7.444582939147949,6.412638187408447,29.441659927368164,0,state.FLIGHT,925,-23,0,-24,-0.232174813747406,1700,1721,"[10.8, 0.5, 16.5, 10.4, 15.9, 16.5, 0, 0]","[3.655, 3.655, 3.654]",0.284,"[2.9936000000000003, 3.3104, 5.0016, 7.3616, 8.464, 27.8272]","[0.0425, 0.614375, 0.003125, 0.001875, -0.000625, 0.019375]",0,0,29.0,"[0, 0, 0, 0, 0, 0]",9.813861470276112,42.3600324,-71.0933117,3,-37.57
1774901730.2595437,"[0, 0, 0, 0, 0, 0]","[1291, 1500, 1400, 1400]","[-25.08, 0.0, -10.0, -10.0]","[-0.35319262890625003, 2.54359984375, 10.231860214843751]",0,1738.943603515625,0,31.370890884399415,"[-44.98291014888, 6.3781738270799995, 12.90893554476]","[0, 0, 0]",0,3,0.0,0.0,1.727,0,0,0,4294967.295,3750000.896,0,62181,0,7.647252559661865,6.419318675994873,32.14067840576172,0,state.FLIGHT,926,-23,0,-23,-0.23058709502220154,1727,1738,"[10.8, 0.5, 17.0, 10.6, 16.5, 17.6, 0, 0]","[3.655, 3.655, 3.654]",0.284,"[2.9968000000000004, 3.3104, 5.0032000000000005, 7.3584000000000005, 8.448, 27.8272]","[0.040625, 0.6062500000000001, -0.00125, -0.00125, -0.004375, 0.020625]",0,0,29.0,"[0, 0, 0, 0, 0, 0]",9.972107860808393,42.3600308,-71.0933124,3,-37.421
1774901730.319544,"[0, 0, 0, 0, 0, 0]","[1291, 1500, 1400, 1400]","[-25.08, 0.0, -10.0, -10.0]","[-0.33786973828125, 2.56735032421875, 10.211940457031249]",0,1756.7156982421875,0,31.36214698791504,"[-44.98291014888, 3.75366210876, -6.65283203016]","[0, 0, 0]",0,3,0.0,0.0,1.756,0,0,0,4294967.295,3750000.896,0,62241,0,7.86300802230835,6.49866247177124,34.83965301513672,0,state.FLIGHT,927,-23,0,-23,-0.22904470562934875,1756,1756,"[10.6, 0.5, 16.5, 10.4, 15.9, 16.5, 0, 0]","[3.655, 3.655, 3.654]",0.284,"[2.9968000000000004, 3.3104, 5.0032000000000005, 7.3584000000000005, 8.448, 27.8272]","[0.040625, 0.6062500000000001, -0.00125, -0.00125, -0.004375, 0.020625]",0,0,29.0,"[0, 0, 0, 0, 0, 0]",10.18792514413537,42.3600308,-71.0933124,3,-37.421
1774901730.382072,"[0, 0, 0, 0, 0, 0]","[1291, 1500, 1400, 1400]","[-25.08, 0.0, -10.0, -10.0]","[-0.35472491796875, 2.5328738203125, 10.23032792578125]",0,1774.4052734375,0,31.357775039672852,"[-44.98291014888, -3.69262695252, 1.92260742156]","[0, 0, 0]",0,3,0.0,0.0,1.756,0,0,0,4294967.295,3750000.896,0,62301,0,8.186773300170898,6.405869007110596,37.53858184814453,0,state.FLIGHT,928,-23,0,-24,-0.22752411663532257,1756,1774,"[10.6, 0.5, 16.5, 10.8, 15.9, 15.9, 0, 0]","[3.655, 3.655, 3.654]",0.284,"[2.9952, 3.3104, 5.0016, 7.3632, 8.4624, 27.8288]","[0.03375, 0.230625, 0.000625, -0.00125, -0.000625, 0.00125]",0,0,29.0,"[0, 0, 0, 0, 0, 0]",10.381644270983244,42.3600286,-71.0933129,3,-37.205
1774901730.4300656,"[0, 0, 0, 0, 0, 0]","[1291, 1500, 1400, 1400]","[-25.08, 0.0, -10.0, -10.0]","[-0.36085407421875, 2.534406109375, 10.2188357578125]",0,1792.012939453125,0,31.39275062561035,"[-44.98291014888, -0.1525878906, -4.4250488273999995]","[0, 0, 0]",0,3,0.0,0.0,1.789,0,0,0,4294967.295,3750000.896,0,62355,0,8.022252082824707,6.5425896644592285,39.967750549316406,0,state.FLIGHT,929,-23,0,-23,-0.2260473072528839,1789,1792,"[10.4, 0.5, 16.5, 10.6, 15.5, 17.0, 0, 0]","[3.655, 3.655, 3.654]",0.284,"[2.9952, 3.3104, 5.0016, 7.3632, 8.4624, 27.8288]","[0.03375, 0.230625, 0.000625, -0.00125, -0.000625, 0.00125]",0,0,29.0,"[0, 0, 0, 0, 0, 0]",10.338359538293112,42.3600286,-71.0933129,3,-37.205
1774901730.4945729,"[0, 0, 0, 0, 0, 0]","[1291, 1500, 1400, 1400]","[-25.08, 0.0, -10.0, -10.0]","[-0.33786973828125, 2.546664421875, 10.22726334765625]",0,1809.5394287109375,0,31.401494522094726,"[-44.98291014888, 5.9509277334, 0.42724609368]","[0, 0, 0]",0,3,0.0,0.0,1.789,0,0,0,4294967.295,3750000.896,0,62415,0,8.364054679870605,6.516927719116211,42.66667938232422,0,state.FLIGHT,930,-23,0,-23,-0.22456856071949005,1789,1809,"[10.6, 0.5, 16.5, 10.8, 15.9, 16.5, 0, 0]","[3.655, 3.655, 3.654]",0.284,"[2.9952, 3.3088, 5.0048, 7.3632, 8.4656, 27.8272]","[0.033125, 0.251875, -0.003125, -0.0025, -0.00125, 0.000625]",0,0,29.0,"[0, 0, 0, 0, 0, 0]",10.588927431501249,42.360025799999995,-71.09331399999999,3,-37.005
1774901730.5497508,"[0, 0, 0, 0, 0, 0]","[1291, 1500, 1400, 1400]","[-25.08, 0.0, -10.0, -10.0]","[-0.3478296171875, 2.5481967109375, 10.199682144531248]",0,1826.9852294921875,0,31.384006729125975,"[-44.98291014888, 2.77709960892, 6.5612792958]","[0, 0, 0]",0,3,0.0,0.0,1.818,0,0,0,4294967.295,3750000.896,0,62475,0,8.664960861206055,6.584686756134033,45.36565399169922,0,state.FLIGHT,931,-23,0,-24,-0.22308768332004547,1818,1826,"[10.4, 0.5, 15.9, 10.4, 15.9, 17.0, 0, 0]","[3.655, 3.655, 3.654]",0.284,"[2.9952, 3.3120000000000003, 5.0032000000000005, 7.364800000000001, 8.4528, 27.824]","[0.0325, 0.25, -0.0025, -0.00625, -0.00375, -0.00375]",0,0,29.0,"[0, 0, 0, 0, 0, 0]",10.867764320961651,42.360025799999995,-71.09331399999999,3,-37.005
1774901730.609253,"[0, 0, 0, 0, 0, 0]","[1291, 1500, 1400, 1400]","[-25.08, 0.0, -10.0, -10.0]","[-0.35625720703125, 2.549729, 10.19661756640625]",0,1844.3504638671875,0,31.39275062561035,"[-44.98291014888, 4.1809082024399995, 7.65991210812]","[0, 0, 0]",0,3,0.0,0.0,1.818,0,0,0,4294967.295,3750000.896,0,62535,0,8.854208946228027,6.505319118499756,48.064762115478516,0,state.FLIGHT,932,-23,0,-23,-0.22169342637062073,1818,1844,"[10.6, 0.5, 17.0, 10.4, 15.9, 15.9, 0, 0]","[3.655, 3.655, 3.654]",0.284,"[2.9952, 3.3120000000000003, 5.0032000000000005, 7.364800000000001, 8.4528, 27.824]","[0.0325, 0.25, -0.0025, -0.00625, -0.00375, -0.00375]",0,0,29.0,"[0, 0, 0, 0, 0, 0]",10.97171320638307,42.3600245,-71.0933151,3,-36.913
1774901730.663764,"[0, 0, 0, 0, 0, 0]","[1291, 1500, 1400, 1400]","[-25.08, 0.0, -10.0, -10.0]","[-0.33786973828125, 2.53976912109375, 10.2372232265625]",0,1858.760986328125,0,31.39712257385254,"[-44.98291014888, 5.5236816397199995, 7.14111328008]","[0, 0, 0]",0,3,0.0,0.0,1.847,0,0,0,4294967.295,3750000.896,0,62589,0,8.92114543914795,6.418388843536377,50.493656158447266,0,state.FLIGHT,933,-23,0,-23,-0.22022287547588348,1847,1858,"[10.8, 0.5, 16.5, 10.6, 15.5, 17.0, 0, 0]","[3.655, 3.655, 3.654]",0.284,"[2.9936000000000003, 3.3120000000000003, 5.0048, 7.368, 8.4672, 27.822400000000002]","[0.03, 0.2675, -0.003125, 0.000625, -0.000625, -0.00375]",0,0,29.0,"[0, 0, 0, 0, 0, 0]",10.974917972223356,42.3600238,-71.09331639999999,3,-36.906
1774901730.7267854,"[0, 0, 0, 0, 0, 0]","[1291, 1500, 1400, 1400]","[-25.08, 0.0, -10.0, -10.0]","[-0.38537069921875, 2.5842055039062495, 10.2356909375]",0,1875.9808349609375,0,31.405866470336914,"[-44.98291014888, -13.5803222634, 1.73950195284]","[0, 0, 0]",0,3,0.0,0.0,1.873,0,0,0,4294967.295,3750000.896,0,62649,0,9.142500877380371,6.579505920410156,53.19267654418945,0,state.FLIGHT,934,-23,0,-24,-0.21886543929576874,1873,1875,"[10.6, 0.5, 15.9, 10.4, 15.5, 16.5, 0, 0]","[3.655, 3.655, 3.654]",0.284,"[2.9936000000000003, 3.3120000000000003, 5.0048, 7.368, 8.4672, 27.822400000000002]","[0.03, 0.2675, -0.003125, 0.000625, -0.000625, -0.00375]",0,0,29.0,"[0, 0, 0, 0, 0, 0]",11.247527027083374,42.3600238,-71.09331639999999,3,-36.906
1774901730.785496,"[0, 0, 0, 0, 0, 0]","[1291, 1500, 1400, 1400]","[-25.08, 0.0, -10.0, -10.0]","[-0.34553118359374996, 2.5298092421875, 10.201980578125]",0,1893.121826171875,0,31.405866470336914,"[-44.98291014888, 2.96020507764, 1.92260742156]","[0, 0, 0]",0,3,0.0,0.0,1.873,0,0,0,4294967.295,3750000.896,0,62709,0,8.837928771972656,6.634842872619629,55.89165115356445,0,state.FLIGHT,935,-23,0,-24,-0.2174612283706665,1873,1893,"[10.4, 0.5, 16.5, 10.8, 15.9, 16.5, 0, 0]","[3.655, 3.655, 3.654]",0.284,"[2.9936000000000003, 3.3104, 5.0016, 7.368, 8.4528, 27.8288]","[0.03375, 0.565625, -0.0025, -0.00125, -0.003125, -0.001875]",0,0,29.0,"[0, 0, 0, 0, 0, 0]",11.035403112691519,42.3600232,-71.093318,3,-36.989
1774901730.8435044,"[0, 0, 0, 0, 0, 0]","[1291, 1500, 1400, 1400]","[-25.08, 0.0, -10.0, -10.0]","[-0.31794998046875, 2.54359984375, 10.202746722656249]",0,1910.1846923828125,0,31.39275062561035,"[-44.98291014888, -9.97924804524, -2.92968749952]","[0, 0, 0]",0,3,0.0,0.0,1.901,0,0,0,4294967.295,3750000.896,0,62769,0,8.790340423583984,6.924058437347412,58.59062576293945,0,state.FLIGHT,936,-23,0,-24,-0.21609757840633392,1901,1910,"[10.6, 0.5, 17.0, 10.8, 15.9, 17.0, 0, 0]","[3.655, 3.655, 3.654]",0.284,"[2.9936000000000003, 3.3104, 5.0016, 7.368, 8.4528, 27.8288]","[0.03375, 0.565625, -0.0025, -0.00125, -0.003125, -0.001875]",0,0,29.0,"[0, 0, 0, 0, 0, 0]",11.172983433034307,42.3600232,-71.093318,3,-36.989
1774901730.9020133,"[0, 0, 0, 0, 0, 0]","[1291, 1500, 1400, 1400]","[-25.08, 0.0, -10.0, -10.0]","[-0.34553118359374996, 2.5573904453125, 10.221900335937498]",0,1924.3441162109375,0,31.405866470336914,"[-44.98291014888, 3.2043457026, 5.2795410147599995]","[0, 0, 0]",0,3,0.0,0.0,1.901,0,0,0,4294967.295,3750000.896,0,62823,0,8.994693756103516,6.720647811889648,61.019657135009766,0,state.FLIGHT,937,-23,0,-24,-0.21519050002098083,1901,1924,"[10.6, 0.5, 15.9, 10.4, 15.5, 16.5, 0, 0]","[3.655, 3.655, 3.654]",0.284,"[2.9952, 3.3136, 5.0032000000000005, 7.3696, 8.4336, 27.8256]","[0.038125, 0.603125, 0.003125, -0.0025, 0.00125, 0.01875]",0,0,29.0,"[0, 0, 0, 0, 0, 0]",11.211584450438215,42.360022199999996,-71.093319,3,-37.075
1774901730.9605227,"[0, 0, 0, 0, 0, 0]","[1291, 1500, 1400, 1400]","[-25.08, 0.0, -10.0, -10.0]","[-0.3478296171875, 2.55355972265625, 10.21347274609375]",0,1941.2646484375,0,31.39712257385254,"[-44.98291014888, 5.4016113272399995, -1.9836425778]","[0, 0, 0]",0,3,0.0,0.0,1.929,0,0,0,4294967.295,3750000.896,0,62883,0,8.86772632598877,6.682800769805908,63.718631744384766,0,state.FLIGHT,938,-23,0,-24,-0.21383750438690186,1929,1941,"[10.6, 0.5, 16.5, 10.8, 17.0, 17.6, 0, 0]","[3.655, 3.655, 3.654]",0.284,"[2.9952, 3.3136, 5.0032000000000005, 7.3696, 8.4336, 27.8256]","[0.038125, 0.603125, 0.003125, -0.0025, 0.00125, 0.01875]",0,0,29.0,"[0, 0, 0, 0, 0, 0]",11.087781940715095,42.3600207,-71.0933196,3,-37.195
1774901731.017523,"[0, 0, 0, 0, 0, 0]","[1291, 1500, 1400, 1400]","[-25.08, 0.0, -10.0, -10.0]","[-0.35625720703125, 2.5612211679687498, 10.19814985546875]",0,1958.1083984375,0,31.39712257385254,"[-44.98291014888, 8.33129882676, -2.56347656208]","[0, 0, 0]",0,3,0.0,0.0,1.958,0,0,0,4294967.295,3750000.896,0,62943,0,8.755391120910645,6.643770694732666,66.41764831542969,0,state.FLIGHT,939,-23,0,-24,-0.21252386271953583,1958,1958,"[10.6, 0.5, 17.0, 10.4, 15.5, 16.5, 0, 0]","[3.655, 3.655, 3.654]",0.284,"[2.9952, 3.3104, 5.0048, 7.3632, 8.457600000000001, 27.822400000000002]","[0.036875, 0.57875, 0.003125, -0.00125, -0.004375, 0.02625]",0,0,29.0,"[0, 0, 0, 0, 0, 0]",10.975069512275681,42.3600207,-71.0933196,3,-37.195
1774901731.077544,"[0, 0, 0, 0, 0, 0]","[1291, 1500, 1400, 1400]","[-25.08, 0.0, -10.0, -10.0]","[-0.33327287109375, 2.56811646875, 10.215771179687499]",0,1974.8753662109375,0,31.41461036682129,"[-44.98291014888, -9.6130371078, 1.55639648412]","[0, 0, 0]",0,3,0.0,0.0,1.958,0,0,0,4294967.295,3750000.896,0,63003,0,8.760583877563477,6.745729923248291,69.11662292480469,0,state.FLIGHT,940,-23,0,-24,-0.21124860644340515,1958,1974,"[10.2, 0.5, 17.0, 11.3, 16.5, 17.0, 0, 0]","[3.655, 3.655, 3.654]",0.284,"[2.9952, 3.3104, 5.0048, 7.3632, 8.457600000000001, 27.822400000000002]","[0.036875, 0.57875, 0.003125, -0.00125, -0.004375, 0.02625]",0,0,29.0,"[0, 0, 0, 0, 0, 0]",11.04070677855482,42.3600195,-71.0933198,3,-37.202
1774901731.1325586,"[0, 0, 0, 0, 0, 0]","[1291, 1500, 1400, 1400]","[-25.08, 0.0, -10.0, -10.0]","[-0.35242648437499996, 2.52904309765625, 10.201980578125]",0,1991.566650390625,0,31.43209815979004,"[-44.98291014888, 6.1340332021199995, 3.9672851556]","[0, 0, 0]",0,3,0.0,0.0,1.988,0,0,0,4294967.295,3750000.896,0,63057,0,8.573896408081055,6.864454746246338,71.54570007324219,0,state.FLIGHT,941,-23,0,-24,-0.20996908843517303,1988,1991,"[10.4, 0.5, 17.0, 10.0, 17.0, 17.0, 0, 0]","[3.655, 3.655, 3.654]",0.284,"[2.9968000000000004, 3.3120000000000003, 5.0032000000000005, 7.3632, 8.459200000000001, 27.8256]","[0.0325, 0.22875, -0.0025, -0.005, 0.006875, -0.000625]",0,0,29.0,"[0, 0, 0, 0, 0, 0]",10.967217184494347,42.3600195,-71.0933198,3,-37.202
1774901731.1939962,"[0, 0, 0, 0, 0, 0]","[1291, 1500, 1400, 1400]","[-25.08, 0.0, -10.0, -10.0]","[-0.35319262890625003, 2.5481967109375, 10.211940457031249]",0,2008.18212890625,0,31.440842056274413,"[-44.98291014888, -5.09643554604, -10.2233886702]","[0, 0, 0]",0,3,0.0,0.0,1.988,0,0,0,4294967.295,3750000.896,0,63117,0,8.302861213684082,7.082986354827881,74.24481201171875,0,state.FLIGHT,942,-24,0,-24,-0.2087484449148178,1988,2008,"[10.6, 0.5, 15.9, 10.6, 15.5, 17.6, 0, 0]","[3.655, 3.655, 3.654]",0.284,"[2.9968000000000004, 3.3120000000000003, 5.0032000000000005, 7.3632, 8.459200000000001, 27.8256]","[0.0325, 0.22875, -0.0025, -0.005, 0.006875, -0.000625]",0,0,29.0,"[0, 0, 0, 0, 0, 0]",10.897439009675663,42.360019699999995,-71.0933198,3,-37.25
1774901731.25221,"[0, 0, 0, 0, 0, 0]","[1291, 1500, 1400, 1400]","[-25.08, 0.0, -10.0, -10.0]","[-0.34170046093749995, 2.5604550234375, 10.20581130078125]",0,2024.722900390625,0,31.427726211547853,"[-44.98291014888, 6.1340332021199995, 16.41845702856]","[0, 0, 0]",0,3,0.0,0.0,2.013,0,0,0,4294967.295,3750000.896,0,63177,0,8.547584533691406,7.224615097045898,76.943603515625,0,state.FLIGHT,943,-24,0,-24,-0.2074607014656067,2013,2024,"[10.4, 0.5, 16.5, 10.4, 16.5, 17.0, 0, 0]","[3.655, 3.655, 3.654]",0.284,"[2.9984, 3.3104, 5.0032000000000005, 7.3632, 8.459200000000001, 27.8304]","[0.034375, 0.259375, -0.0075, -0.00375, 0.003125, -0.0025]",0,0,29.0,"[0, 0, 0, 0, 0, 0]",11.174438098523161,42.360019799999996,-71.0933202,3,-37.468
1774901731.3117158,"[0, 0, 0, 0, 0, 0]","[1291, 1500, 1400, 1400]","[-25.08, 0.0, -10.0, -10.0]","[-0.34706347265625, 2.5612211679687498, 10.216537324218748]",0,2041.188720703125,0,31.427726211547853,"[-44.98291014888, -2.71606445268, -4.08935546808]","[0, 0, 0]",0,3,0.0,0.0,2.013,0,0,0,4294967.295,3750000.896,0,63237,0,8.464263916015625,7.198976516723633,79.64262390136719,0,state.FLIGHT,944,-24,0,-24,-0.20623119175434113,2013,2041,"[10.6, 0.5, 16.5, 11.1, 15.9, 16.5, 0, 0]","[3.655, 3.655, 3.654]",0.284,"[2.9968000000000004, 3.3088, 5.0016, 7.364800000000001, 8.4672, 27.832]","[0.02875, 0.21875, -0.0025, -0.003125, -0.001875, -0.000625]",0,0,29.0,"[0, 0, 0, 0, 0, 0]",11.094641530674329,42.360019799999996,-71.0933202,3,-37.468
1774901731.366226,"[0, 0, 0, 0, 0, 0]","[1291, 1500, 1400, 1400]","[-25.08, 0.0, -10.0, -10.0]","[-0.31948226953125, 2.55585815625, 10.21347274609375]",0,2054.853759765625,0,31.405866470336914,"[-44.98291014888, -5.5236816397199995, -7.44628906128]","[0, 0, 0]",0,3,0.0,0.0,2.043,0,0,0,4294967.295,3750000.896,0,63291,0,8.402271270751953,7.1926655769348145,82.07170104980469,0,state.FLIGHT,945,-24,0,-24,-0.20521879196166992,2043,2054,"[10.6, 0.5, 17.0, 10.8, 15.9, 16.5, 0, 0]","[3.655, 3.655, 3.654]",0.284,"[2.9968000000000004, 3.3088, 5.0016, 7.364800000000001, 8.4672, 27.832]","[0.02875, 0.21875, -0.0025, -0.003125, -0.001875, -0.000625]",0,0,29.0,"[0, 0, 0, 0, 0, 0]",11.04358737484413,42.3600206,-71.09332069999999,3,-37.706
1774901731.426226,"[0, 0, 0, 0, 0, 0]","[1291, 1500, 1400, 1400]","[-25.08, 0.0, -10.0, -10.0]","[-0.35319262890625003, 2.55355972265625, 10.209642023437498]",0,2071.18408203125,0,31.427726211547853,"[-44.98291014888, -8.63647460796, -6.28662109272]","[0, 0, 0]",0,3,0.0,0.0,2.068,0,0,0,4294967.295,3750000.896,0,63351,0,8.242997169494629,7.45445442199707,84.77067565917969,0,state.FLIGHT,946,-24,0,-24,-0.20401830971240997,2068,2071,"[10.2, 0.5, 17.0, 10.4, 15.5, 16.5, 0, 0]","[3.655, 3.655, 3.654]",0.284,"[2.9968000000000004, 3.3104, 5.0032000000000005, 7.3632, 8.4288, 27.8288]","[0.034375, 0.2575, -0.000625, -0.005, -0.003125, -0.0025]",0,0,29.0,"[0, 0, 0, 0, 0, 0]",11.09646547501615,42.3600206,-71.09332069999999,3,-37.706
1774901731.4857337,"[0, 0, 0, 0, 0, 0]","[1291, 1500, 1400, 1400]","[-25.08, 0.0, -10.0, -10.0]","[-0.33863588281249996, 2.549729, 10.214238890625]",0,2087.441162109375,0,31.423354263305665,"[-44.98291014888, -1.12915039044, 2.25830078088]","[0, 0, 0]",0,3,0.0,0.0,2.068,0,0,0,4294967.295,3750000.896,0,63411,0,8.422136306762695,7.592398643493652,87.46965026855469,0,state.FLIGHT,947,-24,0,-24,-0.2028333991765976,2068,2087,"[10.4, 0.5, 15.9, 10.8, 15.5, 16.5, 0, 0]","[3.655, 3.655, 3.654]",0.284,"[2.9968000000000004, 3.3104, 5.0032000000000005, 7.3632, 8.4288, 27.8288]","[0.034375, 0.2575, -0.000625, -0.005, -0.003125, -0.0025]",0,0,29.0,"[0, 0, 0, 0, 0, 0]",11.320805334026435,42.360020999999996,-71.0933198,3,-37.924
1774901731.5467474,"[0, 0, 0, 0, 0, 0]","[1291, 1500, 1400, 1400]","[-25.08, 0.0, -10.0, -10.0]","[-0.35778949609375, 2.5451321328125, 10.224198769531249]",0,2103.625,0,31.440842056274413,"[44.98291014888, 4.7912597648399995, 6.0119628896399995]","[0, 0, 0]",0,3,0.0,0.0,2.095,0,0,0,4294967.295,3750000.896,0,63471,0,8.767592430114746,7.529533863067627,88.36935424804688,0,state.FLIGHT,948,-24,0,-24,-0.20164352655410767,2095,2103,"[10.8, 0.5, 16.5, 10.6, 15.0, 16.5, 0, 0]","[3.655, 3.655, 3.654]",0.284,"[2.9968000000000004, 3.3104, 5.0064, 7.3584000000000005, 8.4544, 27.8256]","[0.038125, 0.6118750000000001, -0.000625, -0.00625, 0.001875, -0.00125]",0,0,29.0,"[0, 0, 0, 0, 0, 0]",11.537800458750626,42.360020999999996,-71.0933198,3,-37.924
1774901731.602768,"[0, 0, 0, 0, 0, 0]","[1291, 1500, 1400, 1400]","[-25.08, 0.0, -10.0, -10.0]","[-0.31488540234375, 2.55585815625, 10.226497203124998]",0,2119.736572265625,0,31.458329849243164,"[44.98291014888, -3.5095214838, -3.87573242124]","[0, 0, 0]",0,3,0.0,0.0,2.095,0,0,0,4294967.295,3750000.896,0,63525,0,8.898798942565918,7.383140563964844,85.94027709960938,0,state.FLIGHT,949,-24,0,-24,-0.2004888504743576,2095,2119,"[10.6, 0.5, 16.5, 10.6, 15.0, 16.5, 0, 0]","[3.655, 3.655, 3.654]",0.284,"[2.9968000000000004, 3.3104, 5.0064, 7.3584000000000005, 8.4544, 27.8256]","[0.038125, 0.6118750000000001, -0.000625, -0.00625, 0.001875, -0.00125]",0,0,29.0,"[0, 0, 0, 0, 0, 0]",11.54382475025,42.360021499999995,-71.09331999999999,3,-38.081
1774901731.6602826,"[0, 0, 0, 0, 0, 0]","[1291, 1500, 1400, 1400]","[-25.08, 0.0, -10.0, -10.0]","[-0.34170046093749995, 2.5696487578125, 10.2188357578125]",0,2135.776123046875,0,31.4452140045166,"[44.98291014888, -6.2561035145999995, 1.15966796856]","[0, 0, 0]",0,3,0.0,0.0,2.125,0,0,0,4294967.295,3750000.896,0,63585,0,9.203405380249023,7.471627235412598,83.24125671386719,0,state.FLIGHT,950,-24,0,-24,-0.19936898350715637,2125,2135,"[10.4, 0.5, 17.0, 10.4, 16.5, 15.9, 0, 0]","[3.655, 3.655, 3.654]",0.284,"[2.9952, 3.3120000000000003, 5.0048, 7.3584000000000005, 8.432, 27.8368]","[0.039375, 0.628125, 0.00125, -0.004375, -0.0025, 0.01625]",0,0,29.0,"[0, 0, 0, 0, 0, 0]",11.834119373973797,42.3600219,-71.0933198,3,-38.215
1774901731.719285,"[0, 0, 0, 0, 0, 0]","[1291, 1500, 1400, 1400]","[-25.08, 0.0, -10.0, -10.0]","[-0.34553118359374996, 2.5428336992187495, 10.22573105859375]",0,2151.743896484375,0,31.440842056274413,"[44.98291014888, -6.07299804588, -5.92041015528]","[0, 0, 0]",0,3,0.0,0.0,2.151,0,0,0,4294967.295,3750000.896,0,63645,0,9.139634132385254,7.5125203132629395,80.54232788085938,0,state.FLIGHT,951,-24,0,-24,-0.19822366535663605,2151,2151,"[10.6, 0.5, 15.9, 10.4, 15.5, 15.9, 0, 0]","[3.655, 3.655, 3.654]",0.284,"[2.9952, 3.3120000000000003, 5.0048, 7.3584000000000005, 8.432, 27.8368]","[0.039375, 0.628125, 0.00125, -0.004375, -0.0025, 0.01625]",0,0,29.0,"[0, 0, 0, 0, 0, 0]",11.810622919797417,42.3600219,-71.0933198,3,-38.215
1774901731.7849789,"[0, 0, 0, 0, 0, 0]","[1291, 1500, 1400, 1400]","[-25.08, 0.0, -10.0, -10.0]","[-0.34706347265625, 2.5390029765624997, 10.206577445312499]",0,2167.64013671875,0,31.458329849243164,"[44.98291014888, 4.5471191398799995, 3.9672851556]","[0, 0, 0]",0,3,0.0,0.0,2.151,0,0,0,4294967.295,3750000.896,0,63705,0,9.055109024047852,7.279327392578125,77.84330749511719,0,state.FLIGHT,952,-24,0,-24,-0.19713230431079865,2151,2167,"[10.6, 0.5, 15.5, 10.4, 16.5, 17.0, 0, 0]","[3.655, 3.655, 3.654]",0.284,"[2.9968000000000004, 3.3088, 5.0016, 7.3632, 8.427200000000001, 27.820800000000002]","[0.03, 0.49875, 0.00375, -0.00625, -0.00125, 0.016875]",0,0,29.0,"[0, 0, 0, 0, 0, 0]",11.599190913551666,42.3600219,-71.0933201,3,-38.396
1774901731.8369796,"[0, 0, 0, 0, 0, 0]","[1291, 1500, 1400, 1400]","[-25.08, 0.0, -10.0, -10.0]","[-0.36238636328125, 2.55049514453125, 10.228795636718749]",0,2180.8330078125,0,31.453957901000976,"[44.98291014888, -1.12915039044, 2.65502929644]","[0, 0, 0]",0,3,0.0,0.0,2.175,0,0,0,4294967.295,3750000.896,0,63759,0,8.86103630065918,7.297878265380859,75.41378021240234,0,state.FLIGHT,953,-24,0,-24,-0.1964133083820343,2175,2180,"[10.4, 0.5, 16.5, 10.2, 15.9, 17.0, 0, 0]","[3.655, 3.655, 3.654]",0.284,"[2.9968000000000004, 3.3088, 5.0016, 7.3632, 8.427200000000001, 27.820800000000002]","[0.03, 0.49875, 0.00375, -0.00625, -0.00125, 0.016875]",0,0,29.0,"[0, 0, 0, 0, 0, 0]",11.460856845831763,42.3600219,-71.0933201,3,-38.396
1774901731.8934977,"[0, 0, 0, 0, 0, 0]","[1291, 1500, 1400, 1400]","[-25.08, 0.0, -10.0, -10.0]","[-0.35166033984374995, 2.53057538671875, 10.211174312499999]",0,2196.599609375,0,31.4452140045166,"[44.98291014888, -13.15307616972, -6.65283203016]","[0, 0, 0]",0,3,0.0,0.0,2.175,0,0,0,4294967.295,3750000.896,0,63819,0,8.857534408569336,7.53774881362915,72.71485137939453,0,state.FLIGHT,954,-24,0,-24,-0.19530710577964783,2175,2196,"[10.8, 0.5, 17.0, 10.6, 16.5, 15.9, 0, 0]","[3.655, 3.655, 3.654]",0.284,"[2.9952, 3.3104, 5.0048, 7.3632, 8.4384, 27.8288]","[0.035, 0.224375, 0.001875, -0.003125, -0.005, 0.00625]",0,0,29.0,"[0, 0, 0, 0, 0, 0]",11.611188583480379,42.3600219,-71.0933211,3,-38.465
1774901731.9545019,"[0, 0, 0, 0, 0, 0]","[1291, 1500, 1400, 1400]","[-25.08, 0.0, -10.0, -10.0]","[-0.36085407421875, 2.5474305664062498, 10.21806961328125]",0,2212.296142578125,0,31.471445693969727,"[44.98291014888, -0.94604492172, 4.69970703048]","[0, 0, 0]",0,3,0.0,0.0,2.201,0,0,0,4294967.295,3750000.896,0,63879,0,8.845067977905273,7.549333095550537,70.01592254638672,0,state.FLIGHT,955,-23,0,-24,-0.19421474635601044,2201,2212,"[10.6, 0.5, 15.5, 10.4, 16.5, 17.6, 0, 0]","[3.655, 3.655, 3.654]",0.284,"[2.9952, 3.3088, 5.0032000000000005, 7.3664000000000005, 8.4528, 27.8288]","[0.035625000000000004, 0.21125, -0.000625, -0.005, -0.003125, -0.005]",0,0,29.0,"[0, 0, 0, 0, 0, 0]",11.609206260065193,42.360021499999995,-71.0933214,3,-38.454
1774901732.01401,"[0, 0, 0, 0, 0, 0]","[1291, 1500, 1400, 1400]","[-25.08, 0.0, -10.0, -10.0]","[-0.33250672656249997, 2.55585815625, 10.226497203124998]",0,2227.9228515625,0,31.453957901000976,"[44.98291014888, 9.85717773276, -13.39721679468]","[0, 0, 0]",0,3,0.0,0.0,2.227,0,0,0,4294967.295,3750000.896,0,63939,0,8.991125106811523,7.543153285980225,67.3169937133789,0,state.FLIGHT,956,-23,0,-24,-0.19313588738441467,2227,2227,"[10.6, 0.5, 17.6, 10.6, 15.5, 16.5, 0, 0]","[3.655, 3.655, 3.654]",0.284,"[2.9952, 3.3088, 5.0032000000000005, 7.3664000000000005, 8.4528, 27.8288]","[0.035625000000000004, 0.21125, -0.000625, -0.005, -0.003125, -0.005]",0,0,29.0,"[0, 0, 0, 0, 0, 0]",11.716276338910536,42.360021499999995,-71.0933214,3,-38.454
1774901732.0690324,"[0, 0, 0, 0, 0, 0]","[1291, 1500, 1400, 1400]","[-25.08, 0.0, -10.0, -10.0]","[-0.3478296171875, 2.55509201171875, 10.226497203124998]",0,2240.891845703125,0,31.471445693969727,"[44.98291014888, -8.63647460796, 0.6103515624]","[0, 0, 0]",0,3,0.0,0.0,2.227,0,0,0,4294967.295,3750000.896,0,63993,0,9.160894393920898,7.691901683807373,64.88822937011719,0,state.FLIGHT,957,-23,0,-24,-0.19212870299816132,2227,2240,"[10.6, 0.5, 16.5, 10.6, 15.9, 16.5, 0, 0]","[3.655, 3.655, 3.654]",0.284,"[2.9968000000000004, 3.3120000000000003, 5.0032000000000005, 7.3664000000000005, 8.4512, 27.8288]","[0.031875, 0.24125, -0.004375, -0.003125, -0.004375, -0.00125]",0,0,29.0,"[0, 0, 0, 0, 0, 0]",11.940758050082147,42.3600202,-71.0933213,3,-38.523
1774901732.1300395,"[0, 0, 0, 0, 0, 0]","[1291, 1500, 1400, 1400]","[-25.08, 0.0, -10.0, -10.0]","[-0.34706347265625, 2.53517225390625, 10.208109734375]",0,2256.391845703125,0,31.471445693969727,"[44.98291014888, -0.762939453, 6.5612792958]","[0, 0, 0]",0,3,0.0,0.0,2.253,0,0,0,4294967.295,3750000.896,0,64053,0,9.221038818359375,7.768805027008057,62.189300537109375,0,state.FLIGHT,958,-23,0,-24,-0.19107498228549957,2253,2256,"[10.4, 0.5, 17.0, 10.4, 15.5, 17.0, 0, 0]","[3.655, 3.655, 3.654]",0.284,"[2.9968000000000004, 3.3120000000000003, 5.0032000000000005, 7.3664000000000005, 8.4512, 27.8288]","[0.031875, 0.24125, -0.004375, -0.003125, -0.004375, -0.00125]",0,0,29.0,"[0, 0, 0, 0, 0, 0]",12.035749797697942,42.3600202,-71.0933213,3,-38.523
1774901732.1875477,"[0, 0, 0, 0, 0, 0]","[1291, 1500, 1400, 1400]","[-25.08, 0.0, -10.0, -10.0]","[-0.34246660546874996, 2.5543258671875, 10.219601902343749]",0,2271.82275390625,0,31.480189590454103,"[44.98291014888, -10.58959960764, -0.33569335932]","[0, 0, 0]",0,3,0.0,0.0,2.253,0,0,0,4294967.295,3750000.896,0,64113,0,8.994873046875,8.00501537322998,59.490325927734375,0,state.FLIGHT,959,-23,0,-24,-0.1900721937417984,2253,2271,"[10.6, 0.5, 15.9, 10.4, 16.5, 16.5, 0, 0]","[3.655, 3.655, 3.654]",0.284,"[2.9936000000000003, 3.3104, 5.0016, 7.368, 8.4368, 27.8288]","[0.0325, 0.22625, -0.00375, -0.00375, 0.0, -0.001875]",0,0,29.0,"[0, 0, 0, 0, 0, 0]",12.019152355616734,42.3600193,-71.09332239999999,3,-38.512
1774901732.2519388,"[0, 0, 0, 0, 0, 0]","[1291, 1500, 1400, 1400]","[-25.08, 0.0, -10.0, -10.0]","[-0.33557130468749996, 2.558922734375, 10.21347274609375]",0,2287.185546875,0,31.480189590454103,"[44.98291014888, -5.2795410147599995, 7.50732421752]","[0, 0, 0]",0,3,0.0,0.0,2.279,0,0,0,4294967.295,3750000.896,0,64173,0,9.105339050292969,8.138779640197754,56.791351318359375,0,state.FLIGHT,960,-23,0,-24,-0.1890629082918167,2279,2287,"[10.0, 0.5, 16.5, 10.4, 15.5, 17.0, 0, 0]","[3.655, 3.655, 3.654]",0.284,"[2.9936000000000003, 3.3104, 5.0016, 7.368, 8.4368, 27.8288]","[0.0325, 0.22625, -0.00375, -0.00375, 0.0, -0.001875]",0,0,29.0,"[0, 0, 0, 0, 0, 0]",12.18965202827007,42.3600193,-71.09332239999999,3,-38.512
1774901732.3014433,"[0, 0, 0, 0, 0, 0]","[1291, 1500, 1400, 1400]","[-25.08, 0.0, -10.0, -10.0]","[-0.33786973828125, 2.53976912109375, 10.22573105859375]",0,2302.480224609375,0,31.48456153869629,"[44.98291014888, 0.82397460924, 7.87353515496]","[0, 0, 0]",0,3,0.0,0.0,2.279,0,0,0,4294967.295,3750000.896,0,64227,0,9.398065567016602,8.172213554382324,54.36222839355469,0,state.FLIGHT,961,-24,0,-24,-0.18806609511375427,2279,2302,"[10.4, 0.5, 16.5, 10.8, 15.9, 16.5, 0, 0]","[3.655, 3.655, 3.654]",0.284,"[2.9936000000000003, 3.3120000000000003, 5.0016, 7.3664000000000005, 8.4496, 27.8256]","[0.035, 0.626875, -0.000625, 0.0, -0.0025, 0.014375]",0,0,29.0,"[0, 0, 0, 0, 0, 0]",12.430119670721131,42.3600187,-71.093323,3,-38.446
1774901732.3619735,"[0, 0, 0, 0, 0, 0]","[1291, 1500, 1400, 1400]","[-25.08, 0.0, -10.0, -10.0]","[-0.33633744921875, 2.55355972265625, 10.238755515624998]",0,2317.70703125,0,31.48456153869629,"[44.98291014888, -8.02612304556, -8.33129882676]","[0, 0, 0]",0,3,0.0,0.0,2.307,0,0,0,4294967.295,3750000.896,0,64287,0,9.197868347167969,8.18077278137207,51.663299560546875,0,state.FLIGHT,962,-24,0,-25,-0.18708139657974243,2307,2317,"[10.2, 0.5, 17.0, 10.6, 15.9, 15.9, 0, 0]","[3.655, 3.655, 3.654]",0.284,"[2.9936000000000003, 3.3120000000000003, 5.0016, 7.3664000000000005, 8.4496, 27.8256]","[0.035, 0.626875, -0.000625, 0.0, -0.0025, 0.014375]",0,0,29.0,"[0, 0, 0, 0, 0, 0]",12.286136525117431,42.3600168,-71.0933239,3,-38.186
1774901732.4219775,"[0, 0, 0, 0, 0, 0]","[1291, 1500, 1400, 1400]","[-25.08, 0.0, -10.0, -10.0]","[-0.3309744375, 2.55355972265625, 10.215771179687499]",0,2332.86669921875,0,31.480189590454103,"[44.98291014888, -5.46264648348, 1.92260742156]","[0, 0, 0]",0,3,0.0,0.0,2.33,0,0,0,4294967.295,3750000.896,0,64347,0,9.347997665405273,8.26561450958252,48.96428298950195,0,state.FLIGHT,963,-23,0,-24,-0.18607157468795776,2330,2332,"[10.8, 0.5, 16.5, 10.6, 15.5, 17.6, 0, 0]","[3.655, 3.655, 3.654]",0.284,"[2.9968000000000004, 3.3088, 5.0048, 7.3664000000000005, 8.443200000000001, 27.8304]","[0.035625000000000004, 0.618125, -0.000625, -0.003125, -0.00625, 0.00875]",0,0,29.0,"[0, 0, 0, 0, 0, 0]",12.453807434349061,42.3600168,-71.0933239,3,-38.186
1774901732.4824991,"[0, 0, 0, 0, 0, 0]","[1291, 1500, 1400, 1400]","[-25.08, 0.0, -10.0, -10.0]","[-0.33020829296874993, 2.5420675546875, 10.21806961328125]",0,2347.959228515625,0,31.493305435180662,"[44.98291014888, 5.7678222646799995, 0.24414062496]","[0, 0, 0]",0,3,0.0,0.0,2.33,0,0,0,4294967.295,3750000.896,0,64407,0,9.502099990844727,8.051383018493652,46.26535415649414,0,state.FLIGHT,964,-23,0,-24,-0.18514789640903473,2330,2347,"[10.4, 0.5, 16.5, 10.6, 15.0, 15.9, 0, 0]","[3.655, 3.655, 3.654]",0.284,"[2.9968000000000004, 3.3088, 5.0048, 7.3664000000000005, 8.443200000000001, 27.8304]","[0.035625000000000004, 0.618125, -0.000625, -0.003125, -0.00625, 0.00875]",0,0,29.0,"[0, 0, 0, 0, 0, 0]",12.430546634088877,42.3600171,-71.0933252,3,-38.162
1774901732.5365064,"[0, 0, 0, 0, 0, 0]","[1291, 1500, 1400, 1400]","[-25.08, 0.0, -10.0, -10.0]","[-0.33863588281249996, 2.5328738203125, 10.219601902343749]",0,2360.48583984375,0,31.475817642211915,"[44.98291014888, 6.3781738270799995, 5.46264648348]","[0, 0, 0]",0,3,0.0,0.0,2.355,0,0,0,4294967.295,3750000.896,0,64461,0,9.611522674560547,7.899368762969971,43.83627700805664,0,state.FLIGHT,965,-23,0,-24,-0.18435609340667725,2355,2360,"[10.4, 0.5, 15.9, 10.6, 15.0, 17.0, 0, 0]","[3.655, 3.655, 3.654]",0.284,"[2.9984, 3.3120000000000003, 5.0048, 7.3632, 8.4448, 27.8272]","[0.038125, 0.2325, -0.004375, -0.001875, -0.00125, 0.0125]",0,0,29.0,"[0, 0, 0, 0, 0, 0]",12.417496621098218,42.3600171,-71.0933252,3,-38.162
1774901732.5965383,"[0, 0, 0, 0, 0, 0]","[1291, 1500, 1400, 1400]","[-25.08, 0.0, -10.0, -10.0]","[-0.34170046093749995, 2.5527935781249997, 10.2310940703125]",0,2375.45654296875,0,31.493305435180662,"[44.98291014888, -4.6691894523599995, -1.9836425778]","[0, 0, 0]",0,3,0.0,0.0,2.355,0,0,0,4294967.295,3750000.896,0,64521,0,9.543474197387695,8.210676193237305,41.13730239868164,0,state.FLIGHT,966,-23,0,-23,-0.1834348440170288,2355,2375,"[10.2, 0.5, 16.5, 10.8, 15.5, 17.6, 0, 0]","[3.655, 3.655, 3.654]",0.284,"[2.9984, 3.3120000000000003, 5.0048, 7.3632, 8.4448, 27.8272]","[0.038125, 0.2325, -0.004375, -0.001875, -0.00125, 0.0125]",0,0,29.0,"[0, 0, 0, 0, 0, 0]",12.564539091369817,42.3600166,-71.0933258,3,-38.21
1774901732.6590457,"[0, 0, 0, 0, 0, 0]","[1291, 1500, 1400, 1400]","[-25.08, 0.0, -10.0, -10.0]","[-0.33863588281249996, 2.5336399648437498, 10.221134191406248]",0,2390.36181640625,0,31.475817642211915,"[44.98291014888, 3.99780273372, 16.99829101284]","[0, 0, 0]",0,3,0.0,0.0,2.38,0,0,0,4294967.295,3750000.896,0,64581,0,9.925902366638184,8.321744918823242,38.43832778930664,0,state.FLIGHT,967,-22,0,-23,-0.18250644207000732,2380,2390,"[10.4, 0.5, 16.5, 10.6, 15.9, 17.0, 0, 0]","[3.655, 3.655, 3.654]",0.284,"[2.9968000000000004, 3.3120000000000003, 5.0032000000000005, 7.3632, 8.4368, 27.824]","[0.028125, 0.2475, -0.001875, -0.005, -0.004375, 0.001875]",0,0,29.0,"[0, 0, 0, 0, 0, 0]",12.925936116666586,42.360016099999996,-71.0933266,3,-38.149
1774901732.721045,"[0, 0, 0, 0, 0, 0]","[1291, 1500, 1400, 1400]","[-25.08, 0.0, -10.0, -10.0]","[-0.36162021874999994, 2.5803747812499997, 10.211940457031249]",0,2405.200927734375,0,31.510793228149414,"[44.98291014888, -8.88061523292, -4.2724609368]","[0, 0, 0]",0,3,0.0,0.0,2.405,0,0,0,4294967.295,3750000.896,0,64641,0,9.941474914550781,8.425500869750977,35.73930740356445,0,state.FLIGHT,968,-22,0,-23,-0.18153469264507294,2405,2405,"[10.6, 0.5, 16.5, 10.6, 15.9, 17.0, 0, 0]","[3.655, 3.655, 3.654]",0.284,"[2.9952, 3.3088, 5.0032000000000005, 7.3616, 8.4288, 27.8288]","[0.036875, 0.22875, -0.003125, -0.0025, 0.00125, -0.001875]",0,0,29.0,"[0, 0, 0, 0, 0, 0]",13.00411961137111,42.360016099999996,-71.0933266,3,-38.149
1774901732.7699206,"[0, 0, 0, 0, 0, 0]","[1291, 1500, 1400, 1400]","[-25.08, 0.0, -10.0, -10.0]","[-0.33557130468749996, 2.52597851953125, 10.228795636718749]",0,2419.97509765625,0,31.493305435180662,"[44.98291014888, 10.46752929516, 14.221191403919999]","[0, 0, 0]",0,3,0.0,0.0,2.405,0,0,0,4294967.295,3750000.896,0,64695,0,10.208351135253906,8.348206520080566,33.31027603149414,0,state.FLIGHT,969,-22,0,-23,-0.18068276345729828,2405,2419,"[10.4, 0.5, 17.0, 10.8, 15.9, 17.0, 0, 0]","[3.655, 3.655, 3.654]",0.284,"[2.9952, 3.3088, 5.0032000000000005, 7.3616, 8.4288, 27.8288]","[0.036875, 0.22875, -0.003125, -0.0025, 0.00125, -0.001875]",0,0,29.0,"[0, 0, 0, 0, 0, 0]",13.159138755693393,42.3600157,-71.0933278,3,-37.972
1774901732.8299239,"[0, 0, 0, 0, 0, 0]","[1291, 1500, 1400, 1400]","[-25.08, 0.0, -10.0, -10.0]","[-0.33633744921875, 2.5573904453125, 10.21347274609375]",0,2434.684326171875,0,31.502049331665038,"[44.98291014888, -4.3029785149199995, 1.34277343728]","[0, 0, 0]",0,3,0.0,0.0,2.432,0,0,0,4294967.295,3750000.896,0,64755,0,10.222411155700684,8.485556602478027,30.611303329467773,0,state.FLIGHT,970,-23,0,-23,-0.17976941168308258,2432,2434,"[10.6, 0.5, 15.5, 10.4, 15.9, 15.9, 0, 0]","[3.655, 3.655, 3.654]",0.284,"[2.9952, 3.3136, 5.0032000000000005, 7.3632, 8.456000000000001, 27.824]","[0.03, 0.2325, -0.00125, -0.000625, -0.0025, -0.00375]",0,0,29.0,"[0, 0, 0, 0, 0, 0]",13.256530791209977,42.3600157,-71.0933278,3,-37.972
1774901732.8904297,"[0, 0, 0, 0, 0, 0]","[1291, 1500, 1400, 1400]","[-25.08, 0.0, -10.0, -10.0]","[-0.35472491796875, 2.5665841796874997, 10.215005035156251]",0,2449.32861328125,0,31.502049331665038,"[44.98291014888, -6.68334960828, -2.19726562464]","[0, 0, 0]",0,3,0.0,0.0,2.432,0,0,0,4294967.295,3750000.896,0,64815,0,10.501072883605957,8.567354202270508,27.912328720092773,0,state.FLIGHT,971,-23,0,-24,-0.1788846105337143,2432,2449,"[10.6, 0.5, 15.9, 10.8, 16.5, 17.0, 0, 0]","[3.655, 3.655, 3.654]",0.284,"[2.9952, 3.3136, 5.0032000000000005, 7.3632, 8.456000000000001, 27.824]","[0.03, 0.2325, -0.00125, -0.000625, -0.0025, -0.00375]",0,0,29.0,"[0, 0, 0, 0, 0, 0]",13.522099335238586,42.360016099999996,-71.093329,3,-37.639
1774901732.9524322,"[0, 0, 0, 0, 0, 0]","[1291, 1500, 1400, 1400]","[-25.08, 0.0, -10.0, -10.0]","[-0.35166033984374995, 2.56428574609375, 10.205045156249998]",0,2463.908203125,0,31.49767738342285,"[44.98291014888, -2.34985351524, -8.91113281104]","[0, 0, 0]",0,3,0.0,0.0,2.456,0,0,0,4294967.295,3750000.896,0,64875,0,10.300844192504883,8.549074172973633,25.213308334350586,0,state.FLIGHT,972,-24,0,-24,-0.17801021039485931,2456,2463,"[10.8, 0.5, 17.0, 10.4, 15.5, 17.0, 0, 0]","[3.655, 3.655, 3.654]",0.284,"[2.9952, 3.3104, 5.0048, 7.3632, 8.4656, 27.8256]","[0.03625, 0.251875, -0.00125, -0.0025, -0.0025, -0.004375]",0,0,29.0,"[0, 0, 0, 0, 0, 0]",13.35678683964305,42.360016099999996,-71.093329,3,-37.639
1774901733.003939,"[0, 0, 0, 0, 0, 0]","[1291, 1500, 1400, 1400]","[-25.08, 0.0, -10.0, -10.0]","[-0.36545094140624995, 2.5619873125, 10.2402878046875]",0,2476.009521484375,0,31.5151651763916,"[44.98291014888, 3.93676757748, 14.92309570068]","[0, 0, 0]",0,3,0.0,0.0,2.456,0,0,0,4294967.295,3750000.896,0,64929,0,10.408018112182617,8.533870697021484,22.784231185913086,0,state.FLIGHT,973,-24,0,-25,-0.17705902457237244,2456,2476,"[10.6, 0.5, 17.6, 10.6, 15.5, 17.6, 0, 0]","[3.655, 3.655, 3.654]",0.284,"[2.9952, 3.3104, 5.0048, 7.3632, 8.4656, 27.8256]","[0.03625, 0.251875, -0.00125, -0.0025, -0.0025, -0.004375]",0,0,29.0,"[0, 0, 0, 0, 0, 0]",13.429437399128235,42.3600165,-71.093329,3,-37.491
1774901733.0639884,"[0, 0, 0, 0, 0, 0]","[1291, 1500, 1400, 1400]","[-25.08, 0.0, -10.0, -10.0]","[-0.31028853515625, 2.54359984375, 10.2127066015625]",0,2490.472412109375,0,31.510793228149414,"[44.98291014888, -8.81958007668, 5.46264648348]","[0, 0, 0]",0,3,0.0,0.0,2.478,0,0,0,4294967.295,3750000.896,0,64989,0,10.699527740478516,8.533567428588867,20.085256576538086,0,state.FLIGHT,974,-24,0,-24,-0.17620454728603363,2478,2490,"[10.2, 0.5, 16.5, 10.8, 16.5, 16.5, 0, 0]","[3.655, 3.655, 3.654]",0.284,"[2.9968000000000004, 3.3136, 5.0064, 7.3616, 8.441600000000001, 27.8272]","[0.033125, 0.6175, -0.00125, -0.000625, -0.0025, -0.00125]",0,0,29.0,"[0, 0, 0, 0, 0, 0]",13.654741016802419,42.360017,-71.0933281,3,-37.503
1774901733.1239886,"[0, 0, 0, 0, 0, 0]","[1291, 1500, 1400, 1400]","[-25.08, 0.0, -10.0, -10.0]","[-0.34936190624999997, 2.5612211679687498, 10.214238890625]",0,2504.8720703125,0,31.506421279907226,"[44.98291014888, -1.73950195284, -3.29589843696]","[0, 0, 0]",0,3,0.0,0.0,2.502,0,0,0,4294967.295,3750000.896,0,65049,0,10.659276962280273,8.556228637695312,17.386281967163086,0,state.FLIGHT,975,-24,0,-24,-0.17537778615951538,2502,2504,"[10.4, 0.5, 17.0, 10.2, 15.9, 16.5, 0, 0]","[3.655, 3.655, 3.654]",0.284,"[2.9968000000000004, 3.3136, 5.0064, 7.3616, 8.441600000000001, 27.8272]","[0.033125, 0.6175, -0.00125, -0.000625, -0.0025, -0.00125]",0,0,29.0,"[0, 0, 0, 0, 0, 0]",13.637500630985798,42.360017,-71.0933281,3,-37.503
1774901733.1845033,"[0, 0, 0, 0, 0, 0]","[1291, 1500, 1400, 1400]","[-25.08, 0.0, -10.0, -10.0]","[-0.35472491796875, 2.57654405859375, 10.208109734375]",0,2519.20849609375,0,31.5151651763916,"[44.98291014888, 2.83813476516, -5.1574707022799995]","[0, 0, 0]",0,3,0.0,0.0,2.502,0,0,0,4294967.295,3750000.896,0,65109,0,10.208121299743652,8.61169147491455,14.687307357788086,0,state.FLIGHT,976,-24,0,-24,-0.17454320192337036,2502,2519,"[10.4, 0.5, 16.5, 10.6, 15.9, 16.5, 0, 0]","[3.655, 3.655, 3.654]",0.284,"[2.9952, 3.3136, 5.0032000000000005, 7.3616, 8.4336, 27.8256]","[0.03625, 0.608125, 0.00125, 0.0025, -0.001875, 0.019375]",0,0,29.0,"[0, 0, 0, 0, 0, 0]",13.325893243091743,42.3600165,-71.0933288,3,-37.534
1774901733.2385027,"[0, 0, 0, 0, 0, 0]","[1291, 1500, 1400, 1400]","[-25.08, 0.0, -10.0, -10.0]","[-0.33020829296874993, 2.53823683203125, 10.22956178125]",0,2531.107421875,0,31.528281021118165,"[44.98291014888, 0.03051757812, 13.09204101348]","[0, 0, 0]",0,3,0.0,0.0,2.526,0,0,0,4294967.295,3750000.896,0,65163,0,10.300521850585938,8.694397926330566,12.258275032043457,0,state.FLIGHT,977,-24,0,-24,-0.17408140003681183,2526,2531,"[10.4, 0.5, 16.5, 10.4, 16.5, 17.6, 0, 0]","[3.655, 3.655, 3.654]",0.284,"[2.9952, 3.3136, 5.0032000000000005, 7.3616, 8.4336, 27.8256]","[0.03625, 0.608125, 0.00125, 0.0025, -0.001875, 0.019375]",0,0,29.0,"[0, 0, 0, 0, 0, 0]",13.449011605808563,42.3600165,-71.0933288,3,-37.534
1774901733.2986162,"[0, 0, 0, 0, 0, 0]","[1291, 1500, 1600, 1600]","[-25.08, 0.0, 10.0, 10.0]","[-0.3570233515625, 2.5581565898437497, 10.211940457031249]",0,2545.32861328125,0,31.51953712463379,"[44.98291014888, -6.07299804588, -3.32641601508]","[0, 0, 0]",0,3,0.0,0.0,2.526,0,0,0,4294967.295,3750000.896,0,65223,0,10.42626667022705,8.947674751281738,9.559300422668457,0,state.FLIGHT,978,-24,0,-24,-0.1732461005449295,2526,2545,"[10.4, 0.5, 17.0, 10.6, 15.5, 17.0, 0, 0]","[3.655, 3.655, 3.654]",0.284,"[2.9952, 3.3120000000000003, 5.0032000000000005, 7.3664000000000005, 8.459200000000001, 27.824]","[0.033125, 0.62125, 0.0, -0.004375, 0.00125, 0.01625]",0,0,29.0,"[0, 0, 0, 0, 0, 0]",13.70696241250223,42.3600174,-71.0933304,3,-37.471
1774901733.360123,"[0, 0, 0, 0, 0, 0]","[1291, 1500, 1600, 1600]","[-25.08, 0.0, 10.0, 10.0]","[-0.34859576171874995, 2.5512612890624995, 10.224198769531249]",0,2559.4873046875,0,31.5151651763916,"[44.98291014888, -2.47192382772, -16.35742187232]","[0, 0, 0]",0,3,0.0,0.0,2.55,0,0,0,4294967.295,3750000.896,0,65283,0,10.117690086364746,9.188774108886719,6.860189914703369,0,state.FLIGHT,979,-25,0,-25,-0.17247219383716583,2550,2559,"[10.4, 0.5, 16.5, 10.6, 15.0, 15.9, 0, 0]","[3.655, 3.655, 3.654]",0.284,"[2.9952, 3.3120000000000003, 5.0032000000000005, 7.3664000000000005, 8.459200000000001, 27.824]","[0.033125, 0.62125, 0.0, -0.004375, 0.00125, 0.01625]",0,0,29.0,"[0, 0, 0, 0, 0, 0]",13.635258087389628,42.360018499999995,-71.0933314,3,-37.36
1774901733.4181225,"[0, 0, 0, 0, 0, 0]","[1291, 1500, 1600, 1600]","[-25.08, 0.0, 10.0, 10.0]","[-0.34399889453125, 2.5704149023437495, 10.208109734375]",0,2573.58447265625,0,31.532652969360353,"[44.98291014888, -8.81958007668, 4.15039062432]","[0, 0, 0]",0,3,0.0,0.0,2.573,0,0,0,4294967.295,3750000.896,0,65343,0,10.23395824432373,9.330986022949219,4.161304950714111,0,state.FLIGHT,980,-26,0,-26,-0.1716214418411255,2573,2573,"[10.8, 0.5, 16.5, 10.8, 15.5, 17.6, 0, 0]","[3.655, 3.655, 3.654]",0.284,"[2.9952, 3.3104, 5.0032000000000005, 7.3696, 8.4688, 27.8272]","[0.031875, 0.23625000000000002, 0.0, -0.004375, -0.001875, -0.00625]",0,0,29.0,"[0, 0, 0, 0, 0, 0]",13.815631359477294,42.360018499999995,-71.0933314,3,-37.36
1774901733.4746346,"[0, 0, 0, 0, 0, 0]","[1291, 1500, 1600, 1600]","[-25.08, 0.0, 10.0, 10.0]","[-0.38460455468749993, 2.5175509296875, 10.24182009375]",0,2587.619384765625,0,31.532652969360353,"[44.98291014888, -4.9133300773199995, 6.19506835836]","[0, 0, 0]",0,3,0.0,0.0,2.573,0,0,0,4294967.295,3750000.896,0,65397,0,10.381144523620605,9.484458923339844,1.7322279214859009,0,state.FLIGHT,981,-27,0,-26,-0.1708488166332245,2573,2587,"[10.2, 0.5, 17.0, 11.1, 15.9, 16.5, 0, 0]","[3.655, 3.655, 3.654]",0.284,"[2.9952, 3.3104, 5.0016, 7.368, 8.4464, 27.822400000000002]","[0.030625, 0.2275, -0.003125, -0.0025, 0.00125, -0.00375]",0,0,29.0,"[0, 0, 0, 0, 0, 0]",14.0262190641518,42.3600186,-71.0933305,3,-37.405
1774901733.5336368,"[0, 0, 0, 0, 0, 0]","[1291, 1500, 1600, 1600]","[-25.08, 0.0, 10.0, 10.0]","[-0.34399889453125, 2.5941653828124998, 10.199682144531248]",0,2601.59326171875,0,31.523909072875977,"[0.0, 1.9836425778, -2.92968749952]","[0, 0, 0]",0,3,0.0,0.0,2.599,0,0,0,4294967.295,3750000.896,0,65457,0,10.566384315490723,9.58151626586914,-0.5168725848197937,0,state.FLIGHT,982,-27,0,-27,-0.17008499801158905,2599,2601,"[10.4, 0.5, 16.5, 10.6, 15.5, 15.9, 0, 0]","[3.655, 3.655, 3.654]",0.284,"[2.9952, 3.3104, 5.0016, 7.368, 8.4464, 27.822400000000002]","[0.030625, 0.2275, -0.003125, -0.0025, 0.00125, -0.00375]",0,0,29.0,"[0, 0, 0, 0, 0, 0]",14.227046820021155,42.3600186,-71.0933305,3,-37.405
1774901733.5962934,"[0, 0, 0, 0, 0, 0]","[1291, 1500, 1600, 1600]","[-25.08, 0.0, 10.0, 10.0]","[-0.318716125, 2.55049514453125, 10.2249649140625]",0,2615.50537109375,0,31.532652969360353,"[0.0, -2.10571289028, -0.12207031248]","[0, 0, 0]",0,3,0.0,0.0,2.599,0,0,0,4294967.295,3750000.896,0,65517,0,10.670151710510254,9.67000675201416,-0.5168725848197937,0,state.FLIGHT,983,-26,0,-26,-0.16929610073566437,2599,2615,"[10.6, 0.5, 16.5, 10.4, 15.5, 17.0, 0, 0]","[3.655, 3.655, 3.654]",0.284,"[2.9952, 3.3104, 5.0048, 7.368, 8.448, 27.8256]","[0.033125, 0.23375, -0.001875, -0.000625, -0.005, 0.000625]",0,0,29.0,"[0, 0, 0, 0, 0, 0]",14.362298199002787,42.3600177,-71.0933306,3,-37.512
1774901733.6522977,"[0, 0, 0, 0, 0, 0]","[1291, 1500, 1600, 1600]","[-25.08, 0.0, 10.0, 10.0]","[-0.35166033984374995, 2.571181046875, 10.228029492187499]",0,2629.357177734375,0,31.545768814086912,"[0.0, 5.5236816397199995, -15.99121093488]","[0, 0, 0]",0,3,0.0,0.0,2.62,0,0,0,4294967.295,3750000.896,0,65577,0,10.676594734191895,9.673674583435059,-0.5168725848197937,0,state.FLIGHT,984,-25,0,-26,-0.168516144156456,2620,2629,"[10.4, 0.5, 16.5, 10.6, 15.9, 17.0, 0, 0]","[3.655, 3.655, 3.654]",0.284,"[2.9952, 3.3104, 5.0048, 7.368, 8.448, 27.8256]","[0.033125, 0.23375, -0.001875, -0.000625, -0.005, 0.000625]",0,0,29.0,"[0, 0, 0, 0, 0, 0]",14.369480014069987,42.3600175,-71.0933309,3,-37.656
1774901733.7058046,"[0, 0, 0, 0, 0, 0]","[1291, 1500, 1600, 1600]","[-25.08, 0.0, 10.0, 10.0]","[-0.35778949609375, 2.5596888789062495, 10.221900335937498]",0,2640.853515625,0,31.53702491760254,"[0.0, -1.31225585916, 3.60107421816]","[0, 0, 0]",0,3,0.0,0.0,2.62,0,0,0,4294967.295,3750000.896,0,65631,0,10.817240715026855,9.714487075805664,-0.5168725848197937,0,state.FLIGHT,985,-25,0,-26,-0.16792058944702148,2620,2640,"[10.8, 0.5, 17.0, 10.8, 15.0, 15.9, 0, 0]","[3.655, 3.655, 3.654]",0.284,"[3.0016000000000003, 3.3120000000000003, 5.0032000000000005, 7.3664000000000005, 8.440000000000001, 27.824]","[0.035625000000000004, 0.514375, -0.00375, 0.000625, 0.00125, -0.004375]",0,0,29.0,"[0, 0, 0, 0, 0, 0]",14.500271814595342,42.3600175,-71.0933309,3,-37.656
1774901733.767097,"[0, 0, 0, 0, 0, 0]","[1291, 1500, 1600, 1600]","[-25.08, 0.0, 10.0, 10.0]","[-0.36698323046875, 2.54130141015625, 10.2249649140625]",0,2654.59423828125,0,31.541396865844728,"[0.0, -1.92260742156, -7.20214843632]","[0, 0, 0]",0,3,0.0,0.0,2.643,0,0,0,4294967.295,3750000.896,0,65691,0,10.93775749206543,9.572877883911133,-0.5168725848197937,0,state.FLIGHT,986,-24,0,-25,-0.16715659201145172,2643,2654,"[10.6, 0.5, 16.5, 10.6, 15.9, 18.2, 0, 0]","[3.655, 3.655, 3.654]",0.284,"[3.0016000000000003, 3.3120000000000003, 5.0032000000000005, 7.3664000000000005, 8.440000000000001, 27.824]","[0.035625000000000004, 0.514375, -0.00375, 0.000625, 0.00125, -0.004375]",0,0,29.0,"[0, 0, 0, 0, 0, 0]",14.496777176762507,42.360017299999996,-71.0933316,3,-37.747
1774901733.8281016,"[0, 0, 0, 0, 0, 0]","[1291, 1500, 1600, 1600]","[-25.08, 0.0, 10.0, 10.0]","[-0.31565154687499997, 2.55049514453125, 10.202746722656249]",0,2668.27490234375,0,31.558884658813476,"[0.0, 3.99780273372, 2.288818359]","[0, 0, 0]",0,3,0.0,0.0,2.665,0,0,0,4294967.295,3750000.896,0,65751,0,11.03907299041748,9.629032135009766,-0.5168725848197937,0,state.FLIGHT,987,-24,0,-24,-0.16641780734062195,2665,2668,"[10.6, 0.5, 16.5, 10.4, 15.9, 16.5, 0, 0]","[3.655, 3.655, 3.654]",0.284,"[2.9984, 3.3104, 5.0032000000000005, 7.3664000000000005, 8.4672, 27.817600000000002]","[0.035625000000000004, 0.586875, 0.000625, -0.00625, -0.00375, 0.01125]",0,0,29.0,"[0, 0, 0, 0, 0, 0]",14.609145321944302,42.360017299999996,-71.0933316,3,-37.747
1774901733.8916063,"[0, 0, 0, 0, 0, 0]","[1291, 1500, 1600, 1600]","[-25.08, 0.0, 10.0, 10.0]","[-0.34706347265625, 2.53134153125, 10.228029492187499]",0,2681.8955078125,0,31.53702491760254,"[0.0, 1.61743164036, 0.24414062496]","[0, 0, 0]",0,3,0.0,0.0,2.665,0,0,0,4294967.295,3750000.896,0,65811,0,10.768059730529785,9.575324058532715,-0.5168725848197937,0,state.FLIGHT,988,-24,0,-24,-0.1656874120235443,2665,2681,"[10.4, 0.5, 17.6, 10.6, 15.9, 16.5, 0, 0]","[3.655, 3.655, 3.654]",0.284,"[2.9984, 3.3104, 5.0032000000000005, 7.3664000000000005, 8.4672, 27.817600000000002]","[0.035625000000000004, 0.586875, 0.000625, -0.00625, -0.00375, 0.01125]",0,0,29.0,"[0, 0, 0, 0, 0, 0]",14.371983415608463,42.360017,-71.09333219999999,3,-38.052
1774901733.9406123,"[0, 0, 0, 0, 0, 0]","[1291, 1500, 1600, 1600]","[-25.08, 0.0, 10.0, 10.0]","[-0.34246660546874996, 2.5428336992187495, 10.231860214843751]",0,2695.456298828125,0,31.545768814086912,"[0.0, -0.94604492172, 11.047363279439999]","[0, 0, 0]",0,3,0.0,0.0,2.69,0,0,0,4294967.295,3750000.896,0,65865,0,10.99042797088623,9.542675971984863,-0.5168725848197937,0,state.FLIGHT,989,-24,0,-24,-0.1649816930294037,2690,2695,"[10.4, 0.5, 16.5, 10.8, 15.9, 16.5, 0, 0]","[3.655, 3.655, 3.654]",0.284,"[2.9936000000000003, 3.3104, 5.0032000000000005, 7.364800000000001, 8.4288, 27.8272]","[0.041875, 0.56375, 0.00125, -0.003125, 0.00125, 0.009375]",0,0,29.0,"[0, 0, 0, 0, 0, 0]",14.516559343250275,42.360017,-71.09333219999999,3,-38.052
1774901734.0011036,"[0, 0, 0, 0, 0, 0]","[1291, 1500, 1600, 1600]","[-25.08, 0.0, 10.0, 10.0]","[-0.33863588281249996, 2.5458982773437495, 10.208109734375]",0,2708.958251953125,0,31.545768814086912,"[0.0, -4.48608398364, -9.826660154639999]","[0, 0, 0]",0,3,0.0,0.0,2.69,0,0,0,4294967.295,3750000.896,0,65925,0,10.92970085144043,9.501786231994629,-0.5168725848197937,0,state.FLIGHT,990,-24,0,-24,-0.16425108909606934,2690,2708,"[10.8, 0.5, 16.5, 10.4, 15.9, 17.6, 0, 0]","[3.655, 3.655, 3.654]",0.284,"[2.9936000000000003, 3.3104, 5.0032000000000005, 7.364800000000001, 8.4288, 27.8272]","[0.041875, 0.56375, 0.00125, -0.003125, 0.00125, 0.009375]",0,0,29.0,"[0, 0, 0, 0, 0, 0]",14.444463310707627,42.3600171,-71.0933326,3,-38.235
1774901734.0601196,"[0, 0, 0, 0, 0, 0]","[1291, 1500, 1600, 1600]","[-25.08, 0.0, 10.0, 10.0]","[-0.34399889453125, 2.5596888789062495, 10.21806961328125]",0,2722.40087890625,0,31.554512710571288,"[0.0, 5.340576171, 9.36889648284]","[0, 0, 0]",0,3,0.0,0.0,2.713,0,0,0,4294967.295,3750000.896,0,65985,0,11.367060661315918,9.1209135055542,-0.5168725848197937,0,state.FLIGHT,991,-26,0,-26,-0.16354499757289886,2713,2722,"[10.6, 0.5, 17.0, 10.8, 15.9, 17.6, 0, 0]","[3.655, 3.655, 3.654]",0.284,"[2.9952, 3.3088, 5.0032000000000005, 7.3616, 8.48, 27.8288]","[0.03125, 0.240625, -0.00125, 0.0025, -0.0025, 0.01875]",0,0,29.0,"[0, 0, 0, 0, 0, 0]",14.536332600940138,42.360017299999996,-71.0933331,3,-38.283
1774901734.12112,"[0, 0, 0, 0, 0, 0]","[1291, 1500, 1600, 1600]","[-25.08, 0.0, 10.0, 10.0]","[-0.35012805078125, 2.5750117695312498, 10.22573105859375]",0,2735.784912109375,0,31.545768814086912,"[0.0, -8.45336913924, -12.42065429484]","[0, 0, 0]",0,3,0.0,0.0,2.735,0,0,0,4294967.295,3750000.896,0,66045,0,11.595321655273438,9.032419204711914,-0.5168725848197937,0,state.FLIGHT,992,-26,0,-26,-0.1628955453634262,2735,2735,"[10.6, 0.5, 15.9, 10.8, 16.5, 17.6, 0, 0]","[3.655, 3.655, 3.654]",0.284,"[2.9952, 3.3088, 5.0032000000000005, 7.3616, 8.48, 27.8288]","[0.03125, 0.240625, -0.00125, 0.0025, -0.0025, 0.01875]",0,0,29.0,"[0, 0, 0, 0, 0, 0]",14.660061144141753,42.360017299999996,-71.0933331,3,-38.283
1774901734.1776426,"[0, 0, 0, 0, 0, 0]","[1291, 1500, 1600, 1600]","[-25.08, 0.0, 10.0, 10.0]","[-0.32714371484374993, 2.5566243007812495, 10.24182009375]",0,2746.8935546875,0,31.554512710571288,"[0.0, -7.4768066393999995, -4.0588378899599995]","[0, 0, 0]",0,3,0.0,0.0,2.735,0,0,0,4294967.295,3750000.896,0,66099,0,11.767141342163086,9.08268928527832,-0.5168725848197937,0,state.FLIGHT,993,-26,0,-26,-0.16254664957523346,2735,2746,"[10.0, 0.5, 16.5, 10.4, 16.5, 17.6, 0, 0]","[3.655, 3.655, 3.654]",0.284,"[2.9952, 3.3120000000000003, 5.0032000000000005, 7.36, 8.4336, 27.8272]","[0.031875, 0.205625, -0.004375, -0.003125, -0.005, -0.00125]",0,0,29.0,"[0, 0, 0, 0, 0, 0]",14.825511689128968,42.3600168,-71.0933335,3,-38.218
1774901734.2366421,"[0, 0, 0, 0, 0, 0]","[1291, 1500, 1600, 1600]","[-25.08, 0.0, 10.0, 10.0]","[-0.33786973828125, 2.55355972265625, 10.224198769531249]",0,2760.169677734375,0,31.53702491760254,"[0.0, -12.3596191386, -12.23754882612]","[0, 0, 0]",0,3,0.0,0.0,2.755,0,0,0,4294967.295,3750000.896,0,66159,0,11.45753288269043,9.31036376953125,-0.5168725848197937,0,state.FLIGHT,994,-26,0,-26,-0.16182918846607208,2755,2760,"[10.6, 0.5, 15.9, 10.6, 15.9, 17.6, 0, 0]","[3.655, 3.655, 3.654]",0.284,"[2.9952, 3.3120000000000003, 5.0032000000000005, 7.364800000000001, 8.4448, 27.824]","[0.031875, 0.228125, -0.0025, 0.00125, -0.000625, 0.0]",0,0,29.0,"[0, 0, 0, 0, 0, 0]",14.72404066752836,42.3600168,-71.0933335,3,-38.218
1774901734.2976437,"[0, 0, 0, 0, 0, 0]","[1291, 1500, 1600, 1600]","[-25.08, 0.0, 10.0, 10.0]","[-0.34936190624999997, 2.546664421875, 10.209642023437498]",0,2773.388427734375,0,31.5501407623291,"[0.0, -0.1525878906, 6.95800781136]","[0, 0, 0]",0,3,0.0,0.0,2.755,0,0,0,4294967.295,3750000.896,0,66219,0,11.381866455078125,9.328407287597656,-0.5168725848197937,0,state.FLIGHT,995,-25,0,-26,-0.16115157306194305,2755,2773,"[10.2, 0.5, 17.0, 11.1, 15.9, 15.9, 0, 0]","[3.655, 3.655, 3.654]",0.284,"[2.9952, 3.3120000000000003, 5.0032000000000005, 7.364800000000001, 8.4448, 27.824]","[0.031875, 0.228125, -0.0025, 0.00125, -0.000625, 0.0]",0,0,29.0,"[0, 0, 0, 0, 0, 0]",14.677069670467025,42.3600163,-71.09333389999999,3,-38.112
1774901734.3546612,"[0, 0, 0, 0, 0, 0]","[1291, 1500, 1600, 1600]","[-25.08, 0.0, 10.0, 10.0]","[-0.35472491796875, 2.5566243007812495, 10.211174312499999]",0,2786.548828125,0,31.545768814086912,"[0.0, -3.93676757748, 4.15039062432]","[0, 0, 0]",0,3,0.0,0.0,2.777,0,0,0,4294967.295,3750000.896,0,66279,0,11.350296974182129,9.552905082702637,-0.5168725848197937,0,state.FLIGHT,996,-25,0,-25,-0.16046564280986786,2777,2786,"[10.4, 0.5, 15.9, 10.4, 15.9, 16.5, 0, 0]","[3.655, 3.655, 3.654]",0.284,"[2.9968000000000004, 3.3104, 5.0016, 7.3616, 8.464, 27.8288]","[0.03375, 0.241875, -0.003125, -0.000625, 0.000625, -0.000625]",0,0,29.0,"[0, 0, 0, 0, 0, 0]",14.794868556406458,42.3600158,-71.0933345,3,-38.035
1774901734.4111755,"[0, 0, 0, 0, 0, 0]","[1291, 1500, 1600, 1600]","[-25.08, 0.0, 10.0, 10.0]","[-0.33633744921875, 2.54359984375, 10.224198769531249]",0,2797.471923828125,0,31.563256607055663,"[0.0, 1.19018554668, 2.25830078088]","[0, 0, 0]",0,3,0.0,0.0,2.777,0,0,0,4294967.295,3750000.896,0,66333,0,11.453130722045898,9.484296798706055,-0.5168725848197937,0,state.FLIGHT,997,-25,0,-25,-0.15975317358970642,2777,2797,"[10.8, 0.5, 17.0, 10.6, 15.9, 16.5, 0, 0]","[3.655, 3.655, 3.654]",0.284,"[2.9968000000000004, 3.3104, 5.0016, 7.3616, 8.464, 27.8288]","[0.03375, 0.241875, -0.003125, -0.000625, 0.000625, -0.000625]",0,0,29.0,"[0, 0, 0, 0, 0, 0]",14.829787941907036,42.3600158,-71.0933345,3,-38.035
1774901734.468685,"[0, 0, 0, 0, 0, 0]","[1291, 1500, 1600, 1600]","[-25.08, 0.0, 10.0, 10.0]","[-0.31335311328125, 2.5175509296875, 10.211940457031249]",0,2810.526611328125,0,31.554512710571288,"[0.0, -5.2795410147599995, 14.221191403919999]","[0, 0, 0]",0,3,0.0,0.0,2.799,0,0,0,4294967.295,3750000.896,0,66393,0,11.519086837768555,9.546581268310547,-0.5168725848197937,0,state.FLIGHT,998,-24,0,-25,-0.15904949605464935,2799,2810,"[10.4, 0.5, 16.5, 10.6, 15.9, 16.5, 0, 0]","[3.655, 3.655, 3.654]",0.284,"[2.9968000000000004, 3.3120000000000003, 5.0048, 7.364800000000001, 8.4464, 27.8256]","[0.035, 0.26, -0.00125, -0.00625, -0.003125, -0.0025]",0,0,29.0,"[0, 0, 0, 0, 0, 0]",14.919553831408923,42.360015999999995,-71.0933349,3,-38.348
1774901734.532682,"[0, 0, 0, 0, 0, 0]","[1291, 1500, 1600, 1600]","[-25.08, 0.0, 10.0, 10.0]","[-0.33557130468749996, 2.53517225390625, 10.2556106953125]",0,2823.5244140625,0,31.585116348266602,"[0.0, 6.3781738270799995, 7.87353515496]","[0, 0, 0]",0,3,0.0,0.0,2.821,0,0,0,4294967.295,3750000.896,0,66453,0,11.570659637451172,9.57771110534668,-0.5168725848197937,0,state.FLIGHT,999,-25,0,-25,-0.15838520228862762,2821,2823,"[10.8, 0.5, 16.5, 10.4, 15.5, 16.5, 0, 0]","[3.655, 3.655, 3.654]",0.284,"[2.9968000000000004, 3.3120000000000003, 5.0048, 7.364800000000001, 8.4464, 27.8256]","[0.035, 0.26, -0.00125, -0.00625, -0.003125, -0.0025]",0,0,29.0,"[0, 0, 0, 0, 0, 0]",14.978650827792324,42.360015999999995,-71.0933349,3,-38.348
1774901734.5887241,"[0, 0, 0, 0, 0, 0]","[1291, 1500, 1600, 1600]","[-25.08, 0.0, 10.0, 10.0]","[-0.36851551953124995, 2.5773102031249997, 10.221900335937498]",0,2836.465576171875,0,31.580744400024415,"[0.0, -7.8430175768399994, 1.73950195284]","[0, 0, 0]",0,3,0.0,0.0,2.821,0,0,0,4294967.295,3750000.896,0,66513,0,11.444931983947754,9.649744987487793,-0.5168725848197937,0,state.FLIGHT,1000,-24,0,-24,-0.15775957703590393,2821,2836,"[10.8, 0.5, 16.5, 10.4, 15.9, 15.9, 0, 0]","[3.655, 3.655, 3.654]",0.284,"[2.9952, 3.3104, 5.0016, 7.3632, 8.427200000000001, 27.822400000000002]","[0.035, 0.6218750000000001, -0.001875, -0.00125, -0.000625, 0.015625]",0,0,29.0,"[0, 0, 0, 0, 0, 0]",14.928493622419156,42.3600156,-71.09333529999999,3,-38.502
1774901734.6427228,"[0, 0, 0, 0, 0, 0]","[1291, 1500, 1600, 1600]","[-25.08, 0.0, 10.0, 10.0]","[-0.35242648437499996, 2.55049514453125, 10.231860214843751]",0,2849.349609375,0,31.563256607055663,"[0.0, -4.48608398364, -2.38037109336]","[0, 0, 0]",0,3,0.0,0.0,2.842,0,0,0,4294967.295,3750000.896,0,66567,0,11.331941604614258,9.667425155639648,-0.5168725848197937,0,state.FLIGHT,1001,-24,0,-24,-0.15712520480155945,2842,2849,"[10.6, 0.5, 17.6, 10.4, 15.5, 17.0, 0, 0]","[3.655, 3.655, 3.654]",0.284,"[2.9952, 3.3104, 5.0016, 7.3632, 8.427200000000001, 27.822400000000002]","[0.035, 0.6218750000000001, -0.001875, -0.00125, -0.000625, 0.015625]",0,0,29.0,"[0, 0, 0, 0, 0, 0]",14.8542219931585,42.3600156,-71.09333529999999,3,-38.502
1774901734.7022314,"[0, 0, 0, 0, 0, 0]","[1291, 1500, 1600, 1600]","[-25.08, 0.0, 10.0, 10.0]","[-0.33327287109375, 2.549729, 10.23032792578125]",0,2862.177001953125,0,31.56762855529785,"[0.0, 2.04467773404, -2.56347656208]","[0, 0, 0]",0,3,0.0,0.0,2.842,0,0,0,4294967.295,3750000.896,0,66627,0,11.278521537780762,9.538016319274902,-0.5168725848197937,0,state.FLIGHT,1002,-24,0,-24,-0.15649765729904175,2842,2862,"[10.6, 0.5, 17.6, 10.6, 15.9, 17.0, 0, 0]","[3.655, 3.655, 3.654]",0.284,"[2.9968000000000004, 3.3104, 5.0048, 7.364800000000001, 8.456000000000001, 27.817600000000002]","[0.035625000000000004, 0.551875, 0.0025, 0.003125, 0.000625, 0.019375]",0,0,29.0,"[0, 0, 0, 0, 0, 0]",14.730870744131671,42.3600158,-71.0933355,3,-38.508
1774901734.7627482,"[0, 0, 0, 0, 0, 0]","[1291, 1500, 1600, 1600]","[-25.08, 0.0, 10.0, 10.0]","[-0.33710359375, 2.58727008203125, 10.22266648046875]",0,2874.948486328125,0,31.57200050354004,"[0.0, 2.96020507764, 1.92260742156]","[0, 0, 0]",0,3,0.0,0.0,2.864,0,0,0,4294967.295,3750000.896,0,66687,0,11.24589729309082,9.60084342956543,-0.5168725848197937,0,state.FLIGHT,1003,-23,0,-24,-0.15584580600261688,2864,2874,"[10.8, 0.5, 17.0, 10.6, 15.0, 17.0, 0, 0]","[3.655, 3.655, 3.654]",0.284,"[2.9968000000000004, 3.3104, 5.0048, 7.364800000000001, 8.456000000000001, 27.817600000000002]","[0.035625000000000004, 0.551875, 0.0025, 0.003125, 0.000625, 0.019375]",0,0,29.0,"[0, 0, 0, 0, 0, 0]",14.74643845770461,42.360016099999996,-71.0933356,3,-38.465
1774901734.8251505,"[0, 0, 0, 0, 0, 0]","[1291, 1500, 1600, 1600]","[-25.08, 0.0, 10.0, 10.0]","[-0.31948226953125, 2.5481967109375, 10.231860214843751]",0,2887.66357421875,0,31.585116348266602,"[0.0, -6.2561035145999995, 6.0119628896399995]","[0, 0, 0]",0,3,0.0,0.0,2.885,0,0,0,4294967.295,3750000.896,0,66747,0,11.19218921661377,9.63012981414795,-0.5168725848197937,0,state.FLIGHT,1004,-23,0,-23,-0.15523187816143036,2885,2887,"[10.4, 0.5, 17.6, 10.6, 16.5, 16.5, 0, 0]","[3.655, 3.655, 3.654]",0.284,"[2.9952, 3.3120000000000003, 5.0048, 7.3696, 8.4512, 27.824]","[0.035, 0.224375, -0.004375, -0.004375, -0.0025, -0.000625]",0,0,29.0,"[0, 0, 0, 0, 0, 0]",14.72479866513525,42.360016099999996,-71.0933356,3,-38.465
1774901734.8826635,"[0, 0, 0, 0, 0, 0]","[1291, 1500, 1600, 1600]","[-25.08, 0.0, 10.0, 10.0]","[-0.36851551953124995, 2.56428574609375, 10.2035128671875]",0,2898.216796875,0,31.558884658813476,"[0.0, -10.04028320148, -5.37109374912]","[0, 0, 0]",0,3,0.0,0.0,2.885,0,0,0,4294967.295,3750000.896,0,66801,0,11.011533737182617,9.68375301361084,-0.5168725848197937,0,state.FLIGHT,1005,-23,0,-23,-0.15477174520492554,2885,2898,"[10.4, 0.5, 16.5, 10.8, 15.9, 17.0, 0, 0]","[3.655, 3.655, 3.654]",0.284,"[2.9952, 3.3120000000000003, 5.0048, 7.3696, 8.4512, 27.824]","[0.035, 0.224375, -0.004375, -0.004375, -0.0025, -0.000625]",0,0,29.0,"[0, 0, 0, 0, 0, 0]",14.624272482934275,42.3600166,-71.0933357,3,-38.373
1774901734.9366608,"[0, 0, 0, 0, 0, 0]","[1291, 1500, 1600, 1600]","[-25.08, 0.0, 10.0, 10.0]","[-0.3447650390625, 2.5604550234375, 10.25331226171875]",0,2910.830078125,0,31.563256607055663,"[0.0, -10.40649413892, 4.6691894523599995]","[0, 0, 0]",0,3,0.0,0.0,2.906,0,0,0,4294967.295,3750000.896,0,66861,0,11.32727336883545,9.860190391540527,-0.5168725848197937,0,state.FLIGHT,1006,-23,0,-23,-0.1541234850883484,2906,2910,"[10.6, 0.5, 15.9, 10.4, 17.0, 16.5, 0, 0]","[3.655, 3.655, 3.654]",0.284,"[2.9968000000000004, 3.3136, 5.0016, 7.3696, 8.441600000000001, 27.8256]","[0.03, 0.245625, -0.0025, -0.0025, -0.004375, 0.000625]",0,0,29.0,"[0, 0, 0, 0, 0, 0]",14.975247243481881,42.3600166,-71.0933357,3,-38.373
1774901734.9967575,"[0, 0, 0, 0, 0, 0]","[1291, 1500, 1600, 1600]","[-25.08, 0.0, 10.0, 10.0]","[-0.3662170859375, 2.5719471914062497, 10.215771179687499]",0,2923.3876953125,0,31.60260414123535,"[0.0, -5.46264648348, -10.00976562336]","[0, 0, 0]",0,3,0.0,0.0,2.906,0,0,0,4294967.295,3750000.896,0,66921,0,10.993101119995117,9.762527465820312,-0.5168725848197937,0,state.FLIGHT,1007,-23,0,-23,-0.1535433977842331,2906,2923,"[10.6, 0.5, 16.5, 10.6, 15.9, 16.5, 0, 0]","[3.655, 3.655, 3.654]",0.284,"[2.9952, 3.3120000000000003, 5.0032000000000005, 7.368, 8.4352, 27.8288]","[0.035, 0.249375, -0.00125, -0.0025, -0.00375, -0.001875]",0,0,29.0,"[0, 0, 0, 0, 0, 0]",14.66221625849559,42.360015499999996,-71.0933361,3,-38.372
1774901735.0562809,"[0, 0, 0, 0, 0, 0]","[1291, 1500, 1600, 1600]","[-25.08, 0.0, 10.0, 10.0]","[-0.34859576171874995, 2.5566243007812495, 10.2188357578125]",0,2935.8896484375,0,31.60260414123535,"[0.0, -1.12915039044, -1.46484374976]","[0, 0, 0]",0,3,0.0,0.0,2.927,0,0,0,4294967.295,3750000.896,0,66981,0,11.120016098022461,9.783930778503418,-0.5168725848197937,0,state.FLIGHT,1008,-24,0,-24,-0.15295438468456268,2927,2935,"[10.6, 0.5, 16.5, 10.4, 15.9, 16.5, 0, 0]","[3.655, 3.655, 3.654]",0.284,"[2.9952, 3.3120000000000003, 5.0032000000000005, 7.368, 8.4352, 27.8288]","[0.035, 0.249375, -0.00125, -0.0025, -0.00375, -0.001875]",0,0,29.0,"[0, 0, 0, 0, 0, 0]",14.770673546004769,42.3600152,-71.0933364,3,-38.336
1774901735.1157963,"[0, 0, 0, 0, 0, 0]","[1291, 1500, 1600, 1600]","[-25.08, 0.0, 10.0, 10.0]","[-0.3447650390625, 2.558922734375, 10.200448289062498]",0,2948.3369140625,0,31.576372451782227,"[0.0, -3.14331054636, -0.9155273436]","[0, 0, 0]",0,3,0.0,0.0,2.927,0,0,0,4294967.295,3750000.896,0,67035,0,11.448604583740234,9.688053131103516,-0.5168725848197937,0,state.FLIGHT,1009,-24,0,-24,-0.1523868292570114,2927,2948,"[10.2, 0.5, 17.0, 10.4, 17.0, 16.5, 0, 0]","[3.655, 3.655, 3.654]",0.284,"[2.9952, 3.3120000000000003, 5.0064, 7.364800000000001, 8.4448, 27.8256]","[0.03125, 0.28, -0.00125, -0.003125, 0.00125, 0.0]",0,0,29.0,"[0, 0, 0, 0, 0, 0]",14.955737104585564,42.3600152,-71.0933364,3,-38.336
1774901735.1733146,"[0, 0, 0, 0, 0, 0]","[1291, 1500, 1600, 1600]","[-25.08, 0.0, 10.0, 10.0]","[-0.32944214843749997, 2.5481967109375, 10.2341586484375]",0,2960.7294921875,0,31.585116348266602,"[0.0, 7.53784179564, 12.90893554476]","[0, 0, 0]",0,3,0.0,0.0,2.95,0,0,0,4294967.295,3750000.896,0,67095,0,11.379319190979004,9.532427787780762,-0.5168725848197937,0,state.FLIGHT,1010,-25,0,-25,-0.15179520845413208,2950,2960,"[10.4, 0.5, 16.5, 10.6, 15.9, 17.0, 0, 0]","[3.655, 3.655, 3.654]",0.284,"[2.9952, 3.3120000000000003, 5.0064, 7.364800000000001, 8.4448, 27.8256]","[0.03125, 0.28, -0.00125, -0.003125, 0.00125, 0.0]",0,0,29.0,"[0, 0, 0, 0, 0, 0]",14.803918347319037,42.360015499999996,-71.09333699999999,3,-38.326
1774901735.233308,"[0, 0, 0, 0, 0, 0]","[1291, 1500, 1600, 1600]","[-25.08, 0.0, 10.0, 10.0]","[-0.34936190624999997, 2.55049514453125, 10.19661756640625]",0,2973.067626953125,0,31.598232192993166,"[0.0, -4.6691894523599995, 0.42724609368]","[0, 0, 0]",0,3,0.0,0.0,2.971,0,0,0,4294967.295,3750000.896,0,67155,0,11.48488998413086,9.547687530517578,-0.5168725848197937,0,state.FLIGHT,1011,-25,0,-26,-0.1512247920036316,2971,2973,"[10.8, 0.5, 16.5, 10.6, 15.5, 16.5, 0, 0]","[3.655, 3.655, 3.654]",0.284,"[2.9984, 3.3120000000000003, 5.0048, 7.36, 8.4656, 27.8256]","[0.03625, 0.623125, 0.003125, -0.00375, -0.001875, -0.008125]",0,0,29.0,"[0, 0, 0, 0, 0, 0]",14.894112725324277,42.360015499999996,-71.09333699999999,3,-38.326
1774901735.2923877,"[0, 0, 0, 0, 0, 0]","[1291, 1500, 1600, 1600]","[-25.08, 0.0, 10.0, 10.0]","[-0.36162021874999994, 2.546664421875, 10.199682144531248]",0,2985.3505859375,0,31.580744400024415,"[0.0, 1.00708007796, -5.92041015528]","[0, 0, 0]",0,3,0.0,0.0,2.971,0,0,0,4294967.295,3750000.896,0,67215,0,11.607279777526855,9.819890022277832,-0.5168725848197937,0,state.FLIGHT,1012,-26,0,-26,-0.1506754755973816,2971,2985,"[10.6, 0.5, 15.9, 10.4, 15.9, 16.5, 0, 0]","[3.655, 3.655, 3.654]",0.284,"[2.9984, 3.3120000000000003, 5.0048, 7.36, 8.4656, 27.8256]","[0.03625, 0.623125, 0.003125, -0.00375, -0.001875, -0.008125]",0,0,29.0,"[0, 0, 0, 0, 0, 0]",15.160270428148308,42.3600163,-71.09333749999999,3,-38.302
1774901735.3449056,"[0, 0, 0, 0, 0, 0]","[1291, 1500, 1600, 1600]","[-25.08, 0.0, 10.0, 10.0]","[-0.33327287109375, 2.5635196015624997, 10.208109734375]",0,2995.54541015625,0,31.598232192993166,"[0.0, 1.00708007796, 2.47192382772]","[0, 0, 0]",0,3,0.0,0.0,2.989,0,0,0,4294967.295,3750000.896,0,67269,0,11.654788970947266,9.827719688415527,-0.5168725848197937,0,state.FLIGHT,1013,-26,0,-26,-0.1498642861843109,2989,2995,"[10.4, 0.5, 16.5, 10.2, 15.5, 17.0, 0, 0]","[3.655, 3.655, 3.654]",0.284,"[2.9904, 3.3120000000000003, 5.0032000000000005, 7.3664000000000005, 8.4352, 27.8256]","[0.040625, 0.60875, 0.00375, -0.003125, -0.0025, 0.014375]",0,0,29.0,"[0, 0, 0, 0, 0, 0]",15.201307773850615,42.3600163,-71.09333749999999,3,-38.302
1774901735.4064107,"[0, 0, 0, 0, 0, 0]","[1291, 1500, 1600, 1600]","[-25.08, 0.0, 10.0, 10.0]","[-0.33710359375, 2.558922734375, 10.20887587890625]",0,3007.730224609375,0,31.611348037719726,"[0.0, 6.1340332021199995, -16.1743164036]","[0, 0, 0]",0,3,0.0,0.0,2.989,0,0,0,4294967.295,3750000.896,0,67329,0,11.425654411315918,9.865447044372559,-0.5168725848197937,0,state.FLIGHT,1014,-26,0,-26,-0.14929702877998352,2989,3007,"[10.6, 0.5, 16.5, 10.8, 15.5, 17.0, 0, 0]","[3.655, 3.655, 3.654]",0.284,"[2.9904, 3.3120000000000003, 5.0032000000000005, 7.3664000000000005, 8.4352, 27.8256]","[0.040625, 0.60875, 0.00375, -0.003125, -0.0025, 0.014375]",0,0,29.0,"[0, 0, 0, 0, 0, 0]",15.0524594717867,42.3600163,-71.0933372,3,-38.256
1774901735.4669242,"[0, 0, 0, 0, 0, 0]","[1291, 1500, 1600, 1600]","[-25.08, 0.0, 10.0, 10.0]","[-0.35012805078125, 2.53976912109375, 10.2341586484375]",0,3019.861328125,0,31.606976089477538,"[0.0, -7.2326660144399995, -1.43432617164]","[0, 0, 0]",0,3,0.0,0.0,3.009,0,0,0,4294967.295,3750000.896,0,67389,0,11.450660705566406,10.09833812713623,-0.5168725848197937,0,state.FLIGHT,1015,-26,0,-26,-0.1487506926059723,3009,3019,"[10.2, 0.5, 16.5, 10.6, 16.5, 17.0, 0, 0]","[3.655, 3.655, 3.654]",0.284,"[2.9968000000000004, 3.3120000000000003, 5.0016, 7.3632, 8.4608, 27.822400000000002]","[0.039375, 0.59375, 0.004375, 0.000625, -0.005, 0.0125]",0,0,29.0,"[0, 0, 0, 0, 0, 0]",15.222679328268233,42.3600159,-71.09333749999999,3,-38.086
1774901735.527928,"[0, 0, 0, 0, 0, 0]","[1291, 1500, 1600, 1600]","[-25.08, 0.0, 10.0, 10.0]","[-0.34170046093749995, 2.5512612890624995, 10.205045156249998]",0,3031.93896484375,0,31.615719985961913,"[0.0, -4.9133300773199995, -3.87573242124]","[0, 0, 0]",0,3,0.0,0.0,3.029,0,0,0,4294967.295,3750000.896,0,67449,0,11.476402282714844,9.918298721313477,-0.5168725848197937,0,state.FLIGHT,1016,-26,0,-26,-0.1481950730085373,3029,3031,"[10.6, 0.5, 15.9, 10.6, 16.5, 15.9, 0, 0]","[3.655, 3.655, 3.654]",0.284,"[2.9968000000000004, 3.3120000000000003, 5.0016, 7.3632, 8.4608, 27.822400000000002]","[0.039375, 0.59375, 0.004375, 0.000625, -0.005, 0.0125]",0,0,29.0,"[0, 0, 0, 0, 0, 0]",15.12477189674319,42.3600159,-71.09333749999999,3,-38.086
1774901735.5779765,"[0, 0, 0, 0, 0, 0]","[1291, 1500, 1600, 1600]","[-25.08, 0.0, 10.0, 10.0]","[-0.35319262890625003, 2.5619873125, 10.206577445312499]",0,3041.96240234375,0,31.60260414123535,"[0.0, 8.51440429548, 16.81518554412]","[0, 0, 0]",0,3,0.0,0.0,3.029,0,0,0,4294967.295,3750000.896,0,67503,0,11.449546813964844,9.775199890136719,-0.5168725848197937,0,state.FLIGHT,1017,-26,0,-26,-0.14810439944267273,3029,3041,"[10.6, 0.5, 17.6, 10.2, 15.9, 17.6, 0, 0]","[3.655, 3.655, 3.654]",0.284,"[2.9952, 3.3104, 5.0032000000000005, 7.364800000000001, 8.4496, 27.8256]","[0.034375, 0.25, -0.00125, -0.005, -0.003125, -0.004375]",0,0,29.0,"[0, 0, 0, 0, 0, 0]",15.012290816991248,42.360014799999995,-71.0933376,3,-37.929
1774901735.643994,"[0, 0, 0, 0, 0, 0]","[1291, 1500, 1600, 1600]","[-25.08, 0.0, 10.0, 10.0]","[-0.3447650390625, 2.5842055039062495, 10.20427901171875]",0,3053.941162109375,0,31.615719985961913,"[0.0, 0.21362304684, -4.0588378899599995]","[0, 0, 0]",0,3,0.0,0.0,3.049,0,0,0,4294967.295,3750000.896,0,67563,0,11.537429809570312,9.8899564743042,-0.5168725848197937,0,state.FLIGHT,1018,-26,0,-26,-0.14757290482521057,3049,3053,"[10.6, 0.5, 16.5, 10.6, 15.0, 17.6, 0, 0]","[3.655, 3.655, 3.654]",0.284,"[2.9952, 3.3104, 5.0032000000000005, 7.364800000000001, 8.4496, 27.8256]","[0.034375, 0.25, -0.00125, -0.005, -0.003125, -0.004375]",0,0,29.0,"[0, 0, 0, 0, 0, 0]",15.152402387306433,42.360014799999995,-71.0933376,3,-37.929
1774901735.699148,"[0, 0, 0, 0, 0, 0]","[1291, 1500, 1600, 1600]","[-25.08, 0.0, 10.0, 10.0]","[-0.34629732812499997, 2.54359984375, 10.24258623828125]",0,3065.8681640625,0,31.598232192993166,"[0.0, 11.26098632628, 3.78417968688]","[0, 0, 0]",0,3,0.0,0.0,3.049,0,0,0,4294967.295,3750000.896,0,67623,0,11.726640701293945,9.781929016113281,-0.5168725848197937,0,state.FLIGHT,1019,-25,0,-26,-0.14704690873622894,3049,3065,"[10.4, 0.5, 17.0, 10.6, 15.5, 16.5, 0, 0]","[3.655, 3.655, 3.654]",0.284,"[2.9952, 3.3136, 5.0032000000000005, 7.364800000000001, 8.4368, 27.8256]","[0.030625, 0.21375, -0.00125, -0.00125, -0.0025, 0.0]",0,0,29.0,"[0, 0, 0, 0, 0, 0]",15.226878780469399,42.3600134,-71.093338,3,-37.649
1774901735.758649,"[0, 0, 0, 0, 0, 0]","[1291, 1500, 1600, 1600]","[-25.08, 0.0, 10.0, 10.0]","[-0.34093431640625, 2.5757779140624995, 10.2372232265625]",0,3077.740234375,0,31.628835830688477,"[0.0, -1.55639648412, -6.1340332021199995]","[0, 0, 0]",0,3,0.0,0.0,3.069,0,0,0,4294967.295,3750000.896,0,67683,0,11.937546730041504,9.840537071228027,-0.5168725848197937,0,state.FLIGHT,1020,-24,0,-25,-0.1465117484331131,3069,3077,"[10.8, 0.5, 16.5, 10.6, 15.9, 17.0, 0, 0]","[3.655, 3.655, 3.654]",0.284,"[2.9968000000000004, 3.3104, 5.0064, 7.3616, 8.4512, 27.8256]","[0.035, 0.23375, -0.000625, -0.005625, -0.003125, 0.000625]",0,0,29.0,"[0, 0, 0, 0, 0, 0]",15.425082697754371,42.3600123,-71.0933383,3,-37.428
1774901735.8128104,"[0, 0, 0, 0, 0, 0]","[1291, 1500, 1600, 1600]","[-25.08, 0.0, 10.0, 10.0]","[-0.35319262890625003, 2.56428574609375, 10.199682144531248]",0,3089.560546875,0,31.6200919342041,"[0.0, -2.8991699214, 3.41796874944]","[0, 0, 0]",0,3,0.0,0.0,3.089,0,0,0,4294967.295,3750000.896,0,67737,0,12.268430709838867,10.010139465332031,-0.5168725848197937,0,state.FLIGHT,1021,-24,0,-24,-0.1460258960723877,3089,3089,"[10.6, 0.5, 17.0, 10.6, 15.9, 17.0, 0, 0]","[3.655, 3.655, 3.654]",0.284,"[2.9968000000000004, 3.3104, 5.0064, 7.3616, 8.4512, 27.8256]","[0.035, 0.23375, -0.000625, -0.005625, -0.003125, 0.000625]",0,0,29.0,"[0, 0, 0, 0, 0, 0]",15.785375324108918,42.3600123,-71.0933383,3,-37.428
1774901735.8723428,"[0, 0, 0, 0, 0, 0]","[1291, 1500, 1600, 1600]","[-25.08, 0.0, 10.0, 10.0]","[-0.3263775703125, 2.5405352656249995, 10.211940457031249]",0,3101.328857421875,0,31.633207778930664,"[0.0, -4.1198730462, 1.525878906]","[0, 0, 0]",0,3,0.0,0.0,3.089,0,0,0,4294967.295,3750000.896,0,67797,0,12.288270950317383,10.245123863220215,-0.5168725848197937,0,state.FLIGHT,1022,-24,0,-24,-0.1454952508211136,3089,3101,"[10.4, 0.5, 16.5, 10.4, 15.0, 15.9, 0, 0]","[3.655, 3.655, 3.654]",0.284,"[2.9968000000000004, 3.3104, 5.0, 7.364800000000001, 8.4288, 27.8256]","[0.036875, 0.26, -0.00125, -0.000625, -0.00125, 0.0]",0,0,29.0,"[0, 0, 0, 0, 0, 0]",15.948242936348803,42.3600114,-71.0933384,3,-37.316
1774901735.9363375,"[0, 0, 0, 0, 0, 0]","[1291, 1500, 1600, 1600]","[-25.08, 0.0, 10.0, 10.0]","[-0.33327287109375, 2.5390029765624997, 10.22573105859375]",0,3113.04248046875,0,31.6200919342041,"[0.0, 13.39721679468, 2.62451171832]","[0, 0, 0]",0,3,0.0,0.0,3.109,0,0,0,4294967.295,3750000.896,0,67857,0,12.411900520324707,10.168848037719727,-0.5168725848197937,0,state.FLIGHT,1023,-23,0,-24,-0.14500530064105988,3109,3113,"[10.6, 0.5, 16.5, 11.1, 15.9, 16.5, 0, 0]","[3.655, 3.655, 3.654]",0.284,"[2.9968000000000004, 3.3104, 5.0, 7.364800000000001, 8.4288, 27.8256]","[0.036875, 0.26, -0.00125, -0.000625, -0.00125, 0.0]",0,0,29.0,"[0, 0, 0, 0, 0, 0]",15.994835141804064,42.3600114,-71.0933384,3,-37.316
1774901735.992861,"[0, 0, 0, 0, 0, 0]","[1291, 1500, 1600, 1600]","[-25.08, 0.0, 10.0, 10.0]","[-0.34553118359374996, 2.5474305664062498, 10.232626359374999]",0,3124.707275390625,0,31.615719985961913,"[0.0, -10.04028320148, 1.89208984344]","[0, 0, 0]",0,3,0.0,0.0,3.109,0,0,0,4294967.295,3750000.896,0,67917,0,12.520853042602539,10.427026748657227,-0.5168725848197937,0,state.FLIGHT,1024,-23,0,-24,-0.14453449845314026,3109,3124,"[10.4, 0.5, 17.0, 10.4, 15.9, 17.0, 0, 0]","[3.655, 3.655, 3.654]",0.284,"[2.9968000000000004, 3.3136, 5.0048, 7.368, 8.4368, 27.8272]","[0.036875, 0.61, 0.000625, -0.003125, -0.00625, 0.000625]",0,0,29.0,"[0, 0, 0, 0, 0, 0]",16.240523781577757,42.3600109,-71.0933384,3,-37.366
1774901736.0498822,"[0, 0, 0, 0, 0, 0]","[1291, 1500, 1600, 1600]","[-25.08, 0.0, 10.0, 10.0]","[-0.35778949609375, 2.51525249609375, 10.1912545546875]",0,3134.385009765625,0,31.611348037719726,"[0.0, 5.340576171, 3.17382812448]","[0, 0, 0]",0,3,0.0,0.0,3.128,0,0,0,4294967.295,3750000.896,0,67971,0,12.458050727844238,10.303020477294922,-0.5168725848197937,0,state.FLIGHT,1025,-23,0,-24,-0.1441337913274765,3128,3134,"[10.4, 0.5, 17.0, 10.6, 16.5, 16.5, 0, 0]","[3.655, 3.655, 3.654]",0.284,"[2.9968000000000004, 3.3136, 5.0048, 7.368, 8.4368, 27.8272]","[0.036875, 0.61, 0.000625, -0.003125, -0.00625, 0.000625]",0,0,29.0,"[0, 0, 0, 0, 0, 0]",16.114388163318,42.3600109,-71.0933384,3,-37.366
1774901736.1097038,"[0, 0, 0, 0, 0, 0]","[1291, 1500, 1600, 1600]","[-25.08, 0.0, 10.0, 10.0]","[-0.32101455859375, 2.5390029765624997, 10.20581130078125]",0,3145.955322265625,0,31.633207778930664,"[0.0, -3.93676757748, 3.02124023388]","[0, 0, 0]",0,3,0.0,0.0,3.128,0,0,0,4294967.295,3750000.896,0,68031,0,12.348800659179688,10.328659057617188,-0.5168725848197937,0,state.FLIGHT,1026,-23,0,-24,-0.1436716765165329,3128,3145,"[10.6, 0.5, 16.5, 10.6, 15.9, 15.9, 0, 0]","[3.655, 3.655, 3.654]",0.284,"[2.9936000000000003, 3.3136, 5.0048, 7.368, 8.473600000000001, 27.8272]","[0.043750000000000004, 0.598125, -0.000625, -0.001875, -0.00375, 0.02]",0,0,29.0,"[0, 0, 0, 0, 0, 0]",16.04722807234552,42.360011199999995,-71.0933383,3,-37.354
1774901736.1682553,"[0, 0, 0, 0, 0, 0]","[1291, 1500, 1600, 1600]","[-25.08, 0.0, 10.0, 10.0]","[-0.318716125, 2.55585815625, 10.20581130078125]",0,3157.470703125,0,31.650695571899416,"[0.0, -2.8991699214, 1.92260742156]","[0, 0, 0]",0,3,0.0,0.0,3.147,0,0,0,4294967.295,3750000.896,0,68091,0,12.352155685424805,10.351252555847168,-0.5168725848197937,0,state.FLIGHT,1027,-24,0,-24,-0.14319971203804016,3147,3157,"[10.4, 0.5, 16.5, 10.4, 15.5, 17.0, 0, 0]","[3.655, 3.655, 3.654]",0.284,"[2.9936000000000003, 3.3136, 5.0048, 7.368, 8.473600000000001, 27.8272]","[0.043750000000000004, 0.598125, -0.000625, -0.001875, -0.00375, 0.02]",0,0,29.0,"[0, 0, 0, 0, 0, 0]",16.064103931747365,42.3600122,-71.0933376,3,-37.315
1774901736.2302506,"[0, 0, 0, 0, 0, 0]","[1291, 1500, 1600, 1600]","[-25.08, 0.0, 10.0, 10.0]","[-0.35166033984374995, 2.5458982773437495, 10.2188357578125]",0,3168.934326171875,0,31.637579727172852,"[0.0, -2.71606445268, -5.55419921784]","[0, 0, 0]",0,3,0.0,0.0,3.167,0,0,0,4294967.295,3750000.896,0,68151,0,12.585575103759766,10.437915802001953,-0.5168725848197937,0,state.FLIGHT,1028,-24,0,-24,-0.1427323818206787,3167,3168,"[10.6, 0.5, 16.5, 10.6, 15.9, 16.5, 0, 0]","[3.655, 3.655, 3.654]",0.284,"[2.9968000000000004, 3.3120000000000003, 5.0064, 7.3664000000000005, 8.464, 27.8288]","[0.038125, 0.619375, 0.0, -0.000625, -0.00125, 0.0175]",0,0,29.0,"[0, 0, 0, 0, 0, 0]",16.296778104370333,42.3600122,-71.0933376,3,-37.315
1774901736.2826898,"[0, 0, 0, 0, 0, 0]","[1291, 1500, 1600, 1600]","[-25.08, 0.0, 10.0, 10.0]","[-0.3202484140625, 2.5665841796874997, 10.2525461171875]",0,3180.349365234375,0,31.633207778930664,"[0.0, -8.27026367052, -8.14819335804]","[0, 0, 0]",0,3,0.0,0.0,3.167,0,0,0,4294967.295,3750000.896,0,68205,0,12.551738739013672,10.60658073425293,-0.5168725848197937,0,state.FLIGHT,1029,-24,0,-24,-0.1422269493341446,3167,3180,"[10.4, 0.5, 16.5, 10.8, 15.9, 16.5, 0, 0]","[3.655, 3.655, 3.654]",0.284,"[2.9968000000000004, 3.3120000000000003, 5.0064, 7.3664000000000005, 8.464, 27.8288]","[0.038125, 0.619375, 0.0, -0.000625, -0.00125, 0.0175]",0,0,29.0,"[0, 0, 0, 0, 0, 0]",16.37791692080741,42.3600128,-71.0933373,3,-37.273
1774901736.3455453,"[0, 0, 0, 0, 0, 0]","[1291, 1500, 1600, 1600]","[-25.08, 0.0, 10.0, 10.0]","[-0.3662170859375, 2.55509201171875, 10.224198769531249]",0,3191.709228515625,0,31.633207778930664,"[0.0, -8.45336913924, -7.2326660144399995]","[0, 0, 0]",0,3,0.0,0.0,3.187,0,0,0,4294967.295,3750000.896,0,68265,0,12.599061965942383,10.667013168334961,-0.5168725848197937,0,state.FLIGHT,1030,-24,0,-24,-0.14179730415344238,3187,3191,"[10.8, 0.5, 17.0, 10.6, 15.9, 15.9, 0, 0]","[3.655, 3.655, 3.654]",0.284,"[2.992, 3.3104, 5.0048, 7.3696, 8.456000000000001, 27.8288]","[0.03375, 0.228125, 0.0, 0.000625, -0.000625, -0.004375]",0,0,29.0,"[0, 0, 0, 0, 0, 0]",16.45227634416587,42.3600128,-71.0933373,3,-37.273
1774901736.4010417,"[0, 0, 0, 0, 0, 0]","[1291, 1500, 1600, 1600]","[-25.08, 0.0, 10.0, 10.0]","[-0.321780703125, 2.5573904453125, 10.211174312499999]",0,3203.0205078125,0,31.633207778930664,"[0.0, -6.43920898332, -4.82177734296]","[0, 0, 0]",0,3,0.0,0.0,3.187,0,0,0,4294967.295,3750000.896,0,68325,0,12.728466987609863,10.707886695861816,-0.5168725848197937,0,state.FLIGHT,1031,-24,0,-25,-0.14134350419044495,3187,3203,"[10.4, 0.5, 16.5, 10.6, 15.9, 17.0, 0, 0]","[3.655, 3.655, 3.654]",0.284,"[2.9952, 3.3120000000000003, 5.0048, 7.3632, 8.464, 27.824]","[0.03375, 0.20500000000000002, 0.0, -0.00125, 0.000625, -0.0025]",0,0,29.0,"[0, 0, 0, 0, 0, 0]",16.576365278224905,42.360014199999995,-71.09333649999999,3,-37.329
1774901736.4675746,"[0, 0, 0, 0, 0, 0]","[1291, 1500, 1600, 1600]","[-25.08, 0.0, 10.0, 10.0]","[-0.33633744921875, 2.56581803515625, 10.215771179687499]",0,3214.283203125,0,31.646323623657228,"[0.0, -5.8898925771599995, 3.60107421816]","[0, 0, 0]",0,3,0.0,0.0,3.206,0,0,0,4294967.295,3750000.896,0,68385,0,12.731222152709961,10.81408405303955,-0.5168725848197937,0,state.FLIGHT,1032,-24,0,-25,-0.1409083902835846,3206,3214,"[10.6, 0.5, 15.9, 10.8, 16.5, 16.5, 0, 0]","[3.655, 3.655, 3.654]",0.284,"[2.9952, 3.3120000000000003, 5.0048, 7.3632, 8.464, 27.824]","[0.03375, 0.20500000000000002, 0.0, -0.00125, 0.000625, -0.0025]",0,0,29.0,"[0, 0, 0, 0, 0, 0]",16.646106683663277,42.360014899999996,-71.0933362,3,-37.62
1774901736.5175767,"[0, 0, 0, 0, 0, 0]","[1291, 1500, 1600, 1600]","[-25.08, 0.0, 10.0, 10.0]","[-0.34553118359374996, 2.5527935781249997, 10.2188357578125]",0,3223.62841796875,0,31.633207778930664,"[0.0, 0.82397460924, 2.10571289028]","[0, 0, 0]",0,3,0.0,0.0,3.223,0,0,0,4294967.295,3750000.896,0,68439,0,12.847007751464844,10.86548900604248,-0.5168725848197937,0,state.FLIGHT,1033,-24,0,-25,-0.1408464014530182,3223,3223,"[10.6, 0.5, 16.5, 10.4, 16.5, 17.0, 0, 0]","[3.655, 3.655, 3.654]",0.284,"[2.9952, 3.3088, 5.0032000000000005, 7.3616, 8.4528, 27.8256]","[0.0375, 0.264375, -0.003125, -0.005, -0.00375, 0.001875]",0,0,29.0,"[0, 0, 0, 0, 0, 0]",16.766471994007908,42.360014899999996,-71.0933362,3,-37.62
1774901736.5743983,"[0, 0, 0, 0, 0, 0]","[1291, 1500, 1600, 1600]","[-25.08, 0.0, 10.0, 10.0]","[-0.3309744375, 2.53976912109375, 10.216537324218748]",0,3234.79345703125,0,31.650695571899416,"[0.0, 1.61743164036, 1.89208984344]","[0, 0, 0]",0,3,0.0,0.0,3.223,0,0,0,4294967.295,3750000.896,0,68499,0,12.613849639892578,10.828181266784668,-0.5168725848197937,0,state.FLIGHT,1034,-25,0,-25,-0.14038997888565063,3223,3234,"[10.6, 0.5, 17.0, 10.6, 15.9, 17.6, 0, 0]","[3.655, 3.655, 3.654]",0.284,"[2.9952, 3.3088, 5.0032000000000005, 7.3616, 8.4528, 27.8256]","[0.0375, 0.264375, -0.003125, -0.005, -0.00375, 0.001875]",0,0,29.0,"[0, 0, 0, 0, 0, 0]",16.566647791148814,42.3600156,-71.0933362,3,-37.701
1774901736.634393,"[0, 0, 0, 0, 0, 0]","[1291, 1500, 1600, 1600]","[-25.08, 0.0, 10.0, 10.0]","[-0.3570233515625, 2.5573904453125, 10.177463953124999]",0,3245.91259765625,0,31.637579727172852,"[0.0, -7.2326660144399995, -12.0544433574]","[0, 0, 0]",0,3,0.0,0.0,3.242,0,0,0,4294967.295,3750000.896,0,68559,0,12.61376953125,10.975822448730469,-0.5168725848197937,0,state.FLIGHT,1035,-24,0,-25,-0.13993805646896362,3242,3245,"[10.4, 0.5, 16.5, 10.8, 15.9, 16.5, 0, 0]","[3.655, 3.655, 3.654]",0.284,"[2.9968000000000004, 3.3104, 5.0016, 7.3616, 8.443200000000001, 27.8256]","[0.035, 0.24875, -0.0025, -0.001875, -0.003125, -0.00125]",0,0,29.0,"[0, 0, 0, 0, 0, 0]",16.661889592689356,42.3600156,-71.0933362,3,-37.701
1774901736.699931,"[0, 0, 0, 0, 0, 0]","[1291, 1500, 1600, 1600]","[-25.08, 0.0, 10.0, 10.0]","[-0.34093431640625, 2.549729, 10.209642023437498]",0,3256.97998046875,0,31.6550675201416,"[0.0, 2.77709960892, -2.38037109336]","[0, 0, 0]",0,3,0.0,0.0,3.242,0,0,0,4294967.295,3750000.896,0,68619,0,12.622234344482422,10.888798713684082,-0.5168725848197937,0,state.FLIGHT,1036,-24,0,-25,-0.13949032127857208,3242,3256,"[10.6, 0.5, 16.5, 10.6, 15.0, 16.5, 0, 0]","[3.655, 3.655, 3.654]",0.284,"[2.9968000000000004, 3.3104, 5.0016, 7.3616, 8.443200000000001, 27.8256]","[0.035, 0.24875, -0.0025, -0.001875, -0.003125, -0.00125]",0,0,29.0,"[0, 0, 0, 0, 0, 0]",16.611978676709324,42.360016099999996,-71.093336,3,-37.658
1774901736.7499366,"[0, 0, 0, 0, 0, 0]","[1291, 1500, 1600, 1600]","[-25.08, 0.0, 10.0, 10.0]","[-0.34246660546874996, 2.5420675546875, 10.2188357578125]",0,3266.163818359375,0,31.637579727172852,"[0.0, 10.46752929516, 1.73950195284]","[0, 0, 0]",0,3,0.0,0.0,3.26,0,0,0,4294967.295,3750000.896,0,68673,0,12.74649715423584,10.510009765625,-0.5168725848197937,0,state.FLIGHT,1037,-24,0,-25,-0.13885439932346344,3260,3266,"[10.4, 0.5, 15.9, 10.6, 16.5, 16.5, 0, 0]","[3.655, 3.655, 3.654]",0.284,"[2.9968000000000004, 3.3120000000000003, 5.0032000000000005, 7.364800000000001, 8.4448, 27.8272]","[0.03375, 0.625625, -0.000625, -0.00375, 0.000625, 0.01375]",0,0,29.0,"[0, 0, 0, 0, 0, 0]",16.465147608418935,42.360016099999996,-71.093336,3,-37.658
1774901736.8136442,"[0, 0, 0, 0, 0, 0]","[1291, 1500, 1600, 1600]","[-25.08, 0.0, 10.0, 10.0]","[-0.34170046093749995, 2.5527935781249997, 10.207343589843749]",0,3277.13671875,0,31.628835830688477,"[0.0, -5.09643554604, -7.20214843632]","[0, 0, 0]",0,3,0.0,0.0,3.26,0,0,0,4294967.295,3750000.896,0,68733,0,12.848374366760254,10.546041488647461,-0.5168725848197937,0,state.FLIGHT,1038,-24,0,-24,-0.13848446309566498,3260,3277,"[10.6, 0.5, 17.0, 10.6, 15.9, 15.9, 0, 0]","[3.655, 3.655, 3.654]",0.284,"[2.9968000000000004, 3.3120000000000003, 5.0032000000000005, 7.364800000000001, 8.4448, 27.8272]","[0.03375, 0.625625, -0.000625, -0.00375, 0.000625, 0.01375]",0,0,29.0,"[0, 0, 0, 0, 0, 0]",16.56577743530052,42.3600158,-71.09333649999999,3,-37.661
1774901736.8693147,"[0, 0, 0, 0, 0, 0]","[1291, 1500, 1600, 1600]","[-25.08, 0.0, 10.0, 10.0]","[-0.35932178515625, 2.571181046875, 10.2127066015625]",0,3288.06396484375,0,31.668183364868163,"[0.0, -13.5803222634, 0.06103515624]","[0, 0, 0]",0,3,0.0,0.0,3.278,0,0,0,4294967.295,3750000.896,0,68793,0,13.0357666015625,10.792610168457031,-0.5168725848197937,0,state.FLIGHT,1039,-24,0,-24,-0.1380079984664917,3278,3288,"[11.1, 0.5, 15.5, 10.4, 16.5, 16.5, 0, 0]","[3.655, 3.655, 3.654]",0.284,"[2.9952, 3.3136, 5.0048, 7.36, 8.4336, 27.8256]","[0.040625, 0.625, -0.00125, 0.001875, -0.004375, 0.02]",0,0,29.0,"[0, 0, 0, 0, 0, 0]",16.863870294331633,42.360014799999995,-71.09333649999999,3,-37.59
1774901736.9351804,"[0, 0, 0, 0, 0, 0]","[1291, 1500, 1600, 1600]","[-25.08, 0.0, 10.0, 10.0]","[-0.33480516015625, 2.55049514453125, 10.23645708203125]",0,3298.939208984375,0,31.659439468383788,"[0.0, -1.3732910154, 4.15039062432]","[0, 0, 0]",0,3,0.0,0.0,3.297,0,0,0,4294967.295,3750000.896,0,68853,0,13.189870834350586,10.849980354309082,-0.5168725848197937,0,state.FLIGHT,1040,-23,0,-24,-0.1375909000635147,3297,3298,"[10.6, 0.5, 17.0, 10.6, 16.5, 17.0, 0, 0]","[3.655, 3.655, 3.654]",0.284,"[2.9952, 3.3136, 5.0048, 7.36, 8.4336, 27.8256]","[0.040625, 0.625, -0.00125, 0.001875, -0.004375, 0.02]",0,0,29.0,"[0, 0, 0, 0, 0, 0]",17.01772252195025,42.360014799999995,-71.09333649999999,3,-37.59
1774901736.9827054,"[0, 0, 0, 0, 0, 0]","[1291, 1500, 1600, 1600]","[-25.08, 0.0, 10.0, 10.0]","[-0.3478296171875, 2.5527935781249997, 10.228029492187499]",0,3309.765869140625,0,31.646323623657228,"[0.0, 1.80053710908, 3.93676757748]","[0, 0, 0]",0,3,0.0,0.0,3.297,0,0,0,4294967.295,3750000.896,0,68907,0,13.516115188598633,10.826333999633789,-0.5168725848197937,0,state.FLIGHT,1041,-23,0,-24,-0.1371777057647705,3297,3309,"[10.2, 0.5, 17.0, 10.8, 15.0, 15.9, 0, 0]","[3.655, 3.655, 3.654]",0.284,"[2.9968000000000004, 3.3120000000000003, 5.0016, 7.3584000000000005, 8.456000000000001, 27.8256]","[0.033125, 0.2475, -0.00375, -0.000625, 0.00125, 0.019375]",0,0,29.0,"[0, 0, 0, 0, 0, 0]",17.254200324971972,42.3600126,-71.0933366,3,-37.7
1774901737.0427144,"[0, 0, 0, 0, 0, 0]","[1291, 1500, 1600, 1600]","[-25.08, 0.0, 10.0, 10.0]","[-0.34859576171874995, 2.57807634765625, 10.208109734375]",0,3320.540771484375,0,31.659439468383788,"[0.0, -4.6691894523599995, 11.5966796856]","[0, 0, 0]",0,3,0.0,0.0,3.315,0,0,0,4294967.295,3750000.896,0,68967,0,13.586368560791016,10.91052532196045,-0.5168725848197937,0,state.FLIGHT,1042,-23,0,-24,-0.13676859438419342,3315,3320,"[10.6, 0.5, 16.5, 10.8, 16.5, 16.5, 0, 0]","[3.655, 3.655, 3.654]",0.284,"[2.9968000000000004, 3.3120000000000003, 5.0016, 7.3584000000000005, 8.456000000000001, 27.8256]","[0.033125, 0.2475, -0.00375, -0.000625, 0.00125, 0.019375]",0,0,29.0,"[0, 0, 0, 0, 0, 0]",17.360416095341055,42.3600126,-71.0933366,3,-37.7
1774901737.1027544,"[0, 0, 0, 0, 0, 0]","[1291, 1500, 1600, 1600]","[-25.08, 0.0, 10.0, 10.0]","[-0.34323275000000003, 2.53976912109375, 10.21806961328125]",0,3331.269775390625,0,31.659439468383788,"[0.0, -7.8430175768399994, -4.4250488273999995]","[0, 0, 0]",0,3,0.0,0.0,3.315,0,0,0,4294967.295,3750000.896,0,69027,0,13.523795127868652,11.07348918914795,-0.5168725848197937,0,state.FLIGHT,1043,-23,0,-23,-0.13634976744651794,3315,3331,"[10.6, 0.5, 17.6, 10.8, 15.5, 16.5, 0, 0]","[3.655, 3.655, 3.654]",0.284,"[2.9952, 3.3120000000000003, 5.0016, 7.364800000000001, 8.4368, 27.8272]","[0.033125, 0.250625, -0.0025, 0.00125, -0.00125, -0.00125]",0,0,29.0,"[0, 0, 0, 0, 0, 0]",17.413324595210895,42.3600103,-71.0933369,3,-38.027
1774901737.1653142,"[0, 0, 0, 0, 0, 0]","[1291, 1500, 1600, 1600]","[-25.08, 0.0, 10.0, 10.0]","[-0.3600879296875, 2.5619873125, 10.220368046875]",0,3341.947021484375,0,31.663811416625975,"[0.0, -2.71606445268, -5.7678222646799995]","[0, 0, 0]",0,3,0.0,0.0,3.333,0,0,0,4294967.295,3750000.896,0,69087,0,13.312009811401367,11.21146297454834,-0.5168725848197937,0,state.FLIGHT,1044,-23,0,-24,-0.13596199452877045,3333,3341,"[10.8, 0.5, 15.5, 10.4, 15.9, 17.0, 0, 0]","[3.655, 3.655, 3.654]",0.284,"[2.9968000000000004, 3.3120000000000003, 5.0032000000000005, 7.364800000000001, 8.4464, 27.8288]","[0.031875, 0.233125, -0.004375, -0.005625, 0.000625, -0.0025]",0,0,29.0,"[0, 0, 0, 0, 0, 0]",17.33870924471416,42.3600096,-71.0933374,3,-38.051
1774901737.2213142,"[0, 0, 0, 0, 0, 0]","[1291, 1500, 1600, 1600]","[-25.08, 0.0, 10.0, 10.0]","[-0.32561142578124996, 2.5704149023437495, 10.23032792578125]",0,3350.8076171875,0,31.6550675201416,"[0.0, 0.21362304684, 1.34277343728]","[0, 0, 0]",0,3,0.0,0.0,3.35,0,0,0,4294967.295,3750000.896,0,69141,0,13.29666519165039,11.1421480178833,-0.5168725848197937,0,state.FLIGHT,1045,-23,0,-23,-0.13558970391750336,3350,3350,"[10.2, 0.5, 16.5, 10.4, 15.9, 17.0, 0, 0]","[3.655, 3.655, 3.654]",0.284,"[2.9968000000000004, 3.3120000000000003, 5.0032000000000005, 7.364800000000001, 8.4464, 27.8288]","[0.031875, 0.233125, -0.004375, -0.005625, 0.000625, -0.0025]",0,0,29.0,"[0, 0, 0, 0, 0, 0]",17.2831252221732,42.3600096,-71.0933374,3,-38.051
1774901737.280872,"[0, 0, 0, 0, 0, 0]","[1291, 1500, 1600, 1600]","[-25.08, 0.0, 10.0, 10.0]","[-0.34859576171874995, 2.5543258671875, 10.20887587890625]",0,3361.396728515625,0,31.67255531311035,"[0.0, 2.41088867148, -4.60815429612]","[0, 0, 0]",0,3,0.0,0.0,3.35,0,0,0,4294967.295,3750000.896,0,69201,0,13.414772033691406,11.120195388793945,-0.5168725848197937,0,state.FLIGHT,1046,-23,0,-24,-0.13520894944667816,3350,3361,"[10.0, 0.5, 16.5, 10.6, 15.5, 15.9, 0, 0]","[3.655, 3.655, 3.654]",0.284,"[2.9952, 3.3104, 5.0032000000000005, 7.3632, 8.4624, 27.8288]","[0.03375, 0.228125, -0.003125, -0.00125, -0.004375, 0.0]",0,0,29.0,"[0, 0, 0, 0, 0, 0]",17.359186439420288,42.3600089,-71.0933379,3,-37.934
1774901737.3423593,"[0, 0, 0, 0, 0, 0]","[1291, 1500, 1600, 1600]","[-25.08, 0.0, 10.0, 10.0]","[-0.33327287109375, 2.53517225390625, 10.211940457031249]",0,3371.936767578125,0,31.659439468383788,"[0.0, 4.60815429612, 7.69042968624]","[0, 0, 0]",0,3,0.0,0.0,3.368,0,0,0,4294967.295,3750000.896,0,69261,0,13.84783935546875,11.24958324432373,-0.5168725848197937,0,state.FLIGHT,1047,-24,0,-24,-0.1348453015089035,3368,3371,"[10.6, 0.5, 16.5, 10.8, 15.0, 17.0, 0, 0]","[3.655, 3.655, 3.654]",0.284,"[2.9952, 3.3104, 5.0032000000000005, 7.3632, 8.4624, 27.8288]","[0.03375, 0.228125, -0.003125, -0.00125, -0.004375, 0.0]",0,0,29.0,"[0, 0, 0, 0, 0, 0]",17.77176625257269,42.3600089,-71.0933379,3,-37.934
1774901737.3968973,"[0, 0, 0, 0, 0, 0]","[1291, 1500, 1600, 1600]","[-25.08, 0.0, 10.0, 10.0]","[-0.35319262890625003, 2.56811646875, 10.199682144531248]",0,3382.43115234375,0,31.67255531311035,"[0.0, 2.96020507764, -2.5939941402]","[0, 0, 0]",0,3,0.0,0.0,3.368,0,0,0,4294967.295,3750000.896,0,69321,0,13.813657760620117,11.381402969360352,-0.5168725848197937,0,state.FLIGHT,1048,-24,0,-24,-0.1344449520111084,3368,3382,"[10.0, 0.5, 16.5, 10.4, 15.9, 16.5, 0, 0]","[3.655, 3.655, 3.654]",0.284,"[2.9968000000000004, 3.3136, 5.0032000000000005, 7.364800000000001, 8.473600000000001, 27.8256]","[0.033125, 0.26687500000000003, -0.001875, -0.000625, 0.000625, -0.00125]",0,0,29.0,"[0, 0, 0, 0, 0, 0]",17.827712214044084,42.360008199999996,-71.0933386,3,-37.827
1774901737.450896,"[0, 0, 0, 0, 0, 0]","[1291, 1500, 1600, 1600]","[-25.08, 0.0, 10.0, 10.0]","[-0.36162021874999994, 2.5527935781249997, 10.209642023437498]",0,3392.873779296875,0,31.67255531311035,"[0.0, -1.00708007796, 16.784667966]","[0, 0, 0]",0,3,0.0,0.0,3.387,0,0,0,4294967.295,3750000.896,0,69375,0,13.935442924499512,11.322690963745117,-0.5168725848197937,0,state.FLIGHT,1049,-24,0,-24,-0.13407500088214874,3387,3392,"[10.8, 0.5, 16.5, 10.6, 16.5, 17.0, 0, 0]","[3.655, 3.655, 3.654]",0.284,"[2.9968000000000004, 3.3136, 5.0032000000000005, 7.364800000000001, 8.473600000000001, 27.8256]","[0.033125, 0.26687500000000003, -0.001875, -0.000625, 0.000625, -0.00125]",0,0,29.0,"[0, 0, 0, 0, 0, 0]",17.88450054549165,42.3600085,-71.0933384,3,-37.875
1774901737.5164144,"[0, 0, 0, 0, 0, 0]","[1291, 1500, 1600, 1600]","[-25.08, 0.0, 10.0, 10.0]","[-0.31718383593749994, 2.56275345703125, 10.1973837109375]",0,3403.267578125,0,31.67692726135254,"[0.0, -10.58959960764, -18.58520507508]","[0, 0, 0]",0,3,0.0,0.0,3.387,0,0,0,4294967.295,3750000.896,0,69435,0,13.663841247558594,11.564988136291504,-0.5168725848197937,0,state.FLIGHT,1050,-24,0,-25,-0.1337086707353592,3387,3403,"[10.6, 0.5, 17.0, 10.2, 15.5, 15.9, 0, 0]","[3.655, 3.655, 3.654]",0.284,"[2.9952, 3.3120000000000003, 5.0048, 7.364800000000001, 8.4448, 27.8288]","[0.036875, 0.625625, 0.000625, -0.000625, -0.003125, -0.00125]",0,0,29.0,"[0, 0, 0, 0, 0, 0]",17.829679498981776,42.3600085,-71.0933384,3,-37.875
1774901737.5750246,"[0, 0, 0, 0, 0, 0]","[1291, 1500, 1600, 1600]","[-25.08, 0.0, 10.0, 10.0]","[-0.34399889453125, 2.5474305664062498, 10.216537324218748]",0,3413.615478515625,0,31.67692726135254,"[0.0, -12.72583007604, 5.82885742092]","[0, 0, 0]",0,3,0.0,0.0,3.404,0,0,0,4294967.295,3750000.896,0,69495,0,13.643999099731445,11.643708229064941,-0.5168725848197937,0,state.FLIGHT,1051,-24,0,-25,-0.13330596685409546,3404,3413,"[10.8, 0.5, 16.5, 10.8, 15.9, 17.0, 0, 0]","[3.655, 3.655, 3.654]",0.284,"[2.9952, 3.3120000000000003, 5.0048, 7.364800000000001, 8.4448, 27.8288]","[0.036875, 0.625625, 0.000625, -0.000625, -0.003125, -0.00125]",0,0,29.0,"[0, 0, 0, 0, 0, 0]",17.86491523565536,42.3600086,-71.0933384,3,-37.701
1774901737.6310196,"[0, 0, 0, 0, 0, 0]","[1291, 1500, 1600, 1600]","[-25.08, 0.0, 10.0, 10.0]","[-0.34399889453125, 2.5458982773437495, 10.20427901171875]",0,3423.914794921875,0,31.659439468383788,"[0.0, 0.64086914052, -1.25122070292]","[0, 0, 0]",0,3,0.0,0.0,3.422,0,0,0,4294967.295,3750000.896,0,69555,0,13.814826011657715,11.52955436706543,-0.5168725848197937,0,state.FLIGHT,1052,-24,0,-25,-0.1329466998577118,3422,3423,"[10.4, 0.5, 17.0, 10.4, 15.9, 17.6, 0, 0]","[3.655, 3.655, 3.654]",0.284,"[2.9984, 3.3104, 5.0016, 7.368, 8.4304, 27.8288]","[0.036875, 0.584375, 0.00125, -0.005, 0.000625, 0.020625]",0,0,29.0,"[0, 0, 0, 0, 0, 0]",17.921692982091717,42.3600086,-71.0933384,3,-37.701
1774901737.6845498,"[0, 0, 0, 0, 0, 0]","[1291, 1500, 1600, 1600]","[-25.08, 0.0, 10.0, 10.0]","[-0.34170046093749995, 2.56275345703125, 10.206577445312499]",0,3432.45849609375,0,31.650695571899416,"[0.0, -4.6691894523599995, 11.779785154319999]","[0, 0, 0]",0,3,0.0,0.0,3.422,0,0,0,4294967.295,3750000.896,0,69609,0,13.900169372558594,11.535136222839355,-0.5168725848197937,0,state.FLIGHT,1053,-24,0,-25,-0.132546067237854,3422,3432,"[10.8, 0.5, 17.0, 11.1, 15.9, 17.0, 0, 0]","[3.655, 3.655, 3.654]",0.284,"[2.9984, 3.3104, 5.0016, 7.368, 8.4304, 27.8288]","[0.036875, 0.584375, 0.00125, -0.005, 0.000625, 0.020625]",0,0,29.0,"[0, 0, 0, 0, 0, 0]",17.990172403490472,42.3600077,-71.0933387,3,-37.514
1774901737.7485604,"[0, 0, 0, 0, 0, 0]","[1291, 1500, 1600, 1600]","[-25.08, 0.0, 10.0, 10.0]","[-0.36085407421875, 2.5573904453125, 10.22956178125]",0,3442.672607421875,0,31.67692726135254,"[0.0, 1.00708007796, 6.7138671864]","[0, 0, 0]",0,3,0.0,0.0,3.437,0,0,0,4294967.295,3750000.896,0,69669,0,13.678812980651855,11.52145767211914,-0.5168725848197937,0,state.FLIGHT,1054,-24,0,-25,-0.13196855783462524,3437,3442,"[10.4, 0.5, 17.0, 10.6, 16.5, 17.0, 0, 0]","[3.655, 3.655, 3.654]",0.284,"[2.9968000000000004, 3.3104, 5.0048, 7.3696, 8.4304, 27.8256]","[0.04, 0.61, 0.000625, -0.00125, -0.00375, 0.019375]",0,0,29.0,"[0, 0, 0, 0, 0, 0]",17.813352474546306,42.3600077,-71.0933387,3,-37.514
1774901737.8048763,"[0, 0, 0, 0, 0, 0]","[1291, 1500, 1600, 1600]","[-25.08, 0.0, 10.0, 10.0]","[-0.32407913671875, 2.546664421875, 10.215005035156251]",0,3452.834716796875,0,31.67692726135254,"[0.0, -5.46264648348, -8.14819335804]","[0, 0, 0]",0,3,0.0,0.0,3.437,0,0,0,4294967.295,3750000.896,0,69729,0,13.825119972229004,11.623479843139648,-0.5168725848197937,0,state.FLIGHT,1055,-24,0,-25,-0.1316199004650116,3437,3452,"[10.8, 0.5, 16.5, 10.8, 15.9, 17.0, 0, 0]","[3.655, 3.655, 3.654]",0.284,"[2.9968000000000004, 3.3104, 5.0048, 7.3696, 8.4304, 27.8256]","[0.04, 0.61, 0.000625, -0.00125, -0.00375, 0.019375]",0,0,29.0,"[0, 0, 0, 0, 0, 0]",17.988879479779847,42.360005099999995,-71.0933395,3,-37.403
1774901737.8654094,"[0, 0, 0, 0, 0, 0]","[1291, 1500, 1600, 1600]","[-25.08, 0.0, 10.0, 10.0]","[-0.34553118359374996, 2.5512612890624995, 10.226497203124998]",0,3462.951171875,0,31.668183364868163,"[0.0, 5.5236816397199995, 0.6103515624]","[0, 0, 0]",0,3,0.0,0.0,3.454,0,0,0,4294967.295,3750000.896,0,69789,0,13.817049026489258,11.779189109802246,-0.5168725848197937,0,state.FLIGHT,1056,-24,0,-24,-0.13123507797718048,3454,3462,"[10.8, 0.5, 16.5, 10.6, 16.5, 17.6, 0, 0]","[3.655, 3.655, 3.654]",0.284,"[2.9968000000000004, 3.3120000000000003, 5.0032000000000005, 7.3616, 8.4624, 27.8272]","[0.034375, 0.245625, -0.0025, -0.0025, -0.00375, -0.005625]",0,0,29.0,"[0, 0, 0, 0, 0, 0]",18.08182752551232,42.3600031,-71.0933405,3,-37.329
1774901737.9194117,"[0, 0, 0, 0, 0, 0]","[1291, 1500, 1600, 1600]","[-25.08, 0.0, 10.0, 10.0]","[-0.34859576171874995, 2.5458982773437495, 10.20121443359375]",0,3471.345458984375,0,31.663811416625975,"[0.0, -5.82885742092, -8.33129882676]","[0, 0, 0]",0,3,0.0,0.0,3.471,0,0,0,4294967.295,3750000.896,0,69843,0,13.742572784423828,11.740347862243652,-0.5168725848197937,0,state.FLIGHT,1057,-24,0,-24,-0.1312539130449295,3471,3471,"[10.8, 0.5, 17.0, 10.8, 16.5, 16.5, 0, 0]","[3.655, 3.655, 3.654]",0.284,"[2.9968000000000004, 3.3104, 5.0032000000000005, 7.3616, 8.4512, 27.8272]","[0.03375, 0.234375, -0.00125, 0.0, -0.0025, -0.001875]",0,0,29.0,"[0, 0, 0, 0, 0, 0]",18.000925729533048,42.3600031,-71.0933405,3,-37.329
1774901737.9819393,"[0, 0, 0, 0, 0, 0]","[1291, 1500, 1600, 1600]","[-25.08, 0.0, 10.0, 10.0]","[-0.34859576171874995, 2.58267321484375, 10.20121443359375]",0,3481.37646484375,0,31.67255531311035,"[0.0, 4.97436523356, 14.221191403919999]","[0, 0, 0]",0,3,0.0,0.0,3.471,0,0,0,4294967.295,3750000.896,0,69903,0,14.057515144348145,11.68845272064209,-0.5168725848197937,0,state.FLIGHT,1058,-24,0,-24,-0.1308877170085907,3471,3481,"[10.6, 0.5, 18.2, 10.6, 15.9, 16.5, 0, 0]","[3.655, 3.655, 3.654]",0.284,"[2.9968000000000004, 3.3104, 5.0032000000000005, 7.3616, 8.4512, 27.8272]","[0.03375, 0.234375, -0.00125, 0.0, -0.0025, -0.001875]",0,0,29.0,"[0, 0, 0, 0, 0, 0]",18.206419109953504,42.3600023,-71.0933409,3,-37.295
1774901738.0429502,"[0, 0, 0, 0, 0, 0]","[1291, 1500, 1600, 1600]","[-25.08, 0.0, 10.0, 10.0]","[-0.34936190624999997, 2.5727133359375, 10.219601902343749]",0,3491.35888671875,0,31.681299209594727,"[0.0, -0.1525878906, -12.8173828104]","[0, 0, 0]",0,3,0.0,0.0,3.488,0,0,0,4294967.295,3750000.896,0,69963,0,14.218668937683105,11.65119457244873,-0.5168725848197937,0,state.FLIGHT,1059,-23,0,-24,-0.13055089116096497,3488,3491,"[10.8, 0.5, 16.5, 10.8, 15.5, 16.5, 0, 0]","[3.655, 3.655, 3.654]",0.284,"[2.9968000000000004, 3.3104, 5.0048, 7.3584000000000005, 8.4672, 27.824]","[0.03, 0.238125, -0.003125, -0.00125, -0.000625, -0.0025]",0,0,29.0,"[0, 0, 0, 0, 0, 0]",18.306147579171448,42.3600023,-71.0933409,3,-37.295
1774901738.099002,"[0, 0, 0, 0, 0, 0]","[1291, 1500, 1600, 1600]","[-25.08, 0.0, 10.0, 10.0]","[-0.35012805078125, 2.5374706874999995, 10.2372232265625]",0,3501.29248046875,0,31.690043106079102,"[0.0, -2.288818359, 4.69970703048]","[0, 0, 0]",0,3,0.0,0.0,3.488,0,0,0,4294967.295,3750000.896,0,70023,0,14.374619483947754,11.646900177001953,-0.5168725848197937,0,state.FLIGHT,1060,-23,0,-24,-0.1302173137664795,3488,3501,"[10.6, 0.5, 17.0, 10.8, 15.9, 17.0, 0, 0]","[3.655, 3.655, 3.654]",0.284,"[2.9968000000000004, 3.3104, 5.0048, 7.3584000000000005, 8.4672, 27.824]","[0.03, 0.238125, -0.003125, -0.00125, -0.000625, -0.0025]",0,0,29.0,"[0, 0, 0, 0, 0, 0]",18.423194646823294,42.3600022,-71.0933411,3,-37.31
1774901738.1530247,"[0, 0, 0, 0, 0, 0]","[1291, 1500, 1600, 1600]","[-25.08, 0.0, 10.0, 10.0]","[-0.34170046093749995, 2.5512612890624995, 10.2035128671875]",0,3511.18017578125,0,31.659439468383788,"[0.0, -12.17651366988, -1.80053710908]","[0, 0, 0]",0,3,0.0,0.0,3.504,0,0,0,4294967.295,3750000.896,0,70077,0,14.261795997619629,12.008566856384277,-0.5168725848197937,0,state.FLIGHT,1061,-23,0,-24,-0.1298609972000122,3504,3511,"[10.6, 0.5, 15.5, 10.6, 15.9, 17.6, 0, 0]","[3.655, 3.655, 3.654]",0.284,"[2.9952, 3.3088, 5.0032000000000005, 7.3632, 8.4528, 27.8272]","[0.036875, 0.589375, 0.004375, -0.000625, -0.009375, -0.00125]",0,0,29.0,"[0, 0, 0, 0, 0, 0]",18.563545023499408,42.360002099999996,-71.0933412,3,-37.378
1774901738.2135453,"[0, 0, 0, 0, 0, 0]","[1291, 1500, 1600, 1600]","[-25.08, 0.0, 10.0, 10.0]","[-0.3570233515625, 2.5321076757812495, 10.221134191406248]",0,3521.022216796875,0,31.67692726135254,"[0.0, 3.02124023388, -11.87133788868]","[0, 0, 0]",0,3,0.0,0.0,3.521,0,0,0,4294967.295,3750000.896,0,70137,0,14.199209213256836,12.24843978881836,-0.5168725848197937,0,state.FLIGHT,1062,-23,0,-23,-0.12953375279903412,3521,3521,"[10.6, 0.5, 17.0, 10.6, 15.5, 15.9, 0, 0]","[3.655, 3.655, 3.654]",0.284,"[2.9952, 3.3088, 5.0032000000000005, 7.3632, 8.4528, 27.8272]","[0.036875, 0.589375, 0.004375, -0.000625, -0.009375, -0.00125]",0,0,29.0,"[0, 0, 0, 0, 0, 0]",18.669455723380356,42.360002099999996,-71.0933412,3,-37.378
1774901738.2726455,"[0, 0, 0, 0, 0, 0]","[1291, 1500, 1600, 1600]","[-25.08, 0.0, 10.0, 10.0]","[-0.334039015625, 2.5512612890624995, 10.2188357578125]",0,3530.818603515625,0,31.685671157836914,"[0.0, 4.5471191398799995, 0.762939453]","[0, 0, 0]",0,3,0.0,0.0,3.521,0,0,0,4294967.295,3750000.896,0,70197,0,14.132701873779297,12.10684585571289,-0.5168725848197937,0,state.FLIGHT,1063,-23,0,-23,-0.1291837990283966,3521,3530,"[10.6, 0.5, 15.9, 10.4, 15.5, 17.0, 0, 0]","[3.655, 3.655, 3.654]",0.284,"[2.9984, 3.3120000000000003, 5.0032000000000005, 7.364800000000001, 8.4656, 27.8288]","[0.03875, 0.591875, 0.0025, 0.0, -0.00125, 0.01875]",0,0,29.0,"[0, 0, 0, 0, 0, 0]",18.52877237056337,42.3600018,-71.0933416,3,-37.443
1774901738.3335338,"[0, 0, 0, 0, 0, 0]","[1291, 1500, 1600, 1600]","[-25.08, 0.0, 10.0, 10.0]","[-0.33863588281249996, 2.5757779140624995, 10.2249649140625]",0,3540.56640625,0,31.685671157836914,"[0.0, 4.1809082024399995, -3.47900390568]","[0, 0, 0]",0,3,0.0,0.0,3.537,0,0,0,4294967.295,3750000.896,0,70257,0,13.981643676757812,12.117225646972656,-0.5168725848197937,0,state.FLIGHT,1064,-23,0,-24,-0.12883701920509338,3537,3540,"[10.4, 0.5, 16.5, 10.4, 15.5, 17.0, 0, 0]","[3.655, 3.655, 3.654]",0.284,"[2.9984, 3.3120000000000003, 5.0032000000000005, 7.364800000000001, 8.4656, 27.8288]","[0.03875, 0.591875, 0.0025, 0.0, -0.00125, 0.01875]",0,0,29.0,"[0, 0, 0, 0, 0, 0]",18.422236755901952,42.3600018,-71.0933416,3,-37.443
1774901738.3900666,"[0, 0, 0, 0, 0, 0]","[1291, 1500, 1600, 1600]","[-25.08, 0.0, 10.0, 10.0]","[-0.36238636328125, 2.52751080859375, 10.22266648046875]",0,3548.65576171875,0,31.690043106079102,"[0.0, 4.36401367116, 9.36889648284]","[0, 0, 0]",0,3,0.0,0.0,3.537,0,0,0,4294967.295,3750000.896,0,70311,0,13.917750358581543,12.14185619354248,-0.5168725848197937,0,state.FLIGHT,1065,-23,0,-24,-0.12857410311698914,3537,3548,"[10.6, 0.5, 15.9, 10.8, 15.9, 17.6, 0, 0]","[3.655, 3.655, 3.654]",0.284,"[2.9968000000000004, 3.3088, 5.0048, 7.364800000000001, 8.4336, 27.8272]","[0.038125, 0.548125, -0.000625, -0.00125, -0.00125, 0.01625]",0,0,29.0,"[0, 0, 0, 0, 0, 0]",18.390452242827553,42.360002699999995,-71.09334129999999,3,-37.393
1774901738.45207,"[0, 0, 0, 0, 0, 0]","[1291, 1500, 1600, 1600]","[-25.08, 0.0, 10.0, 10.0]","[-0.3447650390625, 2.55202743359375, 10.209642023437498]",0,3558.321044921875,0,31.663811416625975,"[0.0, 9.12475585788, 6.19506835836]","[0, 0, 0]",0,3,0.0,0.0,3.553,0,0,0,4294967.295,3750000.896,0,70371,0,14.010202407836914,12.21695327758789,-0.5168725848197937,0,state.FLIGHT,1066,-24,0,-24,-0.12823307514190674,3553,3558,"[10.8, 0.5, 17.0, 10.8, 14.6, 17.0, 0, 0]","[3.655, 3.655, 3.654]",0.284,"[2.9968000000000004, 3.3088, 5.0048, 7.364800000000001, 8.4336, 27.8272]","[0.038125, 0.548125, -0.000625, -0.00125, -0.00125, 0.01625]",0,0,29.0,"[0, 0, 0, 0, 0, 0]",18.507947191468247,42.360002699999995,-71.09334129999999,3,-37.393
1774901738.5076594,"[0, 0, 0, 0, 0, 0]","[1291, 1500, 1600, 1600]","[-25.08, 0.0, 10.0, 10.0]","[-0.33940202734374997, 2.56428574609375, 10.220368046875]",0,3567.937744140625,0,31.685671157836914,"[0.0, -6.2561035145999995, 4.15039062432]","[0, 0, 0]",0,3,0.0,0.0,3.553,0,0,0,4294967.295,3750000.896,0,70431,0,14.199394226074219,12.482462882995605,-0.5168725848197937,0,state.FLIGHT,1067,-24,0,-24,-0.1279463768005371,3553,3567,"[10.6, 0.5, 17.0, 10.8, 17.0, 15.9, 0, 0]","[3.655, 3.655, 3.654]",0.284,"[2.9968000000000004, 3.3136, 5.0032000000000005, 7.364800000000001, 8.4624, 27.8256]","[0.035625000000000004, 0.24, -0.0025, -0.00625, -0.000625, 0.016875]",0,0,29.0,"[0, 0, 0, 0, 0, 0]",18.820776958310336,42.3600038,-71.0933411,3,-37.326
1774901738.5672202,"[0, 0, 0, 0, 0, 0]","[1378, 1500, 1600, 1600]","[-14.64, 0.0, 10.0, 10.0]","[-0.35932178515625, 2.54359984375, 10.221134191406248]",0,3577.511474609375,0,31.685671157836914,"[0.0, -4.6691894523599995, -5.92041015528]","[0, 0, 0]",0,3,0.0,0.0,3.569,0,0,0,4294967.295,3750000.896,0,70491,0,14.032465934753418,12.73025894165039,-0.5168725848197937,0,state.FLIGHT,1068,-24,0,-24,-0.12762412428855896,3569,3577,"[10.6, 0.5, 15.5, 10.4, 15.9, 17.0, 0, 0]","[3.655, 3.655, 3.654]",0.284,"[2.9952, 3.3136, 5.0016, 7.3632, 8.4496, 27.824]","[0.03875, 0.18625, -0.001875, -0.00125, -0.0075, -0.0025]",0,0,29.0,"[0, 0, 0, 0, 0, 0]",18.8601628242239,42.3600035,-71.0933411,3,-37.436
1774901738.6232176,"[0, 0, 0, 0, 0, 0]","[1291, 1500, 1600, 1600]","[-25.08, 0.0, 10.0, 10.0]","[-0.33557130468749996, 2.5581565898437497, 10.215771179687499]",0,3587.03662109375,0,31.690043106079102,"[0.0, -1.3732910154, -10.00976562336]","[0, 0, 0]",0,3,0.0,0.0,3.587,0,0,0,4294967.295,3750000.896,0,70545,0,14.156501770019531,12.840399742126465,-0.5168725848197937,0,state.FLIGHT,1069,-24,0,-24,-0.12726667523384094,3587,3587,"[10.4, 0.5, 17.6, 10.8, 15.9, 17.0, 0, 0]","[3.655, 3.655, 3.654]",0.284,"[2.9952, 3.3136, 5.0016, 7.3632, 8.4496, 27.824]","[0.03875, 0.18625, -0.001875, -0.00125, -0.0075, -0.0025]",0,0,29.0,"[0, 0, 0, 0, 0, 0]",19.023733690223246,42.3600035,-71.0933411,3,-37.436
1774901738.687732,"[0, 0, 0, 0, 0, 0]","[1291, 1500, 1600, 1600]","[-25.08, 0.0, 10.0, 10.0]","[-0.33250672656249997, 2.5612211679687498, 10.20581130078125]",0,3596.51611328125,0,31.69441505432129,"[0.0, -4.1198730462, 0.97656249984]","[0, 0, 0]",0,3,0.0,0.0,3.587,0,0,0,4294967.295,3750000.896,0,70605,0,14.124144554138184,12.99238109588623,-0.5168725848197937,0,state.FLIGHT,1070,-24,0,-25,-0.12696319818496704,3587,3596,"[10.4, 0.5, 16.5, 10.6, 16.5, 17.0, 0, 0]","[3.655, 3.655, 3.654]",0.284,"[2.9968000000000004, 3.3120000000000003, 5.0032000000000005, 7.364800000000001, 8.4688, 27.8256]","[0.030625, 0.2275, -0.00375, -0.005625, -0.0025, -0.004375]",0,0,29.0,"[0, 0, 0, 0, 0, 0]",19.101009627513378,42.3600034,-71.09334129999999,3,-37.348
1774901738.7417295,"[0, 0, 0, 0, 0, 0]","[1291, 1500, 1600, 1600]","[-25.08, 0.0, 10.0, 10.0]","[-0.36391865234375, 2.5328738203125, 10.206577445312499]",0,3605.94970703125,0,31.69441505432129,"[0.0, 12.0544433574, 7.3242187488]","[0, 0, 0]",0,3,0.0,0.0,3.602,0,0,0,4294967.295,3750000.896,0,70665,0,14.332008361816406,12.971040725708008,-0.5168725848197937,0,state.FLIGHT,1071,-24,0,-25,-0.12663733959197998,3602,3605,"[10.8, 0.5, 17.0, 10.4, 15.0, 16.5, 0, 0]","[3.655, 3.655, 3.654]",0.284,"[2.9968000000000004, 3.3120000000000003, 5.0032000000000005, 7.364800000000001, 8.4688, 27.8256]","[0.030625, 0.2275, -0.00375, -0.005625, -0.0025, -0.004375]",0,0,29.0,"[0, 0, 0, 0, 0, 0]",19.2384672553918,42.3600034,-71.09334129999999,3,-37.348
1774901738.8013835,"[0, 0, 0, 0, 0, 0]","[1291, 1500, 1600, 1600]","[-25.08, 0.0, 10.0, 10.0]","[-0.32484528125, 2.5619873125, 10.202746722656249]",0,3615.3408203125,0,31.69441505432129,"[0.0, 1.00708007796, -6.46972656144]","[0, 0, 0]",0,3,0.0,0.0,3.602,0,0,0,4294967.295,3750000.896,0,70725,0,14.20780086517334,12.984476089477539,-0.5168725848197937,0,state.FLIGHT,1072,-24,0,-25,-0.1263395994901657,3602,3615,"[10.8, 0.5, 15.9, 10.4, 15.0, 16.5, 0, 0]","[3.655, 3.655, 3.654]",0.284,"[2.9952, 3.3136, 5.0032000000000005, 7.3696, 8.457600000000001, 27.8256]","[0.035, 0.255625, 0.0, -0.005, -0.0025, -0.0025]",0,0,29.0,"[0, 0, 0, 0, 0, 0]",19.156631429141488,42.3600037,-71.0933412,3,-37.174
1774901738.8560658,"[0, 0, 0, 0, 0, 0]","[1291, 1500, 1600, 1600]","[-25.08, 0.0, 10.0, 10.0]","[-0.33940202734374997, 2.5374706874999995, 10.231860214843751]",0,3623.12841796875,0,31.685671157836914,"[0.0, 5.340576171, 17.36450195028]","[0, 0, 0]",0,3,0.0,0.0,3.616,0,0,0,4294967.295,3750000.896,0,70779,0,14.3967866897583,13.028512954711914,-0.5168725848197937,0,state.FLIGHT,1073,-24,0,-25,-0.12620918452739716,3616,3623,"[11.1, 0.5, 15.9, 10.6, 15.5, 15.9, 0, 0]","[3.655, 3.655, 3.654]",0.284,"[2.9952, 3.3136, 5.0032000000000005, 7.3696, 8.457600000000001, 27.8256]","[0.035, 0.255625, 0.0, -0.005, -0.0025, -0.0025]",0,0,29.0,"[0, 0, 0, 0, 0, 0]",19.32381727624773,42.3600037,-71.09334059999999,3,-37.052
1774901738.9195795,"[0, 0, 0, 0, 0, 0]","[1291, 1500, 1600, 1600]","[-25.08, 0.0, 10.0, 10.0]","[-0.327909859375, 2.53057538671875, 10.208109734375]",0,3632.43408203125,0,31.681299209594727,"[0.0, -0.70190429676, -6.28662109272]","[0, 0, 0]",0,3,0.0,0.0,3.632,0,0,0,4294967.295,3750000.896,0,70839,0,14.442305564880371,12.982651710510254,-0.5168725848197937,0,state.FLIGHT,1074,-24,0,-25,-0.12587852776050568,3632,3632,"[10.6, 0.5, 15.9, 10.8, 15.9, 17.0, 0, 0]","[3.655, 3.655, 3.654]",0.284,"[2.9952, 3.3104, 5.0048, 7.368, 8.4528, 27.824]","[0.029375000000000002, 0.2575, -0.004375, -0.00375, -0.00375, -0.005625]",0,0,29.0,"[0, 0, 0, 0, 0, 0]",19.326985876718158,42.3600037,-71.09334059999999,3,-37.052
1774901738.9781117,"[0, 0, 0, 0, 0, 0]","[1291, 1500, 1600, 1600]","[-25.08, 0.0, 10.0, 10.0]","[-0.327909859375, 2.5757779140624995, 10.221900335937498]",0,3641.694091796875,0,31.681299209594727,"[0.0, -0.762939453, 12.512207029199999]","[0, 0, 0]",0,3,0.0,0.0,3.632,0,0,0,4294967.295,3750000.896,0,70899,0,14.670159339904785,13.007647514343262,-0.5168725848197937,0,state.FLIGHT,1075,-24,0,-24,-0.1257515400648117,3632,3641,"[10.6, 0.5, 15.5, 10.8, 15.9, 17.6, 0, 0]","[3.655, 3.655, 3.654]",0.284,"[2.9952, 3.3104, 5.0048, 7.368, 8.4528, 27.824]","[0.029375000000000002, 0.2575, -0.004375, -0.00375, -0.00375, -0.005625]",0,0,29.0,"[0, 0, 0, 0, 0, 0]",19.51118059022868,42.360003299999995,-71.0933403,3,-36.916
1774901739.0351064,"[0, 0, 0, 0, 0, 0]","[1291, 1500, 1600, 1600]","[-25.08, 0.0, 10.0, 10.0]","[-0.34246660546874996, 2.5390029765624997, 10.211940457031249]",0,3650.908203125,0,31.69441505432129,"[0.0, 9.49096679532, -1.25122070292]","[0, 0, 0]",0,3,0.0,0.0,3.647,0,0,0,4294967.295,3750000.896,0,70959,0,14.856865882873535,13.09345817565918,-0.5168725848197937,0,state.FLIGHT,1076,-24,0,-24,-0.1254637986421585,3647,3650,"[10.8, 0.5, 17.0, 10.4, 15.9, 17.0, 0, 0]","[3.655, 3.655, 3.654]",0.284,"[2.9968000000000004, 3.3104, 5.0016, 7.368, 8.457600000000001, 27.8272]","[0.038125, 0.60375, 0.0, 0.004375, 0.005, 0.015625]",0,0,29.0,"[0, 0, 0, 0, 0, 0]",19.70513034618438,42.360003299999995,-71.0933403,3,-36.916
1774901739.0897584,"[0, 0, 0, 0, 0, 0]","[1291, 1500, 1600, 1600]","[-25.08, 0.0, 10.0, 10.0]","[-0.34093431640625, 2.56811646875, 10.194319132812499]",0,3658.555908203125,0,31.703158950805665,"[0.0, 9.67407226404, 11.41357421688]","[0, 0, 0]",0,3,0.0,0.0,3.647,0,0,0,4294967.295,3750000.896,0,71013,0,15.140880584716797,12.988725662231445,-0.5168725848197937,0,state.FLIGHT,1077,-24,0,-24,-0.12491581588983536,3647,3658,"[10.6, 0.5, 16.5, 10.2, 15.5, 17.0, 0, 0]","[3.655, 3.655, 3.654]",0.284,"[2.9968000000000004, 3.3104, 5.0016, 7.368, 8.457600000000001, 27.8272]","[0.038125, 0.60375, 0.0, 0.004375, 0.005, 0.015625]",0,0,29.0,"[0, 0, 0, 0, 0, 0]",19.849293356428337,42.3600029,-71.0933404,3,-36.907
1774901739.1504288,"[0, 0, 0, 0, 0, 0]","[1291, 1500, 1600, 1600]","[-25.08, 0.0, 10.0, 10.0]","[-0.35778949609375, 2.56581803515625, 10.202746722656249]",0,3667.687744140625,0,31.69441505432129,"[0.0, -3.14331054636, -1.61743164036]","[0, 0, 0]",0,3,0.0,0.0,3.663,0,0,0,4294967.295,3750000.896,0,71073,0,15.070990562438965,13.008256912231445,-0.5168725848197937,0,state.FLIGHT,1078,-24,0,-24,-0.12463369965553284,3663,3667,"[10.2, 0.5, 15.9, 10.6, 16.5, 17.0, 0, 0]","[3.655, 3.655, 3.654]",0.284,"[2.9952, 3.3104, 5.0032000000000005, 7.3664000000000005, 8.448, 27.8256]","[0.038125, 0.58375, -0.000625, -0.00125, 0.0025, 0.0175]",0,0,29.0,"[0, 0, 0, 0, 0, 0]",19.809479498408578,42.3600029,-71.0933404,3,-36.907
1774901739.209951,"[0, 0, 0, 0, 0, 0]","[1291, 1500, 1600, 1600]","[-25.08, 0.0, 10.0, 10.0]","[-0.33710359375, 2.5512612890624995, 10.210408167968751]",0,3676.77392578125,0,31.69441505432129,"[0.0, -1.9836425778, -1.64794921848]","[0, 0, 0]",0,3,0.0,0.0,3.663,0,0,0,4294967.295,3750000.896,0,71133,0,15.148211479187012,13.00094223022461,-0.5168725848197937,0,state.FLIGHT,1079,-24,0,-24,-0.12435423582792282,3663,3676,"[10.8, 0.5, 17.0, 10.8, 15.5, 17.6, 0, 0]","[3.655, 3.655, 3.654]",0.284,"[2.9952, 3.3104, 5.0032000000000005, 7.3664000000000005, 8.448, 27.8256]","[0.038125, 0.58375, -0.000625, -0.00125, 0.0025, 0.0175]",0,0,29.0,"[0, 0, 0, 0, 0, 0]",19.862594548504603,42.3600037,-71.09334,3,-36.986
1774901739.2694807,"[0, 0, 0, 0, 0, 0]","[1291, 1500, 1600, 1600]","[-25.08, 0.0, 10.0, 10.0]","[-0.34399889453125, 2.5374706874999995, 10.201980578125]",0,3685.8173828125,0,31.690043106079102,"[0.0, -3.14331054636, 0.42724609368]","[0, 0, 0]",0,3,0.0,0.0,3.678,0,0,0,4294967.295,3750000.896,0,71193,0,15.299886703491211,13.018021583557129,-0.5168725848197937,0,state.FLIGHT,1080,-24,0,-24,-0.12405259907245636,3678,3685,"[10.2, 0.5, 17.6, 10.6, 16.5, 16.5, 0, 0]","[3.655, 3.655, 3.654]",0.284,"[2.9968000000000004, 3.3104, 5.0016, 7.3616, 8.4384, 27.822400000000002]","[0.033125, 0.226875, -0.00125, -0.004375, -0.003125, -0.001875]",0,0,29.0,"[0, 0, 0, 0, 0, 0]",19.987353648790478,42.3600041,-71.0933398,3,-37.104
1774901739.3236687,"[0, 0, 0, 0, 0, 0]","[1291, 1500, 1600, 1600]","[-25.08, 0.0, 10.0, 10.0]","[-0.34399889453125, 2.54896285546875, 10.22266648046875]",0,3694.815185546875,0,31.681299209594727,"[0.0, 10.65063476388, 3.57055664004]","[0, 0, 0]",0,3,0.0,0.0,3.693,0,0,0,4294967.295,3750000.896,0,71247,0,15.507463455200195,12.941886901855469,-0.5168725848197937,0,state.FLIGHT,1081,-23,0,-24,-0.12377847731113434,3693,3694,"[10.6, 0.5, 16.5, 10.6, 15.9, 15.9, 0, 0]","[3.655, 3.655, 3.654]",0.284,"[2.9968000000000004, 3.3104, 5.0016, 7.3616, 8.4384, 27.822400000000002]","[0.033125, 0.226875, -0.00125, -0.004375, -0.003125, -0.001875]",0,0,29.0,"[0, 0, 0, 0, 0, 0]",20.096021748959284,42.3600041,-71.0933398,3,-37.104
1774901739.3832185,"[0, 0, 0, 0, 0, 0]","[1291, 1500, 1600, 1600]","[-25.08, 0.0, 10.0, 10.0]","[-0.35778949609375, 2.5443659882812497, 10.20887587890625]",0,3703.7705078125,0,31.681299209594727,"[0.0, -4.1198730462, -3.69262695252]","[0, 0, 0]",0,3,0.0,0.0,3.693,0,0,0,4294967.295,3750000.896,0,71307,0,15.7354097366333,12.839363098144531,-0.5168725848197937,0,state.FLIGHT,1082,-23,0,-24,-0.12346985191106796,3693,3703,"[10.6, 0.5, 16.5, 10.6, 16.5, 15.9, 0, 0]","[3.655, 3.655, 3.654]",0.284,"[2.9952, 3.3104, 5.0048, 7.3616, 8.440000000000001, 27.8304]","[0.026875, 0.2475, -0.0025, -0.000625, -0.000625, -0.003125]",0,0,29.0,"[0, 0, 0, 0, 0, 0]",20.205768881748025,42.360005099999995,-71.0933393,3,-37.1
1774901739.4472337,"[0, 0, 0, 0, 0, 0]","[1291, 1500, 1600, 1600]","[-25.08, 0.0, 10.0, 10.0]","[-0.33863588281249996, 2.583439359375, 10.215771179687499]",0,3712.679931640625,0,31.690043106079102,"[0.0, 5.58471679596, 9.55200195156]","[0, 0, 0]",0,3,0.0,0.0,3.708,0,0,0,4294967.295,3750000.896,0,71367,0,15.79763126373291,12.735011100769043,-0.5168725848197937,0,state.FLIGHT,1083,-24,0,-24,-0.12316383421421051,3708,3712,"[10.6, 0.5, 17.0, 10.4, 15.9, 15.9, 0, 0]","[3.655, 3.655, 3.654]",0.284,"[2.9968000000000004, 3.3088, 5.0016, 7.36, 8.4464, 27.8256]","[0.03375, 0.22187500000000002, -0.000625, -0.00125, -0.0025, -0.0025]",0,0,29.0,"[0, 0, 0, 0, 0, 0]",20.189143794975937,42.360005099999995,-71.0933393,3,-37.1
1774901739.5037572,"[0, 0, 0, 0, 0, 0]","[1291, 1500, 1600, 1600]","[-25.08, 0.0, 10.0, 10.0]","[-0.3570233515625, 2.56811646875, 10.207343589843749]",0,3721.546630859375,0,31.703158950805665,"[0.0, 11.68823241996, 5.2795410147599995]","[0, 0, 0]",0,3,0.0,0.0,3.708,0,0,0,4294967.295,3750000.896,0,71427,0,15.519012451171875,12.68553638458252,-0.5168725848197937,0,state.FLIGHT,1084,-24,0,-24,-0.12292200326919556,3708,3721,"[10.6, 0.5, 15.9, 10.8, 16.5, 17.6, 0, 0]","[3.655, 3.655, 3.654]",0.284,"[2.9968000000000004, 3.3088, 5.0016, 7.36, 8.4464, 27.8256]","[0.03375, 0.22187500000000002, -0.000625, -0.00125, -0.0025, -0.0025]",0,0,29.0,"[0, 0, 0, 0, 0, 0]",19.944802567026684,42.360006399999996,-71.09333889999999,3,-36.885
1774901739.5615404,"[0, 0, 0, 0, 0, 0]","[1291, 1500, 1600, 1600]","[-25.08, 0.0, 10.0, 10.0]","[-0.3600879296875, 2.56275345703125, 10.183593109374998]",0,3728.8984375,0,31.681299209594727,"[0.0, 0.4577636718, 8.2397460924]","[0, 0, 0]",0,3,0.0,0.0,3.723,0,0,0,4294967.295,3750000.896,0,71481,0,15.76071834564209,12.693181037902832,-0.5168725848197937,0,state.FLIGHT,1085,-24,0,-24,-0.12269169837236404,3723,3728,"[10.8, 0.5, 16.5, 10.6, 15.9, 17.6, 0, 0]","[3.655, 3.655, 3.654]",0.284,"[2.9952, 3.3120000000000003, 5.0048, 7.36, 8.4448, 27.8272]","[0.035, 0.2775, -0.0025, -0.001875, -0.004375, -0.00125]",0,0,29.0,"[0, 0, 0, 0, 0, 0]",20.135032498481127,42.360007599999996,-71.0933384,3,-36.87
1774901739.6195505,"[0, 0, 0, 0, 0, 0]","[1291, 1500, 1600, 1600]","[-25.08, 0.0, 10.0, 10.0]","[-0.34093431640625, 2.55202743359375, 10.199682144531248]",0,3737.682861328125,0,31.690043106079102,"[0.0, -3.5095214838, -8.88061523292]","[0, 0, 0]",0,3,0.0,0.0,3.737,0,0,0,4294967.295,3750000.896,0,71541,0,15.551088333129883,12.52164077758789,-0.5168725848197937,0,state.FLIGHT,1086,-24,0,-24,-0.12238077074289322,3737,3737,"[10.6, 0.5, 16.5, 10.4, 15.9, 15.9, 0, 0]","[3.655, 3.655, 3.654]",0.284,"[2.9952, 3.3120000000000003, 5.0048, 7.36, 8.4448, 27.8272]","[0.035, 0.2775, -0.0025, -0.001875, -0.004375, -0.00125]",0,0,29.0,"[0, 0, 0, 0, 0, 0]",19.868228585062464,42.360007599999996,-71.0933384,3,-36.87
1774901739.6780813,"[0, 0, 0, 0, 0, 0]","[1291, 1500, 1600, 1600]","[-25.08, 0.0, 10.0, 10.0]","[-0.33250672656249997, 2.54896285546875, 10.206577445312499]",0,3746.421630859375,0,31.690043106079102,"[0.0, 2.22778320276, 1.12915039044]","[0, 0, 0]",0,3,0.0,0.0,3.737,0,0,0,4294967.295,3750000.896,0,71601,0,15.6237211227417,12.51370620727539,-0.5168725848197937,0,state.FLIGHT,1087,-25,0,-24,-0.12213368713855743,3737,3746,"[10.6, 0.5, 15.5, 10.6, 15.0, 16.5, 0, 0]","[3.655, 3.655, 3.654]",0.284,"[2.9936000000000003, 3.3120000000000003, 5.0048, 7.368, 8.4304, 27.8256]","[0.039375, 0.61625, -0.000625, -0.003125, -0.000625, 0.000625]",0,0,29.0,"[0, 0, 0, 0, 0, 0]",19.91935326716861,42.3600091,-71.0933378,3,-36.743
1774901739.738076,"[0, 0, 0, 0, 0, 0]","[1291, 1500, 1600, 1600]","[-25.08, 0.0, 10.0, 10.0]","[-0.34093431640625, 2.558922734375, 10.2249649140625]",0,3755.11767578125,0,31.69441505432129,"[0.0, -6.43920898332, 9.0026855454]","[0, 0, 0]",0,3,0.0,0.0,3.752,0,0,0,4294967.295,3750000.896,0,71661,0,15.915188789367676,12.679116249084473,-0.5168725848197937,0,state.FLIGHT,1088,-24,0,-25,-0.1218768060207367,3752,3755,"[10.8, 0.5, 15.9, 10.8, 16.5, 17.0, 0, 0]","[3.655, 3.655, 3.654]",0.284,"[2.9936000000000003, 3.3120000000000003, 5.0048, 7.368, 8.4304, 27.8256]","[0.039375, 0.61625, -0.000625, -0.003125, -0.000625, 0.000625]",0,0,29.0,"[0, 0, 0, 0, 0, 0]",20.245587835770106,42.3600091,-71.0933378,3,-36.743
1774901739.7956147,"[0, 0, 0, 0, 0, 0]","[1291, 1500, 1600, 1600]","[-25.08, 0.0, 10.0, 10.0]","[-0.33786973828125, 2.5773102031249997, 10.2188357578125]",0,3763.77099609375,0,31.711902847290037,"[0.0, 2.96020507764, 1.73950195284]","[0, 0, 0]",0,3,0.0,0.0,3.752,0,0,0,4294967.295,3750000.896,0,71715,0,15.79895305633545,12.63272476196289,-0.5168725848197937,0,state.FLIGHT,1089,-24,0,-25,-0.12161010503768921,3752,3763,"[10.8, 0.5, 15.9, 10.6, 15.9, 15.9, 0, 0]","[3.655, 3.655, 3.654]",0.284,"[3.0, 3.3120000000000003, 5.0032000000000005, 7.3632, 8.457600000000001, 27.8288]","[0.036875, 0.586875, -0.000625, 0.00125, 0.0025, 0.01625]",0,0,29.0,"[0, 0, 0, 0, 0, 0]",20.127452588966854,42.360011,-71.0933373,3,-36.589
1774901739.8517663,"[0, 0, 0, 0, 0, 0]","[1291, 1500, 1600, 1600]","[-25.08, 0.0, 10.0, 10.0]","[-0.36238636328125, 2.5604550234375, 10.209642023437498]",0,3772.378662109375,0,31.685671157836914,"[0.0, 2.5939941402, 2.10571289028]","[0, 0, 0]",0,3,0.0,0.0,3.768,0,0,0,4294967.295,3750000.896,0,71775,0,15.839547157287598,12.447799682617188,-0.5168725848197937,0,state.FLIGHT,1090,-25,0,-25,-0.12134579569101334,3768,3772,"[10.4, 0.5, 16.5, 10.6, 15.5, 17.6, 0, 0]","[3.655, 3.655, 3.654]",0.284,"[3.0, 3.3120000000000003, 5.0032000000000005, 7.3632, 8.457600000000001, 27.8288]","[0.036875, 0.586875, -0.000625, 0.00125, 0.0025, 0.01625]",0,0,29.0,"[0, 0, 0, 0, 0, 0]",20.046423240197488,42.360011,-71.0933373,3,-36.589
1774901739.9152699,"[0, 0, 0, 0, 0, 0]","[1291, 1500, 1600, 1600]","[-25.08, 0.0, 10.0, 10.0]","[-0.34399889453125, 2.5619873125, 10.2249649140625]",0,3780.943603515625,0,31.707530899047853,"[0.0, 0.09155273436, 9.55200195156]","[0, 0, 0]",0,3,0.0,0.0,3.768,0,0,0,4294967.295,3750000.896,0,71835,0,16.107192993164062,12.539363861083984,-0.5168725848197937,0,state.FLIGHT,1091,-25,0,-25,-0.12112022936344147,3768,3780,"[10.6, 0.5, 17.0, 10.8, 15.5, 16.5, 0, 0]","[3.655, 3.655, 3.654]",0.284,"[2.9984, 3.3104, 5.0, 7.36, 8.4496, 27.8288]","[0.025625000000000002, 0.6062500000000001, 0.004375, -0.000625, -0.003125, 0.015625]",0,0,29.0,"[0, 0, 0, 0, 0, 0]",20.310098652522203,42.360011899999996,-71.0933372,3,-36.633
1774901739.9738007,"[0, 0, 0, 0, 0, 0]","[1291, 1500, 1600, 1600]","[-25.08, 0.0, 10.0, 10.0]","[-0.35932178515625, 2.5635196015624997, 10.193552988281251]",0,3789.466064453125,0,31.703158950805665,"[0.0, -7.4768066393999995, 4.6691894523599995]","[0, 0, 0]",0,3,0.0,0.0,3.782,0,0,0,4294967.295,3750000.896,0,71895,0,16.23446273803711,12.661423683166504,-0.5168725848197937,0,state.FLIGHT,1092,-26,0,-25,-0.12082450091838837,3782,3789,"[10.4, 0.5, 16.5, 10.2, 15.9, 17.6, 0, 0]","[3.655, 3.655, 3.654]",0.284,"[2.9984, 3.3104, 5.0, 7.36, 8.4496, 27.8288]","[0.025625000000000002, 0.6062500000000001, 0.004375, -0.000625, -0.003125, 0.015625]",0,0,29.0,"[0, 0, 0, 0, 0, 0]",20.48273201026477,42.3600126,-71.0933372,3,-36.75
1774901740.0258436,"[0, 0, 0, 0, 0, 0]","[1291, 1500, 1600, 1600]","[-25.08, 0.0, 10.0, 10.0]","[-0.32254684765624997, 2.522147796875, 10.23492479296875]",0,3796.534423828125,0,31.703158950805665,"[0.0, 1.61743164036, -1.61743164036]","[0, 0, 0]",0,3,0.0,0.0,3.795,0,0,0,4294967.295,3750000.896,0,71949,0,16.33911895751953,12.733757019042969,-0.5168725848197937,0,state.FLIGHT,1093,-26,0,-26,-0.12048938870429993,3795,3796,"[10.8, 0.5, 17.0, 10.6, 16.5, 16.5, 0, 0]","[3.655, 3.655, 3.654]",0.284,"[2.9968000000000004, 3.3120000000000003, 5.0048, 7.3632, 8.456000000000001, 27.8256]","[0.031875, 0.2575, 0.000625, -0.001875, -0.00125, -0.00625]",0,0,29.0,"[0, 0, 0, 0, 0, 0]",20.607804218426224,42.3600126,-71.0933372,3,-36.75
1774901740.0858543,"[0, 0, 0, 0, 0, 0]","[1291, 1500, 1600, 1600]","[-25.08, 0.0, 10.0, 10.0]","[-0.32867600390624996, 2.5750117695312498, 10.2188357578125]",0,3804.974365234375,0,31.69441505432129,"[0.0, -4.85229492108, -3.87573242124]","[0, 0, 0]",0,3,0.0,0.0,3.795,0,0,0,4294967.295,3750000.896,0,72009,0,16.4739933013916,12.774093627929688,-0.5168725848197937,0,state.FLIGHT,1094,-26,0,-26,-0.12030676007270813,3795,3804,"[10.8, 0.5, 17.0, 10.6, 15.9, 17.0, 0, 0]","[3.655, 3.655, 3.654]",0.284,"[2.9952, 3.3104, 5.0016, 7.364800000000001, 8.4336, 27.8272]","[0.02875, 0.194375, 0.0, -0.00375, -0.003125, -0.00125]",0,0,29.0,"[0, 0, 0, 0, 0, 0]",20.737250068584927,42.360013099999996,-71.0933372,3,-36.884
