timestamp,pyros,servos,servos_deg,accelerometer,barometer,barofilteredalt,barofilteredvelo,temp,gyro,magnetometer,heading,gps_fix,lat,lon,gpsalt,pdop,hdop,vdop,gps_horiz_prec,gps_vert_prec,gps_num_sat,flight_time,last_rec,yaw_gyro_int,pitch_gyro_int,roll_gyro_int,batt_voltage,state,pktnum,rssi,armed_pyros,fired_pyros,badpackets,rxrssi,accel_integrated_velo,baro_max_alt,gps_max_alt,pyro_resistances,cell_voltages,total_current,converter_voltages,converter_currents,bms_protections_enabled,bms_protection_status,bms_temp,enabled_status,angleFromVertical,gnd_lat,gnd_lon,gnd_fix,gnd_alt
1774904184.672494,"[1, 1, 1, 1, 1, 1]","[1291, 1500, 1500, 1500]","[-25.08, 0.0, 0.0, 0.0]","[0.0, 0.0, 0.0]",0,0.0,0,31.95236000061035,"[0.0, -6.1340332021199995, 12.14599609176]","[0, 0, 0]",0,3,0.0,0.0,0.0,0,0,0,4294967.295,3750000.128,0,27587,0,0.0,0.0,0.0,0,state.PRE_FLIGHT,461,-22,0,-25,0.0,0,0,"[10.8, 0.5, 17.6, 10.6, 15.9, 17.0, 0, 0]","[0.0, 0.0, 0.0]",-0.0,"[2.9952, 3.3120000000000003, 5.0032000000000005, 7.368, 8.459200000000001, 27.8304]","[0.03375, 0.5806250000000001, 0.003125, -0.004375, 0.003125, 0.005]",0,0,0.0,"[1, 1, 1, 1, 1, 1]",0.0,0.0,0.0,0,0.0
1774904184.727519,"[0, 0, 0, 0, 0, 0]","[1291, 1500, 1500, 1500]","[-25.08, 0.0, 0.0, 0.0]","[0.0, 0.0, 0.0]",0,0.2497200071811676,0,31.5151651763916,"[-26.42822265192, 4.3029785149199995, 0.762939453]","[0, 0, 0]",0,3,0.0,0.0,0.0,0,0,0,4294967.295,3750000.128,0,35349,0,-42.88188552856445,15.868986129760742,0.8141491413116455,0,state.PRE_FLIGHT,462,-22,0,-227,0.0,0,0,"[10.8, 0.5, 15.5, 10.4, 15.9, 15.9, 0, 0]","[0.0, 0.0, 0.0]",-0.0,"[2.9952, 3.3104, 5.0048, 7.3664000000000005, 8.4368, 27.8288]","[0.033125, 0.234375, -0.00375, -0.00625, -0.004375, -0.00125]",0,0,0.0,"[1, 1, 1, 1, 1, 1]",45.184004862824445,0.0,0.0,0,0.0
1774904184.7920423,"[0, 0, 0, 0, 0, 0]","[1291, 1500, 1500, 1500]","[-25.08, 0.0, 0.0, 0.0]","[0.0, 0.0, 0.0]",0,1.2118200063705444,0,31.528281021118165,"[-44.189453117759996, -5.340576171, 5.24902343664]","[0, 0, 0]",0,3,0.0,0.0,0.0,0,0,0,4294967.295,3750000.128,0,35409,0,-42.6661262512207,15.878162384033203,3.12553071975708,0,state.PRE_FLIGHT,463,-22,0,-227,0.0,0,1,"[11.3, 0.5, 15.9, 10.4, 16.5, 16.5, 0, 0]","[0.0, 0.0, 0.0]",-0.0,"[2.9952, 3.3104, 5.0048, 7.3664000000000005, 8.4368, 27.8288]","[0.033125, 0.234375, -0.00375, -0.00625, -0.004375, -0.00125]",0,0,0.0,"[1, 1, 1, 1, 1, 1]",44.98758975169366,0.0,0.0,0,0.0
1774904184.8513756,"[0, 0, 0, 0, 0, 0]","[1291, 1500, 1500, 1500]","[-25.08, 0.0, 0.0, 0.0]","[0.0, 0.0, 0.0]",0,2.9037399291992188,0,31.563256607055663,"[-37.9943847594, -3.2043457026, -6.5002441395599995]","[0, 0, 0]",0,3,0.0,0.0,0.002,0,0,0,4294967.295,3750000.128,0,35469,0,-42.651466369628906,15.982527732849121,5.680112838745117,0,state.PRE_FLIGHT,464,-22,0,-23,0.0,2,2,"[10.8, 0.5, 15.5, 10.6, 17.0, 17.0, 0, 0]","[0.0, 0.0, 0.0]",-0.0,"[2.9952, 3.3104, 5.0048, 7.3664000000000005, 8.4368, 27.8288]","[0.033125, 0.234375, -0.00375, -0.00625, -0.004375, -0.00125]",0,0,0.0,"[1, 1, 1, 1, 1, 1]",45.00387296349686,0.0,0.0,0,0.0
1774904184.9029002,"[0, 0, 0, 0, 0, 0]","[1291, 1500, 1500, 1500]","[-25.08, 0.0, 0.0, 0.0]","[0.0, 0.0, 0.0]",0,4.897819995880127,0,31.576372451782227,"[-16.54052734104, -11.07788085756, -2.96020507764]","[0, 0, 0]",0,3,0.0,0.0,0.002,0,0,0,4294967.295,3750000.128,0,35523,0,-42.83985137939453,15.9764404296875,7.12125301361084,0,state.PRE_FLIGHT,465,-22,0,-23,0.0,2,4,"[11.1, 0.5, 17.0, 10.8, 15.9, 16.5, 0, 0]","[0.0, 0.0, 0.0]",-0.0,"[2.9952, 3.3104, 5.0048, 7.36, 8.457600000000001, 27.8288]","[0.03125, 0.249375, -0.003125, -0.00375, -0.001875, 0.001875]",0,0,0.0,"[1, 1, 1, 1, 1, 1]",45.175705283398706,0.0,0.0,0,0.0
1774904184.9614456,"[0, 0, 0, 0, 0, 0]","[1291, 1500, 1500, 1500]","[-25.08, 0.0, 0.0, 0.0]","[0.0, 0.0, 0.0]",0,8.012160301208496,0,31.60260414123535,"[16.54052734104, -0.03051757812, 7.4768066393999995]","[0, 0, 0]",0,3,0.0,0.0,0.006,0,0,0,4294967.295,3750000.128,0,35583,0,-42.8142204284668,16.029537200927734,6.955853462219238,0,state.PRE_FLIGHT,466,-22,0,-23,0.0,6,8,"[10.8, 0.5, 17.0, 10.8, 15.9, 16.5, 0, 0]","[0.0, 0.0, 0.0]",-0.0,"[2.9952, 3.3104, 5.0048, 7.36, 8.457600000000001, 27.8288]","[0.03125, 0.249375, -0.003125, -0.00375, -0.001875, 0.001875]",0,0,0.0,"[1, 1, 1, 1, 1, 1]",45.16722743472356,0.0,0.0,0,0.0
1774904185.0254543,"[0, 0, 0, 0, 0, 0]","[1291, 1500, 1500, 1500]","[-25.08, 0.0, 0.0, 0.0]","[0.0, 0.0, 0.0]",0,11.881739616394043,0,31.593860244750978,"[40.71044921208, -4.97436523356, 1.89208984344]","[0, 0, 0]",0,3,0.0,0.0,0.006,0,0,0,4294967.295,3750000.128,0,35643,0,-42.72514724731445,16.092426300048828,5.03325080871582,0,state.PRE_FLIGHT,467,-22,0,-23,0.0,6,11,"[10.8, 0.5, 17.0, 10.6, 15.5, 16.5, 0, 0]","[0.0, 0.0, 0.0]",-0.0,"[2.992, 3.3120000000000003, 5.0048, 7.3696, 8.4352, 27.8256]","[0.030625, 0.264375, -0.000625, -0.003125, -0.000625, -0.000625]",0,0,0.0,"[1, 1, 1, 1, 1, 1]",45.10324063848873,0.0,0.0,0,0.0
1774904185.082983,"[0, 0, 0, 0, 0, 0]","[1291, 1500, 1500, 1500]","[-25.08, 0.0, 0.0, 0.0]","[0.0, 0.0, 0.0]",0,16.515369415283203,0,31.606976089477538,"[42.78564452424, -1.43432617164, -0.73242187488]","[0, 0, 0]",0,3,0.0,0.0,0.013,0,0,0,4294967.295,3750000.128,0,35703,0,-42.34950256347656,16.29876708984375,2.395925998687744,0,state.PRE_FLIGHT,468,-23,0,-23,0.0,13,16,"[10.6, 0.5, 17.0, 10.4, 15.9, 16.5, 0, 0]","[0.0, 0.0, 0.0]",-0.0,"[2.992, 3.3120000000000003, 5.0048, 7.3696, 8.4352, 27.8256]","[0.030625, 0.264375, -0.000625, -0.003125, -0.000625, -0.000625]",0,0,0.0,"[1, 1, 1, 1, 1, 1]",44.81811345919132,0.0,0.0,0,0.0
1774904185.1362677,"[0, 0, 0, 0, 0, 0]","[1291, 1500, 1500, 1500]","[-25.08, 0.0, 0.0, 0.0]","[0.0, 0.0, 0.0]",0,21.922189712524414,0,31.611348037719726,"[21.6674804652, -5.9509277334, 7.4768066393999995]","[0, 0, 0]",0,3,0.0,0.0,0.021,0,0,0,4294967.295,3750000.128,0,35757,0,-42.164772033691406,16.314254760742188,0.7271831035614014,0,state.PRE_FLIGHT,469,-23,0,-23,0.0,21,21,"[10.4, 0.5, 16.5, 10.8, 16.5, 16.5, 0, 0]","[0.0, 0.0, 0.0]",-0.0,"[2.9968000000000004, 3.3120000000000003, 5.0048, 7.3632, 8.4688, 27.8288]","[0.03, 0.57875, -0.004375, -0.000625, -0.004375, 0.00625]",0,0,0.0,"[1, 1, 1, 1, 1, 1]",44.65329120339345,0.0,0.0,0,0.0
1774904185.1992614,"[0, 0, 0, 0, 0, 0]","[1291, 1500, 1500, 1500]","[-25.08, 0.0, 0.0, 0.0]","[0.0, 0.0, 0.0]",0,28.11149024963379,0,31.615719985961913,"[-11.16943359192, 0.39672851556, -0.1525878906]","[0, 0, 0]",0,3,0.0,0.0,0.021,0,0,0,4294967.295,3750000.128,0,35817,0,-41.7607421875,16.42411231994629,0.5617724657058716,0,state.PRE_FLIGHT,470,-23,0,-23,0.0,21,28,"[10.6, 0.5, 16.5, 10.4, 15.9, 16.5, 0, 0]","[0.0, 0.0, 0.0]",-0.0,"[2.9968000000000004, 3.3120000000000003, 5.0048, 7.3632, 8.4688, 27.8288]","[0.03, 0.57875, -0.004375, -0.000625, -0.004375, 0.00625]",0,0,0.0,"[1, 1, 1, 1, 1, 1]",44.316236046198,0.0,0.0,0,0.0
1774904185.2587988,"[0, 0, 0, 0, 0, 0]","[1291, 1500, 1500, 1500]","[-25.08, 0.0, 0.0, 0.0]","[0.0, 0.0, 0.0]",0,35.092288970947266,0,31.6200919342041,"[-37.9943847594, -4.7302246086, 5.24902343664]","[0, 0, 0]",0,3,0.0,0.0,0.032,0,0,0,4294967.295,3750000.128,0,35877,0,-41.785491943359375,16.466224670410156,2.242678165435791,0,state.PRE_FLIGHT,471,-23,0,-23,0.0,32,35,"[10.0, 0.5, 17.0, 10.6, 17.0, 16.5, 0, 0]","[0.0, 0.0, 0.0]",-0.0,"[2.9936000000000003, 3.3120000000000003, 5.0048, 7.3616, 8.4496, 27.8288]","[0.03125, 0.578125, 0.000625, 0.001875, -0.004375, 0.008125]",0,0,0.0,"[1, 1, 1, 1, 1, 1]",44.35158694563092,0.0,0.0,0,0.0
1774904185.3158073,"[0, 0, 0, 0, 0, 0]","[1291, 1500, 1500, 1500]","[-25.08, 0.0, 0.0, 0.0]","[0.0, 0.0, 0.0]",0,42.873538970947266,0,31.615719985961913,"[-44.189453117759996, -9.3078613266, -5.55419921784]","[0, 0, 0]",0,3,0.0,0.0,0.032,0,0,0,4294967.295,3750000.128,0,35937,0,-41.80624771118164,16.618209838867188,4.859253406524658,0,state.PRE_FLIGHT,472,-22,0,-23,0.0,32,42,"[10.6, 0.5, 17.0, 10.4, 15.5, 17.0, 0, 0]","[0.0, 0.0, 0.0]",-0.0,"[2.9936000000000003, 3.3120000000000003, 5.0048, 7.3616, 8.4496, 27.8288]","[0.03125, 0.578125, 0.000625, 0.001875, -0.004375, 0.008125]",0,0,0.0,"[1, 1, 1, 1, 1, 1]",44.41666825711792,0.0,0.0,0,0.0
1774904185.37034,"[0, 0, 0, 0, 0, 0]","[1291, 1500, 1500, 1500]","[-25.08, 0.0, 0.0, 0.0]","[0.0, 0.0, 0.0]",0,49.975921630859375,0,31.606976089477538,"[-30.79223632308, -3.75366210876, -0.54931640616]","[0, 0, 0]",0,3,0.0,0.0,0.045,0,0,0,4294967.295,3750000.128,0,35991,0,-41.44407653808594,16.599531173706055,6.900675296783447,0,state.PRE_FLIGHT,473,-22,0,-22,0.0,45,49,"[10.6, 0.5, 17.6, 10.4, 15.9, 15.9, 0, 0]","[0.0, 0.0, 0.0]",-0.0,"[2.9968000000000004, 3.3120000000000003, 5.0032000000000005, 7.368, 8.464, 27.8272]","[0.028125, 0.22625, -0.00125, -0.00125, -0.005, -0.000625]",0,0,0.0,"[1, 1, 1, 1, 1, 1]",44.08055956954462,0.0,0.0,0,0.0
1774904185.4304,"[0, 0, 0, 0, 0, 0]","[1291, 1500, 1500, 1500]","[-25.08, 0.0, 0.0, 0.0]","[0.0, 0.0, 0.0]",0,59.248138427734375,0,31.637579727172852,"[0.0, -1.9836425778, 11.01684570132]","[0, 0, 0]",0,3,0.0,0.0,0.045,0,0,0,4294967.295,3750000.128,0,36051,0,-41.42471694946289,16.70745849609375,7.715023040771484,0,state.PRE_FLIGHT,474,-22,0,-22,0.0,45,59,"[10.6, 0.5, 16.5, 10.6, 16.5, 17.0, 0, 0]","[0.0, 0.0, 0.0]",-0.0,"[2.9968000000000004, 3.3120000000000003, 5.0032000000000005, 7.368, 8.464, 27.8272]","[0.028125, 0.22625, -0.00125, -0.00125, -0.005, -0.000625]",0,0,0.0,"[1, 1, 1, 1, 1, 1]",44.096246828338394,0.0,0.0,0,0.0
1774904185.49141,"[0, 0, 0, 0, 0, 0]","[1291, 1500, 1500, 1500]","[-25.08, 0.0, 0.0, 0.0]","[0.0, 0.0, 0.0]",0,69.34603881835938,0,31.615719985961913,"[30.79223632308, -1.19018554668, -11.35253906064]","[0, 0, 0]",0,3,0.0,0.0,0.06,0,0,0,4294967.295,3750000.128,0,36111,0,-41.589012145996094,16.84684944152832,6.593199253082275,0,state.PRE_FLIGHT,475,-22,0,-22,0.0,60,69,"[10.4, 0.5, 16.5, 10.4, 15.9, 16.5, 0, 0]","[0.0, 0.0, 0.0]",-0.0,"[2.9952, 3.3104, 5.0016, 7.3632, 8.4704, 27.8256]","[0.033125, 0.263125, -0.000625, -0.0025, -0.0025, 0.001875]",0,0,0.0,"[1, 1, 1, 1, 1, 1]",44.289019518518536,0.0,0.0,0,0.0
1774904185.5499415,"[0, 0, 0, 0, 0, 0]","[1291, 1500, 1500, 1500]","[-25.08, 0.0, 0.0, 0.0]","[0.0, 0.0, 0.0]",0,80.27855682373047,0,31.615719985961913,"[44.89135741452, -7.53784179564, -13.39721679468]","[0, 0, 0]",0,3,0.0,0.0,0.078,0,0,0,4294967.295,3750000.128,0,36171,0,-41.82636642456055,16.84183692932129,4.140881538391113,0,state.PRE_FLIGHT,476,-22,0,-22,0.0,78,80,"[10.6, 0.5, 15.9, 10.6, 16.5, 16.5, 0, 0]","[0.0, 0.0, 0.0]",-0.0,"[2.9968000000000004, 3.3120000000000003, 5.0032000000000005, 7.3616, 8.4352, 27.8272]","[0.03125, 0.228125, 0.0, -0.00125, -0.003125, -0.00375]",0,0,0.0,"[1, 1, 1, 1, 1, 1]",44.503507303197715,0.0,0.0,0,0.0
1774904185.6092484,"[0, 0, 0, 0, 0, 0]","[1291, 1500, 1500, 1500]","[-25.08, 0.0, 0.0, 0.0]","[0.0, 0.0, 0.0]",0,92.05455780029297,0,31.62446388244629,"[34.66796874432, -2.16674804652, -1.09863281232]","[0, 0, 0]",0,3,0.0,0.0,0.078,0,0,0,4294967.295,3750000.128,0,36225,0,-41.55849838256836,16.843990325927734,1.960147500038147,0,state.PRE_FLIGHT,477,-22,0,-22,0.0,78,92,"[10.8, 0.5, 17.0, 10.8, 15.9, 16.5, 0, 0]","[0.0, 0.0, 0.0]",-0.0,"[2.9968000000000004, 3.3120000000000003, 5.0032000000000005, 7.3616, 8.4352, 27.8272]","[0.03125, 0.228125, 0.0, -0.00125, -0.003125, -0.00375]",0,0,0.0,"[1, 1, 1, 1, 1, 1]",44.26037113656321,0.0,0.0,0,0.0
1774904185.6643975,"[0, 0, 0, 0, 0, 0]","[1291, 1500, 1500, 1500]","[-25.08, 0.0, 0.0, 0.0]","[0.0, 0.0, 0.0]",0,104.68331146240234,0,31.615719985961913,"[5.61523437408, 0.762939453, -0.54931640616]","[0, 0, 0]",0,3,0.0,0.0,0.098,0,0,0,4294967.295,3750000.128,0,36285,0,-41.59267807006836,16.834218978881836,0.8380067348480225,0,state.PRE_FLIGHT,478,-22,0,-22,0.0,98,104,"[10.8, 0.5, 16.5, 10.8, 15.9, 17.0, 0, 0]","[0.0, 0.0, 0.0]",-0.0,"[2.9968000000000004, 3.3136, 5.0016, 7.3664000000000005, 8.459200000000001, 27.8272]","[0.036875, 0.255625, -0.004375, 0.00125, -0.00125, -0.004375]",0,0,0.0,"[1, 1, 1, 1, 1, 1]",44.28843580169183,0.0,0.0,0,0.0
1774904185.7244089,"[0, 0, 0, 0, 0, 0]","[1291, 1500, 1500, 1500]","[-25.08, 0.0, 0.0, 0.0]","[0.0, 0.0, 0.0]",0,118.174560546875,0,31.6200919342041,"[-26.42822265192, 3.5095214838, -2.96020507764]","[0, 0, 0]",0,3,0.0,0.0,0.098,0,0,0,4294967.295,3750000.128,0,36345,0,-41.6992073059082,16.69568634033203,1.6522314548492432,0,state.PRE_FLIGHT,479,-21,0,-22,0.0,98,118,"[10.2, 0.5, 17.0, 10.6, 17.0, 17.0, 0, 0]","[0.0, 0.0, 0.0]",-0.0,"[2.9968000000000004, 3.3136, 5.0016, 7.3664000000000005, 8.459200000000001, 27.8272]","[0.036875, 0.255625, -0.004375, 0.00125, -0.00125, -0.004375]",0,0,0.0,"[1, 1, 1, 1, 1, 1]",44.34271835115225,0.0,0.0,0,0.0
1774904185.7859366,"[0, 0, 0, 0, 0, 0]","[1291, 1500, 1500, 1500]","[-25.08, 0.0, 0.0, 0.0]","[0.0, 0.0, 0.0]",0,132.5380096435547,0,31.62446388244629,"[-44.189453117759996, 0.762939453, 8.97216796728]","[0, 0, 0]",0,3,0.0,0.0,0.122,0,0,0,4294967.295,3750000.128,0,36405,0,-41.63453674316406,16.696931838989258,3.9636266231536865,0,state.PRE_FLIGHT,480,-22,0,-22,0.0,122,132,"[10.6, 0.5, 16.5, 10.4, 16.5, 16.5, 0, 0]","[0.0, 0.0, 0.0]",-0.0,"[2.9952, 3.3136, 5.0016, 7.3664000000000005, 8.4352, 27.8288]","[0.035, 0.4875, 0.0, 0.0, -0.001875, -0.00125]",0,0,0.0,"[1, 1, 1, 1, 1, 1]",44.284152589436765,0.0,0.0,0,0.0
1774904185.842481,"[0, 0, 0, 0, 0, 0]","[1291, 1500, 1500, 1500]","[-25.08, 0.0, 0.0, 0.0]","[0.0, 0.0, 0.0]",0,145.17572021484375,0,31.611348037719726,"[-40.71044921208, 6.8664550769999995, 1.89208984344]","[0, 0, 0]",0,3,0.0,0.0,0.145,0,0,0,4294967.295,3750000.128,0,36459,0,-41.467655181884766,16.614246368408203,6.317915916442871,0,state.PRE_FLIGHT,481,-22,0,-22,0.0,145,145,"[10.4, 0.5, 17.6, 10.6, 16.5, 17.0, 0, 0]","[0.0, 0.0, 0.0]",-0.0,"[2.9952, 3.3136, 5.0016, 7.3664000000000005, 8.4352, 27.8288]","[0.035, 0.4875, 0.0, 0.0, -0.001875, -0.00125]",0,0,0.0,"[1, 1, 1, 1, 1, 1]",44.10658731693984,0.0,0.0,0,0.0
1774904185.8990214,"[0, 0, 0, 0, 0, 0]","[1291, 1500, 1500, 1500]","[-25.08, 0.0, 0.0, 0.0]","[0.0, 0.0, 0.0]",0,161.06976318359375,0,31.62446388244629,"[-16.54052734104, 4.48608398364, 7.4768066393999995]","[0, 0, 0]",0,3,0.0,0.0,0.145,0,0,0,4294967.295,3750000.128,0,36519,0,-41.656253814697266,16.637426376342773,7.998768329620361,0,state.PRE_FLIGHT,482,-22,0,-22,0.0,145,161,"[10.4, 0.5, 16.5, 10.4, 15.0, 16.5, 0, 0]","[0.0, 0.0, 0.0]",-0.0,"[2.9968000000000004, 3.3136, 5.0016, 7.3632, 8.456000000000001, 27.832]","[0.033125, 0.545, -0.0025, 0.00125, -0.005, 0.0]",0,0,0.0,"[1, 1, 1, 1, 1, 1]",44.28568718653005,0.0,0.0,0,0.0
1774904185.9585485,"[0, 0, 0, 0, 0, 0]","[1291, 1500, 1500, 1500]","[-25.08, 0.0, 0.0, 0.0]","[0.0, 0.0, 0.0]",0,177.67825317382812,0,31.62446388244629,"[16.54052734104, 8.45336913924, -0.73242187488]","[0, 0, 0]",0,3,0.0,0.0,0.172,0,0,0,4294967.295,3750000.128,0,36579,0,-41.34769058227539,16.501283645629883,7.833391189575195,0,state.PRE_FLIGHT,483,-22,0,-23,0.0,172,177,"[10.8, 0.5, 15.9, 10.4, 15.5, 16.5, 0, 0]","[0.0, 0.0, 0.0]",-0.0,"[2.9968000000000004, 3.3136, 5.0016, 7.3632, 8.456000000000001, 27.832]","[0.033125, 0.545, -0.0025, 0.00125, -0.005, 0.0]",0,0,0.0,"[1, 1, 1, 1, 1, 1]",43.96243256911028,0.0,0.0,0,0.0
1774904186.0195775,"[0, 0, 0, 0, 0, 0]","[1291, 1500, 1500, 1500]","[-25.08, 0.0, 0.0, 0.0]","[0.0, 0.0, 0.0]",0,194.9842987060547,0,31.611348037719726,"[40.71044921208, 6.2561035145999995, 6.53076171768]","[0, 0, 0]",0,3,0.0,0.0,0.172,0,0,0,4294967.295,3750000.128,0,36639,0,-41.44534683227539,16.32184410095215,5.910788536071777,0,state.PRE_FLIGHT,484,-23,0,-23,0.0,172,194,"[10.2, 0.5, 16.5, 10.4, 16.5, 17.0, 0, 0]","[0.0, 0.0, 0.0]",-0.0,"[2.9952, 3.3120000000000003, 5.0, 7.368, 8.4464, 27.8288]","[0.03, 0.5593750000000001, -0.003125, -0.000625, -0.003125, 0.00375]",0,0,0.0,"[1, 1, 1, 1, 1, 1]",43.99687156509354,0.0,0.0,0,0.0
1774904186.0761046,"[0, 0, 0, 0, 0, 0]","[1291, 1500, 1500, 1500]","[-25.08, 0.0, 0.0, 0.0]","[0.0, 0.0, 0.0]",0,209.93174743652344,0,31.615719985961913,"[44.189453117759996, 5.46264648348, 2.80761718704]","[0, 0, 0]",0,3,0.0,0.0,0.2,0,0,0,4294967.295,3750000.128,0,36693,0,-41.48041534423828,16.29037094116211,3.5307297706604004,0,state.PRE_FLIGHT,485,-22,0,-23,0.0,200,209,"[10.6, 0.5, 16.5, 10.4, 15.9, 17.0, 0, 0]","[0.0, 0.0, 0.0]",-0.0,"[2.9952, 3.3120000000000003, 5.0, 7.368, 8.4464, 27.8288]","[0.03, 0.5593750000000001, -0.003125, -0.000625, -0.003125, 0.00375]",0,0,0.0,"[1, 1, 1, 1, 1, 1]",44.01941742954347,0.0,0.0,0,0.0
1774904186.1346793,"[0, 0, 0, 0, 0, 0]","[1291, 1500, 1500, 1500]","[-25.08, 0.0, 0.0, 0.0]","[0.0, 0.0, 0.0]",0,228.49191284179688,0,31.60260414123535,"[26.42822265192, -4.7302246086, 0.94604492172]","[0, 0, 0]",0,3,0.0,0.0,0.2,0,0,0,4294967.295,3750000.128,0,36753,0,-41.203311920166016,16.516796112060547,1.3969345092773438,0,state.PRE_FLIGHT,486,-22,0,-22,0.0,200,228,"[10.6, 0.5, 17.0, 10.8, 15.0, 17.6, 0, 0]","[0.0, 0.0, 0.0]",-0.0,"[2.9952, 3.3120000000000003, 5.0016, 7.3616, 8.4288, 27.8304]","[0.035, 0.238125, -0.003125, -0.00125, -0.00125, 0.00125]",0,0,0.0,"[1, 1, 1, 1, 1, 1]",43.83551328628574,0.0,0.0,0,0.0
1774904186.1916819,"[0, 0, 0, 0, 0, 0]","[1291, 1500, 1500, 1500]","[-25.08, 0.0, 0.0, 0.0]","[0.0, 0.0, 0.0]",0,247.72256469726562,0,31.615719985961913,"[-5.61523437408, -8.6975097642, 2.4414062496]","[0, 0, 0]",0,3,0.0,0.0,0.231,0,0,0,4294967.295,3750000.128,0,36813,0,-41.27838897705078,16.72738265991211,0.9031718969345093,0,state.PRE_FLIGHT,487,-23,0,-23,0.0,231,247,"[10.8, 0.5, 16.5, 10.6, 15.5, 15.9, 0, 0]","[0.0, 0.0, 0.0]",-0.0,"[2.9952, 3.3120000000000003, 5.0016, 7.3616, 8.4288, 27.8304]","[0.035, 0.238125, -0.003125, -0.00125, -0.00125, 0.00125]",0,0,0.0,"[1, 1, 1, 1, 1, 1]",43.96922735278668,0.0,0.0,0,0.0
1774904186.2522383,"[0, 0, 0, 0, 0, 0]","[1291, 1500, 1500, 1500]","[-25.08, 0.0, 0.0, 0.0]","[0.0, 0.0, 0.0]",0,267.6134338378906,0,31.585116348266602,"[-34.66796874432, 1.12915039044, 6.92749023324]","[0, 0, 0]",0,3,0.0,0.0,0.264,0,0,0,4294967.295,3750000.128,0,36873,0,-41.04950714111328,16.668174743652344,2.3157763481140137,0,state.PRE_FLIGHT,488,-23,0,-23,0.0,264,267,"[10.6, 0.5, 16.5, 10.6, 15.9, 16.5, 0, 0]","[0.0, 0.0, 0.0]",-0.0,"[2.9952, 3.3136, 5.0016, 7.3616, 8.4608, 27.8256]","[0.03625, 0.201875, -0.004375, 0.0, -0.000625, -0.00375]",0,0,0.0,"[1, 1, 1, 1, 1, 1]",43.742469869904774,0.0,0.0,0,0.0
1774904186.3112383,"[0, 0, 0, 0, 0, 0]","[1291, 1500, 1500, 1500]","[-25.08, 0.0, 0.0, 0.0]","[0.0, 0.0, 0.0]",0,288.1545104980469,0,31.606976089477538,"[-44.89135741452, 7.8430175768399994, 6.34765624896]","[0, 0, 0]",0,3,0.0,0.0,0.264,0,0,0,4294967.295,3750000.128,0,36927,0,-41.14951705932617,16.604158401489258,4.652487277984619,0,state.PRE_FLIGHT,489,-23,0,-23,0.0,264,288,"[10.8, 0.5, 16.5, 10.4, 15.5, 16.5, 0, 0]","[0.0, 0.0, 0.0]",-0.0,"[2.9968000000000004, 3.3104, 5.0048, 7.3712, 8.4368, 27.8288]","[0.03375, 0.248125, -0.003125, -0.001875, -0.00375, -0.00375]",0,0,0.0,"[1, 1, 1, 1, 1, 1]",43.81355373003452,0.0,0.0,0,0.0
1774904186.3657856,"[0, 0, 0, 0, 0, 0]","[1291, 1500, 1500, 1500]","[-25.08, 0.0, 0.0, 0.0]","[0.0, 0.0, 0.0]",0,309.335205078125,0,31.593860244750978,"[-30.79223632308, -3.2043457026, -5.1879882804]","[0, 0, 0]",0,3,0.0,0.0,0.298,0,0,0,4294967.295,3750000.128,0,36987,0,-41.19865798950195,16.72623062133789,6.9638848304748535,0,state.PRE_FLIGHT,490,-23,0,-23,0.0,298,309,"[10.6, 0.5, 17.0, 10.4, 15.9, 17.0, 0, 0]","[0.0, 0.0, 0.0]",-0.0,"[2.9968000000000004, 3.3104, 5.0048, 7.3712, 8.4368, 27.8288]","[0.03375, 0.248125, -0.003125, -0.001875, -0.00375, -0.00375]",0,0,0.0,"[1, 1, 1, 1, 1, 1]",43.8963205325943,0.0,0.0,0,0.0
1774904186.4293332,"[0, 0, 0, 0, 0, 0]","[1291, 1500, 1500, 1500]","[-25.08, 0.0, 0.0, 0.0]","[0.0, 0.0, 0.0]",0,331.145751953125,0,31.606976089477538,"[0.0, -5.1574707022799995, -0.73242187488]","[0, 0, 0]",0,3,0.0,0.0,0.298,0,0,0,4294967.295,3750000.128,0,37047,0,-41.0988883972168,16.72199058532715,7.778103828430176,0,state.PRE_FLIGHT,491,-23,0,-23,0.0,298,331,"[10.4, 0.5, 15.5, 10.4, 15.9, 16.5, 0, 0]","[0.0, 0.0, 0.0]",-0.0,"[2.9952, 3.3136, 5.0016, 7.3664000000000005, 8.4384, 27.824]","[0.034375, 0.254375, -0.004375, 0.000625, -0.003125, -0.004375]",0,0,0.0,"[1, 1, 1, 1, 1, 1]",43.80423900876453,0.0,0.0,0,0.0
1774904186.4868562,"[0, 0, 0, 0, 0, 0]","[1291, 1500, 1500, 1500]","[-25.08, 0.0, 0.0, 0.0]","[0.0, 0.0, 0.0]",0,353.5787048339844,0,31.598232192993166,"[30.79223632308, 0.03051757812, 10.25390624832]","[0, 0, 0]",0,3,0.0,0.0,0.334,0,0,0,4294967.295,3750000.128,0,37107,0,-40.822105407714844,16.59564971923828,6.655990123748779,0,state.PRE_FLIGHT,492,-23,0,-23,0.0,334,353,"[10.4, 0.5, 16.5, 10.8, 16.5, 17.0, 0, 0]","[0.0, 0.0, 0.0]",-0.0,"[2.9952, 3.3136, 5.0016, 7.3664000000000005, 8.4384, 27.824]","[0.034375, 0.254375, -0.004375, 0.000625, -0.003125, -0.004375]",0,0,0.0,"[1, 1, 1, 1, 1, 1]",43.51282950337545,0.0,0.0,0,0.0
1774904186.5444026,"[0, 0, 0, 0, 0, 0]","[1291, 1500, 1500, 1500]","[-25.08, 0.0, 0.0, 0.0]","[0.0, 0.0, 0.0]",0,372.74383544921875,0,31.598232192993166,"[44.189453117759996, 6.07299804588, -4.63867187424]","[0, 0, 0]",0,3,0.0,0.0,0.372,0,0,0,4294967.295,3750000.128,0,37161,0,-41.03709030151367,16.64602279663086,4.514791488647461,0,state.PRE_FLIGHT,493,-22,0,-23,0.0,372,372,"[10.8, 0.5, 16.5, 10.6, 15.9, 17.0, 0, 0]","[0.0, 0.0, 0.0]",-0.0,"[2.9952, 3.3136, 5.0048, 7.36, 8.4624, 27.8288]","[0.035, 0.5650000000000001, -0.0025, -0.00625, 0.0, 0.00875]",0,0,0.0,"[1, 1, 1, 1, 1, 1]",43.72424319055814,0.0,0.0,0,0.0
1774904186.600407,"[0, 0, 0, 0, 0, 0]","[1291, 1500, 1500, 1500]","[-25.08, 0.0, 0.0, 0.0]","[0.0, 0.0, 0.0]",0,396.3021240234375,0,31.593860244750978,"[37.9943847594, -13.64135741964, 9.52148437344]","[0, 0, 0]",0,3,0.0,0.0,0.372,0,0,0,4294967.295,3750000.128,0,37221,0,-40.8126335144043,16.746822357177734,1.9602761268615723,0,state.PRE_FLIGHT,494,-22,0,-23,0.0,372,396,"[10.4, 0.5, 17.6, 10.4, 15.9, 17.0, 0, 0]","[0.0, 0.0, 0.0]",-0.0,"[2.9952, 3.3136, 5.0048, 7.36, 8.4624, 27.8288]","[0.035, 0.5650000000000001, -0.0025, -0.00625, 0.0, 0.00875]",0,0,0.0,"[1, 1, 1, 1, 1, 1]",43.55187040525392,0.0,0.0,0,0.0
1774904186.6602175,"[0, 0, 0, 0, 0, 0]","[1291, 1500, 1500, 1500]","[-25.08, 0.0, 0.0, 0.0]","[0.0, 0.0, 0.0]",0,420.4654541015625,0,31.606976089477538,"[11.16943359192, -3.2043457026, -7.62939453]","[0, 0, 0]",0,3,0.0,0.0,0.412,0,0,0,4294967.295,3750000.128,0,37281,0,-40.984718322753906,16.731578826904297,0.5476740598678589,0,state.PRE_FLIGHT,495,-22,0,-23,0.0,412,420,"[10.6, 0.5, 16.5, 10.6, 16.5, 16.5, 0, 0]","[0.0, 0.0, 0.0]",-0.0,"[2.9968000000000004, 3.3120000000000003, 5.0048, 7.3696, 8.443200000000001, 27.8256]","[0.033125, 0.570625, -0.000625, -0.001875, -0.004375, 0.005625]",0,0,0.0,"[1, 1, 1, 1, 1, 1]",43.703435418840215,0.0,0.0,0,0.0
1774904186.724218,"[0, 0, 0, 0, 0, 0]","[1291, 1500, 1500, 1500]","[-25.08, 0.0, 0.0, 0.0]","[0.0, 0.0, 0.0]",0,445.204833984375,0,31.585116348266602,"[-21.6674804652, -1.9836425778, 3.17382812448]","[0, 0, 0]",0,3,0.0,0.0,0.412,0,0,0,4294967.295,3750000.128,0,37341,0,-41.28902816772461,16.881135940551758,1.0415242910385132,0,state.PRE_FLIGHT,496,-22,0,-23,0.0,412,445,"[10.8, 0.5, 16.5, 10.6, 16.5, 16.5, 0, 0]","[0.0, 0.0, 0.0]",-0.0,"[2.9968000000000004, 3.3120000000000003, 5.0048, 7.3696, 8.443200000000001, 27.8256]","[0.033125, 0.570625, -0.000625, -0.001875, -0.004375, 0.005625]",0,0,0.0,"[1, 1, 1, 1, 1, 1]",44.02698760928263,0.0,0.0,0,0.0
1774904186.7757454,"[0, 0, 0, 0, 0, 0]","[1291, 1500, 1500, 1500]","[-25.08, 0.0, 0.0, 0.0]","[0.0, 0.0, 0.0]",0,470.3236999511719,0,31.593860244750978,"[-42.78564452424, -2.16674804652, 9.52148437344]","[0, 0, 0]",0,3,0.0,0.0,0.453,0,0,0,4294967.295,3750000.128,0,37395,0,-41.23959732055664,16.7249813079834,3.0325918197631836,0,state.PRE_FLIGHT,497,-22,0,-23,0.0,453,470,"[10.2, 0.5, 17.0, 10.4, 16.5, 16.5, 0, 0]","[0.0, 0.0, 0.0]",-0.0,"[2.9952, 3.3120000000000003, 5.0032000000000005, 7.364800000000001, 8.4608, 27.832]","[0.034375, 0.45125, -0.003125, -0.005625, 0.000625, 0.00375]",0,0,0.0,"[1, 1, 1, 1, 1, 1]",43.93317944383472,0.0,0.0,0,0.0
1774904186.834291,"[0, 0, 0, 0, 0, 0]","[1291, 1500, 1500, 1500]","[-25.08, 0.0, 0.0, 0.0]","[0.0, 0.0, 0.0]",0,495.3337707519531,0,31.598232192993166,"[-40.71044921208, -0.39672851556, -7.44628906128]","[0, 0, 0]",0,3,0.0,0.0,0.495,0,0,0,4294967.295,3750000.128,0,37455,0,-41.219757080078125,16.7689208984375,5.649209499359131,0,state.PRE_FLIGHT,498,-22,0,-22,0.0,495,495,"[10.4, 0.5, 17.6, 10.4, 17.0, 17.6, 0, 0]","[0.0, 0.0, 0.0]",-0.0,"[2.9952, 3.3120000000000003, 5.0032000000000005, 7.364800000000001, 8.4608, 27.832]","[0.034375, 0.45125, -0.003125, -0.005625, 0.000625, 0.00375]",0,0,0.0,"[1, 1, 1, 1, 1, 1]",43.92885583536506,0.0,0.0,0,0.0
1774904186.8988245,"[0, 0, 0, 0, 0, 0]","[1291, 1500, 1500, 1500]","[-25.08, 0.0, 0.0, 0.0]","[0.0, 0.0, 0.0]",0,520.181640625,0,31.57200050354004,"[-16.54052734104, -0.03051757812, -1.8310546872]","[0, 0, 0]",0,3,0.0,0.0,0.495,0,0,0,4294967.295,3750000.128,0,37515,0,-41.26676559448242,16.920272827148438,7.330081939697266,0,state.PRE_FLIGHT,499,-22,0,-22,0.0,495,520,"[10.6, 0.5, 16.5, 10.4, 15.9, 16.5, 0, 0]","[0.0, 0.0, 0.0]",-0.0,"[2.9952, 3.3104, 5.0048, 7.3616, 8.457600000000001, 27.8304]","[0.033125, 0.225, -0.005625, -0.004375, -0.000625, -0.0025]",0,0,0.0,"[1, 1, 1, 1, 1, 1]",44.01907039615454,0.0,0.0,0,0.0
1774904186.9583552,"[0, 0, 0, 0, 0, 0]","[1291, 1500, 1500, 1500]","[-25.08, 0.0, 0.0, 0.0]","[0.0, 0.0, 0.0]",0,544.8692626953125,0,31.58948829650879,"[16.54052734104, 5.70678710844, 3.93676757748]","[0, 0, 0]",0,3,0.0,0.0,0.536,0,0,0,4294967.295,3750000.128,0,37575,0,-41.220680236816406,16.757917404174805,7.1646928787231445,0,state.PRE_FLIGHT,500,-21,0,-22,0.0,536,544,"[10.8, 0.5, 17.6, 10.6, 15.9, 17.0, 0, 0]","[0.0, 0.0, 0.0]",-0.0,"[2.9968000000000004, 3.3104, 5.0032000000000005, 7.364800000000001, 8.4368, 27.8256]","[0.026875, 0.225, 0.001875, 0.004375, -0.005, -0.0025]",0,0,0.0,"[1, 1, 1, 1, 1, 1]",43.92625448264486,0.0,0.0,0,0.0
1774904187.008351,"[0, 0, 0, 0, 0, 0]","[1291, 1500, 1500, 1500]","[-25.08, 0.0, 0.0, 0.0]","[0.0, 0.0, 0.0]",0,565.3206787109375,0,31.585116348266602,"[37.9943847594, 2.16674804652, 5.7983398428]","[0, 0, 0]",0,3,0.0,0.0,0.536,0,0,0,4294967.295,3750000.128,0,37629,0,-41.19241714477539,16.847803115844727,5.564362525939941,0,state.PRE_FLIGHT,501,-21,0,-227,0.0,536,565,"[10.4, 0.5, 16.5, 10.6, 15.9, 17.6, 0, 0]","[0.0, 0.0, 0.0]",-0.0,"[2.9968000000000004, 3.3104, 5.0032000000000005, 7.364800000000001, 8.4368, 27.8256]","[0.026875, 0.225, 0.001875, 0.004375, -0.005, -0.0025]",0,0,0.0,"[1, 1, 1, 1, 1, 1]",43.928740684242555,0.0,0.0,0,0.0
1774904187.067899,"[0, 0, 0, 0, 0, 0]","[1291, 1500, 1500, 1500]","[-25.08, 0.0, 0.0, 0.0]","[0.0, 0.0, 0.0]",0,589.7180786132812,0,31.593860244750978,"[44.189453117759996, 2.53295898396, -5.00488281168]","[0, 0, 0]",0,3,0.0,0.0,0.577,0,0,0,4294967.295,3750000.128,0,37689,0,-41.42770767211914,16.675682067871094,2.947786808013916,0,state.PRE_FLIGHT,502,-21,0,-227,0.0,577,589,"[10.4, 0.5, 16.5, 10.6, 15.9, 15.9, 0, 0]","[0.0, 0.0, 0.0]",-0.0,"[2.9968000000000004, 3.3120000000000003, 5.0032000000000005, 7.364800000000001, 8.4672, 27.824]","[0.02625, 0.25125000000000003, -0.000625, -0.005, -0.00125, -0.00375]",0,0,0.0,"[1, 1, 1, 1, 1, 1]",44.089135930754686,0.0,0.0,0,0.0
1774904187.1287742,"[0, 0, 0, 0, 0, 0]","[1291, 1500, 1500, 1500]","[-25.08, 0.0, 0.0, 0.0]","[0.0, 0.0, 0.0]",0,613.959716796875,0,31.580744400024415,"[26.42822265192, -20.72143554348, -5.9509277334]","[0, 0, 0]",0,3,0.0,0.0,0.577,0,0,0,4294967.295,3750000.128,0,37749,0,-41.62944412231445,16.758098602294922,0.8139694333076477,0,state.PRE_FLIGHT,503,-21,0,-227,0.0,577,613,"[10.8, 0.5, 17.0, 10.6, 16.5, 17.0, 0, 0]","[0.0, 0.0, 0.0]",-0.0,"[2.9968000000000004, 3.3120000000000003, 5.0032000000000005, 7.364800000000001, 8.4672, 27.824]","[0.02625, 0.25125000000000003, -0.000625, -0.005, -0.00125, -0.00375]",0,0,0.0,"[1, 1, 1, 1, 1, 1]",44.29835611219649,0.0,0.0,0,0.0
1774904187.1902986,"[0, 0, 0, 0, 0, 0]","[1291, 1500, 1500, 1500]","[-25.08, 0.0, 0.0, 0.0]","[0.0, 0.0, 0.0]",0,638.0465087890625,0,31.576372451782227,"[-5.61523437408, 7.65991210812, 11.56616210748]","[0, 0, 0]",0,3,0.0,0.0,0.617,0,0,0,4294967.295,3750000.128,0,37809,0,-41.32666015625,16.698871612548828,0.3202003240585327,0,state.PRE_FLIGHT,504,-21,0,-22,0.0,617,638,"[10.6, 0.5, 15.9, 10.4, 16.5, 16.5, 0, 0]","[0.0, 0.0, 0.0]",-0.0,"[2.9968000000000004, 3.3120000000000003, 5.0016, 7.3616, 8.4464, 27.8256]","[0.031875, 0.23, -0.0025, -0.004375, -0.003125, -0.001875]",0,0,0.0,"[1, 1, 1, 1, 1, 1]",44.004296465512056,0.0,0.0,0,0.0
1774904187.2424119,"[0, 0, 0, 0, 0, 0]","[1291, 1500, 1500, 1500]","[-25.08, 0.0, 0.0, 0.0]","[0.0, 0.0, 0.0]",0,658.0020141601562,0,31.593860244750978,"[-30.79223632308, 0.1525878906, 0.21362304684]","[0, 0, 0]",0,3,0.0,0.0,0.658,0,0,0,4294967.295,3750000.128,0,37863,0,-41.10997772216797,16.869359970092773,1.428780198097229,0,state.PRE_FLIGHT,505,-21,0,-22,0.0,658,658,"[10.4, 0.5, 15.9, 10.6, 15.0, 17.0, 0, 0]","[0.0, 0.0, 0.0]",-0.0,"[2.9968000000000004, 3.3120000000000003, 5.0016, 7.3616, 8.4464, 27.8256]","[0.031875, 0.23, -0.0025, -0.004375, -0.003125, -0.001875]",0,0,0.0,"[1, 1, 1, 1, 1, 1]",43.86064908354285,0.0,0.0,0,0.0
1774904187.3034337,"[0, 0, 0, 0, 0, 0]","[1291, 1500, 1500, 1500]","[-25.08, 0.0, 0.0, 0.0]","[0.0, 0.0, 0.0]",0,681.809326171875,0,31.58948829650879,"[-44.89135741452, -0.64086914052, 9.155273436]","[0, 0, 0]",0,3,0.0,0.0,0.658,0,0,0,4294967.295,3750000.128,0,37923,0,-40.98729705810547,16.861419677734375,3.8812172412872314,0,state.PRE_FLIGHT,506,-22,0,-22,0.0,658,681,"[10.2, 0.5, 16.5, 10.6, 15.9, 15.9, 0, 0]","[0.0, 0.0, 0.0]",-0.0,"[2.9968000000000004, 3.3104, 5.0032000000000005, 7.364800000000001, 8.4512, 27.8256]","[0.0425, 0.57625, -0.00375, 0.0, -0.003125, -0.003125]",0,0,0.0,"[1, 1, 1, 1, 1, 1]",43.746754760308264,0.0,0.0,0,0.0
1774904187.364949,"[0, 0, 0, 0, 0, 0]","[1291, 1500, 1500, 1500]","[-25.08, 0.0, 0.0, 0.0]","[0.0, 0.0, 0.0]",0,705.466064453125,0,31.585116348266602,"[-34.66796874432, -1.43432617164, 2.99072265576]","[0, 0, 0]",0,3,0.0,0.0,0.697,0,0,0,4294967.295,3750000.128,0,37983,0,-41.126136779785156,16.88646125793457,6.333567142486572,0,state.PRE_FLIGHT,507,-22,0,-22,0.0,697,705,"[10.6, 0.5, 15.9, 10.6, 15.9, 17.6, 0, 0]","[0.0, 0.0, 0.0]",-0.0,"[2.9968000000000004, 3.3104, 5.0032000000000005, 7.364800000000001, 8.4512, 27.8256]","[0.0425, 0.57625, -0.00375, 0.0, -0.003125, -0.003125]",0,0,0.0,"[1, 1, 1, 1, 1, 1]",43.88071904092878,0.0,0.0,0,0.0
1774904187.422264,"[0, 0, 0, 0, 0, 0]","[1291, 1500, 1500, 1500]","[-25.08, 0.0, 0.0, 0.0]","[0.0, 0.0, 0.0]",0,728.9740600585938,0,31.593860244750978,"[-5.61523437408, 8.81958007668, 8.97216796728]","[0, 0, 0]",0,3,0.0,0.0,0.697,0,0,0,4294967.295,3750000.128,0,38043,0,-41.00925827026367,16.81808853149414,7.455702781677246,0,state.PRE_FLIGHT,508,-22,0,-23,0.0,697,728,"[10.4, 0.5, 16.5, 10.8, 15.5, 16.5, 0, 0]","[0.0, 0.0, 0.0]",-0.0,"[2.9968000000000004, 3.3120000000000003, 5.0032000000000005, 7.3664000000000005, 8.448, 27.8288]","[0.03875, 0.58, -0.0025, 0.0, -0.00125, 0.004375]",0,0,0.0,"[1, 1, 1, 1, 1, 1]",43.75299549167024,0.0,0.0,0,0.0
1774904187.4788065,"[0, 0, 0, 0, 0, 0]","[1291, 1500, 1500, 1500]","[-25.08, 0.0, 0.0, 0.0]","[0.0, 0.0, 0.0]",0,752.3341674804688,0,31.60260414123535,"[26.42822265192, -1.19018554668, 8.20922851428]","[0, 0, 0]",0,3,0.0,0.0,0.736,0,0,0,4294967.295,3750000.128,0,38097,0,-40.813907623291016,16.86574935913086,6.621155261993408,0,state.PRE_FLIGHT,509,-23,0,-23,0.0,736,752,"[10.6, 0.5, 15.9, 10.4, 15.5, 17.0, 0, 0]","[0.0, 0.0, 0.0]",-0.0,"[2.9968000000000004, 3.3120000000000003, 5.0032000000000005, 7.3664000000000005, 8.448, 27.8288]","[0.03875, 0.58, -0.0025, 0.0, -0.00125, 0.004375]",0,0,0.0,"[1, 1, 1, 1, 1, 1]",43.590784970635745,0.0,0.0,0,0.0
1774904187.536832,"[0, 0, 0, 0, 0, 0]","[1291, 1500, 1500, 1500]","[-25.08, 0.0, 0.0, 0.0]","[0.0, 0.0, 0.0]",0,775.5477294921875,0,31.60260414123535,"[44.189453117759996, -1.43432617164, 5.98144531152]","[0, 0, 0]",0,3,0.0,0.0,0.775,0,0,0,4294967.295,3750000.128,0,38157,0,-40.67109298706055,16.8394832611084,4.309762001037598,0,state.PRE_FLIGHT,510,-24,0,-23,0.0,775,775,"[10.8, 0.5, 15.9, 10.8, 16.5, 17.0, 0, 0]","[0.0, 0.0, 0.0]",-0.0,"[2.9952, 3.3120000000000003, 5.0064, 7.3632, 8.4288, 27.8288]","[0.031875, 0.5675, -0.003125, -0.00125, -0.003125, 0.00875]",0,0,0.0,"[1, 1, 1, 1, 1, 1]",43.452865140775046,0.0,0.0,0,0.0
1774904187.5988314,"[0, 0, 0, 0, 0, 0]","[1291, 1500, 1500, 1500]","[-25.08, 0.0, 0.0, 0.0]","[0.0, 0.0, 0.0]",0,798.6165161132812,0,31.593860244750978,"[37.9943847594, -3.814697265, 1.525878906]","[0, 0, 0]",0,3,0.0,0.0,0.775,0,0,0,4294967.295,3750000.128,0,38217,0,-40.53011703491211,16.967668533325195,1.7551355361938477,0,state.PRE_FLIGHT,511,-24,0,-24,0.0,775,798,"[10.8, 0.5, 15.9, 10.6, 17.0, 17.0, 0, 0]","[0.0, 0.0, 0.0]",-0.0,"[2.9952, 3.3120000000000003, 5.0064, 7.3632, 8.4288, 27.8288]","[0.031875, 0.5675, -0.003125, -0.00125, -0.003125, 0.00875]",0,0,0.0,"[1, 1, 1, 1, 1, 1]",43.36630928515209,0.0,0.0,0,0.0
1774904187.6583898,"[0, 0, 0, 0, 0, 0]","[1291, 1500, 1500, 1500]","[-25.08, 0.0, 0.0, 0.0]","[0.0, 0.0, 0.0]",0,821.5416870117188,0,31.576372451782227,"[11.16943359192, 8.63647460796, -7.04956054572]","[0, 0, 0]",0,3,0.0,0.0,0.813,0,0,0,4294967.295,3750000.128,0,38277,0,-40.50823211669922,16.949987411499023,0.3424627482891083,0,state.PRE_FLIGHT,512,-24,0,-24,0.0,813,821,"[10.2, 0.5, 16.5, 11.1, 15.9, 15.9, 0, 0]","[0.0, 0.0, 0.0]",-0.0,"[2.9968000000000004, 3.3120000000000003, 5.0016, 7.3664000000000005, 8.4496, 27.8304]","[0.03375, 0.255625, -0.003125, 0.00125, -0.00375, -0.005625]",0,0,0.0,"[1, 1, 1, 1, 1, 1]",43.34078714018833,0.0,0.0,0,0.0
1774904187.7143831,"[0, 0, 0, 0, 0, 0]","[1291, 1500, 1500, 1500]","[-25.08, 0.0, 0.0, 0.0]","[0.0, 0.0, 0.0]",0,840.537353515625,0,31.58948829650879,"[-16.54052734104, -9.85717773276, 0.39672851556]","[0, 0, 0]",0,3,0.0,0.0,0.813,0,0,0,4294967.295,3750000.128,0,38331,0,-40.70787048339844,17.230987548828125,0.5948125720024109,0,state.PRE_FLIGHT,513,-24,0,-24,0.0,813,840,"[10.6, 0.5, 17.0, 10.6, 15.9, 16.5, 0, 0]","[0.0, 0.0, 0.0]",-0.0,"[2.9968000000000004, 3.3120000000000003, 5.0016, 7.3664000000000005, 8.4496, 27.8304]","[0.03375, 0.255625, -0.003125, 0.00125, -0.00375, -0.005625]",0,0,0.0,"[1, 1, 1, 1, 1, 1]",43.61241543134841,0.0,0.0,0,0.0
1774904187.7731507,"[0, 0, 0, 0, 0, 0]","[1291, 1500, 1500, 1500]","[-25.08, 0.0, 0.0, 0.0]","[0.0, 0.0, 0.0]",0,863.2022705078125,0,31.615719985961913,"[-40.71044921208, 0.33569335932, 10.8337402326]","[0, 0, 0]",0,3,0.0,0.0,0.851,0,0,0,4294967.295,3750000.128,0,38391,0,-40.45713424682617,17.3555965423584,2.5172808170318604,0,state.PRE_FLIGHT,514,-25,0,-24,0.0,851,863,"[10.6, 0.5, 15.5, 10.4, 15.0, 17.0, 0, 0]","[0.0, 0.0, 0.0]",-0.0,"[2.9952, 3.3104, 5.0048, 7.3632, 8.4304, 27.8256]","[0.035625000000000004, 0.20500000000000002, -0.006875, -0.004375, -0.0025, -0.00375]",0,0,0.0,"[1, 1, 1, 1, 1, 1]",43.42710021465361,0.0,0.0,0,0.0
1774904187.8346827,"[0, 0, 0, 0, 0, 0]","[1291, 1500, 1500, 1500]","[-25.08, 0.0, 0.0, 0.0]","[0.0, 0.0, 0.0]",0,885.7278442382812,0,31.58948829650879,"[-42.78564452424, -2.16674804652, -4.08935546808]","[0, 0, 0]",0,3,0.0,0.0,0.851,0,0,0,4294967.295,3750000.128,0,38451,0,-40.37767791748047,17.481260299682617,5.154736518859863,0,state.PRE_FLIGHT,515,-26,0,-24,0.0,851,885,"[10.8, 0.5, 16.5, 10.4, 15.5, 17.0, 0, 0]","[0.0, 0.0, 0.0]",-0.0,"[2.9984, 3.3104, 5.0032000000000005, 7.3616, 8.4656, 27.8272]","[0.035625000000000004, 0.21937500000000001, -0.000625, -0.00125, 0.000625, -0.00125]",0,0,0.0,"[1, 1, 1, 1, 1, 1]",43.39725076065153,0.0,0.0,0,0.0
1774904187.8902051,"[0, 0, 0, 0, 0, 0]","[1291, 1500, 1500, 1500]","[-25.08, 0.0, 0.0, 0.0]","[0.0, 0.0, 0.0]",0,908.114501953125,0,31.60260414123535,"[-21.6674804652, 0.39672851556, 3.93676757748]","[0, 0, 0]",0,3,0.0,0.0,0.889,0,0,0,4294967.295,3750000.128,0,38511,0,-40.05615234375,17.74150276184082,7.077342987060547,0,state.PRE_FLIGHT,516,-25,0,-24,0.0,889,908,"[10.4, 0.5, 16.5, 10.4, 17.6, 15.5, 0, 0]","[0.0, 0.0, 0.0]",-0.0,"[2.9984, 3.3104, 5.0032000000000005, 7.3616, 8.4656, 27.8272]","[0.035625000000000004, 0.21937500000000001, -0.000625, -0.00125, 0.000625, -0.00125]",0,0,0.0,"[1, 1, 1, 1, 1, 1]",43.196387451368835,0.0,0.0,0,0.0
1774904187.9447296,"[0, 0, 0, 0, 0, 0]","[1291, 1500, 1500, 1500]","[-25.08, 0.0, 0.0, 0.0]","[0.0, 0.0, 0.0]",0,930.3636474609375,0,31.593860244750978,"[11.16943359192, -0.27465820308, 8.20922851428]","[0, 0, 0]",0,3,0.0,0.0,0.926,0,0,0,4294967.295,3750000.128,0,38565,0,-39.7177734375,17.71917724609375,7.124164581298828,0,state.PRE_FLIGHT,517,-26,0,-24,0.0,926,930,"[10.6, 0.5, 16.5, 10.6, 15.5, 17.0, 0, 0]","[0.0, 0.0, 0.0]",-0.0,"[2.9952, 3.3104, 5.0016, 7.3696, 8.443200000000001, 27.8256]","[0.031875, 0.294375, -0.001875, -0.0025, 0.0, -0.0025]",0,0,0.0,"[1, 1, 1, 1, 1, 1]",42.885916572185735,0.0,0.0,0,0.0
1774904188.0047283,"[0, 0, 0, 0, 0, 0]","[1291, 1500, 1500, 1500]","[-25.08, 0.0, 0.0, 0.0]","[0.0, 0.0, 0.0]",0,952.476806640625,0,31.593860244750978,"[37.9943847594, 0.762939453, 0.21362304684]","[0, 0, 0]",0,3,0.0,0.0,0.926,0,0,0,4294967.295,3750000.128,0,38625,0,-39.7946891784668,17.65508270263672,5.443257808685303,0,state.PRE_FLIGHT,518,-26,0,-25,0.0,926,952,"[10.2, 0.5, 16.5, 10.6, 15.0, 17.0, 0, 0]","[0.0, 0.0, 0.0]",-0.0,"[2.9952, 3.3104, 5.0016, 7.3696, 8.443200000000001, 27.8256]","[0.031875, 0.294375, -0.001875, -0.0025, 0.0, -0.0025]",0,0,0.0,"[1, 1, 1, 1, 1, 1]",42.932761251104914,0.0,0.0,0,0.0
1774904188.067276,"[0, 0, 0, 0, 0, 0]","[1291, 1500, 1500, 1500]","[-25.08, 0.0, 0.0, 0.0]","[0.0, 0.0, 0.0]",0,974.455322265625,0,31.593860244750978,"[44.189453117759996, -2.5939941402, 6.92749023324]","[0, 0, 0]",0,3,0.0,0.0,0.963,0,0,0,4294967.295,3750000.128,0,38685,0,-39.519405364990234,17.60807228088379,2.826683521270752,0,state.PRE_FLIGHT,519,-26,0,-25,0.0,963,974,"[10.6, 0.5, 17.6, 10.2, 15.9, 16.5, 0, 0]","[0.0, 0.0, 0.0]",-0.0,"[2.9968000000000004, 3.3120000000000003, 5.0048, 7.3616, 8.4448, 27.8288]","[0.035625000000000004, 0.5775, -0.0025, -0.003125, -0.003125, 0.006875]",0,0,0.0,"[1, 1, 1, 1, 1, 1]",42.670210092689345,0.0,0.0,0,0.0
1774904188.124799,"[0, 0, 0, 0, 0, 0]","[1291, 1500, 1500, 1500]","[-25.08, 0.0, 0.0, 0.0]","[0.0, 0.0, 0.0]",0,996.2999877929688,0,31.611348037719726,"[26.42822265192, -4.36401367116, -0.9155273436]","[0, 0, 0]",0,3,0.0,0.0,0.963,0,0,0,4294967.295,3750000.128,0,38745,0,-39.55908966064453,17.58673667907715,0.6929022073745728,0,state.PRE_FLIGHT,520,-26,0,-25,0.0,963,996,"[10.6, 0.5, 17.0, 10.6, 16.5, 15.5, 0, 0]","[0.0, 0.0, 0.0]",-0.0,"[2.9968000000000004, 3.3120000000000003, 5.0048, 7.3616, 8.4448, 27.8288]","[0.035625000000000004, 0.5775, -0.0025, -0.003125, -0.003125, 0.006875]",0,0,0.0,"[1, 1, 1, 1, 1, 1]",42.698392738684596,0.0,0.0,0,0.0
1774904188.1790476,"[0, 0, 0, 0, 0, 0]","[1291, 1500, 1500, 1500]","[-25.08, 0.0, 0.0, 0.0]","[0.0, 0.0, 0.0]",0,1014.402587890625,0,31.611348037719726,"[0.0, 12.78686523228, 10.46752929516]","[0, 0, 0]",0,3,0.0,0.0,0.999,0,0,0,4294967.295,3750000.128,0,38799,0,-39.68647766113281,17.54787826538086,0.05422886461019516,0,state.PRE_FLIGHT,521,-26,0,-25,0.0,999,1014,"[10.6, 0.5, 16.5, 10.6, 15.9, 16.5, 0, 0]","[0.0, 0.0, 0.0]",-0.0,"[2.9968000000000004, 3.3120000000000003, 5.0032000000000005, 7.36, 8.4288, 27.8256]","[0.035, 0.51875, 0.00125, -0.00125, -0.005, 0.005625]",0,0,0.0,"[1, 1, 1, 1, 1, 1]",42.79918524416159,0.0,0.0,0,0.0
1774904188.242571,"[0, 0, 0, 0, 0, 0]","[1291, 1500, 1500, 1500]","[-25.08, 0.0, 0.0, 0.0]","[0.0, 0.0, 0.0]",0,1036.0054931640625,0,31.606976089477538,"[-30.79223632308, -13.82446288836, -2.01416015592]","[0, 0, 0]",0,3,0.0,0.0,1.036,0,0,0,4294967.295,3750000.128,0,38859,0,-39.71334457397461,17.511825561523438,1.1763561964035034,0,state.PRE_FLIGHT,522,-26,0,-25,0.0,1036,1036,"[10.6, 0.5, 17.6, 10.8, 17.0, 15.9, 0, 0]","[0.0, 0.0, 0.0]",-0.0,"[2.9968000000000004, 3.3120000000000003, 5.0032000000000005, 7.36, 8.4288, 27.8256]","[0.035, 0.51875, 0.00125, -0.00125, -0.005, 0.005625]",0,0,0.0,"[1, 1, 1, 1, 1, 1]",42.81097269692397,0.0,0.0,0,0.0
1774904188.3025668,"[0, 0, 0, 0, 0, 0]","[1291, 1500, 1500, 1500]","[-25.08, 0.0, 0.0, 0.0]","[0.0, 0.0, 0.0]",0,1057.477783203125,0,31.58948829650879,"[-44.89135741452, -2.41088867148, -2.5939941402]","[0, 0, 0]",0,3,0.0,0.0,1.036,0,0,0,4294967.295,3750000.128,0,38919,0,-39.729217529296875,17.594844818115234,3.62874698638916,0,state.PRE_FLIGHT,523,-26,0,-25,0.0,1036,1057,"[10.4, 0.5, 16.5, 10.4, 15.5, 17.0, 0, 0]","[0.0, 0.0, 0.0]",-0.0,"[2.9968000000000004, 3.3120000000000003, 5.0048, 7.3696, 8.4544, 27.8272]","[0.033125, 0.573125, -0.000625, -0.004375, -0.001875, 0.005]",0,0,0.0,"[1, 1, 1, 1, 1, 1]",42.85352546233629,0.0,0.0,0,0.0
1774904188.359092,"[0, 0, 0, 0, 0, 0]","[1291, 1500, 1500, 1500]","[-25.08, 0.0, 0.0, 0.0]","[0.0, 0.0, 0.0]",0,1078.8206787109375,0,31.615719985961913,"[-34.66796874432, 1.55639648412, 8.20922851428]","[0, 0, 0]",0,3,0.0,0.0,1.071,0,0,0,4294967.295,3750000.128,0,38979,0,-39.69472122192383,17.83957862854004,6.081212997436523,0,state.PRE_FLIGHT,524,-26,0,-25,0.0,1071,1078,"[10.6, 0.5, 17.0, 10.6, 15.9, 17.0, 0, 0]","[0.0, 0.0, 0.0]",-0.0,"[2.9968000000000004, 3.3120000000000003, 5.0048, 7.3696, 8.4544, 27.8272]","[0.033125, 0.573125, -0.000625, -0.004375, -0.001875, 0.005]",0,0,0.0,"[1, 1, 1, 1, 1, 1]",42.90686746045769,0.0,0.0,0,0.0
1774904188.4146311,"[0, 0, 0, 0, 0, 0]","[1291, 1500, 1500, 1500]","[-25.08, 0.0, 0.0, 0.0]","[0.0, 0.0, 0.0]",0,1096.5087890625,0,31.598232192993166,"[-11.16943359192, 6.8664550769999995, -5.55419921784]","[0, 0, 0]",0,3,0.0,0.0,1.071,0,0,0,4294967.295,3750000.128,0,39033,0,-39.68954849243164,17.86072540283203,7.27204704284668,0,state.PRE_FLIGHT,525,-26,0,-25,0.0,1071,1096,"[10.6, 0.5, 17.0, 10.8, 16.5, 16.5, 0, 0]","[0.0, 0.0, 0.0]",-0.0,"[2.9936000000000003, 3.3104, 5.0032000000000005, 7.364800000000001, 8.4304, 27.8256]","[0.03, 0.24125, -0.003125, -0.001875, -0.000625, -0.0025]",0,0,0.0,"[1, 1, 1, 1, 1, 1]",42.90957489460182,0.0,0.0,0,0.0
1774904188.4741569,"[0, 0, 0, 0, 0, 0]","[1291, 1500, 1500, 1500]","[-25.08, 0.0, 0.0, 0.0]","[0.0, 0.0, 0.0]",0,1117.617919921875,0,31.6200919342041,"[21.6674804652, -1.9836425778, 5.24902343664]","[0, 0, 0]",0,3,0.0,0.0,1.107,0,0,0,4294967.295,3750000.128,0,39093,0,-39.65872573852539,17.71178436279297,6.778284072875977,0,state.PRE_FLIGHT,526,-26,0,-25,0.0,1107,1117,"[10.4, 0.5, 16.5, 10.6, 16.5, 16.5, 0, 0]","[0.0, 0.0, 0.0]",-0.0,"[2.9968000000000004, 3.3104, 5.0032000000000005, 7.3616, 8.464, 27.8272]","[0.0275, 0.20750000000000002, -0.00625, -0.005, -0.003125, -0.005625]",0,0,0.0,"[1, 1, 1, 1, 1, 1]",42.83056204972721,0.0,0.0,0,0.0
1774904188.5356934,"[0, 0, 0, 0, 0, 0]","[1291, 1500, 1500, 1500]","[-25.08, 0.0, 0.0, 0.0]","[0.0, 0.0, 0.0]",0,1138.6019287109375,0,31.615719985961913,"[42.78564452424, -2.83813476516, 2.4414062496]","[0, 0, 0]",0,3,0.0,0.0,1.107,0,0,0,4294967.295,3750000.128,0,39153,0,-39.69322967529297,17.850345611572266,4.644499778747559,0,state.PRE_FLIGHT,527,-26,0,-25,0.0,1107,1138,"[10.6, 0.5, 16.5, 10.4, 16.5, 15.9, 0, 0]","[0.0, 0.0, 0.0]",-0.0,"[2.9968000000000004, 3.3104, 5.0032000000000005, 7.3616, 8.464, 27.8272]","[0.0275, 0.20750000000000002, -0.00625, -0.005, -0.003125, -0.005625]",0,0,0.0,"[1, 1, 1, 1, 1, 1]",42.909264592689965,0.0,0.0,0,0.0
1774904188.5932076,"[0, 0, 0, 0, 0, 0]","[1291, 1500, 1500, 1500]","[-25.08, 0.0, 0.0, 0.0]","[0.0, 0.0, 0.0]",0,1159.4622802734375,0,31.611348037719726,"[40.71044921208, -5.9509277334, 4.3029785149199995]","[0, 0, 0]",0,3,0.0,0.0,1.142,0,0,0,4294967.295,3750000.128,0,39213,0,-39.832088470458984,17.813093185424805,2.0279245376586914,0,state.PRE_FLIGHT,528,-26,0,-25,0.0,1142,1159,"[10.8, 0.5, 17.0, 10.6, 15.5, 17.0, 0, 0]","[0.0, 0.0, 0.0]",-0.0,"[2.9968000000000004, 3.3136, 5.0032000000000005, 7.3664000000000005, 8.4448, 27.8272]","[0.033125, 0.2475, -0.00125, -0.000625, -0.001875, -0.000625]",0,0,0.0,"[1, 1, 1, 1, 1, 1]",43.02045186847764,0.0,0.0,0,0.0
1774904188.647407,"[0, 0, 0, 0, 0, 0]","[1291, 1500, 1500, 1500]","[-25.08, 0.0, 0.0, 0.0]","[0.0, 0.0, 0.0]",0,1180.2017822265625,0,31.6200919342041,"[16.54052734104, 4.1198730462, 1.31225585916]","[0, 0, 0]",0,3,0.0,0.0,1.176,0,0,0,4294967.295,3750000.128,0,39267,0,-40.10969543457031,17.975383758544922,0.5867405533790588,0,state.PRE_FLIGHT,529,-25,0,-24,0.0,1176,1180,"[10.8, 0.5, 16.5, 10.0, 15.0, 16.5, 0, 0]","[0.0, 0.0, 0.0]",-0.0,"[2.9968000000000004, 3.3136, 5.0032000000000005, 7.3664000000000005, 8.4448, 27.8272]","[0.033125, 0.2475, -0.00125, -0.000625, -0.001875, -0.000625]",0,0,0.0,"[1, 1, 1, 1, 1, 1]",43.324345380259366,0.0,0.0,0,0.0
1774904188.7064009,"[0, 0, 0, 0, 0, 0]","[1291, 1500, 1500, 1500]","[-25.08, 0.0, 0.0, 0.0]","[0.0, 0.0, 0.0]",0,1200.82177734375,0,31.60260414123535,"[-16.54052734104, -14.43481445076, 8.20922851428]","[0, 0, 0]",0,3,0.0,0.0,1.176,0,0,0,4294967.295,3750000.128,0,39327,0,-39.8588752746582,18.00653839111328,0.7521459460258484,0,state.PRE_FLIGHT,530,-26,0,-24,0.0,1176,1200,"[10.6, 0.5, 17.6, 10.6, 16.5, 17.6, 0, 0]","[0.0, 0.0, 0.0]",-0.0,"[2.9968000000000004, 3.3120000000000003, 5.0032000000000005, 7.3632, 8.4512, 27.8288]","[0.02875, 0.265625, 0.0, -0.00125, -0.004375, 0.000625]",0,0,0.0,"[1, 1, 1, 1, 1, 1]",43.11125615836552,0.0,0.0,0,0.0
1774904188.7669406,"[0, 0, 0, 0, 0, 0]","[1291, 1500, 1500, 1500]","[-25.08, 0.0, 0.0, 0.0]","[0.0, 0.0, 0.0]",0,1221.3240966796875,0,31.606976089477538,"[-40.71044921208, 0.1525878906, -20.11108398108]","[0, 0, 0]",0,3,0.0,0.0,1.211,0,0,0,4294967.295,3750000.128,0,39387,0,-39.96937942504883,17.871049880981445,2.6747472286224365,0,state.PRE_FLIGHT,531,-26,0,-24,0.0,1211,1221,"[10.4, 0.5, 16.5, 10.4, 15.9, 15.5, 0, 0]","[0.0, 0.0, 0.0]",-0.0,"[2.9968000000000004, 3.3120000000000003, 5.0032000000000005, 7.3632, 8.4512, 27.8288]","[0.02875, 0.265625, 0.0, -0.00125, -0.004375, 0.000625]",0,0,0.0,"[1, 1, 1, 1, 1, 1]",43.16310156068052,0.0,0.0,0,0.0
1774904188.826945,"[0, 0, 0, 0, 0, 0]","[1291, 1500, 1500, 1500]","[-25.08, 0.0, 0.0, 0.0]","[0.0, 0.0, 0.0]",0,1241.7108154296875,0,31.611348037719726,"[-42.78564452424, 10.16235351396, 8.605957029839999]","[0, 0, 0]",0,3,0.0,0.0,1.211,0,0,0,4294967.295,3750000.128,0,39447,0,-40.00320816040039,17.85147476196289,5.3122029304504395,0,state.PRE_FLIGHT,532,-26,0,-25,0.0,1211,1241,"[10.6, 0.5, 16.5, 10.6, 15.9, 15.9, 0, 0]","[0.0, 0.0, 0.0]",-0.0,"[2.9952, 3.3088, 5.0016, 7.3616, 8.456000000000001, 27.824]","[0.033125, 0.5425, -0.003125, 0.00125, -0.003125, 0.006875]",0,0,0.0,"[1, 1, 1, 1, 1, 1]",43.18661791164819,0.0,0.0,0,0.0
1774904188.8820038,"[0, 0, 0, 0, 0, 0]","[1291, 1500, 1500, 1500]","[-25.08, 0.0, 0.0, 0.0]","[0.0, 0.0, 0.0]",0,1258.612548828125,0,31.62446388244629,"[-26.42822265192, -0.21362304684, -5.37109374912]","[0, 0, 0]",0,3,0.0,0.0,1.245,0,0,0,4294967.295,3750000.128,0,39501,0,-40.24723815917969,17.887500762939453,7.182291030883789,0,state.PRE_FLIGHT,533,-25,0,-24,0.0,1245,1258,"[10.0, 0.5, 16.5, 10.6, 15.5, 17.0, 0, 0]","[0.0, 0.0, 0.0]",-0.0,"[2.9952, 3.3088, 5.0016, 7.3616, 8.456000000000001, 27.824]","[0.033125, 0.5425, -0.003125, 0.00125, -0.003125, 0.006875]",0,0,0.0,"[1, 1, 1, 1, 1, 1]",43.417186068295834,0.0,0.0,0,0.0
1774904188.9415388,"[0, 0, 0, 0, 0, 0]","[1291, 1500, 1500, 1500]","[-25.08, 0.0, 0.0, 0.0]","[0.0, 0.0, 0.0]",0,1278.791748046875,0,31.60260414123535,"[5.61523437408, 8.02612304556, 13.06152343536]","[0, 0, 0]",0,3,0.0,0.0,1.278,0,0,0,4294967.295,3750000.128,0,39561,0,-40.18233871459961,17.852659225463867,7.675875186920166,0,state.PRE_FLIGHT,534,-25,0,-24,0.0,1278,1278,"[10.8, 0.5, 16.5, 10.4, 16.5, 15.9, 0, 0]","[0.0, 0.0, 0.0]",-0.0,"[2.9968000000000004, 3.3120000000000003, 5.0048, 7.368, 8.432, 27.8256]","[0.033125, 0.573125, -0.0025, -0.00125, 0.000625, 0.003125]",0,0,0.0,"[1, 1, 1, 1, 1, 1]",43.34723700197468,0.0,0.0,0,0.0
1774904189.006539,"[0, 0, 0, 0, 0, 0]","[1291, 1500, 1500, 1500]","[-25.08, 0.0, 0.0, 0.0]","[0.0, 0.0, 0.0]",0,1298.8597412109375,0,31.62446388244629,"[34.66796874432, -10.5285644514, -0.1525878906]","[0, 0, 0]",0,3,0.0,0.0,1.278,0,0,0,4294967.295,3750000.128,0,39621,0,-40.04899215698242,18.022424697875977,6.26310396194458,0,state.PRE_FLIGHT,535,-25,0,-24,0.0,1278,1298,"[10.4, 0.5, 17.0, 10.8, 16.5, 16.5, 0, 0]","[0.0, 0.0, 0.0]",-0.0,"[2.9968000000000004, 3.3120000000000003, 5.0048, 7.368, 8.432, 27.8256]","[0.033125, 0.573125, -0.0025, -0.00125, 0.000625, 0.003125]",0,0,0.0,"[1, 1, 1, 1, 1, 1]",43.28636671612341,0.0,0.0,0,0.0
1774904189.0610693,"[0, 0, 0, 0, 0, 0]","[1291, 1500, 1500, 1500]","[-25.08, 0.0, 0.0, 0.0]","[0.0, 0.0, 0.0]",0,1318.818603515625,0,31.637579727172852,"[44.89135741452, -3.38745117132, -13.76342773212]","[0, 0, 0]",0,3,0.0,0.0,1.312,0,0,0,4294967.295,3750000.128,0,39681,0,-40.173973083496094,18.179229736328125,3.7084457874298096,0,state.PRE_FLIGHT,536,-25,0,-24,0.0,1312,1318,"[10.4, 0.5, 16.5, 10.6, 16.5, 17.6, 0, 0]","[0.0, 0.0, 0.0]",-0.0,"[2.9952, 3.3104, 5.0048, 7.3616, 8.457600000000001, 27.8288]","[0.038125, 0.226875, 0.0, -0.0025, -0.003125, 0.004375]",0,0,0.0,"[1, 1, 1, 1, 1, 1]",43.45208209777919,0.0,0.0,0,0.0
1774904189.1150694,"[0, 0, 0, 0, 0, 0]","[1291, 1500, 1500, 1500]","[-25.08, 0.0, 0.0, 0.0]","[0.0, 0.0, 0.0]",0,1338.6695556640625,0,31.615719985961913,"[30.79223632308, 0.94604492172, -1.28173828104]","[0, 0, 0]",0,3,0.0,0.0,1.312,0,0,0,4294967.295,3750000.128,0,39735,0,-40.23480987548828,18.456695556640625,1.6674532890319824,0,state.PRE_FLIGHT,537,-25,0,-24,0.0,1312,1338,"[10.8, 0.5, 17.0, 10.6, 15.0, 15.9, 0, 0]","[0.0, 0.0, 0.0]",-0.0,"[2.9952, 3.3104, 5.0048, 7.3616, 8.457600000000001, 27.8288]","[0.038125, 0.226875, 0.0, -0.0025, -0.003125, 0.004375]",0,0,0.0,"[1, 1, 1, 1, 1, 1]",43.6029212512153,0.0,0.0,0,0.0
1774904189.175201,"[0, 0, 0, 0, 0, 0]","[1291, 1500, 1500, 1500]","[-25.08, 0.0, 0.0, 0.0]","[0.0, 0.0, 0.0]",0,1358.4140625,0,31.637579727172852,"[0.0, -2.22778320276, 18.09692382516]","[0, 0, 0]",0,3,0.0,0.0,1.345,0,0,0,4294967.295,3750000.128,0,39795,0,-40.067901611328125,18.532381057739258,0.853208065032959,0,state.PRE_FLIGHT,538,-25,0,-24,0.0,1345,1358,"[10.6, 0.5, 17.0, 11.1, 15.5, 16.5, 0, 0]","[0.0, 0.0, 0.0]",-0.0,"[2.9952, 3.3152000000000004, 5.0048, 7.36, 8.4608, 27.8272]","[0.043125000000000004, 0.25125000000000003, -0.00125, -0.004375, 0.00125, -0.00625]",0,0,0.0,"[1, 1, 1, 1, 1, 1]",43.481399625215516,0.0,0.0,0,0.0
1774904189.2347121,"[0, 0, 0, 0, 0, 0]","[1291, 1500, 1500, 1500]","[-25.08, 0.0, 0.0, 0.0]","[0.0, 0.0, 0.0]",0,1378.0538330078125,0,31.633207778930664,"[-30.79223632308, -1.43432617164, -10.2233886702]","[0, 0, 0]",0,3,0.0,0.0,1.378,0,0,0,4294967.295,3750000.128,0,39855,0,-40.10972213745117,18.556194305419922,1.975370168685913,0,state.PRE_FLIGHT,539,-25,0,-24,0.0,1378,1378,"[10.2, 0.5, 17.0, 10.4, 15.9, 17.0, 0, 0]","[0.0, 0.0, 0.0]",-0.0,"[2.9968000000000004, 3.3104, 5.0032000000000005, 7.364800000000001, 8.440000000000001, 27.8272]","[0.03375, 0.22875, 0.0025, -0.00375, -0.000625, -0.003125]",0,0,0.0,"[1, 1, 1, 1, 1, 1]",43.52690627863686,0.0,0.0,0,0.0
1774904189.2947183,"[0, 0, 0, 0, 0, 0]","[1291, 1500, 1500, 1500]","[-25.08, 0.0, 0.0, 0.0]","[0.0, 0.0, 0.0]",0,1397.5902099609375,0,31.62446388244629,"[-44.89135741452, -4.1809082024399995, 3.93676757748]","[0, 0, 0]",0,3,0.0,0.0,1.378,0,0,0,4294967.295,3750000.128,0,39915,0,-40.11214828491211,18.670324325561523,4.427724838256836,0,state.PRE_FLIGHT,540,-26,0,-24,0.0,1378,1397,"[10.6, 0.5, 16.5, 10.4, 16.5, 17.6, 0, 0]","[0.0, 0.0, 0.0]",-0.0,"[2.9968000000000004, 3.3104, 5.0032000000000005, 7.364800000000001, 8.440000000000001, 27.8272]","[0.03375, 0.22875, 0.0025, -0.00375, -0.000625, -0.003125]",0,0,0.0,"[1, 1, 1, 1, 1, 1]",43.569493816439035,0.0,0.0,0,0.0
1774904189.349226,"[0, 0, 0, 0, 0, 0]","[1291, 1500, 1500, 1500]","[-25.08, 0.0, 0.0, 0.0]","[0.0, 0.0, 0.0]",0,1413.792724609375,0,31.628835830688477,"[-37.9943847594, -9.06372070164, -2.96020507764]","[0, 0, 0]",0,3,0.0,0.0,1.41,0,0,0,4294967.295,3750000.128,0,39969,0,-40.4051399230957,18.780553817749023,6.713281154632568,0,state.PRE_FLIGHT,541,-25,0,-227,0.0,1410,1413,"[11.1, 0.5, 16.5, 10.6, 15.9, 17.0, 0, 0]","[0.0, 0.0, 0.0]",-0.0,"[2.9968000000000004, 3.3104, 5.0032000000000005, 7.3664000000000005, 8.457600000000001, 27.8304]","[0.03375, 0.25625, -0.001875, -0.000625, -0.003125, -0.004375]",0,0,0.0,"[1, 1, 1, 1, 1, 1]",43.86803212755784,0.0,0.0,0,0.0
1774904189.411756,"[0, 0, 0, 0, 0, 0]","[1291, 1500, 1500, 1500]","[-25.08, 0.0, 0.0, 0.0]","[0.0, 0.0, 0.0]",0,1433.1431884765625,0,31.637579727172852,"[-11.16943359192, -11.87133788868, -4.08935546808]","[0, 0, 0]",0,3,0.0,0.0,1.41,0,0,0,4294967.295,3750000.128,0,40029,0,-40.2305908203125,19.16385269165039,8.125938415527344,0,state.PRE_FLIGHT,542,-26,0,-227,0.0,1410,1433,"[10.2, 0.5, 16.5, 10.4, 16.5, 16.5, 0, 0]","[0.0, 0.0, 0.0]",-0.0,"[2.9968000000000004, 3.3104, 5.0032000000000005, 7.3664000000000005, 8.457600000000001, 27.8304]","[0.03375, 0.25625, -0.001875, -0.000625, -0.003125, -0.004375]",0,0,0.0,"[1, 1, 1, 1, 1, 1]",43.851018728178836,0.0,0.0,0,0.0
1774904189.4691455,"[0, 0, 0, 0, 0, 0]","[1291, 1500, 1500, 1500]","[-25.08, 0.0, 0.0, 0.0]","[0.0, 0.0, 0.0]",0,1452.394287109375,0,31.67692726135254,"[21.6674804652, 1.73950195284, -2.22778320276]","[0, 0, 0]",0,3,0.0,0.0,1.442,0,0,0,4294967.295,3750000.128,0,40089,0,-40.17382049560547,19.290189743041992,7.632175445556641,0,state.PRE_FLIGHT,543,-27,0,-227,0.0,1442,1452,"[10.6, 0.5, 15.9, 10.6, 16.5, 17.0, 0, 0]","[0.0, 0.0, 0.0]",-0.0,"[2.9984, 3.3136, 5.0048, 7.36, 8.448, 27.824]","[0.034375, 0.264375, 0.001875, -0.000625, -0.00125, -0.000625]",0,0,0.0,"[1, 1, 1, 1, 1, 1]",43.84694178607836,0.0,0.0,0,0.0
1774904189.5326686,"[0, 0, 0, 0, 0, 0]","[1291, 1500, 1500, 1500]","[-25.08, 0.0, 0.0, 0.0]","[0.0, 0.0, 0.0]",0,1471.546875,0,31.6550675201416,"[42.78564452424, -1.61743164036, 5.43212890536]","[0, 0, 0]",0,3,0.0,0.0,1.442,0,0,0,4294967.295,3750000.128,0,40149,0,-39.889381408691406,19.22793960571289,5.498258113861084,0,state.PRE_FLIGHT,544,-27,0,-227,0.0,1442,1471,"[10.8, 0.5, 17.6, 10.2, 15.9, 16.5, 0, 0]","[0.0, 0.0, 0.0]",-0.0,"[2.9984, 3.3136, 5.0048, 7.36, 8.448, 27.824]","[0.034375, 0.264375, 0.001875, -0.000625, -0.00125, -0.000625]",0,0,0.0,"[1, 1, 1, 1, 1, 1]",43.57424639310585,0.0,0.0,0,0.0
1774904189.583675,"[0, 0, 0, 0, 0, 0]","[1291, 1500, 1500, 1500]","[-25.08, 0.0, 0.0, 0.0]","[0.0, 0.0, 0.0]",0,1487.433837890625,0,31.637579727172852,"[42.78564452424, 2.71606445268, 8.02612304556]","[0, 0, 0]",0,3,0.0,0.0,1.474,0,0,0,4294967.295,3750000.128,0,40203,0,-39.81077194213867,19.296175003051758,3.112452507019043,0,state.PRE_FLIGHT,545,-28,0,-26,0.0,1474,1487,"[10.6, 0.5, 15.0, 10.4, 15.0, 17.0, 0, 0]","[0.0, 0.0, 0.0]",-0.0,"[2.9952, 3.3088, 5.0048, 7.3712, 8.4304, 27.8256]","[0.03375, 0.576875, -0.004375, -0.004375, -0.003125, 0.001875]",0,0,0.0,"[1, 1, 1, 1, 1, 1]",43.53031408875239,0.0,0.0,0,0.0
1774904189.6430032,"[0, 0, 0, 0, 0, 0]","[1291, 1500, 1500, 1500]","[-25.08, 0.0, 0.0, 0.0]","[0.0, 0.0, 0.0]",0,1506.40966796875,0,31.633207778930664,"[21.6674804652, 0.1525878906, 9.155273436]","[0, 0, 0]",0,3,0.0,0.0,1.506,0,0,0,4294967.295,3750000.128,0,40263,0,-39.75188064575195,19.069732666015625,1.189841389656067,0,state.PRE_FLIGHT,546,-28,0,-27,0.0,1506,1506,"[10.6, 0.5, 17.0, 10.8, 16.5, 15.9, 0, 0]","[0.0, 0.0, 0.0]",-0.0,"[2.9952, 3.3088, 5.0048, 7.3712, 8.4304, 27.8256]","[0.03375, 0.576875, -0.004375, -0.004375, -0.003125, 0.001875]",0,0,0.0,"[1, 1, 1, 1, 1, 1]",43.395451461757254,0.0,0.0,0,0.0
1774904189.7080054,"[0, 0, 0, 0, 0, 0]","[1291, 1500, 1500, 1500]","[-25.08, 0.0, 0.0, 0.0]","[0.0, 0.0, 0.0]",0,1525.290771484375,0,31.6550675201416,"[-44.98291014888, 4.48608398364, 1.525878906]","[0, 0, 0]",0,3,0.0,0.0,1.506,0,0,0,4294967.295,3750000.128,0,40323,0,-39.925506591796875,19.133197784423828,2.206110715866089,0,state.PRE_FLIGHT,547,-28,0,-27,0.0,1506,1525,"[10.8, 0.5, 15.9, 10.6, 15.5, 17.6, 0, 0]","[0.0, 0.0, 0.0]",-0.0,"[2.9968000000000004, 3.3136, 5.0016, 7.3632, 8.456000000000001, 27.824]","[0.043125000000000004, 0.543125, 0.00125, -0.00125, -0.00125, 0.0025]",0,0,0.0,"[1, 1, 1, 1, 1, 1]",43.57136294757491,0.0,0.0,0,0.0
1774904189.7635207,"[0, 0, 0, 0, 0, 0]","[1291, 1500, 1500, 1500]","[-25.08, 0.0, 0.0, 0.0]","[0.0, 0.0, 0.0]",0,1544.0782470703125,0,31.6550675201416,"[-44.98291014888, -0.21362304684, -5.37109374912]","[0, 0, 0]",0,3,0.0,0.0,1.537,0,0,0,4294967.295,3750000.128,0,40383,0,-39.9575309753418,19.0697078704834,4.905040264129639,0,state.PRE_FLIGHT,548,-28,0,-27,0.0,1537,1544,"[10.8, 0.5, 16.5, 10.4, 15.5, 17.0, 0, 0]","[0.0, 0.0, 0.0]",-0.0,"[2.9968000000000004, 3.3136, 5.0016, 7.3632, 8.456000000000001, 27.824]","[0.043125000000000004, 0.543125, 0.00125, -0.00125, -0.00125, 0.0025]",0,0,0.0,"[1, 1, 1, 1, 1, 1]",43.57643835276982,0.0,0.0,0,0.0
1774904189.8175173,"[0, 0, 0, 0, 0, 0]","[1291, 1500, 1500, 1500]","[-25.08, 0.0, 0.0, 0.0]","[0.0, 0.0, 0.0]",0,1562.7734375,0,31.659439468383788,"[-44.98291014888, -4.7302246086, -1.64794921848]","[0, 0, 0]",0,3,0.0,0.0,1.537,0,0,0,4294967.295,3750000.128,0,40437,0,-39.96847915649414,19.004545211791992,7.3341169357299805,0,state.PRE_FLIGHT,549,-27,0,-26,0.0,1537,1562,"[10.6, 0.5, 17.0, 10.2, 15.9, 17.0, 0, 0]","[0.0, 0.0, 0.0]",-0.0,"[2.9952, 3.3104, 5.0032000000000005, 7.3584000000000005, 8.441600000000001, 27.8288]","[0.035625000000000004, 0.22125, -0.0025, 0.0, 0.001875, -0.004375]",0,0,0.0,"[1, 1, 1, 1, 1, 1]",43.56244657147048,0.0,0.0,0,0.0
1774904189.8770683,"[0, 0, 0, 0, 0, 0]","[1291, 1500, 1500, 1500]","[-25.08, 0.0, 0.0, 0.0]","[0.0, 0.0, 0.0]",0,1581.37744140625,0,31.646323623657228,"[-44.98291014888, 8.02612304556, 2.99072265576]","[0, 0, 0]",0,3,0.0,0.0,1.568,0,0,0,4294967.295,3750000.128,0,40497,0,-39.69347381591797,19.08019256591797,10.033181190490723,0,state.PRE_FLIGHT,550,-27,0,-26,0.0,1568,1581,"[10.4, 0.5, 15.9, 10.4, 17.0, 16.5, 0, 0]","[0.0, 0.0, 0.0]",-0.0,"[2.9952, 3.3104, 5.0032000000000005, 7.3584000000000005, 8.441600000000001, 27.8288]","[0.035625000000000004, 0.22125, -0.0025, 0.0, 0.001875, -0.004375]",0,0,0.0,"[1, 1, 1, 1, 1, 1]",43.34791088127574,0.0,0.0,0,0.0
1774904189.9371312,"[0, 0, 0, 0, 0, 0]","[1291, 1500, 1500, 1500]","[-25.08, 0.0, 0.0, 0.0]","[0.0, 0.0, 0.0]",0,1599.890869140625,0,31.659439468383788,"[-44.98291014888, -3.38745117132, 0.03051757812]","[0, 0, 0]",0,3,0.0,0.0,1.599,0,0,0,4294967.295,3750000.128,0,40557,0,-39.92876052856445,19.293794631958008,12.73206615447998,0,state.PRE_FLIGHT,551,-26,0,-26,0.0,1599,1599,"[10.8, 0.5, 16.5, 10.4, 15.9, 16.5, 0, 0]","[0.0, 0.0, 0.0]",-0.0,"[2.9952, 3.3104, 5.0032000000000005, 7.3664000000000005, 8.443200000000001, 27.8256]","[0.035, 0.253125, -0.00125, -0.001875, -0.000625, -0.0025]",0,0,0.0,"[1, 1, 1, 1, 1, 1]",43.63299042950684,0.0,0.0,0,0.0
1774904189.999122,"[0, 0, 0, 0, 0, 0]","[1291, 1500, 1500, 1500]","[-25.08, 0.0, 0.0, 0.0]","[0.0, 0.0, 0.0]",0,1618.3153076171875,0,31.663811416625975,"[-44.98291014888, 0.57983398428, 2.80761718704]","[0, 0, 0]",0,3,0.0,0.0,1.599,0,0,0,4294967.295,3750000.128,0,40617,0,-40.026424407958984,19.337730407714844,15.431085586547852,0,state.PRE_FLIGHT,552,-26,0,-25,0.0,1599,1618,"[10.6, 0.5, 15.9, 10.4, 15.9, 15.9, 0, 0]","[0.0, 0.0, 0.0]",-0.0,"[2.9952, 3.3120000000000003, 5.0032000000000005, 7.364800000000001, 8.4304, 27.8288]","[0.03375, 0.248125, -0.003125, -0.0025, -0.003125, -0.005]",0,0,0.0,"[1, 1, 1, 1, 1, 1]",43.73484985632939,0.0,0.0,0,0.0
1774904190.0516603,"[0, 0, 0, 0, 0, 0]","[1291, 1500, 1500, 1500]","[-25.08, 0.0, 0.0, 0.0]","[0.0, 0.0, 0.0]",0,1633.6019287109375,0,31.690043106079102,"[-44.98291014888, -2.5939941402, -5.9509277334]","[0, 0, 0]",0,3,0.0,0.0,1.63,0,0,0,4294967.295,3750000.128,0,40671,0,-39.95669174194336,19.385408401489258,17.860118865966797,0,state.PRE_FLIGHT,553,-26,0,-26,0.0,1630,1633,"[10.4, 0.5, 16.5, 10.8, 15.9, 16.5, 0, 0]","[0.0, 0.0, 0.0]",-0.0,"[2.9952, 3.3120000000000003, 5.0032000000000005, 7.364800000000001, 8.4304, 27.8288]","[0.03375, 0.248125, -0.003125, -0.0025, -0.003125, -0.005]",0,0,0.0,"[1, 1, 1, 1, 1, 1]",43.691190241010894,0.0,0.0,0,0.0
1774904190.111659,"[0, 0, 0, 0, 0, 0]","[1291, 1500, 1500, 1500]","[-25.08, 0.0, 0.0, 0.0]","[0.0, 0.0, 0.0]",0,1651.865966796875,0,31.67692726135254,"[-44.98291014888, -2.5939941402, 2.62451171832]","[0, 0, 0]",0,3,0.0,0.0,1.63,0,0,0,4294967.295,3750000.128,0,40731,0,-39.83021926879883,19.39512062072754,20.559091567993164,0,state.PRE_FLIGHT,554,-27,0,-26,0.0,1630,1651,"[11.1, 0.5, 16.5, 10.6, 15.9, 17.0, 0, 0]","[0.0, 0.0, 0.0]",-0.0,"[2.9952, 3.3136, 5.0048, 7.36, 8.4656, 27.8256]","[0.03375, 0.248125, -0.00125, -0.003125, -0.001875, -0.00375]",0,0,0.0,"[1, 1, 1, 1, 1, 1]",43.583900783214354,0.0,0.0,0,0.0
1774904190.1741827,"[0, 0, 0, 0, 0, 0]","[1291, 1500, 1500, 1500]","[-25.08, 0.0, 0.0, 0.0]","[0.0, 0.0, 0.0]",0,1670.0445556640625,0,31.69441505432129,"[-44.98291014888, -2.5939941402, -3.90624999936]","[0, 0, 0]",0,3,0.0,0.0,1.66,0,0,0,4294967.295,3750000.128,0,40791,0,-39.687110900878906,19.251062393188477,23.258066177368164,0,state.PRE_FLIGHT,555,-27,0,-26,0.0,1660,1670,"[10.4, 0.5, 17.0, 10.4, 15.9, 16.5, 0, 0]","[0.0, 0.0, 0.0]",-0.0,"[2.9952, 3.3136, 5.0048, 7.36, 8.4656, 27.8256]","[0.03375, 0.248125, -0.00125, -0.003125, -0.001875, -0.00375]",0,0,0.0,"[1, 1, 1, 1, 1, 1]",43.40517492601202,0.0,0.0,0,0.0
1774904190.231194,"[0, 0, 0, 0, 0, 0]","[1291, 1500, 1500, 1500]","[-25.08, 0.0, 0.0, 0.0]","[0.0, 0.0, 0.0]",0,1688.1373291015625,0,31.690043106079102,"[-44.98291014888, 0.762939453, 8.605957029839999]","[0, 0, 0]",0,3,0.0,0.0,1.66,0,0,0,4294967.295,3750000.128,0,40851,0,-39.81100082397461,19.400718688964844,25.957040786743164,0,state.PRE_FLIGHT,556,-26,0,-26,0.0,1660,1688,"[10.6, 0.5, 16.5, 10.6, 15.9, 17.0, 0, 0]","[0.0, 0.0, 0.0]",-0.0,"[2.9952, 3.3088, 5.0032000000000005, 7.368, 8.4448, 27.8288]","[0.035625000000000004, 0.57375, 0.000625, 0.000625, -0.0025, -0.0025]",0,0,0.0,"[1, 1, 1, 1, 1, 1]",43.569131817566564,0.0,0.0,0,0.0
1774904190.2847238,"[0, 0, 0, 0, 0, 0]","[1291, 1500, 1500, 1500]","[-25.08, 0.0, 0.0, 0.0]","[0.0, 0.0, 0.0]",0,1706.145751953125,0,31.685671157836914,"[-44.98291014888, -4.5471191398799995, -3.90624999936]","[0, 0, 0]",0,3,0.0,0.0,1.694,0,0,0,4294967.295,3750000.128,0,40905,0,-39.75490951538086,19.584569931030273,28.386117935180664,0,state.PRE_FLIGHT,557,-26,0,-26,0.0,1694,1706,"[10.4, 0.5, 17.6, 10.8, 16.5, 17.0, 0, 0]","[0.0, 0.0, 0.0]",-0.0,"[2.9952, 3.3088, 5.0032000000000005, 7.368, 8.4448, 27.8288]","[0.035625000000000004, 0.57375, 0.000625, 0.000625, -0.0025, -0.0025]",0,0,0.0,"[1, 1, 1, 1, 1, 1]",43.58844007760511,0.0,0.0,0,0.0
1774904190.3482494,"[0, 0, 0, 0, 0, 0]","[1291, 1500, 1500, 1500]","[-25.08, 0.0, 0.0, 0.0]","[0.0, 0.0, 0.0]",0,1724.0703125,0,31.69441505432129,"[-44.98291014888, -1.19018554668, -4.2724609368]","[0, 0, 0]",0,3,0.0,0.0,1.721,0,0,0,4294967.295,3750000.128,0,40965,0,-39.865386962890625,19.52964210510254,31.08513832092285,0,state.PRE_FLIGHT,558,-26,0,-25,0.0,1721,1724,"[10.4, 0.5, 17.0, 10.4, 16.5, 17.6, 0, 0]","[0.0, 0.0, 0.0]",-0.0,"[2.9936000000000003, 3.3104, 5.0032000000000005, 7.3632, 8.4352, 27.8256]","[0.035, 0.539375, 0.000625, -0.0025, -0.0025, 0.005625]",0,0,0.0,"[1, 1, 1, 1, 1, 1]",43.664572300241325,0.0,0.0,0,0.0
1774904190.4087958,"[0, 0, 0, 0, 0, 0]","[1291, 1500, 1500, 1500]","[-25.08, 0.0, 0.0, 0.0]","[0.0, 0.0, 0.0]",0,1741.911376953125,0,31.716274795532225,"[-44.98291014888, -1.19018554668, 14.55688476324]","[0, 0, 0]",0,3,0.0,0.0,1.721,0,0,0,4294967.295,3750000.128,0,41025,0,-39.864131927490234,19.48752212524414,33.78406524658203,0,state.PRE_FLIGHT,559,-25,0,-24,0.0,1721,1741,"[11.1, 0.5, 17.0, 11.1, 15.9, 17.6, 0, 0]","[0.0, 0.0, 0.0]",-0.0,"[2.9936000000000003, 3.3104, 5.0032000000000005, 7.3632, 8.4352, 27.8256]","[0.035, 0.539375, 0.000625, -0.0025, -0.0025, 0.005625]",0,0,0.0,"[1, 1, 1, 1, 1, 1]",43.64783439439532,0.0,0.0,0,0.0
1774904190.466322,"[0, 0, 0, 0, 0, 0]","[1291, 1500, 1500, 1500]","[-25.08, 0.0, 0.0, 0.0]","[0.0, 0.0, 0.0]",0,1759.6695556640625,0,31.7250186920166,"[-44.98291014888, -14.00756835708, -11.71874999808]","[0, 0, 0]",0,3,0.0,0.0,1.75,0,0,0,4294967.295,3750000.128,0,41085,0,-39.84431838989258,19.432605743408203,36.48303985595703,0,state.PRE_FLIGHT,560,-26,0,-24,0.0,1750,1759,"[10.8, 0.5, 16.5, 10.4, 15.9, 16.5, 0, 0]","[0.0, 0.0, 0.0]",-0.0,"[2.9952, 3.3136, 5.0048, 7.3616, 8.4544, 27.8272]","[0.038125, 0.565625, -0.00125, -0.000625, 0.005, 0.00375]",0,0,0.0,"[1, 1, 1, 1, 1, 1]",43.61012804840697,0.0,0.0,0,0.0
1774904190.520336,"[0, 0, 0, 0, 0, 0]","[1291, 1500, 1500, 1500]","[-25.08, 0.0, 0.0, 0.0]","[0.0, 0.0, 0.0]",0,1774.4052734375,0,31.711902847290037,"[-44.98291014888, -1.43432617164, 8.605957029839999]","[0, 0, 0]",0,3,0.0,0.0,1.75,0,0,0,4294967.295,3750000.128,0,41139,0,-39.6213493347168,19.341501235961914,38.91211700439453,0,state.PRE_FLIGHT,561,-26,0,-25,0.0,1750,1774,"[10.8, 0.5, 16.5, 10.4, 15.9, 17.0, 0, 0]","[0.0, 0.0, 0.0]",-0.0,"[2.9952, 3.3136, 5.0048, 7.3616, 8.4544, 27.8272]","[0.038125, 0.565625, -0.00125, -0.000625, 0.005, 0.00375]",0,0,0.0,"[1, 1, 1, 1, 1, 1]",43.38101331906527,0.0,0.0,0,0.0
1774904190.5838535,"[0, 0, 0, 0, 0, 0]","[1291, 1500, 1500, 1500]","[-25.08, 0.0, 0.0, 0.0]","[0.0, 0.0, 0.0]",0,1792.012939453125,0,31.707530899047853,"[-44.98291014888, -12.6647949198, -3.5095214838]","[0, 0, 0]",0,3,0.0,0.0,1.78,0,0,0,4294967.295,3750000.128,0,41199,0,-39.6326904296875,19.161441802978516,41.61109161376953,0,state.PRE_FLIGHT,562,-26,0,-25,0.0,1780,1792,"[10.6, 0.5, 16.5, 10.4, 16.5, 15.9, 0, 0]","[0.0, 0.0, 0.0]",-0.0,"[2.9952, 3.3120000000000003, 5.0016, 7.3696, 8.440000000000001, 27.8272]","[0.035625000000000004, 0.241875, -0.001875, -0.0025, -0.0025, 0.00125]",0,0,0.0,"[1, 1, 1, 1, 1, 1]",43.32435173580904,0.0,0.0,0,0.0
1774904190.64038,"[0, 0, 0, 0, 0, 0]","[1291, 1500, 1500, 1500]","[-25.08, 0.0, 0.0, 0.0]","[0.0, 0.0, 0.0]",0,1809.5394287109375,0,31.7250186920166,"[-44.98291014888, 10.04028320148, 5.61523437408]","[0, 0, 0]",0,3,0.0,0.0,1.809,0,0,0,4294967.295,3750000.128,0,41259,0,-39.94979476928711,19.27988052368164,44.31011199951172,0,state.PRE_FLIGHT,563,-27,0,-26,0.0,1809,1809,"[10.4, 0.5, 17.0, 10.6, 15.5, 16.5, 0, 0]","[0.0, 0.0, 0.0]",-0.0,"[2.9952, 3.3120000000000003, 5.0016, 7.3696, 8.440000000000001, 27.8272]","[0.035625000000000004, 0.241875, -0.001875, -0.0025, -0.0025, 0.00125]",0,0,0.0,"[1, 1, 1, 1, 1, 1]",43.6463531553777,0.0,0.0,0,0.0
1774904190.7019315,"[0, 0, 0, 0, 0, 0]","[1291, 1500, 1500, 1500]","[-25.08, 0.0, 0.0, 0.0]","[0.0, 0.0, 0.0]",0,1826.9852294921875,0,31.7250186920166,"[-44.98291014888, -1.43432617164, -0.36621093744]","[0, 0, 0]",0,3,0.0,0.0,1.809,0,0,0,4294967.295,3750000.128,0,41319,0,-39.8963737487793,19.349449157714844,47.00904083251953,0,state.PRE_FLIGHT,564,-27,0,-26,0.0,1809,1826,"[11.1, 0.5, 16.5, 10.6, 15.9, 17.0, 0, 0]","[0.0, 0.0, 0.0]",-0.0,"[2.9968000000000004, 3.3120000000000003, 5.0064, 7.364800000000001, 8.4688, 27.8256]","[0.036875, 0.1825, -0.0025, -0.003125, -0.0025, -0.001875]",0,0,0.0,"[1, 1, 1, 1, 1, 1]",43.62504070197067,0.0,0.0,0,0.0
1774904190.758478,"[0, 0, 0, 0, 0, 0]","[1291, 1500, 1500, 1500]","[-25.08, 0.0, 0.0, 0.0]","[0.0, 0.0, 0.0]",0,1841.4617919921875,0,31.733762588500976,"[-44.98291014888, -1.00708007796, -1.28173828104]","[0, 0, 0]",0,3,0.0,0.0,1.838,0,0,0,4294967.295,3750000.128,0,41373,0,-40.019779205322266,19.514087677001953,49.43811798095703,0,state.PRE_FLIGHT,565,-28,0,-27,0.0,1838,1841,"[10.6, 0.5, 17.0, 10.6, 15.9, 16.5, 0, 0]","[0.0, 0.0, 0.0]",-0.0,"[2.9952, 3.3136, 5.0064, 7.3616, 8.4464, 27.8272]","[0.035625000000000004, 0.25125000000000003, -0.005625, -0.004375, -0.005, -0.001875]",0,0,0.0,"[1, 1, 1, 1, 1, 1]",43.79396021148507,0.0,0.0,0,0.0
1774904190.8134787,"[0, 0, 0, 0, 0, 0]","[1291, 1500, 1500, 1500]","[-25.08, 0.0, 0.0, 0.0]","[0.0, 0.0, 0.0]",0,1858.760986328125,0,31.738134536743164,"[-44.98291014888, 4.1198730462, 0.762939453]","[0, 0, 0]",0,3,0.0,0.0,1.838,0,0,0,4294967.295,3750000.128,0,41433,0,-39.92913818359375,19.496389389038086,52.13709259033203,0,state.PRE_FLIGHT,566,-28,0,-27,0.0,1838,1858,"[10.4, 0.5, 16.5, 10.6, 15.9, 17.0, 0, 0]","[0.0, 0.0, 0.0]",-0.0,"[2.9952, 3.3136, 5.0064, 7.3616, 8.4464, 27.8272]","[0.035625000000000004, 0.25125000000000003, -0.005625, -0.004375, -0.005, -0.001875]",0,0,0.0,"[1, 1, 1, 1, 1, 1]",43.70803629002997,0.0,0.0,0,0.0
1774904190.8790028,"[0, 0, 0, 0, 0, 0]","[1291, 1500, 1500, 1500]","[-25.08, 0.0, 0.0, 0.0]","[0.0, 0.0, 0.0]",0,1875.9808349609375,0,31.742506484985352,"[-44.98291014888, 3.87573242124, -15.441894528719999]","[0, 0, 0]",0,3,0.0,0.0,1.867,0,0,0,4294967.295,3750000.128,0,41493,0,-39.9410514831543,19.465248107910156,54.83606719970703,0,state.PRE_FLIGHT,567,-28,0,-27,0.0,1867,1875,"[10.6, 0.5, 17.0, 10.8, 16.5, 17.6, 0, 0]","[0.0, 0.0, 0.0]",-0.0,"[2.9952, 3.3120000000000003, 5.0048, 7.368, 8.4544, 27.8256]","[0.02875, 0.26125, -0.000625, -0.00125, -0.001875, -0.004375]",0,0,0.0,"[1, 1, 1, 1, 1, 1]",43.70694565598651,0.0,0.0,0,0.0
1774904190.934055,"[0, 0, 0, 0, 0, 0]","[1291, 1500, 1500, 1500]","[-25.08, 0.0, 0.0, 0.0]","[0.0, 0.0, 0.0]",0,1893.121826171875,0,31.755622329711915,"[-44.98291014888, 6.5002441395599995, -0.36621093744]","[0, 0, 0]",0,3,0.0,0.0,1.867,0,0,0,4294967.295,3750000.128,0,41553,0,-39.925167083740234,19.413976669311523,57.535133361816406,0,state.PRE_FLIGHT,568,-28,0,-27,0.0,1867,1893,"[10.6, 0.5, 15.9, 10.6, 16.5, 17.0, 0, 0]","[0.0, 0.0, 0.0]",-0.0,"[2.9952, 3.3120000000000003, 5.0048, 7.368, 8.4544, 27.8256]","[0.02875, 0.26125, -0.000625, -0.00125, -0.001875, -0.004375]",0,0,0.0,"[1, 1, 1, 1, 1, 1]",43.674084496672315,0.0,0.0,0,0.0
1774904190.9920628,"[0, 0, 0, 0, 0, 0]","[1291, 1500, 1500, 1500]","[-25.08, 0.0, 0.0, 0.0]","[0.0, 0.0, 0.0]",0,1910.1846923828125,0,31.738134536743164,"[-44.98291014888, -4.7302246086, -6.1340332021199995]","[0, 0, 0]",0,3,0.0,0.0,1.898,0,0,0,4294967.295,3750000.128,0,41607,0,-39.78942108154297,19.55198860168457,59.9641227722168,0,state.PRE_FLIGHT,569,-28,0,-27,0.0,1898,1910,"[10.4, 0.5, 16.5, 10.4, 15.5, 18.2, 0, 0]","[0.0, 0.0, 0.0]",-0.0,"[2.9952, 3.3120000000000003, 5.0048, 7.364800000000001, 8.441600000000001, 27.8256]","[0.033125, 0.5625, 0.000625, -0.0025, -0.0025, 0.00125]",0,0,0.0,"[1, 1, 1, 1, 1, 1]",43.60644486250957,0.0,0.0,0,0.0
1774904191.0476015,"[0, 0, 0, 0, 0, 0]","[1291, 1500, 1500, 1500]","[-25.08, 0.0, 0.0, 0.0]","[0.0, 0.0, 0.0]",0,1927.1695556640625,0,31.733762588500976,"[-44.98291014888, 0.762939453, 2.25830078088]","[0, 0, 0]",0,3,0.0,0.0,1.924,0,0,0,4294967.295,3750000.128,0,41667,0,-39.754241943359375,19.780838012695312,62.6630973815918,0,state.PRE_FLIGHT,570,-26,0,-26,0.0,1924,1927,"[10.4, 0.5, 17.0, 10.4, 15.0, 15.9, 0, 0]","[0.0, 0.0, 0.0]",-0.0,"[2.9952, 3.3120000000000003, 5.0048, 7.364800000000001, 8.441600000000001, 27.8256]","[0.033125, 0.5625, 0.000625, -0.0025, -0.0025, 0.00125]",0,0,0.0,"[1, 1, 1, 1, 1, 1]",43.66151813066638,0.0,0.0,0,0.0
1774904191.1086059,"[0, 0, 0, 0, 0, 0]","[1291, 1500, 1500, 1500]","[-25.08, 0.0, 0.0, 0.0]","[0.0, 0.0, 0.0]",0,1944.0770263671875,0,31.751250381469728,"[-44.98291014888, 4.9133300773199995, 2.62451171832]","[0, 0, 0]",0,3,0.0,0.0,1.924,0,0,0,4294967.295,3750000.128,0,41727,0,-39.63218688964844,19.798532485961914,65.36207580566406,0,state.PRE_FLIGHT,571,-26,0,-25,0.0,1924,1944,"[10.6, 0.5, 17.0, 10.4, 15.5, 17.0, 0, 0]","[0.0, 0.0, 0.0]",-0.0,"[2.9968000000000004, 3.3104, 5.0048, 7.3632, 8.4464, 27.824]","[0.033125, 0.57875, -0.001875, -0.00125, -0.001875, 0.0075]",0,0,0.0,"[1, 1, 1, 1, 1, 1]",43.56186113063904,0.0,0.0,0,0.0
1774904191.1671722,"[0, 0, 0, 0, 0, 0]","[1291, 1500, 1500, 1500]","[-25.08, 0.0, 0.0, 0.0]","[0.0, 0.0, 0.0]",0,1960.907958984375,0,31.751250381469728,"[-44.98291014888, -10.10131835772, -7.44628906128]","[0, 0, 0]",0,3,0.0,0.0,1.952,0,0,0,4294967.295,3750000.128,0,41787,0,-39.399967193603516,19.859588623046875,68.06105041503906,0,state.PRE_FLIGHT,572,-26,0,-25,0.0,1952,1960,"[10.4, 0.5, 17.0, 10.8, 15.9, 16.5, 0, 0]","[0.0, 0.0, 0.0]",-0.0,"[2.9968000000000004, 3.3104, 5.0048, 7.3632, 8.4464, 27.824]","[0.033125, 0.57875, -0.001875, -0.00125, -0.001875, 0.0075]",0,0,0.0,"[1, 1, 1, 1, 1, 1]",43.38305200238795,0.0,0.0,0,0.0
1774904191.2261827,"[0, 0, 0, 0, 0, 0]","[1291, 1500, 1500, 1500]","[-25.08, 0.0, 0.0, 0.0]","[0.0, 0.0, 0.0]",0,1974.8753662109375,0,31.773110122680663,"[-44.98291014888, 4.1198730462, 14.00756835708]","[0, 0, 0]",0,3,0.0,0.0,1.952,0,0,0,4294967.295,3750000.128,0,41841,0,-39.24374771118164,19.90235710144043,70.49076080322266,0,state.PRE_FLIGHT,573,-27,0,-26,0.0,1952,1974,"[10.4, 0.5, 17.0, 10.6, 15.5, 17.0, 0, 0]","[0.0, 0.0, 0.0]",-0.0,"[2.9952, 3.3136, 5.0032000000000005, 7.368, 8.4544, 27.824]","[0.029375000000000002, 0.51875, -0.00125, -0.001875, 0.00375, 0.0075]",0,0,0.0,"[1, 1, 1, 1, 1, 1]",43.26376986005857,0.0,0.0,0,0.0
1774904191.284712,"[0, 0, 0, 0, 0, 0]","[1291, 1500, 1500, 1500]","[-25.08, 0.0, 0.0, 0.0]","[0.0, 0.0, 0.0]",0,1991.566650390625,0,31.764366226196287,"[-44.98291014888, -12.0544433574, 3.75366210876]","[0, 0, 0]",0,3,0.0,0.0,1.98,0,0,0,4294967.295,3750000.128,0,41901,0,-39.2535514831543,19.993980407714844,73.18968963623047,0,state.PRE_FLIGHT,574,-28,0,-27,0.0,1980,1991,"[10.2, 0.5, 15.9, 10.4, 16.5, 17.0, 0, 0]","[0.0, 0.0, 0.0]",-0.0,"[2.9952, 3.3136, 5.0032000000000005, 7.368, 8.4544, 27.824]","[0.029375000000000002, 0.51875, -0.00125, -0.001875, 0.00375, 0.0075]",0,0,0.0,"[1, 1, 1, 1, 1, 1]",43.30758004973042,0.0,0.0,0,0.0
1774904191.3412223,"[0, 0, 0, 0, 0, 0]","[1291, 1500, 1500, 1500]","[-25.08, 0.0, 0.0, 0.0]","[0.0, 0.0, 0.0]",0,2008.18212890625,0,31.759994277954103,"[-44.98291014888, -1.19018554668, -1.09863281232]","[0, 0, 0]",0,3,0.0,0.0,2.008,0,0,0,4294967.295,3750000.128,0,41961,0,-39.11029052734375,19.971689224243164,75.88866424560547,0,state.PRE_FLIGHT,575,-29,0,-28,0.0,2008,2008,"[10.6, 0.5, 16.5, 10.4, 15.5, 16.5, 0, 0]","[0.0, 0.0, 0.0]",-0.0,"[2.9968000000000004, 3.3136, 5.0032000000000005, 7.364800000000001, 8.4288, 27.8288]","[0.038125, 0.22062500000000002, 0.0, 0.000625, -0.0025, 0.00125]",0,0,0.0,"[1, 1, 1, 1, 1, 1]",43.17479704517321,0.0,0.0,0,0.0
1774904191.4017565,"[0, 0, 0, 0, 0, 0]","[1291, 1500, 1500, 1500]","[-25.08, 0.0, 0.0, 0.0]","[0.0, 0.0, 0.0]",0,2024.722900390625,0,31.764366226196287,"[-44.98291014888, 6.5002441395599995, 7.1105957019599995]","[0, 0, 0]",0,3,0.0,0.0,2.008,0,0,0,4294967.295,3750000.128,0,42021,0,-39.062503814697266,19.990583419799805,78.5875473022461,0,state.PRE_FLIGHT,576,-28,0,-27,0.0,2008,2024,"[10.4, 0.5, 17.0, 10.4, 16.5, 17.0, 0, 0]","[0.0, 0.0, 0.0]",-0.0,"[2.9968000000000004, 3.3120000000000003, 5.0064, 7.36, 8.459200000000001, 27.8272]","[0.035625000000000004, 0.21125, -0.0025, -0.004375, 0.00125, -0.000625]",0,0,0.0,"[1, 1, 1, 1, 1, 1]",43.140727187583686,0.0,0.0,0,0.0
1774904191.4562752,"[0, 0, 0, 0, 0, 0]","[1291, 1500, 1500, 1500]","[-25.08, 0.0, 0.0, 0.0]","[0.0, 0.0, 0.0]",0,2041.188720703125,0,31.768738174438475,"[-44.98291014888, -1.80053710908, 1.12915039044]","[0, 0, 0]",0,3,0.0,0.0,2.035,0,0,0,4294967.295,3750000.128,0,42075,0,-38.699649810791016,20.054590225219727,81.01612854003906,0,state.PRE_FLIGHT,577,-28,0,-27,0.0,2035,2041,"[10.4, 0.5, 16.5, 10.2, 15.5, 17.0, 0, 0]","[0.0, 0.0, 0.0]",-0.0,"[2.9968000000000004, 3.3120000000000003, 5.0064, 7.36, 8.459200000000001, 27.8272]","[0.035625000000000004, 0.21125, -0.0025, -0.004375, 0.00125, -0.000625]",0,0,0.0,"[1, 1, 1, 1, 1, 1]",42.851940010866635,0.0,0.0,0,0.0
1774904191.516277,"[0, 0, 0, 0, 0, 0]","[1291, 1500, 1500, 1500]","[-25.08, 0.0, 0.0, 0.0]","[0.0, 0.0, 0.0]",0,2057.580810546875,0,31.768738174438475,"[-44.98291014888, 4.48608398364, 3.38745117132]","[0, 0, 0]",0,3,0.0,0.0,2.035,0,0,0,4294967.295,3750000.128,0,42135,0,-38.759456634521484,20.08692741394043,83.71510314941406,0,state.PRE_FLIGHT,578,-28,0,-27,0.0,2035,2057,"[10.6, 0.5, 17.0, 10.4, 15.0, 18.2, 0, 0]","[0.0, 0.0, 0.0]",-0.0,"[2.9968000000000004, 3.3120000000000003, 5.0048, 7.3664000000000005, 8.441600000000001, 27.8272]","[0.031875, 0.24875, -0.003125, -0.00375, -0.001875, 0.0025]",0,0,0.0,"[1, 1, 1, 1, 1, 1]",42.91630669672667,0.0,0.0,0,0.0
1774904191.5758169,"[0, 0, 0, 0, 0, 0]","[1291, 1500, 1500, 1500]","[-25.08, 0.0, 0.0, 0.0]","[0.0, 0.0, 0.0]",0,2073.898681640625,0,31.768738174438475,"[-44.98291014888, -4.7302246086, 9.88769531088]","[0, 0, 0]",0,3,0.0,0.0,2.063,0,0,0,4294967.295,3750000.128,0,42195,0,-38.5235710144043,20.25721549987793,86.41407775878906,0,state.PRE_FLIGHT,579,-28,0,-26,0.0,2063,2073,"[10.6, 0.5, 16.5, 10.6, 15.9, 16.5, 0, 0]","[0.0, 0.0, 0.0]",-0.0,"[2.9968000000000004, 3.3120000000000003, 5.0048, 7.3664000000000005, 8.441600000000001, 27.8272]","[0.031875, 0.24875, -0.003125, -0.00375, -0.001875, 0.0025]",0,0,0.0,"[1, 1, 1, 1, 1, 1]",42.78044160779415,0.0,0.0,0,0.0
1774904191.6361923,"[0, 0, 0, 0, 0, 0]","[1291, 1500, 1500, 1500]","[-25.08, 0.0, 0.0, 0.0]","[0.0, 0.0, 0.0]",0,2090.1435546875,0,31.78185401916504,"[-44.98291014888, -3.2043457026, -13.5803222634]","[0, 0, 0]",0,3,0.0,0.0,2.09,0,0,0,4294967.295,3750000.128,0,42255,0,-38.414329528808594,20.0521297454834,89.11305236816406,0,state.PRE_FLIGHT,580,-27,0,-27,0.0,2090,2090,"[10.6, 0.5, 16.5, 10.6, 15.5, 17.0, 0, 0]","[0.0, 0.0, 0.0]",-0.0,"[2.9952, 3.3120000000000003, 5.0032000000000005, 7.3632, 8.4512, 27.8272]","[0.035625000000000004, 0.25, 0.000625, -0.00125, -0.000625, -0.00375]",0,0,0.0,"[1, 1, 1, 1, 1, 1]",42.60476187673369,0.0,0.0,0,0.0
1774904191.690409,"[0, 0, 0, 0, 0, 0]","[1291, 1500, 1500, 1500]","[-25.08, 0.0, 0.0, 0.0]","[0.0, 0.0, 0.0]",0,2103.625,0,31.790597915649414,"[44.98291014888, 4.48608398364, 13.4277343728]","[0, 0, 0]",0,3,0.0,0.0,2.09,0,0,0,4294967.295,3750000.128,0,42309,0,-38.115882873535156,20.02374839782715,89.74281311035156,0,state.PRE_FLIGHT,581,-27,0,-26,0.0,2090,2103,"[10.8, 0.5, 16.5, 10.4, 15.5, 16.5, 0, 0]","[0.0, 0.0, 0.0]",-0.0,"[2.9952, 3.3120000000000003, 5.0032000000000005, 7.3632, 8.4512, 27.8272]","[0.035625000000000004, 0.25, 0.000625, -0.00125, -0.000625, -0.00375]",0,0,0.0,"[1, 1, 1, 1, 1, 1]",42.336289914186985,0.0,0.0,0,0.0
1774904191.7509253,"[0, 0, 0, 0, 0, 0]","[1291, 1500, 1500, 1500]","[-25.08, 0.0, 0.0, 0.0]","[0.0, 0.0, 0.0]",0,2119.736572265625,0,31.794969863891602,"[44.98291014888, -0.39672851556, -1.09863281232]","[0, 0, 0]",0,3,0.0,0.0,2.117,0,0,0,4294967.295,3750000.128,0,42369,0,-38.13334655761719,20.224531173706055,87.04379272460938,0,state.PRE_FLIGHT,582,-27,0,-227,0.0,2117,2119,"[11.1, 0.5, 17.0, 10.8, 15.5, 16.5, 0, 0]","[0.0, 0.0, 0.0]",-0.0,"[2.9952, 3.3088, 5.0016, 7.3584000000000005, 8.457600000000001, 27.8288]","[0.036875, 0.578125, 0.0, -0.003125, -0.003125, -0.00125]",0,0,0.0,"[1, 1, 1, 1, 1, 1]",42.431924172130095,0.0,0.0,0,0.0
1774904191.8099287,"[0, 0, 0, 0, 0, 0]","[1291, 1500, 1500, 1500]","[-25.08, 0.0, 0.0, 0.0]","[0.0, 0.0, 0.0]",0,2135.776123046875,0,31.803713760375977,"[44.98291014888, -5.7678222646799995, -5.55419921784]","[0, 0, 0]",0,3,0.0,0.0,2.117,0,0,0,4294967.295,3750000.128,0,42429,0,-37.99021530151367,20.299591064453125,84.34486389160156,0,state.PRE_FLIGHT,583,-26,0,-26,0.0,2117,2135,"[10.4, 0.5, 16.5, 10.8, 15.9, 17.6, 0, 0]","[0.0, 0.0, 0.0]",-0.0,"[2.9952, 3.3088, 5.0016, 7.3584000000000005, 8.457600000000001, 27.8288]","[0.036875, 0.578125, 0.0, -0.003125, -0.003125, -0.00125]",0,0,0.0,"[1, 1, 1, 1, 1, 1]",42.33948509317822,0.0,0.0,0,0.0
1774904191.8704867,"[0, 0, 0, 0, 0, 0]","[1291, 1500, 1500, 1500]","[-25.08, 0.0, 0.0, 0.0]","[0.0, 0.0, 0.0]",0,2151.743896484375,0,31.808085708618165,"[44.98291014888, -10.28442382644, 6.53076171768]","[0, 0, 0]",0,3,0.0,0.0,2.143,0,0,0,4294967.295,3750000.128,0,42489,0,-37.84921646118164,20.545574188232422,81.64588928222656,0,state.PRE_FLIGHT,584,-26,0,-26,0.0,2143,2151,"[10.6, 0.5, 17.0, 10.6, 15.5, 17.0, 0, 0]","[0.0, 0.0, 0.0]",-0.0,"[2.9952, 3.3120000000000003, 5.0048, 7.368, 8.4608, 27.8288]","[0.036875, 0.5806250000000001, -0.00375, -0.000625, -0.0025, 0.005625]",0,0,0.0,"[1, 1, 1, 1, 1, 1]",42.31944734610688,0.0,0.0,0,0.0
1774904191.9248903,"[0, 0, 0, 0, 0, 0]","[1291, 1500, 1500, 1500]","[-25.08, 0.0, 0.0, 0.0]","[0.0, 0.0, 0.0]",0,2164.995849609375,0,31.803713760375977,"[44.98291014888, -10.28442382644, 5.61523437408]","[0, 0, 0]",0,3,0.0,0.0,2.143,0,0,0,4294967.295,3750000.128,0,42543,0,-37.83058547973633,20.570993423461914,79.21681213378906,0,state.PRE_FLIGHT,585,-26,0,-25,0.0,2143,2164,"[10.6, 0.5, 17.0, 10.6, 15.9, 15.9, 0, 0]","[0.0, 0.0, 0.0]",-0.0,"[2.9952, 3.3120000000000003, 5.0048, 7.368, 8.4608, 27.8288]","[0.036875, 0.5806250000000001, -0.00375, -0.000625, -0.0025, 0.005625]",0,0,0.0,"[1, 1, 1, 1, 1, 1]",42.31402251127168,0.0,0.0,0,0.0
1774904191.984426,"[0, 0, 0, 0, 0, 0]","[1291, 1500, 1500, 1500]","[-25.08, 0.0, 0.0, 0.0]","[0.0, 0.0, 0.0]",0,2180.8330078125,0,31.81682960510254,"[44.98291014888, -0.4577636718, 8.78906249856]","[0, 0, 0]",0,3,0.0,0.0,2.167,0,0,0,4294967.295,3750000.128,0,42603,0,-37.493350982666016,20.522762298583984,76.51783752441406,0,state.PRE_FLIGHT,586,-26,0,-25,0.0,2167,2180,"[10.6, 0.5, 16.5, 10.6, 15.0, 15.9, 0, 0]","[0.0, 0.0, 0.0]",-0.0,"[2.9968000000000004, 3.3104, 5.0032000000000005, 7.3616, 8.4352, 27.824]","[0.038125, 0.576875, -0.001875, -0.00125, -0.00125, 0.0075]",0,0,0.0,"[1, 1, 1, 1, 1, 1]",42.006601118629895,0.0,0.0,0,0.0
1774904192.0439663,"[0, 0, 0, 0, 0, 0]","[1291, 1500, 1500, 1500]","[-25.08, 0.0, 0.0, 0.0]","[0.0, 0.0, 0.0]",0,2196.599609375,0,31.81682960510254,"[44.98291014888, -0.39672851556, 3.57055664004]","[0, 0, 0]",0,3,0.0,0.0,2.196,0,0,0,4294967.295,3750000.128,0,42663,0,-37.21989440917969,20.639328002929688,73.81886291503906,0,state.PRE_FLIGHT,587,-26,0,-26,0.0,2196,2196,"[10.4, 0.5, 15.9, 10.8, 15.5, 16.5, 0, 0]","[0.0, 0.0, 0.0]",-0.0,"[2.9968000000000004, 3.3104, 5.0032000000000005, 7.3616, 8.4352, 27.824]","[0.038125, 0.576875, -0.001875, -0.00125, -0.00125, 0.0075]",0,0,0.0,"[1, 1, 1, 1, 1, 1]",41.82282769397331,0.0,0.0,0,0.0
1774904192.1079652,"[0, 0, 0, 0, 0, 0]","[1291, 1500, 1500, 1500]","[-25.08, 0.0, 0.0, 0.0]","[0.0, 0.0, 0.0]",0,2212.296142578125,0,31.812457656860353,"[44.98291014888, 1.3732910154, 10.25390624832]","[0, 0, 0]",0,3,0.0,0.0,2.196,0,0,0,4294967.295,3750000.128,0,42723,0,-37.021217346191406,20.46169662475586,71.11988830566406,0,state.PRE_FLIGHT,588,-26,0,-26,0.0,2196,2212,"[10.8, 0.5, 16.5, 11.1, 15.9, 17.6, 0, 0]","[0.0, 0.0, 0.0]",-0.0,"[2.9936000000000003, 3.3120000000000003, 5.0032000000000005, 7.36, 8.4656, 27.8304]","[0.035, 0.2525, 0.000625, -0.001875, -0.005625, -0.0025]",0,0,0.0,"[1, 1, 1, 1, 1, 1]",41.5793237784454,0.0,0.0,0,0.0
1774904192.157511,"[0, 0, 0, 0, 0, 0]","[1291, 1500, 1500, 1500]","[-25.08, 0.0, 0.0, 0.0]","[0.0, 0.0, 0.0]",0,2227.9228515625,0,31.808085708618165,"[44.98291014888, -6.92749023324, -5.9509277334]","[0, 0, 0]",0,3,0.0,0.0,2.222,0,0,0,4294967.295,3750000.128,0,42777,0,-37.11577606201172,20.543426513671875,68.69076538085938,0,state.PRE_FLIGHT,589,-26,0,-25,0.0,2222,2227,"[10.4, 0.5, 16.5, 10.6, 15.5, 16.5, 0, 0]","[0.0, 0.0, 0.0]",-0.0,"[2.9936000000000003, 3.3120000000000003, 5.0032000000000005, 7.36, 8.4656, 27.8304]","[0.035, 0.2525, 0.000625, -0.001875, -0.005625, -0.0025]",0,0,0.0,"[1, 1, 1, 1, 1, 1]",41.69405453650943,0.0,0.0,0,0.0
1774904192.2175987,"[0, 0, 0, 0, 0, 0]","[1291, 1500, 1500, 1500]","[-25.08, 0.0, 0.0, 0.0]","[0.0, 0.0, 0.0]",0,2243.47998046875,0,31.821201553344725,"[44.98291014888, 10.40649413892, 9.70458984216]","[0, 0, 0]",0,3,0.0,0.0,2.222,0,0,0,4294967.295,3750000.128,0,42837,0,-37.004669189453125,20.68134307861328,65.99183654785156,0,state.PRE_FLIGHT,590,-27,0,-26,0.0,2222,2243,"[10.6, 0.5, 15.9, 10.4, 15.5, 16.5, 0, 0]","[0.0, 0.0, 0.0]",-0.0,"[2.9952, 3.3104, 5.0032000000000005, 7.3664000000000005, 8.4448, 27.8256]","[0.03875, 0.2025, -0.00125, 0.000625, -0.00125, -0.00375]",0,0,0.0,"[1, 1, 1, 1, 1, 1]",41.65806917068446,0.0,0.0,0,0.0
1774904192.2781193,"[0, 0, 0, 0, 0, 0]","[1291, 1500, 1500, 1500]","[-25.08, 0.0, 0.0, 0.0]","[0.0, 0.0, 0.0]",0,2258.96826171875,0,31.825573501586913,"[44.98291014888, -10.10131835772, -3.14331054636]","[0, 0, 0]",0,3,0.0,0.0,2.248,0,0,0,4294967.295,3750000.128,0,42897,0,-36.74219512939453,20.846704483032227,63.29290771484375,0,state.PRE_FLIGHT,591,-26,0,-26,0.0,2248,2258,"[10.4, 0.5, 17.0, 11.3, 15.9, 16.5, 0, 0]","[0.0, 0.0, 0.0]",-0.0,"[2.9968000000000004, 3.3120000000000003, 5.0032000000000005, 7.364800000000001, 8.464, 27.8272]","[0.036875, 0.239375, -0.003125, -0.00125, 0.000625, -0.00375]",0,0,0.0,"[1, 1, 1, 1, 1, 1]",41.50683963088839,0.0,0.0,0,0.0
1774904192.3406475,"[0, 0, 0, 0, 0, 0]","[1291, 1500, 1500, 1500]","[-25.08, 0.0, 0.0, 0.0]","[0.0, 0.0, 0.0]",0,2274.387939453125,0,31.821201553344725,"[44.98291014888, 3.69262695252, -3.90624999936]","[0, 0, 0]",0,3,0.0,0.0,2.274,0,0,0,4294967.295,3750000.384,0,42957,0,-37.007408142089844,20.835758209228516,60.59388732910156,0,state.PRE_FLIGHT,592,-26,0,-25,0.0,2274,2274,"[10.4, 0.5, 16.5, 10.8, 15.9, 17.0, 0, 0]","[0.0, 0.0, 0.0]",-0.0,"[2.9968000000000004, 3.3120000000000003, 5.0032000000000005, 7.364800000000001, 8.464, 27.8272]","[0.036875, 0.239375, -0.003125, -0.00125, 0.000625, -0.00375]",0,0,0.0,"[1, 1, 1, 1, 1, 1]",41.72609668281765,0.0,0.0,0,0.0
1774904192.3918667,"[0, 0, 0, 0, 0, 0]","[1291, 1500, 1500, 1500]","[-25.08, 0.0, 0.0, 0.0]","[0.0, 0.0, 0.0]",0,2287.185546875,0,31.8299454498291,"[44.98291014888, -11.07788085756, 1.12915039044]","[0, 0, 0]",0,3,0.0,0.0,2.274,0,0,0,4294967.295,3750000.384,0,43011,0,-36.75605010986328,21.107332229614258,58.164852142333984,0,state.PRE_FLIGHT,593,-26,0,-25,0.0,2274,2287,"[10.6, 0.5, 16.5, 10.8, 15.5, 16.5, 0, 0]","[0.0, 0.0, 0.0]",-0.0,"[2.9952, 3.3088, 5.0048, 7.36, 8.4448, 27.8256]","[0.038125, 0.284375, -0.003125, -0.0025, -0.0025, -0.0025]",0,0,0.0,"[1, 1, 1, 1, 1, 1]",41.63117679528986,0.0,0.0,0,0.0
1774904192.4524026,"[0, 0, 0, 0, 0, 0]","[1291, 1500, 1500, 1500]","[-25.08, 0.0, 0.0, 0.0]","[0.0, 0.0, 0.0]",0,2302.480224609375,0,31.825573501586913,"[44.98291014888, 8.20922851428, 7.8430175768399994]","[0, 0, 0]",0,3,0.0,0.0,2.299,0,0,0,4294967.295,3750000.384,0,43071,0,-36.781158447265625,21.084199905395508,55.46583557128906,0,state.PRE_FLIGHT,594,-26,0,-26,0.0,2299,2302,"[10.8, 0.5, 17.6, 10.6, 15.9, 17.0, 0, 0]","[0.0, 0.0, 0.0]",-0.0,"[2.9952, 3.3088, 5.0048, 7.36, 8.4448, 27.8256]","[0.038125, 0.284375, -0.003125, -0.0025, -0.0025, -0.0025]",0,0,0.0,"[1, 1, 1, 1, 1, 1]",41.64224323309457,0.0,0.0,0,0.0
1774904192.5164073,"[0, 0, 0, 0, 0, 0]","[1291, 1500, 1500, 1500]","[-25.08, 0.0, 0.0, 0.0]","[0.0, 0.0, 0.0]",0,2317.70703125,0,31.821201553344725,"[44.98291014888, -9.06372070164, 1.31225585916]","[0, 0, 0]",0,3,0.0,0.0,2.299,0,0,0,4294967.295,3750000.384,0,43131,0,-36.569313049316406,21.293859481811523,52.76686096191406,0,state.PRE_FLIGHT,595,-26,0,-26,0.0,2299,2317,"[10.8, 0.5, 16.5, 10.4, 16.5, 16.5, 0, 0]","[0.0, 0.0, 0.0]",-0.0,"[2.992, 3.3136, 5.0016, 7.368, 8.4384, 27.824]","[0.033125, 0.574375, -0.00625, -0.000625, 0.001875, 0.005625]",0,0,0.0,"[1, 1, 1, 1, 1, 1]",41.55609128193715,0.0,0.0,0,0.0
1774904192.575952,"[0, 0, 0, 0, 0, 0]","[1291, 1500, 1500, 1500]","[-25.08, 0.0, 0.0, 0.0]","[0.0, 0.0, 0.0]",0,2332.86669921875,0,31.85180519104004,"[44.98291014888, 5.340576171, 0.57983398428]","[0, 0, 0]",0,3,0.0,0.0,2.325,0,0,0,4294967.295,3750000.384,0,43191,0,-36.871665954589844,21.432817459106445,50.06793212890625,0,state.PRE_FLIGHT,596,-28,0,-26,0.0,2325,2332,"[10.4, 0.5, 16.5, 10.6, 15.0, 16.5, 0, 0]","[0.0, 0.0, 0.0]",-0.0,"[2.992, 3.3136, 5.0016, 7.368, 8.4384, 27.824]","[0.033125, 0.574375, -0.00625, -0.000625, 0.001875, 0.005625]",0,0,0.0,"[1, 1, 1, 1, 1, 1]",41.8700876145702,0.0,0.0,0,0.0
1774904192.625974,"[0, 0, 0, 0, 0, 0]","[1291, 1500, 1500, 1500]","[-25.08, 0.0, 0.0, 0.0]","[0.0, 0.0, 0.0]",0,2347.959228515625,0,31.8299454498291,"[44.98291014888, -4.36401367116, -5.1879882804]","[0, 0, 0]",0,3,0.0,0.0,2.325,0,0,0,4294967.295,3750000.384,0,43245,0,-36.76646423339844,21.43903160095215,47.63862991333008,0,state.PRE_FLIGHT,597,-27,0,-26,0.0,2325,2347,"[10.6, 0.5, 17.0, 10.4, 16.5, 17.0, 0, 0]","[0.0, 0.0, 0.0]",-0.0,"[2.9952, 3.3136, 5.0064, 7.364800000000001, 8.448, 27.8272]","[0.03875, 0.51, -0.000625, -0.00125, -0.000625, 0.00875]",0,0,0.0,"[1, 1, 1, 1, 1, 1]",41.784815328923685,0.0,0.0,0,0.0
1774904192.6869748,"[0, 0, 0, 0, 0, 0]","[1291, 1500, 1500, 1500]","[-25.08, 0.0, 0.0, 0.0]","[0.0, 0.0, 0.0]",0,2362.985595703125,0,31.838689346313476,"[44.98291014888, -5.1574707022799995, 7.8430175768399994]","[0, 0, 0]",0,3,0.0,0.0,2.35,0,0,0,4294967.295,3750000.384,0,43305,0,-36.77471160888672,21.465290069580078,44.93983459472656,0,state.PRE_FLIGHT,598,-26,0,-26,0.0,2350,2362,"[10.4, 0.5, 17.0, 10.6, 15.9, 17.0, 0, 0]","[0.0, 0.0, 0.0]",-0.0,"[2.9952, 3.3136, 5.0064, 7.364800000000001, 8.448, 27.8272]","[0.03875, 0.51, -0.000625, -0.00125, -0.000625, 0.00875]",0,0,0.0,"[1, 1, 1, 1, 1, 1]",41.80325262643698,0.0,0.0,0,0.0
1774904192.7485032,"[0, 0, 0, 0, 0, 0]","[1291, 1500, 1500, 1500]","[-25.08, 0.0, 0.0, 0.0]","[0.0, 0.0, 0.0]",0,2377.9453125,0,31.825573501586913,"[44.98291014888, -2.16674804652, 3.57055664004]","[0, 0, 0]",0,3,0.0,0.0,2.375,0,0,0,4294967.295,3750000.384,0,43365,0,-36.72710418701172,21.662416458129883,42.24085998535156,0,state.PRE_FLIGHT,599,-26,0,-26,0.0,2375,2377,"[10.8, 0.5, 16.5, 10.4, 15.5, 18.2, 0, 0]","[0.0, 0.0, 0.0]",-0.0,"[2.9952, 3.3120000000000003, 5.0048, 7.36, 8.456000000000001, 27.8272]","[0.034375, 0.546875, -0.003125, 0.0025, -0.003125, 0.004375]",0,0,0.0,"[1, 1, 1, 1, 1, 1]",41.85057689052121,0.0,0.0,0,0.0
1774904192.8075044,"[0, 0, 0, 0, 0, 0]","[1291, 1500, 1500, 1500]","[-25.08, 0.0, 0.0, 0.0]","[0.0, 0.0, 0.0]",0,2392.839599609375,0,31.83431739807129,"[44.98291014888, 4.48608398364, 11.56616210748]","[0, 0, 0]",0,3,0.0,0.0,2.375,0,0,0,4294967.295,3750000.384,0,43425,0,-36.71642303466797,21.786916732788086,39.541839599609375,0,state.PRE_FLIGHT,600,-26,0,-26,0.0,2375,2392,"[10.4, 0.5, 17.6, 10.4, 15.5, 17.6, 0, 0]","[0.0, 0.0, 0.0]",-0.0,"[2.9952, 3.3120000000000003, 5.0048, 7.36, 8.456000000000001, 27.8272]","[0.034375, 0.546875, -0.003125, 0.0025, -0.003125, 0.004375]",0,0,0.0,"[1, 1, 1, 1, 1, 1]",41.89702701822116,0.0,0.0,0,0.0
1774904192.8610365,"[0, 0, 0, 0, 0, 0]","[1291, 1500, 1500, 1500]","[-25.08, 0.0, 0.0, 0.0]","[0.0, 0.0, 0.0]",0,2405.200927734375,0,31.85180519104004,"[44.98291014888, -5.4016113272399995, -7.04956054572]","[0, 0, 0]",0,3,0.0,0.0,2.4,0,0,0,4294967.295,3750000.384,0,43479,0,-36.90443801879883,21.915027618408203,37.11280822753906,0,state.PRE_FLIGHT,601,-27,0,-26,0.0,2400,2405,"[10.6, 0.5, 17.0, 10.4, 17.0, 16.5, 0, 0]","[0.0, 0.0, 0.0]",-0.0,"[2.9984, 3.3104, 5.0048, 7.368, 8.432, 27.8256]","[0.026875, 0.24875, 0.000625, -0.003125, -0.00125, -0.003125]",0,0,0.0,"[1, 1, 1, 1, 1, 1]",42.11032521271155,0.0,0.0,0,0.0
1774904192.9205892,"[0, 0, 0, 0, 0, 0]","[1291, 1500, 1500, 1500]","[-25.08, 0.0, 0.0, 0.0]","[0.0, 0.0, 0.0]",0,2419.97509765625,0,31.83431739807129,"[44.98291014888, 4.0588378899599995, 1.525878906]","[0, 0, 0]",0,3,0.0,0.0,2.4,0,0,0,4294967.295,3750000.384,0,43539,0,-37.04269790649414,21.888187408447266,34.41383361816406,0,state.PRE_FLIGHT,602,-27,0,-26,0.0,2400,2419,"[10.8, 0.5, 17.0, 10.6, 15.9, 16.5, 0, 0]","[0.0, 0.0, 0.0]",-0.0,"[2.9984, 3.3104, 5.0032000000000005, 7.364800000000001, 8.464, 27.8256]","[0.035, 0.215, -0.00375, -0.001875, 0.003125, -0.005625]",0,0,0.0,"[1, 1, 1, 1, 1, 1]",42.21335395312929,0.0,0.0,0,0.0
1774904192.9801147,"[0, 0, 0, 0, 0, 0]","[1291, 1500, 1500, 1500]","[-25.08, 0.0, 0.0, 0.0]","[0.0, 0.0, 0.0]",0,2434.684326171875,0,31.825573501586913,"[44.98291014888, -2.22778320276, 0.57983398428]","[0, 0, 0]",0,3,0.0,0.0,2.424,0,0,0,4294967.295,3750000.384,0,43599,0,-36.857112884521484,21.975452423095703,31.714859008789062,0,state.PRE_FLIGHT,603,-27,0,-26,0.0,2424,2434,"[10.8, 0.5, 17.0, 10.6, 15.5, 17.0, 0, 0]","[0.0, 0.0, 0.0]",-0.0,"[2.9984, 3.3104, 5.0032000000000005, 7.364800000000001, 8.464, 27.8256]","[0.035, 0.215, -0.00375, -0.001875, 0.003125, -0.005625]",0,0,0.0,"[1, 1, 1, 1, 1, 1]",42.097973960385495,0.0,0.0,0,0.0
1774904193.0416617,"[0, 0, 0, 0, 0, 0]","[1291, 1500, 1500, 1500]","[-25.08, 0.0, 0.0, 0.0]","[0.0, 0.0, 0.0]",0,2449.32861328125,0,31.825573501586913,"[44.98291014888, -8.6975097642, -12.45117187296]","[0, 0, 0]",0,3,0.0,0.0,2.449,0,0,0,4294967.295,3750000.384,0,43659,0,-37.07407760620117,21.946121215820312,29.015886306762695,0,state.PRE_FLIGHT,604,-26,0,-26,0.0,2449,2449,"[11.1, 0.5, 17.0, 10.6, 15.9, 15.9, 0, 0]","[0.0, 0.0, 0.0]",-0.0,"[2.9952, 3.3136, 5.0016, 7.3584000000000005, 8.441600000000001, 27.820800000000002]","[0.04125, 0.26125, -0.000625, -0.0025, -0.00375, -0.00375]",0,0,0.0,"[1, 1, 1, 1, 1, 1]",42.265122907113536,0.0,0.0,0,0.0
1774904193.0976613,"[0, 0, 0, 0, 0, 0]","[1291, 1500, 1500, 1500]","[-25.08, 0.0, 0.0, 0.0]","[0.0, 0.0, 0.0]",0,2461.482666015625,0,31.860549087524415,"[44.98291014888, 1.92260742156, 4.1198730462]","[0, 0, 0]",0,3,0.0,0.0,2.449,0,0,0,4294967.295,3750000.384,0,43713,0,-36.82508850097656,21.80055809020996,26.586809158325195,0,state.PRE_FLIGHT,605,-26,0,-26,0.0,2449,2461,"[10.8, 0.5, 17.0, 10.8, 15.9, 17.6, 0, 0]","[0.0, 0.0, 0.0]",-0.0,"[2.9952, 3.3136, 5.0016, 7.3584000000000005, 8.441600000000001, 27.820800000000002]","[0.04125, 0.26125, -0.000625, -0.0025, -0.00375, -0.00375]",0,0,0.0,"[1, 1, 1, 1, 1, 1]",41.99345799399614,0.0,0.0,0,0.0
1774904193.1542184,"[0, 0, 0, 0, 0, 0]","[1291, 1500, 1500, 1500]","[-25.08, 0.0, 0.0, 0.0]","[0.0, 0.0, 0.0]",0,2476.009521484375,0,31.860549087524415,"[44.98291014888, -0.27465820308, -14.52636718512]","[0, 0, 0]",0,3,0.0,0.0,2.471,0,0,0,4294967.295,3750000.384,0,43773,0,-36.826290130615234,21.80121612548828,23.887832641601562,0,state.PRE_FLIGHT,606,-26,0,-26,0.0,2471,2476,"[10.4, 0.5, 16.5, 10.4, 15.9, 17.0, 0, 0]","[0.0, 0.0, 0.0]",-0.0,"[2.9968000000000004, 3.3120000000000003, 5.0032000000000005, 7.3664000000000005, 8.4496, 27.8288]","[0.028125, 0.22875, -0.004375, -0.00125, -0.00125, -0.00375]",0,0,0.0,"[1, 1, 1, 1, 1, 1]",41.99474988317384,0.0,0.0,0,0.0
1774904193.2167943,"[0, 0, 0, 0, 0, 0]","[1291, 1500, 1500, 1500]","[-25.08, 0.0, 0.0, 0.0]","[0.0, 0.0, 0.0]",0,2490.472412109375,0,31.864921035766603,"[44.98291014888, 0.39672851556, 12.87841796664]","[0, 0, 0]",0,3,0.0,0.0,2.471,0,0,0,4294967.295,3750000.384,0,43833,0,-36.58277130126953,21.796939849853516,21.18885612487793,0,state.PRE_FLIGHT,607,-27,0,-26,0.0,2471,2490,"[10.2, 0.5, 15.9, 10.4, 15.9, 17.0, 0, 0]","[0.0, 0.0, 0.0]",-0.0,"[2.9968000000000004, 3.3120000000000003, 5.0032000000000005, 7.3664000000000005, 8.4496, 27.8288]","[0.028125, 0.22875, -0.004375, -0.00125, -0.00125, -0.00375]",0,0,0.0,"[1, 1, 1, 1, 1, 1]",41.79045726840925,0.0,0.0,0,0.0
1774904193.2743301,"[0, 0, 0, 0, 0, 0]","[1291, 1500, 1500, 1500]","[-25.08, 0.0, 0.0, 0.0]","[0.0, 0.0, 0.0]",0,2504.8720703125,0,31.838689346313476,"[44.98291014888, 1.92260742156, -10.9863281232]","[0, 0, 0]",0,3,0.0,0.0,2.497,0,0,0,4294967.295,3750000.384,0,43893,0,-36.61327362060547,21.887849807739258,18.489879608154297,0,state.PRE_FLIGHT,608,-26,0,-26,0.0,2497,2504,"[10.4, 0.5, 15.9, 10.8, 15.5, 17.0, 0, 0]","[0.0, 0.0, 0.0]",-0.0,"[2.9968000000000004, 3.3136, 5.0032000000000005, 7.3632, 8.457600000000001, 27.8272]","[0.03, 0.5575, -0.000625, -0.001875, -0.000625, 0.00625]",0,0,0.0,"[1, 1, 1, 1, 1, 1]",41.85649229100001,0.0,0.0,0,0.0
1774904193.3283472,"[0, 0, 0, 0, 0, 0]","[1291, 1500, 1500, 1500]","[-25.08, 0.0, 0.0, 0.0]","[0.0, 0.0, 0.0]",0,2519.20849609375,0,31.843061294555664,"[44.98291014888, -0.03051757812, 2.99072265576]","[0, 0, 0]",0,3,0.0,0.0,2.497,0,0,0,4294967.295,3750000.384,0,43947,0,-36.46690368652344,21.831241607666016,16.0606689453125,0,state.PRE_FLIGHT,609,-26,0,-25,0.0,2497,2519,"[10.2, 0.5, 17.6, 10.6, 15.5, 16.5, 0, 0]","[0.0, 0.0, 0.0]",-0.0,"[2.9968000000000004, 3.3136, 5.0032000000000005, 7.3632, 8.457600000000001, 27.8272]","[0.03, 0.5575, -0.000625, -0.001875, -0.000625, 0.00625]",0,0,0.0,"[1, 1, 1, 1, 1, 1]",41.709692173314274,0.0,0.0,0,0.0
1774904193.3884134,"[0, 0, 0, 0, 0, 0]","[1291, 1500, 1500, 1500]","[-25.08, 0.0, 0.0, 0.0]","[0.0, 0.0, 0.0]",0,2533.481689453125,0,31.84743324279785,"[44.98291014888, -3.814697265, -8.72802734232]","[0, 0, 0]",0,3,0.0,0.0,2.521,0,0,0,4294967.295,3750000.384,0,44007,0,-36.61461639404297,21.992948532104492,13.36182975769043,0,state.PRE_FLIGHT,610,-26,0,-26,0.0,2521,2533,"[10.6, 0.5, 17.0, 11.1, 15.9, 17.0, 0, 0]","[0.0, 0.0, 0.0]",-0.0,"[2.9936000000000003, 3.3136, 5.0032000000000005, 7.3616, 8.441600000000001, 27.8256]","[0.02875, 0.570625, -0.003125, -0.00375, -0.004375, 0.005]",0,0,0.0,"[1, 1, 1, 1, 1, 1]",41.90482082272824,0.0,0.0,0,0.0
1774904193.4529512,"[0, 0, 0, 0, 0, 0]","[1291, 1500, 1500, 1500]","[-25.08, 0.0, 0.0, 0.0]","[0.0, 0.0, 0.0]",0,2547.692626953125,0,31.860549087524415,"[44.98291014888, -8.0871582018, 3.75366210876]","[0, 0, 0]",0,3,0.0,0.0,2.545,0,0,0,4294967.295,3750000.384,0,44067,0,-36.53525161743164,22.04848289489746,10.66285514831543,0,state.PRE_FLIGHT,611,-26,0,-26,0.0,2545,2547,"[10.8, 0.5, 15.9, 10.6, 15.5, 16.5, 0, 0]","[0.0, 0.0, 0.0]",-0.0,"[2.9936000000000003, 3.3136, 5.0032000000000005, 7.3616, 8.441600000000001, 27.8256]","[0.02875, 0.570625, -0.003125, -0.00375, -0.004375, 0.005]",0,0,0.0,"[1, 1, 1, 1, 1, 1]",41.86420024563122,0.0,0.0,0,0.0
1774904193.50995,"[0, 0, 0, 0, 0, 0]","[1291, 1500, 1500, 1500]","[-25.08, 0.0, 0.0, 0.0]","[0.0, 0.0, 0.0]",0,2561.84130859375,0,31.86929298400879,"[44.98291014888, 4.48608398364, 0.39672851556]","[0, 0, 0]",0,3,0.0,0.0,2.545,0,0,0,4294967.295,3750000.384,0,44127,0,-36.62739181518555,22.074068069458008,7.96388053894043,0,state.PRE_FLIGHT,612,-28,0,-26,0.0,2545,2561,"[10.6, 0.5, 15.9, 10.6, 15.9, 15.9, 0, 0]","[0.0, 0.0, 0.0]",-0.0,"[2.9952, 3.3104, 5.0016, 7.3664000000000005, 8.4512, 27.8256]","[0.03, 0.23625000000000002, -0.000625, 0.000625, -0.000625, 0.00625]",0,0,0.0,"[1, 1, 1, 1, 1, 1]",41.95194554761744,0.0,0.0,0,0.0
1774904193.5654988,"[0, 0, 0, 0, 0, 0]","[1291, 1500, 1500, 1500]","[-25.08, 0.0, 0.0, 0.0]","[0.0, 0.0, 0.0]",0,2573.58447265625,0,31.84743324279785,"[44.98291014888, 7.8430175768399994, -15.07568359128]","[0, 0, 0]",0,3,0.0,0.0,2.568,0,0,0,4294967.295,3750000.384,0,44181,0,-37.109256744384766,22.129568099975586,5.5348029136657715,0,state.PRE_FLIGHT,613,-29,0,-28,0.0,2568,2573,"[10.2, 0.5, 16.5, 10.4, 15.5, 16.5, 0, 0]","[0.0, 0.0, 0.0]",-0.0,"[2.9952, 3.3104, 5.0016, 7.3664000000000005, 8.4512, 27.8256]","[0.03, 0.23625000000000002, -0.000625, 0.000625, -0.000625, 0.00625]",0,0,0.0,"[1, 1, 1, 1, 1, 1]",42.37588265203731,0.0,0.0,0,0.0
1774904193.6265147,"[0, 0, 0, 0, 0, 0]","[1291, 1500, 1500, 1500]","[-25.08, 0.0, 0.0, 0.0]","[0.0, 0.0, 0.0]",0,2587.619384765625,0,31.856177139282227,"[44.98291014888, 2.34985351524, -13.39721679468]","[0, 0, 0]",0,3,0.0,0.0,2.568,0,0,0,4294967.295,3750000.384,0,44241,0,-37.667118072509766,22.155786514282227,2.8358285427093506,0,state.PRE_FLIGHT,614,-29,0,-28,0.0,2568,2587,"[10.2, 0.5, 16.5, 10.4, 15.5, 17.6, 0, 0]","[0.0, 0.0, 0.0]",-0.0,"[2.9968000000000004, 3.3136, 5.0048, 7.3632, 8.4304, 27.8272]","[0.03125, 0.256875, 0.0, -0.000625, -0.00125, -0.00125]",0,0,0.0,"[1, 1, 1, 1, 1, 1]",42.85089876376537,0.0,0.0,0,0.0
1774904193.6867177,"[0, 0, 0, 0, 0, 0]","[1291, 1500, 1500, 1500]","[-25.08, 0.0, 0.0, 0.0]","[0.0, 0.0, 0.0]",0,2601.59326171875,0,31.85180519104004,"[0.0, -6.3781738270799995, 5.7983398428]","[0, 0, 0]",0,3,0.0,0.0,2.592,0,0,0,4294967.295,3750000.384,0,44301,0,-37.583518981933594,22.170433044433594,0.5867279171943665,0,state.PRE_FLIGHT,615,-27,0,-27,0.0,2592,2601,"[10.4, 0.5, 16.5, 10.6, 15.5, 17.0, 0, 0]","[0.0, 0.0, 0.0]",-0.0,"[2.9952, 3.3136, 5.0032000000000005, 7.3616, 8.4464, 27.8256]","[0.036875, 0.22875, -0.0025, -0.000625, 0.00125, -0.000625]",0,0,0.0,"[1, 1, 1, 1, 1, 1]",42.78779674369631,0.0,0.0,0,0.0
1774904193.7422597,"[0, 0, 0, 0, 0, 0]","[1291, 1500, 1500, 1500]","[-25.08, 0.0, 0.0, 0.0]","[0.0, 0.0, 0.0]",0,2615.50537109375,0,31.84743324279785,"[0.0, -2.96020507764, -7.44628906128]","[0, 0, 0]",0,3,0.0,0.0,2.615,0,0,0,4294967.295,3750000.384,0,44361,0,-37.75169372558594,22.280309677124023,0.5867279171943665,0,state.PRE_FLIGHT,616,-27,0,-26,0.0,2615,2615,"[10.8, 0.5, 15.5, 10.2, 15.5, 16.5, 0, 0]","[0.0, 0.0, 0.0]",-0.0,"[2.9952, 3.3136, 5.0032000000000005, 7.3616, 8.4464, 27.8256]","[0.036875, 0.22875, -0.0025, -0.000625, 0.00125, -0.000625]",0,0,0.0,"[1, 1, 1, 1, 1, 1]",42.97594244736024,0.0,0.0,0,0.0
1774904193.7992625,"[0, 0, 0, 0, 0, 0]","[1291, 1500, 1500, 1500]","[-25.08, 0.0, 0.0, 0.0]","[0.0, 0.0, 0.0]",0,2629.357177734375,0,31.864921035766603,"[0.0, -6.7443847645199995, 7.8430175768399994]","[0, 0, 0]",0,3,0.0,0.0,2.615,0,0,0,4294967.295,3750000.384,0,44415,0,-37.57195281982422,22.500320434570312,0.5867279171943665,0,state.PRE_FLIGHT,617,-27,0,-26,0.0,2615,2629,"[11.1, 0.5, 16.5, 10.6, 16.5, 17.6, 0, 0]","[0.0, 0.0, 0.0]",-0.0,"[2.9952, 3.3120000000000003, 5.0048, 7.368, 8.440000000000001, 27.8272]","[0.031875, 0.255, 0.000625, 0.00125, -0.00125, -0.00125]",0,0,0.0,"[1, 1, 1, 1, 1, 1]",42.92428211497275,0.0,0.0,0,0.0
1774904193.8566036,"[0, 0, 0, 0, 0, 0]","[1291, 1500, 1500, 1500]","[-25.08, 0.0, 0.0, 0.0]","[0.0, 0.0, 0.0]",0,2643.14794921875,0,31.860549087524415,"[0.0, -11.62719726372, -2.22778320276]","[0, 0, 0]",0,3,0.0,0.0,2.638,0,0,0,4294967.295,3750000.384,0,44475,0,-37.32512283325195,22.69687271118164,0.5867279171943665,0,state.PRE_FLIGHT,618,-29,0,-27,0.0,2638,2643,"[10.6, 0.5, 16.5, 10.4, 15.9, 16.5, 0, 0]","[0.0, 0.0, 0.0]",-0.0,"[2.9952, 3.3120000000000003, 5.0048, 7.368, 8.440000000000001, 27.8272]","[0.031875, 0.255, 0.000625, 0.00125, -0.00125, -0.00125]",0,0,0.0,"[1, 1, 1, 1, 1, 1]",42.80874661038135,0.0,0.0,0,0.0
1774904193.9181445,"[0, 0, 0, 0, 0, 0]","[1291, 1500, 1500, 1500]","[-25.08, 0.0, 0.0, 0.0]","[0.0, 0.0, 0.0]",0,2656.87890625,0,31.860549087524415,"[0.0, -5.1574707022799995, 6.16455078024]","[0, 0, 0]",0,3,0.0,0.0,2.638,0,0,0,4294967.295,3750000.384,0,44535,0,-37.31991958618164,22.66390609741211,0.5867279171943665,0,state.PRE_FLIGHT,619,-30,0,-29,0.0,2638,2656,"[10.4, 0.5, 17.0, 10.8, 15.5, 16.5, 0, 0]","[0.0, 0.0, 0.0]",-0.0,"[2.9968000000000004, 3.3104, 5.0016, 7.3696, 8.457600000000001, 27.8304]","[0.030625, 0.276875, -0.000625, -0.00125, 0.001875, -0.00125]",0,0,0.0,"[1, 1, 1, 1, 1, 1]",42.789584249151964,0.0,0.0,0,0.0
1774904193.976687,"[0, 0, 0, 0, 0, 0]","[1291, 1500, 1500, 1500]","[-25.08, 0.0, 0.0, 0.0]","[0.0, 0.0, 0.0]",0,2670.548828125,0,31.86929298400879,"[0.0, -3.99780273372, -1.28173828104]","[0, 0, 0]",0,3,0.0,0.0,2.661,0,0,0,4294967.295,3750000.384,0,44595,0,-37.311092376708984,22.64805793762207,0.5867279171943665,0,state.PRE_FLIGHT,620,-28,0,-28,0.0,2661,2670,"[10.4, 0.5, 17.6, 10.8, 15.9, 16.5, 0, 0]","[0.0, 0.0, 0.0]",-0.0,"[2.9968000000000004, 3.3104, 5.0016, 7.3696, 8.457600000000001, 27.8304]","[0.030625, 0.276875, -0.000625, -0.00125, 0.001875, -0.00125]",0,0,0.0,"[1, 1, 1, 1, 1, 1]",42.775165755734236,0.0,0.0,0,0.0
1774904194.0336921,"[0, 0, 0, 0, 0, 0]","[1291, 1500, 1500, 1500]","[-25.08, 0.0, 0.0, 0.0]","[0.0, 0.0, 0.0]",0,2681.8955078125,0,31.84743324279785,"[0.0, -1.19018554668, -15.441894528719999]","[0, 0, 0]",0,3,0.0,0.0,2.661,0,0,0,4294967.295,3750000.384,0,44649,0,-37.43785858154297,22.803451538085938,0.5867279171943665,0,state.PRE_FLIGHT,621,-28,0,-27,0.0,2661,2681,"[10.4, 0.5, 16.5, 10.8, 15.9, 17.0, 0, 0]","[0.0, 0.0, 0.0]",-0.0,"[2.9952, 3.3168, 5.0048, 7.36, 8.440000000000001, 27.8256]","[0.031875, 0.56875, -0.0025, -0.001875, -0.000625, 0.00625]",0,0,0.0,"[1, 1, 1, 1, 1, 1]",42.94963666323681,0.0,0.0,0,0.0
1774904194.0932186,"[0, 0, 0, 0, 0, 0]","[1291, 1500, 1500, 1500]","[-25.08, 0.0, 0.0, 0.0]","[0.0, 0.0, 0.0]",0,2695.456298828125,0,31.864921035766603,"[0.0, -11.62719726372, -3.32641601508]","[0, 0, 0]",0,3,0.0,0.0,2.684,0,0,0,4294967.295,3750000.384,0,44709,0,-37.64503860473633,22.876705169677734,0.5867279171943665,0,state.PRE_FLIGHT,622,-28,0,-27,0.0,2684,2695,"[10.4, 0.5, 17.0, 10.8, 15.9, 17.0, 0, 0]","[0.0, 0.0, 0.0]",-0.0,"[2.9952, 3.3168, 5.0048, 7.36, 8.440000000000001, 27.8256]","[0.031875, 0.56875, -0.0025, -0.001875, -0.000625, 0.00625]",0,0,0.0,"[1, 1, 1, 1, 1, 1]",43.15309182352434,0.0,0.0,0,0.0
1774904194.1517596,"[0, 0, 0, 0, 0, 0]","[1291, 1500, 1500, 1500]","[-25.08, 0.0, 0.0, 0.0]","[0.0, 0.0, 0.0]",0,2708.958251953125,0,31.856177139282227,"[0.0, -4.5471191398799995, 2.4414062496]","[0, 0, 0]",0,3,0.0,0.0,2.706,0,0,0,4294967.295,3750000.384,0,44769,0,-37.535457611083984,23.012752532958984,0.5867279171943665,0,state.PRE_FLIGHT,623,-28,0,-27,0.0,2706,2708,"[10.4, 0.5, 17.0, 10.6, 15.5, 17.0, 0, 0]","[0.0, 0.0, 0.0]",-0.0,"[2.9952, 3.3120000000000003, 5.0048, 7.368, 8.4544, 27.8256]","[0.035625000000000004, 0.574375, 0.0, -0.001875, 0.0, 0.00625]",0,0,0.0,"[1, 1, 1, 1, 1, 1]",43.12452874534219,0.0,0.0,0,0.0
1774904194.2118223,"[0, 0, 0, 0, 0, 0]","[1291, 1500, 1500, 1500]","[-25.08, 0.0, 0.0, 0.0]","[0.0, 0.0, 0.0]",0,2722.40087890625,0,31.860549087524415,"[0.0, 6.43920898332, 0.21362304684]","[0, 0, 0]",0,3,0.0,0.0,2.706,0,0,0,4294967.295,3750000.384,0,44829,0,-37.5620002746582,22.89067268371582,0.5867279171943665,0,state.PRE_FLIGHT,624,-28,0,-27,0.0,2706,2722,"[10.8, 0.5, 15.9, 10.4, 15.9, 17.0, 0, 0]","[0.0, 0.0, 0.0]",-0.0,"[2.9952, 3.3120000000000003, 5.0048, 7.368, 8.4544, 27.8256]","[0.035625000000000004, 0.574375, 0.0, -0.001875, 0.0, 0.00625]",0,0,0.0,"[1, 1, 1, 1, 1, 1]",43.091094599736465,0.0,0.0,0,0.0
1774904194.26837,"[0, 0, 0, 0, 0, 0]","[1291, 1500, 1500, 1500]","[-25.08, 0.0, 0.0, 0.0]","[0.0, 0.0, 0.0]",0,2733.55859375,0,31.878036880493163,"[0.0, 0.39672851556, 2.80761718704]","[0, 0, 0]",0,3,0.0,0.0,2.729,0,0,0,4294967.295,3750000.384,0,44883,0,-37.838539123535156,23.14019012451172,0.5867279171943665,0,state.PRE_FLIGHT,625,-28,0,-27,0.0,2729,2733,"[10.8, 0.5, 16.5, 10.8, 16.5, 16.5, 0, 0]","[0.0, 0.0, 0.0]",-0.0,"[2.9984, 3.3104, 5.0032000000000005, 7.3632, 8.4512, 27.8256]","[0.03375, 0.22625, -0.00375, -0.000625, -0.001875, 0.000625]",0,0,0.0,"[1, 1, 1, 1, 1, 1]",43.43084497639565,0.0,0.0,0,0.0
1774904194.3283927,"[0, 0, 0, 0, 0, 0]","[1291, 1500, 1500, 1500]","[-25.08, 0.0, 0.0, 0.0]","[0.0, 0.0, 0.0]",0,2746.8935546875,0,31.864921035766603,"[0.0, 10.58959960764, -6.8664550769999995]","[0, 0, 0]",0,3,0.0,0.0,2.729,0,0,0,4294967.295,3750000.384,0,44943,0,-37.99723434448242,23.06142807006836,0.5867279171943665,0,state.PRE_FLIGHT,626,-29,0,-28,0.0,2729,2746,"[10.8, 0.5, 15.9, 10.6, 15.9, 16.5, 0, 0]","[0.0, 0.0, 0.0]",-0.0,"[2.9984, 3.3104, 5.0032000000000005, 7.3632, 8.4512, 27.8256]","[0.03375, 0.22625, -0.00375, -0.000625, -0.001875, 0.000625]",0,0,0.0,"[1, 1, 1, 1, 1, 1]",43.52578278443283,0.0,0.0,0,0.0
1774904194.3874009,"[0, 0, 0, 0, 0, 0]","[1291, 1500, 1500, 1500]","[-25.08, 0.0, 0.0, 0.0]","[0.0, 0.0, 0.0]",0,2760.169677734375,0,31.886780776977538,"[0.0, -1.80053710908, 7.8430175768399994]","[0, 0, 0]",0,3,0.0,0.0,2.749,0,0,0,4294967.295,3750000.384,0,45003,0,-37.88982009887695,22.986961364746094,0.5867279171943665,0,state.PRE_FLIGHT,627,-27,0,-27,0.0,2749,2760,"[10.6, 0.5, 17.0, 10.4, 15.9, 16.5, 0, 0]","[0.0, 0.0, 0.0]",-0.0,"[2.9936000000000003, 3.3088, 5.0032000000000005, 7.36, 8.4336, 27.8256]","[0.0275, 0.261875, -0.005, -0.003125, -0.001875, -0.003125]",0,0,0.0,"[1, 1, 1, 1, 1, 1]",43.40403028388625,0.0,0.0,0,0.0
1774904194.4468393,"[0, 0, 0, 0, 0, 0]","[1291, 1500, 1500, 1500]","[-25.08, 0.0, 0.0, 0.0]","[0.0, 0.0, 0.0]",0,2773.388427734375,0,31.878036880493163,"[0.0, -13.82446288836, -5.00488281168]","[0, 0, 0]",0,3,0.0,0.0,2.773,0,0,0,4294967.295,3750000.384,0,45063,0,-37.707603454589844,23.2054500579834,0.5867279171943665,0,state.PRE_FLIGHT,628,-27,0,-26,0.0,2773,2773,"[10.6, 0.5, 17.0, 10.8, 15.5, 16.5, 0, 0]","[0.0, 0.0, 0.0]",-0.0,"[3.0, 3.3120000000000003, 5.0, 7.364800000000001, 8.4352, 27.8288]","[0.035, 0.231875, 0.000625, -0.00125, 0.000625, -0.004375]",0,0,0.0,"[1, 1, 1, 1, 1, 1]",43.35306537784312,0.0,0.0,0,0.0
1774904194.501845,"[0, 0, 0, 0, 0, 0]","[1291, 1500, 1500, 1500]","[-25.08, 0.0, 0.0, 0.0]","[0.0, 0.0, 0.0]",0,2786.548828125,0,31.864921035766603,"[0.0, -11.87133788868, 0.21362304684]","[0, 0, 0]",0,3,0.0,0.0,2.773,0,0,0,4294967.295,3750000.384,0,45117,0,-37.43549346923828,23.169694900512695,0.5867279171943665,0,state.PRE_FLIGHT,629,-28,0,-27,0.0,2773,2786,"[10.6, 0.5, 16.5, 10.6, 15.0, 16.5, 0, 0]","[0.0, 0.0, 0.0]",-0.0,"[3.0, 3.3120000000000003, 5.0, 7.364800000000001, 8.4352, 27.8288]","[0.035, 0.231875, 0.000625, -0.00125, 0.000625, -0.004375]",0,0,0.0,"[1, 1, 1, 1, 1, 1]",43.114114860287934,0.0,0.0,0,0.0
1774904194.5593805,"[0, 0, 0, 0, 0, 0]","[1291, 1500, 1500, 1500]","[-25.08, 0.0, 0.0, 0.0]","[0.0, 0.0, 0.0]",0,2799.65185546875,0,31.873664932250975,"[0.0, -2.5939941402, 1.525878906]","[0, 0, 0]",0,3,0.0,0.0,2.795,0,0,0,4294967.295,3750000.384,0,45177,0,-37.27193832397461,23.440078735351562,0.5867279171943665,0,state.PRE_FLIGHT,630,-27,0,-26,0.0,2795,2799,"[10.4, 0.5, 17.0, 10.6, 15.5, 17.0, 0, 0]","[0.0, 0.0, 0.0]",-0.0,"[2.9952, 3.3120000000000003, 5.0016, 7.3664000000000005, 8.4672, 27.8256]","[0.038125, 0.248125, -0.0025, -0.001875, 0.0, -0.004375]",0,0,0.0,"[1, 1, 1, 1, 1, 1]",43.105178854145635,0.0,0.0,0,0.0
1774904194.619382,"[0, 0, 0, 0, 0, 0]","[1291, 1500, 1500, 1500]","[-25.08, 0.0, 0.0, 0.0]","[0.0, 0.0, 0.0]",0,2812.697021484375,0,31.86929298400879,"[0.0, 13.39721679468, 18.28002929388]","[0, 0, 0]",0,3,0.0,0.0,2.795,0,0,0,4294967.295,3750000.384,0,45237,0,-37.026546478271484,23.3375186920166,0.5867279171943665,0,state.PRE_FLIGHT,631,-26,0,-26,0.0,2795,2812,"[10.2, 0.5, 17.0, 10.8, 15.9, 17.0, 0, 0]","[0.0, 0.0, 0.0]",-0.0,"[2.9952, 3.3120000000000003, 5.0016, 7.3664000000000005, 8.4672, 27.8256]","[0.038125, 0.248125, -0.0025, -0.001875, 0.0, -0.004375]",0,0,0.0,"[1, 1, 1, 1, 1, 1]",42.85807731180823,0.0,0.0,0,0.0
1774904194.678469,"[0, 0, 0, 0, 0, 0]","[1291, 1500, 1500, 1500]","[-25.08, 0.0, 0.0, 0.0]","[0.0, 0.0, 0.0]",0,2825.685302734375,0,31.86929298400879,"[0.0, 6.8664550769999995, 0.57983398428]","[0, 0, 0]",0,3,0.0,0.0,2.817,0,0,0,4294967.295,3750000.384,0,45297,0,-37.1574592590332,23.4901065826416,0.5867279171943665,0,state.PRE_FLIGHT,632,-28,0,-26,0.0,2817,2825,"[10.6, 0.5, 16.5, 10.6, 15.5, 17.0, 0, 0]","[0.0, 0.0, 0.0]",-0.0,"[2.9968000000000004, 3.3120000000000003, 5.0032000000000005, 7.36, 8.4384, 27.8256]","[0.035, 0.5181250000000001, 0.0, -0.000625, -0.0025, -0.003125]",0,0,0.0,"[1, 1, 1, 1, 1, 1]",43.035406306585394,0.0,0.0,0,0.0
1774904194.7340074,"[0, 0, 0, 0, 0, 0]","[1291, 1500, 1500, 1500]","[-25.08, 0.0, 0.0, 0.0]","[0.0, 0.0, 0.0]",0,2836.465576171875,0,31.873664932250975,"[0.0, 11.19995117004, 8.02612304556]","[0, 0, 0]",0,3,0.0,0.0,2.817,0,0,0,4294967.295,3750000.384,0,45351,0,-36.953433990478516,23.521888732910156,0.5867279171943665,0,state.PRE_FLIGHT,633,-30,0,-29,0.0,2817,2836,"[10.2, 0.5, 15.9, 10.2, 15.9, 17.6, 0, 0]","[0.0, 0.0, 0.0]",-0.0,"[2.9968000000000004, 3.3120000000000003, 5.0032000000000005, 7.36, 8.4384, 27.8256]","[0.035, 0.5181250000000001, 0.0, -0.000625, -0.0025, -0.003125]",0,0,0.0,"[1, 1, 1, 1, 1, 1]",42.8848172140897,0.0,0.0,0,0.0
1774904194.7925334,"[0, 0, 0, 0, 0, 0]","[1291, 1500, 1500, 1500]","[-25.08, 0.0, 0.0, 0.0]","[0.0, 0.0, 0.0]",0,2849.349609375,0,31.88240882873535,"[0.0, -8.33129882676, -1.8310546872]","[0, 0, 0]",0,3,0.0,0.0,2.838,0,0,0,4294967.295,3750000.384,0,45411,0,-36.95191192626953,23.58417320251465,0.5867279171943665,0,state.PRE_FLIGHT,634,-31,0,-30,0.0,2838,2849,"[10.4, 0.5, 17.0, 10.2, 15.9, 17.6, 0, 0]","[0.0, 0.0, 0.0]",-0.0,"[2.9952, 3.3104, 5.0032000000000005, 7.3664000000000005, 8.4624, 27.8272]","[0.035, 0.5375, -0.00125, -0.003125, 0.000625, 0.00375]",0,0,0.0,"[1, 1, 1, 1, 1, 1]",42.91280378914001,0.0,0.0,0,0.0
1774904194.8530583,"[0, 0, 0, 0, 0, 0]","[1291, 1500, 1500, 1500]","[-25.08, 0.0, 0.0, 0.0]","[0.0, 0.0, 0.0]",0,2862.177001953125,0,31.895524673461914,"[0.0, -8.6975097642, 2.99072265576]","[0, 0, 0]",0,3,0.0,0.0,2.86,0,0,0,4294967.295,3750000.384,0,45471,0,-36.802040100097656,23.7423095703125,0.5867279171943665,0,state.PRE_FLIGHT,635,-30,0,-30,0.0,2860,2862,"[10.6, 0.5, 17.0, 10.4, 15.0, 16.5, 0, 0]","[0.0, 0.0, 0.0]",-0.0,"[2.9952, 3.3104, 5.0032000000000005, 7.3664000000000005, 8.4624, 27.8272]","[0.035, 0.5375, -0.00125, -0.003125, 0.000625, 0.00375]",0,0,0.0,"[1, 1, 1, 1, 1, 1]",42.8663661355416,0.0,0.0,0,0.0
1774904194.916602,"[0, 0, 0, 0, 0, 0]","[1291, 1500, 1500, 1500]","[-25.08, 0.0, 0.0, 0.0]","[0.0, 0.0, 0.0]",0,2874.948486328125,0,31.86929298400879,"[0.0, 11.99340820116, 11.01684570132]","[0, 0, 0]",0,3,0.0,0.0,2.86,0,0,0,4294967.295,3750000.384,0,45531,0,-36.69641876220703,23.54578971862793,0.5867279171943665,0,state.PRE_FLIGHT,636,-30,0,-29,0.0,2860,2874,"[10.8, 0.5, 16.5, 10.8, 16.5, 16.5, 0, 0]","[0.0, 0.0, 0.0]",-0.0,"[2.9952, 3.3136, 5.0016, 7.3632, 8.4512, 27.8272]","[0.0325, 0.576875, -0.0025, -0.003125, 0.00125, 0.00125]",0,0,0.0,"[1, 1, 1, 1, 1, 1]",42.68814169193981,0.0,0.0,0,0.0
1774904194.9671545,"[0, 0, 0, 0, 0, 0]","[1291, 1500, 1500, 1500]","[-25.08, 0.0, 0.0, 0.0]","[0.0, 0.0, 0.0]",0,2887.66357421875,0,31.878036880493163,"[0.0, -3.2043457026, -3.14331054636]","[0, 0, 0]",0,3,0.0,0.0,2.881,0,0,0,4294967.295,3750000.384,0,45585,0,-36.8541259765625,23.602243423461914,0.5867279171943665,0,state.PRE_FLIGHT,637,-30,0,-29,0.0,2881,2887,"[10.4, 0.5, 16.5, 11.1, 15.9, 15.9, 0, 0]","[0.0, 0.0, 0.0]",-0.0,"[2.9952, 3.3136, 5.0016, 7.3632, 8.4512, 27.8272]","[0.0325, 0.576875, -0.0025, -0.003125, 0.00125, 0.00125]",0,0,0.0,"[1, 1, 1, 1, 1, 1]",42.84222344458413,0.0,0.0,0,0.0
1774904195.0281775,"[0, 0, 0, 0, 0, 0]","[1291, 1500, 1500, 1500]","[-25.08, 0.0, 0.0, 0.0]","[0.0, 0.0, 0.0]",0,2900.32275390625,0,31.88240882873535,"[0.0, 3.69262695252, 1.31225585916]","[0, 0, 0]",0,3,0.0,0.0,2.881,0,0,0,4294967.295,3750000.384,0,45645,0,-36.99480056762695,23.474681854248047,0.5867279171943665,0,state.PRE_FLIGHT,638,-28,0,-29,0.0,2881,2900,"[10.6, 0.5, 17.6, 10.6, 15.5, 17.6, 0, 0]","[0.0, 0.0, 0.0]",-0.0,"[2.9952, 3.3136, 5.0048, 7.3616, 8.4352, 27.824]","[0.028125, 0.239375, -0.0025, -0.003125, -0.003125, 0.004375]",0,0,0.0,"[1, 1, 1, 1, 1, 1]",42.89624755507015,0.0,0.0,0,0.0
1774904195.0866988,"[0, 0, 0, 0, 0, 0]","[1291, 1500, 1500, 1500]","[-25.08, 0.0, 0.0, 0.0]","[0.0, 0.0, 0.0]",0,2912.926513671875,0,31.88240882873535,"[0.0, -2.16674804652, 8.20922851428]","[0, 0, 0]",0,3,0.0,0.0,2.902,0,0,0,4294967.295,3750000.384,0,45705,0,-36.90812301635742,23.46675682067871,0.5867279171943665,0,state.PRE_FLIGHT,639,-26,0,-26,0.0,2902,2912,"[10.2, 0.5, 17.0, 10.8, 15.0, 17.6, 0, 0]","[0.0, 0.0, 0.0]",-0.0,"[2.9952, 3.3120000000000003, 5.0032000000000005, 7.3664000000000005, 8.4672, 27.8272]","[0.035625000000000004, 0.20375000000000001, 0.00375, 0.00125, -0.000625, -0.000625]",0,0,0.0,"[1, 1, 1, 1, 1, 1]",42.82227428006975,0.0,0.0,0,0.0
1774904195.1502109,"[0, 0, 0, 0, 0, 0]","[1291, 1500, 1500, 1500]","[-25.08, 0.0, 0.0, 0.0]","[0.0, 0.0, 0.0]",0,2925.474853515625,0,31.886780776977538,"[0.0, -7.1105957019599995, -4.82177734296]","[0, 0, 0]",0,3,0.0,0.0,2.923,0,0,0,4294967.295,3750000.384,0,45765,0,-36.830299377441406,23.575393676757812,0.5867279171943665,0,state.PRE_FLIGHT,640,-28,0,-26,0.0,2923,2925,"[10.6, 0.5, 15.9, 10.4, 15.9, 15.9, 0, 0]","[0.0, 0.0, 0.0]",-0.0,"[2.9952, 3.3120000000000003, 5.0032000000000005, 7.3664000000000005, 8.4672, 27.8272]","[0.035625000000000004, 0.20375000000000001, 0.00375, 0.00125, -0.000625, -0.000625]",0,0,0.0,"[1, 1, 1, 1, 1, 1]",42.81031352834686,0.0,0.0,0,0.0
1774904195.2010968,"[0, 0, 0, 0, 0, 0]","[1291, 1500, 1500, 1500]","[-25.08, 0.0, 0.0, 0.0]","[0.0, 0.0, 0.0]",0,2935.8896484375,0,31.891152725219726,"[0.0, -1.43432617164, 4.85229492108]","[0, 0, 0]",0,3,0.0,0.0,2.923,0,0,0,4294967.295,3750000.384,0,45819,0,-36.60015106201172,23.62481689453125,0.5867279171943665,0,state.PRE_FLIGHT,641,-29,0,-28,0.0,2923,2935,"[10.2, 0.5, 16.5, 10.6, 15.9, 15.9, 0, 0]","[0.0, 0.0, 0.0]",-0.0,"[2.9968000000000004, 3.3136, 5.0032000000000005, 7.3712, 8.4496, 27.8272]","[0.031875, 0.25375000000000003, -0.003125, -0.005, -0.003125, 0.0]",0,0,0.0,"[1, 1, 1, 1, 1, 1]",42.647871461542934,0.0,0.0,0,0.0
1774904195.2606547,"[0, 0, 0, 0, 0, 0]","[1291, 1500, 1500, 1500]","[-25.08, 0.0, 0.0, 0.0]","[0.0, 0.0, 0.0]",0,2948.3369140625,0,31.895524673461914,"[0.0, 0.39672851556, -3.32641601508]","[0, 0, 0]",0,3,0.0,0.0,2.944,0,0,0,4294967.295,3750000.384,0,45879,0,-36.48908615112305,23.644960403442383,0.5867279171943665,0,state.PRE_FLIGHT,642,-27,0,-28,0.0,2944,2948,"[10.6, 0.5, 16.5, 10.2, 15.9, 17.0, 0, 0]","[0.0, 0.0, 0.0]",-0.0,"[2.9968000000000004, 3.3136, 5.0032000000000005, 7.3712, 8.4496, 27.8272]","[0.031875, 0.25375000000000003, -0.003125, -0.005, -0.003125, 0.0]",0,0,0.0,"[1, 1, 1, 1, 1, 1]",42.56796018854785,0.0,0.0,0,0.0
1774904195.3216612,"[0, 0, 0, 0, 0, 0]","[1291, 1500, 1500, 1500]","[-25.08, 0.0, 0.0, 0.0]","[0.0, 0.0, 0.0]",0,2960.7294921875,0,31.908640518188477,"[0.0, 8.81958007668, 8.78906249856]","[0, 0, 0]",0,3,0.0,0.0,2.944,0,0,0,4294967.295,3750000.384,0,45939,0,-36.41706085205078,23.56989288330078,0.5867279171943665,0,state.PRE_FLIGHT,643,-25,0,-25,0.0,2944,2960,"[10.0, 0.5, 17.6, 10.4, 15.5, 15.9, 0, 0]","[0.0, 0.0, 0.0]",-0.0,"[2.9952, 3.3120000000000003, 5.0032000000000005, 7.36, 8.464, 27.8256]","[0.03125, 0.2575, -0.005, -0.003125, 0.001875, -0.004375]",0,0,0.0,"[1, 1, 1, 1, 1, 1]",42.47416332142155,0.0,0.0,0,0.0
1774904195.3823178,"[0, 0, 0, 0, 0, 0]","[1291, 1500, 1500, 1500]","[-25.08, 0.0, 0.0, 0.0]","[0.0, 0.0, 0.0]",0,2973.067626953125,0,31.891152725219726,"[0.0, 5.8898925771599995, -6.68334960828]","[0, 0, 0]",0,3,0.0,0.0,2.964,0,0,0,4294967.295,3750000.384,0,45999,0,-36.45676040649414,23.55158042907715,0.5867279171943665,0,state.PRE_FLIGHT,644,-25,0,-24,0.0,2964,2973,"[10.4, 0.5, 17.0, 10.4, 15.9, 16.5, 0, 0]","[0.0, 0.0, 0.0]",-0.0,"[2.9952, 3.3120000000000003, 5.0032000000000005, 7.36, 8.464, 27.8256]","[0.03125, 0.2575, -0.005, -0.003125, 0.001875, -0.004375]",0,0,0.0,"[1, 1, 1, 1, 1, 1]",42.49744482435494,0.0,0.0,0,0.0
1774904195.4343524,"[0, 0, 0, 0, 0, 0]","[1291, 1500, 1500, 1500]","[-25.08, 0.0, 0.0, 0.0]","[0.0, 0.0, 0.0]",0,2983.30712890625,0,31.886780776977538,"[0.0, 4.9133300773199995, 1.70898437472]","[0, 0, 0]",0,3,0.0,0.0,2.983,0,0,0,4294967.295,3750000.384,0,46053,0,-36.518497467041016,23.67665672302246,0.5867279171943665,0,state.PRE_FLIGHT,645,-26,0,-25,0.0,2983,2983,"[10.4, 0.5, 15.9, 10.4, 15.5, 16.5, 0, 0]","[0.0, 0.0, 0.0]",-0.0,"[2.9952, 3.3088, 5.0016, 7.3664000000000005, 8.4624, 27.8256]","[0.030625, 0.574375, 0.00125, -0.00375, 0.0, -0.000625]",0,0,0.0,"[1, 1, 1, 1, 1, 1]",42.6067509095944,0.0,0.0,0,0.0
1774904195.494878,"[0, 0, 0, 0, 0, 0]","[1291, 1500, 1500, 1500]","[-25.08, 0.0, 0.0, 0.0]","[0.0, 0.0, 0.0]",0,2995.54541015625,0,31.891152725219726,"[0.0, -7.7209472643599995, -8.17871093616]","[0, 0, 0]",0,3,0.0,0.0,2.983,0,0,0,4294967.295,3750000.384,0,46113,0,-36.58441162109375,23.674823760986328,0.5867279171943665,0,state.PRE_FLIGHT,646,-26,0,-25,0.0,2983,2995,"[10.4, 0.5, 17.0, 10.8, 15.9, 15.9, 0, 0]","[0.0, 0.0, 0.0]",-0.0,"[2.9952, 3.3088, 5.0016, 7.3664000000000005, 8.4624, 27.8256]","[0.030625, 0.574375, 0.00125, -0.00375, 0.0, -0.000625]",0,0,0.0,"[1, 1, 1, 1, 1, 1]",42.65895770585537,0.0,0.0,0,0.0
1774904195.558176,"[0, 0, 0, 0, 0, 0]","[1291, 1500, 1500, 1500]","[-25.08, 0.0, 0.0, 0.0]","[0.0, 0.0, 0.0]",0,3007.730224609375,0,31.913012466430665,"[0.0, 14.73999023196, -0.54931640616]","[0, 0, 0]",0,3,0.0,0.0,3.003,0,0,0,4294967.295,3750000.384,0,46173,0,-36.57952880859375,23.550928115844727,0.5867279171943665,0,state.PRE_FLIGHT,647,-26,0,-26,0.0,3003,3007,"[10.2, 0.5, 15.9, 10.6, 16.5, 15.9, 0, 0]","[0.0, 0.0, 0.0]",-0.0,"[2.9952, 3.3120000000000003, 5.0064, 7.3664000000000005, 8.443200000000001, 27.8304]","[0.03, 0.579375, 0.000625, -0.003125, 0.001875, 0.005625]",0,0,0.0,"[1, 1, 1, 1, 1, 1]",42.59617681128428,0.0,0.0,0,0.0
1774904195.6181736,"[0, 0, 0, 0, 0, 0]","[1291, 1500, 1500, 1500]","[-25.08, 0.0, 0.0, 0.0]","[0.0, 0.0, 0.0]",0,3019.861328125,0,31.908640518188477,"[0.0, 4.3029785149199995, 5.7983398428]","[0, 0, 0]",0,3,0.0,0.0,3.003,0,0,0,4294967.295,3750000.384,0,46233,0,-36.6024055480957,23.613195419311523,0.5867279171943665,0,state.PRE_FLIGHT,648,-25,0,-25,0.0,3003,3019,"[10.2, 0.5, 17.0, 10.8, 15.9, 16.5, 0, 0]","[0.0, 0.0, 0.0]",-0.0,"[2.9952, 3.3120000000000003, 5.0064, 7.3664000000000005, 8.443200000000001, 27.8304]","[0.03, 0.579375, 0.000625, -0.003125, 0.001875, 0.005625]",0,0,0.0,"[1, 1, 1, 1, 1, 1]",42.64417182124732,0.0,0.0,0,0.0
1774904195.6697333,"[0, 0, 0, 0, 0, 0]","[1291, 1500, 1500, 1500]","[-25.08, 0.0, 0.0, 0.0]","[0.0, 0.0, 0.0]",0,3031.93896484375,0,31.891152725219726,"[0.0, -5.1574707022799995, 9.70458984216]","[0, 0, 0]",0,3,0.0,0.0,3.025,0,0,0,4294967.295,3750000.384,0,46287,0,-36.259849548339844,23.577213287353516,0.5867279171943665,0,state.PRE_FLIGHT,649,-25,0,-24,0.0,3025,3031,"[10.0, 0.5, 15.9, 10.8, 16.5, 17.6, 0, 0]","[0.0, 0.0, 0.0]",-0.0,"[2.992, 3.3104, 5.0032000000000005, 7.364800000000001, 8.4464, 27.8288]","[0.03375, 0.39375, -0.0025, -0.000625, -0.0025, 0.0025]",0,0,0.0,"[1, 1, 1, 1, 1, 1]",42.35106758593976,0.0,0.0,0,0.0
1774904195.7334335,"[0, 0, 0, 0, 0, 0]","[1291, 1500, 1500, 1500]","[-25.08, 0.0, 0.0, 0.0]","[0.0, 0.0, 0.0]",0,3043.962646484375,0,31.913012466430665,"[0.0, -14.43481445076, 8.97216796728]","[0, 0, 0]",0,3,0.0,0.0,3.025,0,0,0,4294967.295,3750000.384,0,46347,0,-35.90827178955078,23.834190368652344,0.5867279171943665,0,state.PRE_FLIGHT,650,-26,0,-25,0.0,3025,3043,"[10.8, 0.5, 17.0, 10.6, 15.9, 15.9, 0, 0]","[0.0, 0.0, 0.0]",-0.0,"[2.992, 3.3104, 5.0032000000000005, 7.364800000000001, 8.4464, 27.8288]","[0.03375, 0.39375, -0.0025, -0.000625, -0.0025, 0.0025]",0,0,0.0,"[1, 1, 1, 1, 1, 1]",42.193329890511826,0.0,0.0,0,0.0
1774904195.7919765,"[0, 0, 0, 0, 0, 0]","[1291, 1500, 1500, 1500]","[-25.08, 0.0, 0.0, 0.0]","[0.0, 0.0, 0.0]",0,3055.9345703125,0,31.895524673461914,"[0.0, 3.69262695252, 2.07519531216]","[0, 0, 0]",0,3,0.0,0.0,3.045,0,0,0,4294967.295,3750000.384,0,46407,0,-35.755977630615234,23.838455200195312,0.5867279171943665,0,state.PRE_FLIGHT,651,-26,0,-25,0.0,3045,3055,"[10.8, 0.5, 15.5, 10.4, 15.9, 16.5, 0, 0]","[0.0, 0.0, 0.0]",-0.0,"[2.9968000000000004, 3.3104, 5.0016, 7.3632, 8.4496, 27.8288]","[0.035625000000000004, 0.2325, 0.003125, -0.001875, -0.003125, 0.000625]",0,0,0.0,"[1, 1, 1, 1, 1, 1]",42.073852233304635,0.0,0.0,0,0.0
1774904195.851518,"[0, 0, 0, 0, 0, 0]","[1291, 1500, 1500, 1500]","[-25.08, 0.0, 0.0, 0.0]","[0.0, 0.0, 0.0]",0,3067.849365234375,0,31.92612831115723,"[0.0, -5.9509277334, -3.69262695252]","[0, 0, 0]",0,3,0.0,0.0,3.065,0,0,0,4294967.295,3750000.384,0,46467,0,-36.00074768066406,24.10340690612793,0.5867279171943665,0,state.PRE_FLIGHT,652,-26,0,-25,0.0,3065,3067,"[10.2, 0.5, 16.5, 10.6, 15.9, 17.6, 0, 0]","[0.0, 0.0, 0.0]",-0.0,"[2.9952, 3.3120000000000003, 5.0048, 7.3664000000000005, 8.4448, 27.8288]","[0.034375, 0.218125, -0.004375, -0.001875, -0.001875, -0.00375]",0,0,0.0,"[1, 1, 1, 1, 1, 1]",42.3986085096874,0.0,0.0,0,0.0
1774904195.90284,"[0, 0, 0, 0, 0, 0]","[1291, 1500, 1500, 1500]","[-25.08, 0.0, 0.0, 0.0]","[0.0, 0.0, 0.0]",0,3077.740234375,0,31.92175636291504,"[0.0, 1.92260742156, 7.8430175768399994]","[0, 0, 0]",0,3,0.0,0.0,3.065,0,0,0,4294967.295,3750000.384,0,46521,0,-35.64078140258789,24.109025955200195,0.5867279171943665,0,state.PRE_FLIGHT,653,-26,0,-25,0.0,3065,3077,"[10.6, 0.5, 16.5, 10.6, 15.5, 17.6, 0, 0]","[0.0, 0.0, 0.0]",-0.0,"[2.9952, 3.3120000000000003, 5.0048, 7.3664000000000005, 8.4448, 27.8288]","[0.034375, 0.218125, -0.004375, -0.001875, -0.001875, -0.00375]",0,0,0.0,"[1, 1, 1, 1, 1, 1]",42.1154125760759,0.0,0.0,0,0.0
1774904195.9663885,"[0, 0, 0, 0, 0, 0]","[1291, 1500, 1500, 1500]","[-25.08, 0.0, 0.0, 0.0]","[0.0, 0.0, 0.0]",0,3089.560546875,0,31.913012466430665,"[0.0, 12.60375976356, -0.9155273436]","[0, 0, 0]",0,3,0.0,0.0,3.085,0,0,0,4294967.295,3750000.384,0,46581,0,-35.779335021972656,24.009553909301758,0.5867279171943665,0,state.PRE_FLIGHT,654,-26,0,-26,0.0,3085,3089,"[10.8, 0.5, 17.0, 10.4, 15.9, 16.5, 0, 0]","[0.0, 0.0, 0.0]",-0.0,"[2.9952, 3.3120000000000003, 5.0048, 7.3616, 8.440000000000001, 27.8288]","[0.036875, 0.24875, -0.0025, -0.0025, -0.00375, -0.005]",0,0,0.0,"[1, 1, 1, 1, 1, 1]",42.17639052980231,0.0,0.0,0,0.0
1774904196.0234025,"[0, 0, 0, 0, 0, 0]","[1291, 1500, 1500, 1500]","[-25.08, 0.0, 0.0, 0.0]","[0.0, 0.0, 0.0]",0,3101.328857421875,0,31.92612831115723,"[0.0, -0.82397460924, -5.37109374912]","[0, 0, 0]",0,3,0.0,0.0,3.085,0,0,0,4294967.295,3750000.384,0,46641,0,-35.64384460449219,24.127960205078125,0.5867279171943665,0,state.PRE_FLIGHT,655,-26,0,-26,0.0,3085,3101,"[10.2, 0.5, 16.5, 10.8, 16.5, 15.9, 0, 0]","[0.0, 0.0, 0.0]",-0.0,"[2.9952, 3.3120000000000003, 5.0048, 7.3616, 8.440000000000001, 27.8288]","[0.036875, 0.24875, -0.0025, -0.0025, -0.00375, -0.005]",0,0,0.0,"[1, 1, 1, 1, 1, 1]",42.12721633691628,0.0,0.0,0,0.0
1774904196.0829468,"[0, 0, 0, 0, 0, 0]","[1291, 1500, 1500, 1500]","[-25.08, 0.0, 0.0, 0.0]","[0.0, 0.0, 0.0]",0,3113.04248046875,0,31.90426856994629,"[0.0, -14.43481445076, 0.762939453]","[0, 0, 0]",0,3,0.0,0.0,3.105,0,0,0,4294967.295,3750000.384,0,46701,0,-35.6331901550293,24.19451904296875,0.5867279171943665,0,state.PRE_FLIGHT,656,-26,0,-26,0.0,3105,3113,"[10.4, 0.5, 17.0, 10.2, 15.9, 16.5, 0, 0]","[0.0, 0.0, 0.0]",-0.0,"[2.9936000000000003, 3.3136, 5.0016, 7.3616, 8.4672, 27.8272]","[0.03375, 0.248125, -0.003125, -0.00375, 0.0, -0.0025]",0,0,0.0,"[1, 1, 1, 1, 1, 1]",42.15177359298358,0.0,0.0,0,0.0
1774904196.1384945,"[0, 0, 0, 0, 0, 0]","[1291, 1500, 1500, 1500]","[-25.08, 0.0, 0.0, 0.0]","[0.0, 0.0, 0.0]",0,3124.707275390625,0,31.92612831115723,"[0.0, 1.12915039044, 0.94604492172]","[0, 0, 0]",0,3,0.0,0.0,3.124,0,0,0,4294967.295,3750000.384,0,46755,0,-35.49929428100586,24.174596786499023,0.5867279171943665,0,state.PRE_FLIGHT,657,-26,0,-26,0.0,3124,3124,"[10.4, 0.5, 16.5, 10.6, 15.9, 17.0, 0, 0]","[0.0, 0.0, 0.0]",-0.0,"[2.9936000000000003, 3.3136, 5.0016, 7.3616, 8.4672, 27.8272]","[0.03375, 0.248125, -0.003125, -0.00375, 0.0, -0.0025]",0,0,0.0,"[1, 1, 1, 1, 1, 1]",42.035888315075596,0.0,0.0,0,0.0
1774904196.1978545,"[0, 0, 0, 0, 0, 0]","[1291, 1500, 1500, 1500]","[-25.08, 0.0, 0.0, 0.0]","[0.0, 0.0, 0.0]",0,3136.3173828125,0,31.92612831115723,"[0.0, -6.92749023324, -1.8310546872]","[0, 0, 0]",0,3,0.0,0.0,3.124,0,0,0,4294967.295,3750000.384,0,46815,0,-35.41079330444336,24.364416122436523,0.5867279171943665,0,state.PRE_FLIGHT,658,-27,0,-26,0.0,3124,3136,"[10.6, 0.5, 17.0, 10.6, 15.9, 15.5, 0, 0]","[0.0, 0.0, 0.0]",-0.0,"[2.9952, 3.3104, 5.0048, 7.368, 8.4384, 27.8256]","[0.0325, 0.570625, -0.000625, -0.004375, 0.004375, -0.0025]",0,0,0.0,"[1, 1, 1, 1, 1, 1]",42.06090429539317,0.0,0.0,0,0.0
1774904196.2584152,"[0, 0, 0, 0, 0, 0]","[1291, 1500, 1500, 1500]","[-25.08, 0.0, 0.0, 0.0]","[0.0, 0.0, 0.0]",0,3147.87548828125,0,31.947988052368164,"[0.0, 6.8664550769999995, 8.392333983]","[0, 0, 0]",0,3,0.0,0.0,3.144,0,0,0,4294967.295,3750000.384,0,46875,0,-35.2569694519043,24.258190155029297,0.5867279171943665,0,state.PRE_FLIGHT,659,-26,0,-26,0.0,3144,3147,"[10.6, 0.5, 16.5, 10.2, 15.5, 17.6, 0, 0]","[0.0, 0.0, 0.0]",-0.0,"[2.9952, 3.3104, 5.0048, 7.368, 8.4384, 27.8256]","[0.0325, 0.570625, -0.000625, -0.004375, 0.004375, -0.0025]",0,0,0.0,"[1, 1, 1, 1, 1, 1]",41.88633438953389,0.0,0.0,0,0.0
1774904196.3174105,"[0, 0, 0, 0, 0, 0]","[1291, 1500, 1500, 1500]","[-25.08, 0.0, 0.0, 0.0]","[0.0, 0.0, 0.0]",0,3159.385009765625,0,31.939244155883788,"[0.0, 2.8991699214, -11.535644529359999]","[0, 0, 0]",0,3,0.0,0.0,3.144,0,0,0,4294967.295,3750000.384,0,46935,0,-35.28932189941406,24.4925537109375,0.5867279171943665,0,state.PRE_FLIGHT,660,-26,0,-26,0.0,3144,3159,"[10.0, 0.5, 15.9, 10.4, 15.9, 17.0, 0, 0]","[0.0, 0.0, 0.0]",-0.0,"[2.9984, 3.3120000000000003, 5.0032000000000005, 7.356800000000001, 8.4496, 27.8288]","[0.040625, 0.58125, -0.0025, 0.00125, -0.00375, 0.00375]",0,0,0.0,"[1, 1, 1, 1, 1, 1]",42.02989726517973,0.0,0.0,0,0.0
1774904196.372941,"[0, 0, 0, 0, 0, 0]","[1291, 1500, 1500, 1500]","[-25.08, 0.0, 0.0, 0.0]","[0.0, 0.0, 0.0]",0,3168.934326171875,0,31.9348722076416,"[0.0, -8.14819335804, -0.54931640616]","[0, 0, 0]",0,3,0.0,0.0,3.163,0,0,0,4294967.295,3750000.384,0,46989,0,-35.70418167114258,24.755290985107422,0.5867279171943665,0,state.PRE_FLIGHT,661,-26,0,-26,0.0,3163,3168,"[10.2, 0.5, 17.0, 10.6, 16.5, 16.5, 0, 0]","[0.0, 0.0, 0.0]",-0.0,"[2.9984, 3.3120000000000003, 5.0032000000000005, 7.356800000000001, 8.4496, 27.8288]","[0.040625, 0.58125, -0.0025, 0.00125, -0.00375, 0.00375]",0,0,0.0,"[1, 1, 1, 1, 1, 1]",42.488066250173915,0.0,0.0,0,0.0
1774904196.4344943,"[0, 0, 0, 0, 0, 0]","[1291, 1500, 1500, 1500]","[-25.08, 0.0, 0.0, 0.0]","[0.0, 0.0, 0.0]",0,3180.349365234375,0,31.9348722076416,"[0.0, -3.99780273372, 6.53076171768]","[0, 0, 0]",0,3,0.0,0.0,3.163,0,0,0,4294967.295,3750000.384,0,47049,0,-35.5443000793457,24.569149017333984,0.5867279171943665,0,state.PRE_FLIGHT,662,-26,0,-26,0.0,3163,3180,"[10.6, 0.5, 16.5, 10.4, 15.9, 16.5, 0, 0]","[0.0, 0.0, 0.0]",-0.0,"[2.9968000000000004, 3.3136, 5.0032000000000005, 7.364800000000001, 8.4368, 27.8256]","[0.035625000000000004, 0.56125, -0.0025, -0.00125, -0.0025, 0.0025]",0,0,0.0,"[1, 1, 1, 1, 1, 1]",42.26883646266866,0.0,0.0,0,0.0
1774904196.4950356,"[0, 0, 0, 0, 0, 0]","[1291, 1500, 1500, 1500]","[-25.08, 0.0, 0.0, 0.0]","[0.0, 0.0, 0.0]",0,3191.709228515625,0,31.95236000061035,"[0.0, -5.4016113272399995, 4.3029785149199995]","[0, 0, 0]",0,3,0.0,0.0,3.182,0,0,0,4294967.295,3750000.384,0,47109,0,-35.379207611083984,24.595401763916016,0.5867279171943665,0,state.PRE_FLIGHT,663,-26,0,-26,0.0,3182,3191,"[10.6, 0.5, 16.5, 10.4, 15.5, 17.0, 0, 0]","[0.0, 0.0, 0.0]",-0.0,"[2.9968000000000004, 3.3136, 5.0032000000000005, 7.364800000000001, 8.4368, 27.8256]","[0.035625000000000004, 0.56125, -0.0025, -0.00125, -0.0025, 0.0025]",0,0,0.0,"[1, 1, 1, 1, 1, 1]",42.15243746129492,0.0,0.0,0,0.0
1774904196.5515742,"[0, 0, 0, 0, 0, 0]","[1291, 1500, 1500, 1500]","[-25.08, 0.0, 0.0, 0.0]","[0.0, 0.0, 0.0]",0,3203.0205078125,0,31.939244155883788,"[0.0, -3.02124023388, 2.80761718704]","[0, 0, 0]",0,3,0.0,0.0,3.201,0,0,0,4294967.295,3750000.384,0,47169,0,-35.24950408935547,24.577701568603516,0.5867279171943665,0,state.PRE_FLIGHT,664,-26,0,-26,0.0,3201,3203,"[10.6, 0.5, 16.5, 10.8, 15.5, 17.0, 0, 0]","[0.0, 0.0, 0.0]",-0.0,"[2.9952, 3.3104, 5.0048, 7.3664000000000005, 8.4624, 27.8272]","[0.030625, 0.2475, 0.000625, -0.003125, 0.0025, -0.004375]",0,0,0.0,"[1, 1, 1, 1, 1, 1]",42.04177309708741,0.0,0.0,0,0.0
1774904196.6095757,"[0, 0, 0, 0, 0, 0]","[1291, 1500, 1500, 1500]","[-25.08, 0.0, 0.0, 0.0]","[0.0, 0.0, 0.0]",0,3212.408447265625,0,31.95236000061035,"[0.0, -7.7209472643599995, -2.41088867148]","[0, 0, 0]",0,3,0.0,0.0,3.201,0,0,0,4294967.295,3750000.384,0,47223,0,-35.395774841308594,24.65472984313965,0.5867279171943665,0,state.PRE_FLIGHT,665,-27,0,-26,0.0,3201,3212,"[10.6, 0.5, 17.0, 11.1, 15.0, 16.5, 0, 0]","[0.0, 0.0, 0.0]",-0.0,"[2.9968000000000004, 3.3104, 5.0032000000000005, 7.364800000000001, 8.441600000000001, 27.8256]","[0.031875, 0.1875, -0.001875, -0.004375, -0.0025, -0.00375]",0,0,0.0,"[1, 1, 1, 1, 1, 1]",42.195446064183294,0.0,0.0,0,0.0
1774904196.6681087,"[0, 0, 0, 0, 0, 0]","[1291, 1500, 1500, 1500]","[-25.08, 0.0, 0.0, 0.0]","[0.0, 0.0, 0.0]",0,3223.62841796875,0,31.943616104125976,"[0.0, 11.99340820116, 3.38745117132]","[0, 0, 0]",0,3,0.0,0.0,3.218,0,0,0,4294967.295,3750000.384,0,47283,0,-35.23799514770508,24.42463493347168,0.5867279171943665,0,state.PRE_FLIGHT,666,-28,0,-26,0.0,3218,3223,"[10.6, 0.5, 16.5, 10.8, 15.5, 16.5, 0, 0]","[0.0, 0.0, 0.0]",-0.0,"[2.9968000000000004, 3.3104, 5.0032000000000005, 7.364800000000001, 8.441600000000001, 27.8256]","[0.031875, 0.1875, -0.001875, -0.004375, -0.0025, -0.00375]",0,0,0.0,"[1, 1, 1, 1, 1, 1]",41.955260641061464,0.0,0.0,0,0.0
1774904196.7256374,"[0, 0, 0, 0, 0, 0]","[1291, 1500, 1500, 1500]","[-25.08, 0.0, 0.0, 0.0]","[0.0, 0.0, 0.0]",0,3234.79345703125,0,31.95236000061035,"[0.0, 7.5988769518799995, 4.48608398364]","[0, 0, 0]",0,3,0.0,0.0,3.218,0,0,0,4294967.295,3750000.384,0,47343,0,-35.27218246459961,24.30015754699707,0.5867279171943665,0,state.PRE_FLIGHT,667,-28,0,-27,0.0,3218,3234,"[10.8, 0.5, 16.5, 10.8, 16.5, 17.0, 0, 0]","[0.0, 0.0, 0.0]",-0.0,"[2.9968000000000004, 3.3120000000000003, 5.0032000000000005, 7.3632, 8.4304, 27.8272]","[0.034375, 0.228125, 0.0, -0.00125, 0.0, -0.004375]",0,0,0.0,"[1, 1, 1, 1, 1, 1]",41.91941879860752,0.0,0.0,0,0.0
1774904196.785176,"[0, 0, 0, 0, 0, 0]","[1291, 1500, 1500, 1500]","[-25.08, 0.0, 0.0, 0.0]","[0.0, 0.0, 0.0]",0,3245.91259765625,0,31.939244155883788,"[0.0, -1.00708007796, -13.03100585724]","[0, 0, 0]",0,3,0.0,0.0,3.236,0,0,0,4294967.295,3750000.384,0,47403,0,-35.46689987182617,24.355070114135742,0.5867279171943665,0,state.PRE_FLIGHT,668,-27,0,-26,0.0,3236,3245,"[10.6, 0.5, 15.9, 10.6, 15.9, 17.0, 0, 0]","[0.0, 0.0, 0.0]",-0.0,"[2.9968000000000004, 3.3120000000000003, 5.0032000000000005, 7.3632, 8.4304, 27.8272]","[0.034375, 0.228125, 0.0, -0.00125, 0.0, -0.004375]",0,0,0.0,"[1, 1, 1, 1, 1, 1]",42.10043943521388,0.0,0.0,0,0.0
1774904196.841735,"[0, 0, 0, 0, 0, 0]","[1291, 1500, 1500, 1500]","[-25.08, 0.0, 0.0, 0.0]","[0.0, 0.0, 0.0]",0,3256.97998046875,0,31.965475845336915,"[0.0, -0.27465820308, 7.29370117068]","[0, 0, 0]",0,3,0.0,0.0,3.256,0,0,0,4294967.295,3750000.384,0,47457,0,-35.48152160644531,24.27825927734375,0.5867279171943665,0,state.PRE_FLIGHT,669,-28,0,-26,0.0,3256,3256,"[10.6, 0.5, 15.9, 10.6, 15.5, 16.5, 0, 0]","[0.0, 0.0, 0.0]",-0.0,"[2.9952, 3.3120000000000003, 5.0016, 7.3664000000000005, 8.4624, 27.8272]","[0.035625000000000004, 0.28, -0.003125, -0.000625, 0.0025, -0.003125]",0,0,0.0,"[1, 1, 1, 1, 1, 1]",42.07354635911033,0.0,0.0,0,0.0
1774904196.8992684,"[0, 0, 0, 0, 0, 0]","[1291, 1500, 1500, 1500]","[-25.08, 0.0, 0.0, 0.0]","[0.0, 0.0, 0.0]",0,3267.99560546875,0,31.95236000061035,"[0.0, -1.43432617164, -7.2326660144399995]","[0, 0, 0]",0,3,0.0,0.0,3.256,0,0,0,4294967.295,3750000.384,0,47517,0,-35.458030700683594,24.283143997192383,0.5867279171943665,0,state.PRE_FLIGHT,670,-28,0,-27,0.0,3256,3267,"[10.6, 0.5, 17.0, 11.1, 15.9, 16.5, 0, 0]","[0.0, 0.0, 0.0]",-0.0,"[2.9952, 3.3120000000000003, 5.0016, 7.3664000000000005, 8.4624, 27.8272]","[0.035625000000000004, 0.28, -0.003125, -0.000625, 0.0025, -0.003125]",0,0,0.0,"[1, 1, 1, 1, 1, 1]",42.057442156956164,0.0,0.0,0,0.0
1774904196.9598005,"[0, 0, 0, 0, 0, 0]","[1291, 1500, 1500, 1500]","[-25.08, 0.0, 0.0, 0.0]","[0.0, 0.0, 0.0]",0,3278.96240234375,0,31.982963638305662,"[0.0, -1.00708007796, 3.75366210876]","[0, 0, 0]",0,3,0.0,0.0,3.275,0,0,0,4294967.295,3750000.384,0,47577,0,-35.18089294433594,24.322803497314453,0.5867279171943665,0,state.PRE_FLIGHT,671,-27,0,-26,0.0,3275,3278,"[10.8, 0.5, 15.9, 10.6, 15.9, 17.0, 0, 0]","[0.0, 0.0, 0.0]",-0.0,"[2.9952, 3.3120000000000003, 5.0032000000000005, 7.36, 8.443200000000001, 27.8272]","[0.0275, 0.576875, -0.001875, -0.000625, -0.004375, -0.000625]",0,0,0.0,"[1, 1, 1, 1, 1, 1]",41.8589549373395,0.0,0.0,0,0.0
1774904197.022809,"[0, 0, 0, 0, 0, 0]","[1291, 1500, 1500, 1500]","[-25.08, 0.0, 0.0, 0.0]","[0.0, 0.0, 0.0]",0,3289.880615234375,0,31.95673194885254,"[0.0, 9.0026855454, 11.19995117004]","[0, 0, 0]",0,3,0.0,0.0,3.275,0,0,0,4294967.295,3750000.384,0,47637,0,-34.95631408691406,24.47417640686035,0.5867279171943665,0,state.PRE_FLIGHT,672,-26,0,-26,0.0,3275,3289,"[10.2, 0.5, 16.5, 10.6, 16.5, 17.0, 0, 0]","[0.0, 0.0, 0.0]",-0.0,"[2.9952, 3.3120000000000003, 5.0032000000000005, 7.36, 8.443200000000001, 27.8272]","[0.0275, 0.576875, -0.001875, -0.000625, -0.004375, -0.000625]",0,0,0.0,"[1, 1, 1, 1, 1, 1]",41.75945485186299,0.0,0.0,0,0.0
1774904197.0793276,"[0, 0, 0, 0, 0, 0]","[1291, 1500, 1500, 1500]","[-25.08, 0.0, 0.0, 0.0]","[0.0, 0.0, 0.0]",0,3298.939208984375,0,31.943616104125976,"[0.0, -17.18139648156, -7.44628906128]","[0, 0, 0]",0,3,0.0,0.0,3.293,0,0,0,4294967.295,3750000.384,0,47691,0,-34.78360366821289,24.693187713623047,0.5867279171943665,0,state.PRE_FLIGHT,673,-26,0,-25,0.0,3293,3298,"[10.6, 0.5, 16.5, 10.8, 16.5, 16.5, 0, 0]","[0.0, 0.0, 0.0]",-0.0,"[2.9952, 3.3120000000000003, 5.0048, 7.3632, 8.4352, 27.8256]","[0.034375, 0.509375, -0.0025, -0.004375, -0.004375, 0.005625]",0,0,0.0,"[1, 1, 1, 1, 1, 1]",41.73687262956572,0.0,0.0,0,0.0
1774904197.1333458,"[0, 0, 0, 0, 0, 0]","[1291, 1500, 1500, 1500]","[-25.08, 0.0, 0.0, 0.0]","[0.0, 0.0, 0.0]",0,3309.765869140625,0,31.95673194885254,"[0.0, 12.17651366988, 7.29370117068]","[0, 0, 0]",0,3,0.0,0.0,3.293,0,0,0,4294967.295,3750000.384,0,47751,0,-34.78937530517578,24.41666603088379,0.5867279171943665,0,state.PRE_FLIGHT,674,-25,0,-24,0.0,3293,3309,"[10.4, 0.5, 15.9, 10.4, 15.5, 16.5, 0, 0]","[0.0, 0.0, 0.0]",-0.0,"[2.9952, 3.3120000000000003, 5.0048, 7.3632, 8.4352, 27.8256]","[0.034375, 0.509375, -0.0025, -0.004375, -0.004375, 0.005625]",0,0,0.0,"[1, 1, 1, 1, 1, 1]",41.59941946224641,0.0,0.0,0,0.0
1774904197.1978948,"[0, 0, 0, 0, 0, 0]","[1291, 1500, 1500, 1500]","[-25.08, 0.0, 0.0, 0.0]","[0.0, 0.0, 0.0]",0,3320.540771484375,0,31.978591690063478,"[0.0, 7.04956054572, 11.7492675762]","[0, 0, 0]",0,3,0.0,0.0,3.311,0,0,0,4294967.295,3750000.384,0,47811,0,-34.816219329833984,24.583879470825195,0.5867279171943665,0,state.PRE_FLIGHT,675,-24,0,-24,0.0,3311,3320,"[10.4, 0.5, 16.5, 10.4, 15.9, 16.5, 0, 0]","[0.0, 0.0, 0.0]",-0.0,"[2.9968000000000004, 3.3136, 5.0048, 7.3632, 8.4384, 27.8288]","[0.03375, 0.59, -0.003125, -0.005, 0.0025, 0.005]",0,0,0.0,"[1, 1, 1, 1, 1, 1]",41.70606895381175,0.0,0.0,0,0.0
1774904197.259513,"[0, 0, 0, 0, 0, 0]","[1291, 1500, 1500, 1500]","[-25.08, 0.0, 0.0, 0.0]","[0.0, 0.0, 0.0]",0,3331.269775390625,0,31.965475845336915,"[0.0, 7.04956054572, 0.57983398428]","[0, 0, 0]",0,3,0.0,0.0,3.329,0,0,0,4294967.295,3750000.384,0,47871,0,-34.68467330932617,24.536863327026367,0.5867279171943665,0,state.PRE_FLIGHT,676,-24,0,-24,0.0,3329,3331,"[10.6, 0.5, 17.0, 10.4, 15.0, 17.0, 0, 0]","[0.0, 0.0, 0.0]",-0.0,"[2.9968000000000004, 3.3136, 5.0048, 7.3632, 8.4384, 27.8288]","[0.03375, 0.59, -0.003125, -0.005, 0.0025, 0.005]",0,0,0.0,"[1, 1, 1, 1, 1, 1]",41.57927201781892,0.0,0.0,0,0.0
1774904197.30851,"[0, 0, 0, 0, 0, 0]","[1291, 1500, 1500, 1500]","[-25.08, 0.0, 0.0, 0.0]","[0.0, 0.0, 0.0]",0,3341.947021484375,0,31.965475845336915,"[0.0, 5.6457519521999995, 3.38745117132]","[0, 0, 0]",0,3,0.0,0.0,3.329,0,0,0,4294967.295,3750000.384,0,47925,0,-34.66961669921875,24.410717010498047,0.5867279171943665,0,state.PRE_FLIGHT,677,-24,0,-24,0.0,3329,3341,"[10.6, 0.5, 16.5, 10.2, 15.9, 17.0, 0, 0]","[0.0, 0.0, 0.0]",-0.0,"[2.9968000000000004, 3.3104, 5.0032000000000005, 7.364800000000001, 8.4384, 27.8256]","[0.03625, 0.244375, -0.004375, -0.0025, -0.00125, 0.0]",0,0,0.0,"[1, 1, 1, 1, 1, 1]",41.50270856598433,0.0,0.0,0,0.0
1774904197.3680599,"[0, 0, 0, 0, 0, 0]","[1291, 1500, 1500, 1500]","[-25.08, 0.0, 0.0, 0.0]","[0.0, 0.0, 0.0]",0,3352.57568359375,0,31.969847793579103,"[0.0, 3.87573242124, 8.78906249856]","[0, 0, 0]",0,3,0.0,0.0,3.347,0,0,0,4294967.295,3750000.384,0,47985,0,-34.43919372558594,24.355777740478516,0.5867279171943665,0,state.PRE_FLIGHT,678,-24,0,-24,0.0,3347,3352,"[10.6, 0.5, 15.9, 10.6, 15.5, 17.6, 0, 0]","[0.0, 0.0, 0.0]",-0.0,"[2.9968000000000004, 3.3104, 5.0032000000000005, 7.36, 8.4688, 27.8256]","[0.03375, 0.213125, -0.0025, -0.005625, -0.003125, -0.000625]",0,0,0.0,"[1, 1, 1, 1, 1, 1]",41.2944563925523,0.0,0.0,0,0.0
1774904197.4276042,"[0, 0, 0, 0, 0, 0]","[1291, 1500, 1500, 1500]","[-25.08, 0.0, 0.0, 0.0]","[0.0, 0.0, 0.0]",0,3363.158447265625,0,31.978591690063478,"[0.0, -12.0544433574, -11.535644529359999]","[0, 0, 0]",0,3,0.0,0.0,3.347,0,0,0,4294967.295,3750000.384,0,48045,0,-34.57012939453125,24.781810760498047,0.5867279171943665,0,state.PRE_FLIGHT,679,-24,0,-24,0.0,3347,3363,"[10.4, 0.5, 16.5, 10.4, 16.5, 17.0, 0, 0]","[0.0, 0.0, 0.0]",-0.0,"[2.9968000000000004, 3.3104, 5.0032000000000005, 7.36, 8.4688, 27.8256]","[0.03375, 0.213125, -0.0025, -0.005625, -0.003125, -0.000625]",0,0,0.0,"[1, 1, 1, 1, 1, 1]",41.61684144570383,0.0,0.0,0,0.0
1774904197.4881356,"[0, 0, 0, 0, 0, 0]","[1291, 1500, 1500, 1500]","[-25.08, 0.0, 0.0, 0.0]","[0.0, 0.0, 0.0]",0,3373.689453125,0,31.95673194885254,"[0.0, -13.09204101348, 14.00756835708]","[0, 0, 0]",0,3,0.0,0.0,3.364,0,0,0,4294967.295,3750000.384,0,48105,0,-34.395896911621094,24.947805404663086,0.5867279171943665,0,state.PRE_FLIGHT,680,-24,0,-24,0.0,3364,3373,"[10.4, 0.5, 16.5, 10.8, 15.0, 16.5, 0, 0]","[0.0, 0.0, 0.0]",-0.0,"[2.9968000000000004, 3.3136, 5.0016, 7.3696, 8.4512, 27.8272]","[0.038125, 0.2525, -0.0025, -0.000625, -0.005625, -0.004375]",0,0,0.0,"[1, 1, 1, 1, 1, 1]",41.56868723599239,0.0,0.0,0,0.0
1774904197.5426764,"[0, 0, 0, 0, 0, 0]","[1291, 1500, 1500, 1500]","[-25.08, 0.0, 0.0, 0.0]","[0.0, 0.0, 0.0]",0,3382.43115234375,0,31.969847793579103,"[0.0, -13.45825195092, -7.62939453]","[0, 0, 0]",0,3,0.0,0.0,3.382,0,0,0,4294967.295,3750000.384,0,48159,0,-34.2340202331543,25.243961334228516,0.5867279171943665,0,state.PRE_FLIGHT,681,-24,0,-24,0.0,3382,3382,"[10.4, 0.5, 15.9, 10.6, 15.9, 17.0, 0, 0]","[0.0, 0.0, 0.0]",-0.0,"[2.9968000000000004, 3.3136, 5.0016, 7.3696, 8.4512, 27.8272]","[0.038125, 0.2525, -0.0025, -0.000625, -0.005625, -0.004375]",0,0,0.0,"[1, 1, 1, 1, 1, 1]",41.60048622875904,0.0,0.0,0,0.0
1774904197.6016746,"[0, 0, 0, 0, 0, 0]","[1291, 1500, 1500, 1500]","[-25.08, 0.0, 0.0, 0.0]","[0.0, 0.0, 0.0]",0,3392.873779296875,0,31.95236000061035,"[0.0, -0.82397460924, 8.605957029839999]","[0, 0, 0]",0,3,0.0,0.0,3.382,0,0,0,4294967.295,3750000.384,0,48219,0,-34.081729888916016,25.207942962646484,0.5867279171943665,0,state.PRE_FLIGHT,682,-24,0,-24,0.0,3382,3392,"[10.6, 0.5, 15.9, 10.6, 15.5, 17.0, 0, 0]","[0.0, 0.0, 0.0]",-0.0,"[2.9968000000000004, 3.3120000000000003, 5.0032000000000005, 7.3616, 8.472, 27.8256]","[0.034375, 0.246875, -0.000625, -0.000625, -0.00375, -0.0025]",0,0,0.0,"[1, 1, 1, 1, 1, 1]",41.46466558207528,0.0,0.0,0,0.0
1774904197.6622016,"[0, 0, 0, 0, 0, 0]","[1291, 1500, 1500, 1500]","[-25.08, 0.0, 0.0, 0.0]","[0.0, 0.0, 0.0]",0,3403.267578125,0,31.947988052368164,"[0.0, -3.2043457026, -0.1525878906]","[0, 0, 0]",0,3,0.0,0.0,3.399,0,0,0,4294967.295,3750000.384,0,48279,0,-33.61787796020508,25.257381439208984,0.5867279171943665,0,state.PRE_FLIGHT,683,-25,0,-24,0.0,3399,3403,"[10.6, 0.5, 15.9, 10.6, 15.0, 16.5, 0, 0]","[0.0, 0.0, 0.0]",-0.0,"[2.9968000000000004, 3.3120000000000003, 5.0032000000000005, 7.3616, 8.472, 27.8256]","[0.034375, 0.246875, -0.000625, -0.000625, -0.00375, -0.0025]",0,0,0.0,"[1, 1, 1, 1, 1, 1]",41.137069825800445,0.0,0.0,0,0.0
1774904197.7249012,"[0, 0, 0, 0, 0, 0]","[1291, 1500, 1500, 1500]","[-25.08, 0.0, 0.0, 0.0]","[0.0, 0.0, 0.0]",0,3413.615478515625,0,31.969847793579103,"[0.0, -8.94165038916, -7.62939453]","[0, 0, 0]",0,3,0.0,0.0,3.399,0,0,0,4294967.295,3750000.384,0,48339,0,-33.38715362548828,25.28972053527832,0.5867279171943665,0,state.PRE_FLIGHT,684,-25,0,-24,0.0,3399,3413,"[10.6, 0.5, 16.5, 10.4, 15.5, 16.5, 0, 0]","[0.0, 0.0, 0.0]",-0.0,"[2.9952, 3.3104, 5.0048, 7.3632, 8.4496, 27.832]","[0.03, 0.54875, -0.00125, -0.00625, -0.005625, 0.0075]",0,0,0.0,"[1, 1, 1, 1, 1, 1]",40.97926465328256,0.0,0.0,0,0.0
1774904197.775423,"[0, 0, 0, 0, 0, 0]","[1291, 1500, 1500, 1500]","[-25.08, 0.0, 0.0, 0.0]","[0.0, 0.0, 0.0]",0,3422.201904296875,0,31.939244155883788,"[0.0, -4.1809082024399995, -3.14331054636]","[0, 0, 0]",0,3,0.0,0.0,3.415,0,0,0,4294967.295,3750000.384,0,48393,0,-33.33247375488281,25.209924697875977,0.5867279171943665,0,state.PRE_FLIGHT,685,-25,0,-24,0.0,3415,3422,"[10.2, 0.5, 16.5, 10.6, 15.5, 17.0, 0, 0]","[0.0, 0.0, 0.0]",-0.0,"[2.9952, 3.3104, 5.0048, 7.3632, 8.4496, 27.832]","[0.03, 0.54875, -0.00125, -0.00625, -0.005625, 0.0075]",0,0,0.0,"[1, 1, 1, 1, 1, 1]",40.89437001928003,0.0,0.0,0,0.0
1774904197.8364315,"[0, 0, 0, 0, 0, 0]","[1291, 1500, 1500, 1500]","[-25.08, 0.0, 0.0, 0.0]","[0.0, 0.0, 0.0]",0,3432.45849609375,0,31.943616104125976,"[0.0, -10.71166992012, -2.5939941402]","[0, 0, 0]",0,3,0.0,0.0,3.432,0,0,0,4294967.295,3750000.384,0,48453,0,-33.230552673339844,25.393644332885742,0.5867279171943665,0,state.PRE_FLIGHT,686,-26,0,-24,0.0,3432,3432,"[10.8, 0.5, 17.0, 10.6, 15.5, 15.9, 0, 0]","[0.0, 0.0, 0.0]",-0.0,"[2.9952, 3.3120000000000003, 5.0048, 7.368, 8.4672, 27.824]","[0.03375, 0.5806250000000001, -0.0025, -0.000625, -0.005, 0.00375]",0,0,0.0,"[1, 1, 1, 1, 1, 1]",40.91739426818764,0.0,0.0,0,0.0
1774904197.898485,"[0, 0, 0, 0, 0, 0]","[1291, 1500, 1500, 1500]","[-25.08, 0.0, 0.0, 0.0]","[0.0, 0.0, 0.0]",0,3442.672607421875,0,31.961103897094727,"[0.0, -4.36401367116, -0.1525878906]","[0, 0, 0]",0,3,0.0,0.0,3.432,0,0,0,4294967.295,3750000.384,0,48513,0,-33.21772384643555,25.395498275756836,0.5867279171943665,0,state.PRE_FLIGHT,687,-26,0,-25,0.0,3432,3442,"[10.8, 0.5, 16.5, 10.8, 15.5, 16.5, 0, 0]","[0.0, 0.0, 0.0]",-0.0,"[2.9952, 3.3120000000000003, 5.0048, 7.368, 8.4672, 27.824]","[0.03375, 0.5806250000000001, -0.0025, -0.000625, -0.005, 0.00375]",0,0,0.0,"[1, 1, 1, 1, 1, 1]",40.90871397432552,0.0,0.0,0,0.0
1774904197.9590156,"[0, 0, 0, 0, 0, 0]","[1291, 1500, 1500, 1500]","[-25.08, 0.0, 0.0, 0.0]","[0.0, 0.0, 0.0]",0,3452.834716796875,0,31.947988052368164,"[0.0, -5.1574707022799995, -5.37109374912]","[0, 0, 0]",0,3,0.0,0.0,3.449,0,0,0,4294967.295,3750000.384,0,48573,0,-33.400856018066406,25.419923782348633,0.5867279171943665,0,state.PRE_FLIGHT,688,-26,0,-25,0.0,3449,3452,"[10.6, 0.5, 16.5, 10.4, 15.9, 16.5, 0, 0]","[0.0, 0.0, 0.0]",-0.0,"[2.9968000000000004, 3.3136, 5.0016, 7.3632, 8.4496, 27.8256]","[0.03, 0.24375, 0.0, 0.000625, -0.003125, 0.00625]",0,0,0.0,"[1, 1, 1, 1, 1, 1]",41.060575743042556,0.0,0.0,0,0.0
1774904198.010011,"[0, 0, 0, 0, 0, 0]","[1291, 1500, 1500, 1500]","[-25.08, 0.0, 0.0, 0.0]","[0.0, 0.0, 0.0]",0,3462.951171875,0,31.947988052368164,"[0.0, 8.02612304556, -4.2724609368]","[0, 0, 0]",0,3,0.0,0.0,3.449,0,0,0,4294967.295,3750000.384,0,48627,0,-33.12158966064453,25.245891571044922,0.5867279171943665,0,state.PRE_FLIGHT,689,-26,0,-25,0.0,3449,3462,"[10.8, 0.5, 16.5, 10.4, 15.9, 17.0, 0, 0]","[0.0, 0.0, 0.0]",-0.0,"[2.9968000000000004, 3.3136, 5.0016, 7.3632, 8.4496, 27.8256]","[0.03, 0.24375, 0.0, 0.000625, -0.003125, 0.00625]",0,0,0.0,"[1, 1, 1, 1, 1, 1]",40.75408444446278,0.0,0.0,0,0.0
1774904198.0705442,"[0, 0, 0, 0, 0, 0]","[1291, 1500, 1500, 1500]","[-25.08, 0.0, 0.0, 0.0]","[0.0, 0.0, 0.0]",0,3473.021728515625,0,31.939244155883788,"[0.0, 2.8991699214, -6.68334960828]","[0, 0, 0]",0,3,0.0,0.0,3.467,0,0,0,4294967.295,3750000.384,0,48687,0,-33.3907585144043,25.306913375854492,0.5867279171943665,0,state.PRE_FLIGHT,690,-26,0,-25,0.0,3467,3473,"[10.6, 0.5, 16.5, 10.6, 15.5, 17.6, 0, 0]","[0.0, 0.0, 0.0]",-0.0,"[2.9952, 3.3104, 5.0032000000000005, 7.3616, 8.459200000000001, 27.8256]","[0.031875, 0.248125, -0.001875, -0.000625, 0.0, -0.00125]",0,0,0.0,"[1, 1, 1, 1, 1, 1]",40.99135252955824,0.0,0.0,0,0.0
1774904198.1335654,"[0, 0, 0, 0, 0, 0]","[1291, 1500, 1500, 1500]","[-25.08, 0.0, 0.0, 0.0]","[0.0, 0.0, 0.0]",0,3483.040771484375,0,31.95673194885254,"[0.0, -2.77709960892, -9.094238279759999]","[0, 0, 0]",0,3,0.0,0.0,3.467,0,0,0,4294967.295,3750000.384,0,48747,0,-33.54977035522461,25.447296142578125,0.5867279171943665,0,state.PRE_FLIGHT,691,-26,0,-25,0.0,3467,3483,"[10.6, 0.5, 16.5, 10.4, 15.9, 17.0, 0, 0]","[0.0, 0.0, 0.0]",-0.0,"[2.9968000000000004, 3.3088, 5.0032000000000005, 7.368, 8.4352, 27.8288]","[0.03375, 0.2325, -0.003125, 0.00125, -0.005, -0.004375]",0,0,0.0,"[1, 1, 1, 1, 1, 1]",41.18826811361447,0.0,0.0,0,0.0
1774904198.1920824,"[0, 0, 0, 0, 0, 0]","[1291, 1500, 1500, 1500]","[-25.08, 0.0, 0.0, 0.0]","[0.0, 0.0, 0.0]",0,3493.016845703125,0,31.95673194885254,"[0.0, -5.5236816397199995, -6.31713867084]","[0, 0, 0]",0,3,0.0,0.0,3.484,0,0,0,4294967.295,3750000.384,0,48807,0,-33.58030700683594,25.555328369140625,0.5867279171943665,0,state.PRE_FLIGHT,692,-26,0,-25,0.0,3484,3493,"[10.6, 0.5, 17.0, 10.6, 15.9, 15.9, 0, 0]","[0.0, 0.0, 0.0]",-0.0,"[2.9968000000000004, 3.3088, 5.0032000000000005, 7.368, 8.4352, 27.8288]","[0.03375, 0.2325, -0.003125, 0.00125, -0.005, -0.004375]",0,0,0.0,"[1, 1, 1, 1, 1, 1]",41.27019270683087,0.0,0.0,0,0.0
1774904198.2481697,"[0, 0, 0, 0, 0, 0]","[1291, 1500, 1500, 1500]","[-25.08, 0.0, 0.0, 0.0]","[0.0, 0.0, 0.0]",0,3501.29248046875,0,31.965475845336915,"[0.0, 4.9133300773199995, -0.9155273436]","[0, 0, 0]",0,3,0.0,0.0,3.501,0,0,0,4294967.295,3750000.384,0,48861,0,-33.689205169677734,25.684167861938477,0.5867279171943665,0,state.PRE_FLIGHT,693,-26,0,-24,0.0,3501,3501,"[10.4, 0.5, 17.0, 10.4, 15.9, 16.5, 0, 0]","[0.0, 0.0, 0.0]",-0.0,"[2.9952, 3.3136, 5.0032000000000005, 7.3632, 8.4656, 27.8288]","[0.03875, 0.263125, 0.000625, -0.00125, -0.00625, -0.00125]",0,0,0.0,"[1, 1, 1, 1, 1, 1]",41.42273509549314,0.0,0.0,0,0.0
1774904198.3041766,"[0, 0, 0, 0, 0, 0]","[1291, 1500, 1500, 1500]","[-25.08, 0.0, 0.0, 0.0]","[0.0, 0.0, 0.0]",0,3511.18017578125,0,31.943616104125976,"[0.0, -1.43432617164, 8.78906249856]","[0, 0, 0]",0,3,0.0,0.0,3.501,0,0,0,4294967.295,3750000.384,0,48921,0,-33.49418258666992,25.58405303955078,0.5867279171943665,0,state.PRE_FLIGHT,694,-24,0,-24,0.0,3501,3511,"[10.4, 0.5, 17.0, 10.6, 15.9, 15.9, 0, 0]","[0.0, 0.0, 0.0]",-0.0,"[2.9952, 3.3136, 5.0032000000000005, 7.3632, 8.4656, 27.8288]","[0.03875, 0.263125, 0.000625, -0.00125, -0.00625, -0.00125]",0,0,0.0,"[1, 1, 1, 1, 1, 1]",41.22076368397565,0.0,0.0,0,0.0
1774904198.3672822,"[0, 0, 0, 0, 0, 0]","[1291, 1500, 1500, 1500]","[-25.08, 0.0, 0.0, 0.0]","[0.0, 0.0, 0.0]",0,3521.022216796875,0,31.961103897094727,"[0.0, -4.5471191398799995, 8.20922851428]","[0, 0, 0]",0,3,0.0,0.0,3.517,0,0,0,4294967.295,3750000.384,0,48981,0,-33.387081146240234,25.873985290527344,0.5867279171943665,0,state.PRE_FLIGHT,695,-25,0,-24,0.0,3517,3521,"[10.8, 0.5, 16.5, 10.2, 15.5, 16.5, 0, 0]","[0.0, 0.0, 0.0]",-0.0,"[2.9968000000000004, 3.3136, 5.0048, 7.3584000000000005, 8.4384, 27.8256]","[0.035625000000000004, 0.2675, -0.0025, -0.000625, 0.0, -0.001875]",0,0,0.0,"[1, 1, 1, 1, 1, 1]",41.29940010748262,0.0,0.0,0,0.0
1774904198.4248292,"[0, 0, 0, 0, 0, 0]","[1291, 1500, 1500, 1500]","[-25.08, 0.0, 0.0, 0.0]","[0.0, 0.0, 0.0]",0,3530.818603515625,0,31.961103897094727,"[0.0, 2.8991699214, 4.1198730462]","[0, 0, 0]",0,3,0.0,0.0,3.517,0,0,0,4294967.295,3750000.384,0,49041,0,-33.36173629760742,25.81722640991211,0.5867279171943665,0,state.PRE_FLIGHT,696,-26,0,-24,0.0,3517,3530,"[10.2, 0.5, 17.0, 10.6, 15.9, 16.5, 0, 0]","[0.0, 0.0, 0.0]",-0.0,"[2.9968000000000004, 3.3136, 5.0048, 7.3584000000000005, 8.4384, 27.8256]","[0.035625000000000004, 0.2675, -0.0025, -0.000625, 0.0, -0.001875]",0,0,0.0,"[1, 1, 1, 1, 1, 1]",41.24905439255701,0.0,0.0,0,0.0
1774904198.4793475,"[0, 0, 0, 0, 0, 0]","[1291, 1500, 1500, 1500]","[-25.08, 0.0, 0.0, 0.0]","[0.0, 0.0, 0.0]",0,3540.56640625,0,31.95236000061035,"[0.0, -0.27465820308, -5.55419921784]","[0, 0, 0]",0,3,0.0,0.0,3.534,0,0,0,4294967.295,3750000.384,0,49095,0,-33.6006965637207,25.751298904418945,0.5867279171943665,0,state.PRE_FLIGHT,697,-26,0,-26,0.0,3534,3540,"[10.4, 0.5, 16.5, 10.4, 15.5, 15.5, 0, 0]","[0.0, 0.0, 0.0]",-0.0,"[2.9952, 3.3120000000000003, 5.0032000000000005, 7.3664000000000005, 8.432, 27.8256]","[0.0375, 0.55625, -0.005, 0.000625, -0.0025, 0.004375]",0,0,0.0,"[1, 1, 1, 1, 1, 1]",41.392603721424464,0.0,0.0,0,0.0
1774904198.5383537,"[0, 0, 0, 0, 0, 0]","[1291, 1500, 1500, 1500]","[-25.08, 0.0, 0.0, 0.0]","[0.0, 0.0, 0.0]",0,3550.271240234375,0,31.95236000061035,"[0.0, -0.64086914052, 1.525878906]","[0, 0, 0]",0,3,0.0,0.0,3.55,0,0,0,4294967.295,3750000.384,0,49155,0,-33.63274383544922,25.586498260498047,0.5867279171943665,0,state.PRE_FLIGHT,698,-26,0,-26,0.0,3550,3550,"[10.6, 0.5, 15.9, 10.6, 16.5, 17.6, 0, 0]","[0.0, 0.0, 0.0]",-0.0,"[2.9952, 3.3120000000000003, 5.0032000000000005, 7.3664000000000005, 8.432, 27.8256]","[0.0375, 0.55625, -0.005, 0.000625, -0.0025, 0.004375]",0,0,0.0,"[1, 1, 1, 1, 1, 1]",41.326838800820674,0.0,0.0,0,0.0
1774904198.598585,"[0, 0, 0, 0, 0, 0]","[1291, 1500, 1500, 1500]","[-25.08, 0.0, 0.0, 0.0]","[0.0, 0.0, 0.0]",0,3559.927490234375,0,31.965475845336915,"[0.0, 0.762939453, -11.35253906064]","[0, 0, 0]",0,3,0.0,0.0,3.55,0,0,0,4294967.295,3750000.384,0,49215,0,-33.655906677246094,25.85746955871582,0.5867279171943665,0,state.PRE_FLIGHT,699,-27,0,-26,0.0,3550,3559,"[10.2, 0.5, 15.9, 10.4, 15.9, 17.0, 0, 0]","[0.0, 0.0, 0.0]",-0.0,"[2.9984, 3.3136, 5.0032000000000005, 7.364800000000001, 8.459200000000001, 27.8256]","[0.031875, 0.541875, 0.000625, -0.003125, 0.003125, 0.005625]",0,0,0.0,"[1, 1, 1, 1, 1, 1]",41.49233423462252,0.0,0.0,0,0.0
1774904198.6591117,"[0, 0, 0, 0, 0, 0]","[1291, 1500, 1500, 1500]","[-25.08, 0.0, 0.0, 0.0]","[0.0, 0.0, 0.0]",0,3569.537841796875,0,31.969847793579103,"[0.0, -6.5002441395599995, -7.99560546744]","[0, 0, 0]",0,3,0.0,0.0,3.566,0,0,0,4294967.295,3750000.384,0,49275,0,-33.72336196899414,25.8392276763916,0.5867279171943665,0,state.PRE_FLIGHT,700,-28,0,-26,0.0,3566,3569,"[10.8, 0.5, 15.9, 10.4, 15.9, 17.6, 0, 0]","[0.0, 0.0, 0.0]",-0.0,"[2.9984, 3.3136, 5.0032000000000005, 7.364800000000001, 8.459200000000001, 27.8256]","[0.031875, 0.541875, 0.000625, -0.003125, 0.003125, 0.005625]",0,0,0.0,"[1, 1, 1, 1, 1, 1]",41.53315572344759,0.0,0.0,0,0.0
1774904198.712127,"[0, 0, 0, 0, 0, 0]","[1291, 1500, 1500, 1500]","[-25.08, 0.0, 0.0, 0.0]","[0.0, 0.0, 0.0]",0,3577.511474609375,0,31.95673194885254,"[0.0, -5.340576171, -13.03100585724]","[0, 0, 0]",0,3,0.0,0.0,3.566,0,0,0,4294967.295,3750000.384,0,49329,0,-33.797119140625,26.07075309753418,0.5867279171943665,0,state.PRE_FLIGHT,701,-28,0,-27,0.0,3566,3577,"[10.8, 0.5, 16.5, 10.6, 15.9, 17.6, 0, 0]","[0.0, 0.0, 0.0]",-0.0,"[2.9952, 3.3104, 5.0048, 7.3616, 8.4384, 27.8272]","[0.034375, 0.23375, -0.000625, -0.0025, -0.0025, -0.00125]",0,0,0.0,"[1, 1, 1, 1, 1, 1]",41.71546421162358,0.0,0.0,0,0.0
1774904198.776886,"[0, 0, 0, 0, 0, 0]","[1291, 1500, 1500, 1500]","[-25.08, 0.0, 0.0, 0.0]","[0.0, 0.0, 0.0]",0,3587.03662109375,0,31.978591690063478,"[0.0, -2.41088867148, 2.4414062496]","[0, 0, 0]",0,3,0.0,0.0,3.582,0,0,0,4294967.295,3750000.384,0,49389,0,-33.54807662963867,26.124427795410156,0.5867279171943665,0,state.PRE_FLIGHT,702,-29,0,-28,0.0,3582,3587,"[10.8, 0.5, 16.5, 10.4, 15.5, 17.0, 0, 0]","[0.0, 0.0, 0.0]",-0.0,"[2.9952, 3.3104, 5.0048, 7.3616, 8.4384, 27.8272]","[0.034375, 0.23375, -0.000625, -0.0025, -0.0025, -0.00125]",0,0,0.0,"[1, 1, 1, 1, 1, 1]",41.558402873717334,0.0,0.0,0,0.0
1774904198.8328798,"[0, 0, 0, 0, 0, 0]","[1291, 1500, 1500, 1500]","[-25.08, 0.0, 0.0, 0.0]","[0.0, 0.0, 0.0]",0,3596.51611328125,0,31.97421974182129,"[0.0, -0.64086914052, -1.09863281232]","[0, 0, 0]",0,3,0.0,0.0,3.582,0,0,0,4294967.295,3750000.384,0,49449,0,-33.64360427856445,26.089025497436523,0.5867279171943665,0,state.PRE_FLIGHT,703,-28,0,-27,0.0,3582,3596,"[10.6, 0.5, 17.0, 11.1, 15.9, 17.0, 0, 0]","[0.0, 0.0, 0.0]",-0.0,"[2.9968000000000004, 3.3120000000000003, 5.0032000000000005, 7.364800000000001, 8.4688, 27.8288]","[0.035625000000000004, 0.25125000000000003, -0.003125, 0.000625, -0.0025, -0.00125]",0,0,0.0,"[1, 1, 1, 1, 1, 1]",41.610366195246,0.0,0.0,0,0.0
1774904198.8919344,"[0, 0, 0, 0, 0, 0]","[1291, 1500, 1500, 1500]","[-25.08, 0.0, 0.0, 0.0]","[0.0, 0.0, 0.0]",0,3605.94970703125,0,31.97421974182129,"[0.0, -8.33129882676, 0.03051757812]","[0, 0, 0]",0,3,0.0,0.0,3.598,0,0,0,4294967.295,3750000.384,0,49509,0,-33.53586959838867,26.329504013061523,0.5867279171943665,0,state.PRE_FLIGHT,704,-28,0,-27,0.0,3598,3605,"[10.6, 0.5, 17.0, 10.2, 16.5, 17.0, 0, 0]","[0.0, 0.0, 0.0]",-0.0,"[2.9968000000000004, 3.3104, 5.0032000000000005, 7.364800000000001, 8.4448, 27.8272]","[0.033125, 0.249375, -0.003125, -0.00375, -0.003125, -0.005]",0,0,0.0,"[1, 1, 1, 1, 1, 1]",41.66304143805746,0.0,0.0,0,0.0
1774904198.9464672,"[0, 0, 0, 0, 0, 0]","[1291, 1500, 1500, 1500]","[-25.08, 0.0, 0.0, 0.0]","[0.0, 0.0, 0.0]",0,3613.777099609375,0,31.969847793579103,"[0.0, -5.1574707022799995, -2.96020507764]","[0, 0, 0]",0,3,0.0,0.0,3.612,0,0,0,4294967.295,3750000.384,0,49563,0,-33.51327133178711,26.480281829833984,0.5867279171943665,0,state.PRE_FLIGHT,705,-29,0,-27,0.0,3612,3613,"[10.4, 0.5, 15.9, 10.6, 15.9, 15.9, 0, 0]","[0.0, 0.0, 0.0]",-0.0,"[2.9968000000000004, 3.3104, 5.0032000000000005, 7.364800000000001, 8.4448, 27.8272]","[0.033125, 0.249375, -0.003125, -0.00375, -0.003125, -0.005]",0,0,0.0,"[1, 1, 1, 1, 1, 1]",41.73027001933116,0.0,0.0,0,0.0
1774904199.011472,"[0, 0, 0, 0, 0, 0]","[1291, 1500, 1500, 1500]","[-25.08, 0.0, 0.0, 0.0]","[0.0, 0.0, 0.0]",0,3623.12841796875,0,31.97421974182129,"[0.0, 3.5095214838, 5.43212890536]","[0, 0, 0]",0,3,0.0,0.0,3.612,0,0,0,4294967.295,3750000.384,0,49623,0,-33.439117431640625,26.496150970458984,0.5867279171943665,0,state.PRE_FLIGHT,706,-29,0,-28,0.0,3612,3623,"[10.6, 0.5, 16.5, 10.8, 15.5, 16.5, 0, 0]","[0.0, 0.0, 0.0]",-0.0,"[2.9968000000000004, 3.3120000000000003, 5.0048, 7.3616, 8.4512, 27.8256]","[0.031875, 0.2425, -0.00125, 0.00125, -0.00125, -0.004375]",0,0,0.0,"[1, 1, 1, 1, 1, 1]",41.684119376970195,0.0,0.0,0,0.0
1774904199.0679998,"[0, 0, 0, 0, 0, 0]","[1291, 1500, 1500, 1500]","[-25.08, 0.0, 0.0, 0.0]","[0.0, 0.0, 0.0]",0,3632.43408203125,0,31.978591690063478,"[0.0, 9.79614257652, -4.2724609368]","[0, 0, 0]",0,3,0.0,0.0,3.627,0,0,0,4294967.295,3750000.384,0,49683,0,-33.287437438964844,26.44852066040039,0.5867279171943665,0,state.PRE_FLIGHT,707,-29,0,-28,0.0,3627,3632,"[10.6, 0.5, 17.0, 10.2, 15.5, 15.9, 0, 0]","[0.0, 0.0, 0.0]",-0.0,"[2.9968000000000004, 3.3120000000000003, 5.0048, 7.3616, 8.4512, 27.8256]","[0.031875, 0.2425, -0.00125, 0.00125, -0.00125, -0.004375]",0,0,0.0,"[1, 1, 1, 1, 1, 1]",41.54498332909637,0.0,0.0,0,0.0
1774904199.1290066,"[0, 0, 0, 0, 0, 0]","[1291, 1500, 1500, 1500]","[-25.08, 0.0, 0.0, 0.0]","[0.0, 0.0, 0.0]",0,3641.694091796875,0,31.969847793579103,"[0.0, 9.0026855454, -5.1879882804]","[0, 0, 0]",0,3,0.0,0.0,3.627,0,0,0,4294967.295,3750000.384,0,49743,0,-33.46322250366211,26.518091201782227,0.5867279171943665,0,state.PRE_FLIGHT,708,-29,0,-28,0.0,3627,3641,"[10.6, 0.5, 16.5, 10.6, 15.9, 17.0, 0, 0]","[0.0, 0.0, 0.0]",-0.0,"[2.9936000000000003, 3.3104, 5.0064, 7.364800000000001, 8.432, 27.8272]","[0.034375, 0.574375, -0.0025, -0.0025, -0.004375, -0.000625]",0,0,0.0,"[1, 1, 1, 1, 1, 1]",41.714275841864534,0.0,0.0,0,0.0
1774904199.1795475,"[0, 0, 0, 0, 0, 0]","[1291, 1500, 1500, 1500]","[-25.08, 0.0, 0.0, 0.0]","[0.0, 0.0, 0.0]",0,3650.908203125,0,31.978591690063478,"[0.0, 3.26538085884, -6.8664550769999995]","[0, 0, 0]",0,3,0.0,0.0,3.644,0,0,0,4294967.295,3750000.384,0,49797,0,-33.36409378051758,26.336687088012695,0.5867279171943665,0,state.PRE_FLIGHT,709,-29,0,-28,0.0,3644,3650,"[10.6, 0.5, 16.5, 10.8, 15.0, 16.5, 0, 0]","[0.0, 0.0, 0.0]",-0.0,"[2.9936000000000003, 3.3104, 5.0064, 7.364800000000001, 8.432, 27.8272]","[0.034375, 0.574375, -0.0025, -0.0025, -0.004375, -0.000625]",0,0,0.0,"[1, 1, 1, 1, 1, 1]",41.53923467004824,0.0,0.0,0,0.0
1774904199.2429428,"[0, 0, 0, 0, 0, 0]","[1291, 1500, 1500, 1500]","[-25.08, 0.0, 0.0, 0.0]","[0.0, 0.0, 0.0]",0,3660.079833984375,0,31.996079483032226,"[0.0, 4.48608398364, 5.98144531152]","[0, 0, 0]",0,3,0.0,0.0,3.66,0,0,0,4294967.295,3750000.384,0,49857,0,-33.33296203613281,26.071203231811523,0.5867279171943665,0,state.PRE_FLIGHT,710,-29,0,-28,0.0,3660,3660,"[11.1, 0.5, 17.6, 10.6, 16.5, 17.0, 0, 0]","[0.0, 0.0, 0.0]",-0.0,"[2.9984, 3.3104, 5.0032000000000005, 7.3664000000000005, 8.459200000000001, 27.8272]","[0.033125, 0.55125, -0.00375, -0.000625, 0.0, 0.0025]",0,0,0.0,"[1, 1, 1, 1, 1, 1]",41.36811825988778,0.0,0.0,0,0.0
1774904199.3009462,"[0, 0, 0, 0, 0, 0]","[1291, 1500, 1500, 1500]","[-25.08, 0.0, 0.0, 0.0]","[0.0, 0.0, 0.0]",0,3669.20556640625,0,31.991707534790038,"[0.0, -3.02124023388, 1.12915039044]","[0, 0, 0]",0,3,0.0,0.0,3.66,0,0,0,4294967.295,3750000.384,0,49917,0,-33.516361236572266,26.297033309936523,0.5867279171943665,0,state.PRE_FLIGHT,711,-28,0,-27,0.0,3660,3669,"[10.6, 0.5, 17.0, 10.4, 15.9, 16.5, 0, 0]","[0.0, 0.0, 0.0]",-0.0,"[2.9984, 3.3104, 5.0032000000000005, 7.3664000000000005, 8.459200000000001, 27.8272]","[0.033125, 0.55125, -0.00375, -0.000625, 0.0, 0.0025]",0,0,0.0,"[1, 1, 1, 1, 1, 1]",41.63045128885049,0.0,0.0,0,0.0
1774904199.3601851,"[0, 0, 0, 0, 0, 0]","[1291, 1500, 1500, 1500]","[-25.08, 0.0, 0.0, 0.0]","[0.0, 0.0, 0.0]",0,3678.285888671875,0,31.996079483032226,"[0.0, 5.8898925771599995, 8.605957029839999]","[0, 0, 0]",0,3,0.0,0.0,3.675,0,0,0,4294967.295,3750000.384,0,49977,0,-33.295108795166016,26.33426856994629,0.5867279171943665,0,state.PRE_FLIGHT,712,-28,0,-27,0.0,3675,3678,"[10.4, 0.5, 17.6, 10.4, 15.9, 16.5, 0, 0]","[0.0, 0.0, 0.0]",-0.0,"[2.9984, 3.3136, 5.0016, 7.3616, 8.440000000000001, 27.8288]","[0.04, 0.565625, 0.000625, -0.0025, -0.000625, 0.004375]",0,0,0.0,"[1, 1, 1, 1, 1, 1]",41.48662884484971,0.0,0.0,0,0.0
1774904199.4177094,"[0, 0, 0, 0, 0, 0]","[1291, 1500, 1500, 1500]","[-25.08, 0.0, 0.0, 0.0]","[0.0, 0.0, 0.0]",0,3685.8173828125,0,31.978591690063478,"[0.0, 1.73950195284, -5.9509277334]","[0, 0, 0]",0,3,0.0,0.0,3.675,0,0,0,4294967.295,3750000.384,0,50031,0,-33.38169860839844,26.27752113342285,0.5867279171943665,0,state.PRE_FLIGHT,713,-29,0,-28,0.0,3675,3685,"[10.2, 0.5, 15.9, 10.6, 17.0, 16.5, 0, 0]","[0.0, 0.0, 0.0]",-0.0,"[2.9984, 3.3136, 5.0016, 7.3616, 8.440000000000001, 27.8288]","[0.04, 0.565625, 0.000625, -0.0025, -0.000625, 0.004375]",0,0,0.0,"[1, 1, 1, 1, 1, 1]",41.51930045243594,0.0,0.0,0,0.0
1774904199.4772336,"[0, 0, 0, 0, 0, 0]","[1291, 1500, 1500, 1500]","[-25.08, 0.0, 0.0, 0.0]","[0.0, 0.0, 0.0]",0,3694.815185546875,0,32.00045143127441,"[0.0, 0.39672851556, 4.1198730462]","[0, 0, 0]",0,3,0.0,0.0,3.69,0,0,0,4294967.295,3750000.384,0,50091,0,-33.061798095703125,26.312917709350586,0.5867279171943665,0,state.PRE_FLIGHT,714,-29,0,-28,0.0,3690,3694,"[10.2, 0.5, 17.6, 10.6, 15.9, 17.0, 0, 0]","[0.0, 0.0, 0.0]",-0.0,"[2.9984, 3.3136, 5.0048, 7.368, 8.441600000000001, 27.824]","[0.033125, 0.235625, -0.004375, 0.0, 0.000625, 0.001875]",0,0,0.0,"[1, 1, 1, 1, 1, 1]",41.30157596636075,0.0,0.0,0,0.0
1774904199.5342333,"[0, 0, 0, 0, 0, 0]","[1291, 1500, 1500, 1500]","[-25.08, 0.0, 0.0, 0.0]","[0.0, 0.0, 0.0]",0,3703.7705078125,0,31.982963638305662,"[0.0, -5.9509277334, -8.5449218736]","[0, 0, 0]",0,3,0.0,0.0,3.69,0,0,0,4294967.295,3750000.384,0,50151,0,-33.22263717651367,26.411828994750977,0.5867279171943665,0,state.PRE_FLIGHT,715,-30,0,-29,0.0,3690,3703,"[10.6, 0.5, 16.5, 10.6, 15.9, 17.0, 0, 0]","[0.0, 0.0, 0.0]",-0.0,"[2.9984, 3.3136, 5.0048, 7.368, 8.441600000000001, 27.824]","[0.033125, 0.235625, -0.004375, 0.0, 0.000625, 0.001875]",0,0,0.0,"[1, 1, 1, 1, 1, 1]",41.476365130907865,0.0,0.0,0,0.0
1774904199.593754,"[0, 0, 0, 0, 0, 0]","[1291, 1500, 1500, 1500]","[-25.08, 0.0, 0.0, 0.0]","[0.0, 0.0, 0.0]",0,3712.679931640625,0,32.00045143127441,"[0.0, 16.51000976292, 11.7492675762]","[0, 0, 0]",0,3,0.0,0.0,3.705,0,0,0,4294967.295,3750000.384,0,50211,0,-33.109466552734375,26.253772735595703,0.5867279171943665,0,state.PRE_FLIGHT,716,-29,0,-29,0.0,3705,3712,"[10.8, 0.5, 17.0, 10.2, 16.5, 17.0, 0, 0]","[0.0, 0.0, 0.0]",-0.0,"[2.9952, 3.3120000000000003, 5.0016, 7.364800000000001, 8.457600000000001, 27.8288]","[0.03, 0.195625, -0.004375, -0.000625, -0.003125, -0.00375]",0,0,0.0,"[1, 1, 1, 1, 1, 1]",41.303679040876304,0.0,0.0,0,0.0
1774904199.6482935,"[0, 0, 0, 0, 0, 0]","[1291, 1500, 1500, 1500]","[-25.08, 0.0, 0.0, 0.0]","[0.0, 0.0, 0.0]",0,3721.546630859375,0,31.991707534790038,"[0.0, 5.0354003897999995, 4.3029785149199995]","[0, 0, 0]",0,3,0.0,0.0,3.72,0,0,0,4294967.295,3750000.384,0,50265,0,-33.207523345947266,26.26468276977539,0.5867279171943665,0,state.PRE_FLIGHT,717,-28,0,-28,0.0,3720,3721,"[10.4, 0.5, 15.9, 10.6, 15.5, 15.9, 0, 0]","[0.0, 0.0, 0.0]",-0.0,"[2.9952, 3.3104, 5.0032000000000005, 7.3616, 8.4352, 27.8304]","[0.031875, 0.24, -0.003125, -0.00125, 0.0025, -0.0075]",0,0,0.0,"[1, 1, 1, 1, 1, 1]",41.382609621386216,0.0,0.0,0,0.0
1774904199.7113028,"[0, 0, 0, 0, 0, 0]","[1291, 1500, 1500, 1500]","[-25.08, 0.0, 0.0, 0.0]","[0.0, 0.0, 0.0]",0,3730.364501953125,0,31.996079483032226,"[0.0, 3.93676757748, 5.06591796792]","[0, 0, 0]",0,3,0.0,0.0,3.72,0,0,0,4294967.295,3750000.384,0,50325,0,-33.392478942871094,26.288482666015625,0.5867279171943665,0,state.PRE_FLIGHT,718,-28,0,-27,0.0,3720,3730,"[10.6, 0.5, 16.5, 10.6, 15.9, 17.0, 0, 0]","[0.0, 0.0, 0.0]",-0.0,"[2.9952, 3.3104, 5.0032000000000005, 7.3616, 8.4352, 27.8304]","[0.031875, 0.24, -0.003125, -0.00125, 0.0025, -0.0075]",0,0,0.0,"[1, 1, 1, 1, 1, 1]",41.53343672121715,0.0,0.0,0,0.0
1774904199.768533,"[0, 0, 0, 0, 0, 0]","[1291, 1500, 1500, 1500]","[-25.08, 0.0, 0.0, 0.0]","[0.0, 0.0, 0.0]",0,3739.142822265625,0,31.98733558654785,"[0.0, -2.22778320276, 15.47241210684]","[0, 0, 0]",0,3,0.0,0.0,3.734,0,0,0,4294967.295,3750000.384,0,50385,0,-33.08211898803711,26.47831153869629,0.5867279171943665,0,state.PRE_FLIGHT,719,-28,0,-27,0.0,3734,3739,"[10.6, 0.5, 16.5, 10.8, 15.9, 17.0, 0, 0]","[0.0, 0.0, 0.0]",-0.0,"[2.9984, 3.3136, 5.0048, 7.368, 8.4656, 27.820800000000002]","[0.036875, 0.241875, -0.00125, -0.000625, -0.001875, -0.003125]",0,0,0.0,"[1, 1, 1, 1, 1, 1]",41.409863091807686,0.0,0.0,0,0.0
1774904199.8305478,"[0, 0, 0, 0, 0, 0]","[1291, 1500, 1500, 1500]","[-25.08, 0.0, 0.0, 0.0]","[0.0, 0.0, 0.0]",0,3747.87548828125,0,31.996079483032226,"[0.0, -2.5939941402, 1.31225585916]","[0, 0, 0]",0,3,0.0,0.0,3.734,0,0,0,4294967.295,3750000.384,0,50445,0,-33.047607421875,26.555221557617188,0.5867279171943665,0,state.PRE_FLIGHT,720,-28,0,-28,0.0,3734,3747,"[10.4, 0.5, 16.5, 10.2, 15.9, 15.9, 0, 0]","[0.0, 0.0, 0.0]",-0.0,"[2.9984, 3.3136, 5.0048, 7.368, 8.4656, 27.820800000000002]","[0.036875, 0.241875, -0.00125, -0.000625, -0.001875, -0.003125]",0,0,0.0,"[1, 1, 1, 1, 1, 1]",41.42789334916688,0.0,0.0,0,0.0
1774904199.8817468,"[0, 0, 0, 0, 0, 0]","[1291, 1500, 1500, 1500]","[-25.08, 0.0, 0.0, 0.0]","[0.0, 0.0, 0.0]",0,3755.11767578125,0,31.996079483032226,"[0.0, -1.86157226532, 0.39672851556]","[0, 0, 0]",0,3,0.0,0.0,3.749,0,0,0,4294967.295,3750000.384,0,50499,0,-32.90119171142578,26.47842025756836,0.5867279171943665,0,state.PRE_FLIGHT,721,-29,0,-28,0.0,3749,3755,"[10.8, 0.5, 15.9, 10.4, 15.9, 16.5, 0, 0]","[0.0, 0.0, 0.0]",-0.0,"[2.9968000000000004, 3.3120000000000003, 5.0048, 7.3664000000000005, 8.4512, 27.8256]","[0.034375, 0.5575, -0.003125, -0.000625, 0.003125, 0.00375]",0,0,0.0,"[1, 1, 1, 1, 1, 1]",41.27642773152191,0.0,0.0,0,0.0
1774904199.9417949,"[0, 0, 0, 0, 0, 0]","[1291, 1500, 1500, 1500]","[-25.08, 0.0, 0.0, 0.0]","[0.0, 0.0, 0.0]",0,3763.77099609375,0,31.991707534790038,"[0.0, 2.34985351524, 3.38745117132]","[0, 0, 0]",0,3,0.0,0.0,3.763,0,0,0,4294967.295,3750000.384,0,50559,0,-32.888694763183594,26.604795455932617,0.5867279171943665,0,state.PRE_FLIGHT,722,-29,0,-28,0.0,3763,3763,"[10.6, 0.5, 15.5, 10.8, 16.5, 16.5, 0, 0]","[0.0, 0.0, 0.0]",-0.0,"[2.9968000000000004, 3.3120000000000003, 5.0048, 7.3664000000000005, 8.4512, 27.8256]","[0.034375, 0.5575, -0.003125, -0.000625, 0.003125, 0.00375]",0,0,0.0,"[1, 1, 1, 1, 1, 1]",41.339061287876035,0.0,0.0,0,0.0
1774904200.0077956,"[0, 0, 0, 0, 0, 0]","[1291, 1500, 1500, 1500]","[-25.08, 0.0, 0.0, 0.0]","[0.0, 0.0, 0.0]",0,3772.378662109375,0,32.01356727600098,"[0.0, -13.39721679468, 0.94604492172]","[0, 0, 0]",0,3,0.0,0.0,3.763,0,0,0,4294967.295,3750000.384,0,50619,0,-32.512699127197266,26.625524520874023,0.5867279171943665,0,state.PRE_FLIGHT,723,-29,0,-28,0.0,3763,3772,"[10.8, 0.5, 16.5, 10.6, 15.9, 17.6, 0, 0]","[0.0, 0.0, 0.0]",-0.0,"[2.9952, 3.3120000000000003, 5.0032000000000005, 7.3632, 8.432, 27.8256]","[0.033125, 0.570625, -0.00125, -0.001875, -0.0025, 0.00625]",0,0,0.0,"[1, 1, 1, 1, 1, 1]",41.07525328435249,0.0,0.0,0,0.0
1774904200.0653086,"[0, 0, 0, 0, 0, 0]","[1291, 1500, 1500, 1500]","[-25.08, 0.0, 0.0, 0.0]","[0.0, 0.0, 0.0]",0,3780.943603515625,0,32.01356727600098,"[0.0, -12.23754882612, -7.62939453]","[0, 0, 0]",0,3,0.0,0.0,3.778,0,0,0,4294967.295,3750000.384,0,50679,0,-32.59206771850586,26.371036529541016,0.5867279171943665,0,state.PRE_FLIGHT,724,-29,0,-28,0.0,3778,3780,"[10.4, 0.5, 16.5, 10.8, 15.9, 15.5, 0, 0]","[0.0, 0.0, 0.0]",-0.0,"[2.9952, 3.3120000000000003, 5.0032000000000005, 7.3632, 8.432, 27.8256]","[0.033125, 0.570625, -0.00125, -0.001875, -0.0025, 0.00625]",0,0,0.0,"[1, 1, 1, 1, 1, 1]",40.98768287393649,0.0,0.0,0,0.0
1774904200.1183186,"[0, 0, 0, 0, 0, 0]","[1291, 1500, 1500, 1500]","[-25.08, 0.0, 0.0, 0.0]","[0.0, 0.0, 0.0]",0,3788.048583984375,0,32.0048233795166,"[0.0, -0.82397460924, 5.43212890536]","[0, 0, 0]",0,3,0.0,0.0,3.778,0,0,0,4294967.295,3750000.384,0,50733,0,-32.43330001831055,26.548105239868164,0.5867279171943665,0,state.PRE_FLIGHT,725,-30,0,-29,0.0,3778,3788,"[10.4, 0.5, 17.6, 10.4, 15.9, 15.9, 0, 0]","[0.0, 0.0, 0.0]",-0.0,"[2.9968000000000004, 3.3136, 5.0016, 7.364800000000001, 8.4624, 27.8256]","[0.035, 0.506875, 0.0, 0.00125, 0.000625, 0.005625]",0,0,0.0,"[1, 1, 1, 1, 1, 1]",40.972638942174655,0.0,0.0,0,0.0
1774904200.1758337,"[0, 0, 0, 0, 0, 0]","[1291, 1500, 1500, 1500]","[-25.08, 0.0, 0.0, 0.0]","[0.0, 0.0, 0.0]",0,3796.534423828125,0,32.017939224243165,"[0.0, 3.69262695252, -4.82177734296]","[0, 0, 0]",0,3,0.0,0.0,3.79,0,0,0,4294967.295,3750000.384,0,50793,0,-32.4506721496582,26.39551544189453,0.5867279171943665,0,state.PRE_FLIGHT,726,-30,0,-29,0.0,3790,3796,"[10.4, 0.5, 17.6, 10.6, 15.9, 16.5, 0, 0]","[0.0, 0.0, 0.0]",-0.0,"[2.9968000000000004, 3.3136, 5.0016, 7.364800000000001, 8.4624, 27.8256]","[0.035, 0.506875, 0.0, 0.00125, 0.000625, 0.005625]",0,0,0.0,"[1, 1, 1, 1, 1, 1]",40.89776057586909,0.0,0.0,0,0.0
1774904200.241819,"[0, 0, 0, 0, 0, 0]","[1291, 1500, 1500, 1500]","[-25.08, 0.0, 0.0, 0.0]","[0.0, 0.0, 0.0]",0,3804.974365234375,0,32.01356727600098,"[0.0, -9.49096679532, 0.03051757812]","[0, 0, 0]",0,3,0.0,0.0,3.804,0,0,0,4294967.295,3750000.384,0,50853,0,-32.273990631103516,26.438871383666992,0.5867279171943665,0,state.PRE_FLIGHT,727,-30,0,-30,0.0,3804,3804,"[10.6, 0.5, 16.5, 10.4, 15.5, 16.5, 0, 0]","[0.0, 0.0, 0.0]",-0.0,"[2.9968000000000004, 3.3120000000000003, 5.0048, 7.3632, 8.4384, 27.824]","[0.035, 0.21125, 0.00125, 0.000625, -0.00125, -0.000625]",0,0,0.0,"[1, 1, 1, 1, 1, 1]",40.79317078848738,0.0,0.0,0,0.0
1774904200.2988238,"[0, 0, 0, 0, 0, 0]","[1291, 1500, 1500, 1500]","[-25.08, 0.0, 0.0, 0.0]","[0.0, 0.0, 0.0]",0,3813.374755859375,0,32.017939224243165,"[0.0, 9.24682617036, -7.04956054572]","[0, 0, 0]",0,3,0.0,0.0,3.804,0,0,0,4294967.295,3750000.384,0,50913,0,-32.400962829589844,26.267366409301758,0.5867279171943665,0,state.PRE_FLIGHT,728,-30,0,-30,0.0,3804,3813,"[10.8, 0.5, 16.5, 10.8, 16.5, 17.6, 0, 0]","[0.0, 0.0, 0.0]",-0.0,"[2.9984, 3.3120000000000003, 5.0016, 7.3584000000000005, 8.448, 27.8272]","[0.035625000000000004, 0.208125, 0.000625, -0.005, 0.000625, -0.00125]",0,0,0.0,"[1, 1, 1, 1, 1, 1]",40.78786741300712,0.0,0.0,0,0.0
1774904200.3503506,"[0, 0, 0, 0, 0, 0]","[1291, 1500, 1500, 1500]","[-25.08, 0.0, 0.0, 0.0]","[0.0, 0.0, 0.0]",0,3821.7294921875,0,32.02231117248535,"[0.0, 3.69262695252, -13.21411132596]","[0, 0, 0]",0,3,0.0,0.0,3.82,0,0,0,4294967.295,3750000.384,0,50967,0,-32.591400146484375,26.214937210083008,0.5867279171943665,0,state.PRE_FLIGHT,729,-30,0,-29,0.0,3820,3821,"[10.8, 0.5, 16.5, 10.4, 15.9, 17.0, 0, 0]","[0.0, 0.0, 0.0]",-0.0,"[2.9984, 3.3120000000000003, 5.0016, 7.3584000000000005, 8.448, 27.8272]","[0.035625000000000004, 0.208125, 0.000625, -0.005, 0.000625, -0.00125]",0,0,0.0,"[1, 1, 1, 1, 1, 1]",40.89828984035802,0.0,0.0,0,0.0
1774904200.4098754,"[0, 0, 0, 0, 0, 0]","[1291, 1500, 1500, 1500]","[-25.08, 0.0, 0.0, 0.0]","[0.0, 0.0, 0.0]",0,3830.038330078125,0,32.03105506896973,"[0.0, 0.94604492172, -0.1525878906]","[0, 0, 0]",0,3,0.0,0.0,3.82,0,0,0,4294967.295,3750000.384,0,51027,0,-32.48212432861328,26.290620803833008,0.5867279171943665,0,state.PRE_FLIGHT,730,-29,0,-29,0.0,3820,3830,"[10.4, 0.5, 17.0, 10.6, 15.9, 17.0, 0, 0]","[0.0, 0.0, 0.0]",-0.0,"[2.9952, 3.3120000000000003, 5.0048, 7.3616, 8.4368, 27.8272]","[0.02875, 0.230625, -0.00125, -0.000625, -0.000625, -0.003125]",0,0,0.0,"[1, 1, 1, 1, 1, 1]",40.86087384161022,0.0,0.0,0,0.0
1774904200.4764063,"[0, 0, 0, 0, 0, 0]","[1291, 1500, 1500, 1500]","[-25.08, 0.0, 0.0, 0.0]","[0.0, 0.0, 0.0]",0,3838.3076171875,0,32.02231117248535,"[0.0, -13.2751464822, -6.31713867084]","[0, 0, 0]",0,3,0.0,0.0,3.834,0,0,0,4294967.295,3750000.384,0,51087,0,-32.881587982177734,26.44931411743164,0.5867279171943665,0,state.PRE_FLIGHT,731,-30,0,-29,0.0,3834,3838,"[10.6, 0.5, 17.0, 10.6, 16.5, 16.5, 0, 0]","[0.0, 0.0, 0.0]",-0.0,"[2.9952, 3.3120000000000003, 5.0048, 7.3616, 8.4368, 27.8272]","[0.02875, 0.230625, -0.00125, -0.000625, -0.000625, -0.003125]",0,0,0.0,"[1, 1, 1, 1, 1, 1]",41.24546173397499,0.0,0.0,0,0.0
1774904200.5334148,"[0, 0, 0, 0, 0, 0]","[1291, 1500, 1500, 1500]","[-25.08, 0.0, 0.0, 0.0]","[0.0, 0.0, 0.0]",0,3846.534423828125,0,32.017939224243165,"[0.0, -3.57055664004, -2.22778320276]","[0, 0, 0]",0,3,0.0,0.0,3.834,0,0,0,4294967.295,3750000.384,0,51147,0,-32.74976348876953,26.470701217651367,0.5867279171943665,0,state.PRE_FLIGHT,732,-29,0,-28,0.0,3834,3846,"[10.4, 0.5, 17.0, 10.4, 15.9, 16.5, 0, 0]","[0.0, 0.0, 0.0]",-0.0,"[2.9968000000000004, 3.3104, 5.0064, 7.3664000000000005, 8.4672, 27.8272]","[0.034375, 0.238125, -0.00125, -0.00125, -0.0025, 0.003125]",0,0,0.0,"[1, 1, 1, 1, 1, 1]",41.16052813250058,0.0,0.0,0,0.0
1774904200.5869417,"[0, 0, 0, 0, 0, 0]","[1291, 1500, 1500, 1500]","[-25.08, 0.0, 0.0, 0.0]","[0.0, 0.0, 0.0]",0,3853.35595703125,0,32.035427017211916,"[0.0, 8.02612304556, 13.61083984152]","[0, 0, 0]",0,3,0.0,0.0,3.847,0,0,0,4294967.295,3750000.384,0,51201,0,-32.88759231567383,26.551332473754883,0.5867279171943665,0,state.PRE_FLIGHT,733,-29,0,-28,0.0,3847,3853,"[10.6, 0.5, 17.6, 10.8, 15.9, 16.5, 0, 0]","[0.0, 0.0, 0.0]",-0.0,"[2.9968000000000004, 3.3104, 5.0064, 7.3664000000000005, 8.4672, 27.8272]","[0.034375, 0.238125, -0.00125, -0.00125, -0.0025, 0.003125]",0,0,0.0,"[1, 1, 1, 1, 1, 1]",41.30783051762346,0.0,0.0,0,0.0
1774904200.644468,"[0, 0, 0, 0, 0, 0]","[1291, 1500, 1500, 1500]","[-25.08, 0.0, 0.0, 0.0]","[0.0, 0.0, 0.0]",0,3861.50634765625,0,32.0397989654541,"[0.0, 3.5095214838, -14.12963866956]","[0, 0, 0]",0,3,0.0,0.0,3.861,0,0,0,4294967.295,3750000.384,0,51261,0,-33.02213668823242,26.35845184326172,0.5867279171943665,0,state.PRE_FLIGHT,734,-29,0,-28,0.0,3861,3861,"[10.8, 0.5, 16.5, 10.8, 15.9, 17.6, 0, 0]","[0.0, 0.0, 0.0]",-0.0,"[2.9984, 3.3120000000000003, 5.0048, 7.3616, 8.4464, 27.824]","[0.03125, 0.371875, -0.0025, -0.001875, -0.003125, -0.005]",0,0,0.0,"[1, 1, 1, 1, 1, 1]",41.29786734335327,0.0,0.0,0,0.0
1774904200.7044694,"[0, 0, 0, 0, 0, 0]","[1291, 1500, 1500, 1500]","[-25.08, 0.0, 0.0, 0.0]","[0.0, 0.0, 0.0]",0,3869.611083984375,0,32.035427017211916,"[0.0, 1.73950195284, 0.21362304684]","[0, 0, 0]",0,3,0.0,0.0,3.861,0,0,0,4294967.295,3750000.384,0,51321,0,-33.27420425415039,26.44818115234375,0.5867279171943665,0,state.PRE_FLIGHT,735,-29,0,-28,0.0,3861,3869,"[10.4, 0.5, 17.0, 10.8, 15.9, 17.6, 0, 0]","[0.0, 0.0, 0.0]",-0.0,"[2.9984, 3.3120000000000003, 5.0048, 7.3616, 8.4464, 27.824]","[0.03125, 0.371875, -0.0025, -0.001875, -0.003125, -0.005]",0,0,0.0,"[1, 1, 1, 1, 1, 1]",41.53498849091717,0.0,0.0,0,0.0
1774904200.7642803,"[0, 0, 0, 0, 0, 0]","[1291, 1500, 1500, 1500]","[-25.08, 0.0, 0.0, 0.0]","[0.0, 0.0, 0.0]",0,3877.670166015625,0,32.035427017211916,"[0.0, -0.64086914052, -2.96020507764]","[0, 0, 0]",0,3,0.0,0.0,3.874,0,0,0,4294967.295,3750000.384,0,51381,0,-33.193336486816406,26.44454574584961,0.5867279171943665,0,state.PRE_FLIGHT,736,-28,0,-27,0.0,3874,3877,"[10.6, 0.5, 17.0, 10.6, 15.5, 17.6, 0, 0]","[0.0, 0.0, 0.0]",-0.0,"[2.9952, 3.3104, 5.0048, 7.3664000000000005, 8.457600000000001, 27.8272]","[0.03375, 0.58625, 0.000625, -0.000625, -0.0025, 0.005625]",0,0,0.0,"[1, 1, 1, 1, 1, 1]",41.4730630185305,0.0,0.0,0,0.0
1774904200.818274,"[0, 0, 0, 0, 0, 0]","[1291, 1500, 1500, 1500]","[-25.08, 0.0, 0.0, 0.0]","[0.0, 0.0, 0.0]",0,3885.689453125,0,32.03105506896973,"[0.0, -1.19018554668, -0.9155273436]","[0, 0, 0]",0,3,0.0,0.0,3.874,0,0,0,4294967.295,3750000.384,0,51435,0,-32.873321533203125,26.564613342285156,0.5867279171943665,0,state.PRE_FLIGHT,737,-28,0,-27,0.0,3874,3885,"[10.4, 0.5, 16.5, 10.4, 16.5, 17.0, 0, 0]","[0.0, 0.0, 0.0]",-0.0,"[2.9952, 3.3104, 5.0048, 7.3664000000000005, 8.457600000000001, 27.8272]","[0.03375, 0.58625, 0.000625, -0.000625, -0.0025, 0.005625]",0,0,0.0,"[1, 1, 1, 1, 1, 1]",41.30488657418182,0.0,0.0,0,0.0
1774904200.881821,"[0, 0, 0, 0, 0, 0]","[1291, 1500, 1500, 1500]","[-25.08, 0.0, 0.0, 0.0]","[0.0, 0.0, 0.0]",0,3893.666259765625,0,32.02231117248535,"[0.0, -6.92749023324, -4.45556640552]","[0, 0, 0]",0,3,0.0,0.0,3.888,0,0,0,4294967.295,3750000.384,0,51495,0,-32.85532760620117,26.56096076965332,0.5867279171943665,0,state.PRE_FLIGHT,738,-28,0,-27,0.0,3888,3893,"[10.4, 0.5, 16.5, 10.6, 15.5, 15.9, 0, 0]","[0.0, 0.0, 0.0]",-0.0,"[2.9936000000000003, 3.3136, 5.0048, 7.368, 8.4384, 27.8272]","[0.028125, 0.5750000000000001, -0.000625, -0.003125, -0.004375, 0.004375]",0,0,0.0,"[1, 1, 1, 1, 1, 1]",41.289574114986465,0.0,0.0,0,0.0
1774904200.938347,"[0, 0, 0, 0, 0, 0]","[1291, 1500, 1500, 1500]","[-25.08, 0.0, 0.0, 0.0]","[0.0, 0.0, 0.0]",0,3901.603271484375,0,32.04854286193848,"[0.0, -1.80053710908, 1.525878906]","[0, 0, 0]",0,3,0.0,0.0,3.901,0,0,0,4294967.295,3750000.384,0,51555,0,-32.64718246459961,26.70501136779785,0.5867279171943665,0,state.PRE_FLIGHT,739,-28,0,-27,0.0,3901,3901,"[10.4, 0.5, 15.9, 10.4, 15.9, 17.0, 0, 0]","[0.0, 0.0, 0.0]",-0.0,"[2.9936000000000003, 3.3136, 5.0048, 7.368, 8.4384, 27.8272]","[0.028125, 0.5750000000000001, -0.000625, -0.003125, -0.004375, 0.004375]",0,0,0.0,"[1, 1, 1, 1, 1, 1]",41.219285446868305,0.0,0.0,0,0.0
1774904201.0034792,"[0, 0, 0, 0, 0, 0]","[1291, 1500, 1500, 1500]","[-25.08, 0.0, 0.0, 0.0]","[0.0, 0.0, 0.0]",0,3909.49462890625,0,32.035427017211916,"[0.0, -0.27465820308, 1.70898437472]","[0, 0, 0]",0,3,0.0,0.0,3.901,0,0,0,4294967.295,3750000.384,0,51615,0,-32.589813232421875,26.85516357421875,0.5867279171943665,0,state.PRE_FLIGHT,740,-28,0,-28,0.0,3901,3909,"[10.4, 0.5, 16.5, 10.6, 15.9, 17.0, 0, 0]","[0.0, 0.0, 0.0]",-0.0,"[2.9936000000000003, 3.3104, 5.0016, 7.3632, 8.4688, 27.8256]","[0.028125, 0.245625, -0.005, -0.00375, -0.0025, -0.004375]",0,0,0.0,"[1, 1, 1, 1, 1, 1]",41.26384564222558,0.0,0.0,0,0.0
1774904201.052018,"[0, 0, 0, 0, 0, 0]","[1291, 1500, 1500, 1500]","[-25.08, 0.0, 0.0, 0.0]","[0.0, 0.0, 0.0]",0,3916.038818359375,0,32.04417091369629,"[0.0, -3.2043457026, -0.36621093744]","[0, 0, 0]",0,3,0.0,0.0,3.914,0,0,0,4294967.295,3750000.384,0,51669,0,-32.21779251098633,27.02252769470215,0.5867279171943665,0,state.PRE_FLIGHT,741,-29,0,-28,0.0,3914,3916,"[10.6, 0.5, 17.0, 10.4, 16.5, 16.5, 0, 0]","[0.0, 0.0, 0.0]",-0.0,"[2.9936000000000003, 3.3104, 5.0016, 7.3632, 8.4688, 27.8256]","[0.028125, 0.245625, -0.005, -0.00375, -0.0025, -0.004375]",0,0,0.0,"[1, 1, 1, 1, 1, 1]",41.09113644696121,0.0,0.0,0,0.0
1774904201.1120226,"[0, 0, 0, 0, 0, 0]","[1291, 1500, 1500, 1500]","[-25.08, 0.0, 0.0, 0.0]","[0.0, 0.0, 0.0]",0,3923.85400390625,0,32.06165870666504,"[0.0, 4.3029785149199995, -3.5095214838]","[0, 0, 0]",0,3,0.0,0.0,3.914,0,0,0,4294967.295,3750000.384,0,51729,0,-32.330101013183594,26.924259185791016,0.5867279171943665,0,state.PRE_FLIGHT,742,-29,0,-28,0.0,3914,3923,"[10.4, 0.5, 17.0, 10.6, 15.5, 16.5, 0, 0]","[0.0, 0.0, 0.0]",-0.0,"[2.9968000000000004, 3.3120000000000003, 5.0016, 7.3632, 8.443200000000001, 27.8272]","[0.035, 0.195625, -0.001875, -0.00625, -0.00375, -0.00125]",0,0,0.0,"[1, 1, 1, 1, 1, 1]",41.115108215593644,0.0,0.0,0,0.0
1774904201.1765451,"[0, 0, 0, 0, 0, 0]","[1291, 1500, 1500, 1500]","[-25.08, 0.0, 0.0, 0.0]","[0.0, 0.0, 0.0]",0,3931.62646484375,0,32.06603065490722,"[0.0, 0.762939453, -1.46484374976]","[0, 0, 0]",0,3,0.0,0.0,3.927,0,0,0,4294967.295,3750000.384,0,51789,0,-32.2822380065918,26.99449920654297,0.5867279171943665,0,state.PRE_FLIGHT,743,-29,0,-28,0.0,3927,3931,"[10.4, 0.5, 16.5, 10.8, 15.5, 16.5, 0, 0]","[0.0, 0.0, 0.0]",-0.0,"[2.9968000000000004, 3.3136, 5.0032000000000005, 7.368, 8.448, 27.824]","[0.03375, 0.226875, -0.00375, -0.00375, -0.0025, -0.006875]",0,0,0.0,"[1, 1, 1, 1, 1, 1]",41.121364745926904,0.0,0.0,0,0.0
1774904201.2325468,"[0, 0, 0, 0, 0, 0]","[1291, 1500, 1500, 1500]","[-25.08, 0.0, 0.0, 0.0]","[0.0, 0.0, 0.0]",0,3939.359375,0,32.06603065490722,"[0.0, -13.82446288836, 1.31225585916]","[0, 0, 0]",0,3,0.0,0.0,3.927,0,0,0,4294967.295,3750000.384,0,51849,0,-32.2028923034668,27.2410945892334,0.5867279171943665,0,state.PRE_FLIGHT,744,-28,0,-28,0.0,3927,3939,"[10.2, 0.5, 16.5, 10.6, 15.9, 16.5, 0, 0]","[0.0, 0.0, 0.0]",-0.0,"[2.9968000000000004, 3.3136, 5.0032000000000005, 7.368, 8.448, 27.824]","[0.03375, 0.226875, -0.00375, -0.00375, -0.0025, -0.006875]",0,0,0.0,"[1, 1, 1, 1, 1, 1]",41.20855720916573,0.0,0.0,0,0.0
1774904201.286838,"[0, 0, 0, 0, 0, 0]","[1291, 1500, 1500, 1500]","[-25.08, 0.0, 0.0, 0.0]","[0.0, 0.0, 0.0]",0,3945.769287109375,0,32.07040260314941,"[0.0, 2.16674804652, 3.57055664004]","[0, 0, 0]",0,3,0.0,0.0,3.94,0,0,0,4294967.295,3750000.384,0,51903,0,-31.896955490112305,27.28165054321289,0.5867279171943665,0,state.PRE_FLIGHT,745,-28,0,-28,0.0,3940,3945,"[10.4, 0.5, 17.0, 10.6, 15.9, 15.9, 0, 0]","[0.0, 0.0, 0.0]",-0.0,"[2.9952, 3.3104, 5.0032000000000005, 7.36, 8.4464, 27.8288]","[0.03, 0.278125, 0.003125, -0.00375, -0.00125, -0.00125]",0,0,0.0,"[1, 1, 1, 1, 1, 1]",41.013018806542505,0.0,0.0,0,0.0
1774904201.350357,"[0, 0, 0, 0, 0, 0]","[1291, 1500, 1500, 1500]","[-25.08, 0.0, 0.0, 0.0]","[0.0, 0.0, 0.0]",0,3953.4228515625,0,32.06165870666504,"[0.0, -2.77709960892, -7.44628906128]","[0, 0, 0]",0,3,0.0,0.0,3.952,0,0,0,4294967.295,3750000.384,0,51963,0,-31.789525985717773,27.121721267700195,0.5867279171943665,0,state.PRE_FLIGHT,746,-28,0,-27,0.0,3952,3953,"[10.2, 0.5, 15.9, 10.2, 15.5, 17.0, 0, 0]","[0.0, 0.0, 0.0]",-0.0,"[2.9952, 3.3104, 5.0032000000000005, 7.36, 8.4464, 27.8288]","[0.03, 0.278125, 0.003125, -0.00375, -0.00125, -0.00125]",0,0,0.0,"[1, 1, 1, 1, 1, 1]",40.841265627171744,0.0,0.0,0,0.0
1774904201.4098952,"[0, 0, 0, 0, 0, 0]","[1291, 1500, 1500, 1500]","[-25.08, 0.0, 0.0, 0.0]","[0.0, 0.0, 0.0]",0,3961.036865234375,0,32.06165870666504,"[0.0, 2.8991699214, -2.22778320276]","[0, 0, 0]",0,3,0.0,0.0,3.952,0,0,0,4294967.295,3750000.384,0,52023,0,-31.456878662109375,27.047880172729492,0.5867279171943665,0,state.PRE_FLIGHT,747,-28,0,-28,0.0,3952,3961,"[10.6, 0.5, 16.5, 10.4, 15.5, 16.5, 0, 0]","[0.0, 0.0, 0.0]",-0.0,"[2.9952, 3.3104, 5.0032000000000005, 7.3632, 8.4304, 27.8256]","[0.030625, 0.574375, -0.000625, -0.0025, -0.000625, -0.000625]",0,0,0.0,"[1, 1, 1, 1, 1, 1]",40.559227271760506,0.0,0.0,0,0.0
1774904201.4674237,"[0, 0, 0, 0, 0, 0]","[1291, 1500, 1500, 1500]","[-25.08, 0.0, 0.0, 0.0]","[0.0, 0.0, 0.0]",0,3968.605224609375,0,32.083518447875974,"[0.0, -7.9650878893199994, -7.62939453]","[0, 0, 0]",0,3,0.0,0.0,3.964,0,0,0,4294967.295,3750000.384,0,52083,0,-31.306747436523438,27.132726669311523,0.5867279171943665,0,state.PRE_FLIGHT,748,-29,0,-28,0.0,3964,3968,"[10.6, 0.5, 15.9, 10.6, 15.5, 15.9, 0, 0]","[0.0, 0.0, 0.0]",-0.0,"[2.9952, 3.3104, 5.0032000000000005, 7.3632, 8.4304, 27.8256]","[0.030625, 0.574375, -0.000625, -0.0025, -0.000625, -0.000625]",0,0,0.0,"[1, 1, 1, 1, 1, 1]",40.50288332173648,0.0,0.0,0,0.0
1774904201.5214305,"[0, 0, 0, 0, 0, 0]","[1291, 1500, 1500, 1500]","[-25.08, 0.0, 0.0, 0.0]","[0.0, 0.0, 0.0]",0,3976.136962890625,0,32.08789039611816,"[0.0, -2.16674804652, 10.65063476388]","[0, 0, 0]",0,3,0.0,0.0,3.964,0,0,0,4294967.295,3750000.384,0,52137,0,-30.88666534423828,27.070518493652344,0.5867279171943665,0,state.PRE_FLIGHT,749,-29,0,-28,0.0,3964,3976,"[10.4, 0.5, 17.0, 10.6, 17.0, 17.0, 0, 0]","[0.0, 0.0, 0.0]",-0.0,"[2.9968000000000004, 3.3120000000000003, 5.0016, 7.368, 8.459200000000001, 27.824]","[0.036875, 0.506875, -0.000625, -0.0025, -0.005, 0.00375]",0,0,0.0,"[1, 1, 1, 1, 1, 1]",40.16698747315293,0.0,0.0,0,0.0
1774904201.580947,"[0, 0, 0, 0, 0, 0]","[1291, 1500, 1500, 1500]","[-25.08, 0.0, 0.0, 0.0]","[0.0, 0.0, 0.0]",0,3983.622802734375,0,32.0747745513916,"[0.0, -2.16674804652, 3.38745117132]","[0, 0, 0]",0,3,0.0,0.0,3.978,0,0,0,4294967.295,3750000.384,0,52197,0,-30.723129272460938,27.322601318359375,0.5867279171943665,0,state.PRE_FLIGHT,750,-29,0,-29,0.0,3978,3983,"[10.4, 0.5, 17.0, 10.6, 15.9, 16.5, 0, 0]","[0.0, 0.0, 0.0]",-0.0,"[2.9968000000000004, 3.3120000000000003, 5.0016, 7.368, 8.459200000000001, 27.824]","[0.036875, 0.506875, -0.000625, -0.0025, -0.005, 0.00375]",0,0,0.0,"[1, 1, 1, 1, 1, 1]",40.20490635880848,0.0,0.0,0,0.0
1774904201.6409624,"[0, 0, 0, 0, 0, 0]","[1291, 1500, 1500, 1500]","[-25.08, 0.0, 0.0, 0.0]","[0.0, 0.0, 0.0]",0,3991.0693359375,0,32.0747745513916,"[0.0, 4.3029785149199995, 0.03051757812]","[0, 0, 0]",0,3,0.0,0.0,3.991,0,0,0,4294967.295,3750000.384,0,52257,0,-30.501842498779297,27.445873260498047,0.5867279171943665,0,state.PRE_FLIGHT,751,-29,0,-29,0.0,3991,3991,"[10.4, 0.5, 15.9, 10.4, 15.5, 16.5, 0, 0]","[0.0, 0.0, 0.0]",-0.0,"[2.9936000000000003, 3.3120000000000003, 5.0016, 7.364800000000001, 8.4384, 27.8256]","[0.028125, 0.5750000000000001, -0.0025, 0.000625, 0.000625, 0.003125]",0,0,0.0,"[1, 1, 1, 1, 1, 1]",40.125431350679605,0.0,0.0,0,0.0
1774904201.7014902,"[0, 0, 0, 0, 0, 0]","[1291, 1500, 1500, 1500]","[-25.08, 0.0, 0.0, 0.0]","[0.0, 0.0, 0.0]",0,3998.47607421875,0,32.11412208557129,"[0.0, 2.34985351524, 2.80761718704]","[0, 0, 0]",0,3,0.0,0.0,3.991,0,0,0,4294967.295,3750000.384,0,52317,0,-30.686811447143555,27.57771110534668,0.5867279171943665,0,state.PRE_FLIGHT,752,-28,0,-28,0.0,3991,3998,"[10.4, 0.5, 16.5, 10.4, 15.9, 15.9, 0, 0]","[0.0, 0.0, 0.0]",-0.0,"[2.9936000000000003, 3.3120000000000003, 5.0016, 7.364800000000001, 8.4384, 27.8256]","[0.028125, 0.5750000000000001, -0.0025, 0.000625, 0.000625, 0.003125]",0,0,0.0,"[1, 1, 1, 1, 1, 1]",40.33587337007473,0.0,0.0,0,0.0
1774904201.7546618,"[0, 0, 0, 0, 0, 0]","[1291, 1500, 1500, 1500]","[-25.08, 0.0, 0.0, 0.0]","[0.0, 0.0, 0.0]",0,4004.61474609375,0,32.07040260314941,"[0.0, -4.5471191398799995, 1.31225585916]","[0, 0, 0]",0,3,0.0,0.0,4.003,0,0,0,4294967.295,3750000.384,0,52371,0,-30.596982955932617,27.559934616088867,0.5867279171943665,0,state.PRE_FLIGHT,753,-28,0,-27,0.0,4003,4004,"[10.6, 0.5, 16.5, 10.2, 16.5, 16.5, 0, 0]","[0.0, 0.0, 0.0]",-0.0,"[2.9968000000000004, 3.3088, 5.0032000000000005, 7.3632, 8.448, 27.8256]","[0.03375, 0.243125, -0.000625, 0.000625, -0.00125, -0.000625]",0,0,0.0,"[1, 1, 1, 1, 1, 1]",40.26218028232008,0.0,0.0,0,0.0
1774904201.8146553,"[0, 0, 0, 0, 0, 0]","[1291, 1500, 1500, 1500]","[-25.08, 0.0, 0.0, 0.0]","[0.0, 0.0, 0.0]",0,4011.942138671875,0,32.08789039611816,"[0.0, 0.57983398428, 7.8430175768399994]","[0, 0, 0]",0,3,0.0,0.0,4.003,0,0,0,4294967.295,3750000.384,0,52431,0,-30.530771255493164,27.660661697387695,0.5867279171943665,0,state.PRE_FLIGHT,754,-28,0,-27,0.0,4003,4011,"[10.6, 0.5, 16.5, 10.6, 15.5, 15.9, 0, 0]","[0.0, 0.0, 0.0]",-0.0,"[2.9936000000000003, 3.3120000000000003, 5.008, 7.368, 8.4336, 27.8272]","[0.028125, 0.21625, 0.000625, 0.00125, -0.0025, -0.005625]",0,0,0.0,"[1, 1, 1, 1, 1, 1]",40.27821104341589,0.0,0.0,0,0.0
1774904201.8741996,"[0, 0, 0, 0, 0, 0]","[1291, 1500, 1500, 1500]","[-25.08, 0.0, 0.0, 0.0]","[0.0, 0.0, 0.0]",0,4019.22998046875,0,32.08789039611816,"[0.0, -2.41088867148, -13.03100585724]","[0, 0, 0]",0,3,0.0,0.0,4.015,0,0,0,4294967.295,3750000.384,0,52491,0,-30.678791046142578,27.735118865966797,0.5867279171943665,0,state.PRE_FLIGHT,755,-29,0,-28,0.0,4015,4019,"[10.8, 0.5, 16.5, 10.8, 15.5, 16.5, 0, 0]","[0.0, 0.0, 0.0]",-0.0,"[2.9936000000000003, 3.3120000000000003, 5.008, 7.368, 8.4336, 27.8272]","[0.028125, 0.21625, 0.000625, 0.00125, -0.0025, -0.005625]",0,0,0.0,"[1, 1, 1, 1, 1, 1]",40.42726461305618,0.0,0.0,0,0.0
1774904201.9347332,"[0, 0, 0, 0, 0, 0]","[1291, 1500, 1500, 1500]","[-25.08, 0.0, 0.0, 0.0]","[0.0, 0.0, 0.0]",0,4026.478271484375,0,32.101006240844725,"[0.0, -2.5939941402, 0.57983398428]","[0, 0, 0]",0,3,0.0,0.0,4.015,0,0,0,4294967.295,3750000.384,0,52551,0,-30.731616973876953,27.84133529663086,0.5867279171943665,0,state.PRE_FLIGHT,756,-28,0,-27,0.0,4015,4026,"[10.8, 0.5, 16.5, 10.6, 15.5, 17.0, 0, 0]","[0.0, 0.0, 0.0]",-0.0,"[2.9984, 3.3120000000000003, 5.0016, 7.3616, 8.457600000000001, 27.824]","[0.033125, 0.249375, -0.004375, 0.000625, 0.0025, 0.0]",0,0,0.0,"[1, 1, 1, 1, 1, 1]",40.52961148432788,0.0,0.0,0,0.0
1774904201.9892714,"[0, 0, 0, 0, 0, 0]","[1291, 1500, 1500, 1500]","[-25.08, 0.0, 0.0, 0.0]","[0.0, 0.0, 0.0]",0,4033.683837890625,0,32.10537818908691,"[0.0, 0.1525878906, -21.78955077768]","[0, 0, 0]",0,3,0.0,0.0,4.028,0,0,0,4294967.295,3750000.384,0,52605,0,-30.800708770751953,27.79313087463379,0.5867279171943665,0,state.PRE_FLIGHT,757,-28,0,-27,0.0,4028,4033,"[10.6, 0.5, 15.9, 10.2, 15.9, 18.2, 0, 0]","[0.0, 0.0, 0.0]",-0.0,"[2.9984, 3.3120000000000003, 5.0016, 7.3616, 8.457600000000001, 27.824]","[0.033125, 0.249375, -0.004375, 0.000625, 0.0025, 0.0]",0,0,0.0,"[1, 1, 1, 1, 1, 1]",40.54796613746993,0.0,0.0,0,0.0
1774904202.0487914,"[0, 0, 0, 0, 0, 0]","[1291, 1500, 1500, 1500]","[-25.08, 0.0, 0.0, 0.0]","[0.0, 0.0, 0.0]",0,4040.849853515625,0,32.101006240844725,"[0.0, 0.94604492172, 3.57055664004]","[0, 0, 0]",0,3,0.0,0.0,4.039,0,0,0,4294967.295,3750000.384,0,52665,0,-30.54800033569336,27.82729721069336,0.5867279171943665,0,state.PRE_FLIGHT,758,-29,0,-28,0.0,4039,4040,"[10.2, 0.5, 16.5, 10.6, 15.5, 16.5, 0, 0]","[0.0, 0.0, 0.0]",-0.0,"[2.9968000000000004, 3.3120000000000003, 5.0032000000000005, 7.364800000000001, 8.4384, 27.832]","[0.035625000000000004, 0.231875, -0.00125, -0.004375, -0.00125, -0.0025]",0,0,0.0,"[1, 1, 1, 1, 1, 1]",40.39340276622758,0.0,0.0,0,0.0
1774904202.1087844,"[0, 0, 0, 0, 0, 0]","[1291, 1500, 1500, 1500]","[-25.08, 0.0, 0.0, 0.0]","[0.0, 0.0, 0.0]",0,4047.97314453125,0,32.09226234436035,"[0.0, 6.68334960828, 10.8337402326]","[0, 0, 0]",0,3,0.0,0.0,4.039,0,0,0,4294967.295,3750000.384,0,52725,0,-30.352991104125977,27.82788848876953,0.5867279171943665,0,state.PRE_FLIGHT,759,-28,0,-28,0.0,4039,4047,"[10.6, 0.5, 17.0, 10.8, 16.5, 15.9, 0, 0]","[0.0, 0.0, 0.0]",-0.0,"[2.9968000000000004, 3.3120000000000003, 5.0032000000000005, 7.364800000000001, 8.4384, 27.832]","[0.035625000000000004, 0.231875, -0.00125, -0.004375, -0.00125, -0.0025]",0,0,0.0,"[1, 1, 1, 1, 1, 1]",40.258713299513985,0.0,0.0,0,0.0
1774904202.1683109,"[0, 0, 0, 0, 0, 0]","[1291, 1500, 1500, 1500]","[-25.08, 0.0, 0.0, 0.0]","[0.0, 0.0, 0.0]",0,4055.056640625,0,32.10537818908691,"[0.0, -9.06372070164, 2.4414062496]","[0, 0, 0]",0,3,0.0,0.0,4.051,0,0,0,4294967.295,3750000.384,0,52785,0,-30.424396514892578,27.96156883239746,0.5867279171943665,0,state.PRE_FLIGHT,760,-27,0,-27,0.0,4051,4055,"[10.8, 0.5, 16.5, 10.4, 16.5, 16.5, 0, 0]","[0.0, 0.0, 0.0]",-0.0,"[2.9968000000000004, 3.3120000000000003, 5.0, 7.364800000000001, 8.443200000000001, 27.8272]","[0.04, 0.55625, -0.000625, -0.00125, -0.004375, 0.005625]",0,0,0.0,"[1, 1, 1, 1, 1, 1]",40.39141455018442,0.0,0.0,0,0.0
1774904202.2263105,"[0, 0, 0, 0, 0, 0]","[1291, 1500, 1500, 1500]","[-25.08, 0.0, 0.0, 0.0]","[0.0, 0.0, 0.0]",0,4060.92724609375,0,32.10537818908691,"[0.0, 1.55639648412, 14.55688476324]","[0, 0, 0]",0,3,0.0,0.0,4.051,0,0,0,4294967.295,3750000.384,0,52839,0,-30.050573348999023,27.904403686523438,0.5867279171943665,0,state.PRE_FLIGHT,761,-26,0,-26,0.0,4051,4060,"[10.6, 0.5, 17.0, 10.4, 15.5, 17.0, 0, 0]","[0.0, 0.0, 0.0]",-0.0,"[2.9968000000000004, 3.3120000000000003, 5.0, 7.364800000000001, 8.443200000000001, 27.8272]","[0.04, 0.55625, -0.000625, -0.00125, -0.004375, 0.005625]",0,0,0.0,"[1, 1, 1, 1, 1, 1]",40.09816598882593,0.0,0.0,0,0.0
1774904202.2839656,"[0, 0, 0, 0, 0, 0]","[1291, 1500, 1500, 1500]","[-25.08, 0.0, 0.0, 0.0]","[0.0, 0.0, 0.0]",0,4067.9345703125,0,32.11412208557129,"[0.0, 4.48608398364, -3.90624999936]","[0, 0, 0]",0,3,0.0,0.0,4.063,0,0,0,4294967.295,3750000.384,0,52899,0,-30.116788864135742,27.74082374572754,0.5867279171943665,0,state.PRE_FLIGHT,762,-27,0,-26,0.0,4063,4067,"[10.6, 0.5, 17.0, 10.6, 16.5, 16.5, 0, 0]","[0.0, 0.0, 0.0]",-0.0,"[2.9968000000000004, 3.3136, 5.0032000000000005, 7.364800000000001, 8.4512, 27.8272]","[0.033125, 0.57875, -0.0025, -0.00125, -0.003125, 0.0025]",0,0,0.0,"[1, 1, 1, 1, 1, 1]",40.041138612172055,0.0,0.0,0,0.0
1774904202.3424866,"[0, 0, 0, 0, 0, 0]","[1291, 1500, 1500, 1500]","[-25.08, 0.0, 0.0, 0.0]","[0.0, 0.0, 0.0]",0,4074.905517578125,0,32.10537818908691,"[0.0, 2.71606445268, 5.43212890536]","[0, 0, 0]",0,3,0.0,0.0,4.074,0,0,0,4294967.295,3750000.384,0,52959,0,-30.083866119384766,27.776830673217773,0.5867279171943665,0,state.PRE_FLIGHT,763,-27,0,-27,0.0,4074,4074,"[10.4, 0.5, 17.0, 10.8, 15.5, 16.5, 0, 0]","[0.0, 0.0, 0.0]",-0.0,"[2.9968000000000004, 3.3136, 5.0032000000000005, 7.364800000000001, 8.4512, 27.8272]","[0.033125, 0.57875, -0.0025, -0.00125, -0.003125, 0.0025]",0,0,0.0,"[1, 1, 1, 1, 1, 1]",40.040979560615575,0.0,0.0,0,0.0
1774904202.4030316,"[0, 0, 0, 0, 0, 0]","[1291, 1500, 1500, 1500]","[-25.08, 0.0, 0.0, 0.0]","[0.0, 0.0, 0.0]",0,4081.83056640625,0,32.1097501373291,"[0.0, 3.87573242124, 0.21362304684]","[0, 0, 0]",0,3,0.0,0.0,4.074,0,0,0,4294967.295,3750000.384,0,53019,0,-30.024669647216797,27.786014556884766,0.5867279171943665,0,state.PRE_FLIGHT,764,-27,0,-26,0.0,4074,4081,"[10.6, 0.5, 17.0, 10.6, 15.9, 17.0, 0, 0]","[0.0, 0.0, 0.0]",-0.0,"[2.9968000000000004, 3.3120000000000003, 5.0048, 7.364800000000001, 8.443200000000001, 27.822400000000002]","[0.039375, 0.234375, -0.003125, -0.0075, -0.000625, 0.0025]",0,0,0.0,"[1, 1, 1, 1, 1, 1]",40.005954949679214,0.0,0.0,0,0.0
1774904202.4575486,"[0, 0, 0, 0, 0, 0]","[1291, 1500, 1500, 1500]","[-25.08, 0.0, 0.0, 0.0]","[0.0, 0.0, 0.0]",0,4087.5732421875,0,32.10537818908691,"[0.0, -0.03051757812, 3.93676757748]","[0, 0, 0]",0,3,0.0,0.0,4.085,0,0,0,4294967.295,3750000.384,0,53073,0,-29.927024841308594,27.88615608215332,0.5867279171943665,0,state.PRE_FLIGHT,765,-30,0,-28,0.0,4085,4087,"[10.6, 0.5, 17.0, 11.1, 15.9, 17.0, 0, 0]","[0.0, 0.0, 0.0]",-0.0,"[2.9968000000000004, 3.3120000000000003, 5.0048, 7.364800000000001, 8.443200000000001, 27.822400000000002]","[0.039375, 0.234375, -0.003125, -0.0075, -0.000625, 0.0025]",0,0,0.0,"[1, 1, 1, 1, 1, 1]",40.00185454849814,0.0,0.0,0,0.0
1774904202.5175552,"[0, 0, 0, 0, 0, 0]","[1291, 1500, 1500, 1500]","[-25.08, 0.0, 0.0, 0.0]","[0.0, 0.0, 0.0]",0,4094.425048828125,0,32.13160987854004,"[0.0, 11.81030273244, -6.8664550769999995]","[0, 0, 0]",0,3,0.0,0.0,4.085,0,0,0,4294967.295,3750000.384,0,53133,0,-30.164140701293945,27.90203094482422,0.5867279171943665,0,state.PRE_FLIGHT,766,-29,0,-30,0.0,4085,4094,"[10.2, 0.5, 16.5, 10.8, 15.9, 17.0, 0, 0]","[0.0, 0.0, 0.0]",-0.0,"[2.9968000000000004, 3.3120000000000003, 5.0032000000000005, 7.3664000000000005, 8.4528, 27.824]","[0.03125, 0.24375, -0.0025, 0.0025, -0.00625, -0.00125]",0,0,0.0,"[1, 1, 1, 1, 1, 1]",40.17477683675635,0.0,0.0,0,0.0
1774904202.580075,"[0, 0, 0, 0, 0, 0]","[1291, 1500, 1500, 1500]","[-25.08, 0.0, 0.0, 0.0]","[0.0, 0.0, 0.0]",0,4101.24072265625,0,32.13598182678223,"[0.0, 6.43920898332, 3.17382812448]","[0, 0, 0]",0,3,0.0,0.0,4.096,0,0,0,4294967.295,3750000.384,0,53193,0,-30.22638511657715,27.928268432617188,0.5867279171943665,0,state.PRE_FLIGHT,767,-26,0,-26,0.0,4096,4101,"[10.4, 0.5, 15.9, 10.6, 15.9, 17.0, 0, 0]","[0.0, 0.0, 0.0]",-0.0,"[2.9968000000000004, 3.3120000000000003, 5.0032000000000005, 7.3632, 8.432, 27.8256]","[0.033125, 0.22625, -0.005, -0.00375, 0.0, -0.000625]",0,0,0.0,"[1, 1, 1, 1, 1, 1]",40.23407790273165,0.0,0.0,0,0.0
1774904202.6370897,"[0, 0, 0, 0, 0, 0]","[1291, 1500, 1500, 1500]","[-25.08, 0.0, 0.0, 0.0]","[0.0, 0.0, 0.0]",0,4108.01025390625,0,32.10537818908691,"[0.0, -16.38793945044, 7.65991210812]","[0, 0, 0]",0,3,0.0,0.0,4.108,0,0,0,4294967.295,3750000.384,0,53253,0,-30.25661277770996,28.101566314697266,0.5867279171943665,0,state.PRE_FLIGHT,768,-29,0,-27,0.0,4108,4108,"[10.6, 0.5, 17.0, 10.6, 16.5, 16.5, 0, 0]","[0.0, 0.0, 0.0]",-0.0,"[2.9968000000000004, 3.3120000000000003, 5.0032000000000005, 7.3632, 8.432, 27.8256]","[0.033125, 0.22625, -0.005, -0.00375, 0.0, -0.000625]",0,0,0.0,"[1, 1, 1, 1, 1, 1]",40.36358357474109,0.0,0.0,0,0.0
1774904202.693606,"[0, 0, 0, 0, 0, 0]","[1291, 1500, 1500, 1500]","[-25.08, 0.0, 0.0, 0.0]","[0.0, 0.0, 0.0]",0,4114.7431640625,0,32.11412208557129,"[0.0, -8.14819335804, 13.4277343728]","[0, 0, 0]",0,3,0.0,0.0,4.108,0,0,0,4294967.295,3750000.384,0,53307,0,-30.39333724975586,28.187501907348633,0.5867279171943665,0,state.PRE_FLIGHT,769,-31,0,-30,0.0,4108,4114,"[10.8, 0.5, 16.5, 10.8, 15.5, 16.5, 0, 0]","[0.0, 0.0, 0.0]",-0.0,"[2.9968000000000004, 3.3104, 5.0032000000000005, 7.3616, 8.456000000000001, 27.824]","[0.0325, 0.2525, -0.00125, -0.0025, 0.00125, -0.001875]",0,0,0.0,"[1, 1, 1, 1, 1, 1]",40.51137417338403,0.0,0.0,0,0.0
1774904202.7511199,"[0, 0, 0, 0, 0, 0]","[1291, 1500, 1500, 1500]","[-25.08, 0.0, 0.0, 0.0]","[0.0, 0.0, 0.0]",0,4121.43701171875,0,32.10537818908691,"[0.0, -4.7302246086, 2.07519531216]","[0, 0, 0]",0,3,0.0,0.0,4.12,0,0,0,4294967.295,3750000.384,0,53367,0,-30.276153564453125,28.2442684173584,0.5867279171943665,0,state.PRE_FLIGHT,770,-30,0,-30,0.0,4120,4121,"[10.6, 0.5, 16.5, 10.8, 15.9, 15.9, 0, 0]","[0.0, 0.0, 0.0]",-0.0,"[2.9968000000000004, 3.3104, 5.0032000000000005, 7.3616, 8.456000000000001, 27.824]","[0.0325, 0.2525, -0.00125, -0.0025, 0.00125, -0.001875]",0,0,0.0,"[1, 1, 1, 1, 1, 1]",40.466731374880816,0.0,0.0,0,0.0
1774904202.8111563,"[0, 0, 0, 0, 0, 0]","[1291, 1500, 1500, 1500]","[-25.08, 0.0, 0.0, 0.0]","[0.0, 0.0, 0.0]",0,4128.087890625,0,32.10537818908691,"[0.0, -6.7443847645199995, -7.04956054572]","[0, 0, 0]",0,3,0.0,0.0,4.12,0,0,0,4294967.295,3750000.384,0,53427,0,-30.499845504760742,28.556148529052734,0.5867279171943665,0,state.PRE_FLIGHT,771,-30,0,-30,0.0,4120,4128,"[10.4, 0.5, 16.5, 10.4, 15.0, 15.9, 0, 0]","[0.0, 0.0, 0.0]",-0.0,"[2.9952, 3.3120000000000003, 5.0032000000000005, 7.3712, 8.432, 27.8272]","[0.035625000000000004, 0.26125, -0.004375, -0.00125, -0.001875, -0.00125]",0,0,0.0,"[1, 1, 1, 1, 1, 1]",40.81601479946143,0.0,0.0,0,0.0
1774904202.8706827,"[0, 0, 0, 0, 0, 0]","[1291, 1500, 1500, 1500]","[-25.08, 0.0, 0.0, 0.0]","[0.0, 0.0, 0.0]",0,4134.69873046875,0,32.09663429260254,"[0.0, 2.8991699214, 5.7983398428]","[0, 0, 0]",0,3,0.0,0.0,4.131,0,0,0,4294967.295,3750000.384,0,53487,0,-30.23221206665039,28.56957244873047,0.5867279171943665,0,state.PRE_FLIGHT,772,-31,0,-30,0.0,4131,4134,"[10.4, 0.5, 17.0, 10.8, 15.5, 17.0, 0, 0]","[0.0, 0.0, 0.0]",-0.0,"[2.9952, 3.3120000000000003, 5.0032000000000005, 7.3712, 8.432, 27.8272]","[0.035625000000000004, 0.26125, -0.004375, -0.00125, -0.001875, -0.00125]",0,0,0.0,"[1, 1, 1, 1, 1, 1]",40.64238537701052,0.0,0.0,0,0.0
1774904202.9252217,"[0, 0, 0, 0, 0, 0]","[1291, 1500, 1500, 1500]","[-25.08, 0.0, 0.0, 0.0]","[0.0, 0.0, 0.0]",0,4140.17919921875,0,32.1097501373291,"[0.0, 6.68334960828, 6.34765624896]","[0, 0, 0]",0,3,0.0,0.0,4.131,0,0,0,4294967.295,3750000.384,0,53541,0,-30.00172996520996,28.5963134765625,0.5867279171943665,0,state.PRE_FLIGHT,773,-30,0,-30,0.0,4131,4140,"[10.4, 0.5, 16.5, 10.4, 15.0, 16.5, 0, 0]","[0.0, 0.0, 0.0]",-0.0,"[2.9952, 3.3120000000000003, 5.0064, 7.3616, 8.4624, 27.822400000000002]","[0.033125, 0.5750000000000001, -0.0025, 0.001875, 0.0025, 0.00125]",0,0,0.0,"[1, 1, 1, 1, 1, 1]",40.503263086406164,0.0,0.0,0,0.0
1774904202.989744,"[0, 0, 0, 0, 0, 0]","[1291, 1500, 1500, 1500]","[-25.08, 0.0, 0.0, 0.0]","[0.0, 0.0, 0.0]",0,4146.71728515625,0,32.13160987854004,"[0.0, 2.71606445268, -1.46484374976]","[0, 0, 0]",0,3,0.0,0.0,4.142,0,0,0,4294967.295,3750000.384,0,53601,0,-29.806703567504883,28.697023391723633,0.5867279171943665,0,state.PRE_FLIGHT,774,-29,0,-29,0.0,4142,4146,"[10.6, 0.5, 16.5, 10.4, 15.5, 16.5, 0, 0]","[0.0, 0.0, 0.0]",-0.0,"[2.9952, 3.3120000000000003, 5.0064, 7.3616, 8.4624, 27.822400000000002]","[0.033125, 0.5750000000000001, -0.0025, 0.001875, 0.0025, 0.00125]",0,0,0.0,"[1, 1, 1, 1, 1, 1]",40.436278583628635,0.0,0.0,0,0.0
1774904203.045273,"[0, 0, 0, 0, 0, 0]","[1291, 1500, 1500, 1500]","[-25.08, 0.0, 0.0, 0.0]","[0.0, 0.0, 0.0]",0,4153.2158203125,0,32.101006240844725,"[0.0, -1.43432617164, -10.77270507636]","[0, 0, 0]",0,3,0.0,0.0,4.153,0,0,0,4294967.295,3750000.384,0,53661,0,-29.617441177368164,28.797704696655273,0.5867279171943665,0,state.PRE_FLIGHT,775,-30,0,-29,0.0,4153,4153,"[10.6, 0.5, 16.5, 10.6, 15.5, 17.0, 0, 0]","[0.0, 0.0, 0.0]",-0.0,"[2.9984, 3.3120000000000003, 5.0048, 7.3632, 8.440000000000001, 27.824]","[0.031875, 0.56375, -0.00125, 0.000625, 0.000625, 0.00625]",0,0,0.0,"[1, 1, 1, 1, 1, 1]",40.37427775166586,0.0,0.0,0,0.0
1774904203.1052837,"[0, 0, 0, 0, 0, 0]","[1291, 1500, 1500, 1500]","[-25.08, 0.0, 0.0, 0.0]","[0.0, 0.0, 0.0]",0,4159.67431640625,0,32.11849403381348,"[0.0, -4.7302246086, 10.46752929516]","[0, 0, 0]",0,3,0.0,0.0,4.153,0,0,0,4294967.295,3750000.384,0,53721,0,-29.381221771240234,28.946613311767578,0.5867279171943665,0,state.PRE_FLIGHT,776,-31,0,-30,0.0,4153,4159,"[10.8, 0.5, 15.9, 10.6, 15.9, 15.9, 0, 0]","[0.0, 0.0, 0.0]",-0.0,"[2.9984, 3.3120000000000003, 5.0048, 7.3632, 8.440000000000001, 27.824]","[0.031875, 0.56375, -0.00125, 0.000625, 0.000625, 0.00625]",0,0,0.0,"[1, 1, 1, 1, 1, 1]",40.313603611291626,0.0,0.0,0,0.0
1774904203.1597974,"[0, 0, 0, 0, 0, 0]","[1291, 1500, 1500, 1500]","[-25.08, 0.0, 0.0, 0.0]","[0.0, 0.0, 0.0]",0,4166.09375,0,32.11412208557129,"[0.0, 2.16674804652, -9.49096679532]","[0, 0, 0]",0,3,0.0,0.0,4.163,0,0,0,4294967.295,3750000.384,0,53775,0,-29.763904571533203,28.876066207885742,0.5867279171943665,0,state.PRE_FLIGHT,777,-31,0,-31,0.0,4163,4166,"[10.2, 0.5, 15.9, 10.8, 17.0, 16.5, 0, 0]","[0.0, 0.0, 0.0]",-0.0,"[2.9952, 3.3120000000000003, 5.0048, 7.364800000000001, 8.4448, 27.8256]","[0.03125, 0.22062500000000002, 0.00125, -0.003125, -0.00125, -0.005625]",0,0,0.0,"[1, 1, 1, 1, 1, 1]",40.52284148689471,0.0,0.0,0,0.0
1774904203.218796,"[0, 0, 0, 0, 0, 0]","[1291, 1500, 1500, 1500]","[-25.08, 0.0, 0.0, 0.0]","[0.0, 0.0, 0.0]",0,4172.47314453125,0,32.11412208557129,"[0.0, -1.00708007796, 15.1062011694]","[0, 0, 0]",0,3,0.0,0.0,4.163,0,0,0,4294967.295,3750000.384,0,53835,0,-29.73522186279297,28.90597152709961,0.5867279171943665,0,state.PRE_FLIGHT,778,-29,0,-29,0.0,4163,4172,"[10.6, 0.5, 15.9, 10.8, 16.5, 17.0, 0, 0]","[0.0, 0.0, 0.0]",-0.0,"[2.9952, 3.3120000000000003, 5.0048, 7.364800000000001, 8.4448, 27.8256]","[0.03125, 0.22062500000000002, 0.00125, -0.003125, -0.00125, -0.005625]",0,0,0.0,"[1, 1, 1, 1, 1, 1]",40.522969332597505,0.0,0.0,0,0.0
1774904203.283161,"[0, 0, 0, 0, 0, 0]","[1291, 1500, 1500, 1500]","[-25.08, 0.0, 0.0, 0.0]","[0.0, 0.0, 0.0]",0,4178.81298828125,0,32.11412208557129,"[0.0, -23.651123043, -2.77709960892]","[0, 0, 0]",0,3,0.0,0.0,4.174,0,0,0,4294967.295,3750000.384,0,53895,0,-29.82710075378418,29.142786026000977,0.5867279171943665,0,state.PRE_FLIGHT,779,-29,0,-28,0.0,4174,4178,"[10.4, 0.5, 16.5, 10.6, 16.5, 17.6, 0, 0]","[0.0, 0.0, 0.0]",-0.0,"[2.9952, 3.3104, 5.0064, 7.3616, 8.4544, 27.8288]","[0.034375, 0.249375, -0.003125, 0.0025, -0.001875, -0.0025]",0,0,0.0,"[1, 1, 1, 1, 1, 1]",40.737393188144026,0.0,0.0,0,0.0
1774904203.3416746,"[0, 0, 0, 0, 0, 0]","[1291, 1500, 1500, 1500]","[-25.08, 0.0, 0.0, 0.0]","[0.0, 0.0, 0.0]",0,4185.11328125,0,32.1097501373291,"[0.0, 1.73950195284, 3.17382812448]","[0, 0, 0]",0,3,0.0,0.0,4.185,0,0,0,4294967.295,3750000.384,0,53955,0,-29.68796730041504,29.053640365600586,0.5867279171943665,0,state.PRE_FLIGHT,780,-30,0,-29,0.0,4185,4185,"[10.6, 0.5, 16.5, 10.2, 15.9, 17.0, 0, 0]","[0.0, 0.0, 0.0]",-0.0,"[2.9936000000000003, 3.3104, 5.0048, 7.36, 8.4352, 27.8288]","[0.035625000000000004, 0.23500000000000001, -0.00125, -0.004375, -0.0025, 0.0025]",0,0,0.0,"[1, 1, 1, 1, 1, 1]",40.58703067531023,0.0,0.0,0,0.0
1774904203.393245,"[0, 0, 0, 0, 0, 0]","[1291, 1500, 1500, 1500]","[-25.08, 0.0, 0.0, 0.0]","[0.0, 0.0, 0.0]",0,4190.33154296875,0,32.11849403381348,"[0.0, 0.33569335932, 4.3029785149199995]","[0, 0, 0]",0,3,0.0,0.0,4.185,0,0,0,4294967.295,3750000.384,0,54009,0,-29.54125213623047,29.128087997436523,0.5867279171943665,0,state.PRE_FLIGHT,781,-30,0,-30,0.0,4185,4190,"[10.6, 0.5, 16.5, 10.2, 15.9, 16.5, 0, 0]","[0.0, 0.0, 0.0]",-0.0,"[2.9936000000000003, 3.3104, 5.0048, 7.36, 8.4352, 27.8288]","[0.035625000000000004, 0.23500000000000001, -0.00125, -0.004375, -0.0025, 0.0025]",0,0,0.0,"[1, 1, 1, 1, 1, 1]",40.53799401514601,0.0,0.0,0,0.0
1774904203.4538,"[0, 0, 0, 0, 0, 0]","[1291, 1500, 1500, 1500]","[-25.08, 0.0, 0.0, 0.0]","[0.0, 0.0, 0.0]",0,4196.55859375,0,32.122865982055664,"[0.0, 0.94604492172, 19.59228515304]","[0, 0, 0]",0,3,0.0,0.0,4.195,0,0,0,4294967.295,3750000.384,0,54069,0,-29.338300704956055,29.125646591186523,0.5867279171943665,0,state.PRE_FLIGHT,782,-30,0,-30,0.0,4195,4196,"[10.4, 0.5, 15.0, 10.8, 15.9, 15.9, 0, 0]","[0.0, 0.0, 0.0]",-0.0,"[2.9968000000000004, 3.3120000000000003, 5.0064, 7.364800000000001, 8.441600000000001, 27.8256]","[0.03375, 0.243125, -0.003125, -0.003125, 0.00125, -0.0025]",0,0,0.0,"[1, 1, 1, 1, 1, 1]",40.40214494567556,0.0,0.0,0,0.0
1774904203.516789,"[0, 0, 0, 0, 0, 0]","[1291, 1500, 1500, 1500]","[-25.08, 0.0, 0.0, 0.0]","[0.0, 0.0, 0.0]",0,4202.74951171875,0,32.1097501373291,"[0.0, -5.1574707022799995, -4.82177734296]","[0, 0, 0]",0,3,0.0,0.0,4.195,0,0,0,4294967.295,3750000.384,0,54129,0,-29.421001434326172,29.172658920288086,0.5867279171943665,0,state.PRE_FLIGHT,783,-34,0,-32,0.0,4195,4202,"[10.4, 0.5, 18.2, 10.6, 15.5, 15.9, 0, 0]","[0.0, 0.0, 0.0]",-0.0,"[2.9968000000000004, 3.3120000000000003, 5.0064, 7.364800000000001, 8.441600000000001, 27.8256]","[0.03375, 0.243125, -0.003125, -0.003125, 0.00125, -0.0025]",0,0,0.0,"[1, 1, 1, 1, 1, 1]",40.48752610176967,0.0,0.0,0,0.0
1774904203.5753224,"[0, 0, 0, 0, 0, 0]","[1291, 1500, 1500, 1500]","[-25.08, 0.0, 0.0, 0.0]","[0.0, 0.0, 0.0]",0,4208.8974609375,0,32.101006240844725,"[0.0, 0.94604492172, 10.25390624832]","[0, 0, 0]",0,3,0.0,0.0,4.205,0,0,0,4294967.295,3750000.384,0,54189,0,-29.279972076416016,29.119552612304688,0.5867279171943665,0,state.PRE_FLIGHT,784,-33,0,-33,0.0,4205,4208,"[10.6, 0.5, 16.5, 10.8, 15.9, 15.9, 0, 0]","[0.0, 0.0, 0.0]",-0.0,"[2.9968000000000004, 3.3104, 5.0048, 7.3632, 8.441600000000001, 27.824]","[0.034375, 0.568125, -0.00625, -0.004375, -0.003125, 0.0025]",0,0,0.0,"[1, 1, 1, 1, 1, 1]",40.35965219395119,0.0,0.0,0,0.0
1774904203.6323335,"[0, 0, 0, 0, 0, 0]","[1291, 1500, 1500, 1500]","[-25.08, 0.0, 0.0, 0.0]","[0.0, 0.0, 0.0]",0,4213.99072265625,0,32.11849403381348,"[0.0, 1.92260742156, -0.36621093744]","[0, 0, 0]",0,3,0.0,0.0,4.205,0,0,0,4294967.295,3750000.384,0,54243,0,-29.140972137451172,29.1229190826416,0.5867279171943665,0,state.PRE_FLIGHT,785,-34,0,-33,0.0,4205,4213,"[10.6, 0.5, 16.5, 10.4, 16.5, 15.9, 0, 0]","[0.0, 0.0, 0.0]",-0.0,"[2.9968000000000004, 3.3104, 5.0048, 7.3632, 8.441600000000001, 27.824]","[0.034375, 0.568125, -0.00625, -0.004375, -0.003125, 0.0025]",0,0,0.0,"[1, 1, 1, 1, 1, 1]",40.27026920610538,0.0,0.0,0,0.0
1774904203.6868536,"[0, 0, 0, 0, 0, 0]","[1291, 1500, 1500, 1500]","[-25.08, 0.0, 0.0, 0.0]","[0.0, 0.0, 0.0]",0,4220.068359375,0,32.11849403381348,"[0.0, -7.90405273308, 12.69531249792]","[0, 0, 0]",0,3,0.0,0.0,4.215,0,0,0,4294967.295,3750000.384,0,54303,0,-28.930986404418945,29.357271194458008,0.5867279171943665,0,state.PRE_FLIGHT,786,-30,0,-32,0.0,4215,4220,"[10.6, 0.5, 16.5, 10.4, 15.9, 15.9, 0, 0]","[3.637, 3.638, 3.638]",0.284,"[2.9968000000000004, 3.3136, 5.0032000000000005, 7.3616, 8.456000000000001, 27.8256]","[0.02875, 0.55375, 0.0, -0.0025, -0.00125, 0.004375]",0,0,29.5,"[1, 1, 1, 1, 1, 1]",40.28752247493006,0.0,0.0,0,0.0
1774904203.7484047,"[0, 0, 0, 0, 0, 0]","[1291, 1500, 1500, 1500]","[-25.08, 0.0, 0.0, 0.0]","[0.0, 0.0, 0.0]",0,4226.103515625,0,32.13160987854004,"[0.0, -0.82397460924, 7.4768066393999995]","[0, 0, 0]",0,3,0.0,0.0,4.225,0,0,0,4294967.295,3750000.384,0,54363,0,-28.79364585876465,29.584325790405273,0.5867279171943665,0,state.PRE_FLIGHT,787,-24,0,-26,0.0,4225,4226,"[10.2, 0.5, 17.6, 10.4, 17.0, 17.0, 0, 0]","[3.637, 3.638, 3.638]",0.284,"[2.9968000000000004, 3.3136, 5.0032000000000005, 7.3616, 8.456000000000001, 27.8256]","[0.02875, 0.55375, 0.0, -0.0025, -0.00125, 0.004375]",0,0,29.5,"[1, 1, 1, 1, 1, 1]",40.349518029620114,0.0,0.0,0,0.0
1774904203.8075538,"[0, 0, 0, 0, 0, 0]","[1291, 1500, 1500, 1500]","[-25.08, 0.0, 0.0, 0.0]","[0.0, 0.0, 0.0]",0,4232.10205078125,0,32.1097501373291,"[0.0, 3.87573242124, -3.90624999936]","[0, 0, 0]",0,3,0.0,0.0,4.225,0,0,0,4294967.295,3750000.384,0,54423,0,-28.540983200073242,29.559309005737305,0.5867279171943665,0,state.PRE_FLIGHT,788,-24,0,-24,0.0,4225,4232,"[10.4, 0.5, 16.5, 11.1, 16.5, 16.5, 0, 0]","[3.637, 3.638, 3.638]",0.284,"[2.9952, 3.3088, 5.0032000000000005, 7.3664000000000005, 8.4352, 27.8256]","[0.035625000000000004, 0.574375, -0.00125, -0.0025, -0.001875, 0.0075]",0,0,29.5,"[1, 1, 1, 1, 1, 1]",40.169631500323064,0.0,0.0,0,0.0
1774904203.8630893,"[0, 0, 0, 0, 0, 0]","[1291, 1500, 1500, 1500]","[-25.08, 0.0, 0.0, 0.0]","[0.0, 0.0, 0.0]",0,4238.06396484375,0,32.1097501373291,"[0.0, 0.1525878906, 6.34765624896]","[0, 0, 0]",0,3,0.0,0.0,4.236,0,0,0,4294967.295,3750000.384,0,54477,0,-28.415687561035156,29.69506072998047,0.5867279171943665,0,state.PRE_FLIGHT,789,-24,0,-24,0.0,4236,4238,"[10.6, 0.5, 16.5, 10.6, 15.0, 17.0, 0, 0]","[3.637, 3.638, 3.638]",0.284,"[2.9952, 3.3088, 5.0032000000000005, 7.3664000000000005, 8.4352, 27.8256]","[0.035625000000000004, 0.574375, -0.00125, -0.0025, -0.001875, 0.0075]",0,0,29.5,"[1, 1, 1, 1, 1, 1]",40.1805684480096,0.0,0.0,0,0.0
1774904203.9266536,"[0, 0, 0, 0, 0, 0]","[1291, 1500, 1500, 1500]","[-25.08, 0.0, 0.0, 0.0]","[0.0, 0.0, 0.0]",0,4243.9833984375,0,32.12723793029785,"[0.0, 6.07299804588, 4.1198730462]","[0, 0, 0]",0,3,0.0,0.0,4.236,0,0,0,4294967.295,3750000.384,0,54537,0,-28.507530212402344,29.644412994384766,0.5867279171943665,0,state.PRE_FLIGHT,790,-25,0,-24,0.0,4236,4243,"[10.2, 0.5, 16.5, 10.8, 16.5, 15.9, 0, 0]","[3.637, 3.638, 3.638]",0.284,"[2.9968000000000004, 3.3136, 5.0048, 7.3632, 8.4656, 27.8288]","[0.03375, 0.23875000000000002, -0.003125, -0.0025, -0.00375, 0.00625]",0,0,29.5,"[1, 1, 1, 1, 1, 1]",40.20534588296644,0.0,0.0,0,0.0
1774904203.9841838,"[0, 0, 0, 0, 0, 0]","[1291, 1500, 1500, 1500]","[-25.08, 0.0, 0.0, 0.0]","[0.0, 0.0, 0.0]",0,4249.86279296875,0,32.1097501373291,"[0.0, -3.02124023388, -3.5095214838]","[0, 0, 0]",0,3,0.0,0.0,4.245,0,0,0,4294967.295,3750000.384,0,54597,0,-28.558513641357422,29.621837615966797,0.5867279171943665,0,state.PRE_FLIGHT,791,-25,0,-24,0.0,4245,4249,"[10.6, 0.5, 16.5, 10.6, 15.0, 17.0, 0, 0]","[3.637, 3.638, 3.638]",0.284,"[2.9968000000000004, 3.3136, 5.0048, 7.3632, 8.4656, 27.8288]","[0.03375, 0.23875000000000002, -0.003125, -0.0025, -0.00375, 0.00625]",0,0,29.5,"[1, 1, 1, 1, 1, 1]",40.222942727078404,0.0,0.0,0,0.0
1774904204.0427186,"[0, 0, 0, 0, 0, 0]","[1291, 1500, 1500, 1500]","[-25.08, 0.0, 0.0, 0.0]","[0.0, 0.0, 0.0]",0,4255.7060546875,0,32.1097501373291,"[0.0, -4.97436523356, -8.72802734232]","[0, 0, 0]",0,3,0.0,0.0,4.255,0,0,0,4294967.295,3750000.384,0,54657,0,-28.525251388549805,29.663909912109375,0.5867279171943665,0,state.PRE_FLIGHT,792,-24,0,-24,0.0,4255,4255,"[10.8, 0.5, 16.5, 10.4, 15.0, 17.0, 0, 0]","[3.637, 3.638, 3.638]",0.284,"[2.9952, 3.3088, 5.0048, 7.3632, 8.4368, 27.8256]","[0.031875, 0.195625, -0.001875, 0.00125, -0.003125, -0.000625]",0,0,29.5,"[1, 1, 1, 1, 1, 1]",40.22985954137789,0.0,0.0,0,0.0
1774904204.0947347,"[0, 0, 0, 0, 0, 0]","[1291, 1500, 1500, 1500]","[-25.08, 0.0, 0.0, 0.0]","[0.0, 0.0, 0.0]",0,4260.54638671875,0,32.122865982055664,"[0.0, 2.71606445268, -0.1525878906]","[0, 0, 0]",0,3,0.0,0.0,4.255,0,0,0,4294967.295,3750000.384,0,54711,0,-28.17892074584961,29.711467742919922,0.5867279171943665,0,state.PRE_FLIGHT,793,-25,0,-24,0.0,4255,4260,"[10.8, 0.5, 17.0, 10.6, 16.5, 17.0, 0, 0]","[3.637, 3.638, 3.638]",0.284,"[2.9952, 3.3136, 5.0048, 7.3664000000000005, 8.456000000000001, 27.832]","[0.03, 0.243125, -0.00125, 0.000625, -0.0025, -0.00375]",0,0,29.5,"[1, 1, 1, 1, 1, 1]",40.040358004544345,0.0,0.0,0,0.0
1774904204.1582856,"[0, 0, 0, 0, 0, 0]","[1291, 1500, 1500, 1500]","[-25.08, 0.0, 0.0, 0.0]","[0.0, 0.0, 0.0]",0,4266.31591796875,0,32.140353775024415,"[0.0, -9.49096679532, -5.1879882804]","[0, 0, 0]",0,3,0.0,0.0,4.265,0,0,0,4294967.295,3750000.384,0,54771,0,-28.188968658447266,29.77613639831543,0.5867279171943665,0,state.PRE_FLIGHT,794,-28,0,-26,0.0,4265,4266,"[10.4, 0.5, 16.5, 10.6, 15.9, 16.5, 0, 0]","[3.637, 3.638, 3.638]",0.284,"[2.9952, 3.3136, 5.0048, 7.3664000000000005, 8.456000000000001, 27.832]","[0.03, 0.243125, -0.00125, 0.000625, -0.0025, -0.00375]",0,0,29.5,"[1, 1, 1, 1, 1, 1]",40.09069496596937,0.0,0.0,0,0.0
1774904204.21528,"[0, 0, 0, 0, 0, 0]","[1291, 1500, 1500, 1500]","[-25.08, 0.0, 0.0, 0.0]","[0.0, 0.0, 0.0]",0,4272.04638671875,0,32.1447257232666,"[0.0, 4.1198730462, 2.07519531216]","[0, 0, 0]",0,3,0.0,0.0,4.265,0,0,0,4294967.295,3750000.384,0,54831,0,-28.196918487548828,29.912874221801758,0.5867279171943665,0,state.PRE_FLIGHT,795,-26,0,-27,0.0,4265,4272,"[10.4, 0.5, 17.0, 10.4, 15.9, 15.9, 0, 0]","[3.637, 3.638, 3.638]",0.284,"[2.9952, 3.3104, 5.0048, 7.3664000000000005, 8.4544, 27.8288]","[0.035, 0.2475, -0.000625, -0.00125, 0.0, -0.00125]",0,0,29.5,"[1, 1, 1, 1, 1, 1]",40.18878167826982,0.0,0.0,0,0.0
1774904204.2766302,"[0, 0, 0, 0, 0, 0]","[1291, 1500, 1500, 1500]","[-25.08, 0.0, 0.0, 0.0]","[0.0, 0.0, 0.0]",0,4277.740234375,0,32.13160987854004,"[0.0, -0.21362304684, 1.12915039044]","[0, 0, 0]",0,3,0.0,0.0,4.273,0,0,0,4294967.295,3750000.384,0,54891,0,-28.37238883972168,30.092309951782227,0.5867279171943665,0,state.PRE_FLIGHT,796,-23,0,-24,0.0,4273,4277,"[10.6, 0.5, 17.0, 10.8, 15.9, 15.9, 0, 0]","[3.637, 3.638, 3.638]",0.284,"[2.9952, 3.3104, 5.0048, 7.3664000000000005, 8.4544, 27.8288]","[0.035, 0.2475, -0.000625, -0.00125, 0.0, -0.00125]",0,0,29.5,"[1, 1, 1, 1, 1, 1]",40.422243052683136,0.0,0.0,0,0.0
1774904204.3336344,"[0, 0, 0, 0, 0, 0]","[1291, 1500, 1500, 1500]","[-25.08, 0.0, 0.0, 0.0]","[0.0, 0.0, 0.0]",0,4283.39453125,0,32.13160987854004,"[0.0, 8.20922851428, 0.39672851556]","[0, 0, 0]",0,3,0.0,0.0,4.273,0,0,0,4294967.295,3750000.384,0,54945,0,-28.314767837524414,30.048763275146484,0.5867279171943665,0,state.PRE_FLIGHT,797,-22,0,-23,0.0,4273,4283,"[10.4, 0.5, 16.5, 10.4, 15.5, 16.5, 0, 0]","[3.637, 3.638, 3.638]",0.284,"[2.9952, 3.3120000000000003, 5.0016, 7.3632, 8.432, 27.8288]","[0.03875, 0.566875, -0.000625, 0.0025, -0.004375, 0.00125]",0,0,29.5,"[1, 1, 1, 1, 1, 1]",40.3560707206396,0.0,0.0,0,0.0
1774904204.3892772,"[0, 0, 0, 0, 0, 0]","[1291, 1500, 1500, 1500]","[-25.08, 0.0, 0.0, 0.0]","[0.0, 0.0, 0.0]",0,4289.01171875,0,32.13598182678223,"[0.0, 9.6130371078, 8.392333983]","[0, 0, 0]",0,3,0.0,0.0,4.284,0,0,0,4294967.295,3750000.384,0,55005,0,-28.205507278442383,30.31424903869629,0.5867279171943665,0,state.PRE_FLIGHT,798,-22,0,-23,0.0,4284,4289,"[10.4, 0.5, 15.9, 10.4, 15.5, 16.5, 0, 0]","[3.637, 3.638, 3.638]",0.284,"[2.9952, 3.3120000000000003, 5.0016, 7.3632, 8.432, 27.8288]","[0.03875, 0.566875, -0.000625, 0.0025, -0.004375, 0.00125]",0,0,29.5,"[1, 1, 1, 1, 1, 1]",40.468433039999354,0.0,0.0,0,0.0
1774904204.4488165,"[0, 0, 0, 0, 0, 0]","[1291, 1500, 1500, 1500]","[-25.08, 0.0, 0.0, 0.0]","[0.0, 0.0, 0.0]",0,4294.58984375,0,32.12723793029785,"[0.0, 4.48608398364, -1.64794921848]","[0, 0, 0]",0,3,0.0,0.0,4.293,0,0,0,4294967.295,3750000.384,0,55065,0,-27.96750259399414,30.109201431274414,0.5867279171943665,0,state.PRE_FLIGHT,799,-22,0,-23,0.0,4293,4294,"[10.4, 0.5, 16.5, 10.6, 15.5, 17.6, 0, 0]","[3.637, 3.638, 3.638]",0.284,"[2.9952, 3.3136, 5.0032000000000005, 7.3664000000000005, 8.432, 27.8304]","[0.03375, 0.57375, -0.0025, -0.001875, 0.00125, 0.00375]",0,0,29.5,"[1, 1, 1, 1, 1, 1]",40.178119198067364,0.0,0.0,0,0.0
1774904204.5098133,"[0, 0, 0, 0, 0, 0]","[1291, 1500, 1500, 1500]","[-25.08, 0.0, 0.0, 0.0]","[0.0, 0.0, 0.0]",0,4300.1279296875,0,32.1447257232666,"[0.0, -8.88061523292, -4.45556640552]","[0, 0, 0]",0,3,0.0,0.0,4.293,0,0,0,4294967.295,3750000.384,0,55125,0,-27.97755241394043,30.30756187438965,0.5867279171943665,0,state.PRE_FLIGHT,800,-22,0,-22,0.0,4293,4300,"[10.6, 0.5, 17.0, 10.6, 15.5, 16.5, 0, 0]","[3.637, 3.638, 3.638]",0.284,"[2.9952, 3.3136, 5.0032000000000005, 7.3664000000000005, 8.432, 27.8304]","[0.03375, 0.57375, -0.0025, -0.001875, 0.00125, 0.00375]",0,0,29.5,"[1, 1, 1, 1, 1, 1]",40.32084587357447,0.0,0.0,0,0.0
1774904204.5633547,"[0, 0, 0, 0, 0, 0]","[1291, 1500, 1500, 1500]","[-25.08, 0.0, 0.0, 0.0]","[0.0, 0.0, 0.0]",0,4304.71240234375,0,32.140353775024415,"[0.0, 1.73950195284, -11.16943359192]","[0, 0, 0]",0,3,0.0,0.0,4.302,0,0,0,4294967.295,3750000.384,0,55179,0,-27.683746337890625,30.349729537963867,0.5867279171943665,0,state.PRE_FLIGHT,801,-22,0,-23,0.0,4302,4304,"[10.4, 0.5, 17.0, 10.6, 15.5, 17.0, 0, 0]","[3.637, 3.638, 3.638]",0.284,"[2.9952, 3.3136, 5.0032000000000005, 7.3632, 8.4624, 27.8272]","[0.03, 0.506875, -0.00125, -0.001875, 0.00125, 0.0075]",0,0,29.5,"[1, 1, 1, 1, 1, 1]",40.16673182037519,0.0,0.0,0,0.0
1774904204.6273527,"[0, 0, 0, 0, 0, 0]","[1291, 1500, 1500, 1500]","[-25.08, 0.0, 0.0, 0.0]","[0.0, 0.0, 0.0]",0,4310.1806640625,0,32.13160987854004,"[0.0, 2.53295898396, 18.28002929388]","[0, 0, 0]",0,3,0.0,0.0,4.302,0,0,0,4294967.295,3750000.384,0,55239,0,-27.330366134643555,30.0909423828125,0.5867279171943665,0,state.PRE_FLIGHT,802,-22,0,-22,0.0,4302,4310,"[10.4, 0.5, 16.5, 10.8, 15.5, 17.0, 0, 0]","[3.637, 3.638, 3.638]",0.284,"[2.9952, 3.3136, 5.0032000000000005, 7.3632, 8.4624, 27.8272]","[0.03, 0.506875, -0.00125, -0.001875, 0.00125, 0.0075]",0,0,29.5,"[1, 1, 1, 1, 1, 1]",39.76732227808081,0.0,0.0,0,0.0
1774904204.68488,"[0, 0, 0, 0, 0, 0]","[1291, 1500, 1500, 1500]","[-25.08, 0.0, 0.0, 0.0]","[0.0, 0.0, 0.0]",0,4315.60888671875,0,32.1447257232666,"[0.0, -0.03051757812, 7.29370117068]","[0, 0, 0]",0,3,0.0,0.0,4.311,0,0,0,4294967.295,3750000.384,0,55299,0,-27.084644317626953,30.102582931518555,0.5867279171943665,0,state.PRE_FLIGHT,803,-22,0,-22,0.0,4311,4315,"[10.4, 0.5, 16.5, 10.6, 15.5, 17.6, 0, 0]","[3.637, 3.638, 3.638]",0.284,"[2.9984, 3.3104, 5.0016, 7.3632, 8.4352, 27.8272]","[0.03375, 0.226875, -0.0025, -0.001875, -0.0025, -0.00375]",0,0,29.5,"[1, 1, 1, 1, 1, 1]",39.62326607465678,0.0,0.0,0,0.0
1774904204.743414,"[0, 0, 0, 0, 0, 0]","[1291, 1500, 1500, 1500]","[-25.08, 0.0, 0.0, 0.0]","[0.0, 0.0, 0.0]",0,4321.0009765625,0,32.140353775024415,"[0.0, -9.3078613266, -11.16943359192]","[0, 0, 0]",0,3,0.0,0.0,4.321,0,0,0,4294967.295,3750000.384,0,55359,0,-27.15841293334961,30.201005935668945,0.5867279171943665,0,state.PRE_FLIGHT,804,-22,0,-22,0.0,4321,4321,"[10.2, 0.5, 15.9, 10.6, 15.9, 17.0, 0, 0]","[3.637, 3.638, 3.638]",0.284,"[2.9968000000000004, 3.3104, 5.0048, 7.368, 8.4656, 27.8272]","[0.03, 0.225625, -0.003125, -0.001875, -0.005, -0.001875]",0,0,29.5,"[1, 1, 1, 1, 1, 1]",39.737721615470065,0.0,0.0,0,0.0
1774904204.8013961,"[0, 0, 0, 0, 0, 0]","[1291, 1500, 1500, 1500]","[-25.08, 0.0, 0.0, 0.0]","[0.0, 0.0, 0.0]",0,4325.46337890625,0,32.1447257232666,"[0.0, -0.27465820308, 2.07519531216]","[0, 0, 0]",0,3,0.0,0.0,4.321,0,0,0,4294967.295,3750000.384,0,55413,0,-27.29475975036621,30.35480308532715,0.5867279171943665,0,state.PRE_FLIGHT,805,-21,0,-22,0.0,4321,4325,"[10.6, 0.5, 17.0, 10.6, 15.0, 16.5, 0, 0]","[3.637, 3.638, 3.638]",0.284,"[2.9968000000000004, 3.3104, 5.0048, 7.368, 8.4656, 27.8272]","[0.03, 0.225625, -0.003125, -0.001875, -0.005, -0.001875]",0,0,29.5,"[1, 1, 1, 1, 1, 1]",39.929464685941454,0.0,0.0,0,0.0
1774904204.8599448,"[0, 0, 0, 0, 0, 0]","[1291, 1500, 1500, 1500]","[-25.08, 0.0, 0.0, 0.0]","[0.0, 0.0, 0.0]",0,4330.78515625,0,32.140353775024415,"[0.0, 1.12915039044, -5.1879882804]","[0, 0, 0]",0,3,0.0,0.0,4.329,0,0,0,4294967.295,3750000.384,0,55473,0,-27.287771224975586,30.511091232299805,0.5867279171943665,0,state.PRE_FLIGHT,806,-21,0,-22,0.0,4329,4330,"[10.4, 0.5, 17.0, 10.6, 15.9, 17.0, 0, 0]","[3.637, 3.638, 3.638]",0.284,"[2.9968000000000004, 3.3104, 5.0032000000000005, 7.3664000000000005, 8.4512, 27.8288]","[0.03125, 0.248125, -0.0025, -0.003125, -0.000625, 0.00125]",0,0,29.5,"[1, 1, 1, 1, 1, 1]",40.03465482532553,0.0,0.0,0,0.0
1774904204.9174826,"[0, 0, 0, 0, 0, 0]","[1291, 1500, 1500, 1500]","[-25.08, 0.0, 0.0, 0.0]","[0.0, 0.0, 0.0]",0,4336.0673828125,0,32.1447257232666,"[0.0, 8.63647460796, 12.32910156048]","[0, 0, 0]",0,3,0.0,0.0,4.329,0,0,0,4294967.295,3750000.384,0,55533,0,-27.018030166625977,30.436626434326172,0.5867279171943665,0,state.PRE_FLIGHT,807,-22,0,-22,0.0,4329,4336,"[10.2, 0.5, 16.5, 10.8, 15.5, 16.5, 0, 0]","[3.637, 3.638, 3.638]",0.284,"[2.9968000000000004, 3.3104, 5.0032000000000005, 7.3664000000000005, 8.4512, 27.8288]","[0.03125, 0.248125, -0.0025, -0.003125, -0.000625, 0.00125]",0,0,29.5,"[1, 1, 1, 1, 1, 1]",39.81698708726234,0.0,0.0,0,0.0
1774904204.9807107,"[0, 0, 0, 0, 0, 0]","[1291, 1500, 1500, 1500]","[-25.08, 0.0, 0.0, 0.0]","[0.0, 0.0, 0.0]",0,4341.31298828125,0,32.14909767150879,"[0.0, 3.69262695252, -0.1525878906]","[0, 0, 0]",0,3,0.0,0.0,4.337,0,0,0,4294967.295,3750000.384,0,55593,0,-27.10409927368164,30.494617462158203,0.5867279171943665,0,state.PRE_FLIGHT,808,-22,0,-22,0.0,4337,4341,"[10.4, 0.5, 16.5, 10.6, 15.5, 15.9, 0, 0]","[3.637, 3.638, 3.638]",0.284,"[2.9952, 3.3104, 5.0016, 7.36, 8.4368, 27.8272]","[0.031875, 0.22875, -0.003125, -0.004375, -0.000625, -0.00375]",0,0,29.5,"[1, 1, 1, 1, 1, 1]",39.910492859712825,0.0,0.0,0,0.0
1774904205.0317152,"[0, 0, 0, 0, 0, 0]","[1291, 1500, 1500, 1500]","[-25.08, 0.0, 0.0, 0.0]","[0.0, 0.0, 0.0]",0,4346.51904296875,0,32.15784156799317,"[0.0, -2.77709960892, -8.361816404879999]","[0, 0, 0]",0,3,0.0,0.0,4.337,0,0,0,4294967.295,3750000.384,0,55647,0,-27.04872703552246,30.700212478637695,0.5867279171943665,0,state.PRE_FLIGHT,809,-23,0,-23,0.0,4337,4346,"[10.2, 0.5, 15.9, 10.8, 15.9, 17.6, 0, 0]","[3.637, 3.638, 3.638]",0.284,"[2.9952, 3.3104, 5.0016, 7.36, 8.4368, 27.8272]","[0.031875, 0.22875, -0.003125, -0.004375, -0.000625, -0.00375]",0,0,29.5,"[1, 1, 1, 1, 1, 1]",40.02178064379145,0.0,0.0,0,0.0
1774904205.0952487,"[0, 0, 0, 0, 0, 0]","[1291, 1500, 1500, 1500]","[-25.08, 0.0, 0.0, 0.0]","[0.0, 0.0, 0.0]",0,4351.685546875,0,32.15784156799317,"[0.0, -11.62719726372, -0.9155273436]","[0, 0, 0]",0,3,0.0,0.0,4.347,0,0,0,4294967.295,3750000.384,0,55707,0,-26.93976402282715,30.855863571166992,0.5867279171943665,0,state.PRE_FLIGHT,810,-23,0,-23,0.0,4347,4351,"[10.4, 0.5, 15.5, 10.2, 15.5, 16.5, 0, 0]","[3.637, 3.638, 3.638]",0.284,"[2.9968000000000004, 3.3104, 5.0032000000000005, 7.3664000000000005, 8.4608, 27.824]","[0.031875, 0.574375, -0.00375, -0.003125, -0.0025, -0.0025]",0,0,29.5,"[1, 1, 1, 1, 1, 1]",40.06604521768078,0.0,0.0,0,0.0
1774904205.1517773,"[0, 0, 0, 0, 0, 0]","[1291, 1500, 1500, 1500]","[-25.08, 0.0, 0.0, 0.0]","[0.0, 0.0, 0.0]",0,4356.8154296875,0,32.15346961975098,"[0.0, -7.7209472643599995, 1.31225585916]","[0, 0, 0]",0,3,0.0,0.0,4.355,0,0,0,4294967.295,3750000.384,0,55767,0,-27.102405548095703,30.872913360595703,0.5867279171943665,0,state.PRE_FLIGHT,811,-24,0,-24,0.0,4355,4356,"[10.4, 0.5, 16.5, 10.8, 15.5, 18.2, 0, 0]","[3.637, 3.638, 3.638]",0.284,"[2.9968000000000004, 3.3104, 5.0032000000000005, 7.3664000000000005, 8.4608, 27.824]","[0.031875, 0.574375, -0.00375, -0.003125, -0.0025, -0.0025]",0,0,29.5,"[1, 1, 1, 1, 1, 1]",40.17656330056358,0.0,0.0,0,0.0
1774904205.2127805,"[0, 0, 0, 0, 0, 0]","[1291, 1500, 1500, 1500]","[-25.08, 0.0, 0.0, 0.0]","[0.0, 0.0, 0.0]",0,4361.90576171875,0,32.162213516235354,"[0.0, 0.762939453, -9.094238279759999]","[0, 0, 0]",0,3,0.0,0.0,4.355,0,0,0,4294967.295,3750000.384,0,55827,0,-27.114011764526367,30.910146713256836,0.5867279171943665,0,state.PRE_FLIGHT,812,-26,0,-24,0.0,4355,4361,"[10.8, 0.5, 15.5, 10.6, 15.9, 16.5, 0, 0]","[3.637, 3.638, 3.638]",0.284,"[2.9968000000000004, 3.3104, 5.0032000000000005, 7.3632, 8.4448, 27.8256]","[0.033125, 0.574375, -0.000625, -0.00125, 0.00125, 0.004375]",0,0,29.5,"[1, 1, 1, 1, 1, 1]",40.20996219868057,0.0,0.0,0,0.0
1774904205.2703397,"[0, 0, 0, 0, 0, 0]","[1291, 1500, 1500, 1500]","[-25.08, 0.0, 0.0, 0.0]","[0.0, 0.0, 0.0]",0,4366.12109375,0,32.14909767150879,"[0.0, -0.64086914052, 12.32910156048]","[0, 0, 0]",0,3,0.0,0.0,4.363,0,0,0,4294967.295,3750000.384,0,55881,0,-26.919118881225586,31.042736053466797,0.5867279171943665,0,state.PRE_FLIGHT,813,-27,0,-26,0.0,4363,4366,"[11.1, 0.5, 17.0, 10.8, 15.5, 16.5, 0, 0]","[3.637, 3.638, 3.638]",0.284,"[2.9968000000000004, 3.3104, 5.0032000000000005, 7.3632, 8.4448, 27.8256]","[0.033125, 0.574375, -0.000625, -0.00125, 0.00125, 0.004375]",0,0,29.5,"[1, 1, 1, 1, 1, 1]",40.186553799477814,0.0,0.0,0,0.0
1774904205.3259223,"[0, 0, 0, 0, 0, 0]","[1291, 1500, 1500, 1500]","[-25.08, 0.0, 0.0, 0.0]","[0.0, 0.0, 0.0]",0,4371.14404296875,0,32.16658546447754,"[0.0, -5.7678222646799995, -2.22778320276]","[0, 0, 0]",0,3,0.0,0.0,4.363,0,0,0,4294967.295,3750000.384,0,55941,0,-27.117191314697266,31.105602264404297,0.5867279171943665,0,state.PRE_FLIGHT,814,-27,0,-26,0.0,4363,4371,"[10.4, 0.5, 17.0, 10.4, 15.5, 17.0, 0, 0]","[3.637, 3.638, 3.638]",0.284,"[2.9952, 3.3120000000000003, 5.0032000000000005, 7.3584000000000005, 8.443200000000001, 27.8256]","[0.026875, 0.5575, 0.0, -0.001875, -0.003125, 0.0075]",0,0,29.5,"[1, 1, 1, 1, 1, 1]",40.35050580032956,0.0,0.0,0,0.0
1774904205.3877647,"[0, 0, 0, 0, 0, 0]","[1291, 1500, 1500, 1500]","[-25.08, 0.0, 0.0, 0.0]","[0.0, 0.0, 0.0]",0,4376.1279296875,0,32.162213516235354,"[0.0, -0.21362304684, -6.5002441395599995]","[0, 0, 0]",0,3,0.0,0.0,4.372,0,0,0,4294967.295,3750000.384,0,56001,0,-26.91850471496582,31.331417083740234,0.5867279171943665,0,state.PRE_FLIGHT,815,-26,0,-26,0.0,4372,4376,"[10.2, 0.5, 16.5, 10.6, 15.9, 15.9, 0, 0]","[3.637, 3.638, 3.638]",0.284,"[2.9952, 3.3120000000000003, 5.0032000000000005, 7.3584000000000005, 8.443200000000001, 27.8256]","[0.026875, 0.5575, 0.0, -0.001875, -0.003125, 0.0075]",0,0,29.5,"[1, 1, 1, 1, 1, 1]",40.392312463290736,0.0,0.0,0,0.0
1774904205.45033,"[0, 0, 0, 0, 0, 0]","[1291, 1500, 1500, 1500]","[-25.08, 0.0, 0.0, 0.0]","[0.0, 0.0, 0.0]",0,4381.07177734375,0,32.15784156799317,"[0.0, -0.21362304684, -2.96020507764]","[0, 0, 0]",0,3,0.0,0.0,4.38,0,0,0,4294967.295,3750000.384,0,56061,0,-27.099477767944336,31.362550735473633,0.5867279171943665,0,state.PRE_FLIGHT,816,-24,0,-24,0.0,4380,4381,"[10.6, 0.5, 16.5, 10.2, 15.9, 16.5, 0, 0]","[3.637, 3.638, 3.638]",0.284,"[2.9968000000000004, 3.3088, 5.0048, 7.3616, 8.4528, 27.8272]","[0.03375, 0.245, -0.003125, -0.00125, -0.003125, 0.001875]",0,0,29.5,"[1, 1, 1, 1, 1, 1]",40.522719150150806,0.0,0.0,0,0.0
1774904205.4993277,"[0, 0, 0, 0, 0, 0]","[1291, 1500, 1500, 1500]","[-25.08, 0.0, 0.0, 0.0]","[0.0, 0.0, 0.0]",0,4385.98193359375,0,32.16658546447754,"[0.0, -6.31713867084, -8.361816404879999]","[0, 0, 0]",0,3,0.0,0.0,4.38,0,0,0,4294967.295,3750000.384,0,56115,0,-27.117645263671875,31.4885311126709,0.5867279171943665,0,state.PRE_FLIGHT,817,-24,0,-24,0.0,4380,4385,"[10.4, 0.5, 17.0, 10.6, 15.9, 17.0, 0, 0]","[3.637, 3.638, 3.638]",0.284,"[2.9968000000000004, 3.3088, 5.0048, 7.3616, 8.4528, 27.8272]","[0.03375, 0.245, -0.003125, -0.00125, -0.003125, 0.001875]",0,0,29.5,"[1, 1, 1, 1, 1, 1]",40.62347486609563,0.0,0.0,0,0.0
1774904205.5638597,"[0, 0, 0, 0, 0, 0]","[1291, 1500, 1500, 1500]","[-25.08, 0.0, 0.0, 0.0]","[0.0, 0.0, 0.0]",0,4390.849609375,0,32.15784156799317,"[0.0, 5.46264648348, 12.87841796664]","[0, 0, 0]",0,3,0.0,0.0,4.389,0,0,0,4294967.295,3750000.384,0,56175,0,-26.76398468017578,31.609399795532227,0.5867279171943665,0,state.PRE_FLIGHT,818,-24,0,-24,0.0,4389,4390,"[10.2, 0.5, 16.5, 10.6, 15.9, 16.5, 0, 0]","[3.637, 3.638, 3.638]",0.284,"[2.9936000000000003, 3.3136, 5.0064, 7.368, 8.4528, 27.8272]","[0.03, 0.23, -0.00625, -0.005, 0.0, -0.0025]",0,0,29.5,"[1, 1, 1, 1, 1, 1]",40.500185742017834,0.0,0.0,0,0.0
1774904205.6198592,"[0, 0, 0, 0, 0, 0]","[1291, 1500, 1500, 1500]","[-25.08, 0.0, 0.0, 0.0]","[0.0, 0.0, 0.0]",0,4395.68408203125,0,32.15346961975098,"[0.0, -1.19018554668, 4.48608398364]","[0, 0, 0]",0,3,0.0,0.0,4.389,0,0,0,4294967.295,3750000.384,0,56235,0,-26.69011688232422,31.686302185058594,0.5867279171943665,0,state.PRE_FLIGHT,819,-26,0,-24,0.0,4389,4395,"[10.4, 0.5, 15.9, 11.1, 16.5, 16.5, 0, 0]","[3.637, 3.638, 3.638]",0.284,"[2.9952, 3.3120000000000003, 5.0032000000000005, 7.3632, 8.4288, 27.8256]","[0.035625000000000004, 0.2175, -0.0025, -0.005, -0.003125, 0.000625]",0,0,29.5,"[1, 1, 1, 1, 1, 1]",40.512130384661646,0.0,0.0,0,0.0
1774904205.6823914,"[0, 0, 0, 0, 0, 0]","[1291, 1500, 1500, 1500]","[-25.08, 0.0, 0.0, 0.0]","[0.0, 0.0, 0.0]",0,4400.478515625,0,32.17095741271973,"[0.0, 0.57983398428, 2.80761718704]","[0, 0, 0]",0,3,0.0,0.0,4.397,0,0,0,4294967.295,3750000.384,0,56295,0,-26.71147918701172,31.834592819213867,0.5867279171943665,0,state.PRE_FLIGHT,820,-31,0,-29,0.0,4397,4400,"[10.6, 0.5, 17.0, 10.4, 15.5, 15.9, 0, 0]","[3.637, 3.638, 3.638]",0.284,"[2.9952, 3.3120000000000003, 5.0032000000000005, 7.3632, 8.4288, 27.8256]","[0.035625000000000004, 0.2175, -0.0025, -0.005, -0.003125, 0.000625]",0,0,29.5,"[1, 1, 1, 1, 1, 1]",40.6318922869291,0.0,0.0,0,0.0
1774904205.733395,"[0, 0, 0, 0, 0, 0]","[1291, 1500, 1500, 1500]","[-25.08, 0.0, 0.0, 0.0]","[0.0, 0.0, 0.0]",0,4404.44384765625,0,32.15346961975098,"[0.0, 7.04956054572, 3.17382812448]","[0, 0, 0]",0,3,0.0,0.0,4.397,0,0,0,4294967.295,3750000.384,0,56349,0,-27.044225692749023,31.871580123901367,0.5867279171943665,0,state.PRE_FLIGHT,821,-30,0,-30,0.0,4397,4404,"[10.2, 0.5, 17.6, 10.6, 16.5, 16.5, 0, 0]","[3.637, 3.638, 3.638]",0.284,"[2.9952, 3.3120000000000003, 5.0016, 7.3616, 8.456000000000001, 27.8288]","[0.03375, 0.28125, -0.000625, -0.00125, 0.0025, -0.005625]",0,0,29.5,"[1, 1, 1, 1, 1, 1]",40.854345021817316,0.0,0.0,0,0.0
1774904205.794043,"[0, 0, 0, 0, 0, 0]","[1291, 1500, 1500, 1500]","[-25.08, 0.0, 0.0, 0.0]","[0.0, 0.0, 0.0]",0,4409.17138671875,0,32.16658546447754,"[0.0, -5.9509277334, 9.338378904719999]","[0, 0, 0]",0,3,0.0,0.0,4.405,0,0,0,4294967.295,3750000.384,0,56409,0,-26.93096160888672,32.06923294067383,0.5867279171943665,0,state.PRE_FLIGHT,822,-30,0,-29,0.0,4405,4409,"[10.6, 0.5, 16.5, 10.4, 15.9, 17.0, 0, 0]","[3.637, 3.638, 3.638]",0.284,"[2.9952, 3.3120000000000003, 5.0016, 7.3616, 8.456000000000001, 27.8288]","[0.03375, 0.28125, -0.000625, -0.00125, 0.0025, -0.005625]",0,0,29.5,"[1, 1, 1, 1, 1, 1]",40.930194960905865,0.0,0.0,0,0.0
1774904205.8535826,"[0, 0, 0, 0, 0, 0]","[1291, 1500, 1500, 1500]","[-25.08, 0.0, 0.0, 0.0]","[0.0, 0.0, 0.0]",0,4413.859375,0,32.1447257232666,"[0.0, -3.99780273372, -6.5002441395599995]","[0, 0, 0]",0,3,0.0,0.0,4.413,0,0,0,4294967.295,3750000.384,0,56469,0,-26.91291618347168,32.125484466552734,0.5867279171943665,0,state.PRE_FLIGHT,823,-26,0,-26,0.0,4413,4413,"[10.6, 0.5, 16.5, 10.6, 15.9, 17.0, 0, 0]","[3.637, 3.638, 3.638]",0.284,"[2.9968000000000004, 3.3104, 5.0032000000000005, 7.3664000000000005, 8.4352, 27.8256]","[0.035625000000000004, 0.58125, -0.000625, -0.00375, -0.003125, 0.005625]",0,0,29.5,"[1, 1, 1, 1, 1, 1]",40.960299773399996,0.0,0.0,0,0.0
1774904205.917119,"[0, 0, 0, 0, 0, 0]","[1291, 1500, 1500, 1500]","[-25.08, 0.0, 0.0, 0.0]","[0.0, 0.0, 0.0]",0,4418.5107421875,0,32.17532936096191,"[0.0, 4.6691894523599995, 5.98144531152]","[0, 0, 0]",0,3,0.0,0.0,4.413,0,0,0,4294967.295,3750000.384,0,56529,0,-27.01434898376465,32.286041259765625,0.5867279171943665,0,state.PRE_FLIGHT,824,-26,0,-26,0.0,4413,4418,"[10.8, 0.5, 16.5, 10.8, 15.5, 15.5, 0, 0]","[3.637, 3.638, 3.638]",0.284,"[2.9968000000000004, 3.3104, 5.0032000000000005, 7.3664000000000005, 8.4352, 27.8256]","[0.035625000000000004, 0.58125, -0.000625, -0.00375, -0.003125, 0.005625]",0,0,29.5,"[1, 1, 1, 1, 1, 1]",41.13570082999341,0.0,0.0,0,0.0
1774904205.9676511,"[0, 0, 0, 0, 0, 0]","[1291, 1500, 1500, 1500]","[-25.08, 0.0, 0.0, 0.0]","[0.0, 0.0, 0.0]",0,4422.357421875,0,32.15784156799317,"[0.0, 7.29370117068, -7.44628906128]","[0, 0, 0]",0,3,0.0,0.0,4.42,0,0,0,4294967.295,3750000.384,0,56583,0,-27.023164749145508,32.40873336791992,0.5867279171943665,0,state.PRE_FLIGHT,825,-28,0,-27,0.0,4420,4422,"[10.8, 0.5, 16.5, 10.6, 15.0, 15.9, 0, 0]","[3.637, 3.638, 3.638]",0.284,"[2.9984, 3.3120000000000003, 5.0016, 7.3616, 8.4656, 27.8304]","[0.036875, 0.55625, -0.000625, -0.000625, -0.00125, 0.00875]",0,0,29.5,"[1, 1, 1, 1, 1, 1]",41.229654814625846,0.0,0.0,0,0.0
1774904206.0276542,"[0, 0, 0, 0, 0, 0]","[1291, 1500, 1500, 1500]","[-25.08, 0.0, 0.0, 0.0]","[0.0, 0.0, 0.0]",0,4426.9384765625,0,32.17532936096191,"[0.0, 3.5095214838, 20.141601559199998]","[0, 0, 0]",0,3,0.0,0.0,4.42,0,0,0,4294967.295,3750000.384,0,56643,0,-26.69384765625,32.42093276977539,0.5867279171943665,0,state.PRE_FLIGHT,826,-30,0,-29,0.0,4420,4426,"[11.1, 0.5, 15.5, 10.6, 15.5, 17.0, 0, 0]","[3.637, 3.638, 3.638]",0.284,"[2.9984, 3.3120000000000003, 5.0016, 7.3616, 8.4656, 27.8304]","[0.036875, 0.55625, -0.000625, -0.000625, -0.00125, 0.00875]",0,0,29.5,"[1, 1, 1, 1, 1, 1]",41.04760751074639,0.0,0.0,0,0.0
1774904206.0872035,"[0, 0, 0, 0, 0, 0]","[1291, 1500, 1500, 1500]","[-25.08, 0.0, 0.0, 0.0]","[0.0, 0.0, 0.0]",0,4431.4833984375,0,32.16658546447754,"[0.0, -0.21362304684, 7.65991210812]","[0, 0, 0]",0,3,0.0,0.0,4.427,0,0,0,4294967.295,3750000.384,0,56703,0,-26.40760040283203,32.409950256347656,0.5867279171943665,0,state.PRE_FLIGHT,827,-32,0,-31,0.0,4427,4431,"[10.8, 0.5, 16.5, 10.2, 15.0, 17.0, 0, 0]","[3.637, 3.638, 3.638]",0.284,"[2.9968000000000004, 3.3120000000000003, 5.0048, 7.364800000000001, 8.4368, 27.8272]","[0.031875, 0.5725, -0.0025, -0.00125, -0.000625, 0.003125]",0,0,29.5,"[1, 1, 1, 1, 1, 1]",40.87480665501562,0.0,0.0,0,0.0
1774904206.1477423,"[0, 0, 0, 0, 0, 0]","[1291, 1500, 1500, 1500]","[-25.08, 0.0, 0.0, 0.0]","[0.0, 0.0, 0.0]",0,4435.98828125,0,32.17095741271973,"[0.0, 7.65991210812, 0.39672851556]","[0, 0, 0]",0,3,0.0,0.0,4.435,0,0,0,4294967.295,3750000.384,0,56763,0,-26.352031707763672,32.337928771972656,0.5867279171943665,0,state.PRE_FLIGHT,828,-30,0,-30,0.0,4435,4435,"[10.4, 0.5, 16.5, 10.6, 15.9, 16.5, 0, 0]","[3.637, 3.638, 3.638]",0.284,"[2.9968000000000004, 3.3120000000000003, 5.0048, 7.364800000000001, 8.4368, 27.8272]","[0.031875, 0.5725, -0.0025, -0.00125, -0.000625, 0.003125]",0,0,29.5,"[1, 1, 1, 1, 1, 1]",40.79007702275588,0.0,0.0,0,0.0
1774904206.2017548,"[0, 0, 0, 0, 0, 0]","[1291, 1500, 1500, 1500]","[-25.08, 0.0, 0.0, 0.0]","[0.0, 0.0, 0.0]",0,4440.45947265625,0,32.1797013092041,"[0.0, -1.43432617164, 3.57055664004]","[0, 0, 0]",0,3,0.0,0.0,4.435,0,0,0,4294967.295,3750000.384,0,56817,0,-26.48395538330078,32.554962158203125,0.5867279171943665,0,state.PRE_FLIGHT,829,-29,0,-29,0.0,4435,4440,"[10.4, 0.5, 17.6, 10.6, 15.9, 17.0, 0, 0]","[3.637, 3.638, 3.638]",0.284,"[2.9952, 3.3120000000000003, 5.0048, 7.368, 8.464, 27.8272]","[0.034375, 0.25875, 0.0, -0.0025, -0.0025, -0.0075]",0,0,29.5,"[1, 1, 1, 1, 1, 1]",41.024963925434484,0.0,0.0,0,0.0
1774904206.2618697,"[0, 0, 0, 0, 0, 0]","[1291, 1500, 1500, 1500]","[-25.08, 0.0, 0.0, 0.0]","[0.0, 0.0, 0.0]",0,4444.8916015625,0,32.188445205688474,"[0.0, 1.3732910154, -1.09863281232]","[0, 0, 0]",0,3,0.0,0.0,4.443,0,0,0,4294967.295,3750000.384,0,56877,0,-26.374671936035156,32.61232376098633,0.5867279171943665,0,state.PRE_FLIGHT,830,-30,0,-29,0.0,4443,4444,"[10.6, 0.5, 16.5, 10.8, 16.5, 16.5, 0, 0]","[3.637, 3.638, 3.638]",0.284,"[2.9984, 3.3104, 5.0032000000000005, 7.3616, 8.4672, 27.8256]","[0.03625, 0.20875, -0.00375, -0.0025, 0.0, -0.00625]",0,0,29.5,"[1, 1, 1, 1, 1, 1]",41.004662138826326,0.0,0.0,0,0.0
1774904206.3248174,"[0, 0, 0, 0, 0, 0]","[1291, 1500, 1500, 1500]","[-25.08, 0.0, 0.0, 0.0]","[0.0, 0.0, 0.0]",0,4449.28369140625,0,32.1797013092041,"[0.0, -1.80053710908, 1.525878906]","[0, 0, 0]",0,3,0.0,0.0,4.443,0,0,0,4294967.295,3750000.384,0,56937,0,-26.555938720703125,32.74415588378906,0.5867279171943665,0,state.PRE_FLIGHT,831,-30,0,-30,0.0,4443,4449,"[10.6, 0.5, 16.5, 10.4, 15.9, 17.0, 0, 0]","[3.637, 3.638, 3.638]",0.284,"[2.9984, 3.3104, 5.0032000000000005, 7.3616, 8.4672, 27.8256]","[0.03625, 0.20875, -0.00375, -0.0025, 0.0, -0.00625]",0,0,29.5,"[1, 1, 1, 1, 1, 1]",41.20500860904863,0.0,0.0,0,0.0
1774904206.3843627,"[0, 0, 0, 0, 0, 0]","[1291, 1500, 1500, 1500]","[-25.08, 0.0, 0.0, 0.0]","[0.0, 0.0, 0.0]",0,4453.642578125,0,32.19718910217285,"[0.0, -4.5471191398799995, -2.96020507764]","[0, 0, 0]",0,3,0.0,0.0,4.45,0,0,0,4294967.295,3750000.384,0,56997,0,-26.617877960205078,32.97727966308594,0.5867279171943665,0,state.PRE_FLIGHT,832,-31,0,-30,0.0,4450,4453,"[10.4, 0.5, 16.5, 10.6, 15.9, 17.0, 0, 0]","[3.637, 3.638, 3.638]",0.284,"[2.9968000000000004, 3.3088, 5.0032000000000005, 7.3632, 8.443200000000001, 27.8272]","[0.031875, 0.254375, -0.003125, -0.0025, -0.000625, -0.00375]",0,0,29.5,"[1, 1, 1, 1, 1, 1]",41.411644211829326,0.0,0.0,0,0.0
1774904206.435912,"[0, 0, 0, 0, 0, 0]","[1291, 1500, 1500, 1500]","[-25.08, 0.0, 0.0, 0.0]","[0.0, 0.0, 0.0]",0,4457.2451171875,0,32.1797013092041,"[0.0, 2.71606445268, -10.2233886702]","[0, 0, 0]",0,3,0.0,0.0,4.457,0,0,0,4294967.295,3750000.384,0,57051,0,-26.97795867919922,33.077938079833984,0.5867279171943665,0,state.PRE_FLIGHT,833,-31,0,-30,0.0,4457,4457,"[10.2, 0.5, 16.5, 10.4, 15.5, 16.5, 0, 0]","[3.637, 3.638, 3.638]",0.284,"[2.9968000000000004, 3.3088, 5.0032000000000005, 7.3632, 8.443200000000001, 27.8272]","[0.031875, 0.254375, -0.003125, -0.0025, -0.000625, -0.00375]",0,0,29.5,"[1, 1, 1, 1, 1, 1]",41.69067562697195,0.0,0.0,0,0.0
1774904206.4994433,"[0, 0, 0, 0, 0, 0]","[1291, 1500, 1500, 1500]","[-25.08, 0.0, 0.0, 0.0]","[0.0, 0.0, 0.0]",0,4461.53369140625,0,32.17532936096191,"[0.0, 7.65991210812, 13.4277343728]","[0, 0, 0]",0,3,0.0,0.0,4.457,0,0,0,4294967.295,3750000.384,0,57111,0,-26.857412338256836,33.182308197021484,0.5867279171943665,0,state.PRE_FLIGHT,834,-32,0,-31,0.0,4457,4461,"[10.8, 0.5, 16.5, 10.8, 15.9, 17.0, 0, 0]","[3.637, 3.638, 3.638]",0.284,"[2.9952, 3.3088, 5.0064, 7.364800000000001, 8.457600000000001, 27.8288]","[0.031875, 0.25375000000000003, 0.0, 0.000625, -0.0025, -0.0025]",0,0,29.5,"[1, 1, 1, 1, 1, 1]",41.69843586487466,0.0,0.0,0,0.0
1774904206.5579789,"[0, 0, 0, 0, 0, 0]","[1291, 1500, 1500, 1500]","[-25.08, 0.0, 0.0, 0.0]","[0.0, 0.0, 0.0]",0,4465.78271484375,0,32.17532936096191,"[0.0, -1.00708007796, 14.1906738258]","[0, 0, 0]",0,3,0.0,0.0,4.465,0,0,0,4294967.295,3750000.384,0,57171,0,-26.759431838989258,33.146278381347656,0.5867279171943665,0,state.PRE_FLIGHT,835,-33,0,-31,0.0,4465,4465,"[10.6, 0.5, 16.5, 11.3, 15.9, 16.5, 0, 0]","[3.637, 3.638, 3.638]",0.284,"[2.9952, 3.3088, 5.0064, 7.364800000000001, 8.457600000000001, 27.8288]","[0.031875, 0.25375000000000003, 0.0, 0.000625, -0.0025, -0.0025]",0,0,29.5,"[1, 1, 1, 1, 1, 1]",41.616315816314696,0.0,0.0,0,0.0
1774904206.615984,"[0, 0, 0, 0, 0, 0]","[1291, 1500, 1500, 1500]","[-25.08, 0.0, 0.0, 0.0]","[0.0, 0.0, 0.0]",0,4469.998046875,0,32.19281715393066,"[0.0, -15.59448241932, 0.21362304684]","[0, 0, 0]",0,3,0.0,0.0,4.465,0,0,0,4294967.295,3750000.384,0,57231,0,-26.92757797241211,33.09315490722656,0.5867279171943665,0,state.PRE_FLIGHT,836,-36,0,-34,0.0,4465,4469,"[10.6, 0.5, 16.5, 10.6, 15.5, 17.0, 0, 0]","[3.637, 3.638, 3.638]",0.284,"[2.9936000000000003, 3.3136, 5.0016, 7.364800000000001, 8.443200000000001, 27.8288]","[0.035625000000000004, 0.5593750000000001, -0.00375, -0.00375, 0.000625, 0.008125]",0,0,29.5,"[1, 1, 1, 1, 1, 1]",41.67303893242935,0.0,0.0,0,0.0
1774904206.6745186,"[0, 0, 0, 0, 0, 0]","[1291, 1500, 1500, 1500]","[-25.08, 0.0, 0.0, 0.0]","[0.0, 0.0, 0.0]",0,4474.173828125,0,32.20156105041504,"[0.0, -2.41088867148, 12.32910156048]","[0, 0, 0]",0,3,0.0,0.0,4.472,0,0,0,4294967.295,3750000.384,0,57285,0,-26.74696159362793,33.293827056884766,0.5867279171943665,0,state.PRE_FLIGHT,837,-38,0,-36,0.0,4472,4474,"[10.6, 0.5, 16.5, 10.4, 15.9, 18.2, 0, 0]","[3.637, 3.638, 3.638]",0.284,"[2.9936000000000003, 3.3136, 5.0016, 7.364800000000001, 8.443200000000001, 27.8288]","[0.035625000000000004, 0.5593750000000001, -0.00375, -0.00375, 0.000625, 0.008125]",0,0,29.5,"[1, 1, 1, 1, 1, 1]",41.71782923211789,0.0,0.0,0,0.0
1774904206.7295318,"[0, 0, 0, 0, 0, 0]","[1291, 1500, 1500, 1500]","[-25.08, 0.0, 0.0, 0.0]","[0.0, 0.0, 0.0]",0,4478.31640625,0,32.188445205688474,"[0.0, -5.9509277334, -2.41088867148]","[0, 0, 0]",0,3,0.0,0.0,4.472,0,0,0,4294967.295,3750000.384,0,57345,0,-26.708524703979492,33.4036979675293,0.5867279171943665,0,state.PRE_FLIGHT,838,-40,0,-39,0.0,4472,4478,"[10.6, 0.5, 16.5, 10.6, 15.9, 17.0, 0, 0]","[3.637, 3.638, 3.638]",0.284,"[2.9968000000000004, 3.3120000000000003, 5.0032000000000005, 7.3632, 8.4528, 27.824]","[0.029375000000000002, 0.57875, -0.000625, -0.00375, -0.00125, 0.00625]",0,0,29.5,"[1, 1, 1, 1, 1, 1]",41.77716057079678,0.0,0.0,0,0.0
1774904206.793008,"[0, 0, 0, 0, 0, 0]","[1291, 1500, 1500, 1500]","[-25.08, 0.0, 0.0, 0.0]","[0.0, 0.0, 0.0]",0,4482.4189453125,0,32.19281715393066,"[0.0, 6.5002441395599995, 7.29370117068]","[0, 0, 0]",0,3,0.0,0.0,4.479,0,0,0,4294967.295,3750000.384,0,57405,0,-26.60811996459961,33.3603630065918,0.5867279171943665,0,state.PRE_FLIGHT,839,-38,0,-38,0.0,4479,4482,"[10.8, 0.5, 15.9, 10.8, 16.5, 16.5, 0, 0]","[3.637, 3.638, 3.638]",0.284,"[2.9968000000000004, 3.3120000000000003, 5.0032000000000005, 7.3632, 8.4528, 27.824]","[0.029375000000000002, 0.57875, -0.000625, -0.00375, -0.00125, 0.00625]",0,0,29.5,"[1, 1, 1, 1, 1, 1]",41.68863853678119,0.0,0.0,0,0.0
1774904206.8500469,"[0, 0, 0, 0, 0, 0]","[1291, 1500, 1500, 1500]","[-25.08, 0.0, 0.0, 0.0]","[0.0, 0.0, 0.0]",0,4486.48486328125,0,32.184073257446286,"[0.0, 2.16674804652, -9.094238279759999]","[0, 0, 0]",0,3,0.0,0.0,4.485,0,0,0,4294967.295,3750000.384,0,57465,0,-26.532146453857422,33.296932220458984,0.5867279171943665,0,state.PRE_FLIGHT,840,-34,0,-35,0.0,4485,4486,"[10.8, 0.5, 16.5, 10.4, 15.9, 17.0, 0, 0]","[3.637, 3.638, 3.638]",0.284,"[2.9952, 3.3120000000000003, 5.0016, 7.3664000000000005, 8.4688, 27.8272]","[0.035, 0.236875, 0.000625, -0.0025, -0.000625, 0.0075]",0,0,29.5,"[1, 1, 1, 1, 1, 1]",41.599000763480866,0.0,0.0,0,0.0
1774904206.903587,"[0, 0, 0, 0, 0, 0]","[1291, 1500, 1500, 1500]","[-25.08, 0.0, 0.0, 0.0]","[0.0, 0.0, 0.0]",0,4489.84375,0,32.15784156799317,"[0.0, -8.88061523292, -8.5449218736]","[0, 0, 0]",0,3,0.0,0.0,4.485,0,0,0,4294967.295,3750000.384,0,57519,0,-26.48955535888672,33.40742111206055,0.5867279171943665,0,state.PRE_FLIGHT,841,-32,0,-32,0.0,4485,4489,"[10.6, 0.5, 16.5, 10.4, 15.5, 15.9, 0, 0]","[3.637, 3.638, 3.638]",0.284,"[2.9952, 3.3120000000000003, 5.0016, 7.3664000000000005, 8.4688, 27.8272]","[0.035, 0.236875, 0.000625, -0.0025, -0.000625, 0.0075]",0,0,29.5,"[1, 1, 1, 1, 1, 1]",41.65692325790599,0.0,0.0,0,0.0
1774904206.9631357,"[0, 0, 0, 0, 0, 0]","[1291, 1500, 1500, 1500]","[-25.08, 0.0, 0.0, 0.0]","[0.0, 0.0, 0.0]",0,4493.8427734375,0,32.19718910217285,"[0.0, -1.61743164036, 0.57983398428]","[0, 0, 0]",0,3,0.0,0.0,4.492,0,0,0,4294967.295,3750000.384,0,57579,0,-26.22921371459961,33.36959457397461,0.5867279171943665,0,state.PRE_FLIGHT,842,-33,0,-32,0.0,4492,4493,"[10.8, 0.5, 17.6, 10.4, 15.5, 17.0, 0, 0]","[3.637, 3.638, 3.638]",0.284,"[2.9952, 3.3136, 5.0032000000000005, 7.364800000000001, 8.448, 27.8256]","[0.034375, 0.249375, -0.00625, -0.00125, -0.001875, -0.0025]",0,0,29.5,"[1, 1, 1, 1, 1, 1]",41.48335891538192,0.0,0.0,0,0.0
1774904207.0291312,"[0, 0, 0, 0, 0, 0]","[1291, 1500, 1500, 1500]","[-25.08, 0.0, 0.0, 0.0]","[0.0, 0.0, 0.0]",0,4497.80224609375,0,32.1797013092041,"[0.0, -6.3781738270799995, -3.69262695252]","[0, 0, 0]",0,3,0.0,0.0,4.492,0,0,0,4294967.295,3750000.384,0,57639,0,-26.09006690979004,33.50567626953125,0.5867279171943665,0,state.PRE_FLIGHT,843,-32,0,-32,0.0,4492,4497,"[10.4, 0.5, 16.5, 10.8, 15.5, 16.5, 0, 0]","[3.637, 3.638, 3.638]",0.284,"[2.9952, 3.3104, 5.0048, 7.3616, 8.4688, 27.8272]","[0.02875, 0.226875, -0.003125, 0.0025, -0.00125, -0.000625]",0,0,29.5,"[1, 1, 1, 1, 1, 1]",41.50767612698731,0.0,0.0,0,0.0
1774904207.0866773,"[0, 0, 0, 0, 0, 0]","[1291, 1500, 1500, 1500]","[-25.08, 0.0, 0.0, 0.0]","[0.0, 0.0, 0.0]",0,4501.72509765625,0,32.20156105041504,"[0.0, 0.762939453, -2.96020507764]","[0, 0, 0]",0,3,0.0,0.0,4.499,0,0,0,4294967.295,3750000.384,0,57699,0,-26.015968322753906,33.598411560058594,0.5867279171943665,0,state.PRE_FLIGHT,844,-31,0,-31,0.0,4499,4501,"[11.1, 0.5, 16.5, 10.6, 17.0, 16.5, 0, 0]","[3.637, 3.638, 3.638]",0.284,"[2.9952, 3.3104, 5.0048, 7.3616, 8.4688, 27.8272]","[0.02875, 0.226875, -0.003125, 0.0025, -0.00125, -0.000625]",0,0,29.5,"[1, 1, 1, 1, 1, 1]",41.53622358645196,0.0,0.0,0,0.0
1774904207.141678,"[0, 0, 0, 0, 0, 0]","[1291, 1500, 1500, 1500]","[-25.08, 0.0, 0.0, 0.0]","[0.0, 0.0, 0.0]",0,4504.96826171875,0,32.17532936096191,"[0.0, 4.9133300773199995, -1.46484374976]","[0, 0, 0]",0,3,0.0,0.0,4.504,0,0,0,4294967.295,3750000.384,0,57753,0,-26.156272888183594,33.69996643066406,0.5867279171943665,0,state.PRE_FLIGHT,845,-30,0,-30,0.0,4504,4504,"[10.2, 0.5, 15.9, 10.2, 15.9, 17.0, 0, 0]","[3.637, 3.638, 3.638]",0.284,"[2.9968000000000004, 3.3088, 5.0064, 7.3696, 8.457600000000001, 27.824]","[0.03125, 0.260625, -0.00375, -0.005, -0.005, -0.004375]",0,0,29.5,"[1, 1, 1, 1, 1, 1]",41.68966191603336,0.0,0.0,0,0.0
1774904207.197202,"[0, 0, 0, 0, 0, 0]","[1291, 1500, 1500, 1500]","[-25.08, 0.0, 0.0, 0.0]","[0.0, 0.0, 0.0]",0,4508.82421875,0,32.205932998657225,"[0.0, 8.63647460796, 0.21362304684]","[0, 0, 0]",0,3,0.0,0.0,4.504,0,0,0,4294967.295,3750000.384,0,57813,0,-26.08574676513672,33.50709533691406,0.5867279171943665,0,state.PRE_FLIGHT,846,-30,0,-30,0.0,4504,4508,"[10.4, 0.5, 17.0, 10.6, 15.0, 17.0, 0, 0]","[3.637, 3.638, 3.638]",0.284,"[2.9968000000000004, 3.3088, 5.0064, 7.3696, 8.457600000000001, 27.824]","[0.03125, 0.260625, -0.00375, -0.005, -0.005, -0.004375]",0,0,29.5,"[1, 1, 1, 1, 1, 1]",41.50634745588618,0.0,0.0,0,0.0
1774904207.9975133,"[1, 1, 1, 1, 1, 1]","[1291, 1500, 1500, 1500]","[-25.08, 0.0, 0.0, 0.0]","[0.0, 0.0, 0.0]",0,0.0,0,32.02231117248535,"[0.0, -9.24682617036, 6.7138671864]","[0, 0, 0]",0,0,0.0,0.0,0.0,0,0,0,0.0,0.0,0,678,0,4.553854942321777,6.271900653839111,0.0,0,state.GROUND_TESTING,1,-35,0,-99,0.0,0,0,"[10.4, 0.5, 17.0, 10.4, 15.0, 15.9, 0, 0]","[0.0, 0.0, 0.0]",-0.0,"[0.0, 0.0, 0.0, 0.0, 0.0, 0.0]","[0.0, 0.0, 0.0, 0.0, 0.0, 0.0]",0,0,0.0,"[1, 1, 1, 1, 1, 1]",7.745411615518762,0.0,0.0,0,0.0
1774904208.054806,"[1, 1, 1, 1, 1, 1]","[1291, 1500, 1500, 1500]","[-25.08, 0.0, 0.0, 0.0]","[0.0, 0.0, 0.0]",0,0.0,0,32.035427017211916,"[0.0, -8.6975097642, 9.155273436]","[0, 0, 0]",0,3,0.0,0.0,0.0,0,0,0,4294967.295,3750000.384,0,737,0,4.832550525665283,6.452712059020996,0.0,0,state.GROUND_TESTING,2,-34,0,-33,0.0,0,0,"[10.2, 0.5, 16.5, 10.6, 15.5, 15.9, 0, 0]","[3.637, 3.638, 3.638]",0.284,"[2.9936000000000003, 3.3120000000000003, 5.0048, 7.36, 8.4544, 27.8304]","[0.02875, 0.26687500000000003, -0.000625, 0.000625, 0.000625, -0.0025]",0,0,29.5,"[1, 1, 1, 1, 1, 1]",8.055567778216261,0.0,0.0,0,0.0
1774904208.1098747,"[1, 1, 1, 1, 1, 1]","[1291, 1500, 1500, 1500]","[-25.08, 0.0, 0.0, 0.0]","[0.0, 0.0, 0.0]",0,0.0,0,32.06165870666504,"[0.0, 4.48608398364, -5.55419921784]","[0, 0, 0]",0,3,0.0,0.0,0.0,0,0,0,4294967.295,3750000.384,0,797,0,4.76664924621582,6.455151557922363,0.0,0,state.GROUND_TESTING,3,-33,0,-32,0.0,0,0,"[10.4, 0.5, 17.6, 10.6, 15.9, 15.9, 0, 0]","[3.637, 3.638, 3.638]",0.284,"[2.9968000000000004, 3.3104, 5.0032000000000005, 7.3696, 8.4352, 27.8304]","[0.03375, 0.23125, -0.0025, 0.0, -0.004375, -0.005625]",0,0,29.5,"[1, 1, 1, 1, 1, 1]",8.018333236317766,0.0,0.0,0,0.0
1774904208.1711483,"[1, 1, 1, 1, 1, 1]","[1291, 1500, 1500, 1500]","[-25.08, 0.0, 0.0, 0.0]","[0.0, 0.0, 0.0]",0,0.0,0,32.101006240844725,"[0.0, -3.2043457026, -11.9018554668]","[0, 0, 0]",0,3,0.0,0.0,0.0,0,0,0,4294967.295,3750000.384,0,857,0,4.687595844268799,6.591864585876465,0.0,0,state.GROUND_TESTING,4,-32,0,-31,0.0,0,0,"[10.6, 0.5, 15.9, 10.6, 15.9, 16.5, 0, 0]","[3.637, 3.638, 3.638]",0.284,"[2.9968000000000004, 3.3104, 5.0032000000000005, 7.3696, 8.4352, 27.8304]","[0.03375, 0.23125, -0.0025, 0.0, -0.004375, -0.005625]",0,0,29.5,"[1, 1, 1, 1, 1, 1]",8.082645242084844,0.0,0.0,0,0.0
1774904208.23144,"[1, 1, 1, 1, 1, 1]","[1291, 1500, 1500, 1500]","[-25.08, 0.0, 0.0, 0.0]","[0.0, 0.0, 0.0]",0,0.0,0,32.11849403381348,"[0.0, 0.762939453, 3.93676757748]","[0, 0, 0]",0,3,0.0,0.0,0.0,0,0,0,4294967.295,3750000.384,0,911,0,4.800833225250244,6.471306800842285,0.0,0,state.GROUND_TESTING,5,-31,0,-30,0.0,0,0,"[10.6, 0.5, 17.0, 10.8, 15.9, 17.0, 0, 0]","[3.637, 3.638, 3.638]",0.284,"[2.9968000000000004, 3.3104, 5.0032000000000005, 7.3632, 8.4544, 27.8272]","[0.0325, 0.26625, -0.00125, -0.00375, -0.00125, -0.000625]",0,0,29.5,"[1, 1, 1, 1, 1, 1]",8.051563610267799,0.0,0.0,0,0.0
1774904208.2834542,"[1, 1, 1, 1, 1, 1]","[1291, 1500, 1500, 1500]","[-25.08, 0.0, 0.0, 0.0]","[0.0, 0.0, 0.0]",0,0.0,0,32.122865982055664,"[0.0, -7.7209472643599995, 6.7138671864]","[0, 0, 0]",0,3,0.0,0.0,0.0,0,0,0,4294967.295,3750000.384,0,971,0,4.8109235763549805,6.6330766677856445,0.0,0,state.GROUND_TESTING,6,-30,0,-30,0.0,0,0,"[10.0, 0.5, 18.2, 10.4, 16.5, 17.0, 0, 0]","[3.637, 3.638, 3.638]",0.284,"[2.9968000000000004, 3.3104, 5.0032000000000005, 7.3632, 8.4544, 27.8272]","[0.0325, 0.26625, -0.00125, -0.00375, -0.00125, -0.000625]",0,0,29.5,"[1, 1, 1, 1, 1, 1]",8.187743935287738,0.0,0.0,0,0.0
1774904208.344348,"[1, 1, 1, 1, 1, 1]","[1291, 1500, 1500, 1500]","[-25.08, 0.0, 0.0, 0.0]","[0.0, 0.0, 0.0]",0,0.0,0,32.13160987854004,"[0.0, 1.92260742156, 12.69531249792]","[0, 0, 0]",0,3,0.0,0.0,0.0,0,0,0,4294967.295,3750000.384,0,1031,0,4.799330234527588,6.482918739318848,0.0,0,state.GROUND_TESTING,7,-29,0,-28,0.0,0,0,"[10.2, 0.5, 16.5, 10.6, 16.5, 15.9, 0, 0]","[3.637, 3.638, 3.638]",0.284,"[2.9968000000000004, 3.3120000000000003, 5.0032000000000005, 7.3616, 8.4512, 27.824]","[0.03875, 0.268125, 0.0, -0.003125, 0.0, -0.00125]",0,0,29.5,"[1, 1, 1, 1, 1, 1]",8.059986363004326,0.0,0.0,0,0.0
1774904208.4034467,"[1, 1, 1, 1, 1, 1]","[1291, 1500, 1500, 1500]","[-25.08, 0.0, 0.0, 0.0]","[0.0, 0.0, 0.0]",0,0.0,0,32.14909767150879,"[0.0, 1.55639648412, 4.48608398364]","[0, 0, 0]",0,3,0.0,0.0,0.0,0,0,0,4294967.295,3750000.384,0,1091,0,4.968085289001465,6.581202507019043,0.0,0,state.GROUND_TESTING,8,-28,0,-27,0.0,0,0,"[10.4, 0.5, 16.5, 10.6, 15.0, 16.5, 0, 0]","[3.637, 3.638, 3.638]",0.284,"[2.9968000000000004, 3.3120000000000003, 5.0032000000000005, 7.3616, 8.4512, 27.824]","[0.03875, 0.268125, 0.0, -0.003125, 0.0, -0.00125]",0,0,29.5,"[1, 1, 1, 1, 1, 1]",8.239259669942138,0.0,0.0,0,0.0
1774904208.458989,"[1, 1, 1, 1, 1, 1]","[1291, 1500, 1500, 1500]","[-25.08, 0.0, 0.0, 0.0]","[0.0, 0.0, 0.0]",0,0.0,0,32.15784156799317,"[0.0, 5.70678710844, 0.03051757812]","[0, 0, 0]",0,3,0.0,0.0,0.0,0,0,0,4294967.295,3750000.384,0,1145,0,5.0014872550964355,6.692077159881592,0.0,0,state.GROUND_TESTING,9,-29,0,-26,0.0,0,0,"[10.4, 0.5, 17.0, 10.4, 15.0, 16.5, 0, 0]","[3.637, 3.638, 3.638]",0.284,"[2.9936000000000003, 3.3104, 5.0064, 7.3696, 8.432, 27.8256]","[0.03875, 0.57375, -0.00125, -0.000625, -0.0025, 0.00375]",0,0,29.5,"[1, 1, 1, 1, 1, 1]",8.347745780442882,0.0,0.0,0,0.0
1774904208.518085,"[1, 1, 1, 1, 1, 1]","[1291, 1500, 1500, 1500]","[-25.08, 0.0, 0.0, 0.0]","[0.0, 0.0, 0.0]",0,0.0,0,32.15784156799317,"[0.0, -3.2043457026, -3.90624999936]","[0, 0, 0]",0,3,0.0,0.0,0.0,0,0,0,4294967.295,3750000.384,0,1205,0,4.911148548126221,6.910579681396484,0.0,0,state.GROUND_TESTING,10,-30,0,-28,0.0,0,0,"[10.4, 0.5, 17.0, 10.8, 15.9, 16.5, 0, 0]","[3.637, 3.638, 3.638]",0.284,"[2.9936000000000003, 3.3104, 5.0064, 7.3696, 8.432, 27.8256]","[0.03875, 0.57375, -0.00125, -0.000625, -0.0025, 0.00375]",0,0,29.5,"[1, 1, 1, 1, 1, 1]",8.471030823106043,0.0,0.0,0,0.0
1774904208.5798159,"[1, 1, 1, 1, 1, 1]","[1291, 1500, 1500, 1500]","[-25.08, 0.0, 0.0, 0.0]","[0.0, 0.0, 0.0]",0,0.0,0,32.16658546447754,"[0.0, -0.03051757812, 3.57055664004]","[0, 0, 0]",0,3,0.0,0.0,0.0,0,0,0,4294967.295,3750000.384,0,1265,0,4.888261318206787,6.7744832038879395,0.0,0,state.GROUND_TESTING,11,-31,0,-29,0.0,0,0,"[10.2, 0.5, 15.9, 10.8, 16.5, 16.5, 0, 0]","[3.637, 3.638, 3.638]",0.284,"[2.9952, 3.3120000000000003, 5.0032000000000005, 7.36, 8.4464, 27.8304]","[0.03625, 0.54, -0.000625, -0.003125, -0.003125, 0.00625]",0,0,29.5,"[1, 1, 1, 1, 1, 1]",8.3472877280556,0.0,0.0,0,0.0
1774904208.6379864,"[1, 1, 1, 1, 1, 1]","[1291, 1500, 1500, 1500]","[-25.08, 0.0, 0.0, 0.0]","[0.0, 0.0, 0.0]",0,0.0,0,32.14909767150879,"[0.0, -1.61743164036, -12.84790038852]","[0, 0, 0]",0,3,0.0,0.0,0.0,0,0,0,4294967.295,3750000.384,0,1325,0,4.885810852050781,6.758004665374756,0.0,0,state.GROUND_TESTING,12,-32,0,-30,0.0,0,0,"[10.4, 0.5, 16.5, 10.8, 15.9, 17.0, 0, 0]","[3.637, 3.638, 3.638]",0.284,"[2.9952, 3.3120000000000003, 5.0032000000000005, 7.36, 8.4464, 27.8304]","[0.03625, 0.54, -0.000625, -0.003125, -0.003125, 0.00625]",0,0,29.5,"[1, 1, 1, 1, 1, 1]",8.332521788780332,0.0,0.0,0,0.0
1774904208.69148,"[1, 1, 1, 1, 1, 1]","[1291, 1500, 1500, 1500]","[-25.08, 0.0, 0.0, 0.0]","[0.0, 0.0, 0.0]",0,0.0,0,32.162213516235354,"[0.0, -11.07788085756, 1.31225585916]","[0, 0, 0]",0,3,0.0,0.0,0.0,0,0,0,4294967.295,3750000.384,0,1379,0,4.873569965362549,6.974461078643799,0.0,0,state.GROUND_TESTING,13,-36,0,-32,0.0,0,0,"[10.6, 0.5, 16.5, 10.6, 15.0, 15.9, 0, 0]","[3.637, 3.638, 3.638]",0.284,"[2.9952, 3.3104, 5.0048, 7.3616, 8.4384, 27.8288]","[0.035, 0.22625, -0.001875, 0.0, 0.00125, -0.004375]",0,0,29.5,"[1, 1, 1, 1, 1, 1]",8.501606036716309,0.0,0.0,0,0.0
1774904208.7572453,"[1, 1, 1, 1, 1, 1]","[1291, 1500, 1500, 1500]","[-25.08, 0.0, 0.0, 0.0]","[0.0, 0.0, 0.0]",0,0.0,0,32.15346961975098,"[0.0, -0.82397460924, 10.8337402326]","[0, 0, 0]",0,3,0.0,0.0,0.0,0,0,0,4294967.295,3750000.384,0,1439,0,4.886112689971924,7.076945781707764,0.0,0,state.GROUND_TESTING,14,-38,0,-36,0.0,0,0,"[10.8, 0.5, 16.5, 11.3, 15.5, 15.9, 0, 0]","[3.637, 3.638, 3.638]",0.284,"[2.9952, 3.3104, 5.0048, 7.3616, 8.4384, 27.8288]","[0.035, 0.22625, -0.001875, 0.0, 0.00125, -0.004375]",0,0,29.5,"[1, 1, 1, 1, 1, 1]",8.592768300163806,0.0,0.0,0,0.0
1774904208.815041,"[1, 1, 1, 1, 1, 1]","[1291, 1500, 1500, 1500]","[-25.08, 0.0, 0.0, 0.0]","[0.0, 0.0, 0.0]",0,0.0,0,32.15346961975098,"[0.0, -6.1340332021199995, -8.361816404879999]","[0, 0, 0]",0,3,0.0,0.0,0.0,0,0,0,4294967.295,3750000.384,0,1499,0,4.90625524520874,7.074518203735352,0.0,0,state.GROUND_TESTING,15,-37,0,-36,0.0,0,0,"[10.4, 0.5, 17.0, 10.0, 15.9, 18.2, 0, 0]","[3.637, 3.638, 3.638]",0.284,"[2.9984, 3.3120000000000003, 5.0016, 7.364800000000001, 8.456000000000001, 27.8288]","[0.0375, 0.2525, -0.00125, -0.0025, -0.0025, -0.001875]",0,0,29.5,"[1, 1, 1, 1, 1, 1]",8.60218784444511,0.0,0.0,0,0.0
1774904208.8778422,"[1, 1, 1, 1, 1, 1]","[1291, 1500, 1500, 1500]","[-25.08, 0.0, 0.0, 0.0]","[0.0, 0.0, 0.0]",0,0.0,0,32.17095741271973,"[0.0, -5.7678222646799995, -2.01416015592]","[0, 0, 0]",0,3,0.0,0.0,0.0,0,0,0,4294967.295,3750000.384,0,1559,0,5.246829509735107,7.263719081878662,0.0,0,state.GROUND_TESTING,16,-36,0,-35,0.0,0,0,"[10.4, 0.5, 15.9, 10.4, 15.5, 17.0, 0, 0]","[3.637, 3.638, 3.638]",0.284,"[2.9968000000000004, 3.3136, 5.0048, 7.364800000000001, 8.4608, 27.8256]","[0.03375, 0.2425, 0.00125, -0.003125, 0.000625, 0.0025]",0,0,29.5,"[1, 1, 1, 1, 1, 1]",8.952268432276881,0.0,0.0,0,0.0
1774904208.9310267,"[1, 1, 1, 1, 1, 1]","[1291, 1500, 1500, 1500]","[-25.08, 0.0, 0.0, 0.0]","[0.0, 0.0, 0.0]",0,0.0,0,32.15346961975098,"[0.0, -10.10131835772, -1.09863281232]","[0, 0, 0]",0,3,0.0,0.0,0.0,0,0,0,4294967.295,3750000.384,0,1613,0,5.261221885681152,7.6315460205078125,0.0,0,state.GROUND_TESTING,17,-35,0,-34,0.0,0,0,"[10.4, 0.5, 15.9, 10.8, 15.9, 18.2, 0, 0]","[3.637, 3.638, 3.638]",0.284,"[2.9968000000000004, 3.3136, 5.0048, 7.364800000000001, 8.4608, 27.8256]","[0.03375, 0.2425, 0.00125, -0.003125, 0.000625, 0.0025]",0,0,29.5,"[1, 1, 1, 1, 1, 1]",9.26050598262542,0.0,0.0,0,0.0
1774904208.9910495,"[1, 1, 1, 1, 1, 1]","[1291, 1500, 1500, 1500]","[-25.08, 0.0, 0.0, 0.0]","[0.0, 0.0, 0.0]",0,0.0,0,32.15784156799317,"[0.0, -4.36401367116, 4.6691894523599995]","[0, 0, 0]",0,3,0.0,0.0,0.0,0,0,0,4294967.295,3750000.384,0,1673,0,5.035370826721191,7.947107315063477,0.0,0,state.GROUND_TESTING,18,-34,0,-33,0.0,0,0,"[10.4, 0.5, 17.0, 10.6, 15.9, 17.0, 0, 0]","[3.637, 3.638, 3.638]",0.284,"[2.9936000000000003, 3.3104, 5.0016, 7.36, 8.440000000000001, 27.8256]","[0.035625000000000004, 0.2575, -0.001875, -0.000625, 0.0025, 0.0]",0,0,29.5,"[1, 1, 1, 1, 1, 1]",9.399392739967553,0.0,0.0,0,0.0
1774904209.0480576,"[1, 1, 1, 1, 1, 1]","[1291, 1500, 1500, 1500]","[-25.08, 0.0, 0.0, 0.0]","[0.0, 0.0, 0.0]",0,0.0,0,32.17532936096191,"[0.0, 7.4768066393999995, 8.78906249856]","[0, 0, 0]",0,3,0.0,0.0,0.0,0,0,0,4294967.295,3750000.384,0,1733,0,5.144921779632568,7.908666610717773,0.0,0,state.GROUND_TESTING,19,-32,0,-32,0.0,0,0,"[10.4, 0.5, 17.0, 10.8, 15.9, 17.0, 0, 0]","[3.637, 3.638, 3.638]",0.284,"[2.9936000000000003, 3.3104, 5.0016, 7.36, 8.440000000000001, 27.8256]","[0.035625000000000004, 0.2575, -0.001875, -0.000625, 0.0025, 0.0]",0,0,29.5,"[1, 1, 1, 1, 1, 1]",9.425964783027556,0.0,0.0,0,0.0
1774904209.107591,"[1, 1, 1, 1, 1, 1]","[1291, 1500, 1500, 1500]","[-25.08, 0.0, 0.0, 0.0]","[0.0, 0.0, 0.0]",0,0.0,0,32.15784156799317,"[0.0, -2.5939941402, -9.85717773276]","[0, 0, 0]",0,3,0.0,0.0,0.0,0,0,0,4294967.295,3750000.384,0,1793,0,4.965497970581055,7.818934917449951,0.0,0,state.GROUND_TESTING,20,-30,0,-30,0.0,0,0,"[11.1, 0.5, 17.0, 10.4, 15.5, 17.0, 0, 0]","[3.637, 3.638, 3.638]",0.284,"[2.9968000000000004, 3.3104, 5.0016, 7.364800000000001, 8.4496, 27.8272]","[0.035, 0.576875, -0.005, -0.00125, -0.0025, -0.00375]",0,0,29.5,"[1, 1, 1, 1, 1, 1]",9.254112014110875,0.0,0.0,0,0.0
1774904209.1596105,"[1, 1, 1, 1, 1, 1]","[1291, 1500, 1500, 1500]","[-25.08, 0.0, 0.0, 0.0]","[0.0, 0.0, 0.0]",0,0.0,0,32.16658546447754,"[0.0, 1.73950195284, 10.070800779599999]","[0, 0, 0]",0,3,0.0,0.0,0.0,0,0,0,4294967.295,3750000.384,0,1847,0,5.062052249908447,7.797325611114502,0.0,0,state.GROUND_TESTING,21,-32,0,-29,0.0,0,0,"[10.4, 0.5, 16.5, 10.4, 17.0, 15.5, 0, 0]","[3.637, 3.638, 3.638]",0.284,"[2.9968000000000004, 3.3104, 5.0016, 7.364800000000001, 8.4496, 27.8272]","[0.035, 0.576875, -0.005, -0.00125, -0.0025, -0.00375]",0,0,29.5,"[1, 1, 1, 1, 1, 1]",9.287851865183777,0.0,0.0,0,0.0
1774904209.2201467,"[1, 1, 1, 1, 1, 1]","[1291, 1500, 1500, 1500]","[-25.08, 0.0, 0.0, 0.0]","[0.0, 0.0, 0.0]",0,0.0,0,32.17532936096191,"[0.0, -0.64086914052, 15.47241210684]","[0, 0, 0]",0,3,0.0,0.0,0.0,0,0,0,4294967.295,3750000.384,0,1907,0,5.145357608795166,7.736291408538818,0.0,0,state.GROUND_TESTING,22,-36,0,-34,0.0,0,0,"[10.6, 0.5, 16.5, 10.6, 15.9, 16.5, 0, 0]","[3.637, 3.638, 3.638]",0.284,"[2.9968000000000004, 3.3120000000000003, 5.0048, 7.3584000000000005, 8.456000000000001, 27.8272]","[0.035, 0.545, -0.000625, -0.003125, 0.00125, 0.010625]",0,0,29.5,"[1, 1, 1, 1, 1, 1]",9.282442409191148,0.0,0.0,0,0.0
1774904209.2796643,"[1, 1, 1, 1, 1, 1]","[1291, 1500, 1500, 1500]","[-25.08, 0.0, 0.0, 0.0]","[0.0, 0.0, 0.0]",0,0.0,0,32.16658546447754,"[0.0, -1.80053710908, 5.7983398428]","[0, 0, 0]",0,3,0.0,0.0,0.0,0,0,0,4294967.295,3750000.384,0,1967,0,5.308910846710205,7.855887413024902,0.0,0,state.GROUND_TESTING,23,-35,0,-34,0.0,0,0,"[10.8, 0.5, 16.5, 10.6, 15.5, 17.0, 0, 0]","[3.637, 3.638, 3.638]",0.284,"[2.9968000000000004, 3.3120000000000003, 5.0048, 7.3584000000000005, 8.456000000000001, 27.8272]","[0.035, 0.545, -0.000625, -0.003125, 0.00125, 0.010625]",0,0,29.5,"[1, 1, 1, 1, 1, 1]",9.47219937034559,0.0,0.0,0,0.0
1774904209.3413959,"[1, 1, 1, 1, 1, 1]","[1291, 1500, 1500, 1500]","[-25.08, 0.0, 0.0, 0.0]","[0.0, 0.0, 0.0]",0,0.0,0,32.16658546447754,"[0.0, -1.80053710908, 2.07519531216]","[0, 0, 0]",0,3,0.0,0.0,0.0,0,0,0,4294967.295,3750000.384,0,2027,0,5.584165096282959,8.00055980682373,0.0,0,state.GROUND_TESTING,24,-33,0,-32,0.0,0,0,"[10.4, 0.5, 17.0, 10.6, 15.9, 16.5, 0, 0]","[3.637, 3.638, 3.638]",0.284,"[2.992, 3.3120000000000003, 5.0032000000000005, 7.3616, 8.4336, 27.8288]","[0.035, 0.5825, -0.000625, -0.004375, -0.00125, 0.01125]",0,0,29.5,"[1, 1, 1, 1, 1, 1]",9.746219499802999,0.0,0.0,0,0.0
1774904209.393467,"[1, 1, 1, 1, 1, 1]","[1291, 1500, 1500, 1500]","[-25.08, 0.0, 0.0, 0.0]","[0.0, 0.0, 0.0]",0,0.0,0,32.14909767150879,"[0.0, -7.1716308582, -12.45117187296]","[0, 0, 0]",0,3,0.0,0.0,0.0,0,0,0,4294967.295,3750000.384,0,2081,0,5.610167980194092,7.917379379272461,0.0,0,state.GROUND_TESTING,25,-32,0,-29,0.0,0,0,"[10.4, 0.5, 15.9, 10.6, 15.0, 17.6, 0, 0]","[3.637, 3.638, 3.638]",0.284,"[2.992, 3.3120000000000003, 5.0032000000000005, 7.3616, 8.4336, 27.8288]","[0.035, 0.5825, -0.000625, -0.004375, -0.00125, 0.01125]",0,0,29.5,"[1, 1, 1, 1, 1, 1]",9.693202094281038,0.0,0.0,0,0.0
1774904209.4534714,"[1, 1, 1, 1, 1, 1]","[1291, 1500, 1500, 1500]","[-25.08, 0.0, 0.0, 0.0]","[0.0, 0.0, 0.0]",0,0.0,0,32.162213516235354,"[0.0, 2.77709960892, -2.77709960892]","[0, 0, 0]",0,3,0.0,0.0,0.0,0,0,0,4294967.295,3750000.384,0,2141,0,5.44387674331665,7.943000316619873,0.0,0,state.GROUND_TESTING,26,-30,0,-30,0.0,0,0,"[10.2, 0.5, 17.0, 10.6, 15.5, 16.5, 0, 0]","[3.637, 3.638, 3.638]",0.284,"[2.9952, 3.3104, 5.0048, 7.368, 8.4608, 27.8288]","[0.031875, 0.228125, -0.004375, -0.00125, -0.0025, 0.008125]",0,0,29.5,"[1, 1, 1, 1, 1, 1]",9.619606885440136,0.0,0.0,0,0.0
1774904209.5169914,"[1, 1, 1, 1, 1, 1]","[1291, 1500, 1500, 1500]","[-25.08, 0.0, 0.0, 0.0]","[0.0, 0.0, 0.0]",0,0.0,0,32.16658546447754,"[0.0, -2.41088867148, 1.89208984344]","[0, 0, 0]",0,3,0.0,0.0,0.0,0,0,0,4294967.295,3750000.384,0,2201,0,5.6480302810668945,7.991819381713867,0.0,0,state.GROUND_TESTING,27,-29,0,-27,0.0,0,0,"[10.6, 0.5, 17.0, 10.4, 16.5, 16.5, 0, 0]","[3.637, 3.638, 3.638]",0.284,"[2.9968000000000004, 3.3088, 5.0032000000000005, 7.364800000000001, 8.4384, 27.8272]","[0.034375, 0.2025, 0.00125, -0.005, -0.00125, 0.000625]",0,0,29.5,"[1, 1, 1, 1, 1, 1]",9.775589008029156,0.0,0.0,0,0.0
1774904209.576526,"[1, 1, 1, 1, 1, 1]","[1291, 1500, 1500, 1500]","[-25.08, 0.0, 0.0, 0.0]","[0.0, 0.0, 0.0]",0,0.0,0,32.14909767150879,"[0.0, 10.16235351396, -0.54931640616]","[0, 0, 0]",0,3,0.0,0.0,0.0,0,0,0,4294967.295,3750000.384,0,2261,0,5.725846767425537,7.921629905700684,0.0,0,state.GROUND_TESTING,28,-29,0,-26,0.0,0,0,"[10.6, 0.5, 15.9, 10.4, 16.5, 15.5, 0, 0]","[3.637, 3.638, 3.638]",0.284,"[2.9968000000000004, 3.3088, 5.0032000000000005, 7.364800000000001, 8.4384, 27.8272]","[0.034375, 0.2025, 0.00125, -0.005, -0.00125, 0.000625]",0,0,29.5,"[1, 1, 1, 1, 1, 1]",9.763617896778541,0.0,0.0,0,0.0
1774904209.6285264,"[1, 1, 1, 1, 1, 1]","[1291, 1500, 1500, 1500]","[-25.08, 0.0, 0.0, 0.0]","[0.0, 0.0, 0.0]",0,0.0,0,32.17532936096191,"[0.0, 7.1105957019599995, -0.9155273436]","[0, 0, 0]",0,3,0.0,0.0,0.0,0,0,0,4294967.295,3750000.384,0,2315,0,5.607326030731201,8.05727767944336,0.0,0,state.GROUND_TESTING,29,-30,0,-28,0.0,0,0,"[10.6, 0.5, 15.5, 10.6, 16.5, 15.9, 0, 0]","[3.637, 3.638, 3.638]",0.284,"[2.9968000000000004, 3.3120000000000003, 5.0032000000000005, 7.3632, 8.448, 27.8272]","[0.031875, 0.24, -0.000625, -0.005, -0.0025, 0.000625]",0,0,29.5,"[1, 1, 1, 1, 1, 1]",9.805822765151653,0.0,0.0,0,0.0
1774904209.6880565,"[1, 1, 1, 1, 1, 1]","[1291, 1500, 1500, 1500]","[-25.08, 0.0, 0.0, 0.0]","[0.0, 0.0, 0.0]",0,0.0,0,32.17532936096191,"[0.0, 1.92260742156, 7.8430175768399994]","[0, 0, 0]",0,3,0.0,0.0,0.0,0,0,0,4294967.295,3750000.384,0,2375,0,5.945461273193359,8.085348129272461,0.0,0,state.GROUND_TESTING,30,-30,0,-29,0.0,0,0,"[10.4, 0.5, 16.5, 10.4, 15.9, 17.0, 0, 0]","[3.637, 3.638, 3.638]",0.284,"[2.9968000000000004, 3.3120000000000003, 5.0032000000000005, 7.3632, 8.448, 27.8272]","[0.031875, 0.24, -0.000625, -0.005, -0.0025, 0.000625]",0,0,29.5,"[1, 1, 1, 1, 1, 1]",10.024282720889438,0.0,0.0,0,0.0
1774904209.751055,"[1, 1, 1, 1, 1, 1]","[1291, 1500, 1500, 1500]","[-25.08, 0.0, 0.0, 0.0]","[0.0, 0.0, 0.0]",0,0.0,0,32.162213516235354,"[0.0, -3.2043457026, -6.31713867084]","[0, 0, 0]",0,3,0.0,0.0,0.0,0,0,0,4294967.295,3750000.384,0,2435,0,5.872236728668213,8.138472557067871,0.0,0,state.GROUND_TESTING,31,-28,0,-28,0.0,0,0,"[10.8, 0.5, 17.0, 10.4, 16.5, 17.0, 0, 0]","[3.637, 3.638, 3.638]",0.284,"[2.9968000000000004, 3.3120000000000003, 5.0032000000000005, 7.3664000000000005, 8.4512, 27.8256]","[0.0325, 0.255, -0.00375, -0.0025, -0.0025, -0.00125]",0,0,29.5,"[1, 1, 1, 1, 1, 1]",10.024246185235953,0.0,0.0,0,0.0
1774904209.8095863,"[1, 1, 1, 1, 1, 1]","[1291, 1500, 1500, 1500]","[-25.08, 0.0, 0.0, 0.0]","[0.0, 0.0, 0.0]",0,0.0,0,32.1797013092041,"[0.0, 13.33618163844, 9.70458984216]","[0, 0, 0]",0,3,0.0,0.0,0.0,0,0,0,4294967.295,3750000.384,0,2495,0,5.940292835235596,8.167768478393555,0.0,0,state.GROUND_TESTING,32,-25,0,-25,0.0,0,0,"[10.8, 0.5, 17.0, 10.6, 16.5, 17.6, 0, 0]","[3.637, 3.638, 3.638]",0.284,"[2.9968000000000004, 3.3120000000000003, 5.0032000000000005, 7.3664000000000005, 8.4512, 27.8256]","[0.0325, 0.255, -0.00375, -0.0025, -0.0025, -0.00125]",0,0,29.5,"[1, 1, 1, 1, 1, 1]",10.087615854679042,0.0,0.0,0,0.0
1774904209.8647995,"[1, 1, 1, 1, 1, 1]","[1291, 1500, 1500, 1500]","[-25.08, 0.0, 0.0, 0.0]","[0.0, 0.0, 0.0]",0,0.0,0,32.15346961975098,"[0.0, -19.13452148124, -5.37109374912]","[0, 0, 0]",0,3,0.0,0.0,0.0,0,0,0,4294967.295,3750000.384,0,2549,0,6.125846862792969,8.913561820983887,0.0,0,state.GROUND_TESTING,33,-25,0,-24,0.0,0,0,"[10.4, 0.5, 16.5, 10.8, 15.5, 17.6, 0, 0]","[3.637, 3.638, 3.638]",0.284,"[2.9968000000000004, 3.3120000000000003, 5.0048, 7.3632, 8.4544, 27.8272]","[0.0375, 0.5806250000000001, -0.00125, -0.000625, 0.00375, 0.000625]",0,0,29.5,"[1, 1, 1, 1, 1, 1]",10.801579777150868,0.0,0.0,0,0.0
1774904209.9225607,"[1, 1, 1, 1, 1, 1]","[1291, 1500, 1500, 1500]","[-25.08, 0.0, 0.0, 0.0]","[0.0, 0.0, 0.0]",0,0.0,0,32.17095741271973,"[0.0, -3.99780273372, 4.85229492108]","[0, 0, 0]",0,3,0.0,0.0,0.0,0,0,0,4294967.295,3750000.384,0,2609,0,6.128881454467773,9.056992530822754,0.0,0,state.GROUND_TESTING,34,-24,0,-24,0.0,0,0,"[10.6, 0.5, 17.0, 10.4, 15.9, 16.5, 0, 0]","[3.637, 3.638, 3.638]",0.284,"[2.9968000000000004, 3.3120000000000003, 5.0048, 7.3632, 8.4544, 27.8272]","[0.0375, 0.5806250000000001, -0.00125, -0.000625, 0.00375, 0.000625]",0,0,29.5,"[1, 1, 1, 1, 1, 1]",10.921477526428063,0.0,0.0,0,0.0
1774904209.9832644,"[1, 1, 1, 1, 1, 1]","[1291, 1500, 1500, 1500]","[-25.08, 0.0, 0.0, 0.0]","[0.0, 0.0, 0.0]",0,0.0,0,32.14909767150879,"[0.0, -9.49096679532, 3.57055664004]","[0, 0, 0]",0,3,0.0,0.0,0.0,0,0,0,4294967.295,3750000.384,0,2669,0,6.122763156890869,9.113748550415039,0.0,0,state.GROUND_TESTING,35,-24,0,-23,0.0,0,0,"[10.4, 0.5, 17.0, 10.4, 15.9, 16.5, 0, 0]","[3.637, 3.638, 3.638]",0.284,"[2.9952, 3.3104, 5.0032000000000005, 7.3632, 8.4304, 27.8272]","[0.031875, 0.5725, -0.00375, -0.001875, -0.00625, 0.00125]",0,0,29.5,"[1, 1, 1, 1, 1, 1]",10.965021458901985,0.0,0.0,0,0.0
1774904210.0423777,"[1, 1, 1, 1, 1, 1]","[1291, 1500, 1500, 1500]","[-25.08, 0.0, 0.0, 0.0]","[0.0, 0.0, 0.0]",0,0.0,0,32.15346961975098,"[0.0, -9.3078613266, -10.2233886702]","[0, 0, 0]",0,3,0.0,0.0,0.0,0,0,0,4294967.295,3750000.384,0,2729,0,5.982393741607666,9.342009544372559,0.0,0,state.GROUND_TESTING,36,-24,0,-23,0.0,0,0,"[10.4, 0.5, 15.9, 10.6, 16.5, 17.6, 0, 0]","[3.637, 3.638, 3.638]",0.284,"[2.9952, 3.3104, 5.0032000000000005, 7.3632, 8.4304, 27.8272]","[0.031875, 0.5725, -0.00375, -0.001875, -0.00625, 0.00125]",0,0,29.5,"[1, 1, 1, 1, 1, 1]",11.07899971055124,0.0,0.0,0,0.0
1774904210.0963452,"[1, 1, 1, 1, 1, 1]","[1291, 1500, 1500, 1500]","[-25.08, 0.0, 0.0, 0.0]","[0.0, 0.0, 0.0]",0,0.0,0,32.14909767150879,"[0.0, -9.3078613266, -12.268066404239999]","[0, 0, 0]",0,3,0.0,0.0,0.0,0,0,0,4294967.295,3750000.384,0,2783,0,5.804740905761719,9.479223251342773,0.0,0,state.GROUND_TESTING,37,-24,0,-24,0.0,0,0,"[10.6, 0.5, 16.5, 10.8, 15.5, 17.6, 0, 0]","[3.637, 3.638, 3.638]",0.284,"[2.9952, 3.3120000000000003, 5.0048, 7.364800000000001, 8.456000000000001, 27.832]","[0.030625, 0.29812500000000003, -0.0025, -0.00125, 0.004375, 0.0]",0,0,29.5,"[1, 1, 1, 1, 1, 1]",11.101463400546436,0.0,0.0,0,0.0
1774904212.1261318,"[1, 1, 1, 1, 1, 1]","[1291, 1500, 1500, 1500]","[-25.08, 0.0, 0.0, 0.0]","[0.0, 0.0, 0.0]",0,0.0,0,32.2146768951416,"[0.0, 2.71606445268, -7.62939453]","[0, 0, 0]",0,0,0.0,0.0,0.0,0,0,0,0.0,0.0,0,678,0,-5.174835205078125,-1.8422414064407349,0.0,0,state.GROUND_TESTING,1,-24,0,-99,0.0,0,0,"[10.4, 0.5, 15.9, 10.6, 16.5, 17.0, 0, 0]","[0.0, 0.0, 0.0]",-0.0,"[0.0, 0.0, 0.0, 0.0, 0.0, 0.0]","[0.0, 0.0, 0.0, 0.0, 0.0, 0.0]",0,0,0.0,"[1, 1, 1, 1, 1, 1]",5.49213427424681,0.0,0.0,0,0.0
1774904212.185144,"[1, 1, 1, 1, 1, 1]","[1291, 1500, 1500, 1500]","[-25.08, 0.0, 0.0, 0.0]","[0.0, 0.0, 0.0]",0,0.0,0,32.245280532836915,"[0.0, -11.444091795, -8.72802734232]","[0, 0, 0]",0,3,0.0,0.0,0.0,0,0,0,4294967.295,3750000.384,0,737,0,-5.184623718261719,-1.5179122686386108,0.0,0,state.GROUND_TESTING,2,-24,0,-23,0.0,0,0,"[10.4, 0.5, 17.0, 11.1, 16.5, 16.5, 0, 0]","[0.0, 0.0, 0.0]",-0.0,"[0.0, 0.0, 0.0, 0.0, 0.0, 0.0]","[0.0, 0.0, 0.0, 0.0, 0.0, 0.0]",0,0,0.0,"[1, 1, 1, 1, 1, 1]",5.401674584760029,0.0,0.0,0,0.0
1774904212.2456717,"[1, 1, 1, 1, 1, 1]","[1291, 1500, 1500, 1500]","[-25.08, 0.0, 0.0, 0.0]","[0.0, 0.0, 0.0]",0,0.0,0,32.245280532836915,"[0.0, 8.02612304556, 5.43212890536]","[0, 0, 0]",0,3,0.0,0.0,0.0,0,0,0,4294967.295,3750000.384,0,797,0,-5.108904838562012,-1.5325672626495361,0.0,0,state.GROUND_TESTING,3,-24,0,-23,0.0,0,0,"[10.2, 0.5, 15.9, 11.1, 15.9, 16.5, 0, 0]","[3.637, 3.638, 3.638]",0.284,"[2.9952, 3.3104, 5.0032000000000005, 7.3616, 8.4544, 27.8272]","[0.033125, 0.2575, -0.003125, -0.000625, 0.000625, -0.000625]",0,0,29.5,"[1, 1, 1, 1, 1, 1]",5.333239411981314,0.0,0.0,0,0.0
1774904212.3092086,"[1, 1, 1, 1, 1, 1]","[1291, 1500, 1500, 1500]","[-25.08, 0.0, 0.0, 0.0]","[0.0, 0.0, 0.0]",0,0.0,0,32.28025611877442,"[0.0, -2.96020507764, -16.1743164036]","[0, 0, 0]",0,3,0.0,0.0,0.0,0,0,0,4294967.295,3750000.384,0,857,0,-5.0313720703125,-1.4953421354293823,0.0,0,state.GROUND_TESTING,4,-24,0,-23,0.0,0,0,"[11.1, 0.5, 17.0, 10.4, 15.5, 15.5, 0, 0]","[3.637, 3.638, 3.638]",0.284,"[2.9952, 3.3104, 5.0032000000000005, 7.3616, 8.4544, 27.8272]","[0.033125, 0.2575, -0.003125, -0.000625, 0.000625, -0.000625]",0,0,29.5,"[1, 1, 1, 1, 1, 1]",5.248333276545604,0.0,0.0,0,0.0
1774904212.3590188,"[1, 1, 1, 1, 1, 1]","[1291, 1500, 1500, 1500]","[-25.08, 0.0, 0.0, 0.0]","[0.0, 0.0, 0.0]",0,0.0,0,32.27588417053223,"[0.0, 3.5095214838, -6.68334960828]","[0, 0, 0]",0,3,0.0,0.0,0.0,0,0,0,4294967.295,3750000.384,0,911,0,-4.929075717926025,-1.3942341804504395,0.0,0,state.GROUND_TESTING,5,-23,0,-23,0.0,0,0,"[10.4, 0.5, 17.6, 10.6, 15.5, 17.6, 0, 0]","[3.637, 3.638, 3.638]",0.284,"[2.9968000000000004, 3.3136, 5.0048, 7.3664000000000005, 8.459200000000001, 27.8256]","[0.028125, 0.59375, 0.0, 0.005625, 0.000625, 0.000625]",0,0,29.5,"[1, 1, 1, 1, 1, 1]",5.121999443959789,0.0,0.0,0,0.0
1774904212.419065,"[1, 1, 1, 1, 1, 1]","[1291, 1500, 1500, 1500]","[-25.08, 0.0, 0.0, 0.0]","[0.0, 0.0, 0.0]",0,0.0,0,32.28025611877442,"[0.0, -0.39672851556, -13.03100585724]","[0, 0, 0]",0,3,0.0,0.0,0.0,0,0,0,4294967.295,3750000.384,0,971,0,-4.896446704864502,-1.3228188753128052,0.0,0,state.GROUND_TESTING,6,-24,0,-23,0.0,0,0,"[10.4, 0.5, 16.5, 10.4, 15.5, 15.9, 0, 0]","[3.637, 3.638, 3.638]",0.284,"[2.9968000000000004, 3.3136, 5.0048, 7.3664000000000005, 8.459200000000001, 27.8256]","[0.028125, 0.59375, 0.0, 0.005625, 0.000625, 0.000625]",0,0,29.5,"[1, 1, 1, 1, 1, 1]",5.071565637367575,0.0,0.0,0,0.0
1774904212.483065,"[1, 1, 1, 1, 1, 1]","[1291, 1500, 1500, 1500]","[-25.08, 0.0, 0.0, 0.0]","[0.0, 0.0, 0.0]",0,0.0,0,32.2846280670166,"[0.0, 12.17651366988, 8.20922851428]","[0, 0, 0]",0,3,0.0,0.0,0.0,0,0,0,4294967.295,3750000.384,0,1031,0,-4.934600353240967,-1.2953412532806396,0.0,0,state.GROUND_TESTING,7,-24,0,-23,0.0,0,0,"[10.8, 0.5, 16.5, 10.6, 15.5, 17.0, 0, 0]","[3.637, 3.638, 3.638]",0.284,"[2.9968000000000004, 3.3136, 5.0048, 7.3632, 8.448, 27.8256]","[0.036875, 0.583125, -0.0025, 0.0, 0.00125, -0.005]",0,0,29.5,"[1, 1, 1, 1, 1, 1]",5.101376164685434,0.0,0.0,0,0.0
1774904212.5435896,"[1, 1, 1, 1, 1, 1]","[1291, 1500, 1500, 1500]","[-25.08, 0.0, 0.0, 0.0]","[0.0, 0.0, 0.0]",0,0.0,0,32.293371963500974,"[0.0, -2.83813476516, -6.31713867084]","[0, 0, 0]",0,3,0.0,0.0,0.0,0,0,0,4294967.295,3750000.384,0,1091,0,-4.95747184753418,-1.1989063024520874,0.0,0,state.GROUND_TESTING,8,-23,0,-23,0.0,0,0,"[10.6, 0.5, 16.5, 10.6, 15.9, 17.0, 0, 0]","[3.637, 3.638, 3.638]",0.284,"[2.9968000000000004, 3.3136, 5.0048, 7.3632, 8.448, 27.8256]","[0.036875, 0.583125, -0.0025, 0.0, 0.00125, -0.005]",0,0,29.5,"[1, 1, 1, 1, 1, 1]",5.100030843245018,0.0,0.0,0,0.0
1774904212.5931194,"[1, 1, 1, 1, 1, 1]","[1291, 1500, 1500, 1500]","[-25.08, 0.0, 0.0, 0.0]","[0.0, 0.0, 0.0]",0,0.0,0,32.28025611877442,"[0.0, 2.10571289028, 11.38305663876]","[0, 0, 0]",0,3,0.0,0.0,0.0,0,0,0,4294967.295,3750000.384,0,1145,0,-4.908989906311035,-1.3140021562576294,0.0,0,state.GROUND_TESTING,9,-23,0,-23,0.0,0,0,"[10.8, 0.5, 16.5, 10.6, 15.5, 17.0, 0, 0]","[3.637, 3.638, 3.638]",0.284,"[2.9952, 3.3136, 5.0048, 7.36, 8.432, 27.8272]","[0.034375, 0.2425, -0.0025, -0.003125, 0.000625, -0.000625]",0,0,29.5,"[1, 1, 1, 1, 1, 1]",5.081393166582819,0.0,0.0,0,0.0
1774904212.6551309,"[1, 1, 1, 1, 1, 1]","[1291, 1500, 1500, 1500]","[-25.08, 0.0, 0.0, 0.0]","[0.0, 0.0, 0.0]",0,0.0,0,32.293371963500974,"[0.0, -6.31713867084, 1.89208984344]","[0, 0, 0]",0,3,0.0,0.0,0.0,0,0,0,4294967.295,3750000.384,0,1205,0,-4.918778896331787,-1.3420805931091309,0.0,0,state.GROUND_TESTING,10,-23,0,-23,0.0,0,0,"[10.6, 0.5, 15.9, 10.4, 15.9, 17.0, 0, 0]","[3.637, 3.638, 3.638]",0.284,"[2.9952, 3.3136, 5.0048, 7.36, 8.432, 27.8272]","[0.034375, 0.2425, -0.0025, -0.003125, 0.000625, -0.000625]",0,0,29.5,"[1, 1, 1, 1, 1, 1]",5.098150536579365,0.0,0.0,0,0.0
1774904212.7132273,"[1, 1, 1, 1, 1, 1]","[1291, 1500, 1500, 1500]","[-25.08, 0.0, 0.0, 0.0]","[0.0, 0.0, 0.0]",0,0.0,0,32.29774391174316,"[0.0, 7.2326660144399995, 6.16455078024]","[0, 0, 0]",0,3,0.0,0.0,0.0,0,0,0,4294967.295,3750000.384,0,1265,0,-4.790865421295166,-1.5062777996063232,0.0,0,state.GROUND_TESTING,11,-23,0,-23,0.0,0,0,"[10.4, 0.5, 17.0, 10.4, 16.5, 17.0, 0, 0]","[3.637, 3.638, 3.638]",0.284,"[2.9952, 3.3136, 5.0032000000000005, 7.3696, 8.456000000000001, 27.824]","[0.03625, 0.24375, -0.0025, -0.00125, -0.000625, 0.0025]",0,0,29.5,"[1, 1, 1, 1, 1, 1]",5.021550938390363,0.0,0.0,0,0.0
1774904212.7772272,"[1, 1, 1, 1, 1, 1]","[1291, 1500, 1500, 1500]","[-25.08, 0.0, 0.0, 0.0]","[0.0, 0.0, 0.0]",0,0.0,0,32.29774391174316,"[0.0, -0.4577636718, -14.31274413828]","[0, 0, 0]",0,3,0.0,0.0,0.0,0,0,0,4294967.295,3750000.384,0,1325,0,-4.867753505706787,-1.5184723138809204,0.0,0,state.GROUND_TESTING,12,-23,0,-23,0.0,0,0,"[10.4, 0.5, 15.9, 10.4, 16.5, 17.0, 0, 0]","[3.637, 3.638, 3.638]",0.284,"[2.9952, 3.3104, 5.0048, 7.368, 8.4304, 27.8256]","[0.03125, 0.224375, -0.005, -0.00375, -0.000625, -0.00125]",0,0,29.5,"[1, 1, 1, 1, 1, 1]",5.098551935515804,0.0,0.0,0,0.0
1774904212.8267643,"[1, 1, 1, 1, 1, 1]","[1291, 1500, 1500, 1500]","[-25.08, 0.0, 0.0, 0.0]","[0.0, 0.0, 0.0]",0,0.0,0,32.27151222229004,"[0.0, 6.8664550769999995, 5.24902343664]","[0, 0, 0]",0,3,0.0,0.0,0.0,0,0,0,4294967.295,3750000.384,0,1379,0,-4.902928829193115,-1.4157476425170898,0.0,0,state.GROUND_TESTING,13,-23,0,-23,0.0,0,0,"[10.6, 0.5, 17.6, 10.6, 16.5, 17.6, 0, 0]","[3.637, 3.638, 3.638]",0.284,"[2.9952, 3.3104, 5.0048, 7.368, 8.4304, 27.8256]","[0.03125, 0.224375, -0.005, -0.00375, -0.000625, -0.00125]",0,0,29.5,"[1, 1, 1, 1, 1, 1]",5.1027597989434375,0.0,0.0,0,0.0
1774904212.8914788,"[1, 1, 1, 1, 1, 1]","[1291, 1500, 1500, 1500]","[-25.08, 0.0, 0.0, 0.0]","[0.0, 0.0, 0.0]",0,0.0,0,32.262768325805666,"[0.0, -10.46752929516, 1.70898437472]","[0, 0, 0]",0,3,0.0,0.0,0.0,0,0,0,4294967.295,3750000.384,0,1439,0,-4.789999485015869,-1.3424793481826782,0.0,0,state.GROUND_TESTING,14,-23,0,-23,0.0,0,0,"[10.4, 0.5, 17.0, 10.4, 15.0, 15.5, 0, 0]","[3.637, 3.638, 3.638]",0.284,"[2.9952, 3.3120000000000003, 5.0016, 7.3632, 8.457600000000001, 27.8256]","[0.02875, 0.23625000000000002, -0.0025, 0.00125, 0.0, -0.000625]",0,0,29.5,"[1, 1, 1, 1, 1, 1]",4.974147666607818,0.0,0.0,0,0.0
1774904212.9515138,"[1, 1, 1, 1, 1, 1]","[1291, 1500, 1500, 1500]","[-25.08, 0.0, 0.0, 0.0]","[0.0, 0.0, 0.0]",0,0.0,0,32.31523170471191,"[0.0, 8.63647460796, 4.85229492108]","[0, 0, 0]",0,3,0.0,0.0,0.0,0,0,0,4294967.295,3750000.384,0,1499,0,-4.29501485824585,-1.4389104843139648,0.0,0,state.GROUND_TESTING,15,-23,0,-23,0.0,0,0,"[10.8, 0.5, 15.5, 10.6, 15.9, 15.9, 0, 0]","[3.637, 3.638, 3.638]",0.284,"[2.9952, 3.3120000000000003, 5.0016, 7.3632, 8.457600000000001, 27.8256]","[0.02875, 0.23625000000000002, -0.0025, 0.00125, 0.0, -0.000625]",0,0,29.5,"[1, 1, 1, 1, 1, 1]",4.5292092241731705,0.0,0.0,0,0.0
1774904213.0090566,"[1, 1, 1, 1, 1, 1]","[1291, 1500, 1500, 1500]","[-25.08, 0.0, 0.0, 0.0]","[0.0, 0.0, 0.0]",0,0.0,0,32.267140274047854,"[0.0, -7.90405273308, -3.90624999936]","[0, 0, 0]",0,3,0.0,0.0,0.0,0,0,0,4294967.295,3750000.384,0,1559,0,-4.342288017272949,-1.3491917848587036,0.0,0,state.GROUND_TESTING,16,-23,0,-23,0.0,0,0,"[10.4, 0.5, 16.5, 10.2, 15.9, 15.9, 0, 0]","[3.637, 3.638, 3.638]",0.284,"[2.9952, 3.3120000000000003, 5.0032000000000005, 7.3632, 8.440000000000001, 27.8288]","[0.03125, 0.278125, -0.0025, -0.003125, -0.003125, -0.000625]",0,0,29.5,"[1, 1, 1, 1, 1, 1]",4.546679789732424,0.0,0.0,0,0.0
1774904213.061055,"[1, 1, 1, 1, 1, 1]","[1291, 1500, 1500, 1500]","[-25.08, 0.0, 0.0, 0.0]","[0.0, 0.0, 0.0]",0,0.0,0,32.29774391174316,"[0.0, 12.969970701, 0.21362304684]","[0, 0, 0]",0,3,0.0,0.0,0.0,0,0,0,4294967.295,3750000.384,0,1613,0,-4.334161758422852,-1.6481468677520752,0.0,0,state.GROUND_TESTING,17,-23,0,-23,0.0,0,0,"[10.4, 0.5, 16.5, 10.6, 15.5, 16.5, 0, 0]","[3.637, 3.638, 3.638]",0.284,"[2.9952, 3.3120000000000003, 5.0032000000000005, 7.3632, 8.440000000000001, 27.8288]","[0.03125, 0.278125, -0.0025, -0.003125, -0.003125, -0.000625]",0,0,29.5,"[1, 1, 1, 1, 1, 1]",4.63639544484315,0.0,0.0,0,0.0
1774904213.126572,"[1, 1, 1, 1, 1, 1]","[1291, 1500, 1500, 1500]","[-25.08, 0.0, 0.0, 0.0]","[0.0, 0.0, 0.0]",0,0.0,0,32.30211585998535,"[0.0, -10.89477538884, 6.53076171768]","[0, 0, 0]",0,3,0.0,0.0,0.0,0,0,0,4294967.295,3750000.384,0,1673,0,-4.101877689361572,-1.712249517440796,0.0,0,state.GROUND_TESTING,18,-24,0,-23,0.0,0,0,"[10.6, 0.5, 17.0, 10.4, 15.5, 16.5, 0, 0]","[3.637, 3.638, 3.638]",0.284,"[2.9952, 3.3120000000000003, 5.0032000000000005, 7.364800000000001, 8.4512, 27.8256]","[0.029375000000000002, 0.58875, -0.00375, -0.003125, -0.003125, -0.003125]",0,0,29.5,"[1, 1, 1, 1, 1, 1]",4.444343392023248,0.0,0.0,0,0.0
1774904213.1855748,"[1, 1, 1, 1, 1, 1]","[1291, 1500, 1500, 1500]","[-25.08, 0.0, 0.0, 0.0]","[0.0, 0.0, 0.0]",0,0.0,0,32.30648780822754,"[0.0, -0.03051757812, 5.24902343664]","[0, 0, 0]",0,3,0.0,0.0,0.0,0,0,0,4294967.295,3750000.384,0,1733,0,-3.7780749797821045,-1.7109957933425903,0.0,0,state.GROUND_TESTING,19,-24,0,-23,0.0,0,0,"[10.6, 0.5, 15.9, 10.6, 16.5, 15.9, 0, 0]","[3.637, 3.638, 3.638]",0.284,"[2.9952, 3.3120000000000003, 5.0032000000000005, 7.364800000000001, 8.4512, 27.8256]","[0.029375000000000002, 0.58875, -0.00375, -0.003125, -0.003125, -0.003125]",0,0,29.5,"[1, 1, 1, 1, 1, 1]",4.146940158755737,0.0,0.0,0,0.0
1774904213.2420979,"[1, 1, 1, 1, 1, 1]","[1291, 1500, 1500, 1500]","[-25.08, 0.0, 0.0, 0.0]","[0.0, 0.0, 0.0]",0,0.0,0,32.289000015258786,"[0.0, -11.87133788868, 2.99072265576]","[0, 0, 0]",0,3,0.0,0.0,0.0,0,0,0,4294967.295,3750000.384,0,1793,0,-3.890683174133301,-1.5144715309143066,0.0,0,state.GROUND_TESTING,20,-24,0,-23,0.0,0,0,"[10.6, 0.5, 16.5, 10.4, 15.5, 17.0, 0, 0]","[3.637, 3.638, 3.638]",0.284,"[2.9968000000000004, 3.3136, 5.0048, 7.36, 8.4672, 27.8304]","[0.033125, 0.5437500000000001, -0.004375, 0.00875, -0.000625, -0.00125]",0,0,29.5,"[1, 1, 1, 1, 1, 1]",4.174627281438423,0.0,0.0,0,0.0
1774904213.295636,"[1, 1, 1, 1, 1, 1]","[1291, 1500, 1500, 1500]","[-25.08, 0.0, 0.0, 0.0]","[0.0, 0.0, 0.0]",0,0.0,0,32.293371963500974,"[0.0, -8.33129882676, -12.268066404239999]","[0, 0, 0]",0,3,0.0,0.0,0.0,0,0,0,4294967.295,3750000.384,0,1847,0,-4.409868240356445,-1.395068645477295,0.0,0,state.GROUND_TESTING,21,-24,0,-24,0.0,0,0,"[10.6, 0.5, 17.0, 10.8, 16.5, 16.5, 0, 0]","[3.637, 3.638, 3.638]",0.284,"[2.9968000000000004, 3.3136, 5.0048, 7.36, 8.4672, 27.8304]","[0.033125, 0.5437500000000001, -0.004375, 0.00875, -0.000625, -0.00125]",0,0,29.5,"[1, 1, 1, 1, 1, 1]",4.624857803664179,0.0,0.0,0,0.0
1774904359.9668841,"[1, 1, 1, 1, 1, 1]","[1291, 1500, 1500, 1500]","[-25.08, 0.0, 0.0, 0.0]","[0.0, 0.0, 0.0]",0,0.0,0,33.80169410705567,"[0.0, 2.77709960892, 8.361816404879999]","[0, 0, 0]",0,0,0.0,0.0,0.0,0,0,0,0.0,0.0,0,678,0,5.671619415283203,-1.8836400508880615,0.0,0,state.GROUND_TESTING,1,-27,0,-99,0.0,0,0,"[10.4, 0.5, 16.5, 10.6, 16.5, 15.9, 0, 0]","[0.0, 0.0, 0.0]",-0.0,"[0.0, 0.0, 0.0, 0.0, 0.0, 0.0]","[0.0, 0.0, 0.0, 0.0, 0.0, 0.0]",0,0,0.0,"[1, 1, 1, 1, 1, 1]",5.975263114582072,0.0,0.0,0,0.0
1774904360.0235403,"[1, 1, 1, 1, 1, 1]","[1291, 1500, 1500, 1500]","[-25.08, 0.0, 0.0, 0.0]","[0.0, 0.0, 0.0]",0,0.0,0,33.66616371154785,"[0.0, 4.97436523356, -11.01684570132]","[0, 0, 0]",0,0,0.0,0.0,0.0,0,0,0,0.0,0.0,0,737,0,5.48012113571167,-1.8352727890014648,0.0,0,state.GROUND_TESTING,2,-27,0,-26,0.0,0,0,"[10.6, 0.5, 16.5, 10.6, 15.5, 16.5, 0, 0]","[3.638, 3.639, 3.639]",0.187,"[2.9936000000000003, 3.3104, 5.0032000000000005, 7.3616, 8.4496, 27.8256]","[0.035, 0.626875, -0.00375, 0.0, -0.00375, -0.001875]",0,0,29.5,"[1, 1, 1, 1, 1, 1]",5.778380036507952,0.0,0.0,0,0.0
1774904360.0802984,"[1, 1, 1, 1, 1, 1]","[1291, 1500, 1500, 1500]","[-25.08, 0.0, 0.0, 0.0]","[0.0, 0.0, 0.0]",0,0.0,0,33.556865005493165,"[0.0, -2.8991699214, -9.88769531088]","[0, 0, 0]",0,0,0.0,0.0,0.0,0,0,0,0.0,0.0,0,797,0,5.535339832305908,-1.8981331586837769,0.0,0,state.GROUND_TESTING,3,-28,0,-27,0.0,0,0,"[10.8, 0.5, 16.5, 10.4, 15.0, 15.9, 0, 0]","[3.638, 3.639, 3.639]",0.187,"[2.9936000000000003, 3.3104, 5.0032000000000005, 7.3616, 8.4496, 27.8256]","[0.035, 0.626875, -0.00375, 0.0, -0.00375, -0.001875]",0,0,29.5,"[1, 1, 1, 1, 1, 1]",5.850784522357841,0.0,0.0,0,0.0
1774904360.145607,"[1, 1, 1, 1, 1, 1]","[1291, 1500, 1500, 1500]","[-25.08, 0.0, 0.0, 0.0]","[0.0, 0.0, 0.0]",0,0.0,0,33.44319435119629,"[0.0, 10.34545898268, -11.56616210748]","[0, 0, 0]",0,0,0.0,0.0,0.0,0,0,0,0.0,0.0,0,857,0,5.441661834716797,-1.9732050895690918,0.0,0,state.GROUND_TESTING,4,-27,0,-27,0.0,0,0,"[10.6, 0.5, 15.9, 10.8, 15.5, 16.5, 0, 0]","[3.638, 3.639, 3.639]",0.187,"[2.9952, 3.3104, 5.0048, 7.3632, 8.4464, 27.8304]","[0.030625, 0.245625, -0.001875, -0.00375, -0.00375, -0.000625]",0,0,29.5,"[1, 1, 1, 1, 1, 1]",5.7873575146491625,0.0,0.0,0,0.0
1774904360.1935294,"[1, 1, 1, 1, 1, 1]","[1291, 1500, 1500, 1500]","[-25.08, 0.0, 0.0, 0.0]","[0.0, 0.0, 0.0]",0,0.0,0,33.33826759338379,"[0.0, -6.0119628896399995, -14.92309570068]","[0, 0, 0]",0,0,0.0,0.0,0.0,0,0,0,0.0,0.0,0,911,0,5.347251892089844,-1.9674983024597168,0.0,0,state.GROUND_TESTING,5,-29,0,-27,0.0,0,0,"[10.0, 0.5, 17.6, 10.2, 15.5, 17.0, 0, 0]","[3.638, 3.639, 3.639]",0.187,"[2.9952, 3.3120000000000003, 5.0032000000000005, 7.3664000000000005, 8.440000000000001, 27.8272]","[0.02875, 0.2025, -0.00375, -0.003125, 0.0, -0.004375]",0,0,29.5,"[1, 1, 1, 1, 1, 1]",5.696745216527886,0.0,0.0,0,0.0
1774904360.2564166,"[1, 1, 1, 1, 1, 1]","[1291, 1500, 1500, 1500]","[-25.08, 0.0, 0.0, 0.0]","[0.0, 0.0, 0.0]",0,0.0,0,33.25957252502442,"[0.0, -6.9885253894799995, -4.85229492108]","[0, 0, 0]",0,0,0.0,0.0,0.0,0,0,0,0.0,0.0,0,971,0,5.50868034362793,-2.1713500022888184,0.0,0,state.GROUND_TESTING,6,-28,0,-27,0.0,0,0,"[10.6, 0.5, 16.5, 10.4, 17.0, 17.6, 0, 0]","[3.638, 3.639, 3.639]",0.187,"[2.9952, 3.3120000000000003, 5.0032000000000005, 7.3664000000000005, 8.440000000000001, 27.8272]","[0.02875, 0.2025, -0.00375, -0.003125, 0.0, -0.004375]",0,0,29.5,"[1, 1, 1, 1, 1, 1]",5.919947820573594,0.0,0.0,0,0.0
1774904360.3233564,"[1, 1, 1, 1, 1, 1]","[1291, 1500, 1500, 1500]","[-25.08, 0.0, 0.0, 0.0]","[0.0, 0.0, 0.0]",0,0.0,0,33.15464576721192,"[0.0, 11.87133788868, 4.63867187424]","[0, 0, 0]",0,0,0.0,0.0,0.0,0,0,0,0.0,0.0,0,1031,0,5.655486106872559,-2.3495874404907227,0.0,0,state.GROUND_TESTING,7,-27,0,-26,0.0,0,0,"[10.4, 0.5, 16.5, 10.6, 16.5, 16.5, 0, 0]","[3.638, 3.639, 3.639]",0.187,"[2.9968000000000004, 3.3136, 5.0032000000000005, 7.3616, 8.456000000000001, 27.8272]","[0.03125, 0.240625, -0.004375, 0.00125, -0.0025, 0.00375]",0,0,29.5,"[1, 1, 1, 1, 1, 1]",6.122674379812956,0.0,0.0,0,0.0
1774904360.3804874,"[1, 1, 1, 1, 1, 1]","[1291, 1500, 1500, 1500]","[-25.08, 0.0, 0.0, 0.0]","[0.0, 0.0, 0.0]",0,0.0,0,33.06720680236816,"[0.0, -10.5285644514, -9.12475585788]","[0, 0, 0]",0,3,0.0,0.0,0.0,0,0,0,4294967.295,3750000.384,0,1091,0,5.76141881942749,-2.187256336212158,0.0,0,state.GROUND_TESTING,8,-27,0,-27,0.0,0,0,"[10.4, 0.5, 16.5, 10.4, 15.9, 16.5, 0, 0]","[3.638, 3.639, 3.639]",0.187,"[2.9968000000000004, 3.3136, 5.0032000000000005, 7.3616, 8.456000000000001, 27.8272]","[0.03125, 0.240625, -0.004375, 0.00125, -0.0025, 0.00375]",0,0,29.5,"[1, 1, 1, 1, 1, 1]",6.161322905485691,0.0,0.0,0,0.0
1774904360.4288042,"[1, 1, 1, 1, 1, 1]","[1291, 1500, 1500, 1500]","[-25.08, 0.0, 0.0, 0.0]","[0.0, 0.0, 0.0]",0,0.0,0,33.00162757873535,"[0.0, -9.0026855454, -5.4016113272399995]","[0, 0, 0]",0,3,0.0,0.0,0.0,0,0,0,4294967.295,3750000.384,0,1145,0,5.852009296417236,-2.11508846282959,0.0,0,state.GROUND_TESTING,9,-28,0,-27,0.0,0,0,"[10.4, 0.5, 15.9, 10.8, 15.9, 17.6, 0, 0]","[3.638, 3.639, 3.639]",0.187,"[2.9936000000000003, 3.3120000000000003, 5.0016, 7.3712, 8.4368, 27.8288]","[0.029375000000000002, 0.274375, 0.000625, -0.00375, -0.003125, 0.000625]",0,0,29.5,"[1, 1, 1, 1, 1, 1]",6.221257403175661,0.0,0.0,0,0.0
1774904360.4904351,"[1, 1, 1, 1, 1, 1]","[1291, 1500, 1500, 1500]","[-25.08, 0.0, 0.0, 0.0]","[0.0, 0.0, 0.0]",0,0.0,0,32.89670082092285,"[0.0, 0.4577636718, 2.41088867148]","[0, 0, 0]",0,3,0.0,0.0,0.0,0,0,0,4294967.295,3750000.384,0,1205,0,5.998795986175537,-2.2572762966156006,0.0,0,state.GROUND_TESTING,10,-28,0,-28,0.0,0,0,"[10.4, 0.5, 15.9, 10.6, 15.9, 16.5, 0, 0]","[3.638, 3.639, 3.639]",0.187,"[2.9936000000000003, 3.3120000000000003, 5.0016, 7.3712, 8.4368, 27.8288]","[0.029375000000000002, 0.274375, 0.000625, -0.00375, -0.003125, 0.000625]",0,0,29.5,"[1, 1, 1, 1, 1, 1]",6.407980657162773,0.0,0.0,0,0.0
1774904360.5472586,"[1, 1, 1, 1, 1, 1]","[1291, 1500, 1500, 1500]","[-25.08, 0.0, 0.0, 0.0]","[0.0, 0.0, 0.0]",0,0.0,0,32.84860939025879,"[0.0, 2.83813476516, 8.75854492044]","[0, 0, 0]",0,3,0.0,0.0,0.0,0,0,0,4294967.295,3750000.384,0,1265,0,6.290842056274414,-2.108957290649414,0.0,0,state.GROUND_TESTING,11,-27,0,-27,0.0,0,0,"[10.6, 0.5, 16.5, 10.6, 15.9, 16.5, 0, 0]","[3.638, 3.639, 3.639]",0.187,"[2.9984, 3.3072000000000004, 5.0048, 7.36, 8.4384, 27.8288]","[0.031875, 0.625625, -0.000625, -0.00125, -0.0075, 0.000625]",0,0,29.5,"[1, 1, 1, 1, 1, 1]",6.633589231021769,0.0,0.0,0,0.0
1774904360.6110137,"[1, 1, 1, 1, 1, 1]","[1291, 1500, 1500, 1500]","[-25.08, 0.0, 0.0, 0.0]","[0.0, 0.0, 0.0]",0,0.0,0,32.769914321899414,"[0.0, -11.93237304492, -0.762939453]","[0, 0, 0]",0,3,0.0,0.0,0.0,0,0,0,4294967.295,3750000.384,0,1325,0,6.558773040771484,-1.9398541450500488,0.0,0,state.GROUND_TESTING,12,-27,0,-26,0.0,0,0,"[10.2, 0.5, 17.0, 10.6, 15.0, 16.5, 0, 0]","[3.638, 3.639, 3.639]",0.187,"[2.9984, 3.3072000000000004, 5.0048, 7.36, 8.4384, 27.8288]","[0.031875, 0.625625, -0.000625, -0.00125, -0.0075, 0.000625]",0,0,29.5,"[1, 1, 1, 1, 1, 1]",6.838427121103288,0.0,0.0,0,0.0
1774904360.6620972,"[1, 1, 1, 1, 1, 1]","[1291, 1500, 1500, 1500]","[-25.08, 0.0, 0.0, 0.0]","[0.0, 0.0, 0.0]",0,0.0,0,32.73493873596191,"[0.0, -14.25170898204, 10.62011718576]","[0, 0, 0]",0,3,0.0,0.0,0.0,0,0,0,4294967.295,3750000.384,0,1379,0,6.801558971405029,-1.8223342895507812,0.0,0,state.GROUND_TESTING,13,-27,0,-27,0.0,0,0,"[10.6, 0.5, 17.6, 10.2, 15.9, 17.0, 0, 0]","[3.638, 3.639, 3.639]",0.187,"[2.9968000000000004, 3.3104, 5.0064, 7.36, 8.456000000000001, 27.8288]","[0.03375, 0.5675, -0.000625, 0.0025, -0.006875, 0.000625]",0,0,29.5,"[1, 1, 1, 1, 1, 1]",7.0403474083360384,0.0,0.0,0,0.0
1774904360.7226374,"[1, 1, 1, 1, 1, 1]","[1291, 1500, 1500, 1500]","[-25.08, 0.0, 0.0, 0.0]","[0.0, 0.0, 0.0]",0,0.0,0,32.67810340881348,"[0.0, 1.49536132788, 16.75415038788]","[0, 0, 0]",0,3,0.0,0.0,0.0,0,0,0,4294967.295,3750000.384,0,1439,0,6.972113609313965,-1.9114388227462769,0.0,0,state.GROUND_TESTING,14,-27,0,-27,0.0,0,0,"[10.8, 0.5, 17.6, 10.2, 15.5, 16.5, 0, 0]","[3.638, 3.639, 3.639]",0.187,"[2.9968000000000004, 3.3104, 5.0064, 7.36, 8.456000000000001, 27.8288]","[0.03375, 0.5675, -0.000625, 0.0025, -0.006875, 0.000625]",0,0,29.5,"[1, 1, 1, 1, 1, 1]",7.2281334907956944,0.0,0.0,0,0.0
1774904360.7816317,"[1, 1, 1, 1, 1, 1]","[1291, 1500, 1500, 1500]","[-25.08, 0.0, 0.0, 0.0]","[0.0, 0.0, 0.0]",0,0.0,0,32.625640029907224,"[0.0, -2.04467773404, 21.0571289028]","[0, 0, 0]",0,3,0.0,0.0,0.0,0,0,0,4294967.295,3750000.384,0,1499,0,7.115503787994385,-1.8748859167099,0.0,0,state.GROUND_TESTING,15,-27,0,-27,0.0,0,0,"[10.6, 0.5, 17.0, 10.4, 16.5, 17.0, 0, 0]","[3.638, 3.639, 3.639]",0.187,"[2.9952, 3.3120000000000003, 5.0032000000000005, 7.3664000000000005, 8.4544, 27.8272]","[0.035, 0.6275000000000001, -0.00125, -0.00375, -0.00625, 0.0]",0,0,29.5,"[1, 1, 1, 1, 1, 1]",7.357139386422325,0.0,0.0,0,0.0
1774904360.8441794,"[1, 1, 1, 1, 1, 1]","[1291, 1500, 1500, 1500]","[-25.08, 0.0, 0.0, 0.0]","[0.0, 0.0, 0.0]",0,0.0,0,32.54694496154785,"[0.0, 3.08227539012, -5.4016113272399995]","[0, 0, 0]",0,3,0.0,0.0,0.0,0,0,0,4294967.295,3750000.384,0,1559,0,6.966543197631836,-1.9206739664077759,0.0,0,state.GROUND_TESTING,16,-27,0,-27,0.0,0,0,"[10.2, 0.5, 16.5, 10.4, 15.5, 16.5, 0, 0]","[3.638, 3.639, 3.639]",0.187,"[2.9952, 3.3120000000000003, 5.0032000000000005, 7.3664000000000005, 8.4544, 27.8272]","[0.035, 0.6275000000000001, -0.00125, -0.00375, -0.00625, 0.0]",0,0,29.5,"[1, 1, 1, 1, 1, 1]",7.225199933592483,0.0,0.0,0,0.0
1774904360.896188,"[1, 1, 1, 1, 1, 1]","[1291, 1500, 1500, 1500]","[-25.08, 0.0, 0.0, 0.0]","[0.0, 0.0, 0.0]",0,0.0,0,32.49885353088379,"[0.0, -2.41088867148, -10.2233886702]","[0, 0, 0]",0,3,0.0,0.0,0.0,0,0,0,4294967.295,3750000.384,0,1613,0,6.857934951782227,-1.9586526155471802,0.0,0,state.GROUND_TESTING,17,-27,0,-26,0.0,0,0,"[10.4, 0.5, 17.6, 10.6, 15.0, 17.0, 0, 0]","[3.638, 3.639, 3.639]",0.187,"[2.9952, 3.3104, 5.0032000000000005, 7.368, 8.4368, 27.8304]","[0.0275, 0.2425, -0.0025, -0.003125, 0.0, -0.0025]",0,0,29.5,"[1, 1, 1, 1, 1, 1]",7.13086618317437,0.0,0.0,0,0.0
1774904360.9567463,"[1, 1, 1, 1, 1, 1]","[1291, 1500, 1500, 1500]","[-25.08, 0.0, 0.0, 0.0]","[0.0, 0.0, 0.0]",0,0.0,0,32.46387794494629,"[0.0, -2.47192382772, -2.77709960892]","[0, 0, 0]",0,3,0.0,0.0,0.0,0,0,0,4294967.295,3750000.384,0,1673,0,6.87867546081543,-1.9574309587478638,0.0,0,state.GROUND_TESTING,18,-27,0,-26,0.0,0,0,"[10.2, 0.5, 16.5, 10.6, 15.0, 16.5, 0, 0]","[3.638, 3.639, 3.639]",0.187,"[2.9952, 3.3120000000000003, 5.0032000000000005, 7.36, 8.4384, 27.8272]","[0.031875, 0.229375, 0.000625, 0.00125, -0.0025, -0.00125]",0,0,29.5,"[1, 1, 1, 1, 1, 1]",7.150474425721771,0.0,0.0,0,0.0
1774904361.0157967,"[1, 1, 1, 1, 1, 1]","[1291, 1500, 1500, 1500]","[-25.08, 0.0, 0.0, 0.0]","[0.0, 0.0, 0.0]",0,0.0,0,32.4245304107666,"[0.0, 2.288818359, -6.89697265512]","[0, 0, 0]",0,3,0.0,0.0,0.0,0,0,0,4294967.295,3750000.384,0,1733,0,6.8753662109375,-1.8085342645645142,0.0,0,state.GROUND_TESTING,19,-28,0,-27,0.0,0,0,"[10.6, 0.5, 15.9, 10.6, 15.9, 17.0, 0, 0]","[3.638, 3.639, 3.639]",0.187,"[2.9952, 3.3120000000000003, 5.0032000000000005, 7.36, 8.4384, 27.8272]","[0.031875, 0.229375, 0.000625, 0.00125, -0.0025, -0.00125]",0,0,29.5,"[1, 1, 1, 1, 1, 1]",7.108146126029445,0.0,0.0,0,0.0
1774904361.0817986,"[1, 1, 1, 1, 1, 1]","[1291, 1500, 1500, 1500]","[-25.08, 0.0, 0.0, 0.0]","[0.0, 0.0, 0.0]",0,0.0,0,32.38518287658692,"[0.0, 0.33569335932, 0.57983398428]","[0, 0, 0]",0,3,0.0,0.0,0.0,0,0,0,4294967.295,3750000.384,0,1793,0,6.862506866455078,-1.8274586200714111,0.0,0,state.GROUND_TESTING,20,-28,0,-27,0.0,0,0,"[10.4, 0.5, 17.0, 10.4, 15.9, 15.9, 0, 0]","[3.638, 3.639, 3.639]",0.187,"[2.9968000000000004, 3.3104, 5.0032000000000005, 7.364800000000001, 8.448, 27.8256]","[0.035, 0.2475, -0.0025, -0.00375, -0.004375, -0.0025]",0,0,29.5,"[1, 1, 1, 1, 1, 1]",7.100536565738504,0.0,0.0,0,0.0
1774904361.1317847,"[1, 1, 1, 1, 1, 1]","[1291, 1500, 1500, 1500]","[-25.08, 0.0, 0.0, 0.0]","[0.0, 0.0, 0.0]",0,0.0,0,32.32397560119629,"[0.0, -7.3547363269199995, -8.91113281104]","[0, 0, 0]",0,3,0.0,0.0,0.0,0,0,0,4294967.295,3750000.384,0,1847,0,6.896874904632568,-1.9107308387756348,0.0,0,state.GROUND_TESTING,21,-28,0,-27,0.0,0,0,"[10.6, 0.5, 16.5, 10.6, 15.5, 17.0, 0, 0]","[3.638, 3.639, 3.639]",0.187,"[2.9968000000000004, 3.3104, 5.0032000000000005, 7.364800000000001, 8.448, 27.8256]","[0.035, 0.2475, -0.0025, -0.00375, -0.004375, -0.0025]",0,0,29.5,"[1, 1, 1, 1, 1, 1]",7.155426191424343,0.0,0.0,0,0.0
1774904361.1967885,"[1, 1, 1, 1, 1, 1]","[1291, 1500, 1500, 1500]","[-25.08, 0.0, 0.0, 0.0]","[0.0, 0.0, 0.0]",0,0.0,0,32.293371963500974,"[0.0, -5.82885742092, 11.19995117004]","[0, 0, 0]",0,3,0.0,0.0,0.0,0,0,0,4294967.295,3750000.384,0,1907,0,6.922218322753906,-1.8698160648345947,0.0,0,state.GROUND_TESTING,22,-28,0,-29,0.0,0,0,"[10.4, 0.5, 15.9, 10.8, 16.5, 17.0, 0, 0]","[3.638, 3.639, 3.639]",0.187,"[2.9968000000000004, 3.3136, 5.0016, 7.3664000000000005, 8.432, 27.8288]","[0.035625000000000004, 0.26687500000000003, 0.003125, -0.004375, 0.0025, -0.00375]",0,0,29.5,"[1, 1, 1, 1, 1, 1]",7.169120598596176,0.0,0.0,0,0.0
1774904361.256323,"[1, 1, 1, 1, 1, 1]","[1291, 1500, 1500, 1500]","[-25.08, 0.0, 0.0, 0.0]","[0.0, 0.0, 0.0]",0,0.0,0,32.245280532836915,"[0.0, 3.08227539012, -5.00488281168]","[0, 0, 0]",0,3,0.0,0.0,0.0,0,0,0,4294967.295,3750000.384,0,1967,0,7.027799606323242,-1.9259594678878784,0.0,0,state.GROUND_TESTING,23,-29,0,-28,0.0,0,0,"[10.8, 0.5, 15.9, 10.6, 15.5, 17.0, 0, 0]","[3.638, 3.639, 3.639]",0.187,"[2.9968000000000004, 3.3136, 5.0016, 7.3664000000000005, 8.432, 27.8288]","[0.035625000000000004, 0.26687500000000003, 0.003125, -0.004375, 0.0025, -0.00375]",0,0,29.5,"[1, 1, 1, 1, 1, 1]",7.285647864273762,0.0,0.0,0,0.0
1774904361.310047,"[1, 1, 1, 1, 1, 1]","[1291, 1500, 1500, 1500]","[-25.08, 0.0, 0.0, 0.0]","[0.0, 0.0, 0.0]",0,0.0,0,32.20156105041504,"[0.0, -4.24194335868, -11.35253906064]","[0, 0, 0]",0,3,0.0,0.0,0.0,0,0,0,4294967.295,3750000.384,0,2027,0,7.144379615783691,-1.7776426076889038,0.0,0,state.GROUND_TESTING,24,-29,0,-29,0.0,0,0,"[10.6, 0.5, 16.5, 10.6, 15.5, 17.0, 0, 0]","[3.638, 3.639, 3.639]",0.187,"[2.9952, 3.3120000000000003, 4.9968, 7.36, 8.464, 27.824]","[0.033125, 0.6062500000000001, -0.000625, 0.0025, -0.004375, 0.00125]",0,0,29.5,"[1, 1, 1, 1, 1, 1]",7.361098942518917,0.0,0.0,0,0.0
1774904361.3704557,"[1, 1, 1, 1, 1, 1]","[1291, 1500, 1500, 1500]","[-25.08, 0.0, 0.0, 0.0]","[0.0, 0.0, 0.0]",0,0.0,0,32.1797013092041,"[0.0, 3.08227539012, -15.07568359128]","[0, 0, 0]",0,3,0.0,0.0,0.0,0,0,0,4294967.295,3750000.384,0,2081,0,6.92854642868042,-1.9313298463821411,0.0,0,state.GROUND_TESTING,25,-29,0,-29,0.0,0,0,"[10.4, 0.5, 15.9, 10.2, 15.9, 16.5, 0, 0]","[3.638, 3.639, 3.639]",0.187,"[2.9952, 3.3120000000000003, 4.9968, 7.36, 8.464, 27.824]","[0.033125, 0.6062500000000001, -0.000625, 0.0025, -0.004375, 0.00125]",0,0,29.5,"[1, 1, 1, 1, 1, 1]",7.191424749501015,0.0,0.0,0,0.0
1774904361.431723,"[1, 1, 1, 1, 1, 1]","[1291, 1500, 1500, 1500]","[-25.08, 0.0, 0.0, 0.0]","[0.0, 0.0, 0.0]",0,0.0,0,32.1447257232666,"[0.0, 3.26538085884, 5.7983398428]","[0, 0, 0]",0,3,0.0,0.0,0.0,0,0,0,4294967.295,3750000.384,0,2141,0,7.253555774688721,-1.8464967012405396,0.0,0,state.GROUND_TESTING,26,-29,0,-29,0.0,0,0,"[10.4, 0.5, 15.9, 10.6, 15.0, 15.9, 0, 0]","[3.638, 3.639, 3.639]",0.187,"[2.9968000000000004, 3.3120000000000003, 5.0032000000000005, 7.368, 8.4448, 27.8256]","[0.03, 0.6275000000000001, -0.00125, -0.00125, -0.005, -0.000625]",0,0,29.5,"[1, 1, 1, 1, 1, 1]",7.483674602536922,0.0,0.0,0,0.0
1774904361.484051,"[1, 1, 1, 1, 1, 1]","[1291, 1500, 1500, 1500]","[-25.08, 0.0, 0.0, 0.0]","[0.0, 0.0, 0.0]",0,0.0,0,32.122865982055664,"[0.0, 3.69262695252, 11.93237304492]","[0, 0, 0]",0,3,0.0,0.0,0.0,0,0,0,4294967.295,3750000.384,0,2201,0,7.39790153503418,-1.9423147439956665,0.0,0,state.GROUND_TESTING,27,-29,0,-28,0.0,0,0,"[10.6, 0.5, 17.0, 10.4, 15.5, 16.5, 0, 0]","[3.638, 3.639, 3.639]",0.187,"[2.9968000000000004, 3.3120000000000003, 5.0032000000000005, 7.368, 8.4448, 27.8256]","[0.03, 0.6275000000000001, -0.00125, -0.00125, -0.005, -0.000625]",0,0,29.5,"[1, 1, 1, 1, 1, 1]",7.647257285650961,0.0,0.0,0,0.0
1774904361.547572,"[1, 1, 1, 1, 1, 1]","[1291, 1500, 1500, 1500]","[-25.08, 0.0, 0.0, 0.0]","[0.0, 0.0, 0.0]",0,0.0,0,32.09226234436035,"[0.0, 10.95581054508, 9.70458984216]","[0, 0, 0]",0,3,0.0,0.0,0.0,0,0,0,4294967.295,3750000.384,0,2261,0,7.434534072875977,-2.10404372215271,0.0,0,state.GROUND_TESTING,28,-29,0,-29,0.0,0,0,"[10.4, 0.5, 17.0, 10.6, 15.9, 16.5, 0, 0]","[3.638, 3.639, 3.639]",0.187,"[2.9968000000000004, 3.3120000000000003, 5.0016, 7.3664000000000005, 8.4288, 27.824]","[0.03, 0.213125, -0.0025, -0.00125, -0.004375, 0.00125]",0,0,29.5,"[1, 1, 1, 1, 1, 1]",7.724922073849298,0.0,0.0,0,0.0
1774904361.6016467,"[1, 1, 1, 1, 1, 1]","[1291, 1500, 1500, 1500]","[-25.08, 0.0, 0.0, 0.0]","[0.0, 0.0, 0.0]",0,0.0,0,32.0747745513916,"[0.0, 5.6457519521999995, -1.46484374976]","[0, 0, 0]",0,3,0.0,0.0,0.0,0,0,0,4294967.295,3750000.384,0,2315,0,7.396585941314697,-2.0181331634521484,0.0,0,state.GROUND_TESTING,29,-30,0,-29,0.0,0,0,"[10.2, 0.5, 15.9, 10.4, 15.5, 15.5, 0, 0]","[3.638, 3.639, 3.639]",0.187,"[2.9968000000000004, 3.3120000000000003, 5.0016, 7.3664000000000005, 8.4288, 27.824]","[0.03, 0.213125, -0.0025, -0.00125, -0.004375, 0.00125]",0,0,29.5,"[1, 1, 1, 1, 1, 1]",7.665487110244165,0.0,0.0,0,0.0
1774904361.6583803,"[1, 1, 1, 1, 1, 1]","[1291, 1500, 1500, 1500]","[-25.08, 0.0, 0.0, 0.0]","[0.0, 0.0, 0.0]",0,0.0,0,32.0747745513916,"[0.0, 0.33569335932, 6.92749023324]","[0, 0, 0]",0,3,0.0,0.0,0.0,0,0,0,4294967.295,3750000.384,0,2375,0,7.576683521270752,-1.8570103645324707,0.0,0,state.GROUND_TESTING,30,-29,0,-29,0.0,0,0,"[10.6, 0.5, 16.5, 10.4, 15.9, 15.9, 0, 0]","[3.638, 3.639, 3.639]",0.187,"[2.9984, 3.3104, 5.0048, 7.364800000000001, 8.459200000000001, 27.8256]","[0.030625, 0.23875000000000002, -0.00375, -0.000625, -0.00125, 0.00125]",0,0,29.5,"[1, 1, 1, 1, 1, 1]",7.799647086338513,0.0,0.0,0,0.0
1774904361.7179146,"[1, 1, 1, 1, 1, 1]","[1291, 1500, 1500, 1500]","[-25.08, 0.0, 0.0, 0.0]","[0.0, 0.0, 0.0]",0,0.0,0,32.02668312072754,"[0.0, -11.50512695124, 1.70898437472]","[0, 0, 0]",0,3,0.0,0.0,0.0,0,0,0,4294967.295,3750000.384,0,2435,0,7.674577236175537,-1.7941014766693115,0.0,0,state.GROUND_TESTING,31,-28,0,-27,0.0,0,0,"[10.6, 0.5, 17.6, 10.6, 15.9, 15.5, 0, 0]","[3.638, 3.639, 3.639]",0.187,"[2.9968000000000004, 3.3120000000000003, 5.0016, 7.3616, 8.441600000000001, 27.8272]","[0.033125, 0.22375, -0.004375, 0.001875, -0.0025, -0.008125]",0,0,29.5,"[1, 1, 1, 1, 1, 1]",7.880270381908704,0.0,0.0,0,0.0
1774904361.7819154,"[1, 1, 1, 1, 1, 1]","[1291, 1500, 1500, 1500]","[-25.08, 0.0, 0.0, 0.0]","[0.0, 0.0, 0.0]",0,0.0,0,32.00919532775879,"[0.0, 1.92260742156, 8.97216796728]","[0, 0, 0]",0,3,0.0,0.0,0.0,0,0,0,4294967.295,3750000.384,0,2495,0,7.814040184020996,-1.843522548675537,0.0,0,state.GROUND_TESTING,32,-27,0,-26,0.0,0,0,"[10.6, 0.5, 16.5, 10.8, 15.9, 17.6, 0, 0]","[3.638, 3.639, 3.639]",0.187,"[2.9968000000000004, 3.3120000000000003, 5.0016, 7.3616, 8.441600000000001, 27.8272]","[0.033125, 0.22375, -0.004375, 0.001875, -0.0025, -0.008125]",0,0,29.5,"[1, 1, 1, 1, 1, 1]",8.027247406846008,0.0,0.0,0,0.0
1774904361.8314538,"[1, 1, 1, 1, 1, 1]","[1291, 1500, 1500, 1500]","[-25.08, 0.0, 0.0, 0.0]","[0.0, 0.0, 0.0]",0,0.0,0,31.97421974182129,"[0.0, -4.60815429612, 7.1105957019599995]","[0, 0, 0]",0,3,0.0,0.0,0.0,0,0,0,4294967.295,3750000.384,0,2549,0,8.047977447509766,-1.7671599388122559,0.0,0,state.GROUND_TESTING,33,-29,0,-29,0.0,0,0,"[10.8, 0.5, 17.0, 10.6, 15.5, 16.5, 0, 0]","[3.638, 3.639, 3.639]",0.187,"[2.9952, 3.3136, 5.0032000000000005, 7.3664000000000005, 8.4624, 27.8272]","[0.03625, 0.26937500000000003, -0.004375, -0.001875, -0.003125, -0.00625]",0,0,29.5,"[1, 1, 1, 1, 1, 1]",8.238460344998119,0.0,0.0,0,0.0
1774904361.8924563,"[1, 1, 1, 1, 1, 1]","[1291, 1500, 1500, 1500]","[-25.08, 0.0, 0.0, 0.0]","[0.0, 0.0, 0.0]",0,0.0,0,31.943616104125976,"[0.0, -0.64086914052, 11.56616210748]","[0, 0, 0]",0,3,0.0,0.0,0.0,0,0,0,4294967.295,3750000.384,0,2609,0,8.393733978271484,-1.9258571863174438,0.0,0,state.GROUND_TESTING,34,-28,0,-28,0.0,0,0,"[10.2, 0.5, 16.5, 11.1, 15.0, 17.0, 0, 0]","[3.638, 3.639, 3.639]",0.187,"[2.9952, 3.3136, 5.0032000000000005, 7.3664000000000005, 8.4624, 27.8272]","[0.03625, 0.26937500000000003, -0.004375, -0.001875, -0.003125, -0.00625]",0,0,29.5,"[1, 1, 1, 1, 1, 1]",8.610291668763645,0.0,0.0,0,0.0
1774904361.9517567,"[1, 1, 1, 1, 1, 1]","[1291, 1500, 1500, 1500]","[-25.08, 0.0, 0.0, 0.0]","[0.0, 0.0, 0.0]",0,0.0,0,31.930500259399412,"[0.0, -4.7912597648399995, -7.2326660144399995]","[0, 0, 0]",0,3,0.0,0.0,0.0,0,0,0,4294967.295,3750000.384,0,2669,0,8.356476783752441,-1.8202705383300781,0.0,0,state.GROUND_TESTING,35,-30,0,-30,0.0,0,0,"[10.4, 0.5, 17.0, 10.6, 15.5, 17.6, 0, 0]","[3.638, 3.639, 3.639]",0.187,"[2.9968000000000004, 3.3120000000000003, 5.0048, 7.3616, 8.4464, 27.8272]","[0.03375, 0.375625, -0.000625, -0.00125, -0.00125, -0.00125]",0,0,29.5,"[1, 1, 1, 1, 1, 1]",8.551056098025661,0.0,0.0,0,0.0
1774904362.020654,"[1, 1, 1, 1, 1, 1]","[1291, 1500, 1500, 1500]","[-25.08, 0.0, 0.0, 0.0]","[0.0, 0.0, 0.0]",0,0.0,0,31.8998966217041,"[0.0, -6.31713867084, -6.31713867084]","[0, 0, 0]",0,3,0.0,0.0,0.0,0,0,0,4294967.295,3750000.384,0,2729,0,8.301591873168945,-1.697615146636963,0.0,0,state.GROUND_TESTING,36,-30,0,-30,0.0,0,0,"[10.4, 0.5, 16.5, 10.6, 15.9, 16.5, 0, 0]","[3.638, 3.639, 3.639]",0.187,"[2.9968000000000004, 3.3120000000000003, 5.0048, 7.3616, 8.4464, 27.8272]","[0.03375, 0.375625, -0.000625, -0.00125, -0.00125, -0.00125]",0,0,29.5,"[1, 1, 1, 1, 1, 1]",8.472197392877803,0.0,0.0,0,0.0
1774904362.0686533,"[1, 1, 1, 1, 1, 1]","[1291, 1500, 1500, 1500]","[-25.08, 0.0, 0.0, 0.0]","[0.0, 0.0, 0.0]",0,0.0,0,31.88240882873535,"[0.0, 1.31225585916, 18.82934570004]","[0, 0, 0]",0,3,0.0,0.0,0.0,0,0,0,4294967.295,3750000.384,0,2783,0,8.425000190734863,-1.4700701236724854,0.0,0,state.GROUND_TESTING,37,-29,0,-29,0.0,0,0,"[10.6, 0.5, 17.0, 11.1, 15.0, 16.5, 0, 0]","[3.638, 3.639, 3.639]",0.187,"[2.9904, 3.3088, 5.0016, 7.3616, 8.4368, 27.8272]","[0.035, 0.5875, -0.005625, 0.00125, -0.005, 0.005625]",0,0,29.5,"[1, 1, 1, 1, 1, 1]",8.551382077600039,0.0,0.0,0,0.0
1774904362.1284077,"[1, 1, 1, 1, 1, 1]","[1291, 1500, 1500, 1500]","[-25.08, 0.0, 0.0, 0.0]","[0.0, 0.0, 0.0]",0,0.0,0,31.86929298400879,"[0.0, 7.5988769518799995, -7.44628906128]","[0, 0, 0]",0,3,0.0,0.0,0.0,0,0,0,4294967.295,3750000.384,0,2843,0,8.305044174194336,-1.4572458267211914,0.0,0,state.GROUND_TESTING,38,-31,0,-30,0.0,0,0,"[11.1, 0.5, 16.5, 10.4, 15.9, 17.0, 0, 0]","[3.638, 3.639, 3.639]",0.187,"[2.9904, 3.3088, 5.0016, 7.3616, 8.4368, 27.8272]","[0.035, 0.5875, -0.005625, 0.00125, -0.005, 0.005625]",0,0,29.5,"[1, 1, 1, 1, 1, 1]",8.431039684120655,0.0,0.0,0,0.0
1774904362.1904266,"[1, 1, 1, 1, 1, 1]","[1291, 1500, 1500, 1500]","[-25.08, 0.0, 0.0, 0.0]","[0.0, 0.0, 0.0]",0,0.0,0,31.838689346313476,"[0.0, 0.70190429676, 5.98144531152]","[0, 0, 0]",0,3,0.0,0.0,0.0,0,0,0,4294967.295,3750000.384,0,2903,0,8.323058128356934,-1.4151372909545898,0.0,0,state.GROUND_TESTING,39,-32,0,-31,0.0,0,0,"[10.8, 0.5, 15.9, 11.1, 16.5, 17.0, 0, 0]","[3.638, 3.639, 3.639]",0.187,"[2.9952, 3.3072000000000004, 5.0048, 7.3664000000000005, 8.457600000000001, 27.8256]","[0.028125, 0.574375, 0.0, 0.001875, -0.005, 0.000625]",0,0,29.5,"[1, 1, 1, 1, 1, 1]",8.441670655018438,0.0,0.0,0,0.0
1774904362.956032,"[1, 1, 1, 1, 1, 1]","[1291, 1500, 1500, 1500]","[-25.08, 0.0, 0.0, 0.0]","[0.0, 0.0, 0.0]",0,0.0,0,31.48456153869629,"[0.0, -3.38745117132, -0.1525878906]","[0, 0, 0]",0,0,0.0,0.0,0.0,0,0,0,0.0,0.0,0,678,0,-0.10349670052528381,2.2976267337799072,0.0,0,state.GROUND_TESTING,1,-30,0,-99,0.0,0,0,"[10.4, 0.5, 16.5, 10.6, 16.5, 17.0, 0, 0]","[0.0, 0.0, 0.0]",-0.0,"[0.0, 0.0, 0.0, 0.0, 0.0, 0.0]","[0.0, 0.0, 0.0, 0.0, 0.0, 0.0]",0,0,0.0,"[1, 1, 1, 1, 1, 1]",2.299955310960872,0.0,0.0,0,0.0
1774904363.0083785,"[1, 1, 1, 1, 1, 1]","[1291, 1500, 1500, 1500]","[-25.08, 0.0, 0.0, 0.0]","[0.0, 0.0, 0.0]",0,0.0,0,31.53702491760254,"[0.0, 2.16674804652, -2.41088867148]","[0, 0, 0]",0,3,0.0,0.0,0.0,0,0,0,4294967.295,3750000.384,0,737,0,-0.022983122617006302,2.17834734916687,0.0,0,state.GROUND_TESTING,2,-34,0,-33,0.0,0,0,"[11.1, 0.5, 16.5, 10.2, 15.9, 16.5, 0, 0]","[0.0, 0.0, 0.0]",-0.0,"[0.0, 0.0, 0.0, 0.0, 0.0, 0.0]","[0.0, 0.0, 0.0, 0.0, 0.0, 0.0]",0,0,0.0,"[1, 1, 1, 1, 1, 1]",2.178468531563469,0.0,0.0,0,0.0
1774904363.0732963,"[1, 1, 1, 1, 1, 1]","[1291, 1500, 1500, 1500]","[-25.08, 0.0, 0.0, 0.0]","[0.0, 0.0, 0.0]",0,0.0,0,31.541396865844728,"[0.0, 3.32641601508, 10.25390624832]","[0, 0, 0]",0,3,0.0,0.0,0.0,0,0,0,4294967.295,3750000.384,0,797,0,0.03381012752652168,2.4108753204345703,0.0,0,state.GROUND_TESTING,3,-30,0,-30,0.0,0,0,"[10.6, 0.5, 16.5, 10.6, 16.5, 17.0, 0, 0]","[3.638, 3.639, 3.639]",0.187,"[2.9952, 3.3120000000000003, 5.0032000000000005, 7.3616, 8.4512, 27.8272]","[0.035625000000000004, 0.245, -0.004375, -0.000625, 0.0, -0.0025]",0,0,29.5,"[1, 1, 1, 1, 1, 1]",2.411112245557483,0.0,0.0,0,0.0
1774904363.139088,"[1, 1, 1, 1, 1, 1]","[1291, 1500, 1500, 1500]","[-25.08, 0.0, 0.0, 0.0]","[0.0, 0.0, 0.0]",0,0.0,0,31.554512710571288,"[0.0, -11.26098632628, -3.32641601508]","[0, 0, 0]",0,3,0.0,0.0,0.0,0,0,0,4294967.295,3750000.384,0,857,0,-0.01500331237912178,2.4658069610595703,0.0,0,state.GROUND_TESTING,4,-30,0,-30,0.0,0,0,"[10.4, 0.5, 17.0, 10.4, 15.9, 16.5, 0, 0]","[3.638, 3.639, 3.639]",0.187,"[2.9952, 3.3136, 5.0032000000000005, 7.3632, 8.4496, 27.8272]","[0.031875, 0.226875, -0.0025, 0.0, -0.00125, -0.005]",0,0,29.5,"[1, 1, 1, 1, 1, 1]",2.4658525766159345,0.0,0.0,0,0.0
1774904363.1821854,"[1, 1, 1, 1, 1, 1]","[1291, 1500, 1500, 1500]","[-25.08, 0.0, 0.0, 0.0]","[0.0, 0.0, 0.0]",0,0.0,0,31.563256607055663,"[0.0, -0.4577636718, 3.75366210876]","[0, 0, 0]",0,3,0.0,0.0,0.0,0,0,0,4294967.295,3750000.384,0,911,0,0.28771013021469116,2.2865169048309326,0.0,0,state.GROUND_TESTING,5,-31,0,-30,0.0,0,0,"[10.6, 0.5, 17.0, 10.6, 16.5, 15.9, 0, 0]","[3.638, 3.639, 3.639]",0.187,"[2.9952, 3.3136, 5.0032000000000005, 7.3632, 8.4496, 27.8272]","[0.031875, 0.226875, -0.0025, 0.0, -0.00125, -0.005]",0,0,29.5,"[1, 1, 1, 1, 1, 1]",2.304537421494987,0.0,0.0,0,0.0
1774904363.2426183,"[1, 1, 1, 1, 1, 1]","[1291, 1500, 1500, 1500]","[-25.08, 0.0, 0.0, 0.0]","[0.0, 0.0, 0.0]",0,0.0,0,31.563256607055663,"[0.0, -4.7302246086, -12.45117187296]","[0, 0, 0]",0,3,0.0,0.0,0.0,0,0,0,4294967.295,3750000.384,0,971,0,0.04845154285430908,2.2718710899353027,0.0,0,state.GROUND_TESTING,6,-32,0,-32,0.0,0,0,"[10.8, 0.5, 17.6, 10.8, 15.5, 17.0, 0, 0]","[3.638, 3.639, 3.639]",0.187,"[2.9952, 3.3104, 5.0016, 7.3664000000000005, 8.4368, 27.822400000000002]","[0.035, 0.240625, -0.0025, 0.00125, 0.0025, 0.0]",0,0,29.5,"[1, 1, 1, 1, 1, 1]",2.2723874165391655,0.0,0.0,0,0.0
1774904363.3051789,"[1, 1, 1, 1, 1, 1]","[1291, 1500, 1500, 1500]","[-25.08, 0.0, 0.0, 0.0]","[0.0, 0.0, 0.0]",0,0.0,0,31.554512710571288,"[0.0, 10.2233886702, 6.34765624896]","[0, 0, 0]",0,3,0.0,0.0,0.0,0,0,0,4294967.295,3750000.384,0,1031,0,0.15984445810317993,2.0869221687316895,0.0,0,state.GROUND_TESTING,7,-30,0,-30,0.0,0,0,"[10.6, 0.5, 16.5, 10.2, 15.9, 16.5, 0, 0]","[3.638, 3.639, 3.639]",0.187,"[2.9952, 3.3104, 5.0016, 7.3664000000000005, 8.4368, 27.822400000000002]","[0.035, 0.240625, -0.0025, 0.00125, 0.0025, 0.0]",0,0,29.5,"[1, 1, 1, 1, 1, 1]",2.09303203250564,0.0,0.0,0,0.0
1774904363.3650076,"[1, 1, 1, 1, 1, 1]","[1291, 1500, 1500, 1500]","[-25.08, 0.0, 0.0, 0.0]","[0.0, 0.0, 0.0]",0,0.0,0,31.5501407623291,"[0.0, 1.73950195284, 0.94604492172]","[0, 0, 0]",0,3,0.0,0.0,0.0,0,0,0,4294967.295,3750000.384,0,1091,0,0.21904639899730682,2.2620747089385986,0.0,0,state.GROUND_TESTING,8,-30,0,-30,0.0,0,0,"[10.8, 0.5, 15.9, 10.4, 15.9, 17.6, 0, 0]","[3.638, 3.639, 3.639]",0.187,"[2.9952, 3.3120000000000003, 5.0032000000000005, 7.3632, 8.4304, 27.8288]","[0.025, 0.275625, -0.00375, -0.00625, -0.00375, -0.00125]",0,0,29.5,"[1, 1, 1, 1, 1, 1]",2.2726500789325406,0.0,0.0,0,0.0
1774904363.4234047,"[1, 1, 1, 1, 1, 1]","[1291, 1500, 1500, 1500]","[-25.08, 0.0, 0.0, 0.0]","[0.0, 0.0, 0.0]",0,0.0,0,31.545768814086912,"[0.0, -3.38745117132, -2.41088867148]","[0, 0, 0]",0,3,0.0,0.0,0.0,0,0,0,4294967.295,3750000.384,0,1145,0,0.22775793075561523,2.3976147174835205,0.0,0,state.GROUND_TESTING,9,-31,0,-30,0.0,0,0,"[10.8, 0.5, 16.5, 10.6, 15.0, 16.5, 0, 0]","[3.638, 3.639, 3.639]",0.187,"[2.9952, 3.3120000000000003, 5.0032000000000005, 7.3632, 8.4304, 27.8288]","[0.025, 0.275625, -0.00375, -0.00625, -0.00375, -0.00125]",0,0,29.5,"[1, 1, 1, 1, 1, 1]",2.408401902944061,0.0,0.0,0,0.0
1774904363.4792032,"[1, 1, 1, 1, 1, 1]","[1291, 1500, 1500, 1500]","[-25.08, 0.0, 0.0, 0.0]","[0.0, 0.0, 0.0]",0,0.0,0,31.528281021118165,"[0.0, -10.89477538884, 4.48608398364]","[0, 0, 0]",0,3,0.0,0.0,0.0,0,0,0,4294967.295,3750000.384,0,1205,0,0.43557506799697876,2.531883478164673,0.0,0,state.GROUND_TESTING,10,-31,0,-30,0.0,0,0,"[10.4, 0.5, 17.0, 10.6, 17.0, 15.9, 0, 0]","[3.638, 3.639, 3.639]",0.187,"[2.9888000000000003, 3.3136, 5.0032000000000005, 7.3632, 8.440000000000001, 27.8288]","[0.034375, 0.629375, 0.000625, 0.0025, -0.00625, 0.004375]",0,0,29.5,"[1, 1, 1, 1, 1, 1]",2.5690535370058565,0.0,0.0,0,0.0
1774904363.544241,"[1, 1, 1, 1, 1, 1]","[1291, 1500, 1500, 1500]","[-25.08, 0.0, 0.0, 0.0]","[0.0, 0.0, 0.0]",0,0.0,0,31.5501407623291,"[0.0, 9.79614257652, 1.12915039044]","[0, 0, 0]",0,3,0.0,0.0,0.0,0,0,0,4294967.295,3750000.384,0,1265,0,0.35441920161247253,2.4525022506713867,0.0,0,state.GROUND_TESTING,11,-32,0,-31,0.0,0,0,"[10.4, 0.5, 16.5, 10.6, 15.9, 15.9, 0, 0]","[3.638, 3.639, 3.639]",0.187,"[2.9888000000000003, 3.3136, 5.0032000000000005, 7.3632, 8.440000000000001, 27.8288]","[0.034375, 0.629375, 0.000625, 0.0025, -0.00625, 0.004375]",0,0,29.5,"[1, 1, 1, 1, 1, 1]",2.4779635861534937,0.0,0.0,0,0.0
1774904363.6023848,"[1, 1, 1, 1, 1, 1]","[1291, 1500, 1500, 1500]","[-25.08, 0.0, 0.0, 0.0]","[0.0, 0.0, 0.0]",0,0.0,0,31.541396865844728,"[0.0, -4.36401367116, -9.49096679532]","[0, 0, 0]",0,3,0.0,0.0,0.0,0,0,0,4294967.295,3750000.384,0,1325,0,0.37791886925697327,2.515982151031494,0.0,0,state.GROUND_TESTING,12,-36,0,-33,0.0,0,0,"[10.6, 0.5, 15.9, 11.3, 15.0, 16.5, 0, 0]","[3.638, 3.639, 3.639]",0.187,"[2.9968000000000004, 3.3136, 5.0016, 7.368, 8.448, 27.824]","[0.038125, 0.59875, -0.003125, -0.00125, -0.00375, 0.000625]",0,0,29.5,"[1, 1, 1, 1, 1, 1]",2.5441888772911083,0.0,0.0,0,0.0
1774904363.6503756,"[1, 1, 1, 1, 1, 1]","[1291, 1500, 1500, 1500]","[-25.08, 0.0, 0.0, 0.0]","[0.0, 0.0, 0.0]",0,0.0,0,31.541396865844728,"[0.0, 0.94604492172, 1.31225585916]","[0, 0, 0]",0,3,0.0,0.0,0.0,0,0,0,4294967.295,3750000.384,0,1379,0,0.8270887136459351,2.479534149169922,0.0,0,state.GROUND_TESTING,13,-35,0,-36,0.0,0,0,"[10.6, 0.5, 17.0, 10.4, 15.5, 16.5, 0, 0]","[3.638, 3.639, 3.639]",0.187,"[2.9968000000000004, 3.3136, 5.0016, 7.368, 8.448, 27.824]","[0.038125, 0.59875, -0.003125, -0.00125, -0.00375, 0.000625]",0,0,29.5,"[1, 1, 1, 1, 1, 1]",2.6137594052888615,0.0,0.0,0,0.0
1774904363.7113643,"[1, 1, 1, 1, 1, 1]","[1291, 1500, 1500, 1500]","[-25.08, 0.0, 0.0, 0.0]","[0.0, 0.0, 0.0]",0,0.0,0,31.532652969360353,"[0.0, -1.19018554668, -1.8310546872]","[0, 0, 0]",0,3,0.0,0.0,0.0,0,0,0,4294967.295,3750000.384,0,1439,0,1.0486338138580322,2.5418283939361572,0.0,0,state.GROUND_TESTING,14,-30,0,-33,0.0,0,0,"[10.6, 0.5, 15.9, 10.6, 15.5, 15.9, 0, 0]","[3.638, 3.639, 3.639]",0.187,"[2.9936000000000003, 3.3120000000000003, 5.0032000000000005, 7.3584000000000005, 8.4544, 27.8256]","[0.029375000000000002, 0.54125, 0.000625, -0.003125, -0.003125, 0.0025]",0,0,29.5,"[1, 1, 1, 1, 1, 1]",2.749509584116069,0.0,0.0,0,0.0
1774904363.7739027,"[1, 1, 1, 1, 1, 1]","[1291, 1500, 1500, 1500]","[-25.08, 0.0, 0.0, 0.0]","[0.0, 0.0, 0.0]",0,0.0,0,31.5151651763916,"[0.0, 0.762939453, -4.45556640552]","[0, 0, 0]",0,3,0.0,0.0,0.0,0,0,0,4294967.295,3750000.384,0,1499,0,1.1115583181381226,2.4191555976867676,0.0,0,state.GROUND_TESTING,15,-28,0,-28,0.0,0,0,"[10.6, 0.5, 15.9, 10.4, 16.5, 16.5, 0, 0]","[3.638, 3.639, 3.639]",0.187,"[2.9936000000000003, 3.3120000000000003, 5.0032000000000005, 7.3584000000000005, 8.4544, 27.8256]","[0.029375000000000002, 0.54125, 0.000625, -0.003125, -0.003125, 0.0025]",0,0,29.5,"[1, 1, 1, 1, 1, 1]",2.662168547593179,0.0,0.0,0,0.0
1774904363.8314314,"[1, 1, 1, 1, 1, 1]","[1291, 1500, 1500, 1500]","[-25.08, 0.0, 0.0, 0.0]","[0.0, 0.0, 0.0]",0,0.0,0,31.510793228149414,"[0.0, -9.3078613266, -3.32641601508]","[0, 0, 0]",0,3,0.0,0.0,0.0,0,0,0,4294967.295,3750000.384,0,1559,0,1.3825383186340332,2.5632076263427734,0.0,0,state.GROUND_TESTING,16,-27,0,-27,0.0,0,0,"[10.6, 0.5, 17.0, 11.1, 16.5, 16.5, 0, 0]","[3.638, 3.639, 3.639]",0.187,"[2.9952, 3.3120000000000003, 5.0048, 7.3584000000000005, 8.4304, 27.8256]","[0.03375, 0.180625, 0.000625, 0.0, -0.004375, -0.00125]",0,0,29.5,"[1, 1, 1, 1, 1, 1]",2.912073176590125,0.0,0.0,0,0.0
1774904363.8844278,"[1, 1, 1, 1, 1, 1]","[1291, 1500, 1500, 1500]","[-25.08, 0.0, 0.0, 0.0]","[0.0, 0.0, 0.0]",0,0.0,0,31.5151651763916,"[0.0, -9.85717773276, -5.55419921784]","[0, 0, 0]",0,3,0.0,0.0,0.0,0,0,0,4294967.295,3750000.384,0,1613,0,1.4646999835968018,2.5344605445861816,0.0,0,state.GROUND_TESTING,17,-26,0,-26,0.0,0,0,"[10.8, 0.5, 17.6, 10.8, 16.5, 15.9, 0, 0]","[3.638, 3.639, 3.639]",0.187,"[2.9952, 3.3120000000000003, 5.0048, 7.3664000000000005, 8.4672, 27.8272]","[0.033125, 0.24625, 0.001875, -0.00375, 0.001875, -0.003125]",0,0,29.5,"[1, 1, 1, 1, 1, 1]",2.9270184111616526,0.0,0.0,0,0.0
1774904363.947966,"[1, 1, 1, 1, 1, 1]","[1291, 1500, 1500, 1500]","[-25.08, 0.0, 0.0, 0.0]","[0.0, 0.0, 0.0]",0,0.0,0,31.5151651763916,"[0.0, 2.16674804652, 11.19995117004]","[0, 0, 0]",0,3,0.0,0.0,0.0,0,0,0,4294967.295,3750000.384,0,1673,0,1.7979488372802734,2.4740500450134277,0.0,0,state.GROUND_TESTING,18,-26,0,-26,0.0,0,0,"[10.4, 0.5, 17.0, 10.8, 17.0, 15.9, 0, 0]","[3.638, 3.639, 3.639]",0.187,"[2.9952, 3.3120000000000003, 5.0048, 7.3664000000000005, 8.4672, 27.8272]","[0.033125, 0.24625, 0.001875, -0.00375, 0.001875, -0.003125]",0,0,29.5,"[1, 1, 1, 1, 1, 1]",3.0580278201258055,0.0,0.0,0,0.0
1774904364.0045063,"[1, 1, 1, 1, 1, 1]","[1291, 1500, 1500, 1500]","[-25.08, 0.0, 0.0, 0.0]","[0.0, 0.0, 0.0]",0,0.0,0,31.5151651763916,"[0.0, -0.21362304684, -1.28173828104]","[0, 0, 0]",0,3,0.0,0.0,0.0,0,0,0,4294967.295,3750000.384,0,1733,0,1.7826855182647705,2.420330047607422,0.0,0,state.GROUND_TESTING,19,-27,0,-26,0.0,0,0,"[10.0, 0.5, 16.5, 10.6, 15.9, 17.0, 0, 0]","[3.638, 3.639, 3.639]",0.187,"[2.9952, 3.3120000000000003, 5.0064, 7.3664000000000005, 8.4352, 27.8272]","[0.031875, 0.253125, -0.00375, -0.003125, -0.001875, -0.005]",0,0,29.5,"[1, 1, 1, 1, 1, 1]",3.0056737253718127,0.0,0.0,0,0.0
1774904364.0650494,"[1, 1, 1, 1, 1, 1]","[1291, 1500, 1500, 1500]","[-25.08, 0.0, 0.0, 0.0]","[0.0, 0.0, 0.0]",0,0.0,0,31.480189590454103,"[0.0, -4.7302246086, -6.1340332021199995]","[0, 0, 0]",0,3,0.0,0.0,0.0,0,0,0,4294967.295,3750000.384,0,1793,0,1.5922514200210571,2.7078025341033936,0.0,0,state.GROUND_TESTING,20,-26,0,-26,0.0,0,0,"[10.6, 0.5, 16.5, 10.6, 15.9, 16.5, 0, 0]","[3.638, 3.639, 3.639]",0.187,"[2.9952, 3.3120000000000003, 5.0064, 7.3664000000000005, 8.4352, 27.8272]","[0.031875, 0.253125, -0.00375, -0.003125, -0.001875, -0.005]",0,0,29.5,"[1, 1, 1, 1, 1, 1]",3.140950692628322,0.0,0.0,0,0.0
1774904364.1182528,"[1, 1, 1, 1, 1, 1]","[1291, 1500, 1500, 1500]","[-25.08, 0.0, 0.0, 0.0]","[0.0, 0.0, 0.0]",0,0.0,0,31.480189590454103,"[0.0, 2.34985351524, 2.4414062496]","[0, 0, 0]",0,3,0.0,0.0,0.0,0,0,0,4294967.295,3750000.384,0,1847,0,1.5315085649490356,2.8298723697662354,0.0,0,state.GROUND_TESTING,21,-26,0,-26,0.0,0,0,"[10.4, 0.5, 16.5, 10.4, 15.9, 15.9, 0, 0]","[3.638, 3.639, 3.639]",0.187,"[2.9952, 3.3120000000000003, 5.0032000000000005, 7.3616, 8.456000000000001, 27.8272]","[0.03125, 0.5906250000000001, -0.003125, 0.00125, -0.0025, -0.000625]",0,0,29.5,"[1, 1, 1, 1, 1, 1]",3.2174195358371844,0.0,0.0,0,0.0
1774904364.1787822,"[1, 1, 1, 1, 1, 1]","[1291, 1500, 1500, 1500]","[-25.08, 0.0, 0.0, 0.0]","[0.0, 0.0, 0.0]",0,0.0,0,31.49767738342285,"[0.0, -1.43432617164, 1.70898437472]","[0, 0, 0]",0,3,0.0,0.0,0.0,0,0,0,4294967.295,3750000.384,0,1907,0,1.6407455205917358,2.939735174179077,0.0,0,state.GROUND_TESTING,22,-26,0,-26,0.0,0,0,"[10.6, 0.5, 15.9, 10.6, 15.9, 15.9, 0, 0]","[3.638, 3.639, 3.639]",0.187,"[2.9952, 3.3120000000000003, 5.0032000000000005, 7.3616, 8.456000000000001, 27.8272]","[0.03125, 0.5906250000000001, -0.003125, 0.00125, -0.0025, -0.000625]",0,0,29.5,"[1, 1, 1, 1, 1, 1]",3.3662629024693675,0.0,0.0,0,0.0
1774904364.2423103,"[1, 1, 1, 1, 1, 1]","[1291, 1500, 1500, 1500]","[-25.08, 0.0, 0.0, 0.0]","[0.0, 0.0, 0.0]",0,0.0,0,31.471445693969727,"[0.0, -12.84790038852, -18.06640624704]","[0, 0, 0]",0,3,0.0,0.0,0.0,0,0,0,4294967.295,3750000.384,0,1967,0,1.360597848892212,3.075246810913086,0.0,0,state.GROUND_TESTING,23,-26,0,-26,0.0,0,0,"[10.4, 0.5, 15.9, 10.4, 14.6, 15.9, 0, 0]","[3.638, 3.639, 3.639]",0.187,"[2.9936000000000003, 3.3072000000000004, 5.0048, 7.3632, 8.4512, 27.8288]","[0.0325, 0.615, -0.0025, 0.0025, -0.003125, 0.00125]",0,0,29.5,"[1, 1, 1, 1, 1, 1]",3.362527526811312,0.0,0.0,0,0.0
1774904364.300315,"[1, 1, 1, 1, 1, 1]","[1291, 1500, 1500, 1500]","[-25.08, 0.0, 0.0, 0.0]","[0.0, 0.0, 0.0]",0,0.0,0,31.46270179748535,"[0.0, -2.96020507764, -7.81249999872]","[0, 0, 0]",0,3,0.0,0.0,0.0,0,0,0,4294967.295,3750000.384,0,2027,0,1.292863368988037,3.233319044113159,0.0,0,state.GROUND_TESTING,24,-26,0,-25,0.0,0,0,"[10.4, 0.5, 16.5, 10.2, 16.5, 15.9, 0, 0]","[3.638, 3.639, 3.639]",0.187,"[2.9936000000000003, 3.3072000000000004, 5.0048, 7.3632, 8.4512, 27.8288]","[0.0325, 0.615, -0.0025, 0.0025, -0.003125, 0.00125]",0,0,29.5,"[1, 1, 1, 1, 1, 1]",3.4819639514063794,0.0,0.0,0,0.0
1774904364.35284,"[1, 1, 1, 1, 1, 1]","[1291, 1500, 1500, 1500]","[-25.08, 0.0, 0.0, 0.0]","[0.0, 0.0, 0.0]",0,0.0,0,31.458329849243164,"[0.0, 1.80053710908, 12.14599609176]","[0, 0, 0]",0,3,0.0,0.0,0.0,0,0,0,4294967.295,3750000.384,0,2081,0,1.2787317037582397,3.3760714530944824,0.0,0,state.GROUND_TESTING,25,-24,0,-24,0.0,0,0,"[10.2, 0.5, 15.9, 10.6, 15.9, 16.5, 0, 0]","[3.638, 3.639, 3.639]",0.187,"[2.9952, 3.3088, 5.0016, 7.364800000000001, 8.4496, 27.8304]","[0.031875, 0.55625, -0.0025, 0.000625, -0.004375, 0.0]",0,0,29.5,"[1, 1, 1, 1, 1, 1]",3.6098643068685488,0.0,0.0,0,0.0
1774904364.4128404,"[1, 1, 1, 1, 1, 1]","[1291, 1500, 1500, 1500]","[-25.08, 0.0, 0.0, 0.0]","[0.0, 0.0, 0.0]",0,0.0,0,31.475817642211915,"[0.0, 4.3029785149199995, 0.03051757812]","[0, 0, 0]",0,3,0.0,0.0,0.0,0,0,0,4294967.295,3750000.384,0,2141,0,1.0956000089645386,3.4719061851501465,0.0,0,state.GROUND_TESTING,26,-24,0,-24,0.0,0,0,"[10.8, 0.5, 17.0, 10.6, 15.0, 15.9, 0, 0]","[3.638, 3.639, 3.639]",0.187,"[2.9952, 3.3088, 5.0016, 7.364800000000001, 8.4496, 27.8304]","[0.031875, 0.55625, -0.0025, 0.000625, -0.004375, 0.0]",0,0,29.5,"[1, 1, 1, 1, 1, 1]",3.6404673281977415,0.0,0.0,0,0.0
1774904364.4723725,"[1, 1, 1, 1, 1, 1]","[1291, 1500, 1500, 1500]","[-25.08, 0.0, 0.0, 0.0]","[0.0, 0.0, 0.0]",0,0.0,0,31.475817642211915,"[0.0, 1.12915039044, -3.32641601508]","[0, 0, 0]",0,3,0.0,0.0,0.0,0,0,0,4294967.295,3750000.384,0,2201,0,0.7894822955131531,3.596451997756958,0.0,0,state.GROUND_TESTING,27,-24,0,-24,0.0,0,0,"[10.8, 0.5, 15.9, 10.6, 15.5, 17.0, 0, 0]","[3.638, 3.639, 3.639]",0.187,"[2.9952, 3.3104, 5.0016, 7.3616, 8.448, 27.8352]","[0.035625000000000004, 0.22187500000000002, -0.004375, -0.00125, 0.0025, 0.00625]",0,0,29.5,"[1, 1, 1, 1, 1, 1]",3.681973716764319,0.0,0.0,0,0.0
1774904364.5334127,"[1, 1, 1, 1, 1, 1]","[1291, 1500, 1500, 1500]","[-25.08, 0.0, 0.0, 0.0]","[0.0, 0.0, 0.0]",0,0.0,0,31.458329849243164,"[0.0, -4.36401367116, 5.7983398428]","[0, 0, 0]",0,3,0.0,0.0,0.0,0,0,0,4294967.295,3750000.384,0,2261,0,1.1187556982040405,3.61904239654541,0.0,0,state.GROUND_TESTING,28,-24,0,-24,0.0,0,0,"[10.6, 0.5, 16.5, 10.6, 15.9, 16.5, 0, 0]","[3.638, 3.639, 3.639]",0.187,"[2.9968000000000004, 3.3104, 5.0032000000000005, 7.3632, 8.4544, 27.8288]","[0.036875, 0.209375, -0.0025, -0.00125, -0.0025, 0.00125]",0,0,29.5,"[1, 1, 1, 1, 1, 1]",3.7877984590217135,0.0,0.0,0,0.0
1774904364.592418,"[1, 1, 1, 1, 1, 1]","[1291, 1500, 1500, 1500]","[-25.08, 0.0, 0.0, 0.0]","[0.0, 0.0, 0.0]",0,0.0,0,31.453957901000976,"[0.0, 4.9133300773199995, 0.94604492172]","[0, 0, 0]",0,3,0.0,0.0,0.0,0,0,0,4294967.295,3750000.384,0,2315,0,1.1040421724319458,3.7581424713134766,0.0,0,state.GROUND_TESTING,29,-24,0,-24,0.0,0,0,"[10.6, 0.5, 16.5, 10.2, 15.5, 17.0, 0, 0]","[3.638, 3.639, 3.639]",0.187,"[2.9968000000000004, 3.3104, 5.0032000000000005, 7.3632, 8.4544, 27.8288]","[0.036875, 0.209375, -0.0025, -0.00125, -0.0025, 0.00125]",0,0,29.5,"[1, 1, 1, 1, 1, 1]",3.9167327415466833,0.0,0.0,0,0.0
1774904364.6492183,"[1, 1, 1, 1, 1, 1]","[1291, 1500, 1500, 1500]","[-25.08, 0.0, 0.0, 0.0]","[0.0, 0.0, 0.0]",0,0.0,0,31.46270179748535,"[0.0, -9.85717773276, -5.7678222646799995]","[0, 0, 0]",0,3,0.0,0.0,0.0,0,0,0,4294967.295,3750000.384,0,2375,0,0.7713937163352966,3.7788589000701904,0.0,0,state.GROUND_TESTING,30,-24,0,-24,0.0,0,0,"[10.6, 0.5, 16.5, 10.4, 15.9, 15.9, 0, 0]","[3.638, 3.639, 3.639]",0.187,"[2.9952, 3.3120000000000003, 5.0064, 7.368, 8.432, 27.8272]","[0.03125, 0.238125, 0.000625, 0.000625, 0.0, -0.005625]",0,0,29.5,"[1, 1, 1, 1, 1, 1]",3.8566773001765,0.0,0.0,0,0.0
1774904364.7082212,"[1, 1, 1, 1, 1, 1]","[1291, 1500, 1500, 1500]","[-25.08, 0.0, 0.0, 0.0]","[0.0, 0.0, 0.0]",0,0.0,0,31.46270179748535,"[0.0, 1.73950195284, 8.02612304556]","[0, 0, 0]",0,3,0.0,0.0,0.0,0,0,0,4294967.295,3750000.384,0,2435,0,0.880353569984436,3.9241230487823486,0.0,0,state.GROUND_TESTING,31,-24,0,-24,0.0,0,0,"[10.2, 0.5, 16.5, 10.4, 15.9, 17.6, 0, 0]","[3.638, 3.639, 3.639]",0.187,"[2.9952, 3.3120000000000003, 5.0064, 7.368, 8.432, 27.8272]","[0.03125, 0.238125, 0.000625, 0.000625, 0.0, -0.005625]",0,0,29.5,"[1, 1, 1, 1, 1, 1]",4.021511147111338,0.0,0.0,0,0.0
1774904364.766757,"[1, 1, 1, 1, 1, 1]","[1291, 1500, 1500, 1500]","[-25.08, 0.0, 0.0, 0.0]","[0.0, 0.0, 0.0]",0,0.0,0,31.449585952758788,"[0.0, -2.96020507764, 7.8430175768399994]","[0, 0, 0]",0,3,0.0,0.0,0.0,0,0,0,4294967.295,3750000.384,0,2495,0,1.0585639476776123,4.043781757354736,0.0,0,state.GROUND_TESTING,32,-24,0,-24,0.0,0,0,"[10.4, 0.5, 15.9, 11.3, 15.5, 17.0, 0, 0]","[3.638, 3.639, 3.639]",0.187,"[2.9968000000000004, 3.3104, 5.0032000000000005, 7.3632, 8.4672, 27.8288]","[0.033125, 0.245, -0.003125, -0.001875, -0.000625, -0.0025]",0,0,29.5,"[1, 1, 1, 1, 1, 1]",4.179816660393063,0.0,0.0,0,0.0
1774904364.8257666,"[1, 1, 1, 1, 1, 1]","[1291, 1500, 1500, 1500]","[-25.08, 0.0, 0.0, 0.0]","[0.0, 0.0, 0.0]",0,0.0,0,31.453957901000976,"[0.0, -12.23754882612, -9.094238279759999]","[0, 0, 0]",0,3,0.0,0.0,0.0,0,0,0,4294967.295,3750000.384,0,2549,0,1.121260404586792,4.098207950592041,0.0,0,state.GROUND_TESTING,33,-24,0,-24,0.0,0,0,"[10.6, 0.5, 15.9, 10.6, 15.0, 17.0, 0, 0]","[3.638, 3.639, 3.639]",0.187,"[2.9968000000000004, 3.3104, 5.0032000000000005, 7.3632, 8.4672, 27.8288]","[0.033125, 0.245, -0.003125, -0.001875, -0.000625, -0.0025]",0,0,29.5,"[1, 1, 1, 1, 1, 1]",4.248574874848865,0.0,0.0,0,0.0
1774904364.8812873,"[1, 1, 1, 1, 1, 1]","[1291, 1500, 1500, 1500]","[-25.08, 0.0, 0.0, 0.0]","[0.0, 0.0, 0.0]",0,0.0,0,31.43209815979004,"[0.0, -3.14331054636, 7.65991210812]","[0, 0, 0]",0,3,0.0,0.0,0.0,0,0,0,4294967.295,3750000.384,0,2609,0,1.2662298679351807,4.267270088195801,0.0,0,state.GROUND_TESTING,34,-24,0,-24,0.0,0,0,"[10.6, 0.5, 16.5, 10.6, 15.5, 15.9, 0, 0]","[3.638, 3.639, 3.639]",0.187,"[2.9984, 3.3120000000000003, 5.0032000000000005, 7.36, 8.448, 27.8288]","[0.035, 0.45, 0.0, 0.000625, 0.000625, -0.0025]",0,0,29.5,"[1, 1, 1, 1, 1, 1]",4.450838835577663,0.0,0.0,0,0.0
1774904364.943823,"[1, 1, 1, 1, 1, 1]","[1291, 1500, 1500, 1500]","[-25.08, 0.0, 0.0, 0.0]","[0.0, 0.0, 0.0]",0,0.0,0,31.440842056274413,"[0.0, -10.10131835772, -9.49096679532]","[0, 0, 0]",0,3,0.0,0.0,0.0,0,0,0,4294967.295,3750000.384,0,2669,0,1.217392921447754,4.468084335327148,0.0,0,state.GROUND_TESTING,35,-24,0,-24,0.0,0,0,"[10.6, 0.5, 17.0, 10.6, 15.9, 17.6, 0, 0]","[3.638, 3.639, 3.639]",0.187,"[2.9984, 3.3120000000000003, 5.0032000000000005, 7.36, 8.448, 27.8288]","[0.035, 0.45, 0.0, 0.000625, 0.000625, -0.0025]",0,0,29.5,"[1, 1, 1, 1, 1, 1]",4.6306390036537355,0.0,0.0,0,0.0
1774904365.005364,"[1, 1, 1, 1, 1, 1]","[1291, 1500, 1500, 1500]","[-25.08, 0.0, 0.0, 0.0]","[0.0, 0.0, 0.0]",0,0.0,0,31.4452140045166,"[0.0, -4.36401367116, -1.46484374976]","[0, 0, 0]",0,3,0.0,0.0,0.0,0,0,0,4294967.295,3750000.384,0,2729,0,1.2802575826644897,5.299968719482422,0.0,0,state.GROUND_TESTING,36,-25,0,-24,0.0,0,0,"[10.4, 0.5, 16.5, 10.6, 15.5, 15.9, 0, 0]","[3.638, 3.639, 3.639]",0.187,"[2.9968000000000004, 3.3120000000000003, 5.0048, 7.3664000000000005, 8.4352, 27.8272]","[0.031875, 0.619375, -0.003125, -0.000625, -0.0025, -0.00375]",0,0,29.5,"[1, 1, 1, 1, 1, 1]",5.451976719910841,0.0,0.0,0,0.0
1774904365.0548956,"[1, 1, 1, 1, 1, 1]","[1291, 1500, 1500, 1500]","[-25.08, 0.0, 0.0, 0.0]","[0.0, 0.0, 0.0]",0,0.0,0,31.440842056274413,"[0.0, -7.29370117068, -5.37109374912]","[0, 0, 0]",0,3,0.0,0.0,0.0,0,0,0,4294967.295,3750000.384,0,2783,0,1.1061179637908936,5.663546562194824,0.0,0,state.GROUND_TESTING,37,-26,0,-24,0.0,0,0,"[10.4, 0.5, 15.9, 10.4, 17.0, 16.5, 0, 0]","[3.638, 3.639, 3.639]",0.187,"[2.9968000000000004, 3.3120000000000003, 5.0048, 7.3664000000000005, 8.4352, 27.8272]","[0.031875, 0.619375, -0.003125, -0.000625, -0.0025, -0.00375]",0,0,29.5,"[1, 1, 1, 1, 1, 1]",5.770205286876301,0.0,0.0,0,0.0
1774904365.1154237,"[1, 1, 1, 1, 1, 1]","[1291, 1500, 1500, 1500]","[-25.08, 0.0, 0.0, 0.0]","[0.0, 0.0, 0.0]",0,0.0,0,31.43209815979004,"[0.0, -9.67407226404, 5.24902343664]","[0, 0, 0]",0,3,0.0,0.0,0.0,0,0,0,4294967.295,3750000.384,0,2843,0,1.2095670700073242,5.7636494636535645,0.0,0,state.GROUND_TESTING,38,-26,0,-24,0.0,0,0,"[10.6, 0.5, 17.0, 10.4, 15.9, 17.0, 0, 0]","[3.638, 3.639, 3.639]",0.187,"[2.9936000000000003, 3.3136, 5.0032000000000005, 7.364800000000001, 8.4624, 27.8272]","[0.030625, 0.57875, -0.0025, 0.000625, -0.005, 0.00125]",0,0,29.5,"[1, 1, 1, 1, 1, 1]",5.8887833329587345,0.0,0.0,0,0.0
1774904365.181336,"[1, 1, 1, 1, 1, 1]","[1291, 1500, 1500, 1500]","[-25.08, 0.0, 0.0, 0.0]","[0.0, 0.0, 0.0]",0,0.0,0,31.423354263305665,"[0.0, -5.9509277334, 5.61523437408]","[0, 0, 0]",0,3,0.0,0.0,0.0,0,0,0,4294967.295,3750000.384,0,2903,0,1.123521327972412,5.936376571655273,0.0,0,state.GROUND_TESTING,39,-26,0,-25,0.0,0,0,"[10.4, 0.5, 17.6, 10.6, 15.9, 16.5, 0, 0]","[3.638, 3.639, 3.639]",0.187,"[2.9936000000000003, 3.3136, 5.0032000000000005, 7.364800000000001, 8.4624, 27.8272]","[0.030625, 0.57875, -0.0025, 0.000625, -0.005, 0.00125]",0,0,29.5,"[1, 1, 1, 1, 1, 1]",6.0413861603742625,0.0,0.0,0,0.0
1774904365.23487,"[1, 1, 1, 1, 1, 1]","[1291, 1500, 1500, 1500]","[-25.08, 0.0, 0.0, 0.0]","[0.0, 0.0, 0.0]",0,0.0,0,31.427726211547853,"[0.0, 2.71606445268, -10.04028320148]","[0, 0, 0]",0,3,0.0,0.0,0.0,0,0,0,4294967.295,3750000.384,0,2963,0,0.8772295713424683,5.938224792480469,0.0,0,state.GROUND_TESTING,40,-24,0,-24,0.0,0,0,"[10.6, 0.5, 15.9, 10.6, 15.9, 15.9, 0, 0]","[3.638, 3.639, 3.639]",0.187,"[2.9968000000000004, 3.3088, 5.0032000000000005, 7.3616, 8.443200000000001, 27.8256]","[0.039375, 0.231875, -0.004375, -0.003125, 0.000625, 0.000625]",0,0,29.5,"[1, 1, 1, 1, 1, 1]",6.002440175542537,0.0,0.0,0,0.0
1774904365.2888837,"[1, 1, 1, 1, 1, 1]","[1291, 1500, 1500, 1500]","[-25.08, 0.0, 0.0, 0.0]","[0.0, 0.0, 0.0]",0,0.0,0,31.440842056274413,"[0.0, 7.4768066393999995, 6.16455078024]","[0, 0, 0]",0,3,0.0,0.0,0.0,0,0,0,4294967.295,3750000.384,0,3017,0,1.3043516874313354,5.639958381652832,0.0,0,state.GROUND_TESTING,41,-25,0,-24,0.0,0,0,"[10.6, 0.5, 17.0, 10.6, 15.9, 16.5, 0, 0]","[3.638, 3.639, 3.639]",0.187,"[2.9968000000000004, 3.3088, 5.0032000000000005, 7.3616, 8.443200000000001, 27.8256]","[0.039375, 0.231875, -0.004375, -0.003125, 0.000625, 0.000625]",0,0,29.5,"[1, 1, 1, 1, 1, 1]",5.788347349662582,0.0,0.0,0,0.0
1774904365.3493984,"[1, 1, 1, 1, 1, 1]","[1291, 1500, 1500, 1500]","[-25.08, 0.0, 0.0, 0.0]","[0.0, 0.0, 0.0]",0,0.0,0,31.405866470336914,"[0.0, 1.55639648412, -2.01416015592]","[0, 0, 0]",0,3,0.0,0.0,0.0,0,0,0,4294967.295,3750000.384,0,3077,0,1.2631393671035767,5.625922203063965,0.0,0,state.GROUND_TESTING,42,-26,0,-24,0.0,0,0,"[10.6, 0.5, 17.6, 10.8, 16.5, 17.6, 0, 0]","[3.638, 3.639, 3.639]",0.187,"[2.9968000000000004, 3.3120000000000003, 5.0032000000000005, 7.3664000000000005, 8.4384, 27.8256]","[0.030625, 0.2475, -0.0025, 0.0, -0.003125, -0.00125]",0,0,29.5,"[1, 1, 1, 1, 1, 1]",5.765534712474394,0.0,0.0,0,0.0
1774904365.4093986,"[1, 1, 1, 1, 1, 1]","[1291, 1500, 1500, 1500]","[-25.08, 0.0, 0.0, 0.0]","[0.0, 0.0, 0.0]",0,0.0,0,31.4102384185791,"[0.0, -4.7302246086, -6.68334960828]","[0, 0, 0]",0,3,0.0,0.0,0.0,0,0,0,4294967.295,3750000.384,0,3137,0,1.3818660974502563,5.32806921005249,0.0,0,state.GROUND_TESTING,43,-25,0,-24,0.0,0,0,"[10.8, 0.5, 18.2, 11.1, 15.9, 16.5, 0, 0]","[3.638, 3.639, 3.639]",0.187,"[2.9968000000000004, 3.3104, 5.0016, 7.364800000000001, 8.456000000000001, 27.8272]","[0.030625, 0.22187500000000002, -0.0025, -0.0025, 0.0025, -0.0025]",0,0,29.5,"[1, 1, 1, 1, 1, 1]",5.503850260596267,0.0,0.0,0,0.0
1774904365.4699433,"[1, 1, 1, 1, 1, 1]","[1291, 1500, 1500, 1500]","[-25.08, 0.0, 0.0, 0.0]","[0.0, 0.0, 0.0]",0,0.0,0,31.384006729125975,"[0.0, 4.9133300773199995, 12.512207029199999]","[0, 0, 0]",0,3,0.0,0.0,0.0,0,0,0,4294967.295,3750000.384,0,3197,0,1.4093464612960815,5.114442348480225,0.0,0,state.GROUND_TESTING,44,-26,0,-24,0.0,0,0,"[11.1, 0.5, 16.5, 10.4, 17.0, 16.5, 0, 0]","[3.638, 3.639, 3.639]",0.187,"[2.9968000000000004, 3.3104, 5.0016, 7.364800000000001, 8.456000000000001, 27.8272]","[0.030625, 0.22187500000000002, -0.0025, -0.0025, 0.0025, -0.0025]",0,0,29.5,"[1, 1, 1, 1, 1, 1]",5.304573445906951,0.0,0.0,0,0.0
1774904365.5300157,"[1, 1, 1, 1, 1, 1]","[1291, 1500, 1500, 1500]","[-25.08, 0.0, 0.0, 0.0]","[0.0, 0.0, 0.0]",0,0.0,0,31.388378677368163,"[0.0, 7.65991210812, 1.89208984344]","[0, 0, 0]",0,3,0.0,0.0,0.0,0,0,0,4294967.295,3750000.384,0,3251,0,1.2088344097137451,5.248514175415039,0.0,0,state.GROUND_TESTING,45,-26,0,-25,0.0,0,0,"[10.6, 0.5, 17.0, 10.8, 16.5, 16.5, 0, 0]","[3.638, 3.639, 3.639]",0.187,"[2.9952, 3.3104, 5.0032000000000005, 7.3616, 8.4352, 27.8272]","[0.035625000000000004, 0.27875, -0.00125, -0.00125, -0.001875, -0.00375]",0,0,29.5,"[1, 1, 1, 1, 1, 1]",5.385544720706634,0.0,0.0,0,0.0
1774904365.583015,"[1, 1, 1, 1, 1, 1]","[1291, 1500, 1500, 1500]","[-25.08, 0.0, 0.0, 0.0]","[0.0, 0.0, 0.0]",0,0.0,0,31.39275062561035,"[0.0, 16.3269042942, 2.62451171832]","[0, 0, 0]",0,3,0.0,0.0,0.0,0,0,0,4294967.295,3750000.384,0,3311,0,1.387359619140625,4.932987689971924,0.0,0,state.GROUND_TESTING,46,-25,0,-24,0.0,0,0,"[10.2, 0.5, 17.0, 10.4, 15.9, 16.5, 0, 0]","[3.638, 3.639, 3.639]",0.187,"[2.9952, 3.3104, 5.0032000000000005, 7.3616, 8.4352, 27.8272]","[0.035625000000000004, 0.27875, -0.00125, -0.00125, -0.001875, -0.00375]",0,0,29.5,"[1, 1, 1, 1, 1, 1]",5.1239024030913125,0.0,0.0,0,0.0
1774904365.6483982,"[1, 1, 1, 1, 1, 1]","[1291, 1500, 1500, 1500]","[-25.08, 0.0, 0.0, 0.0]","[0.0, 0.0, 0.0]",0,0.0,0,31.384006729125975,"[0.0, 9.18579101412, 5.06591796792]","[0, 0, 0]",0,3,0.0,0.0,0.0,0,0,0,4294967.295,3750000.384,0,3371,0,1.399840235710144,4.889688491821289,0.0,0,state.GROUND_TESTING,47,-24,0,-24,0.0,0,0,"[10.4, 0.5, 17.0, 10.8, 15.9, 17.6, 0, 0]","[3.638, 3.639, 3.639]",0.187,"[2.9952, 3.3104, 5.0048, 7.3664000000000005, 8.459200000000001, 27.8272]","[0.031875, 0.613125, -0.005625, -0.000625, -0.00625, -0.00125]",0,0,29.5,"[1, 1, 1, 1, 1, 1]",5.085651041582411,0.0,0.0,0,0.0
1774904365.7043989,"[1, 1, 1, 1, 1, 1]","[1291, 1500, 1500, 1500]","[-25.08, 0.0, 0.0, 0.0]","[0.0, 0.0, 0.0]",0,0.0,0,31.384006729125975,"[0.0, 3.14331054636, 1.89208984344]","[0, 0, 0]",0,3,0.0,0.0,0.0,0,0,0,4294967.295,3750000.384,0,3431,0,1.4907432794570923,4.800619602203369,0.0,0,state.GROUND_TESTING,48,-25,0,-24,0.0,0,0,"[10.8, 0.5, 17.0, 10.6, 15.9, 17.6, 0, 0]","[3.638, 3.639, 3.639]",0.187,"[2.9952, 3.3104, 5.0048, 7.3664000000000005, 8.459200000000001, 27.8272]","[0.031875, 0.613125, -0.005625, -0.000625, -0.00625, -0.00125]",0,0,29.5,"[1, 1, 1, 1, 1, 1]",5.026237266175838,0.0,0.0,0,0.0
1774904365.7569125,"[1, 1, 1, 1, 1, 1]","[1291, 1500, 1500, 1500]","[-25.08, 0.0, 0.0, 0.0]","[0.0, 0.0, 0.0]",0,0.0,0,31.370890884399415,"[0.0, -6.1340332021199995, -0.1525878906]","[0, 0, 0]",0,3,0.0,0.0,0.0,0,0,0,4294967.295,3750000.384,0,3485,0,1.3238693475723267,5.130698204040527,0.0,0,state.GROUND_TESTING,49,-25,0,-25,0.0,0,0,"[11.1, 0.5, 17.0, 10.8, 15.5, 16.5, 0, 0]","[3.638, 3.639, 3.639]",0.187,"[2.9952, 3.3120000000000003, 4.9984, 7.364800000000001, 8.448, 27.8272]","[0.031875, 0.6375000000000001, -0.001875, -0.0025, -0.001875, -0.0025]",0,0,29.5,"[1, 1, 1, 1, 1, 1]",5.298302255702525,0.0,0.0,0,0.0
1774904365.8189275,"[1, 1, 1, 1, 1, 1]","[1291, 1500, 1500, 1500]","[-25.08, 0.0, 0.0, 0.0]","[0.0, 0.0, 0.0]",0,0.0,0,31.36214698791504,"[0.0, 0.39672851556, -7.2326660144399995]","[0, 0, 0]",0,3,0.0,0.0,0.0,0,0,0,4294967.295,3750000.384,0,3545,0,1.1050282716751099,5.309530258178711,0.0,0,state.GROUND_TESTING,50,-25,0,-24,0.0,0,0,"[10.4, 0.5, 16.5, 10.4, 15.9, 15.9, 0, 0]","[3.638, 3.639, 3.639]",0.187,"[2.9952, 3.3120000000000003, 4.9984, 7.364800000000001, 8.448, 27.8272]","[0.031875, 0.6375000000000001, -0.001875, -0.0025, -0.001875, -0.0025]",0,0,29.5,"[1, 1, 1, 1, 1, 1]",5.422979032786003,0.0,0.0,0,0.0
1774904365.880453,"[1, 1, 1, 1, 1, 1]","[1291, 1500, 1500, 1500]","[-25.08, 0.0, 0.0, 0.0]","[0.0, 0.0, 0.0]",0,0.0,0,31.34465919494629,"[0.0, -10.46752929516, -11.9018554668]","[0, 0, 0]",0,3,0.0,0.0,0.0,0,0,0,4294967.295,3750000.384,0,3605,0,0.9927529096603394,5.24113655090332,0.0,0,state.GROUND_TESTING,51,-25,0,-24,0.0,0,0,"[10.6, 0.5, 15.5, 10.4, 15.9, 16.5, 0, 0]","[3.638, 3.639, 3.639]",0.187,"[2.9936000000000003, 3.3120000000000003, 5.0048, 7.3552, 8.427200000000001, 27.8256]","[0.028125, 0.62625, -0.0025, 0.00125, -0.005625, 0.00125]",0,0,29.5,"[1, 1, 1, 1, 1, 1]",5.33407162922197,0.0,0.0,0,0.0
1774904365.9379673,"[1, 1, 1, 1, 1, 1]","[1291, 1500, 1500, 1500]","[-25.08, 0.0, 0.0, 0.0]","[0.0, 0.0, 0.0]",0,0.0,0,31.349031143188476,"[0.0, -9.06372070164, -9.49096679532]","[0, 0, 0]",0,3,0.0,0.0,0.0,0,0,0,4294967.295,3750000.384,0,3665,0,0.8764449954032898,5.565283298492432,0.0,0,state.GROUND_TESTING,52,-24,0,-24,0.0,0,0,"[10.6, 0.5, 17.0, 10.4, 15.5, 15.9, 0, 0]","[3.638, 3.639, 3.639]",0.187,"[2.9936000000000003, 3.3120000000000003, 5.0048, 7.3552, 8.427200000000001, 27.8256]","[0.028125, 0.62625, -0.0025, 0.00125, -0.005625, 0.00125]",0,0,29.5,"[1, 1, 1, 1, 1, 1]",5.633659262333135,0.0,0.0,0,0.0
1774904365.995499,"[1, 1, 1, 1, 1, 1]","[1291, 1500, 1500, 1500]","[-25.08, 0.0, 0.0, 0.0]","[0.0, 0.0, 0.0]",0,0.0,0,31.366518936157227,"[0.0, 0.94604492172, 17.33398437216]","[0, 0, 0]",0,3,0.0,0.0,0.0,0,0,0,4294967.295,3750000.384,0,3719,0,1.2424559593200684,5.426455020904541,0.0,0,state.GROUND_TESTING,53,-24,0,-24,0.0,0,0,"[10.6, 0.5, 17.6, 10.4, 15.5, 17.0, 0, 0]","[3.638, 3.639, 3.639]",0.187,"[2.9952, 3.3120000000000003, 5.0016, 7.3584000000000005, 8.456000000000001, 27.8288]","[0.03, 0.24125, -0.00125, -0.003125, -0.000625, -0.004375]",0,0,29.5,"[1, 1, 1, 1, 1, 1]",5.566461389485207,0.0,0.0,0,0.0
1774904366.0520413,"[1, 1, 1, 1, 1, 1]","[1291, 1500, 1500, 1500]","[-25.08, 0.0, 0.0, 0.0]","[0.0, 0.0, 0.0]",0,0.0,0,31.353403091430664,"[0.0, -1.61743164036, -16.38793945044]","[0, 0, 0]",0,3,0.0,0.0,0.0,0,0,0,4294967.295,3750000.384,0,3779,0,1.2768946886062622,5.469831943511963,0.0,0,state.GROUND_TESTING,54,-24,0,-24,0.0,0,0,"[10.4, 0.5, 16.5, 10.4, 15.5, 16.5, 0, 0]","[3.638, 3.639, 3.639]",0.187,"[2.9952, 3.3104, 5.0048, 7.3664000000000005, 8.456000000000001, 27.8272]","[0.035625000000000004, 0.194375, -0.004375, 0.0, 0.000625, -0.000625]",0,0,29.5,"[1, 1, 1, 1, 1, 1]",5.616454851117657,0.0,0.0,0,0.0
1774904366.113066,"[1, 1, 1, 1, 1, 1]","[1291, 1500, 1500, 1500]","[-25.08, 0.0, 0.0, 0.0]","[0.0, 0.0, 0.0]",0,0.0,0,31.322799453735353,"[0.0, 3.69262695252, 9.338378904719999]","[0, 0, 0]",0,3,0.0,0.0,0.0,0,0,0,4294967.295,3750000.384,0,3839,0,1.3956124782562256,5.707263946533203,0.0,0,state.GROUND_TESTING,55,-23,0,-23,0.0,0,0,"[10.8, 0.5, 17.6, 10.8, 15.9, 17.0, 0, 0]","[3.638, 3.639, 3.639]",0.187,"[2.9952, 3.3104, 5.0048, 7.3664000000000005, 8.456000000000001, 27.8272]","[0.035625000000000004, 0.194375, -0.004375, 0.0, 0.000625, -0.000625]",0,0,29.5,"[1, 1, 1, 1, 1, 1]",5.874874419891843,0.0,0.0,0,0.0
1774904366.1733427,"[1, 1, 1, 1, 1, 1]","[1291, 1500, 1500, 1500]","[-25.08, 0.0, 0.0, 0.0]","[0.0, 0.0, 0.0]",0,0.0,0,31.357775039672852,"[0.0, -4.7302246086, -31.280517573]","[0, 0, 0]",0,3,0.0,0.0,0.0,0,0,0,4294967.295,3750000.384,0,3899,0,1.5457359552383423,5.41001558303833,0.0,0,state.GROUND_TESTING,56,-23,0,-23,0.0,0,0,"[10.4, 0.5, 17.0, 10.6, 15.5, 15.5, 0, 0]","[3.638, 3.639, 3.639]",0.187,"[2.9968000000000004, 3.3120000000000003, 5.0032000000000005, 7.364800000000001, 8.4352, 27.8272]","[0.035625000000000004, 0.24125, -0.0025, -0.003125, -0.0025, -0.00375]",0,0,29.5,"[1, 1, 1, 1, 1, 1]",5.625874419549697,0.0,0.0,0,0.0
1774904366.226354,"[1, 1, 1, 1, 1, 1]","[1291, 1500, 1500, 1500]","[-25.08, 0.0, 0.0, 0.0]","[0.0, 0.0, 0.0]",0,0.0,0,31.353403091430664,"[0.0, -11.26098632628, -0.1525878906]","[0, 0, 0]",0,3,0.0,0.0,0.0,0,0,0,4294967.295,3750000.384,0,3953,0,1.384194254875183,5.6213178634643555,0.0,0,state.GROUND_TESTING,57,-23,0,-23,0.0,0,0,"[10.6, 0.5, 17.6, 11.1, 15.9, 17.0, 0, 0]","[3.638, 3.639, 3.639]",0.187,"[2.9968000000000004, 3.3120000000000003, 5.0032000000000005, 7.364800000000001, 8.4352, 27.8272]","[0.035625000000000004, 0.24125, -0.0025, -0.003125, -0.0025, -0.00375]",0,0,29.5,"[1, 1, 1, 1, 1, 1]",5.788700760510439,0.0,0.0,0,0.0
1774904366.2888823,"[1, 1, 1, 1, 1, 1]","[1291, 1500, 1500, 1500]","[-25.08, 0.0, 0.0, 0.0]","[0.0, 0.0, 0.0]",0,0.0,0,31.357775039672852,"[0.0, 8.45336913924, 3.75366210876]","[0, 0, 0]",0,3,0.0,0.0,0.0,0,0,0,4294967.295,3750000.384,0,4013,0,1.3552030324935913,5.914300441741943,0.0,0,state.GROUND_TESTING,58,-23,0,-23,0.0,0,0,"[10.4, 0.5, 17.6, 10.6, 16.5, 16.5, 0, 0]","[3.638, 3.639, 3.639]",0.187,"[2.9952, 3.3104, 5.0032000000000005, 7.3616, 8.4448, 27.8256]","[0.036875, 0.264375, -0.001875, -0.003125, -0.003125, -0.003125]",0,0,29.5,"[1, 1, 1, 1, 1, 1]",6.067041871403785,0.0,0.0,0,0.0
1774904366.351419,"[1, 1, 1, 1, 1, 1]","[1291, 1500, 1500, 1500]","[-25.08, 0.0, 0.0, 0.0]","[0.0, 0.0, 0.0]",0,0.0,0,31.327171401977537,"[0.0, -4.5471191398799995, -8.91113281104]","[0, 0, 0]",0,3,0.0,0.0,0.0,0,0,0,4294967.295,3750000.384,0,4073,0,1.2148165702819824,6.08887243270874,0.0,0,state.GROUND_TESTING,59,-23,0,-23,0.0,0,0,"[10.8, 0.5, 15.9, 10.6, 15.9, 16.5, 0, 0]","[3.638, 3.639, 3.639]",0.187,"[2.9952, 3.3104, 5.0032000000000005, 7.3616, 8.4448, 27.8256]","[0.036875, 0.264375, -0.001875, -0.003125, -0.003125, -0.003125]",0,0,29.5,"[1, 1, 1, 1, 1, 1]",6.208428696338592,0.0,0.0,0,0.0
1774904366.4054205,"[1, 1, 1, 1, 1, 1]","[1291, 1500, 1500, 1500]","[-25.08, 0.0, 0.0, 0.0]","[0.0, 0.0, 0.0]",0,0.0,0,31.318427505493165,"[0.0, -4.7302246086, 7.4768066393999995]","[0, 0, 0]",0,3,0.0,0.0,0.0,0,0,0,4294967.295,3750000.384,0,4133,0,1.6203596591949463,6.004640579223633,0.0,0,state.GROUND_TESTING,60,-23,0,-23,0.0,0,0,"[10.6, 0.5, 16.5, 10.6, 16.5, 16.5, 0, 0]","[3.638, 3.639, 3.639]",0.187,"[2.9936000000000003, 3.3120000000000003, 5.0032000000000005, 7.3664000000000005, 8.4288, 27.832]","[0.038125, 0.6062500000000001, -0.00375, -0.001875, -0.003125, -0.00125]",0,0,29.5,"[1, 1, 1, 1, 1, 1]",6.218653711721532,0.0,0.0,0,0.0
1774904366.4609556,"[1, 1, 1, 1, 1, 1]","[1291, 1500, 1500, 1500]","[-25.08, 0.0, 0.0, 0.0]","[0.0, 0.0, 0.0]",0,0.0,0,31.331543350219725,"[0.0, -8.0871582018, -1.46484374976]","[0, 0, 0]",0,3,0.0,0.0,0.0,0,0,0,4294967.295,3750000.384,0,4187,0,1.5046671628952026,6.190640449523926,0.0,0,state.GROUND_TESTING,61,-23,0,-23,0.0,0,0,"[10.6, 0.5, 17.0, 10.6, 15.5, 16.5, 0, 0]","[3.638, 3.639, 3.639]",0.187,"[2.9936000000000003, 3.3120000000000003, 5.0032000000000005, 7.3664000000000005, 8.4288, 27.832]","[0.038125, 0.6062500000000001, -0.00375, -0.001875, -0.003125, -0.00125]",0,0,29.5,"[1, 1, 1, 1, 1, 1]",6.370183277002892,0.0,0.0,0,0.0
1774904366.5244997,"[1, 1, 1, 1, 1, 1]","[1291, 1500, 1500, 1500]","[-25.08, 0.0, 0.0, 0.0]","[0.0, 0.0, 0.0]",0,0.0,0,31.30968360900879,"[0.0, 6.2561035145999995, -6.8664550769999995]","[0, 0, 0]",0,3,0.0,0.0,0.0,0,0,0,4294967.295,3750000.384,0,4247,0,1.5208592414855957,6.287667274475098,0.0,0,state.GROUND_TESTING,62,-23,0,-23,0.0,0,0,"[10.4, 0.5, 17.0, 10.4, 15.9, 16.5, 0, 0]","[3.638, 3.639, 3.639]",0.187,"[2.9984, 3.3088, 5.0032000000000005, 7.364800000000001, 8.4624, 27.832]","[0.035, 0.629375, -0.003125, 0.001875, -0.00125, -0.003125]",0,0,29.5,"[1, 1, 1, 1, 1, 1]",6.468267117399517,0.0,0.0,0,0.0
1774904366.582036,"[1, 1, 1, 1, 1, 1]","[1291, 1500, 1500, 1500]","[-25.08, 0.0, 0.0, 0.0]","[0.0, 0.0, 0.0]",0,0.0,0,31.331543350219725,"[0.0, -12.84790038852, -0.9155273436]","[0, 0, 0]",0,3,0.0,0.0,0.0,0,0,0,4294967.295,3750000.384,0,4307,0,1.5428231954574585,6.357860088348389,0.0,0,state.GROUND_TESTING,63,-23,0,-23,0.0,0,0,"[10.4, 0.5, 17.0, 10.8, 15.9, 15.9, 0, 0]","[3.638, 3.639, 3.639]",0.187,"[2.9984, 3.3088, 5.0032000000000005, 7.364800000000001, 8.4624, 27.832]","[0.035, 0.629375, -0.003125, 0.001875, -0.00125, -0.003125]",0,0,29.5,"[1, 1, 1, 1, 1, 1]",6.541628999610558,0.0,0.0,0,0.0
1774904366.6401463,"[1, 1, 1, 1, 1, 1]","[1291, 1500, 1500, 1500]","[-25.08, 0.0, 0.0, 0.0]","[0.0, 0.0, 0.0]",0,0.0,0,31.305311660766602,"[0.0, -5.340576171, 1.31225585916]","[0, 0, 0]",0,3,0.0,0.0,0.0,0,0,0,4294967.295,3750000.384,0,4367,0,1.6072665452957153,6.337075710296631,0.0,0,state.GROUND_TESTING,64,-23,0,-23,0.0,0,0,"[10.6, 0.5, 15.9, 10.8, 15.5, 16.5, 0, 0]","[3.638, 3.639, 3.639]",0.187,"[2.9936000000000003, 3.3104, 5.0032000000000005, 7.36, 8.448, 27.8272]","[0.03625, 0.233125, 0.000625, 0.000625, -0.0025, 0.003125]",0,0,29.5,"[1, 1, 1, 1, 1, 1]",6.536917569063203,0.0,0.0,0,0.0
1774904366.6961403,"[1, 1, 1, 1, 1, 1]","[1291, 1500, 1500, 1500]","[-25.08, 0.0, 0.0, 0.0]","[0.0, 0.0, 0.0]",0,0.0,0,31.318427505493165,"[0.0, -1.00708007796, -4.63867187424]","[0, 0, 0]",0,3,0.0,0.0,0.0,0,0,0,4294967.295,3750000.384,0,4421,0,1.3374831676483154,6.436572074890137,0.0,0,state.GROUND_TESTING,65,-23,0,-23,0.0,0,0,"[10.6, 0.5, 15.5, 10.6, 15.9, 17.6, 0, 0]","[3.638, 3.639, 3.639]",0.187,"[2.9936000000000003, 3.3104, 5.0032000000000005, 7.36, 8.448, 27.8272]","[0.03625, 0.233125, 0.000625, 0.000625, -0.0025, 0.003125]",0,0,29.5,"[1, 1, 1, 1, 1, 1]",6.57349142114311,0.0,0.0,0,0.0
1774904366.7606754,"[1, 1, 1, 1, 1, 1]","[1291, 1500, 1500, 1500]","[-25.08, 0.0, 0.0, 0.0]","[0.0, 0.0, 0.0]",0,0.0,0,31.300939712524414,"[0.0, 1.80053710908, 5.7983398428]","[0, 0, 0]",0,3,0.0,0.0,0.0,0,0,0,4294967.295,3750000.384,0,4481,0,1.575518012046814,6.4408392906188965,0.0,0,state.GROUND_TESTING,66,-23,0,-23,0.0,0,0,"[11.1, 0.5, 16.5, 10.6, 15.9, 17.6, 0, 0]","[3.638, 3.639, 3.639]",0.187,"[2.9952, 3.3136, 5.0048, 7.364800000000001, 8.456000000000001, 27.8272]","[0.031875, 0.24125, -0.0025, 0.000625, 0.001875, -0.00125]",0,0,29.5,"[1, 1, 1, 1, 1, 1]",6.629947393370153,0.0,0.0,0,0.0
1774904366.8136752,"[1, 1, 1, 1, 1, 1]","[1291, 1500, 1500, 1500]","[-25.08, 0.0, 0.0, 0.0]","[0.0, 0.0, 0.0]",0,0.0,0,31.305311660766602,"[0.0, -4.1809082024399995, 7.29370117068]","[0, 0, 0]",0,3,0.0,0.0,0.0,0,0,0,4294967.295,3750000.384,0,4541,0,1.8876750469207764,6.412179470062256,0.0,0,state.GROUND_TESTING,67,-23,0,-23,0.0,0,0,"[10.8, 0.5, 17.0, 10.6, 15.5, 17.0, 0, 0]","[3.638, 3.639, 3.639]",0.187,"[2.9984, 3.3104, 5.0032000000000005, 7.3664000000000005, 8.4448, 27.8256]","[0.0325, 0.229375, -0.0025, -0.0025, -0.0025, -0.001875]",0,0,29.5,"[1, 1, 1, 1, 1, 1]",6.683148410688894,0.0,0.0,0,0.0
1774904366.8731313,"[1, 1, 1, 1, 1, 1]","[1291, 1500, 1500, 1500]","[-25.08, 0.0, 0.0, 0.0]","[0.0, 0.0, 0.0]",0,0.0,0,31.296567764282226,"[0.0, 8.63647460796, 8.97216796728]","[0, 0, 0]",0,3,0.0,0.0,0.0,0,0,0,4294967.295,3750000.384,0,4601,0,2.0176801681518555,6.658149242401123,0.0,0,state.GROUND_TESTING,68,-23,0,-23,0.0,0,0,"[10.4, 0.5, 15.9, 10.4, 15.5, 16.5, 0, 0]","[3.638, 3.639, 3.639]",0.187,"[2.9984, 3.3104, 5.0032000000000005, 7.3664000000000005, 8.4448, 27.8256]","[0.0325, 0.229375, -0.0025, -0.0025, -0.0025, -0.001875]",0,0,29.5,"[1, 1, 1, 1, 1, 1]",6.955835069531338,0.0,0.0,0,0.0
1774904366.9271421,"[1, 1, 1, 1, 1, 1]","[1291, 1500, 1500, 1500]","[-25.08, 0.0, 0.0, 0.0]","[0.0, 0.0, 0.0]",0,0.0,0,31.296567764282226,"[0.0, 7.65991210812, 12.87841796664]","[0, 0, 0]",0,3,0.0,0.0,0.0,0,0,0,4294967.295,3750000.384,0,4655,0,2.2941765785217285,6.539919853210449,0.0,0,state.GROUND_TESTING,69,-23,0,-23,0.0,0,0,"[10.4, 0.5, 17.0, 10.4, 15.9, 17.6, 0, 0]","[3.638, 3.639, 3.639]",0.187,"[2.9952, 3.3104, 5.0048, 7.364800000000001, 8.432, 27.8272]","[0.024375, 0.263125, 0.0, 0.000625, 0.001875, -0.004375]",0,0,29.5,"[1, 1, 1, 1, 1, 1]",6.928991114951572,0.0,0.0,0,0.0
1774904366.9890575,"[1, 1, 1, 1, 1, 1]","[1291, 1500, 1500, 1500]","[-25.08, 0.0, 0.0, 0.0]","[0.0, 0.0, 0.0]",0,0.0,0,31.305311660766602,"[0.0, -5.09643554604, -7.44628906128]","[0, 0, 0]",0,3,0.0,0.0,0.0,0,0,0,4294967.295,3750000.384,0,4715,0,2.401890277862549,6.641271114349365,0.0,0,state.GROUND_TESTING,70,-23,0,-23,0.0,0,0,"[10.6, 0.5, 15.9, 10.6, 15.9, 16.5, 0, 0]","[3.638, 3.639, 3.639]",0.187,"[2.9952, 3.3104, 5.0048, 7.364800000000001, 8.432, 27.8272]","[0.024375, 0.263125, 0.0, 0.000625, 0.001875, -0.004375]",0,0,29.5,"[1, 1, 1, 1, 1, 1]",7.060431695081052,0.0,0.0,0,0.0
1774904367.0475998,"[1, 1, 1, 1, 1, 1]","[1291, 1500, 1500, 1500]","[-25.08, 0.0, 0.0, 0.0]","[0.0, 0.0, 0.0]",0,0.0,0,31.314055557250978,"[0.0, 3.93676757748, 6.16455078024]","[0, 0, 0]",0,3,0.0,0.0,0.0,0,0,0,4294967.295,3750000.384,0,4775,0,2.755279779434204,6.829870223999023,0.0,0,state.GROUND_TESTING,71,-23,0,-23,0.0,0,0,"[10.4, 0.5, 17.0, 10.6, 15.5, 16.5, 0, 0]","[3.638, 3.639, 3.639]",0.187,"[2.9952, 3.3120000000000003, 5.0032000000000005, 7.3632, 8.443200000000001, 27.8272]","[0.031875, 0.26687500000000003, -0.00125, -0.004375, 0.000625, 0.0]",0,0,29.5,"[1, 1, 1, 1, 1, 1]",7.362248078946937,0.0,0.0,0,0.0
1774904367.1075895,"[1, 1, 1, 1, 1, 1]","[1291, 1500, 1500, 1500]","[-25.08, 0.0, 0.0, 0.0]","[0.0, 0.0, 0.0]",0,0.0,0,31.305311660766602,"[0.0, -5.1574707022799995, -11.535644529359999]","[0, 0, 0]",0,3,0.0,0.0,0.0,0,0,0,4294967.295,3750000.384,0,4835,0,2.518162965774536,6.807278633117676,0.0,0,state.GROUND_TESTING,72,-23,0,-23,0.0,0,0,"[10.8, 0.5, 16.5, 10.6, 15.5, 17.0, 0, 0]","[3.638, 3.639, 3.639]",0.187,"[2.9952, 3.3120000000000003, 5.0032000000000005, 7.3632, 8.443200000000001, 27.8272]","[0.031875, 0.26687500000000003, -0.00125, -0.004375, 0.000625, 0.0]",0,0,29.5,"[1, 1, 1, 1, 1, 1]",7.256053930409311,0.0,0.0,0,0.0
1774904367.1681015,"[1, 1, 1, 1, 1, 1]","[1291, 1500, 1500, 1500]","[-25.08, 0.0, 0.0, 0.0]","[0.0, 0.0, 0.0]",0,0.0,0,31.283451919555663,"[0.0, 2.34985351524, 9.88769531088]","[0, 0, 0]",0,3,0.0,0.0,0.0,0,0,0,4294967.295,3750000.384,0,4889,0,2.685410976409912,6.828394889831543,0.0,0,state.GROUND_TESTING,73,-23,0,-23,0.0,0,0,"[11.1, 0.5, 16.5, 10.6, 17.0, 16.5, 0, 0]","[3.638, 3.639, 3.639]",0.187,"[2.9984, 3.3104, 5.0032000000000005, 7.3664000000000005, 8.456000000000001, 27.8256]","[0.0325, 0.630625, 0.00125, -0.001875, -0.003125, -0.001875]",0,0,29.5,"[1, 1, 1, 1, 1, 1]",7.335136622036446,0.0,0.0,0,0.0
1774904367.2211022,"[1, 1, 1, 1, 1, 1]","[1291, 1500, 1500, 1500]","[-25.08, 0.0, 0.0, 0.0]","[0.0, 0.0, 0.0]",0,0.0,0,31.29219581604004,"[0.0, 7.29370117068, -11.535644529359999]","[0, 0, 0]",0,3,0.0,0.0,0.0,0,0,0,4294967.295,3750000.384,0,4949,0,2.7311995029449463,6.847313404083252,0.0,0,state.GROUND_TESTING,74,-23,0,-23,0.0,0,0,"[10.4, 0.5, 16.5, 10.6, 15.5, 16.5, 0, 0]","[3.638, 3.639, 3.639]",0.187,"[2.9984, 3.3104, 5.0032000000000005, 7.3664000000000005, 8.456000000000001, 27.8256]","[0.0325, 0.630625, 0.00125, -0.001875, -0.003125, -0.001875]",0,0,29.5,"[1, 1, 1, 1, 1, 1]",7.369504725194929,0.0,0.0,0,0.0
1774904367.2816176,"[1, 1, 1, 1, 1, 1]","[1291, 1500, 1500, 1500]","[-25.08, 0.0, 0.0, 0.0]","[0.0, 0.0, 0.0]",0,0.0,0,31.29219581604004,"[0.0, 0.21362304684, 3.93676757748]","[0, 0, 0]",0,3,0.0,0.0,0.0,0,0,0,4294967.295,3750000.384,0,5009,0,2.63202166557312,6.9211812019348145,0.0,0,state.GROUND_TESTING,75,-23,0,-23,0.0,0,0,"[10.4, 0.5, 17.6, 10.4, 15.9, 15.9, 0, 0]","[3.638, 3.639, 3.639]",0.187,"[2.9952, 3.3120000000000003, 5.0032000000000005, 7.3632, 8.4352, 27.8272]","[0.034375, 0.620625, -0.00125, 0.00125, -0.0075, 0.000625]",0,0,29.5,"[1, 1, 1, 1, 1, 1]",7.402469463142913,0.0,0.0,0,0.0
1774904367.3411462,"[1, 1, 1, 1, 1, 1]","[1291, 1500, 1500, 1500]","[-25.08, 0.0, 0.0, 0.0]","[0.0, 0.0, 0.0]",0,0.0,0,31.270336074829103,"[0.0, 0.03051757812, 8.78906249856]","[0, 0, 0]",0,3,0.0,0.0,0.0,0,0,0,4294967.295,3750000.384,0,5069,0,2.7470710277557373,7.118323802947998,0.0,0,state.GROUND_TESTING,76,-23,0,-23,0.0,0,0,"[10.6, 0.5, 16.5, 10.6, 15.9, 16.5, 0, 0]","[3.638, 3.639, 3.639]",0.187,"[2.9952, 3.3120000000000003, 5.0032000000000005, 7.3632, 8.4352, 27.8272]","[0.034375, 0.620625, -0.00125, 0.00125, -0.0075, 0.000625]",0,0,29.5,"[1, 1, 1, 1, 1, 1]",7.627454392220424,0.0,0.0,0,0.0
1774904367.4011369,"[1, 1, 1, 1, 1, 1]","[1291, 1500, 1500, 1500]","[-25.08, 0.0, 0.0, 0.0]","[0.0, 0.0, 0.0]",0,0.0,0,31.270336074829103,"[0.0, 6.8664550769999995, -3.5095214838]","[0, 0, 0]",0,3,0.0,0.0,0.0,0,0,0,4294967.295,3750000.384,0,5123,0,2.7376434803009033,6.911821365356445,0.0,0,state.GROUND_TESTING,77,-23,0,-23,0.0,0,0,"[10.4, 0.5, 16.5, 10.4, 15.9, 16.5, 0, 0]","[3.638, 3.639, 3.639]",0.187,"[2.9952, 3.3120000000000003, 5.0016, 7.3616, 8.464, 27.822400000000002]","[0.03375, 0.215, -0.004375, 0.0025, -0.003125, 0.0]",0,0,29.5,"[1, 1, 1, 1, 1, 1]",7.431794527068776,0.0,0.0,0,0.0
1774904367.46068,"[1, 1, 1, 1, 1, 1]","[1291, 1500, 1500, 1500]","[-25.08, 0.0, 0.0, 0.0]","[0.0, 0.0, 0.0]",0,0.0,0,31.296567764282226,"[0.0, -8.0871582018, -8.91113281104]","[0, 0, 0]",0,3,0.0,0.0,0.0,0,0,0,4294967.295,3750000.384,0,5183,0,2.3293404579162598,6.861642837524414,0.0,0,state.GROUND_TESTING,78,-23,0,-23,0.0,0,0,"[10.4, 0.5, 17.0, 10.8, 15.5, 16.5, 0, 0]","[3.638, 3.639, 3.639]",0.187,"[2.9952, 3.3120000000000003, 5.0016, 7.3616, 8.464, 27.822400000000002]","[0.03375, 0.215, -0.004375, 0.0025, -0.003125, 0.0]",0,0,29.5,"[1, 1, 1, 1, 1, 1]",7.244446325895435,0.0,0.0,0,0.0
1774904367.519239,"[1, 1, 1, 1, 1, 1]","[1291, 1500, 1500, 1500]","[-25.08, 0.0, 0.0, 0.0]","[0.0, 0.0, 0.0]",0,0.0,0,31.270336074829103,"[0.0, 5.09643554604, 11.56616210748]","[0, 0, 0]",0,3,0.0,0.0,0.0,0,0,0,4294967.295,3750000.384,0,5243,0,2.6926777362823486,6.928500175476074,0.0,0,state.GROUND_TESTING,79,-23,0,-23,0.0,0,0,"[10.2, 0.5, 16.5, 10.4, 15.5, 15.9, 0, 0]","[3.638, 3.639, 3.639]",0.187,"[2.9952, 3.3120000000000003, 5.0032000000000005, 7.368, 8.441600000000001, 27.824]","[0.03375, 0.24625, -0.000625, 0.0, -0.00375, 0.001875]",0,0,29.5,"[1, 1, 1, 1, 1, 1]",7.430965430542724,0.0,0.0,0,0.0
1774904367.5792773,"[1, 1, 1, 1, 1, 1]","[1291, 1500, 1500, 1500]","[-25.08, 0.0, 0.0, 0.0]","[0.0, 0.0, 0.0]",0,0.0,0,31.29219581604004,"[0.0, -15.4113769506, 2.99072265576]","[0, 0, 0]",0,3,0.0,0.0,0.0,0,0,0,4294967.295,3750000.384,0,5303,0,2.7037177085876465,7.191380023956299,0.0,0,state.GROUND_TESTING,80,-23,0,-23,0.0,0,0,"[10.4, 0.5, 16.5, 10.4, 15.9, 16.5, 0, 0]","[3.638, 3.639, 3.639]",0.187,"[2.9968000000000004, 3.3120000000000003, 5.0048, 7.3664000000000005, 8.4512, 27.824]","[0.026875, 0.240625, -0.003125, -0.001875, -0.009375, -0.000625]",0,0,29.5,"[1, 1, 1, 1, 1, 1]",7.680338752272296,0.0,0.0,0,0.0
1774904367.629791,"[1, 1, 1, 1, 1, 1]","[1291, 1500, 1500, 1500]","[-25.08, 0.0, 0.0, 0.0]","[0.0, 0.0, 0.0]",0,0.0,0,31.279079971313475,"[0.0, 3.14331054636, 8.392333983]","[0, 0, 0]",0,3,0.0,0.0,0.0,0,0,0,4294967.295,3750000.384,0,5357,0,2.586284875869751,7.2645487785339355,0.0,0,state.GROUND_TESTING,81,-23,0,-23,0.0,0,0,"[10.0, 0.5, 15.9, 10.4, 16.5, 16.5, 0, 0]","[3.638, 3.639, 3.639]",0.187,"[2.9968000000000004, 3.3120000000000003, 5.0048, 7.3664000000000005, 8.4512, 27.824]","[0.026875, 0.240625, -0.003125, -0.001875, -0.009375, -0.000625]",0,0,29.5,"[1, 1, 1, 1, 1, 1]",7.708868409753835,0.0,0.0,0,0.0
1774904367.6893754,"[1, 1, 1, 1, 1, 1]","[1291, 1500, 1500, 1500]","[-25.08, 0.0, 0.0, 0.0]","[0.0, 0.0, 0.0]",0,0.0,0,31.29219581604004,"[0.0, 15.96069335676, 14.73999023196]","[0, 0, 0]",0,3,0.0,0.0,0.0,0,0,0,4294967.295,3750000.384,0,5417,0,2.787062883377075,7.3915557861328125,0.0,0,state.GROUND_TESTING,82,-23,0,-23,0.0,0,0,"[10.6, 0.5, 17.6, 10.2, 15.5, 17.6, 0, 0]","[3.638, 3.639, 3.639]",0.187,"[2.9968000000000004, 3.3104, 5.0048, 7.36, 8.4528, 27.8256]","[0.031875, 0.240625, 0.000625, -0.0025, -0.000625, -0.00125]",0,0,29.5,"[1, 1, 1, 1, 1, 1]",7.896813888127156,0.0,0.0,0,0.0
1774904367.7499173,"[1, 1, 1, 1, 1, 1]","[1291, 1500, 1500, 1500]","[-25.08, 0.0, 0.0, 0.0]","[0.0, 0.0, 0.0]",0,0.0,0,31.265964126586915,"[0.0, 0.57983398428, 0.762939453]","[0, 0, 0]",0,3,0.0,0.0,0.0,0,0,0,4294967.295,3750000.384,0,5477,0,2.8237061500549316,7.406800270080566,0.0,0,state.GROUND_TESTING,83,-23,0,-23,0.0,0,0,"[10.4, 0.5, 15.9, 10.6, 15.9, 15.9, 0, 0]","[3.638, 3.639, 3.639]",0.187,"[2.9968000000000004, 3.3104, 5.0048, 7.36, 8.4528, 27.8256]","[0.031875, 0.240625, 0.000625, -0.0025, -0.000625, -0.00125]",0,0,29.5,"[1, 1, 1, 1, 1, 1]",7.923984762274984,0.0,0.0,0,0.0
1774904367.8099322,"[1, 1, 1, 1, 1, 1]","[1291, 1500, 1500, 1500]","[-25.08, 0.0, 0.0, 0.0]","[0.0, 0.0, 0.0]",0,0.0,0,31.252848281860352,"[0.0, 0.39672851556, -14.89257812256]","[0, 0, 0]",0,3,0.0,0.0,0.0,0,0,0,4294967.295,3750000.384,0,5537,0,2.7202529907226562,7.5655012130737305,0.0,0,state.GROUND_TESTING,84,-23,0,-23,0.0,0,0,"[10.6, 0.5, 16.5, 10.6, 15.5, 17.6, 0, 0]","[3.638, 3.639, 3.639]",0.187,"[2.9984, 3.3136, 5.0032000000000005, 7.3616, 8.4288, 27.8304]","[0.035, 0.458125, -0.00375, -0.001875, -0.000625, -0.00125]",0,0,29.5,"[1, 1, 1, 1, 1, 1]",8.03700955455666,0.0,0.0,0,0.0
1774904367.8636749,"[1, 1, 1, 1, 1, 1]","[1291, 1500, 1500, 1500]","[-25.08, 0.0, 0.0, 0.0]","[0.0, 0.0, 0.0]",0,0.0,0,31.261592178344728,"[0.0, 2.71606445268, 8.20922851428]","[0, 0, 0]",0,3,0.0,0.0,0.0,0,0,0,4294967.295,3750000.384,0,5591,0,2.694340229034424,7.686595439910889,0.0,0,state.GROUND_TESTING,85,-24,0,-23,0.0,0,0,"[10.6, 0.5, 15.9, 10.4, 15.9, 16.5, 0, 0]","[3.638, 3.639, 3.639]",0.187,"[2.9984, 3.3136, 5.0032000000000005, 7.3616, 8.4288, 27.8304]","[0.035, 0.458125, -0.00375, -0.001875, -0.000625, -0.00125]",0,0,29.5,"[1, 1, 1, 1, 1, 1]",8.142457132326928,0.0,0.0,0,0.0
1774904367.923692,"[1, 1, 1, 1, 1, 1]","[1291, 1500, 1500, 1500]","[-25.08, 0.0, 0.0, 0.0]","[0.0, 0.0, 0.0]",0,0.0,0,31.244104385375977,"[0.0, -9.85717773276, -12.63427734168]","[0, 0, 0]",0,3,0.0,0.0,0.0,0,0,0,4294967.295,3750000.384,0,5651,0,2.4831700325012207,7.874574184417725,0.0,0,state.GROUND_TESTING,86,-24,0,-24,0.0,0,0,"[10.6, 0.5, 16.5, 10.4, 16.5, 17.0, 0, 0]","[3.638, 3.639, 3.639]",0.187,"[2.992, 3.3120000000000003, 5.0032000000000005, 7.3664000000000005, 8.4464, 27.8288]","[0.030625, 0.601875, -0.000625, 0.0025, -0.0075, 0.000625]",0,0,29.5,"[1, 1, 1, 1, 1, 1]",8.254463892266275,0.0,0.0,0,0.0
1774904367.9867318,"[1, 1, 1, 1, 1, 1]","[1291, 1500, 1500, 1500]","[-25.08, 0.0, 0.0, 0.0]","[0.0, 0.0, 0.0]",0,0.0,0,31.25722023010254,"[0.0, -6.1340332021199995, 7.8430175768399994]","[0, 0, 0]",0,3,0.0,0.0,0.0,0,0,0,4294967.295,3750000.384,0,5711,0,2.688830852508545,8.143738746643066,0.0,0,state.GROUND_TESTING,87,-24,0,-24,0.0,0,0,"[10.2, 0.5, 17.0, 10.4, 15.5, 16.5, 0, 0]","[3.638, 3.639, 3.639]",0.187,"[2.992, 3.3120000000000003, 5.0032000000000005, 7.3664000000000005, 8.4464, 27.8288]","[0.030625, 0.601875, -0.000625, 0.0025, -0.0075, 0.000625]",0,0,29.5,"[1, 1, 1, 1, 1, 1]",8.573303497255324,0.0,0.0,0,0.0
1774904368.0442464,"[1, 1, 1, 1, 1, 1]","[1291, 1500, 1500, 1500]","[-25.08, 0.0, 0.0, 0.0]","[0.0, 0.0, 0.0]",0,0.0,0,31.270336074829103,"[0.0, -10.04028320148, -2.77709960892]","[0, 0, 0]",0,3,0.0,0.0,0.0,0,0,0,4294967.295,3750000.384,0,5771,0,2.8591079711914062,8.314627647399902,0.0,0,state.GROUND_TESTING,88,-24,0,-24,0.0,0,0,"[10.6, 0.5, 15.9, 10.6, 15.9, 17.0, 0, 0]","[3.638, 3.639, 3.639]",0.187,"[2.9952, 3.3104, 5.0032000000000005, 7.36, 8.4512, 27.8288]","[0.03125, 0.60375, 0.0, 0.00375, 0.0, -0.0025]",0,0,29.5,"[1, 1, 1, 1, 1, 1]",8.789201243282456,0.0,0.0,0,0.0
1774904368.0972528,"[1, 1, 1, 1, 1, 1]","[1291, 1500, 1500, 1500]","[-25.08, 0.0, 0.0, 0.0]","[0.0, 0.0, 0.0]",0,0.0,0,31.244104385375977,"[0.0, 4.9133300773199995, 1.525878906]","[0, 0, 0]",0,3,0.0,0.0,0.0,0,0,0,4294967.295,3750000.384,0,5825,0,2.949897527694702,8.18924331665039,0.0,0,state.GROUND_TESTING,89,-26,0,-25,0.0,0,0,"[10.8, 0.5, 15.9, 10.8, 15.9, 16.5, 0, 0]","[3.638, 3.639, 3.639]",0.187,"[2.9952, 3.3104, 5.0032000000000005, 7.36, 8.4512, 27.8288]","[0.03125, 0.60375, 0.0, 0.00375, 0.0, -0.0025]",0,0,29.5,"[1, 1, 1, 1, 1, 1]",8.700934080962224,0.0,0.0,0,0.0
1774904368.1619434,"[1, 1, 1, 1, 1, 1]","[1291, 1500, 1500, 1500]","[-25.08, 0.0, 0.0, 0.0]","[0.0, 0.0, 0.0]",0,0.0,0,31.270336074829103,"[0.0, 115.26489255924, 298.12622065428]","[0, 0, 0]",0,3,0.0,0.0,0.0,0,0,0,4294967.295,3750000.384,0,5885,0,6.001389980316162,7.250545501708984,0.0,0,state.GROUND_TESTING,90,-26,0,-26,0.0,0,0,"[10.8, 0.5, 15.5, 10.4, 16.5, 16.5, 0, 0]","[3.638, 3.639, 3.639]",0.187,"[2.9968000000000004, 3.3104, 5.0032000000000005, 7.364800000000001, 8.4384, 27.8272]","[0.041875, 0.241875, 0.001875, 0.0025, -0.0025, -0.0025]",0,0,29.5,"[1, 1, 1, 1, 1, 1]",9.401834420564956,0.0,0.0,0,0.0
1774904368.2179549,"[1, 1, 1, 1, 1, 1]","[1291, 1500, 1500, 1500]","[-25.08, 0.0, 0.0, 0.0]","[0.0, 0.0, 0.0]",0,0.0,0,31.244104385375977,"[0.0, -7.53784179564, -6.5002441395599995]","[0, 0, 0]",0,3,0.0,0.0,0.0,0,0,0,4294967.295,3750000.384,0,5945,0,3.645033121109009,7.27748441696167,0.0,0,state.GROUND_TESTING,91,-27,0,-26,0.0,0,0,"[10.4, 0.5, 16.5, 10.4, 14.6, 16.5, 0, 0]","[3.638, 3.639, 3.639]",0.187,"[2.9968000000000004, 3.3104, 5.0032000000000005, 7.364800000000001, 8.4384, 27.8272]","[0.041875, 0.241875, 0.001875, 0.0025, -0.0025, -0.0025]",0,0,29.5,"[1, 1, 1, 1, 1, 1]",8.134893990271053,0.0,0.0,0,0.0
1774904368.2784727,"[1, 1, 1, 1, 1, 1]","[1291, 1500, 1500, 1500]","[-25.08, 0.0, 0.0, 0.0]","[0.0, 0.0, 0.0]",0,0.0,0,31.244104385375977,"[0.0, 3.93676757748, -12.45117187296]","[0, 0, 0]",0,3,0.0,0.0,0.0,0,0,0,4294967.295,3750000.384,0,6005,0,2.7984702587127686,7.603446960449219,0.0,0,state.GROUND_TESTING,92,-28,0,-28,0.0,0,0,"[10.6, 0.5, 16.5, 10.6, 15.9, 17.0, 0, 0]","[3.638, 3.639, 3.639]",0.187,"[2.9968000000000004, 3.3136, 5.0048, 7.364800000000001, 8.4688, 27.8256]","[0.035625000000000004, 0.229375, -0.003125, 0.000625, -0.0025, -0.003125]",0,0,29.5,"[1, 1, 1, 1, 1, 1]",8.099247363207365,0.0,0.0,0,0.0
1774904368.336016,"[1, 1, 1, 1, 1, 1]","[1291, 1500, 1500, 1500]","[-25.08, 0.0, 0.0, 0.0]","[0.0, 0.0, 0.0]",0,0.0,0,31.244104385375977,"[0.0, -4.3029785149199995, 5.98144531152]","[0, 0, 0]",0,3,0.0,0.0,0.0,0,0,0,4294967.295,3750000.384,0,6059,0,2.0240628719329834,7.555936813354492,0.0,0,state.GROUND_TESTING,93,-28,0,-27,0.0,0,0,"[10.4, 0.5, 15.9, 10.8, 15.0, 17.0, 0, 0]","[3.638, 3.639, 3.639]",0.187,"[2.9968000000000004, 3.3104, 5.0032000000000005, 7.3664000000000005, 8.448, 27.8256]","[0.03375, 0.246875, -0.00125, -0.00375, -0.00625, -0.003125]",0,0,29.5,"[1, 1, 1, 1, 1, 1]",7.820820442044381,0.0,0.0,0,0.0
1774904368.3960173,"[1, 1, 1, 1, 1, 1]","[1291, 1500, 1500, 1500]","[-25.08, 0.0, 0.0, 0.0]","[0.0, 0.0, 0.0]",0,0.0,0,31.2353604888916,"[0.0, -2.16674804652, 6.53076171768]","[0, 0, 0]",0,3,0.0,0.0,0.0,0,0,0,4294967.295,3750000.384,0,6119,0,2.041771173477173,7.598056793212891,0.0,0,state.GROUND_TESTING,94,-27,0,-27,0.0,0,0,"[10.2, 0.5, 17.0, 10.8, 15.9, 16.5, 0, 0]","[3.638, 3.639, 3.639]",0.187,"[2.9968000000000004, 3.3104, 5.0032000000000005, 7.3664000000000005, 8.448, 27.8256]","[0.03375, 0.246875, -0.00125, -0.00375, -0.00625, -0.003125]",0,0,29.5,"[1, 1, 1, 1, 1, 1]",7.86605546177627,0.0,0.0,0,0.0
1774904368.4545405,"[1, 1, 1, 1, 1, 1]","[1291, 1500, 1500, 1500]","[-25.08, 0.0, 0.0, 0.0]","[0.0, 0.0, 0.0]",0,0.0,0,31.252848281860352,"[0.0, -1.43432617164, -23.46801757428]","[0, 0, 0]",0,3,0.0,0.0,0.0,0,0,0,4294967.295,3750000.384,0,6179,0,1.4576902389526367,7.672507286071777,0.0,0,state.GROUND_TESTING,95,-26,0,-26,0.0,0,0,"[10.6, 0.5, 16.5, 10.6, 15.5, 16.5, 0, 0]","[3.638, 3.639, 3.639]",0.187,"[2.9968000000000004, 3.3120000000000003, 5.0048, 7.36, 8.4656, 27.8304]","[0.03125, 0.248125, -0.00125, -0.001875, -0.001875, -0.00125]",0,0,29.5,"[1, 1, 1, 1, 1, 1]",7.808937963126885,0.0,0.0,0,0.0
1774904368.512071,"[1, 1, 1, 1, 1, 1]","[1291, 1500, 1500, 1500]","[-25.08, 0.0, 0.0, 0.0]","[0.0, 0.0, 0.0]",0,0.0,0,31.261592178344728,"[0.0, 9.6130371078, 26.0925292926]","[0, 0, 0]",0,3,0.0,0.0,0.0,0,0,0,4294967.295,3750000.384,0,6239,0,2.530061721801758,8.312233924865723,0.0,0,state.GROUND_TESTING,96,-25,0,-26,0.0,0,0,"[10.6, 0.5, 17.6, 11.1, 15.9, 17.0, 0, 0]","[3.638, 3.639, 3.639]",0.187,"[2.9968000000000004, 3.3120000000000003, 5.0048, 7.36, 8.4656, 27.8304]","[0.03125, 0.248125, -0.00125, -0.001875, -0.001875, -0.00125]",0,0,29.5,"[1, 1, 1, 1, 1, 1]",8.686165287743378,0.0,0.0,0,0.0
1774904368.5655963,"[1, 1, 1, 1, 1, 1]","[1291, 1500, 1500, 1500]","[-25.08, 0.0, 0.0, 0.0]","[0.0, 0.0, 0.0]",0,0.0,0,31.252848281860352,"[0.0, 5.8898925771599995, 5.61523437408]","[0, 0, 0]",0,3,0.0,0.0,0.0,0,0,0,4294967.295,3750000.384,0,6293,0,3.263917922973633,7.885254383087158,0.0,0,state.GROUND_TESTING,97,-25,0,-24,0.0,0,0,"[10.4, 0.5, 16.5, 10.6, 15.9, 16.5, 0, 0]","[3.638, 3.639, 3.639]",0.187,"[2.9968000000000004, 3.3120000000000003, 5.0048, 7.3664000000000005, 8.4464, 27.8272]","[0.03625, 0.613125, 0.00125, 0.000625, -0.001875, 0.0]",0,0,29.5,"[1, 1, 1, 1, 1, 1]",8.530125403786508,0.0,0.0,0,0.0
1774904368.6276004,"[1, 1, 1, 1, 1, 1]","[1291, 1500, 1500, 1500]","[-25.08, 0.0, 0.0, 0.0]","[0.0, 0.0, 0.0]",0,0.0,0,31.274708023071287,"[0.0, -176.17797848676, 89.63012693844]","[0, 0, 0]",0,3,0.0,0.0,0.0,0,0,0,4294967.295,3750000.384,0,6353,0,4.55750846862793,9.651161193847656,0.0,0,state.GROUND_TESTING,98,-25,0,-24,0.0,0,0,"[10.6, 0.5, 16.5, 10.8, 15.9, 15.9, 0, 0]","[3.638, 3.639, 3.639]",0.187,"[2.9968000000000004, 3.3120000000000003, 5.0048, 7.3664000000000005, 8.4464, 27.8272]","[0.03625, 0.613125, 0.00125, 0.000625, -0.001875, 0.0]",0,0,29.5,"[1, 1, 1, 1, 1, 1]",10.663906075066674,0.0,0.0,0,0.0
1774904368.6905148,"[1, 1, 1, 1, 1, 1]","[1291, 1500, 1500, 1500]","[-25.08, 0.0, 0.0, 0.0]","[0.0, 0.0, 0.0]",0,0.0,0,31.270336074829103,"[0.0, -5.70678710844, -5.7678222646799995]","[0, 0, 0]",0,3,0.0,0.0,0.0,0,0,0,4294967.295,3750000.384,0,6413,0,-6.806447505950928,8.261857986450195,0.0,0,state.GROUND_TESTING,99,-26,0,-25,0.0,0,0,"[10.6, 0.5, 16.5, 10.8, 16.5, 16.5, 0, 0]","[3.638, 3.639, 3.639]",0.187,"[2.9936000000000003, 3.3120000000000003, 5.0032000000000005, 7.364800000000001, 8.4384, 27.8288]","[0.028125, 0.625625, 0.000625, -0.000625, -0.0025, 0.000625]",0,0,29.5,"[1, 1, 1, 1, 1, 1]",10.689442709910915,0.0,0.0,0,0.0
1774904368.7458215,"[1, 1, 1, 1, 1, 1]","[1291, 1500, 1500, 1500]","[-25.08, 0.0, 0.0, 0.0]","[0.0, 0.0, 0.0]",0,0.0,0,31.25722023010254,"[0.0, -1.00708007796, -5.37109374912]","[0, 0, 0]",0,3,0.0,0.0,0.0,0,0,0,4294967.295,3750000.384,0,6473,0,-6.868777751922607,8.747454643249512,0.0,0,state.GROUND_TESTING,100,-25,0,-25,0.0,0,0,"[10.4, 0.5, 17.0, 10.8, 16.5, 16.5, 0, 0]","[3.638, 3.639, 3.639]",0.187,"[2.9936000000000003, 3.3120000000000003, 5.0032000000000005, 7.364800000000001, 8.4384, 27.8288]","[0.028125, 0.625625, 0.000625, -0.000625, -0.0025, 0.000625]",0,0,29.5,"[1, 1, 1, 1, 1, 1]",11.10543022442797,0.0,0.0,0,0.0
1774904368.8038228,"[1, 1, 1, 1, 1, 1]","[1291, 1500, 1500, 1500]","[-25.08, 0.0, 0.0, 0.0]","[0.0, 0.0, 0.0]",0,0.0,0,31.270336074829103,"[0.0, 18.70727538756, 40.25268554028]","[0, 0, 0]",0,3,0.0,0.0,0.0,0,0,0,4294967.295,3750000.384,0,6527,0,-6.3684186935424805,8.340372085571289,0.0,0,state.GROUND_TESTING,101,-25,0,-25,0.0,0,0,"[10.4, 0.5, 16.5, 10.6, 16.5, 15.9, 0, 0]","[3.638, 3.639, 3.639]",0.187,"[2.9952, 3.3120000000000003, 5.0048, 7.36, 8.4512, 27.8256]","[0.033125, 0.57875, -0.001875, 0.00125, -0.003125, 0.00375]",0,0,29.5,"[1, 1, 1, 1, 1, 1]",10.480050576700986,0.0,0.0,0,0.0
1774904368.8623836,"[1, 1, 1, 1, 1, 1]","[1291, 1500, 1500, 1500]","[-25.08, 0.0, 0.0, 0.0]","[0.0, 0.0, 0.0]",0,0.0,0,31.28782386779785,"[0.0, -15.96069335676, 22.76611327752]","[0, 0, 0]",0,3,0.0,0.0,0.0,0,0,0,4294967.295,3750000.384,0,6587,0,-5.990894794464111,8.195718765258789,0.0,0,state.GROUND_TESTING,102,-24,0,-24,0.0,0,0,"[10.2, 0.5, 17.0, 10.6, 15.5, 15.9, 0, 0]","[3.638, 3.639, 3.639]",0.187,"[2.9952, 3.3120000000000003, 5.0048, 7.36, 8.4512, 27.8256]","[0.033125, 0.57875, -0.001875, 0.00125, -0.003125, 0.00375]",0,0,29.5,"[1, 1, 1, 1, 1, 1]",10.13978922769084,0.0,0.0,0,0.0
1774904368.9193923,"[1, 1, 1, 1, 1, 1]","[1291, 1500, 1500, 1500]","[-25.08, 0.0, 0.0, 0.0]","[0.0, 0.0, 0.0]",0,0.0,0,31.279079971313475,"[0.0, -4.1809082024399995, 41.93115233688]","[0, 0, 0]",0,3,0.0,0.0,0.0,0,0,0,4294967.295,3750000.384,0,6647,0,-6.630290508270264,8.943975448608398,0.0,0,state.GROUND_TESTING,103,-24,0,-24,0.0,0,0,"[10.6, 0.5, 17.6, 10.6, 15.0, 16.5, 0, 0]","[3.638, 3.639, 3.639]",0.187,"[2.9968000000000004, 3.3104, 5.0032000000000005, 7.3632, 8.4544, 27.8304]","[0.03, 0.244375, -0.004375, -0.0025, 0.0, -0.00625]",0,0,29.5,"[1, 1, 1, 1, 1, 1]",11.117440112190742,0.0,0.0,0,0.0
1774904368.9814417,"[1, 1, 1, 1, 1, 1]","[1291, 1500, 1500, 1500]","[-25.08, 0.0, 0.0, 0.0]","[0.0, 0.0, 0.0]",0,0.0,0,31.296567764282226,"[0.0, 6.8664550769999995, -22.15576171512]","[0, 0, 0]",0,3,0.0,0.0,0.0,0,0,0,4294967.295,3750000.384,0,6707,0,-6.8973565101623535,8.85490608215332,0.0,0,state.GROUND_TESTING,104,-24,0,-24,0.0,0,0,"[10.6, 0.5, 16.5, 10.8, 15.5, 17.6, 0, 0]","[3.638, 3.639, 3.639]",0.187,"[2.9936000000000003, 3.3120000000000003, 5.0032000000000005, 7.3664000000000005, 8.4288, 27.8256]","[0.03125, 0.195625, -0.0025, -0.000625, 0.00125, -0.00125]",0,0,29.5,"[1, 1, 1, 1, 1, 1]",11.207281428181025,0.0,0.0,0,0.0
1774904369.037986,"[1, 1, 1, 1, 1, 1]","[1291, 1500, 1500, 1500]","[-25.08, 0.0, 0.0, 0.0]","[0.0, 0.0, 0.0]",0,0.0,0,31.279079971313475,"[0.0, -2.5939941402, -2.5939941402]","[0, 0, 0]",0,3,0.0,0.0,0.0,0,0,0,4294967.295,3750000.384,0,6761,0,-7.520867347717285,8.63822078704834,0.0,0,state.GROUND_TESTING,105,-25,0,-24,0.0,0,0,"[10.4, 0.5, 17.0, 10.6, 16.5, 17.0, 0, 0]","[3.638, 3.639, 3.639]",0.187,"[2.9936000000000003, 3.3120000000000003, 5.0032000000000005, 7.3664000000000005, 8.4288, 27.8256]","[0.03125, 0.195625, -0.0025, -0.000625, 0.00125, -0.00125]",0,0,29.5,"[1, 1, 1, 1, 1, 1]",11.434710141924736,0.0,0.0,0,0.0
1774904369.0939815,"[1, 1, 1, 1, 1, 1]","[1291, 1500, 1500, 1500]","[-25.08, 0.0, 0.0, 0.0]","[0.0, 0.0, 0.0]",0,0.0,0,31.305311660766602,"[0.0, -13.39721679468, -2.01416015592]","[0, 0, 0]",0,3,0.0,0.0,0.0,0,0,0,4294967.295,3750000.384,0,6821,0,-7.478370666503906,8.932391166687012,0.0,0,state.GROUND_TESTING,106,-24,0,-24,0.0,0,0,"[10.4, 0.5, 17.0, 10.4, 15.9, 16.5, 0, 0]","[3.638, 3.639, 3.639]",0.187,"[2.9984, 3.3104, 5.0016, 7.3632, 8.4624, 27.8256]","[0.035, 0.228125, -0.004375, -0.00125, -0.00125, -0.004375]",0,0,29.5,"[1, 1, 1, 1, 1, 1]",11.630103290082392,0.0,0.0,0,0.0
1774904369.1551213,"[1, 1, 1, 1, 1, 1]","[1291, 1500, 1500, 1500]","[-25.08, 0.0, 0.0, 0.0]","[0.0, 0.0, 0.0]",0,0.0,0,31.29219581604004,"[0.0, 10.40649413892, -18.24951171576]","[0, 0, 0]",0,3,0.0,0.0,0.0,0,0,0,4294967.295,3750000.384,0,6881,0,-7.661791801452637,9.2271728515625,0.0,0,state.GROUND_TESTING,107,-24,0,-24,0.0,0,0,"[10.8, 0.5, 15.9, 10.8, 15.5, 17.0, 0, 0]","[3.638, 3.639, 3.639]",0.187,"[2.9984, 3.3104, 5.0016, 7.3632, 8.4624, 27.8256]","[0.035, 0.228125, -0.004375, -0.00125, -0.00125, -0.004375]",0,0,29.5,"[1, 1, 1, 1, 1, 1]",11.972251046442597,0.0,0.0,0,0.0
1774904369.216133,"[1, 1, 1, 1, 1, 1]","[1291, 1500, 1500, 1500]","[-25.08, 0.0, 0.0, 0.0]","[0.0, 0.0, 0.0]",0,0.0,0,31.30968360900879,"[0.0, -17.79174804396, 29.26635741708]","[0, 0, 0]",0,3,0.0,0.0,0.0,0,0,0,4294967.295,3750000.384,0,6941,0,-7.265355587005615,9.927191734313965,0.0,0,state.GROUND_TESTING,108,-26,0,-24,0.0,0,0,"[10.4, 0.5, 16.5, 10.4, 15.9, 16.5, 0, 0]","[3.638, 3.639, 3.639]",0.187,"[2.9952, 3.3104, 5.0016, 7.3632, 8.443200000000001, 27.8256]","[0.034375, 0.2575, 0.0025, -0.00125, 0.000625, 0.00125]",0,0,29.5,"[1, 1, 1, 1, 1, 1]",12.280256576819111,0.0,0.0,0,0.0
1774904369.2716706,"[1, 1, 1, 1, 1, 1]","[1291, 1500, 1500, 1500]","[-25.08, 0.0, 0.0, 0.0]","[0.0, 0.0, 0.0]",0,0.0,0,31.30968360900879,"[0.0, -0.39672851556, -7.62939453]","[0, 0, 0]",0,3,0.0,0.0,0.0,0,0,0,4294967.295,3750000.384,0,6995,0,-7.466732501983643,9.641610145568848,0.0,0,state.GROUND_TESTING,109,-30,0,-29,0.0,0,0,"[10.2, 0.5, 15.9, 10.6, 16.5, 15.9, 0, 0]","[3.638, 3.639, 3.639]",0.187,"[2.9952, 3.3104, 5.0016, 7.3632, 8.443200000000001, 27.8256]","[0.034375, 0.2575, 0.0025, -0.00125, 0.000625, 0.00125]",0,0,29.5,"[1, 1, 1, 1, 1, 1]",12.173121978685606,0.0,0.0,0,0.0
1774904369.329685,"[1, 1, 1, 1, 1, 1]","[1291, 1500, 1500, 1500]","[-25.08, 0.0, 0.0, 0.0]","[0.0, 0.0, 0.0]",0,0.0,0,31.305311660766602,"[0.0, -7.29370117068, 12.87841796664]","[0, 0, 0]",0,3,0.0,0.0,0.0,0,0,0,4294967.295,3750000.384,0,7055,0,-7.228994369506836,9.514069557189941,0.0,0,state.GROUND_TESTING,110,-26,0,-26,0.0,0,0,"[10.6, 0.5, 16.5, 10.6, 15.5, 16.5, 0, 0]","[3.638, 3.639, 3.639]",0.187,"[2.9984, 3.3104, 5.0048, 7.3664000000000005, 8.4656, 27.824]","[0.03125, 0.27375, -0.0025, -0.0025, -0.001875, 0.00125]",0,0,29.5,"[1, 1, 1, 1, 1, 1]",11.928712244024457,0.0,0.0,0,0.0
1774904369.393202,"[1, 1, 1, 1, 1, 1]","[1291, 1500, 1500, 1500]","[-25.08, 0.0, 0.0, 0.0]","[0.0, 0.0, 0.0]",0,0.0,0,31.327171401977537,"[0.0, -22.49145507444, 1.12915039044]","[0, 0, 0]",0,3,0.0,0.0,0.0,0,0,0,4294967.295,3750000.384,0,7115,0,-7.162473201751709,9.869254112243652,0.0,0,state.GROUND_TESTING,111,-27,0,-26,0.0,0,0,"[10.8, 0.5, 17.0, 10.4, 15.9, 17.0, 0, 0]","[3.638, 3.639, 3.639]",0.187,"[2.9984, 3.3104, 5.0048, 7.3664000000000005, 8.4656, 27.824]","[0.03125, 0.27375, -0.0025, -0.0025, -0.001875, 0.00125]",0,0,29.5,"[1, 1, 1, 1, 1, 1]",12.173507808118977,0.0,0.0,0,0.0
1774904369.447738,"[1, 1, 1, 1, 1, 1]","[1291, 1500, 1500, 1500]","[-25.08, 0.0, 0.0, 0.0]","[0.0, 0.0, 0.0]",0,0.0,0,31.335915298461913,"[0.0, 5.70678710844, -5.55419921784]","[0, 0, 0]",0,3,0.0,0.0,0.0,0,0,0,4294967.295,3750000.384,0,7175,0,-7.4145426750183105,10.043818473815918,0.0,0,state.GROUND_TESTING,112,-28,0,-27,0.0,0,0,"[10.8, 0.5, 16.5, 10.6, 16.5, 16.5, 0, 0]","[3.638, 3.639, 3.639]",0.187,"[2.9952, 3.3136, 5.0048, 7.3616, 8.4464, 27.824]","[0.03, 0.635625, -0.00125, 0.003125, -0.0025, -0.004375]",0,0,29.5,"[1, 1, 1, 1, 1, 1]",12.461493930439127,0.0,0.0,0,0.0
1774904369.5032718,"[1, 1, 1, 1, 1, 1]","[1291, 1500, 1500, 1500]","[-25.08, 0.0, 0.0, 0.0]","[0.0, 0.0, 0.0]",0,0.0,0,31.314055557250978,"[0.0, -30.3649902294, -8.17871093616]","[0, 0, 0]",0,3,0.0,0.0,0.0,0,0,0,4294967.295,3750000.384,0,7229,0,-7.636687278747559,10.389688491821289,0.0,0,state.GROUND_TESTING,113,-26,0,-27,0.0,0,0,"[10.4, 0.5, 16.5, 10.4, 16.5, 16.5, 0, 0]","[3.638, 3.639, 3.639]",0.187,"[2.9952, 3.3136, 5.0048, 7.3616, 8.4464, 27.824]","[0.03, 0.635625, -0.00125, 0.003125, -0.0025, -0.004375]",0,0,29.5,"[1, 1, 1, 1, 1, 1]",12.869469415299122,0.0,0.0,0,0.0
1774904369.566817,"[1, 1, 1, 1, 1, 1]","[1291, 1500, 1500, 1500]","[-25.08, 0.0, 0.0, 0.0]","[0.0, 0.0, 0.0]",0,0.0,0,31.305311660766602,"[0.0, 2.16674804652, -2.96020507764]","[0, 0, 0]",0,3,0.0,0.0,0.0,0,0,0,4294967.295,3750000.384,0,7289,0,-7.708387851715088,10.65519905090332,0.0,0,state.GROUND_TESTING,114,-27,0,-26,0.0,0,0,"[10.8, 0.5, 17.0, 10.6, 15.9, 16.5, 0, 0]","[3.638, 3.639, 3.639]",0.187,"[2.9952, 3.3088, 5.0032000000000005, 7.36, 8.456000000000001, 27.8288]","[0.034375, 0.6168750000000001, 0.000625, 0.003125, 0.0, -0.004375]",0,0,29.5,"[1, 1, 1, 1, 1, 1]",13.12498052833564,0.0,0.0,0,0.0
1774904369.6268282,"[1, 1, 1, 1, 1, 1]","[1291, 1500, 1500, 1500]","[-25.08, 0.0, 0.0, 0.0]","[0.0, 0.0, 0.0]",0,0.0,0,31.322799453735353,"[0.0, 16.38793945044, -8.361816404879999]","[0, 0, 0]",0,3,0.0,0.0,0.0,0,0,0,4294967.295,3750000.384,0,7349,0,-7.545448303222656,10.48186206817627,0.0,0,state.GROUND_TESTING,115,-26,0,-25,0.0,0,0,"[10.2, 0.5, 16.5, 10.6, 15.0, 16.5, 0, 0]","[3.638, 3.639, 3.639]",0.187,"[2.9952, 3.3088, 5.0032000000000005, 7.36, 8.456000000000001, 27.8288]","[0.034375, 0.6168750000000001, 0.000625, 0.003125, 0.0, -0.004375]",0,0,29.5,"[1, 1, 1, 1, 1, 1]",12.890535826705566,0.0,0.0,0,0.0
1774904369.681893,"[1, 1, 1, 1, 1, 1]","[1291, 1500, 1500, 1500]","[-25.08, 0.0, 0.0, 0.0]","[0.0, 0.0, 0.0]",0,0.0,0,31.327171401977537,"[0.0, -3.2043457026, 0.57983398428]","[0, 0, 0]",0,3,0.0,0.0,0.0,0,0,0,4294967.295,3750000.384,0,7409,0,-7.4715399742126465,10.568486213684082,0.0,0,state.GROUND_TESTING,116,-26,0,-26,0.0,0,0,"[10.4, 0.5, 17.0, 10.6, 15.5, 16.5, 0, 0]","[3.638, 3.639, 3.639]",0.187,"[2.9952, 3.3136, 5.0048, 7.3632, 8.427200000000001, 27.8272]","[0.034375, 0.240625, -0.000625, -0.001875, 0.00125, -0.001875]",0,0,29.5,"[1, 1, 1, 1, 1, 1]",12.91826402243424,0.0,0.0,0,0.0
1774904369.7374215,"[1, 1, 1, 1, 1, 1]","[1291, 1500, 1500, 1500]","[-25.08, 0.0, 0.0, 0.0]","[0.0, 0.0, 0.0]",0,0.0,0,31.335915298461913,"[0.0, -5.8898925771599995, -5.7678222646799995]","[0, 0, 0]",0,3,0.0,0.0,0.0,0,0,0,4294967.295,3750000.384,0,7463,0,-7.4027814865112305,10.521005630493164,0.0,0,state.GROUND_TESTING,117,-26,0,-25,0.0,0,0,"[10.6, 0.5, 16.5, 10.0, 16.5, 15.9, 0, 0]","[3.638, 3.639, 3.639]",0.187,"[2.9952, 3.3136, 5.0048, 7.3632, 8.427200000000001, 27.8272]","[0.034375, 0.240625, -0.000625, -0.001875, 0.00125, -0.001875]",0,0,29.5,"[1, 1, 1, 1, 1, 1]",12.840355247135506,0.0,0.0,0,0.0
1774904369.796422,"[1, 1, 1, 1, 1, 1]","[1291, 1500, 1500, 1500]","[-25.08, 0.0, 0.0, 0.0]","[0.0, 0.0, 0.0]",0,0.0,0,31.314055557250978,"[0.0, 5.46264648348, 11.93237304492]","[0, 0, 0]",0,3,0.0,0.0,0.0,0,0,0,4294967.295,3750000.384,0,7523,0,-7.060575485229492,10.24815845489502,0.0,0,state.GROUND_TESTING,118,-25,0,-25,0.0,0,0,"[10.6, 0.5, 17.0, 10.4, 15.5, 16.5, 0, 0]","[3.638, 3.639, 3.639]",0.187,"[2.9936000000000003, 3.3120000000000003, 5.0048, 7.3696, 8.4352, 27.8256]","[0.03375, 0.1975, 0.0, -0.004375, -0.00375, 0.0]",0,0,29.5,"[1, 1, 1, 1, 1, 1]",12.423493066279791,0.0,0.0,0,0.0
1774904369.8569531,"[1, 1, 1, 1, 1, 1]","[1291, 1500, 1500, 1500]","[-25.08, 0.0, 0.0, 0.0]","[0.0, 0.0, 0.0]",0,0.0,0,31.322799453735353,"[0.0, -5.5236816397199995, 0.03051757812]","[0, 0, 0]",0,3,0.0,0.0,0.0,0,0,0,4294967.295,3750000.384,0,7583,0,-6.904326438903809,10.219602584838867,0.0,0,state.GROUND_TESTING,119,-26,0,-25,0.0,0,0,"[10.6, 0.5, 16.5, 10.4, 15.9, 16.5, 0, 0]","[3.638, 3.639, 3.639]",0.187,"[2.9952, 3.3088, 5.0032000000000005, 7.3584000000000005, 8.464, 27.8288]","[0.03625, 0.224375, -0.00375, -0.00125, -0.003125, -0.005625]",0,0,29.5,"[1, 1, 1, 1, 1, 1]",12.312713401716394,0.0,0.0,0,0.0
1774904369.919968,"[1, 1, 1, 1, 1, 1]","[1291, 1500, 1500, 1500]","[-25.08, 0.0, 0.0, 0.0]","[0.0, 0.0, 0.0]",0,0.0,0,31.318427505493165,"[0.0, -17.36450195028, 4.48608398364]","[0, 0, 0]",0,3,0.0,0.0,0.0,0,0,0,4294967.295,3750000.384,0,7643,0,-7.578959941864014,9.584738731384277,0.0,0,state.GROUND_TESTING,120,-27,0,-26,0.0,0,0,"[10.2, 0.5, 17.0, 10.2, 16.5, 16.5, 0, 0]","[3.638, 3.639, 3.639]",0.187,"[2.9952, 3.3088, 5.0032000000000005, 7.3584000000000005, 8.464, 27.8288]","[0.03625, 0.224375, -0.00375, -0.00125, -0.003125, -0.005625]",0,0,29.5,"[1, 1, 1, 1, 1, 1]",12.197147713257841,0.0,0.0,0,0.0
1774904369.9704826,"[1, 1, 1, 1, 1, 1]","[1291, 1500, 1500, 1500]","[-25.08, 0.0, 0.0, 0.0]","[0.0, 0.0, 0.0]",0,0.0,0,31.36214698791504,"[0.0, 9.42993163908, 5.24902343664]","[0, 0, 0]",0,3,0.0,0.0,0.0,0,0,0,4294967.295,3750000.384,0,7697,0,-7.298929691314697,9.60427474975586,0.0,0,state.GROUND_TESTING,121,-29,0,-28,0.0,0,0,"[10.4, 0.5, 17.6, 10.8, 15.0, 17.0, 0, 0]","[3.638, 3.639, 3.639]",0.187,"[2.9968000000000004, 3.3120000000000003, 5.0032000000000005, 7.3616, 8.4368, 27.8256]","[0.03125, 0.27875, -0.005, 0.0, 0.001875, -0.004375]",0,0,29.5,"[1, 1, 1, 1, 1, 1]",12.042259572586447,0.0,0.0,0,0.0
1774904370.0300126,"[1, 1, 1, 1, 1, 1]","[1291, 1500, 1500, 1500]","[-25.08, 0.0, 0.0, 0.0]","[0.0, 0.0, 0.0]",0,0.0,0,31.318427505493165,"[0.0, 2.16674804652, -5.37109374912]","[0, 0, 0]",0,3,0.0,0.0,0.0,0,0,0,4294967.295,3750000.384,0,7757,0,-7.3926215171813965,9.551743507385254,0.0,0,state.GROUND_TESTING,122,-28,0,-27,0.0,0,0,"[10.6, 0.5, 16.5, 10.6, 15.9, 16.5, 0, 0]","[3.638, 3.639, 3.639]",0.187,"[2.9968000000000004, 3.3120000000000003, 5.0032000000000005, 7.3616, 8.4368, 27.8256]","[0.03125, 0.27875, -0.005, 0.0, 0.001875, -0.004375]",0,0,29.5,"[1, 1, 1, 1, 1, 1]",12.057316070895045,0.0,0.0,0,0.0
1774904370.0905385,"[1, 1, 1, 1, 1, 1]","[1291, 1500, 1500, 1500]","[-25.08, 0.0, 0.0, 0.0]","[0.0, 0.0, 0.0]",0,0.0,0,31.34465919494629,"[0.0, -0.21362304684, -4.82177734296]","[0, 0, 0]",0,3,0.0,0.0,0.0,0,0,0,4294967.295,3750000.64,0,7817,0,-7.7490234375,9.160623550415039,0.0,0,state.GROUND_TESTING,123,-28,0,-27,0.0,0,0,"[10.4, 0.5, 16.5, 10.4, 16.5, 15.9, 0, 0]","[3.638, 3.639, 3.639]",0.187,"[2.9952, 3.3120000000000003, 5.0032000000000005, 7.364800000000001, 8.4448, 27.8288]","[0.036875, 0.641875, -0.004375, 0.001875, -0.003125, -0.005625]",0,0,29.5,"[1, 1, 1, 1, 1, 1]",11.97711303764926,0.0,0.0,0,0.0
1774904370.1540802,"[1, 1, 1, 1, 1, 1]","[1291, 1500, 1500, 1500]","[-25.08, 0.0, 0.0, 0.0]","[0.0, 0.0, 0.0]",0,0.0,0,31.36214698791504,"[0.0, 121.18530271451999, -142.88330075784]","[0, 0, 0]",0,3,0.0,0.0,0.0,0,0,0,4294967.295,3750000.64,0,7877,0,-7.619319438934326,8.18637466430664,0.0,0,state.GROUND_TESTING,124,-27,0,-27,0.0,0,0,"[10.4, 0.5, 15.9, 10.6, 15.5, 16.5, 0, 0]","[3.638, 3.639, 3.639]",0.187,"[2.9952, 3.3120000000000003, 5.0032000000000005, 7.364800000000001, 8.4448, 27.8288]","[0.036875, 0.641875, -0.004375, 0.001875, -0.003125, -0.005625]",0,0,29.5,"[1, 1, 1, 1, 1, 1]",11.165782918570976,0.0,0.0,0,0.0
1774904370.2036521,"[1, 1, 1, 1, 1, 1]","[1291, 1500, 1500, 1500]","[-25.08, 0.0, 0.0, 0.0]","[0.0, 0.0, 0.0]",0,0.0,0,31.37963478088379,"[0.0, -4.97436523356, -13.03100585724]","[0, 0, 0]",0,3,0.0,0.0,0.0,0,0,0,4294967.295,3750000.64,0,7931,0,-15.948098182678223,6.961972236633301,0.0,0,state.GROUND_TESTING,125,-26,0,-24,0.0,0,0,"[10.4, 0.5, 17.0, 10.6, 17.0, 16.5, 0, 0]","[3.638, 3.639, 3.639]",0.187,"[2.992, 3.3136, 5.0048, 7.356800000000001, 8.4288, 27.8288]","[0.035, 0.584375, -0.00125, 0.0025, -0.0025, 0.0075]",0,0,29.5,"[1, 1, 1, 1, 1, 1]",17.36523594416521,0.0,0.0,0,0.0
1774904370.264168,"[1, 1, 1, 1, 1, 1]","[1291, 1500, 1500, 1500]","[-25.08, 0.0, 0.0, 0.0]","[0.0, 0.0, 0.0]",0,0.0,0,31.366518936157227,"[0.0, 4.9133300773199995, 16.784667966]","[0, 0, 0]",0,3,0.0,0.0,0.0,0,0,0,4294967.295,3750000.64,0,7991,0,-16.38846206665039,6.704984188079834,0.0,0,state.GROUND_TESTING,126,-26,0,-26,0.0,0,0,"[10.4, 0.5, 17.0, 10.6, 15.5, 15.0, 0, 0]","[3.638, 3.639, 3.639]",0.187,"[2.992, 3.3136, 5.0048, 7.356800000000001, 8.4288, 27.8288]","[0.035, 0.584375, -0.00125, 0.0025, -0.0025, 0.0075]",0,0,29.5,"[1, 1, 1, 1, 1, 1]",17.672142401798816,0.0,0.0,0,0.0
1774904370.3241801,"[1, 1, 1, 1, 1, 1]","[1291, 1500, 1500, 1500]","[-25.08, 0.0, 0.0, 0.0]","[0.0, 0.0, 0.0]",0,0.0,0,31.357775039672852,"[0.0, -26.45874023004, -11.535644529359999]","[0, 0, 0]",0,3,0.0,0.0,0.0,0,0,0,4294967.295,3750000.64,0,8051,0,-16.325912475585938,7.084019660949707,0.0,0,state.GROUND_TESTING,127,-27,0,-26,0.0,0,0,"[10.6, 0.5, 17.0, 10.8, 15.9, 15.9, 0, 0]","[3.638, 3.639, 3.639]",0.187,"[2.9984, 3.3136, 5.0064, 7.3632, 8.457600000000001, 27.824]","[0.03375, 0.626875, -0.00125, 0.0, -0.00125, 0.0]",0,0,29.5,"[1, 1, 1, 1, 1, 1]",17.758148251537715,0.0,0.0,0,0.0
1774904370.384699,"[1, 1, 1, 1, 1, 1]","[1291, 1500, 1500, 1500]","[-25.08, 0.0, 0.0, 0.0]","[0.0, 0.0, 0.0]",0,0.0,0,31.353403091430664,"[0.0, -31.5856933542, -20.47729491852]","[0, 0, 0]",0,3,0.0,0.0,0.0,0,0,0,4294967.295,3750000.64,0,8111,0,-16.566646575927734,7.578431606292725,0.0,0,state.GROUND_TESTING,128,-27,0,-26,0.0,0,0,"[10.6, 0.5, 16.5, 10.4, 15.9, 16.5, 0, 0]","[3.638, 3.639, 3.639]",0.187,"[2.9984, 3.3136, 5.0064, 7.3632, 8.457600000000001, 27.824]","[0.03375, 0.626875, -0.00125, 0.0, -0.00125, 0.0]",0,0,29.5,"[1, 1, 1, 1, 1, 1]",18.17347110159663,0.0,0.0,0,0.0
1774904370.4432106,"[1, 1, 1, 1, 1, 1]","[1291, 1500, 1500, 1500]","[-25.08, 0.0, 0.0, 0.0]","[0.0, 0.0, 0.0]",0,0.0,0,31.370890884399415,"[0.0, -15.96069335676, 12.512207029199999]","[0, 0, 0]",0,3,0.0,0.0,0.0,0,0,0,4294967.295,3750000.64,0,8165,0,-16.715740203857422,7.932867527008057,0.0,0,state.GROUND_TESTING,129,-26,0,-25,0.0,0,0,"[10.8, 0.5, 17.0, 10.8, 15.9, 15.9, 0, 0]","[3.638, 3.639, 3.639]",0.187,"[2.9968000000000004, 3.3136, 5.0016, 7.364800000000001, 8.4304, 27.8288]","[0.029375000000000002, 0.25625, -0.003125, -0.00125, -0.000625, -0.0025]",0,0,29.5,"[1, 1, 1, 1, 1, 1]",18.453955036387523,0.0,0.0,0,0.0
1774904370.4977431,"[1, 1, 1, 1, 1, 1]","[1291, 1500, 1500, 1500]","[-25.08, 0.0, 0.0, 0.0]","[0.0, 0.0, 0.0]",0,0.0,0,31.366518936157227,"[0.0, -0.64086914052, -9.3078613266]","[0, 0, 0]",0,3,0.0,0.0,0.0,0,0,0,4294967.295,3750000.64,0,8225,0,-16.60675621032715,8.093973159790039,0.0,0,state.GROUND_TESTING,130,-24,0,-24,0.0,0,0,"[10.6, 0.5, 16.5, 11.1, 15.5, 16.5, 0, 0]","[3.638, 3.639, 3.639]",0.187,"[2.9952, 3.3136, 5.0016, 7.364800000000001, 8.4672, 27.832]","[0.03125, 0.196875, 0.000625, -0.00375, -0.003125, -0.00375]",0,0,29.5,"[1, 1, 1, 1, 1, 1]",18.424154069011415,0.0,0.0,0,0.0
1774904370.5590189,"[1, 1, 1, 1, 1, 1]","[1291, 1500, 1500, 1500]","[-25.08, 0.0, 0.0, 0.0]","[0.0, 0.0, 0.0]",0,0.0,0,31.37963478088379,"[0.0, 4.3029785149199995, 7.65991210812]","[0, 0, 0]",0,3,0.0,0.0,0.0,0,0,0,4294967.295,3750000.64,0,8285,0,-16.4843692779541,8.031716346740723,0.0,0,state.GROUND_TESTING,131,-25,0,-24,0.0,0,0,"[10.6, 0.5, 17.0, 10.6, 15.9, 16.5, 0, 0]","[3.638, 3.639, 3.639]",0.187,"[2.9952, 3.3136, 5.0016, 7.364800000000001, 8.4672, 27.832]","[0.03125, 0.196875, 0.000625, -0.00375, -0.003125, -0.00375]",0,0,29.5,"[1, 1, 1, 1, 1, 1]",18.28799613136699,0.0,0.0,0,0.0
1774904370.621035,"[1, 1, 1, 1, 1, 1]","[1291, 1500, 1500, 1500]","[-25.08, 0.0, 0.0, 0.0]","[0.0, 0.0, 0.0]",0,0.0,0,31.388378677368163,"[0.0, -2.77709960892, -11.535644529359999]","[0, 0, 0]",0,3,0.0,0.0,0.0,0,0,0,4294967.295,3750000.64,0,8345,0,-16.24451446533203,8.550514221191406,0.0,0,state.GROUND_TESTING,132,-25,0,-24,0.0,0,0,"[10.2, 0.5, 16.5, 10.4, 16.5, 16.5, 0, 0]","[3.638, 3.639, 3.639]",0.187,"[2.9968000000000004, 3.3104, 5.0048, 7.36, 8.4448, 27.8272]","[0.03, 0.241875, 0.00375, 0.000625, -0.000625, -0.00375]",0,0,29.5,"[1, 1, 1, 1, 1, 1]",18.30363650284217,0.0,0.0,0,0.0
1774904370.6737962,"[1, 1, 1, 1, 1, 1]","[1291, 1500, 1500, 1500]","[-25.08, 0.0, 0.0, 0.0]","[0.0, 0.0, 0.0]",0,0.0,0,31.384006729125975,"[0.0, 15.96069335676, 6.16455078024]","[0, 0, 0]",0,3,0.0,0.0,0.0,0,0,0,4294967.295,3750000.64,0,8399,0,-16.424280166625977,8.239264488220215,0.0,0,state.GROUND_TESTING,133,-24,0,-24,0.0,0,0,"[10.6, 0.5, 15.9, 10.6, 15.0, 16.5, 0, 0]","[3.638, 3.639, 3.639]",0.187,"[2.9968000000000004, 3.3104, 5.0048, 7.36, 8.4448, 27.8272]","[0.03, 0.241875, 0.00375, 0.000625, -0.000625, -0.00375]",0,0,29.5,"[1, 1, 1, 1, 1, 1]",18.32403395778266,0.0,0.0,0,0.0
1774904370.736327,"[1, 1, 1, 1, 1, 1]","[1291, 1500, 1500, 1500]","[-25.08, 0.0, 0.0, 0.0]","[0.0, 0.0, 0.0]",0,0.0,0,31.388378677368163,"[0.0, 14.8010253882, -0.73242187488]","[0, 0, 0]",0,3,0.0,0.0,0.0,0,0,0,4294967.295,3750000.64,0,8459,0,-16.52520751953125,7.108323574066162,0.0,0,state.GROUND_TESTING,134,-24,0,-24,0.0,0,0,"[10.4, 0.5, 16.5, 10.4, 15.9, 15.9, 0, 0]","[3.638, 3.639, 3.639]",0.187,"[2.9952, 3.3120000000000003, 5.0048, 7.3664000000000005, 8.4528, 27.824]","[0.031875, 0.244375, -0.00375, 0.000625, -0.004375, -0.004375]",0,0,29.5,"[1, 1, 1, 1, 1, 1]",17.949942148595415,0.0,0.0,0,0.0
1774904370.794322,"[1, 1, 1, 1, 1, 1]","[1291, 1500, 1500, 1500]","[-25.08, 0.0, 0.0, 0.0]","[0.0, 0.0, 0.0]",0,0.0,0,31.384006729125975,"[0.0, 7.65991210812, -1.46484374976]","[0, 0, 0]",0,3,0.0,0.0,0.0,0,0,0,4294967.295,3750000.64,0,8519,0,-16.430879592895508,7.376922130584717,0.0,0,state.GROUND_TESTING,135,-26,0,-24,0.0,0,0,"[10.4, 0.5, 15.9, 10.4, 15.9, 15.9, 0, 0]","[3.638, 3.639, 3.639]",0.187,"[2.9952, 3.3120000000000003, 5.0048, 7.3664000000000005, 8.4528, 27.824]","[0.031875, 0.244375, -0.00375, 0.000625, -0.004375, -0.004375]",0,0,29.5,"[1, 1, 1, 1, 1, 1]",17.969171759186377,0.0,0.0,0,0.0
1774904370.853843,"[1, 1, 1, 1, 1, 1]","[1291, 1500, 1500, 1500]","[-25.08, 0.0, 0.0, 0.0]","[0.0, 0.0, 0.0]",0,0.0,0,31.39275062561035,"[0.0, -8.33129882676, 17.33398437216]","[0, 0, 0]",0,3,0.0,0.0,0.0,0,0,0,4294967.295,3750000.64,0,8579,0,-15.911787033081055,7.333563804626465,0.0,0,state.GROUND_TESTING,136,-26,0,-25,0.0,0,0,"[10.8, 0.5, 15.9, 10.4, 15.9, 16.5, 0, 0]","[3.638, 3.639, 3.639]",0.187,"[2.9952, 3.3136, 5.0032000000000005, 7.3664000000000005, 8.4384, 27.8288]","[0.039375, 0.619375, 0.000625, -0.000625, -0.0025, -0.00375]",0,0,29.5,"[1, 1, 1, 1, 1, 1]",17.480699572906406,0.0,0.0,0,0.0
1774904370.9068477,"[1, 1, 1, 1, 1, 1]","[1291, 1500, 1500, 1500]","[-25.08, 0.0, 0.0, 0.0]","[0.0, 0.0, 0.0]",0,0.0,0,31.388378677368163,"[0.0, -8.88061523292, -8.91113281104]","[0, 0, 0]",0,3,0.0,0.0,0.0,0,0,0,4294967.295,3750000.64,0,8633,0,-16.01866340637207,7.942106246948242,0.0,0,state.GROUND_TESTING,137,-25,0,-24,0.0,0,0,"[10.6, 0.5, 15.9, 10.2, 15.5, 16.5, 0, 0]","[3.638, 3.639, 3.639]",0.187,"[2.9952, 3.3136, 5.0032000000000005, 7.3664000000000005, 8.4384, 27.8288]","[0.039375, 0.619375, 0.000625, -0.000625, -0.0025, -0.00375]",0,0,29.5,"[1, 1, 1, 1, 1, 1]",17.83312845239205,0.0,0.0,0,0.0
1774904370.9703848,"[1, 1, 1, 1, 1, 1]","[1291, 1500, 1500, 1500]","[-25.08, 0.0, 0.0, 0.0]","[0.0, 0.0, 0.0]",0,0.0,0,31.375262832641603,"[0.0, -1.9836425778, -8.5449218736]","[0, 0, 0]",0,3,0.0,0.0,0.0,0,0,0,4294967.295,3750000.64,0,8693,0,-16.498151779174805,8.036710739135742,0.0,0,state.GROUND_TESTING,138,-25,0,-24,0.0,0,0,"[10.8, 0.5, 17.0, 10.6, 15.9, 16.5, 0, 0]","[3.638, 3.639, 3.639]",0.187,"[2.9952, 3.3136, 5.0032000000000005, 7.3584000000000005, 8.4384, 27.8272]","[0.0325, 0.6275000000000001, 0.0, 0.000625, -0.00125, -0.00125]",0,0,29.5,"[1, 1, 1, 1, 1, 1]",18.30246938110463,0.0,0.0,0,0.0
1774904371.0279238,"[1, 1, 1, 1, 1, 1]","[1291, 1500, 1500, 1500]","[-25.08, 0.0, 0.0, 0.0]","[0.0, 0.0, 0.0]",0,0.0,0,31.370890884399415,"[0.0, 2.53295898396, -3.5095214838]","[0, 0, 0]",0,3,0.0,0.0,0.0,0,0,0,4294967.295,3750000.64,0,8753,0,-16.042560577392578,7.7736687660217285,0.0,0,state.GROUND_TESTING,139,-26,0,-24,0.0,0,0,"[10.2, 0.5, 16.5, 10.8, 14.6, 17.0, 0, 0]","[3.638, 3.639, 3.639]",0.187,"[2.9952, 3.3136, 5.0032000000000005, 7.3584000000000005, 8.4384, 27.8272]","[0.0325, 0.6275000000000001, 0.0, 0.000625, -0.00125, -0.00125]",0,0,29.5,"[1, 1, 1, 1, 1, 1]",17.78213327729744,0.0,0.0,0,0.0
1774904371.0894527,"[1, 1, 1, 1, 1, 1]","[1291, 1500, 1500, 1500]","[-25.08, 0.0, 0.0, 0.0]","[0.0, 0.0, 0.0]",0,0.0,0,31.366518936157227,"[0.0, -1.43432617164, 23.31542968368]","[0, 0, 0]",0,3,0.0,0.0,0.0,0,0,0,4294967.295,3750000.64,0,8813,0,-16.03007698059082,7.640581130981445,0.0,0,state.GROUND_TESTING,140,-26,0,-26,0.0,0,0,"[10.6, 0.5, 16.5, 10.8, 15.5, 16.5, 0, 0]","[3.638, 3.639, 3.639]",0.187,"[2.9952, 3.3104, 5.0032000000000005, 7.3664000000000005, 8.4608, 27.8272]","[0.03125, 0.23750000000000002, -0.00375, 0.0025, 0.0, 0.0025]",0,0,29.5,"[1, 1, 1, 1, 1, 1]",17.71465089946607,0.0,0.0,0,0.0
1774904371.1439693,"[1, 1, 1, 1, 1, 1]","[1291, 1500, 1500, 1500]","[-25.08, 0.0, 0.0, 0.0]","[0.0, 0.0, 0.0]",0,0.0,0,31.384006729125975,"[0.0, 9.49096679532, 2.62451171832]","[0, 0, 0]",0,3,0.0,0.0,0.0,0,0,0,4294967.295,3750000.64,0,8867,0,-15.994551658630371,7.339442729949951,0.0,0,state.GROUND_TESTING,141,-26,0,-26,0.0,0,0,"[10.8, 0.5, 16.5, 10.6, 15.9, 17.6, 0, 0]","[3.638, 3.639, 3.639]",0.187,"[2.9952, 3.3104, 5.0032000000000005, 7.3664000000000005, 8.4608, 27.8272]","[0.03125, 0.23750000000000002, -0.00375, 0.0025, 0.0, 0.0025]",0,0,29.5,"[1, 1, 1, 1, 1, 1]",17.558046338616954,0.0,0.0,0,0.0
1774904371.2002327,"[1, 1, 1, 1, 1, 1]","[1291, 1500, 1500, 1500]","[-25.08, 0.0, 0.0, 0.0]","[0.0, 0.0, 0.0]",0,0.0,0,31.384006729125975,"[0.0, 6.8664550769999995, -5.00488281168]","[0, 0, 0]",0,3,0.0,0.0,0.0,0,0,0,4294967.295,3750000.64,0,8927,0,-16.252119064331055,6.896942615509033,0.0,0,state.GROUND_TESTING,142,-27,0,-26,0.0,0,0,"[10.4, 0.5, 15.9, 10.6, 16.5, 16.5, 0, 0]","[3.638, 3.639, 3.639]",0.187,"[2.9968000000000004, 3.3104, 5.0032000000000005, 7.3664000000000005, 8.4464, 27.8288]","[0.035, 0.234375, -0.003125, -0.0025, -0.001875, -0.00125]",0,0,29.5,"[1, 1, 1, 1, 1, 1]",17.61860742532925,0.0,0.0,0,0.0
1774904371.2607691,"[1, 1, 1, 1, 1, 1]","[1291, 1500, 1500, 1500]","[-25.08, 0.0, 0.0, 0.0]","[0.0, 0.0, 0.0]",0,0.0,0,31.37963478088379,"[0.0, -2.96020507764, -27.0080566362]","[0, 0, 0]",0,3,0.0,0.0,0.0,0,0,0,4294967.295,3750000.64,0,8987,0,-17.467653274536133,6.703464031219482,0.0,0,state.GROUND_TESTING,143,-26,0,-26,0.0,0,0,"[10.4, 0.5, 15.5, 10.4, 16.5, 16.5, 0, 0]","[3.638, 3.639, 3.639]",0.187,"[2.9968000000000004, 3.3120000000000003, 5.0032000000000005, 7.3616, 8.427200000000001, 27.8288]","[0.028125, 0.225625, -0.003125, -0.0025, -0.000625, -0.000625]",0,0,29.5,"[1, 1, 1, 1, 1, 1]",18.67225722449587,0.0,0.0,0,0.0
1774904371.320772,"[1, 1, 1, 1, 1, 1]","[1291, 1500, 1500, 1500]","[-25.08, 0.0, 0.0, 0.0]","[0.0, 0.0, 0.0]",0,0.0,0,31.366518936157227,"[0.0, 5.5236816397199995, 2.99072265576]","[0, 0, 0]",0,3,0.0,0.0,0.0,0,0,0,4294967.295,3750000.64,0,9047,0,-17.94734001159668,6.816365718841553,0.0,0,state.GROUND_TESTING,144,-27,0,-26,0.0,0,0,"[10.4, 0.5, 17.0, 10.8, 16.5, 16.5, 0, 0]","[3.638, 3.639, 3.639]",0.187,"[2.9968000000000004, 3.3120000000000003, 5.0032000000000005, 7.3616, 8.427200000000001, 27.8288]","[0.028125, 0.225625, -0.003125, -0.0025, -0.000625, -0.000625]",0,0,29.5,"[1, 1, 1, 1, 1, 1]",19.158256111404018,0.0,0.0,0,0.0
1774904371.374923,"[1, 1, 1, 1, 1, 1]","[1291, 1500, 1500, 1500]","[-25.08, 0.0, 0.0, 0.0]","[0.0, 0.0, 0.0]",0,0.0,0,31.375262832641603,"[0.0, -11.81030273244, -56.24389647516]","[0, 0, 0]",0,3,0.0,0.0,0.0,0,0,0,4294967.295,3750000.64,0,9101,0,-20.67212677001953,6.851477146148682,0.0,0,state.GROUND_TESTING,145,-27,0,-26,0.0,0,0,"[10.8, 0.5, 15.9, 11.1, 15.9, 15.9, 0, 0]","[3.638, 3.639, 3.639]",0.187,"[2.9968000000000004, 3.3120000000000003, 5.0032000000000005, 7.3616, 8.443200000000001, 27.824]","[0.03125, 0.228125, -0.000625, -0.004375, -0.004375, -0.0025]",0,0,29.5,"[1, 1, 1, 1, 1, 1]",21.730689338560687,0.0,0.0,0,0.0
1774904371.4356651,"[1, 1, 1, 1, 1, 1]","[1291, 1500, 1500, 1500]","[-25.08, 0.0, 0.0, 0.0]","[0.0, 0.0, 0.0]",0,0.0,0,31.370890884399415,"[0.0, -880.4626463401199, -58.10546874048]","[0, 0, 0]",0,3,0.0,0.0,0.0,0,0,0,4294967.295,3750000.64,0,9161,0,-22.842063903808594,16.234695434570312,0.0,0,state.GROUND_TESTING,146,-26,0,-26,0.0,0,0,"[10.6, 0.5, 16.5, 10.6, 15.9, 15.5, 0, 0]","[3.638, 3.639, 3.639]",0.187,"[2.9968000000000004, 3.3120000000000003, 5.0032000000000005, 7.3616, 8.443200000000001, 27.824]","[0.03125, 0.228125, -0.000625, -0.004375, -0.004375, -0.0025]",0,0,29.5,"[1, 1, 1, 1, 1, 1]",27.769383229673306,0.0,0.0,0,0.0
1774904371.4941933,"[1, 1, 1, 1, 1, 1]","[1291, 1500, 1500, 1500]","[-25.08, 0.0, 0.0, 0.0]","[0.0, 0.0, 0.0]",0,0.0,0,31.370890884399415,"[0.0, -7.90405273308, -35.5529785098]","[0, 0, 0]",0,3,0.0,0.0,0.0,0,0,0,4294967.295,3750000.64,0,9221,0,-24.284671783447266,14.885844230651855,0.0,0,state.GROUND_TESTING,147,-26,0,-25,0.0,0,0,"[10.6, 0.5, 16.5, 10.4, 15.9, 16.5, 0, 0]","[3.638, 3.639, 3.639]",0.187,"[2.9968000000000004, 3.3120000000000003, 5.0032000000000005, 7.3696, 8.443200000000001, 27.8256]","[0.02875, 0.255625, -0.004375, -0.003125, -0.005, -0.0075]",0,0,29.5,"[1, 1, 1, 1, 1, 1]",28.246147262314395,0.0,0.0,0,0.0
1774904371.5564785,"[1, 1, 1, 1, 1, 1]","[1291, 1500, 1500, 1500]","[-25.08, 0.0, 0.0, 0.0]","[0.0, 0.0, 0.0]",0,0.0,0,31.370890884399415,"[0.0, -11.444091795, -9.85717773276]","[0, 0, 0]",0,3,0.0,0.0,0.0,0,0,0,4294967.295,3750000.64,0,9281,0,-24.5336971282959,15.10496711730957,0.0,0,state.GROUND_TESTING,148,-25,0,-25,0.0,0,0,"[10.4, 0.5, 15.9, 10.6, 15.9, 15.9, 0, 0]","[3.638, 3.639, 3.639]",0.187,"[2.9968000000000004, 3.3120000000000003, 5.0032000000000005, 7.3696, 8.443200000000001, 27.8256]","[0.02875, 0.255625, -0.004375, -0.003125, -0.005, -0.0075]",0,0,29.5,"[1, 1, 1, 1, 1, 1]",28.563645520404606,0.0,0.0,0,0.0
1774904371.6124697,"[1, 1, 1, 1, 1, 1]","[1291, 1500, 1500, 1500]","[-25.08, 0.0, 0.0, 0.0]","[0.0, 0.0, 0.0]",0,0.0,0,31.366518936157227,"[0.0, -13.03100585724, 2.4414062496]","[0, 0, 0]",0,3,0.0,0.0,0.0,0,0,0,4294967.295,3750000.64,0,9335,0,-24.351594924926758,15.10377025604248,0.0,0,state.GROUND_TESTING,149,-25,0,-24,0.0,0,0,"[10.6, 0.5, 15.9, 10.8, 15.5, 17.0, 0, 0]","[3.638, 3.639, 3.639]",0.187,"[2.9968000000000004, 3.3120000000000003, 5.0032000000000005, 7.3632, 8.459200000000001, 27.822400000000002]","[0.04, 0.625, 0.0, 0.000625, 0.0025, 0.005625]",0,0,29.5,"[1, 1, 1, 1, 1, 1]",28.410527237094847,0.0,0.0,0,0.0
1774904371.6700275,"[1, 1, 1, 1, 1, 1]","[1291, 1500, 1500, 1500]","[-25.08, 0.0, 0.0, 0.0]","[0.0, 0.0, 0.0]",0,0.0,0,31.353403091430664,"[0.0, 10.2233886702, 13.244628904079999]","[0, 0, 0]",0,3,0.0,0.0,0.0,0,0,0,4294967.295,3750000.64,0,9395,0,-24.015216827392578,15.027451515197754,0.0,0,state.GROUND_TESTING,150,-24,0,-24,0.0,0,0,"[10.6, 0.5, 16.5, 10.8, 15.9, 15.9, 0, 0]","[3.638, 3.639, 3.639]",0.187,"[2.9968000000000004, 3.3120000000000003, 5.0032000000000005, 7.3632, 8.459200000000001, 27.822400000000002]","[0.04, 0.625, 0.0, 0.000625, 0.0025, 0.005625]",0,0,29.5,"[1, 1, 1, 1, 1, 1]",28.091174697235562,0.0,0.0,0,0.0
1774904371.730428,"[1, 1, 1, 1, 1, 1]","[1291, 1500, 1500, 1500]","[-25.08, 0.0, 0.0, 0.0]","[0.0, 0.0, 0.0]",0,0.0,0,31.36214698791504,"[0.0, -5.70678710844, -10.04028320148]","[0, 0, 0]",0,3,0.0,0.0,0.0,0,0,0,4294967.295,3750000.64,0,9455,0,-24.039932250976562,14.910273551940918,0.0,0,state.GROUND_TESTING,151,-24,0,-24,0.0,0,0,"[10.2, 0.5, 15.9, 10.2, 15.0, 15.9, 0, 0]","[3.638, 3.639, 3.639]",0.187,"[2.9968000000000004, 3.3120000000000003, 5.0032000000000005, 7.3616, 8.4464, 27.8256]","[0.040625, 0.628125, -0.000625, -0.000625, 0.00125, 0.004375]",0,0,29.5,"[1, 1, 1, 1, 1, 1]",28.053090560053732,0.0,0.0,0,0.0
1774904371.788966,"[1, 1, 1, 1, 1, 1]","[1291, 1500, 1500, 1500]","[-25.08, 0.0, 0.0, 0.0]","[0.0, 0.0, 0.0]",0,0.0,0,31.39275062561035,"[0.0, 8.0871582018, 2.80761718704]","[0, 0, 0]",0,3,0.0,0.0,0.0,0,0,0,4294967.295,3750000.64,0,9515,0,-24.062833786010742,14.88708209991455,0.0,0,state.GROUND_TESTING,152,-29,0,-27,0.0,0,0,"[10.6, 0.5, 16.5, 10.4, 15.9, 16.5, 0, 0]","[3.638, 3.639, 3.639]",0.187,"[2.9968000000000004, 3.3120000000000003, 5.0032000000000005, 7.3616, 8.4464, 27.8256]","[0.040625, 0.628125, -0.000625, -0.000625, 0.00125, 0.004375]",0,0,29.5,"[1, 1, 1, 1, 1, 1]",28.060690875143738,0.0,0.0,0,0.0
1774904371.8455071,"[1, 1, 1, 1, 1, 1]","[1291, 1500, 1500, 1500]","[-25.08, 0.0, 0.0, 0.0]","[0.0, 0.0, 0.0]",0,0.0,0,31.375262832641603,"[0.0, 6.31713867084, -1.09863281232]","[0, 0, 0]",0,3,0.0,0.0,0.0,0,0,0,4294967.295,3750000.64,0,9569,0,-23.963224411010742,14.907487869262695,0.0,0,state.GROUND_TESTING,153,-29,0,-28,0.0,0,0,"[10.6, 0.5, 15.9, 10.6, 15.9, 15.9, 0, 0]","[3.638, 3.639, 3.639]",0.187,"[2.9936000000000003, 3.3104, 5.0016, 7.3632, 8.4496, 27.8256]","[0.033125, 0.2325, -0.00375, -0.0025, -0.004375, -0.005625]",0,0,29.5,"[1, 1, 1, 1, 1, 1]",27.9875154070508,0.0,0.0,0,0.0
1774904371.905503,"[1, 1, 1, 1, 1, 1]","[1291, 1500, 1500, 1500]","[-25.08, 0.0, 0.0, 0.0]","[0.0, 0.0, 0.0]",0,0.0,0,31.34465919494629,"[0.0, 2.8991699214, 8.20922851428]","[0, 0, 0]",0,3,0.0,0.0,0.0,0,0,0,4294967.295,3750000.64,0,9629,0,-23.86345672607422,14.866592407226562,0.0,0,state.GROUND_TESTING,154,-26,0,-26,0.0,0,0,"[10.6, 0.5, 16.5, 10.6, 15.9, 16.5, 0, 0]","[3.638, 3.639, 3.639]",0.187,"[2.9936000000000003, 3.3104, 5.0016, 7.3632, 8.4496, 27.8256]","[0.033125, 0.2325, -0.00375, -0.0025, -0.004375, -0.005625]",0,0,29.5,"[1, 1, 1, 1, 1, 1]",27.883586192323815,0.0,0.0,0,0.0
1774904371.9630358,"[1, 1, 1, 1, 1, 1]","[1291, 1500, 1500, 1500]","[-25.08, 0.0, 0.0, 0.0]","[0.0, 0.0, 0.0]",0,0.0,0,31.357775039672852,"[0.0, -7.4768066393999995, -2.41088867148]","[0, 0, 0]",0,3,0.0,0.0,0.0,0,0,0,4294967.295,3750000.64,0,9689,0,-24.24829864501953,15.121118545532227,0.0,0,state.GROUND_TESTING,155,-29,0,-27,0.0,0,0,"[10.6, 0.5, 17.0, 10.6, 16.5, 15.9, 0, 0]","[3.638, 3.639, 3.639]",0.187,"[2.9952, 3.3104, 5.0032000000000005, 7.3632, 8.456000000000001, 27.8256]","[0.035625000000000004, 0.240625, -0.000625, -0.00125, 0.0, -0.000625]",0,0,29.5,"[1, 1, 1, 1, 1, 1]",28.332841385413943,0.0,0.0,0,0.0
1774904372.0235746,"[1, 1, 1, 1, 1, 1]","[1291, 1500, 1500, 1500]","[-25.08, 0.0, 0.0, 0.0]","[0.0, 0.0, 0.0]",0,0.0,0,31.353403091430664,"[0.0, 8.63647460796, 8.605957029839999]","[0, 0, 0]",0,3,0.0,0.0,0.0,0,0,0,4294967.295,3750000.64,0,9749,0,-24.092355728149414,15.185198783874512,0.0,0,state.GROUND_TESTING,156,-28,0,-27,0.0,0,0,"[10.6, 0.5, 15.9, 10.6, 15.9, 16.5, 0, 0]","[3.638, 3.639, 3.639]",0.187,"[2.9952, 3.3120000000000003, 5.0048, 7.3616, 8.4304, 27.8256]","[0.0375, 0.226875, -0.000625, -0.00125, -0.000625, 0.0]",0,0,29.5,"[1, 1, 1, 1, 1, 1]",28.235026460679613,0.0,0.0,0,0.0
1774904372.079106,"[1, 1, 1, 1, 1, 1]","[1291, 1500, 1500, 1500]","[-25.08, 0.0, 0.0, 0.0]","[0.0, 0.0, 0.0]",0,0.0,0,31.370890884399415,"[0.0, 10.40649413892, -2.01416015592]","[0, 0, 0]",0,3,0.0,0.0,0.0,0,0,0,4294967.295,3750000.64,0,9803,0,-24.284343719482422,15.071020126342773,0.0,0,state.GROUND_TESTING,157,-29,0,-27,0.0,0,0,"[10.6, 0.5, 15.9, 10.2, 15.0, 17.0, 0, 0]","[3.638, 3.639, 3.639]",0.187,"[2.9952, 3.3120000000000003, 5.0048, 7.3616, 8.4304, 27.8256]","[0.0375, 0.226875, -0.000625, -0.00125, -0.000625, 0.0]",0,0,29.5,"[1, 1, 1, 1, 1, 1]",28.337914385173427,0.0,0.0,0,0.0
1774904372.1396587,"[1, 1, 1, 1, 1, 1]","[1291, 1500, 1500, 1500]","[-25.08, 0.0, 0.0, 0.0]","[0.0, 0.0, 0.0]",0,0.0,0,31.370890884399415,"[0.0, -0.57983398428, -20.2941894498]","[0, 0, 0]",0,3,0.0,0.0,0.0,0,0,0,4294967.295,3750000.64,0,9863,0,-24.232799530029297,15.06734561920166,0.0,0,state.GROUND_TESTING,158,-28,0,-28,0.0,0,0,"[10.4, 0.5, 16.5, 11.1, 15.9, 16.5, 0, 0]","[3.638, 3.639, 3.639]",0.187,"[2.9968000000000004, 3.3136, 5.0032000000000005, 7.36, 8.459200000000001, 27.8288]","[0.03125, 0.22375, 0.000625, -0.00125, -0.001875, -0.004375]",0,0,29.5,"[1, 1, 1, 1, 1, 1]",28.29296648181031,0.0,0.0,0,0.0
1774904372.2004275,"[1, 1, 1, 1, 1, 1]","[1291, 1500, 1500, 1500]","[-25.08, 0.0, 0.0, 0.0]","[0.0, 0.0, 0.0]",0,0.0,0,31.357775039672852,"[0.0, 4.36401367116, -10.58959960764]","[0, 0, 0]",0,3,0.0,0.0,0.0,0,0,0,4294967.295,3750000.64,0,9923,0,-24.209003448486328,15.260224342346191,0.0,0,state.GROUND_TESTING,159,-27,0,-26,0.0,0,0,"[10.6, 0.5, 16.5, 10.8, 15.5, 15.9, 0, 0]","[3.638, 3.639, 3.639]",0.187,"[2.9968000000000004, 3.3136, 5.0032000000000005, 7.36, 8.459200000000001, 27.8288]","[0.03125, 0.22375, 0.000625, -0.00125, -0.001875, -0.004375]",0,0,29.5,"[1, 1, 1, 1, 1, 1]",28.3700656120588,0.0,0.0,0,0.0
1774904372.2569525,"[1, 1, 1, 1, 1, 1]","[1291, 1500, 1500, 1500]","[-25.08, 0.0, 0.0, 0.0]","[0.0, 0.0, 0.0]",0,0.0,0,31.349031143188476,"[0.0, 1.55639648412, -0.9155273436]","[0, 0, 0]",0,3,0.0,0.0,0.0,0,0,0,4294967.295,3750000.64,0,9983,0,-24.239212036132812,15.19736385345459,0.0,0,state.GROUND_TESTING,160,-28,0,-26,0.0,0,0,"[10.2, 0.5, 16.5, 10.8, 16.5, 17.0, 0, 0]","[3.638, 3.639, 3.639]",0.187,"[2.9952, 3.3136, 5.0048, 7.368, 8.4352, 27.8272]","[0.033125, 0.274375, -0.004375, -0.003125, -0.003125, -0.005625]",0,0,29.5,"[1, 1, 1, 1, 1, 1]",28.3635442847365,0.0,0.0,0,0.0
1774904372.3109534,"[1, 1, 1, 1, 1, 1]","[1291, 1500, 1500, 1500]","[-25.08, 0.0, 0.0, 0.0]","[0.0, 0.0, 0.0]",0,0.0,0,31.366518936157227,"[0.0, 1.3732910154, 11.01684570132]","[0, 0, 0]",0,3,0.0,0.0,0.0,0,0,0,4294967.295,3750000.64,0,10037,0,-24.185937881469727,15.307760238647461,0.0,0,state.GROUND_TESTING,161,-30,0,-28,0.0,0,0,"[10.4, 0.5, 16.5, 10.6, 15.9, 17.0, 0, 0]","[3.638, 3.639, 3.639]",0.187,"[2.9952, 3.3136, 5.0048, 7.368, 8.4352, 27.8272]","[0.033125, 0.274375, -0.004375, -0.003125, -0.003125, -0.005625]",0,0,29.5,"[1, 1, 1, 1, 1, 1]",28.374926437114013,0.0,0.0,0,0.0
1774904372.3734937,"[1, 1, 1, 1, 1, 1]","[1291, 1500, 1500, 1500]","[-25.08, 0.0, 0.0, 0.0]","[0.0, 0.0, 0.0]",0,0.0,0,31.34465919494629,"[0.0, -6.8664550769999995, 4.6691894523599995]","[0, 0, 0]",0,3,0.0,0.0,0.0,0,0,0,4294967.295,3750000.64,0,10097,0,-24.28021812438965,15.353530883789062,0.0,0,state.GROUND_TESTING,162,-30,0,-30,0.0,0,0,"[10.6, 0.5, 16.5, 10.6, 15.9, 17.0, 0, 0]","[3.638, 3.639, 3.639]",0.187,"[2.9968000000000004, 3.3152000000000004, 5.0016, 7.3616, 8.459200000000001, 27.8272]","[0.03125, 0.6025, 0.000625, 0.00125, -0.00625, 0.000625]",0,0,29.5,"[1, 1, 1, 1, 1, 1]",28.476508956395467,0.0,0.0,0,0.0
1774904372.4305058,"[1, 1, 1, 1, 1, 1]","[1291, 1500, 1500, 1500]","[-25.08, 0.0, 0.0, 0.0]","[0.0, 0.0, 0.0]",0,0.0,0,31.366518936157227,"[0.0, 1.12915039044, -0.9155273436]","[0, 0, 0]",0,3,0.0,0.0,0.0,0,0,0,4294967.295,3750000.64,0,10157,0,-24.376054763793945,15.451794624328613,0.0,0,state.GROUND_TESTING,163,-32,0,-30,0.0,0,0,"[10.4, 0.5, 16.5, 10.6, 16.5, 16.5, 0, 0]","[3.638, 3.639, 3.639]",0.187,"[2.9968000000000004, 3.3152000000000004, 5.0016, 7.3616, 8.459200000000001, 27.8272]","[0.03125, 0.6025, 0.000625, 0.00125, -0.00625, 0.000625]",0,0,29.5,"[1, 1, 1, 1, 1, 1]",28.60594707728332,0.0,0.0,0,0.0
1774904372.4945562,"[1, 1, 1, 1, 1, 1]","[1291, 1500, 1500, 1500]","[-25.08, 0.0, 0.0, 0.0]","[0.0, 0.0, 0.0]",0,0.0,0,31.349031143188476,"[0.0, -8.88061523292, 2.07519531216]","[0, 0, 0]",0,3,0.0,0.0,0.0,0,0,0,4294967.295,3750000.64,0,10217,0,-24.37483024597168,15.465814590454102,0.0,0,state.GROUND_TESTING,164,-32,0,-32,0.0,0,0,"[10.8, 0.5, 15.9, 10.4, 17.0, 17.0, 0, 0]","[3.638, 3.639, 3.639]",0.187,"[2.9968000000000004, 3.3104, 5.0032000000000005, 7.364800000000001, 8.456000000000001, 27.8272]","[0.028125, 0.6225, -0.00125, 0.000625, 0.000625, -0.0025]",0,0,29.5,"[1, 1, 1, 1, 1, 1]",28.612038504165703,0.0,0.0,0,0.0
1774904372.5450888,"[1, 1, 1, 1, 1, 1]","[1291, 1500, 1500, 1500]","[-25.08, 0.0, 0.0, 0.0]","[0.0, 0.0, 0.0]",0,0.0,0,31.349031143188476,"[0.0, -2.96020507764, 8.02612304556]","[0, 0, 0]",0,3,0.0,0.0,0.0,0,0,0,4294967.295,3750000.64,0,10271,0,-24.10043716430664,15.791540145874023,0.0,0,state.GROUND_TESTING,165,-30,0,-30,0.0,0,0,"[10.4, 0.5, 16.5, 10.6, 15.5, 16.5, 0, 0]","[3.638, 3.639, 3.639]",0.187,"[2.9968000000000004, 3.3104, 5.0032000000000005, 7.364800000000001, 8.456000000000001, 27.8272]","[0.028125, 0.6225, -0.00125, 0.000625, 0.000625, -0.0025]",0,0,29.5,"[1, 1, 1, 1, 1, 1]",28.552543498246706,0.0,0.0,0,0.0
1774904372.6040857,"[1, 1, 1, 1, 1, 1]","[1291, 1500, 1500, 1500]","[-25.08, 0.0, 0.0, 0.0]","[0.0, 0.0, 0.0]",0,0.0,0,31.357775039672852,"[0.0, -0.82397460924, -8.91113281104]","[0, 0, 0]",0,3,0.0,0.0,0.0,0,0,0,4294967.295,3750000.64,0,10331,0,-23.877037048339844,15.677390098571777,0.0,0,state.GROUND_TESTING,166,-32,0,-30,0.0,0,0,"[10.4, 0.5, 15.9, 10.8, 16.5, 15.9, 0, 0]","[3.638, 3.639, 3.639]",0.187,"[2.9968000000000004, 3.3120000000000003, 5.0032000000000005, 7.368, 8.443200000000001, 27.832]","[0.034375, 0.2325, -0.004375, 0.0, -0.00875, -0.00375]",0,0,29.5,"[1, 1, 1, 1, 1, 1]",28.309521491206915,0.0,0.0,0,0.0
1774904372.664626,"[1, 1, 1, 1, 1, 1]","[1291, 1500, 1500, 1500]","[-25.08, 0.0, 0.0, 0.0]","[0.0, 0.0, 0.0]",0,0.0,0,31.34465919494629,"[0.0, -6.1340332021199995, -4.08935546808]","[0, 0, 0]",0,3,0.0,0.0,0.0,0,0,0,4294967.295,3750000.64,0,10391,0,-23.82550621032715,15.884328842163086,0.0,0,state.GROUND_TESTING,167,-32,0,-30,0.0,0,0,"[10.6, 0.5, 16.5, 10.6, 15.9, 15.9, 0, 0]","[3.638, 3.639, 3.639]",0.187,"[2.9968000000000004, 3.3120000000000003, 5.0032000000000005, 7.368, 8.443200000000001, 27.832]","[0.034375, 0.2325, -0.004375, 0.0, -0.00875, -0.00375]",0,0,29.5,"[1, 1, 1, 1, 1, 1]",28.37570608128718,0.0,0.0,0,0.0
1774904372.7250168,"[1, 1, 1, 1, 1, 1]","[1291, 1500, 1500, 1500]","[-25.08, 0.0, 0.0, 0.0]","[0.0, 0.0, 0.0]",0,0.0,0,31.349031143188476,"[0.0, 1.00708007796, 4.3029785149199995]","[0, 0, 0]",0,3,0.0,0.0,0.0,0,0,0,4294967.295,3750000.64,0,10451,0,-23.869152069091797,15.811100006103516,0.0,0,state.GROUND_TESTING,168,-35,0,-33,0.0,0,0,"[10.6, 0.5, 17.0, 10.8, 15.9, 16.5, 0, 0]","[3.638, 3.639, 3.639]",0.187,"[2.9968000000000004, 3.3120000000000003, 5.0016, 7.3632, 8.4512, 27.8272]","[0.0275, 0.20375000000000001, -0.00125, 0.003125, 0.0, -0.00125]",0,0,29.5,"[1, 1, 1, 1, 1, 1]",28.372939365923283,0.0,0.0,0,0.0
1774904372.78054,"[1, 1, 1, 1, 1, 1]","[1291, 1500, 1500, 1500]","[-25.08, 0.0, 0.0, 0.0]","[0.0, 0.0, 0.0]",0,0.0,0,31.34465919494629,"[0.0, 7.8430175768399994, 11.38305663876]","[0, 0, 0]",0,3,0.0,0.0,0.0,0,0,0,4294967.295,3750000.64,0,10505,0,-23.507946014404297,15.822074890136719,0.0,0,state.GROUND_TESTING,169,-32,0,-32,0.0,0,0,"[10.6, 0.5, 15.9, 10.8, 16.5, 17.0, 0, 0]","[3.638, 3.639, 3.639]",0.187,"[2.9968000000000004, 3.3136, 5.0048, 7.36, 8.4464, 27.832]","[0.033125, 0.246875, -0.004375, -0.000625, -0.000625, -0.00375]",0,0,29.5,"[1, 1, 1, 1, 1, 1]",28.083530263424375,0.0,0.0,0,0.0
1774904372.8390677,"[1, 1, 1, 1, 1, 1]","[1291, 1500, 1500, 1500]","[-25.08, 0.0, 0.0, 0.0]","[0.0, 0.0, 0.0]",0,0.0,0,31.349031143188476,"[0.0, 0.03051757812, 3.93676757748]","[0, 0, 0]",0,3,0.0,0.0,0.0,0,0,0,4294967.295,3750000.64,0,10565,0,-23.512210845947266,16.251750946044922,0.0,0,state.GROUND_TESTING,170,-30,0,-30,0.0,0,0,"[10.6, 0.5, 16.5, 10.4, 15.5, 16.5, 0, 0]","[3.638, 3.639, 3.639]",0.187,"[2.9968000000000004, 3.3136, 5.0048, 7.36, 8.4464, 27.832]","[0.033125, 0.246875, -0.004375, -0.000625, -0.000625, -0.00375]",0,0,29.5,"[1, 1, 1, 1, 1, 1]",28.317326993541112,0.0,0.0,0,0.0
1774904372.8990705,"[1, 1, 1, 1, 1, 1]","[1291, 1500, 1500, 1500]","[-25.08, 0.0, 0.0, 0.0]","[0.0, 0.0, 0.0]",0,0.0,0,31.331543350219725,"[0.0, -5.5236816397199995, 10.46752929516]","[0, 0, 0]",0,3,0.0,0.0,0.0,0,0,0,4294967.295,3750000.64,0,10625,0,-23.157289505004883,16.152267456054688,0.0,0,state.GROUND_TESTING,171,-28,0,-28,0.0,0,0,"[10.2, 0.5, 16.5, 10.4, 15.5, 15.9, 0, 0]","[3.638, 3.639, 3.639]",0.187,"[2.9968000000000004, 3.3088, 5.0016, 7.3664000000000005, 8.440000000000001, 27.8256]","[0.025, 0.241875, 0.0025, -0.001875, -0.001875, -0.001875]",0,0,29.5,"[1, 1, 1, 1, 1, 1]",27.977118640569913,0.0,0.0,0,0.0
1774904372.9626157,"[1, 1, 1, 1, 1, 1]","[1291, 1500, 1500, 1500]","[-25.08, 0.0, 0.0, 0.0]","[0.0, 0.0, 0.0]",0,0.0,0,31.357775039672852,"[0.0, -4.9133300773199995, -18.98193359064]","[0, 0, 0]",0,3,0.0,0.0,0.0,0,0,0,4294967.295,3750000.64,0,10685,0,-23.53603172302246,16.268844604492188,0.0,0,state.GROUND_TESTING,172,-29,0,-28,0.0,0,0,"[10.4, 0.5, 16.5, 10.8, 15.0, 17.6, 0, 0]","[3.638, 3.639, 3.639]",0.187,"[2.9968000000000004, 3.3088, 5.0016, 7.3664000000000005, 8.440000000000001, 27.8256]","[0.025, 0.241875, 0.0025, -0.001875, -0.001875, -0.001875]",0,0,29.5,"[1, 1, 1, 1, 1, 1]",28.345807128713336,0.0,0.0,0,0.0
1774904373.0131533,"[1, 1, 1, 1, 1, 1]","[1291, 1500, 1500, 1500]","[-25.08, 0.0, 0.0, 0.0]","[0.0, 0.0, 0.0]",0,0.0,0,31.335915298461913,"[0.0, 0.39672851556, -11.16943359192]","[0, 0, 0]",0,3,0.0,0.0,0.0,0,0,0,4294967.295,3750000.64,0,10739,0,-23.398433685302734,16.288373947143555,0.0,0,state.GROUND_TESTING,173,-30,0,-30,0.0,0,0,"[10.6, 0.5, 17.0, 10.4, 15.5, 15.9, 0, 0]","[3.638, 3.639, 3.639]",0.187,"[2.9952, 3.3136, 5.0032000000000005, 7.3616, 8.4512, 27.8272]","[0.031875, 0.613125, 0.000625, -0.004375, -0.00125, -0.00625]",0,0,29.5,"[1, 1, 1, 1, 1, 1]",28.24543871278332,0.0,0.0,0,0.0
1774904373.0727081,"[1, 1, 1, 1, 1, 1]","[1291, 1500, 1500, 1500]","[-25.08, 0.0, 0.0, 0.0]","[0.0, 0.0, 0.0]",0,0.0,0,31.357775039672852,"[0.0, -3.38745117132, -4.45556640552]","[0, 0, 0]",0,3,0.0,0.0,0.0,0,0,0,4294967.295,3750000.64,0,10799,0,-23.5144100189209,16.545339584350586,0.0,0,state.GROUND_TESTING,174,-32,0,-31,0.0,0,0,"[10.4, 0.5, 17.0, 10.8, 15.5, 15.5, 0, 0]","[3.638, 3.639, 3.639]",0.187,"[2.9952, 3.3136, 5.0032000000000005, 7.3616, 8.4512, 27.8272]","[0.031875, 0.613125, 0.000625, -0.004375, -0.00125, -0.00625]",0,0,29.5,"[1, 1, 1, 1, 1, 1]",28.4789025393923,0.0,0.0,0,0.0
1774904373.13423,"[1, 1, 1, 1, 1, 1]","[1291, 1500, 1500, 1500]","[-25.08, 0.0, 0.0, 0.0]","[0.0, 0.0, 0.0]",0,0.0,0,31.357775039672852,"[0.0, -1.80053710908, -4.08935546808]","[0, 0, 0]",0,3,0.0,0.0,0.0,0,0,0,4294967.295,3750000.64,0,10859,0,-23.528133392333984,16.54167938232422,0.0,0,state.GROUND_TESTING,175,-34,0,-35,0.0,0,0,"[10.4, 0.5, 16.5, 10.6, 15.5, 17.0, 0, 0]","[3.638, 3.639, 3.639]",0.187,"[2.9952, 3.3104, 5.0032000000000005, 7.3632, 8.457600000000001, 27.8256]","[0.03375, 0.615, -0.00375, -0.004375, -0.006875, 0.00125]",0,0,29.5,"[1, 1, 1, 1, 1, 1]",28.487907515394944,0.0,0.0,0,0.0
1774904373.1952062,"[1, 1, 1, 1, 1, 1]","[1291, 1500, 1500, 1500]","[-25.08, 0.0, 0.0, 0.0]","[0.0, 0.0, 0.0]",0,0.0,0,31.353403091430664,"[0.0, -7.8430175768399994, -6.5002441395599995]","[0, 0, 0]",0,3,0.0,0.0,0.0,0,0,0,4294967.295,3750000.64,0,10919,0,-23.58672332763672,16.68693733215332,0.0,0,state.GROUND_TESTING,176,-38,0,-36,0.0,0,0,"[11.3, 0.5, 16.5, 10.4, 15.5, 15.9, 0, 0]","[3.638, 3.639, 3.639]",0.187,"[2.9952, 3.3104, 5.0032000000000005, 7.3632, 8.457600000000001, 27.8256]","[0.03375, 0.615, -0.00375, -0.004375, -0.006875, 0.00125]",0,0,29.5,"[1, 1, 1, 1, 1, 1]",28.614513913371553,0.0,0.0,0,0.0
1774904373.2467577,"[1, 1, 1, 1, 1, 1]","[1291, 1500, 1500, 1500]","[-25.08, 0.0, 0.0, 0.0]","[0.0, 0.0, 0.0]",0,0.0,0,31.335915298461913,"[0.0, 4.36401367116, -4.63867187424]","[0, 0, 0]",0,3,0.0,0.0,0.0,0,0,0,4294967.295,3750000.64,0,10973,0,-23.5565185546875,16.463092803955078,0.0,0,state.GROUND_TESTING,177,-36,0,-37,0.0,0,0,"[10.4, 0.5, 15.9, 10.6, 15.5, 17.6, 0, 0]","[3.638, 3.639, 3.639]",0.187,"[2.9952, 3.3120000000000003, 5.0048, 7.364800000000001, 8.4528, 27.8256]","[0.0375, 0.56375, -0.000625, 0.0025, -0.000625, -0.00125]",0,0,29.5,"[1, 1, 1, 1, 1, 1]",28.467786392470867,0.0,0.0,0,0.0
1774904373.3107584,"[1, 1, 1, 1, 1, 1]","[1291, 1500, 1500, 1500]","[-25.08, 0.0, 0.0, 0.0]","[0.0, 0.0, 0.0]",0,0.0,0,31.370890884399415,"[0.0, -9.24682617036, -13.39721679468]","[0, 0, 0]",0,3,0.0,0.0,0.0,0,0,0,4294967.295,3750000.64,0,11033,0,-23.320268630981445,16.758468627929688,0.0,0,state.GROUND_TESTING,178,-35,0,-36,0.0,0,0,"[10.4, 0.5, 16.5, 10.6, 15.5, 17.6, 0, 0]","[3.638, 3.639, 3.639]",0.187,"[2.9952, 3.3120000000000003, 5.0048, 7.364800000000001, 8.4528, 27.8256]","[0.0375, 0.56375, -0.000625, 0.0025, -0.000625, -0.00125]",0,0,29.5,"[1, 1, 1, 1, 1, 1]",28.441387104146404,0.0,0.0,0,0.0
1774904373.3712955,"[1, 1, 1, 1, 1, 1]","[1291, 1500, 1500, 1500]","[-25.08, 0.0, 0.0, 0.0]","[0.0, 0.0, 0.0]",0,0.0,0,31.353403091430664,"[0.0, 10.04028320148, 7.29370117068]","[0, 0, 0]",0,3,0.0,0.0,0.0,0,0,0,4294967.295,3750000.64,0,11093,0,-23.158458709716797,16.581478118896484,0.0,0,state.GROUND_TESTING,179,-33,0,-35,0.0,0,0,"[10.6, 0.5, 16.5, 10.4, 16.5, 17.0, 0, 0]","[3.638, 3.639, 3.639]",0.187,"[2.9968000000000004, 3.3136, 5.0032000000000005, 7.364800000000001, 8.457600000000001, 27.824]","[0.031875, 0.22875, -0.003125, -0.003125, 0.001875, 0.00125]",0,0,29.5,"[1, 1, 1, 1, 1, 1]",28.214177435703196,0.0,0.0,0,0.0
1774904373.4278717,"[1, 1, 1, 1, 1, 1]","[1291, 1500, 1500, 1500]","[-25.08, 0.0, 0.0, 0.0]","[0.0, 0.0, 0.0]",0,0.0,0,31.370890884399415,"[0.0, -6.31713867084, -5.37109374912]","[0, 0, 0]",0,3,0.0,0.0,0.0,0,0,0,4294967.295,3750000.64,0,11153,0,-23.354387283325195,16.74263572692871,0.0,0,state.GROUND_TESTING,180,-32,0,-32,0.0,0,0,"[10.2, 0.5, 15.5, 10.2, 15.9, 15.9, 0, 0]","[3.638, 3.639, 3.639]",0.187,"[2.9968000000000004, 3.3120000000000003, 5.0016, 7.3632, 8.432, 27.8288]","[0.03375, 0.20125, -0.003125, -0.000625, -0.003125, -0.0025]",0,0,29.5,"[1, 1, 1, 1, 1, 1]",28.459759422258163,0.0,0.0,0,0.0
1774904373.480931,"[1, 1, 1, 1, 1, 1]","[1291, 1500, 1500, 1500]","[-25.08, 0.0, 0.0, 0.0]","[0.0, 0.0, 0.0]",0,0.0,0,31.370890884399415,"[0.0, -2.77709960892, 0.57983398428]","[0, 0, 0]",0,3,0.0,0.0,0.0,0,0,0,4294967.295,3750000.64,0,11207,0,-23.286081314086914,16.75994300842285,0.0,0,state.GROUND_TESTING,181,-32,0,-32,0.0,0,0,"[10.6, 0.5, 17.0, 10.4, 15.5, 15.9, 0, 0]","[3.638, 3.639, 3.639]",0.187,"[2.9968000000000004, 3.3120000000000003, 5.0016, 7.3632, 8.432, 27.8288]","[0.03375, 0.20125, -0.003125, -0.000625, -0.003125, -0.0025]",0,0,29.5,"[1, 1, 1, 1, 1, 1]",28.41500481390469,0.0,0.0,0,0.0
1774904373.540474,"[1, 1, 1, 1, 1, 1]","[1291, 1500, 1500, 1500]","[-25.08, 0.0, 0.0, 0.0]","[0.0, 0.0, 0.0]",0,0.0,0,31.370890884399415,"[0.0, 0.21362304684, 5.7983398428]","[0, 0, 0]",0,3,0.0,0.0,0.0,0,0,0,4294967.295,3750000.64,0,11267,0,-23.19545555114746,16.902755737304688,0.0,0,state.GROUND_TESTING,182,-35,0,-34,0.0,0,0,"[10.4, 0.5, 15.9, 10.4, 16.5, 16.5, 0, 0]","[3.638, 3.639, 3.639]",0.187,"[2.9952, 3.3104, 5.0032000000000005, 7.36, 8.456000000000001, 27.8272]","[0.030625, 0.230625, -0.003125, -0.000625, 0.005, -0.004375]",0,0,29.5,"[1, 1, 1, 1, 1, 1]",28.422922366361608,0.0,0.0,0,0.0
1774904373.6004758,"[1, 1, 1, 1, 1, 1]","[1291, 1500, 1500, 1500]","[-25.08, 0.0, 0.0, 0.0]","[0.0, 0.0, 0.0]",0,0.0,0,31.370890884399415,"[0.0, -4.3029785149199995, -5.9509277334]","[0, 0, 0]",0,3,0.0,0.0,0.0,0,0,0,4294967.295,3750000.64,0,11327,0,-23.138385772705078,17.18107032775879,0.0,0,state.GROUND_TESTING,183,-36,0,-35,0.0,0,0,"[10.4, 0.5, 16.5, 11.1, 15.5, 15.9, 0, 0]","[3.638, 3.639, 3.639]",0.187,"[2.9952, 3.3104, 5.0032000000000005, 7.36, 8.456000000000001, 27.8272]","[0.030625, 0.230625, -0.003125, -0.000625, 0.005, -0.004375]",0,0,29.5,"[1, 1, 1, 1, 1, 1]",28.53516750022204,0.0,0.0,0,0.0
1774904373.6610034,"[1, 1, 1, 1, 1, 1]","[1291, 1500, 1500, 1500]","[-25.08, 0.0, 0.0, 0.0]","[0.0, 0.0, 0.0]",0,0.0,0,31.36214698791504,"[0.0, 8.45336913924, 8.20922851428]","[0, 0, 0]",0,3,0.0,0.0,0.0,0,0,0,4294967.295,3750000.64,0,11387,0,-23.187206268310547,17.394052505493164,0.0,0,state.GROUND_TESTING,184,-34,0,-34,0.0,0,0,"[10.4, 0.5, 16.5, 10.4, 16.5, 15.9, 0, 0]","[3.638, 3.639, 3.639]",0.187,"[2.9936000000000003, 3.3120000000000003, 5.0048, 7.3664000000000005, 8.4352, 27.824]","[0.03, 0.2425, -0.004375, 0.00125, -0.000625, -0.000625]",0,0,29.5,"[1, 1, 1, 1, 1, 1]",28.694953833621497,0.0,0.0,0,0.0
1774904373.7152224,"[1, 1, 1, 1, 1, 1]","[1291, 1500, 1500, 1500]","[-25.08, 0.0, 0.0, 0.0]","[0.0, 0.0, 0.0]",0,0.0,0,31.375262832641603,"[0.0, 18.28002929388, -5.7678222646799995]","[0, 0, 0]",0,3,0.0,0.0,0.0,0,0,0,4294967.295,3750000.64,0,11441,0,-23.36504364013672,17.054420471191406,0.0,0,state.GROUND_TESTING,185,-36,0,-34,0.0,0,0,"[10.6, 0.5, 16.5, 10.8, 15.0, 17.0, 0, 0]","[3.638, 3.639, 3.639]",0.187,"[2.9936000000000003, 3.3120000000000003, 5.0048, 7.3664000000000005, 8.4352, 27.824]","[0.03, 0.2425, -0.004375, 0.00125, -0.000625, -0.000625]",0,0,29.5,"[1, 1, 1, 1, 1, 1]",28.642298747554225,0.0,0.0,0,0.0
1774904373.7767618,"[1, 1, 1, 1, 1, 1]","[1291, 1500, 1500, 1500]","[-25.08, 0.0, 0.0, 0.0]","[0.0, 0.0, 0.0]",0,0.0,0,31.366518936157227,"[0.0, 5.09643554604, 10.46752929516]","[0, 0, 0]",0,3,0.0,0.0,0.0,0,0,0,4294967.295,3750000.64,0,11501,0,-23.276229858398438,16.876771926879883,0.0,0,state.GROUND_TESTING,186,-35,0,-35,0.0,0,0,"[10.8, 0.5, 15.9, 10.4, 15.5, 17.0, 0, 0]","[3.638, 3.639, 3.639]",0.187,"[2.9968000000000004, 3.3120000000000003, 5.0048, 7.3632, 8.464, 27.8288]","[0.02875, 0.285625, -0.00125, -0.00125, -0.0025, -0.00375]",0,0,29.5,"[1, 1, 1, 1, 1, 1]",28.472371713983893,0.0,0.0,0,0.0
1774904373.8362124,"[1, 1, 1, 1, 1, 1]","[1291, 1500, 1500, 1500]","[-25.08, 0.0, 0.0, 0.0]","[0.0, 0.0, 0.0]",0,0.0,0,31.370890884399415,"[0.0, -1.80053710908, -8.91113281104]","[0, 0, 0]",0,3,0.0,0.0,0.0,0,0,0,4294967.295,3750000.64,0,11561,0,-23.45751190185547,17.081850051879883,0.0,0,state.GROUND_TESTING,187,-39,0,-36,0.0,0,0,"[10.2, 0.5, 16.5, 10.6, 15.5, 17.0, 0, 0]","[3.638, 3.639, 3.639]",0.187,"[2.9968000000000004, 3.3120000000000003, 5.0048, 7.3632, 8.464, 27.8288]","[0.02875, 0.285625, -0.00125, -0.00125, -0.0025, -0.00375]",0,0,29.5,"[1, 1, 1, 1, 1, 1]",28.730858236358056,0.0,0.0,0,0.0
1774904373.8962083,"[1, 1, 1, 1, 1, 1]","[1291, 1500, 1500, 1500]","[-25.08, 0.0, 0.0, 0.0]","[0.0, 0.0, 0.0]",0,0.0,0,31.366518936157227,"[0.0, -1.80053710908, 4.48608398364]","[0, 0, 0]",0,3,0.0,0.0,0.0,0,0,0,4294967.295,3750000.64,0,11621,0,-23.234777450561523,17.05257797241211,0.0,0,state.GROUND_TESTING,188,-50,0,-44,0.0,0,0,"[10.6, 0.5, 17.6, 10.6, 15.9, 16.5, 0, 0]","[3.638, 3.639, 3.639]",0.187,"[2.9952, 3.3104, 5.0048, 7.3632, 8.4448, 27.824]","[0.030625, 0.630625, 0.0, -0.00125, -0.005, -0.000625]",0,0,29.5,"[1, 1, 1, 1, 1, 1]",28.538323309146065,0.0,0.0,0,0.0
1774904373.9487448,"[1, 1, 1, 1, 1, 1]","[1291, 1500, 1500, 1500]","[-25.08, 0.0, 0.0, 0.0]","[0.0, 0.0, 0.0]",0,0.0,0,31.37963478088379,"[0.0, -9.06372070164, -4.45556640552]","[0, 0, 0]",0,3,0.0,0.0,0.0,0,0,0,4294967.295,3750000.64,0,11675,0,-22.929262161254883,17.238025665283203,0.0,0,state.GROUND_TESTING,189,-42,0,-45,0.0,0,0,"[10.8, 0.5, 18.2, 10.6, 15.5, 17.6, 0, 0]","[3.638, 3.639, 3.639]",0.187,"[2.9952, 3.3104, 5.0048, 7.3632, 8.4448, 27.824]","[0.030625, 0.630625, 0.0, -0.00125, -0.005, -0.000625]",0,0,29.5,"[1, 1, 1, 1, 1, 1]",28.40373282546204,0.0,0.0,0,0.0
1774904374.01128,"[1, 1, 1, 1, 1, 1]","[1291, 1500, 1500, 1500]","[-25.08, 0.0, 0.0, 0.0]","[0.0, 0.0, 0.0]",0,0.0,0,31.384006729125975,"[0.0, -4.7302246086, -3.32641601508]","[0, 0, 0]",0,3,0.0,0.0,0.0,0,0,0,4294967.295,3750000.64,0,11735,0,-22.706153869628906,17.316110610961914,0.0,0,state.GROUND_TESTING,190,-38,0,-38,0.0,0,0,"[10.4, 0.5, 17.6, 10.8, 15.0, 17.6, 0, 0]","[3.638, 3.639, 3.639]",0.187,"[2.9968000000000004, 3.3120000000000003, 5.0032000000000005, 7.368, 8.4448, 27.8288]","[0.03, 0.61625, -0.0025, -0.000625, -0.000625, 0.0]",0,0,29.5,"[1, 1, 1, 1, 1, 1]",28.274718810683535,0.0,0.0,0,0.0
1774904374.0688157,"[1, 1, 1, 1, 1, 1]","[1291, 1500, 1500, 1500]","[-25.08, 0.0, 0.0, 0.0]","[0.0, 0.0, 0.0]",0,0.0,0,31.384006729125975,"[0.0, -6.31713867084, -10.04028320148]","[0, 0, 0]",0,3,0.0,0.0,0.0,0,0,0,4294967.295,3750000.64,0,11795,0,-22.827594757080078,17.29046630859375,0.0,0,state.GROUND_TESTING,191,-38,0,-37,0.0,0,0,"[10.2, 0.5, 17.0, 10.6, 15.9, 16.5, 0, 0]","[3.638, 3.639, 3.639]",0.187,"[2.9968000000000004, 3.3120000000000003, 5.0032000000000005, 7.368, 8.4448, 27.8288]","[0.03, 0.61625, -0.0025, -0.000625, -0.000625, 0.0]",0,0,29.5,"[1, 1, 1, 1, 1, 1]",28.354488048072774,0.0,0.0,0,0.0
1774904374.1288292,"[1, 1, 1, 1, 1, 1]","[1291, 1500, 1500, 1500]","[-25.08, 0.0, 0.0, 0.0]","[0.0, 0.0, 0.0]",0,0.0,0,31.37963478088379,"[0.0, -1.3732910154, -3.69262695252]","[0, 0, 0]",0,3,0.0,0.0,0.0,0,0,0,4294967.295,3750000.64,0,11855,0,-22.772674560546875,17.458301544189453,0.0,0,state.GROUND_TESTING,192,-38,0,-37,0.0,0,0,"[11.1, 0.5, 16.5, 10.6, 15.9, 15.9, 0, 0]","[3.638, 3.639, 3.639]",0.187,"[2.9952, 3.3104, 5.0032000000000005, 7.3664000000000005, 8.4528, 27.8272]","[0.033125, 0.24375, -0.00125, -0.005625, -0.000625, -0.005625]",0,0,29.5,"[1, 1, 1, 1, 1, 1]",28.408954669183526,0.0,0.0,0,0.0
1774904374.1873507,"[1, 1, 1, 1, 1, 1]","[1291, 1500, 1500, 1500]","[-25.08, 0.0, 0.0, 0.0]","[0.0, 0.0, 0.0]",0,0.0,0,31.366518936157227,"[0.0, -7.90405273308, 4.6691894523599995]","[0, 0, 0]",0,3,0.0,0.0,0.0,0,0,0,4294967.295,3750000.64,0,11909,0,-22.86899185180664,17.49747657775879,0.0,0,state.GROUND_TESTING,193,-32,0,-33,0.0,0,0,"[10.4, 0.5, 15.5, 10.4, 15.9, 15.9, 0, 0]","[3.638, 3.639, 3.639]",0.187,"[2.9952, 3.3104, 5.0032000000000005, 7.3664000000000005, 8.4528, 27.8272]","[0.033125, 0.24375, -0.00125, -0.005625, -0.000625, -0.005625]",0,0,29.5,"[1, 1, 1, 1, 1, 1]",28.506490515715274,0.0,0.0,0,0.0
1774904374.2450445,"[1, 1, 1, 1, 1, 1]","[1291, 1500, 1500, 1500]","[-25.08, 0.0, 0.0, 0.0]","[0.0, 0.0, 0.0]",0,0.0,0,31.39275062561035,"[0.0, 7.1105957019599995, 2.99072265576]","[0, 0, 0]",0,3,0.0,0.0,0.0,0,0,0,4294967.295,3750000.64,0,11969,0,-23.19918441772461,17.30952262878418,0.0,0,state.GROUND_TESTING,194,-30,0,-29,0.0,0,0,"[10.2, 0.5, 17.0, 10.4, 15.9, 15.9, 0, 0]","[3.638, 3.639, 3.639]",0.187,"[2.9968000000000004, 3.3120000000000003, 5.0032000000000005, 7.3632, 8.432, 27.8272]","[0.035625000000000004, 0.25125000000000003, -0.00125, 0.0, 0.00125, -0.003125]",0,0,29.5,"[1, 1, 1, 1, 1, 1]",28.65604597670152,0.0,0.0,0,0.0
1774904374.303045,"[1, 1, 1, 1, 1, 1]","[1291, 1500, 1500, 1500]","[-25.08, 0.0, 0.0, 0.0]","[0.0, 0.0, 0.0]",0,0.0,0,31.39712257385254,"[0.0, -1.73950195284, -5.00488281168]","[0, 0, 0]",0,3,0.0,0.0,0.0,0,0,0,4294967.295,3750000.64,0,12029,0,-23.160717010498047,17.42426300048828,0.0,0,state.GROUND_TESTING,195,-34,0,-32,0.0,0,0,"[10.4, 0.5, 17.0, 10.8, 16.5, 17.0, 0, 0]","[3.638, 3.639, 3.639]",0.187,"[2.9952, 3.3104, 5.0048, 7.364800000000001, 8.4368, 27.8304]","[0.035, 0.245625, 0.000625, 0.000625, -0.0025, 0.0025]",0,0,29.5,"[1, 1, 1, 1, 1, 1]",28.69154389397115,0.0,0.0,0,0.0
1774904374.3645873,"[1, 1, 1, 1, 1, 1]","[1291, 1500, 1500, 1500]","[-25.08, 0.0, 0.0, 0.0]","[0.0, 0.0, 0.0]",0,0.0,0,31.39712257385254,"[0.0, 12.969970701, 14.73999023196]","[0, 0, 0]",0,3,0.0,0.0,0.0,0,0,0,4294967.295,3750000.64,0,12089,0,-22.9876708984375,17.56462860107422,0.0,0,state.GROUND_TESTING,196,-40,0,-42,0.0,0,0,"[10.8, 0.5, 16.5, 10.2, 15.5, 16.5, 0, 0]","[3.638, 3.639, 3.639]",0.187,"[2.9952, 3.3104, 5.0048, 7.364800000000001, 8.4368, 27.8304]","[0.035, 0.245625, 0.000625, 0.000625, -0.0025, 0.0025]",0,0,29.5,"[1, 1, 1, 1, 1, 1]",28.63762539367215,0.0,0.0,0,0.0
1774904374.4196103,"[1, 1, 1, 1, 1, 1]","[1291, 1500, 1500, 1500]","[-25.08, 0.0, 0.0, 0.0]","[0.0, 0.0, 0.0]",0,0.0,0,31.37963478088379,"[0.0, 3.32641601508, -7.2326660144399995]","[0, 0, 0]",0,3,0.0,0.0,0.0,0,0,0,4294967.295,3750000.64,0,12143,0,-22.93328285217285,17.687334060668945,0.0,0,state.GROUND_TESTING,197,-39,0,-36,0.0,0,0,"[10.4, 0.5, 16.5, 10.2, 15.5, 17.0, 0, 0]","[3.638, 3.639, 3.639]",0.187,"[2.9952, 3.3104, 5.0016, 7.368, 8.4624, 27.8256]","[0.03375, 0.28250000000000003, -0.006875, -0.00125, -0.003125, -0.000625]",0,0,29.5,"[1, 1, 1, 1, 1, 1]",28.666804789164853,0.0,0.0,0,0.0
1774904374.4771764,"[1, 1, 1, 1, 1, 1]","[1291, 1500, 1500, 1500]","[-25.08, 0.0, 0.0, 0.0]","[0.0, 0.0, 0.0]",0,0.0,0,31.401494522094726,"[0.0, -9.85717773276, 3.38745117132]","[0, 0, 0]",0,3,0.0,0.0,0.0,0,0,0,4294967.295,3750000.64,0,12203,0,-22.69154930114746,17.96501922607422,0.0,0,state.GROUND_TESTING,198,-39,0,-41,0.0,0,0,"[10.2, 0.5, 15.9, 10.6, 15.9, 17.6, 0, 0]","[3.638, 3.639, 3.639]",0.187,"[2.9952, 3.3104, 5.0016, 7.368, 8.4624, 27.8256]","[0.03375, 0.28250000000000003, -0.006875, -0.00125, -0.003125, -0.000625]",0,0,29.5,"[1, 1, 1, 1, 1, 1]",28.644146561534072,0.0,0.0,0,0.0
1774904374.5372312,"[1, 1, 1, 1, 1, 1]","[1291, 1500, 1500, 1500]","[-25.08, 0.0, 0.0, 0.0]","[0.0, 0.0, 0.0]",0,0.0,0,31.401494522094726,"[0.0, -2.96020507764, -3.14331054636]","[0, 0, 0]",0,3,0.0,0.0,0.0,0,0,0,4294967.295,3750000.64,0,12263,0,-22.671714782714844,18.187788009643555,0.0,0,state.GROUND_TESTING,199,-37,0,-38,0.0,0,0,"[10.2, 0.5, 17.0, 10.6, 15.9, 17.0, 0, 0]","[3.638, 3.639, 3.639]",0.187,"[2.9936000000000003, 3.3104, 5.0016, 7.3632, 8.441600000000001, 27.824]","[0.036875, 0.6225, 0.0025, -0.0025, -0.004375, -0.004375]",0,0,29.5,"[1, 1, 1, 1, 1, 1]",28.76179963940018,0.0,0.0,0,0.0
1774904374.5972328,"[1, 1, 1, 1, 1, 1]","[1291, 1500, 1500, 1500]","[-25.08, 0.0, 0.0, 0.0]","[0.0, 0.0, 0.0]",0,0.0,0,31.39275062561035,"[0.0, 1.00708007796, 8.605957029839999]","[0, 0, 0]",0,3,0.0,0.0,0.0,0,0,0,4294967.295,3750000.64,0,12323,0,-22.60121726989746,18.392221450805664,0.0,0,state.GROUND_TESTING,200,-34,0,-34,0.0,0,0,"[10.6, 0.5, 16.5, 10.8, 15.5, 16.5, 0, 0]","[3.638, 3.639, 3.639]",0.187,"[2.9936000000000003, 3.3104, 5.0016, 7.3632, 8.441600000000001, 27.824]","[0.036875, 0.6225, 0.0025, -0.0025, -0.004375, -0.004375]",0,0,29.5,"[1, 1, 1, 1, 1, 1]",28.831245079062477,0.0,0.0,0,0.0
1774904374.6517668,"[1, 1, 1, 1, 1, 1]","[1291, 1500, 1500, 1500]","[-25.08, 0.0, 0.0, 0.0]","[0.0, 0.0, 0.0]",0,0.0,0,31.4102384185791,"[0.0, -2.77709960892, -2.5939941402]","[0, 0, 0]",0,3,0.0,0.0,0.0,0,0,0,4294967.295,3750000.64,0,12377,0,-22.826717376708984,18.6680965423584,0.0,0,state.GROUND_TESTING,201,-35,0,-34,0.0,0,0,"[10.6, 0.5, 15.9, 10.6, 15.5, 16.5, 0, 0]","[3.638, 3.639, 3.639]",0.187,"[2.9952, 3.3152000000000004, 5.0032000000000005, 7.3632, 8.4544, 27.8288]","[0.031875, 0.6175, -0.00125, 0.00125, -0.00125, -0.000625]",0,0,29.5,"[1, 1, 1, 1, 1, 1]",29.168354002662873,0.0,0.0,0,0.0
1774904374.7127445,"[1, 1, 1, 1, 1, 1]","[1291, 1500, 1500, 1500]","[-25.08, 0.0, 0.0, 0.0]","[0.0, 0.0, 0.0]",0,0.0,0,31.39712257385254,"[0.0, 3.5095214838, -16.75415038788]","[0, 0, 0]",0,3,0.0,0.0,0.0,0,0,0,4294967.295,3750000.64,0,12437,0,-22.881343841552734,18.568607330322266,0.0,0,state.GROUND_TESTING,202,-35,0,-34,0.0,0,0,"[10.6, 0.5, 17.6, 10.4, 15.5, 17.6, 0, 0]","[3.638, 3.639, 3.639]",0.187,"[2.9952, 3.3152000000000004, 5.0032000000000005, 7.3632, 8.4544, 27.8288]","[0.031875, 0.6175, -0.00125, 0.00125, -0.00125, -0.000625]",0,0,29.5,"[1, 1, 1, 1, 1, 1]",29.149545903482846,0.0,0.0,0,0.0
1774904374.7712815,"[1, 1, 1, 1, 1, 1]","[1291, 1500, 1500, 1500]","[-25.08, 0.0, 0.0, 0.0]","[0.0, 0.0, 0.0]",0,0.0,0,31.388378677368163,"[0.0, 6.68334960828, 4.48608398364]","[0, 0, 0]",0,3,0.0,0.0,0.0,0,0,0,4294967.295,3750000.64,0,12497,0,-22.459293365478516,18.43800163269043,0.0,0,state.GROUND_TESTING,203,-34,0,-34,0.0,0,0,"[10.4, 0.5, 15.5, 10.6, 15.5, 17.0, 0, 0]","[3.638, 3.639, 3.639]",0.187,"[2.9952, 3.3136, 5.0016, 7.372800000000001, 8.457600000000001, 27.8304]","[0.030625, 0.623125, -0.003125, 0.0, -0.005, 0.000625]",0,0,29.5,"[1, 1, 1, 1, 1, 1]",28.75185065899922,0.0,0.0,0,0.0
1774904374.831296,"[1, 1, 1, 1, 1, 1]","[1291, 1500, 1500, 1500]","[-25.08, 0.0, 0.0, 0.0]","[0.0, 0.0, 0.0]",0,0.0,0,31.4102384185791,"[0.0, 3.14331054636, 8.78906249856]","[0, 0, 0]",0,3,0.0,0.0,0.0,0,0,0,4294967.295,3750000.64,0,12557,0,-22.176706314086914,18.4910945892334,0.0,0,state.GROUND_TESTING,204,-35,0,-33,0.0,0,0,"[10.4, 0.5, 17.0, 10.6, 15.9, 15.9, 0, 0]","[3.638, 3.639, 3.639]",0.187,"[2.9952, 3.3136, 5.0016, 7.372800000000001, 8.457600000000001, 27.8304]","[0.030625, 0.623125, -0.003125, 0.0, -0.005, 0.000625]",0,0,29.5,"[1, 1, 1, 1, 1, 1]",28.5720677992554,0.0,0.0,0,0.0
1774904374.8878198,"[1, 1, 1, 1, 1, 1]","[1291, 1500, 1500, 1500]","[-25.08, 0.0, 0.0, 0.0]","[0.0, 0.0, 0.0]",0,0.0,0,31.423354263305665,"[0.0, -3.57055664004, 3.75366210876]","[0, 0, 0]",0,3,0.0,0.0,0.0,0,0,0,4294967.295,3750000.64,0,12611,0,-22.426218032836914,18.400484085083008,0.0,0,state.GROUND_TESTING,205,-36,0,-35,0.0,0,0,"[10.4, 0.5, 16.5, 10.4, 15.5, 17.6, 0, 0]","[3.638, 3.639, 3.639]",0.187,"[2.9952, 3.3120000000000003, 5.0032000000000005, 7.368, 8.4368, 27.8288]","[0.03375, 0.265, -0.003125, -0.0025, -0.005, -0.003125]",0,0,29.5,"[1, 1, 1, 1, 1, 1]",28.704131154070605,0.0,0.0,0,0.0
1774904374.9473498,"[1, 1, 1, 1, 1, 1]","[1291, 1500, 1500, 1500]","[-25.08, 0.0, 0.0, 0.0]","[0.0, 0.0, 0.0]",0,0.0,0,31.41461036682129,"[0.0, 3.69262695252, 2.25830078088]","[0, 0, 0]",0,3,0.0,0.0,0.0,0,0,0,4294967.295,3750000.64,0,12671,0,-22.208919525146484,18.326011657714844,0.0,0,state.GROUND_TESTING,206,-36,0,-36,0.0,0,0,"[10.2, 0.5, 16.5, 10.4, 15.9, 16.5, 0, 0]","[3.638, 3.639, 3.639]",0.187,"[2.9984, 3.3136, 5.0016, 7.3616, 8.456000000000001, 27.8304]","[0.03875, 0.215, -0.00125, -0.000625, -0.004375, -0.00125]",0,0,29.5,"[1, 1, 1, 1, 1, 1]",28.495185853071195,0.0,0.0,0,0.0
1774904375.0068748,"[1, 1, 1, 1, 1, 1]","[1291, 1500, 1500, 1500]","[-25.08, 0.0, 0.0, 0.0]","[0.0, 0.0, 0.0]",0,0.0,0,31.423354263305665,"[0.0, -6.92749023324, -2.96020507764]","[0, 0, 0]",0,3,0.0,0.0,0.0,0,0,0,4294967.295,3750000.64,0,12731,0,-22.013919830322266,18.402915954589844,0.0,0,state.GROUND_TESTING,207,-35,0,-36,0.0,0,0,"[10.4, 0.5, 16.5, 10.6, 16.5, 17.6, 0, 0]","[3.638, 3.639, 3.639]",0.187,"[2.9984, 3.3136, 5.0016, 7.3616, 8.456000000000001, 27.8304]","[0.03875, 0.215, -0.00125, -0.000625, -0.004375, -0.00125]",0,0,29.5,"[1, 1, 1, 1, 1, 1]",28.39606440025446,0.0,0.0,0,0.0
1774904375.0704253,"[1, 1, 1, 1, 1, 1]","[1291, 1500, 1500, 1500]","[-25.08, 0.0, 0.0, 0.0]","[0.0, 0.0, 0.0]",0,0.0,0,31.39275062561035,"[0.0, 1.9836425778, 11.19995117004]","[0, 0, 0]",0,3,0.0,0.0,0.0,0,0,0,4294967.295,3750000.64,0,12791,0,-21.645849227905273,18.469436645507812,0.0,0,state.GROUND_TESTING,208,-34,0,-34,0.0,0,0,"[10.4, 0.5, 16.5, 10.6, 16.5, 16.5, 0, 0]","[3.638, 3.639, 3.639]",0.187,"[2.9968000000000004, 3.3120000000000003, 5.0032000000000005, 7.364800000000001, 8.440000000000001, 27.8256]","[0.02625, 0.2475, -0.003125, -0.000625, 0.00125, -0.003125]",0,0,29.5,"[1, 1, 1, 1, 1, 1]",28.163222619179578,0.0,0.0,0,0.0
1774904375.119422,"[1, 1, 1, 1, 1, 1]","[1291, 1500, 1500, 1500]","[-25.08, 0.0, 0.0, 0.0]","[0.0, 0.0, 0.0]",0,0.0,0,31.4102384185791,"[0.0, -6.92749023324, -7.04956054572]","[0, 0, 0]",0,3,0.0,0.0,0.0,0,0,0,4294967.295,3750000.64,0,12845,0,-21.715200424194336,18.59916877746582,0.0,0,state.GROUND_TESTING,209,-33,0,-32,0.0,0,0,"[10.4, 0.5, 16.5, 10.6, 15.9, 15.5, 0, 0]","[3.638, 3.639, 3.639]",0.187,"[2.9968000000000004, 3.3120000000000003, 5.0032000000000005, 7.364800000000001, 8.440000000000001, 27.8256]","[0.02625, 0.2475, -0.003125, -0.000625, 0.00125, -0.003125]",0,0,29.5,"[1, 1, 1, 1, 1, 1]",28.295595131909383,0.0,0.0,0,0.0
1774904375.1789677,"[1, 1, 1, 1, 1, 1]","[1291, 1500, 1500, 1500]","[-25.08, 0.0, 0.0, 0.0]","[0.0, 0.0, 0.0]",0,0.0,0,31.423354263305665,"[0.0, 3.32641601508, 11.7492675762]","[0, 0, 0]",0,3,0.0,0.0,0.0,0,0,0,4294967.295,3750000.64,0,12905,0,-21.6340274810791,18.807903289794922,0.0,0,state.GROUND_TESTING,210,-33,0,-34,0.0,0,0,"[10.4, 0.5, 17.0, 10.4, 15.9, 15.9, 0, 0]","[3.638, 3.639, 3.639]",0.187,"[2.9952, 3.3120000000000003, 5.0048, 7.3632, 8.441600000000001, 27.8256]","[0.03, 0.23750000000000002, -0.000625, 0.000625, -0.00625, -0.000625]",0,0,29.5,"[1, 1, 1, 1, 1, 1]",28.3668301618493,0.0,0.0,0,0.0
1774904375.2403343,"[1, 1, 1, 1, 1, 1]","[1291, 1500, 1500, 1500]","[-25.08, 0.0, 0.0, 0.0]","[0.0, 0.0, 0.0]",0,0.0,0,31.423354263305665,"[0.0, 0.762939453, -3.14331054636]","[0, 0, 0]",0,3,0.0,0.0,0.0,0,0,0,4294967.295,3750000.64,0,12965,0,-21.645959854125977,18.72307014465332,0.0,0,state.GROUND_TESTING,211,-37,0,-39,0.0,0,0,"[10.6, 0.5, 17.0, 10.2, 15.0, 17.0, 0, 0]","[3.638, 3.639, 3.639]",0.187,"[2.9952, 3.3120000000000003, 5.0048, 7.3632, 8.441600000000001, 27.8256]","[0.03, 0.23750000000000002, -0.000625, 0.000625, -0.00625, -0.000625]",0,0,29.5,"[1, 1, 1, 1, 1, 1]",28.322175989328045,0.0,0.0,0,0.0
1774904375.3003397,"[1, 1, 1, 1, 1, 1]","[1291, 1500, 1500, 1500]","[-25.08, 0.0, 0.0, 0.0]","[0.0, 0.0, 0.0]",0,0.0,0,31.423354263305665,"[0.0, -6.8664550769999995, 2.80761718704]","[0, 0, 0]",0,3,0.0,0.0,0.0,0,0,0,4294967.295,3750000.64,0,13025,0,-21.380491256713867,18.92937660217285,0.0,0,state.GROUND_TESTING,212,-40,0,-38,0.0,0,0,"[10.4, 0.5, 17.0, 10.6, 15.9, 15.9, 0, 0]","[3.638, 3.639, 3.639]",0.187,"[2.9968000000000004, 3.3136, 5.0048, 7.3616, 8.457600000000001, 27.8304]","[0.04, 0.60375, -0.008125, 0.003125, -0.00125, -0.0025]",0,0,29.5,"[1, 1, 1, 1, 1, 1]",28.258440812797787,0.0,0.0,0,0.0
1774904375.3528643,"[1, 1, 1, 1, 1, 1]","[1291, 1500, 1500, 1500]","[-25.08, 0.0, 0.0, 0.0]","[0.0, 0.0, 0.0]",0,0.0,0,31.427726211547853,"[0.0, -11.01684570132, -2.5939941402]","[0, 0, 0]",0,3,0.0,0.0,0.0,0,0,0,4294967.295,3750000.64,0,13079,0,-21.37589454650879,19.18735694885254,0.0,0,state.GROUND_TESTING,213,-42,0,-42,0.0,0,0,"[10.8, 0.5, 17.0, 10.8, 16.5, 15.9, 0, 0]","[3.638, 3.639, 3.639]",0.187,"[2.9968000000000004, 3.3136, 5.0048, 7.3616, 8.457600000000001, 27.8304]","[0.04, 0.60375, -0.008125, 0.003125, -0.00125, -0.0025]",0,0,29.5,"[1, 1, 1, 1, 1, 1]",28.4203532006658,0.0,0.0,0,0.0
1774904375.4188614,"[1, 1, 1, 1, 1, 1]","[1291, 1500, 1500, 1500]","[-25.08, 0.0, 0.0, 0.0]","[0.0, 0.0, 0.0]",0,0.0,0,31.41461036682129,"[0.0, 0.39672851556, 0.21362304684]","[0, 0, 0]",0,3,0.0,0.0,0.0,0,0,0,4294967.295,3750000.64,0,13139,0,-21.342988967895508,19.36682891845703,0.0,0,state.GROUND_TESTING,214,-42,0,-42,0.0,0,0,"[10.6, 0.5, 16.5, 10.8, 16.5, 16.5, 0, 0]","[3.638, 3.639, 3.639]",0.187,"[2.9952, 3.3088, 5.0048, 7.3632, 8.448, 27.824]","[0.03125, 0.626875, -0.00125, -0.00125, -0.0075, 0.005625]",0,0,29.5,"[1, 1, 1, 1, 1, 1]",28.51238818792501,0.0,0.0,0,0.0
1774904375.4784207,"[1, 1, 1, 1, 1, 1]","[1291, 1500, 1500, 1500]","[-25.08, 0.0, 0.0, 0.0]","[0.0, 0.0, 0.0]",0,0.0,0,31.423354263305665,"[0.0, -4.5471191398799995, 8.605957029839999]","[0, 0, 0]",0,3,0.0,0.0,0.0,0,0,0,4294967.295,3750000.64,0,13199,0,-21.213279724121094,19.445573806762695,0.0,0,state.GROUND_TESTING,215,-42,0,-42,0.0,0,0,"[10.6, 0.5, 17.0, 10.8, 15.5, 16.5, 0, 0]","[3.638, 3.639, 3.639]",0.187,"[2.9952, 3.3088, 5.0048, 7.3632, 8.448, 27.824]","[0.03125, 0.626875, -0.00125, -0.00125, -0.0075, 0.005625]",0,0,29.5,"[1, 1, 1, 1, 1, 1]",28.470427791034254,0.0,0.0,0,0.0
1774904375.5329509,"[1, 1, 1, 1, 1, 1]","[1291, 1500, 1500, 1500]","[-25.08, 0.0, 0.0, 0.0]","[0.0, 0.0, 0.0]",0,0.0,0,31.423354263305665,"[0.0, -3.14331054636, -2.77709960892]","[0, 0, 0]",0,3,0.0,0.0,0.0,0,0,0,4294967.295,3750000.64,0,13259,0,-21.508424758911133,19.442554473876953,0.0,0,state.GROUND_TESTING,216,-42,0,-42,0.0,0,0,"[10.8, 0.5, 17.0, 10.6, 15.5, 16.5, 0, 0]","[3.638, 3.639, 3.639]",0.187,"[2.9968000000000004, 3.3152000000000004, 5.0032000000000005, 7.368, 8.4288, 27.8288]","[0.033125, 0.235625, -0.0075, -0.000625, -0.005, -0.000625]",0,0,29.5,"[1, 1, 1, 1, 1, 1]",28.68040738564918,0.0,0.0,0,0.0
1774904375.5874798,"[1, 1, 1, 1, 1, 1]","[1291, 1500, 1500, 1500]","[-25.08, 0.0, 0.0, 0.0]","[0.0, 0.0, 0.0]",0,0.0,0,31.418982315063477,"[0.0, -2.96020507764, 1.31225585916]","[0, 0, 0]",0,3,0.0,0.0,0.0,0,0,0,4294967.295,3750000.64,0,13313,0,-21.424694061279297,19.44892692565918,0.0,0,state.GROUND_TESTING,217,-45,0,-42,0.0,0,0,"[10.4, 0.5, 17.0, 10.4, 15.9, 16.5, 0, 0]","[3.638, 3.639, 3.639]",0.187,"[2.9968000000000004, 3.3152000000000004, 5.0032000000000005, 7.368, 8.4288, 27.8288]","[0.033125, 0.235625, -0.0075, -0.000625, -0.005, -0.000625]",0,0,29.5,"[1, 1, 1, 1, 1, 1]",28.62426542783193,0.0,0.0,0,0.0
1774904375.6470094,"[1, 1, 1, 1, 1, 1]","[1291, 1500, 1500, 1500]","[-25.08, 0.0, 0.0, 0.0]","[0.0, 0.0, 0.0]",0,0.0,0,31.401494522094726,"[0.0, -2.96020507764, -5.00488281168]","[0, 0, 0]",0,3,0.0,0.0,0.0,0,0,0,4294967.295,3750000.64,0,13373,0,-21.603845596313477,19.521575927734375,0.0,0,state.GROUND_TESTING,218,-39,0,-40,0.0,0,0,"[10.2, 0.5, 16.5, 10.4, 15.9, 16.5, 0, 0]","[3.638, 3.639, 3.639]",0.187,"[2.9968000000000004, 3.3120000000000003, 5.0016, 7.3632, 8.457600000000001, 27.8336]","[0.038125, 0.23625000000000002, -0.004375, -0.004375, -0.003125, -0.0025]",0,0,29.5,"[1, 1, 1, 1, 1, 1]",28.800120530272444,0.0,0.0,0,0.0
1774904375.7141201,"[1, 1, 1, 1, 1, 1]","[1291, 1500, 1500, 1500]","[-25.08, 0.0, 0.0, 0.0]","[0.0, 0.0, 0.0]",0,0.0,0,31.418982315063477,"[0.0, -0.762939453, 14.92309570068]","[0, 0, 0]",0,3,0.0,0.0,0.0,0,0,0,4294967.295,3750000.64,0,13433,0,-21.250751495361328,19.683921813964844,0.0,0,state.GROUND_TESTING,219,-38,0,-38,0.0,0,0,"[10.4, 0.5, 17.6, 10.6, 15.5, 15.9, 0, 0]","[3.638, 3.639, 3.639]",0.187,"[2.9952, 3.3120000000000003, 5.0032000000000005, 7.3584000000000005, 8.432, 27.8288]","[0.028125, 0.228125, -0.004375, -0.000625, -0.00375, -0.004375]",0,0,29.5,"[1, 1, 1, 1, 1, 1]",28.652783632338817,0.0,0.0,0,0.0
1774904375.771652,"[1, 1, 1, 1, 1, 1]","[1291, 1500, 1500, 1500]","[-25.08, 0.0, 0.0, 0.0]","[0.0, 0.0, 0.0]",0,0.0,0,31.43209815979004,"[0.0, 3.14331054636, -11.535644529359999]","[0, 0, 0]",0,3,0.0,0.0,0.0,0,0,0,4294967.295,3750000.64,0,13493,0,-21.29774284362793,19.680856704711914,0.0,0,state.GROUND_TESTING,220,-36,0,-37,0.0,0,0,"[10.6, 0.5, 15.9, 10.8, 15.9, 16.5, 0, 0]","[3.638, 3.639, 3.639]",0.187,"[2.9952, 3.3120000000000003, 5.0032000000000005, 7.3584000000000005, 8.432, 27.8288]","[0.028125, 0.228125, -0.004375, -0.000625, -0.00375, -0.004375]",0,0,29.5,"[1, 1, 1, 1, 1, 1]",28.684241888306595,0.0,0.0,0,0.0
1774904375.8286583,"[1, 1, 1, 1, 1, 1]","[1291, 1500, 1500, 1500]","[-25.08, 0.0, 0.0, 0.0]","[0.0, 0.0, 0.0]",0,0.0,0,31.427726211547853,"[0.0, 5.340576171, 18.64624023132]","[0, 0, 0]",0,3,0.0,0.0,0.0,0,0,0,4294967.295,3750000.64,0,13547,0,-21.170146942138672,19.55970001220703,0.0,0,state.GROUND_TESTING,221,-35,0,-36,0.0,0,0,"[10.6, 0.5, 17.0, 10.2, 15.9, 17.0, 0, 0]","[3.638, 3.639, 3.639]",0.187,"[2.9968000000000004, 3.3120000000000003, 5.0032000000000005, 7.3664000000000005, 8.4608, 27.8256]","[0.02875, 0.22875, 0.00375, -0.003125, -0.00125, -0.003125]",0,0,29.5,"[1, 1, 1, 1, 1, 1]",28.51408668306037,0.0,0.0,0,0.0
1774904375.884186,"[1, 1, 1, 1, 1, 1]","[1291, 1500, 1500, 1500]","[-25.08, 0.0, 0.0, 0.0]","[0.0, 0.0, 0.0]",0,0.0,0,31.436470108032225,"[0.0, -8.27026367052, 0.762939453]","[0, 0, 0]",0,3,0.0,0.0,0.0,0,0,0,4294967.295,3750000.64,0,13607,0,-21.178112030029297,19.63053321838379,0.0,0,state.GROUND_TESTING,222,-34,0,-34,0.0,0,0,"[10.4, 0.5, 16.5, 10.2, 15.5, 17.6, 0, 0]","[3.638, 3.639, 3.639]",0.187,"[2.9968000000000004, 3.3120000000000003, 5.0032000000000005, 7.3664000000000005, 8.4608, 27.8256]","[0.02875, 0.22875, 0.00375, -0.003125, -0.00125, -0.003125]",0,0,29.5,"[1, 1, 1, 1, 1, 1]",28.566123903847135,0.0,0.0,0,0.0
1774904375.9417112,"[1, 1, 1, 1, 1, 1]","[1291, 1500, 1500, 1500]","[-25.08, 0.0, 0.0, 0.0]","[0.0, 0.0, 0.0]",0,0.0,0,31.436470108032225,"[0.0, 1.9836425778, 3.93676757748]","[0, 0, 0]",0,3,0.0,0.0,0.0,0,0,0,4294967.295,3750000.64,0,13667,0,-21.121017456054688,19.601255416870117,0.0,0,state.GROUND_TESTING,223,-35,0,-35,0.0,0,0,"[10.4, 0.5, 16.5, 10.8, 16.5, 16.5, 0, 0]","[3.638, 3.639, 3.639]",0.187,"[2.9968000000000004, 3.3120000000000003, 5.0032000000000005, 7.3664000000000005, 8.4352, 27.8288]","[0.038125, 0.2525, -0.0025, -0.001875, 0.00125, -0.001875]",0,0,29.5,"[1, 1, 1, 1, 1, 1]",28.50631559386083,0.0,0.0,0,0.0
1774904376.0018017,"[1, 1, 1, 1, 1, 1]","[1291, 1500, 1500, 1500]","[-25.08, 0.0, 0.0, 0.0]","[0.0, 0.0, 0.0]",0,0.0,0,31.427726211547853,"[0.0, 2.34985351524, 8.20922851428]","[0, 0, 0]",0,3,0.0,0.0,0.0,0,0,0,4294967.295,3750000.64,0,13727,0,-21.041669845581055,19.731266021728516,0.0,0,state.GROUND_TESTING,224,-36,0,-35,0.0,0,0,"[10.2, 0.5, 15.9, 10.8, 15.5, 16.5, 0, 0]","[3.638, 3.639, 3.639]",0.187,"[2.9968000000000004, 3.3120000000000003, 5.0032000000000005, 7.3664000000000005, 8.4352, 27.8288]","[0.038125, 0.2525, -0.0025, -0.001875, 0.00125, -0.001875]",0,0,29.5,"[1, 1, 1, 1, 1, 1]",28.535530438379332,0.0,0.0,0,0.0
1774904376.0573404,"[1, 1, 1, 1, 1, 1]","[1291, 1500, 1500, 1500]","[-25.08, 0.0, 0.0, 0.0]","[0.0, 0.0, 0.0]",0,0.0,0,31.449585952758788,"[0.0, -2.53295898396, 4.3029785149199995]","[0, 0, 0]",0,3,0.0,0.0,0.0,0,0,0,4294967.295,3750000.64,0,13781,0,-21.164777755737305,19.94358253479004,0.0,0,state.GROUND_TESTING,225,-38,0,-38,0.0,0,0,"[10.2, 0.5, 16.5, 10.6, 15.5, 16.5, 0, 0]","[3.638, 3.639, 3.639]",0.187,"[2.9952, 3.3104, 5.0, 7.36, 8.459200000000001, 27.819200000000002]","[0.035, 0.623125, -0.001875, 0.0025, -0.000625, 0.008125]",0,0,29.5,"[1, 1, 1, 1, 1, 1]",28.762694517573216,0.0,0.0,0,0.0
1774904376.115335,"[1, 1, 1, 1, 1, 1]","[1291, 1500, 1500, 1500]","[-25.08, 0.0, 0.0, 0.0]","[0.0, 0.0, 0.0]",0,0.0,0,31.440842056274413,"[0.0, 11.07788085756, 7.29370117068]","[0, 0, 0]",0,3,0.0,0.0,0.0,0,0,0,4294967.295,3750000.64,0,13841,0,-20.984386444091797,19.889822006225586,0.0,0,state.GROUND_TESTING,226,-38,0,-38,0.0,0,0,"[10.4, 0.5, 17.0, 11.1, 15.5, 15.5, 0, 0]","[3.638, 3.639, 3.639]",0.187,"[2.9952, 3.3104, 5.0, 7.36, 8.459200000000001, 27.819200000000002]","[0.035, 0.623125, -0.001875, 0.0025, -0.000625, 0.008125]",0,0,29.5,"[1, 1, 1, 1, 1, 1]",28.600017924496004,0.0,0.0,0,0.0
1774904376.175873,"[1, 1, 1, 1, 1, 1]","[1291, 1500, 1500, 1500]","[-25.08, 0.0, 0.0, 0.0]","[0.0, 0.0, 0.0]",0,0.0,0,31.453957901000976,"[0.0, -5.340576171, -12.45117187296]","[0, 0, 0]",0,3,0.0,0.0,0.0,0,0,0,4294967.295,3750000.64,0,13901,0,-21.25503921508789,20.028949737548828,0.0,0,state.GROUND_TESTING,227,-38,0,-38,0.0,0,0,"[10.8, 0.5, 16.5, 10.8, 15.9, 16.5, 0, 0]","[3.638, 3.639, 3.639]",0.187,"[2.9968000000000004, 3.3136, 5.0048, 7.3632, 8.4528, 27.822400000000002]","[0.035, 0.615625, -0.003125, 0.0025, -0.005, -0.003125]",0,0,29.5,"[1, 1, 1, 1, 1, 1]",28.882773439452354,0.0,0.0,0,0.0
1774904376.2371356,"[1, 1, 1, 1, 1, 1]","[1291, 1500, 1500, 1500]","[-25.08, 0.0, 0.0, 0.0]","[0.0, 0.0, 0.0]",0,0.0,0,31.449585952758788,"[0.0, 1.19018554668, 5.82885742092]","[0, 0, 0]",0,3,0.0,0.0,0.0,0,0,0,4294967.295,3750000.64,0,13961,0,-21.13235092163086,19.916011810302734,0.0,0,state.GROUND_TESTING,228,-37,0,-37,0.0,0,0,"[10.6, 0.5, 15.5, 10.6, 15.5, 15.9, 0, 0]","[3.638, 3.639, 3.639]",0.187,"[2.9968000000000004, 3.3136, 5.0048, 7.3632, 8.4528, 27.822400000000002]","[0.035, 0.615625, -0.003125, 0.0025, -0.005, -0.003125]",0,0,29.5,"[1, 1, 1, 1, 1, 1]",28.721594804366006,0.0,0.0,0,0.0
1774904376.2911494,"[1, 1, 1, 1, 1, 1]","[1291, 1500, 1500, 1500]","[-25.08, 0.0, 0.0, 0.0]","[0.0, 0.0, 0.0]",0,0.0,0,31.4452140045166,"[0.0, -8.0871582018, -10.40649413892]","[0, 0, 0]",0,3,0.0,0.0,0.0,0,0,0,4294967.295,3750000.64,0,14015,0,-21.120080947875977,19.88986587524414,0.0,0,state.GROUND_TESTING,229,-36,0,-37,0.0,0,0,"[10.2, 0.5, 15.5, 10.4, 15.5, 15.9, 0, 0]","[3.638, 3.639, 3.639]",0.187,"[2.9968000000000004, 3.3136, 5.0016, 7.368, 8.443200000000001, 27.8288]","[0.036875, 0.21937500000000001, -0.0025, 0.003125, -0.003125, -0.0025]",0,0,29.5,"[1, 1, 1, 1, 1, 1]",28.69565399617005,0.0,0.0,0,0.0
1774904376.349682,"[1, 1, 1, 1, 1, 1]","[1291, 1500, 1500, 1500]","[-25.08, 0.0, 0.0, 0.0]","[0.0, 0.0, 0.0]",0,0.0,0,31.4452140045166,"[0.0, 10.40649413892, 9.155273436]","[0, 0, 0]",0,3,0.0,0.0,0.0,0,0,0,4294967.295,3750000.64,0,14075,0,-21.225341796875,19.90999412536621,0.0,0,state.GROUND_TESTING,230,-36,0,-36,0.0,0,0,"[10.8, 0.5, 16.5, 10.6, 15.9, 16.5, 0, 0]","[3.638, 3.639, 3.639]",0.187,"[2.9968000000000004, 3.3136, 5.0016, 7.368, 8.443200000000001, 27.8288]","[0.036875, 0.21937500000000001, -0.0025, 0.003125, -0.003125, -0.0025]",0,0,29.5,"[1, 1, 1, 1, 1, 1]",28.783287843369347,0.0,0.0,0,0.0
1774904376.4156818,"[1, 1, 1, 1, 1, 1]","[1291, 1500, 1500, 1500]","[-25.08, 0.0, 0.0, 0.0]","[0.0, 0.0, 0.0]",0,0.0,0,31.458329849243164,"[0.0, 0.57983398428, -12.84790038852]","[0, 0, 0]",0,3,0.0,0.0,0.0,0,0,0,4294967.295,3750000.64,0,14135,0,-21.30620765686035,19.930130004882812,0.0,0,state.GROUND_TESTING,231,-35,0,-36,0.0,0,0,"[10.6, 0.5, 15.5, 10.4, 15.5, 15.9, 0, 0]","[3.638, 3.639, 3.639]",0.187,"[2.9936000000000003, 3.3136, 5.0064, 7.364800000000001, 8.4512, 27.8288]","[0.029375000000000002, 0.258125, -0.003125, -0.000625, -0.00125, -0.00125]",0,0,29.5,"[1, 1, 1, 1, 1, 1]",28.853755712250372,0.0,0.0,0,0.0
1774904376.4748247,"[1, 1, 1, 1, 1, 1]","[1291, 1500, 1500, 1500]","[-25.08, 0.0, 0.0, 0.0]","[0.0, 0.0, 0.0]",0,0.0,0,31.453957901000976,"[0.0, -3.32641601508, 10.46752929516]","[0, 0, 0]",0,3,0.0,0.0,0.0,0,0,0,4294967.295,3750000.64,0,14195,0,-21.16339683532715,20.084558486938477,0.0,0,state.GROUND_TESTING,232,-34,0,-34,0.0,0,0,"[10.6, 0.5, 15.9, 10.8, 16.5, 16.5, 0, 0]","[3.638, 3.639, 3.639]",0.187,"[2.9952, 3.3104, 5.0032000000000005, 7.3616, 8.4512, 27.824]","[0.031875, 0.23500000000000001, -0.003125, 0.0025, -0.004375, 0.00125]",0,0,29.5,"[1, 1, 1, 1, 1, 1]",28.85509385816311,0.0,0.0,0,0.0
1774904376.528356,"[1, 1, 1, 1, 1, 1]","[1291, 1500, 1500, 1500]","[-25.08, 0.0, 0.0, 0.0]","[0.0, 0.0, 0.0]",0,0.0,0,31.436470108032225,"[0.0, -6.8664550769999995, 4.48608398364]","[0, 0, 0]",0,3,0.0,0.0,0.0,0,0,0,4294967.295,3750000.64,0,14249,0,-21.084924697875977,20.186328887939453,0.0,0,state.GROUND_TESTING,233,-34,0,-34,0.0,0,0,"[10.6, 0.5, 16.5, 10.6, 15.5, 16.5, 0, 0]","[3.638, 3.639, 3.639]",0.187,"[2.9952, 3.3104, 5.0032000000000005, 7.3616, 8.4512, 27.824]","[0.031875, 0.23500000000000001, -0.003125, 0.0025, -0.004375, 0.00125]",0,0,29.5,"[1, 1, 1, 1, 1, 1]",28.86778760974916,0.0,0.0,0,0.0
1774904376.5838797,"[1, 1, 1, 1, 1, 1]","[1291, 1500, 1500, 1500]","[-25.08, 0.0, 0.0, 0.0]","[0.0, 0.0, 0.0]",0,0.0,0,31.449585952758788,"[0.0, 2.34985351524, 4.48608398364]","[0, 0, 0]",0,3,0.0,0.0,0.0,0,0,0,4294967.295,3750000.64,0,14309,0,-20.92742156982422,20.260780334472656,0.0,0,state.GROUND_TESTING,234,-34,0,-34,0.0,0,0,"[10.6, 0.5, 16.5, 10.6, 15.5, 16.5, 0, 0]","[3.638, 3.639, 3.639]",0.187,"[2.9952, 3.3104, 5.0032000000000005, 7.368, 8.4512, 27.8272]","[0.02875, 0.25125000000000003, -0.0025, -0.003125, 0.000625, -0.0025]",0,0,29.5,"[1, 1, 1, 1, 1, 1]",28.80776049834063,0.0,0.0,0,0.0
1774904376.643412,"[1, 1, 1, 1, 1, 1]","[1291, 1500, 1500, 1500]","[-25.08, 0.0, 0.0, 0.0]","[0.0, 0.0, 0.0]",0,0.0,0,31.453957901000976,"[0.0, -8.88061523292, 0.39672851556]","[0, 0, 0]",0,3,0.0,0.0,0.0,0,0,0,4294967.295,3750000.64,0,14369,0,-21.102888107299805,20.418865203857422,0.0,0,state.GROUND_TESTING,235,-34,0,-34,0.0,0,0,"[10.6, 0.5, 15.9, 10.4, 15.5, 17.0, 0, 0]","[3.638, 3.639, 3.639]",0.187,"[2.9952, 3.3104, 5.0032000000000005, 7.368, 8.4512, 27.8272]","[0.02875, 0.25125000000000003, -0.0025, -0.003125, 0.000625, -0.0025]",0,0,29.5,"[1, 1, 1, 1, 1, 1]",29.03582350867971,0.0,0.0,0,0.0
1774904376.710425,"[1, 1, 1, 1, 1, 1]","[1291, 1500, 1500, 1500]","[-25.08, 0.0, 0.0, 0.0]","[0.0, 0.0, 0.0]",0,0.0,0,31.436470108032225,"[0.0, -1.3732910154, 5.06591796792]","[0, 0, 0]",0,3,0.0,0.0,0.0,0,0,0,4294967.295,3750000.64,0,14429,0,-21.194740295410156,20.74541473388672,0.0,0,state.GROUND_TESTING,236,-33,0,-33,0.0,0,0,"[10.4, 0.5, 16.5, 10.6, 15.9, 17.0, 0, 0]","[3.638, 3.639, 3.639]",0.187,"[2.9968000000000004, 3.3136, 5.0032000000000005, 7.3664000000000005, 8.4544, 27.8288]","[0.035, 0.32375, -0.00125, -0.00625, 0.003125, -0.000625]",0,0,29.5,"[1, 1, 1, 1, 1, 1]",29.319076454295132,0.0,0.0,0,0.0
1774904376.7581794,"[1, 1, 1, 1, 1, 1]","[1291, 1500, 1500, 1500]","[-25.08, 0.0, 0.0, 0.0]","[0.0, 0.0, 0.0]",0,0.0,0,31.436470108032225,"[0.0, 4.1198730462, -5.55419921784]","[0, 0, 0]",0,3,0.0,0.0,0.0,0,0,0,4294967.295,3750000.64,0,14483,0,-21.385690689086914,20.6715087890625,0.0,0,state.GROUND_TESTING,237,-33,0,-33,0.0,0,0,"[10.4, 0.5, 15.9, 10.6, 15.5, 16.5, 0, 0]","[3.638, 3.639, 3.639]",0.187,"[2.9968000000000004, 3.3136, 5.0032000000000005, 7.3664000000000005, 8.4544, 27.8288]","[0.035, 0.32375, -0.00125, -0.00625, 0.003125, -0.000625]",0,0,29.5,"[1, 1, 1, 1, 1, 1]",29.401684026944928,0.0,0.0,0,0.0
1774904376.8181813,"[1, 1, 1, 1, 1, 1]","[1291, 1500, 1500, 1500]","[-25.08, 0.0, 0.0, 0.0]","[0.0, 0.0, 0.0]",0,0.0,0,31.453957901000976,"[0.0, 9.85717773276, 11.7492675762]","[0, 0, 0]",0,3,0.0,0.0,0.0,0,0,0,4294967.295,3750000.64,0,14543,0,-21.30082893371582,20.774667739868164,0.0,0,state.GROUND_TESTING,238,-34,0,-33,0.0,0,0,"[10.6, 0.5, 17.0, 10.6, 15.9, 15.9, 0, 0]","[3.638, 3.639, 3.639]",0.187,"[2.9952, 3.3104, 5.0016, 7.36, 8.4352, 27.8256]","[0.031875, 0.609375, -0.0025, -0.00125, -0.00625, -0.0025]",0,0,29.5,"[1, 1, 1, 1, 1, 1]",29.412095097889228,0.0,0.0,0,0.0
1774904376.8797219,"[1, 1, 1, 1, 1, 1]","[1291, 1500, 1500, 1500]","[-25.08, 0.0, 0.0, 0.0]","[0.0, 0.0, 0.0]",0,0.0,0,31.453957901000976,"[0.0, 6.92749023324, -10.40649413892]","[0, 0, 0]",0,3,0.0,0.0,0.0,0,0,0,4294967.295,3750000.64,0,14603,0,-21.094219207763672,20.808856964111328,0.0,0,state.GROUND_TESTING,239,-35,0,-34,0.0,0,0,"[10.8, 0.5, 17.6, 10.6, 15.0, 15.9, 0, 0]","[3.638, 3.639, 3.639]",0.187,"[2.9952, 3.3104, 5.0016, 7.36, 8.4352, 27.8256]","[0.031875, 0.609375, -0.0025, -0.00125, -0.00625, -0.0025]",0,0,29.5,"[1, 1, 1, 1, 1, 1]",29.292696910790912,0.0,0.0,0,0.0
1774904376.939254,"[1, 1, 1, 1, 1, 1]","[1291, 1500, 1500, 1500]","[-25.08, 0.0, 0.0, 0.0]","[0.0, 0.0, 0.0]",0,0.0,0,31.46270179748535,"[0.0, -8.88061523292, -6.31713867084]","[0, 0, 0]",0,3,0.0,0.0,0.0,0,0,0,4294967.295,3750000.64,0,14663,0,-21.044462203979492,21.029817581176758,0.0,0,state.GROUND_TESTING,240,-35,0,-35,0.0,0,0,"[10.4, 0.5, 15.9, 10.8, 15.0, 17.0, 0, 0]","[3.638, 3.639, 3.639]",0.187,"[2.9968000000000004, 3.3104, 5.0032000000000005, 7.3712, 8.4448, 27.8288]","[0.03875, 0.6012500000000001, -0.00375, -0.00125, -0.00875, 0.00375]",0,0,29.5,"[1, 1, 1, 1, 1, 1]",29.408806837588497,0.0,0.0,0,0.0
1774904376.9967995,"[1, 1, 1, 1, 1, 1]","[1291, 1500, 1500, 1500]","[-25.08, 0.0, 0.0, 0.0]","[0.0, 0.0, 0.0]",0,0.0,0,31.471445693969727,"[0.0, -1.3732910154, -3.5095214838]","[0, 0, 0]",0,3,0.0,0.0,0.0,0,0,0,4294967.295,3750000.64,0,14717,0,-21.103199005126953,21.207313537597656,0.0,0,state.GROUND_TESTING,241,-34,0,-34,0.0,0,0,"[10.8, 0.5, 16.5, 10.6, 16.5, 16.5, 0, 0]","[3.638, 3.639, 3.639]",0.187,"[2.9968000000000004, 3.3104, 5.0032000000000005, 7.3712, 8.4448, 27.8288]","[0.03875, 0.6012500000000001, -0.00375, -0.00125, -0.00875, 0.00375]",0,0,29.5,"[1, 1, 1, 1, 1, 1]",29.57005382053067,0.0,0.0,0,0.0
1774904377.057339,"[1, 1, 1, 1, 1, 1]","[1291, 1500, 1500, 1500]","[-25.08, 0.0, 0.0, 0.0]","[0.0, 0.0, 0.0]",0,0.0,0,31.46270179748535,"[0.0, -2.96020507764, -5.37109374912]","[0, 0, 0]",0,3,0.0,0.0,0.0,0,0,0,4294967.295,3750000.64,0,14777,0,-21.336393356323242,21.20305061340332,0.0,0,state.GROUND_TESTING,242,-33,0,-33,0.0,0,0,"[10.4, 0.5, 16.5, 10.8, 15.9, 15.9, 0, 0]","[3.638, 3.639, 3.639]",0.187,"[2.9968000000000004, 3.3104, 5.0016, 7.368, 8.4464, 27.8272]","[0.0325, 0.380625, -0.000625, 0.0, -0.00625, 0.0025]",0,0,29.5,"[1, 1, 1, 1, 1, 1]",29.726221080339013,0.0,0.0,0,0.0
1774904377.1123364,"[1, 1, 1, 1, 1, 1]","[1291, 1500, 1500, 1500]","[-25.08, 0.0, 0.0, 0.0]","[0.0, 0.0, 0.0]",0,0.0,0,31.458329849243164,"[0.0, 0.03051757812, -0.1525878906]","[0, 0, 0]",0,3,0.0,0.0,0.0,0,0,0,4294967.295,3750000.64,0,14837,0,-21.491432189941406,21.170093536376953,0.0,0,state.GROUND_TESTING,243,-34,0,-33,0.0,0,0,"[10.6, 0.5, 16.5, 10.4, 15.5, 17.0, 0, 0]","[3.638, 3.639, 3.639]",0.187,"[2.9968000000000004, 3.3104, 5.0016, 7.368, 8.4464, 27.8272]","[0.0325, 0.380625, -0.000625, 0.0, -0.00625, 0.0025]",0,0,29.5,"[1, 1, 1, 1, 1, 1]",29.81019104997392,0.0,0.0,0,0.0
1774904377.1739132,"[1, 1, 1, 1, 1, 1]","[1291, 1500, 1500, 1500]","[-25.08, 0.0, 0.0, 0.0]","[0.0, 0.0, 0.0]",0,0.0,0,31.46270179748535,"[0.0, 0.03051757812, 13.79394531024]","[0, 0, 0]",0,3,0.0,0.0,0.0,0,0,0,4294967.295,3750000.64,0,14897,0,-21.423404693603516,21.191469192504883,0.0,0,state.GROUND_TESTING,244,-36,0,-35,0.0,0,0,"[10.2, 0.5, 16.5, 10.2, 15.9, 17.0, 0, 0]","[3.638, 3.639, 3.639]",0.187,"[2.9952, 3.3104, 5.0016, 7.3632, 8.4528, 27.8256]","[0.03375, 0.254375, -0.000625, -0.00375, -0.004375, -0.003125]",0,0,29.5,"[1, 1, 1, 1, 1, 1]",29.777958134090795,0.0,0.0,0,0.0
1774904377.228288,"[1, 1, 1, 1, 1, 1]","[1291, 1500, 1500, 1500]","[-25.08, 0.0, 0.0, 0.0]","[0.0, 0.0, 0.0]",0,0.0,0,31.46707374572754,"[0.0, 0.39672851556, 0.762939453]","[0, 0, 0]",0,3,0.0,0.0,0.0,0,0,0,4294967.295,3750000.64,0,14951,0,-21.525876998901367,21.28058433532715,0.0,0,state.GROUND_TESTING,245,-36,0,-37,0.0,0,0,"[10.4, 0.5, 16.5, 10.6, 15.5, 17.0, 0, 0]","[3.638, 3.639, 3.639]",0.187,"[2.9968000000000004, 3.3120000000000003, 5.0048, 7.3632, 8.4368, 27.822400000000002]","[0.038125, 0.253125, -0.00125, 0.00125, -0.003125, -0.000625]",0,0,29.5,"[1, 1, 1, 1, 1, 1]",29.908586210195494,0.0,0.0,0,0.0
1774904377.2868104,"[1, 1, 1, 1, 1, 1]","[1291, 1500, 1500, 1500]","[-25.08, 0.0, 0.0, 0.0]","[0.0, 0.0, 0.0]",0,0.0,0,31.493305435180662,"[0.0, -5.340576171, 4.3029785149199995]","[0, 0, 0]",0,3,0.0,0.0,0.0,0,0,0,4294967.295,3750000.64,0,15011,0,-21.409273147583008,21.310483932495117,0.0,0,state.GROUND_TESTING,246,-33,0,-35,0.0,0,0,"[10.4, 0.5, 16.5, 10.8, 15.5, 15.9, 0, 0]","[3.638, 3.639, 3.639]",0.187,"[2.9968000000000004, 3.3120000000000003, 5.0048, 7.3632, 8.4368, 27.822400000000002]","[0.038125, 0.253125, -0.00125, 0.00125, -0.003125, -0.000625]",0,0,29.5,"[1, 1, 1, 1, 1, 1]",29.849058638461546,0.0,0.0,0,0.0
1774904377.3463504,"[1, 1, 1, 1, 1, 1]","[1291, 1500, 1500, 1500]","[-25.08, 0.0, 0.0, 0.0]","[0.0, 0.0, 0.0]",0,0.0,0,31.471445693969727,"[0.0, -7.65991210812, -11.535644529359999]","[0, 0, 0]",0,3,0.0,0.0,0.0,0,0,0,4294967.295,3750000.64,0,15071,0,-21.547527313232422,21.615673065185547,0.0,0,state.GROUND_TESTING,247,-31,0,-32,0.0,0,0,"[10.8, 0.5, 16.5, 10.8, 15.9, 17.6, 0, 0]","[3.638, 3.639, 3.639]",0.187,"[2.9968000000000004, 3.3120000000000003, 5.0048, 7.368, 8.457600000000001, 27.824]","[0.03, 0.24875, -0.0025, -0.003125, 0.001875, -0.006875]",0,0,29.5,"[1, 1, 1, 1, 1, 1]",30.151109021903505,0.0,0.0,0,0.0
1774904377.406353,"[1, 1, 1, 1, 1, 1]","[1291, 1500, 1500, 1500]","[-25.08, 0.0, 0.0, 0.0]","[0.0, 0.0, 0.0]",0,0.0,0,31.471445693969727,"[0.0, 5.340576171, -5.55419921784]","[0, 0, 0]",0,3,0.0,0.0,0.0,0,0,0,4294967.295,3750000.64,0,15131,0,-21.70804786682129,21.731647491455078,0.0,0,state.GROUND_TESTING,248,-31,0,-30,0.0,0,0,"[10.8, 0.5, 17.0, 10.4, 15.9, 17.6, 0, 0]","[3.638, 3.639, 3.639]",0.187,"[2.9968000000000004, 3.3120000000000003, 5.0048, 7.368, 8.457600000000001, 27.824]","[0.03, 0.24875, -0.0025, -0.003125, 0.001875, -0.006875]",0,0,29.5,"[1, 1, 1, 1, 1, 1]",30.33931032546267,0.0,0.0,0,0.0
1774904377.4598804,"[1, 1, 1, 1, 1, 1]","[1291, 1500, 1500, 1500]","[-25.08, 0.0, 0.0, 0.0]","[0.0, 0.0, 0.0]",0,0.0,0,31.48893348693848,"[0.0, -8.45336913924, -5.9509277334]","[0, 0, 0]",0,3,0.0,0.0,0.0,0,0,0,4294967.295,3750000.64,0,15185,0,-21.69237518310547,22.01711082458496,0.0,0,state.GROUND_TESTING,249,-32,0,-31,0.0,0,0,"[10.6, 0.5, 15.9, 10.8, 15.9, 16.5, 0, 0]","[3.638, 3.639, 3.639]",0.187,"[2.9904, 3.3104, 5.0032000000000005, 7.3616, 8.4368, 27.8256]","[0.033125, 0.594375, 0.000625, 0.000625, -0.005625, -0.0025]",0,0,29.5,"[1, 1, 1, 1, 1, 1]",30.5237904386042,0.0,0.0,0,0.0
1774904377.5244327,"[1, 1, 1, 1, 1, 1]","[1291, 1500, 1500, 1500]","[-25.08, 0.0, 0.0, 0.0]","[0.0, 0.0, 0.0]",0,0.0,0,31.46707374572754,"[0.0, -0.762939453, 9.52148437344]","[0, 0, 0]",0,3,0.0,0.0,0.0,0,0,0,4294967.295,3750000.64,0,15245,0,-21.500732421875,22.063486099243164,0.0,0,state.GROUND_TESTING,250,-34,0,-33,0.0,0,0,"[11.1, 0.5, 16.5, 10.2, 15.5, 16.5, 0, 0]","[3.638, 3.639, 3.639]",0.187,"[2.9904, 3.3104, 5.0032000000000005, 7.3616, 8.4368, 27.8256]","[0.033125, 0.594375, 0.000625, 0.000625, -0.005625, -0.0025]",0,0,29.5,"[1, 1, 1, 1, 1, 1]",30.42677740990009,0.0,0.0,0,0.0
1774904377.5798345,"[1, 1, 1, 1, 1, 1]","[1291, 1500, 1500, 1500]","[-25.08, 0.0, 0.0, 0.0]","[0.0, 0.0, 0.0]",0,0.0,0,31.471445693969727,"[0.0, -0.762939453, -1.46484374976]","[0, 0, 0]",0,3,0.0,0.0,0.0,0,0,0,4294967.295,3750000.64,0,15305,0,-21.46808624267578,22.07324981689453,0.0,0,state.GROUND_TESTING,251,-32,0,-32,0.0,0,0,"[10.8, 0.5, 16.5, 10.8, 15.9, 15.9, 0, 0]","[3.638, 3.639, 3.639]",0.187,"[2.992, 3.3120000000000003, 5.0048, 7.36, 8.456000000000001, 27.8256]","[0.030625, 0.6118750000000001, -0.00125, -0.00375, -0.00625, -0.00125]",0,0,29.5,"[1, 1, 1, 1, 1, 1]",30.41163460595256,0.0,0.0,0,0.0
1774904377.646383,"[1, 1, 1, 1, 1, 1]","[1291, 1500, 1500, 1500]","[-25.08, 0.0, 0.0, 0.0]","[0.0, 0.0, 0.0]",0,0.0,0,31.475817642211915,"[0.0, -6.68334960828, -12.268066404239999]","[0, 0, 0]",0,3,0.0,0.0,0.0,0,0,0,4294967.295,3750000.64,0,15365,0,-21.26729393005371,22.133682250976562,0.0,0,state.GROUND_TESTING,252,-32,0,-32,0.0,0,0,"[10.4, 0.5, 16.5, 10.8, 16.5, 15.9, 0, 0]","[3.638, 3.639, 3.639]",0.187,"[2.992, 3.3120000000000003, 5.0048, 7.36, 8.456000000000001, 27.8256]","[0.030625, 0.6118750000000001, -0.00125, -0.00375, -0.00625, -0.00125]",0,0,29.5,"[1, 1, 1, 1, 1, 1]",30.319439886455225,0.0,0.0,0,0.0
1774904377.6943793,"[1, 1, 1, 1, 1, 1]","[1291, 1500, 1500, 1500]","[-25.08, 0.0, 0.0, 0.0]","[0.0, 0.0, 0.0]",0,0.0,0,31.46270179748535,"[0.0, -7.4768066393999995, -8.72802734232]","[0, 0, 0]",0,3,0.0,0.0,0.0,0,0,0,4294967.295,3750000.64,0,15419,0,-21.08695411682129,22.288312911987305,0.0,0,state.GROUND_TESTING,253,-34,0,-32,0.0,0,0,"[10.8, 0.5, 16.5, 10.6, 15.0, 16.5, 0, 0]","[3.638, 3.639, 3.639]",0.187,"[2.9968000000000004, 3.3120000000000003, 5.0032000000000005, 7.368, 8.4496, 27.8288]","[0.034375, 0.5575, -0.000625, -0.000625, -0.005, 0.00125]",0,0,29.5,"[1, 1, 1, 1, 1, 1]",30.30793230968459,0.0,0.0,0,0.0
1774904377.7565064,"[1, 1, 1, 1, 1, 1]","[1291, 1500, 1500, 1500]","[-25.08, 0.0, 0.0, 0.0]","[0.0, 0.0, 0.0]",0,0.0,0,31.46707374572754,"[0.0, 0.762939453, -3.14331054636]","[0, 0, 0]",0,3,0.0,0.0,0.0,0,0,0,4294967.295,3750000.64,0,15479,0,-21.061647415161133,22.174198150634766,0.0,0,state.GROUND_TESTING,254,-35,0,-35,0.0,0,0,"[10.8, 0.5, 16.5, 10.4, 15.9, 16.5, 0, 0]","[3.638, 3.639, 3.639]",0.187,"[2.9968000000000004, 3.3120000000000003, 5.0032000000000005, 7.368, 8.4496, 27.8288]","[0.034375, 0.5575, -0.000625, -0.000625, -0.005, 0.00125]",0,0,29.5,"[1, 1, 1, 1, 1, 1]",30.211269125889093,0.0,0.0,0,0.0
1774904377.813506,"[1, 1, 1, 1, 1, 1]","[1291, 1500, 1500, 1500]","[-25.08, 0.0, 0.0, 0.0]","[0.0, 0.0, 0.0]",0,0.0,0,31.46707374572754,"[0.0, 0.57983398428, -5.1879882804]","[0, 0, 0]",0,3,0.0,0.0,0.0,0,0,0,4294967.295,3750000.64,0,15539,0,-21.22978401184082,22.33163070678711,0.0,0,state.GROUND_TESTING,255,-36,0,-35,0.0,0,0,"[10.2, 0.5, 16.5, 10.2, 15.9, 16.5, 0, 0]","[3.638, 3.639, 3.639]",0.187,"[2.9984, 3.3152000000000004, 5.0048, 7.3664000000000005, 8.4448, 27.824]","[0.033125, 0.228125, -0.000625, -0.0025, -0.0025, 0.000625]",0,0,29.5,"[1, 1, 1, 1, 1, 1]",30.432600461968853,0.0,0.0,0,0.0
1774904377.8780527,"[1, 1, 1, 1, 1, 1]","[1291, 1500, 1500, 1500]","[-25.08, 0.0, 0.0, 0.0]","[0.0, 0.0, 0.0]",0,0.0,0,31.471445693969727,"[0.0, -4.3029785149199995, 14.00756835708]","[0, 0, 0]",0,3,0.0,0.0,0.0,0,0,0,4294967.295,3750000.64,0,15599,0,-21.067720413208008,22.365177154541016,0.0,0,state.GROUND_TESTING,256,-36,0,-36,0.0,0,0,"[10.2, 0.5, 17.0, 10.0, 15.5, 16.5, 0, 0]","[3.638, 3.639, 3.639]",0.187,"[2.9968000000000004, 3.3104, 5.0032000000000005, 7.36, 8.4544, 27.824]","[0.034375, 0.22062500000000002, -0.0025, 0.000625, -0.0025, -0.003125]",0,0,29.5,"[1, 1, 1, 1, 1, 1]",30.349218480708473,0.0,0.0,0,0.0
1774904377.9330611,"[1, 1, 1, 1, 1, 1]","[1291, 1500, 1500, 1500]","[-25.08, 0.0, 0.0, 0.0]","[0.0, 0.0, 0.0]",0,0.0,0,31.471445693969727,"[0.0, -7.4768066393999995, 12.14599609176]","[0, 0, 0]",0,3,0.0,0.0,0.0,0,0,0,4294967.295,3750000.64,0,15653,0,-21.082550048828125,22.683822631835938,0.0,0,state.GROUND_TESTING,257,-35,0,-35,0.0,0,0,"[10.6, 0.5, 17.0, 10.8, 17.0, 17.0, 0, 0]","[3.638, 3.639, 3.639]",0.187,"[2.9968000000000004, 3.3104, 5.0032000000000005, 7.36, 8.4544, 27.824]","[0.034375, 0.22062500000000002, -0.0025, 0.000625, -0.0025, -0.003125]",0,0,29.5,"[1, 1, 1, 1, 1, 1]",30.58357584633136,0.0,0.0,0,0.0
1774904377.9891212,"[1, 1, 1, 1, 1, 1]","[1291, 1500, 1500, 1500]","[-25.08, 0.0, 0.0, 0.0]","[0.0, 0.0, 0.0]",0,0.0,0,31.475817642211915,"[0.0, -10.8337402326, 3.57055664004]","[0, 0, 0]",0,3,0.0,0.0,0.0,0,0,0,4294967.295,3750000.64,0,15713,0,-21.099952697753906,22.94388198852539,0.0,0,state.GROUND_TESTING,258,-35,0,-34,0.0,0,0,"[10.4, 0.5, 17.0, 10.4, 15.5, 15.9, 0, 0]","[3.638, 3.639, 3.639]",0.187,"[2.9952, 3.3104, 5.0032000000000005, 7.36, 8.457600000000001, 27.8272]","[0.03625, 0.2325, 0.000625, -0.004375, 0.0, -0.0075]",0,0,29.5,"[1, 1, 1, 1, 1, 1]",30.7792635121495,0.0,0.0,0,0.0
1774904378.0506546,"[1, 1, 1, 1, 1, 1]","[1291, 1500, 1500, 1500]","[-25.08, 0.0, 0.0, 0.0]","[0.0, 0.0, 0.0]",0,0.0,0,31.480189590454103,"[0.0, 0.39672851556, 3.93676757748]","[0, 0, 0]",0,3,0.0,0.0,0.0,0,0,0,4294967.295,3750000.64,0,15773,0,-21.193349838256836,23.02445411682129,0.0,0,state.GROUND_TESTING,259,-34,0,-34,0.0,0,0,"[10.6, 0.5, 16.5, 10.6, 15.9, 16.5, 0, 0]","[3.638, 3.639, 3.639]",0.187,"[2.9952, 3.3104, 5.0032000000000005, 7.36, 8.457600000000001, 27.8272]","[0.03625, 0.2325, 0.000625, -0.004375, 0.0, -0.0075]",0,0,29.5,"[1, 1, 1, 1, 1, 1]",30.897016086573625,0.0,0.0,0,0.0
1774904378.1076581,"[1, 1, 1, 1, 1, 1]","[1291, 1500, 1500, 1500]","[-25.08, 0.0, 0.0, 0.0]","[0.0, 0.0, 0.0]",0,0.0,0,31.48893348693848,"[0.0, 1.19018554668, -2.77709960892]","[0, 0, 0]",0,3,0.0,0.0,0.0,0,0,0,4294967.295,3750000.64,0,15833,0,-21.11343002319336,23.125171661376953,0.0,0,state.GROUND_TESTING,260,-34,0,-34,0.0,0,0,"[10.4, 0.5, 17.0, 10.4, 15.9, 15.9, 0, 0]","[3.638, 3.639, 3.639]",0.187,"[2.9968000000000004, 3.3104, 5.0048, 7.368, 8.4368, 27.824]","[0.038125, 0.225, -0.00125, -0.00625, 0.00125, 0.0]",0,0,29.5,"[1, 1, 1, 1, 1, 1]",30.9170331168689,0.0,0.0,0,0.0
1774904378.1621778,"[1, 1, 1, 1, 1, 1]","[1291, 1500, 1500, 1500]","[-25.08, 0.0, 0.0, 0.0]","[0.0, 0.0, 0.0]",0,0.0,0,31.48893348693848,"[0.0, 8.33129882676, 3.75366210876]","[0, 0, 0]",0,3,0.0,0.0,0.0,0,0,0,4294967.295,3750000.64,0,15887,0,-20.995439529418945,23.14084243774414,0.0,0,state.GROUND_TESTING,261,-34,0,-33,0.0,0,0,"[10.6, 0.5, 16.5, 10.4, 15.9, 17.0, 0, 0]","[3.638, 3.639, 3.639]",0.187,"[2.9968000000000004, 3.3104, 5.0048, 7.368, 8.4368, 27.824]","[0.038125, 0.225, -0.00125, -0.00625, 0.00125, 0.0]",0,0,29.5,"[1, 1, 1, 1, 1, 1]",30.852287089431396,0.0,0.0,0,0.0
1774904378.2221873,"[1, 1, 1, 1, 1, 1]","[1291, 1500, 1500, 1500]","[-25.08, 0.0, 0.0, 0.0]","[0.0, 0.0, 0.0]",0,0.0,0,31.493305435180662,"[0.0, -4.5471191398799995, -6.31713867084]","[0, 0, 0]",0,3,0.0,0.0,0.0,0,0,0,4294967.295,3750000.64,0,15947,0,-20.755889892578125,23.170133590698242,0.0,0,state.GROUND_TESTING,262,-34,0,-33,0.0,0,0,"[10.0, 0.5, 17.0, 10.4, 15.0, 16.5, 0, 0]","[3.638, 3.639, 3.639]",0.187,"[2.9936000000000003, 3.3120000000000003, 5.0032000000000005, 7.364800000000001, 8.456000000000001, 27.8272]","[0.035625000000000004, 0.630625, -0.00375, -0.005, -0.0075, -0.000625]",0,0,29.5,"[1, 1, 1, 1, 1, 1]",30.719973411024466,0.0,0.0,0,0.0
1774904378.281944,"[1, 1, 1, 1, 1, 1]","[1291, 1500, 1500, 1500]","[-25.08, 0.0, 0.0, 0.0]","[0.0, 0.0, 0.0]",0,0.0,0,31.48893348693848,"[0.0, -0.762939453, -1.64794921848]","[0, 0, 0]",0,3,0.0,0.0,0.0,0,0,0,4294967.295,3750000.64,0,16007,0,-20.85354995727539,23.093215942382812,0.0,0,state.GROUND_TESTING,263,-35,0,-34,0.0,0,0,"[10.6, 0.5, 17.6, 10.6, 16.5, 17.0, 0, 0]","[3.638, 3.639, 3.639]",0.187,"[2.9936000000000003, 3.3120000000000003, 5.0032000000000005, 7.364800000000001, 8.456000000000001, 27.8272]","[0.035625000000000004, 0.630625, -0.00375, -0.005, -0.0075, -0.000625]",0,0,29.5,"[1, 1, 1, 1, 1, 1]",30.72712177336895,0.0,0.0,0,0.0
1774904378.3424828,"[1, 1, 1, 1, 1, 1]","[1291, 1500, 1500, 1500]","[-25.08, 0.0, 0.0, 0.0]","[0.0, 0.0, 0.0]",0,0.0,0,31.502049331665038,"[0.0, 5.5236816397199995, 3.17382812448]","[0, 0, 0]",0,3,0.0,0.0,0.0,0,0,0,4294967.295,3750000.64,0,16067,0,-20.938081741333008,23.18903350830078,0.0,0,state.GROUND_TESTING,264,-35,0,-35,0.0,0,0,"[10.6, 0.5, 17.6, 10.2, 17.0, 17.0, 0, 0]","[3.638, 3.639, 3.639]",0.187,"[2.9952, 3.3088, 5.0016, 7.364800000000001, 8.457600000000001, 27.822400000000002]","[0.03875, 0.633125, -0.003125, -0.000625, -0.008125, 0.00375]",0,0,29.5,"[1, 1, 1, 1, 1, 1]",30.850010958191522,0.0,0.0,0,0.0
1774904378.400478,"[1, 1, 1, 1, 1, 1]","[1291, 1500, 1500, 1500]","[-25.08, 0.0, 0.0, 0.0]","[0.0, 0.0, 0.0]",0,0.0,0,31.502049331665038,"[0.0, -4.3029785149199995, 9.88769531088]","[0, 0, 0]",0,3,0.0,0.0,0.0,0,0,0,4294967.295,3750000.64,0,16121,0,-20.588050842285156,23.386003494262695,0.0,0,state.GROUND_TESTING,265,-33,0,-33,0.0,0,0,"[10.8, 0.5, 17.0, 10.4, 15.9, 17.0, 0, 0]","[3.638, 3.639, 3.639]",0.187,"[2.9952, 3.3088, 5.0016, 7.364800000000001, 8.457600000000001, 27.822400000000002]","[0.03875, 0.633125, -0.003125, -0.000625, -0.008125, 0.00375]",0,0,29.5,"[1, 1, 1, 1, 1, 1]",30.769641187329913,0.0,0.0,0,0.0
1774904378.458011,"[1, 1, 1, 1, 1, 1]","[1291, 1500, 1500, 1500]","[-25.08, 0.0, 0.0, 0.0]","[0.0, 0.0, 0.0]",0,0.0,0,31.493305435180662,"[0.0, 8.51440429548, 16.41845702856]","[0, 0, 0]",0,3,0.0,0.0,0.0,0,0,0,4294967.295,3750000.64,0,16181,0,-20.486417770385742,23.478763580322266,0.0,0,state.GROUND_TESTING,266,-32,0,-32,0.0,0,0,"[10.8, 0.5, 15.9, 10.4, 15.9, 16.5, 0, 0]","[3.638, 3.639, 3.639]",0.187,"[2.9952, 3.3120000000000003, 4.9984, 7.368, 8.4656, 27.8304]","[0.039375, 0.605625, -0.001875, -0.00125, -0.003125, 0.00125]",0,0,29.5,"[1, 1, 1, 1, 1, 1]",30.77321631252124,0.0,0.0,0,0.0
1774904378.5165331,"[1, 1, 1, 1, 1, 1]","[1291, 1500, 1500, 1500]","[-25.08, 0.0, 0.0, 0.0]","[0.0, 0.0, 0.0]",0,0.0,0,31.49767738342285,"[0.0, -5.46264648348, 2.07519531216]","[0, 0, 0]",0,3,0.0,0.0,0.0,0,0,0,4294967.295,3750000.64,0,16241,0,-20.47357940673828,23.639902114868164,0.0,0,state.GROUND_TESTING,267,-33,0,-32,0.0,0,0,"[10.2, 0.5, 17.0, 10.4, 15.9, 17.6, 0, 0]","[3.638, 3.639, 3.639]",0.187,"[2.9952, 3.3120000000000003, 4.9984, 7.368, 8.4656, 27.8304]","[0.039375, 0.605625, -0.001875, -0.00125, -0.003125, 0.00125]",0,0,29.5,"[1, 1, 1, 1, 1, 1]",30.88291869388045,0.0,0.0,0,0.0
1774904378.5760493,"[1, 1, 1, 1, 1, 1]","[1291, 1500, 1500, 1500]","[-25.08, 0.0, 0.0, 0.0]","[0.0, 0.0, 0.0]",0,0.0,0,31.49767738342285,"[0.0, -9.24682617036, -7.2326660144399995]","[0, 0, 0]",0,3,0.0,0.0,0.0,0,0,0,4294967.295,3750000.64,0,16301,0,-20.42017364501953,23.893177032470703,0.0,0,state.GROUND_TESTING,268,-33,0,-32,0.0,0,0,"[10.6, 0.5, 17.0, 10.2, 15.5, 16.5, 0, 0]","[3.638, 3.639, 3.639]",0.187,"[2.9952, 3.3136, 5.0048, 7.3664000000000005, 8.443200000000001, 27.824]","[0.028125, 0.2425, -0.00125, -0.005, -0.001875, -0.00125]",0,0,29.5,"[1, 1, 1, 1, 1, 1]",31.03564551821369,0.0,0.0,0,0.0
1774904378.6300592,"[1, 1, 1, 1, 1, 1]","[1291, 1500, 1500, 1500]","[-25.08, 0.0, 0.0, 0.0]","[0.0, 0.0, 0.0]",0,0.0,0,31.49767738342285,"[0.0, -1.00708007796, 0.21362304684]","[0, 0, 0]",0,3,0.0,0.0,0.0,0,0,0,4294967.295,3750000.64,0,16355,0,-20.382259368896484,23.94075584411621,0.0,0,state.GROUND_TESTING,269,-34,0,-33,0.0,0,0,"[10.6, 0.5, 16.5, 10.8, 16.5, 16.5, 0, 0]","[3.638, 3.639, 3.639]",0.187,"[2.9952, 3.3136, 5.0048, 7.3664000000000005, 8.443200000000001, 27.824]","[0.028125, 0.2425, -0.00125, -0.005, -0.001875, -0.00125]",0,0,29.5,"[1, 1, 1, 1, 1, 1]",31.047276030955338,0.0,0.0,0,0.0
1774904378.6905785,"[1, 1, 1, 1, 1, 1]","[1291, 1500, 1500, 1500]","[-25.08, 0.0, 0.0, 0.0]","[0.0, 0.0, 0.0]",0,0.0,0,31.502049331665038,"[0.0, -2.34985351524, -4.63867187424]","[0, 0, 0]",0,3,0.0,0.0,0.0,0,0,0,4294967.295,3750000.64,0,16415,0,-20.434755325317383,23.936473846435547,0.0,0,state.GROUND_TESTING,270,-32,0,-32,0.0,0,0,"[10.8, 0.5, 17.6, 10.8, 16.5, 15.9, 0, 0]","[3.638, 3.639, 3.639]",0.187,"[2.9952, 3.3120000000000003, 5.0048, 7.36, 8.457600000000001, 27.8256]","[0.035625000000000004, 0.21625, -0.0025, -0.005, -0.00125, -0.0025]",0,0,29.5,"[1, 1, 1, 1, 1, 1]",31.076547203911986,0.0,0.0,0,0.0
1774904378.7534018,"[1, 1, 1, 1, 1, 1]","[1291, 1500, 1500, 1500]","[-25.08, 0.0, 0.0, 0.0]","[0.0, 0.0, 0.0]",0,0.0,0,31.49767738342285,"[0.0, -1.61743164036, 5.61523437408]","[0, 0, 0]",0,3,0.0,0.0,0.0,0,0,0,4294967.295,3750000.64,0,16475,0,-20.398128509521484,24.015233993530273,0.0,0,state.GROUND_TESTING,271,-30,0,-31,0.0,0,0,"[10.2, 0.5, 15.9, 10.6, 15.9, 16.5, 0, 0]","[3.638, 3.639, 3.639]",0.187,"[2.9968000000000004, 3.3120000000000003, 5.0048, 7.3664000000000005, 8.4384, 27.832]","[0.03, 0.21875, -0.00125, -0.00125, -0.000625, -0.001875]",0,0,29.5,"[1, 1, 1, 1, 1, 1]",31.112019055121966,0.0,0.0,0,0.0
1774904378.8133962,"[1, 1, 1, 1, 1, 1]","[1291, 1500, 1500, 1500]","[-25.08, 0.0, 0.0, 0.0]","[0.0, 0.0, 0.0]",0,0.0,0,31.51953712463379,"[0.0, -4.7302246086, -5.00488281168]","[0, 0, 0]",0,3,0.0,0.0,0.0,0,0,0,4294967.295,3750000.64,0,16535,0,-20.5479679107666,24.040876388549805,0.0,0,state.GROUND_TESTING,272,-30,0,-30,0.0,0,0,"[10.6, 0.5, 17.6, 10.6, 14.6, 17.6, 0, 0]","[3.638, 3.639, 3.639]",0.187,"[2.9968000000000004, 3.3120000000000003, 5.0048, 7.3664000000000005, 8.4384, 27.832]","[0.03, 0.21875, -0.00125, -0.00125, -0.000625, -0.001875]",0,0,29.5,"[1, 1, 1, 1, 1, 1]",31.223408556358187,0.0,0.0,0,0.0
1774904378.865938,"[1, 1, 1, 1, 1, 1]","[1291, 1500, 1500, 1500]","[-25.08, 0.0, 0.0, 0.0]","[0.0, 0.0, 0.0]",0,0.0,0,31.510793228149414,"[0.0, -3.75366210876, -4.82177734296]","[0, 0, 0]",0,3,0.0,0.0,0.0,0,0,0,4294967.295,3750000.64,0,16589,0,-21.15252113342285,24.175996780395508,0.0,0,state.GROUND_TESTING,273,-31,0,-227,0.0,0,0,"[10.4, 0.5, 15.9, 10.4, 15.5, 17.0, 0, 0]","[3.638, 3.639, 3.639]",0.187,"[2.9952, 3.3120000000000003, 5.0, 7.368, 8.464, 27.8288]","[0.02625, 0.283125, -0.004375, -0.004375, -0.00125, 0.000625]",0,0,29.5,"[1, 1, 1, 1, 1, 1]",31.6985488517458,0.0,0.0,0,0.0
