timestamp,pyros,servos,servos_deg,accelerometer,barometer,barofilteredalt,barofilteredvelo,temp,gyro,magnetometer,heading,gps_fix,lat,lon,gpsalt,pdop,hdop,vdop,gps_horiz_prec,gps_vert_prec,gps_num_sat,flight_time,last_rec,yaw_gyro_int,pitch_gyro_int,roll_gyro_int,batt_voltage,state,pktnum,rssi,armed_pyros,fired_pyros,badpackets,rxrssi,accel_integrated_velo,baro_max_alt,gps_max_alt,pyro_resistances,cell_voltages,total_current,converter_voltages,converter_currents,bms_protections_enabled,bms_protection_status,bms_temp,enabled_status,angleFromVertical,gnd_lat,gnd_lon,gnd_fix,gnd_alt
1774902914.387876,"[1, 1, 1, 1, 1, 1]","[1291, 1500, 1500, 1500]","[-25.08, 0.0, 0.0, 0.0]","[-0.35012805078125, 2.5328738203125, 10.20887587890625]",0,0.0,0,30.964299697875976,"[0.0, 5.8898925771599995, 2.31933593712]","[0, 0, 0]",0,3,0.0,0.0,0.0,0,0,0,4294967.295,3750036.224,0,29927,0,0.0,0.0,0.0,0,state.PRE_FLIGHT,501,-22,0,-23,0.0,0,0,"[10.6, 0.5, 17.0, 10.8, 15.9, 16.5, 0, 0]","[3.646, 3.647, 3.647]",0.262,"[2.9936000000000003, 3.3136, 5.0064, 7.3632, 8.4464, 27.8256]","[0.03625, 0.633125, 0.001875, -0.00375, -0.001875, -0.0025]",0,0,29.5,"[1, 1, 1, 1, 1, 1]",0.0,42.3602178,-71.093274,3,-25.589
1774902914.4443972,"[0, 0, 0, 0, 0, 0]","[1291, 1500, 1400, 1400]","[-25.08, 0.0, -10.0, -10.0]","[-0.36238636328125, 2.5129540624999995, 10.195851421875]",0,0.2497200071811676,0,30.492129287719727,"[-26.42822265192, -3.63159179628, -8.66699218608]","[0, 0, 0]",0,3,0.0,0.0,0.0,0,0,0,4294967.295,3750036.224,0,37574,0,-0.05614703521132469,0.24291062355041504,0.7580349445343018,0,state.FLIGHT,502,-21,0,-23,2.0042264461517334,0,0,"[10.4, 0.5, 16.5, 10.4, 15.9, 17.6, 0, 0]","[3.646, 3.647, 3.647]",0.262,"[2.9952, 3.3104, 5.0064, 7.3632, 8.440000000000001, 27.8272]","[0.03125, 0.23375, -0.00125, -0.001875, -0.0075, -0.000625]",0,0,29.5,"[1, 1, 1, 1, 1, 1]",0.2493151453664551,42.3602182,-71.093273,3,-25.614
1774902914.5034025,"[0, 0, 0, 0, 0, 0]","[1291, 1500, 1400, 1400]","[-25.08, 0.0, -10.0, -10.0]","[-0.3723462421875, 2.51218791796875, 10.21347274609375]",0,1.2118200063705444,0,30.544592666625977,"[-44.189453117759996, 0.762939453, 8.66699218608]","[0, 0, 0]",0,3,0.0,0.0,0.001,0,0,0,4294967.295,3750036.992,0,37634,0,0.23531724512577057,0.513278603553772,3.069516897201538,0,state.FLIGHT,503,-22,0,-23,2.0258426666259766,1,1,"[10.8, 0.5, 17.0, 10.4, 15.0, 15.9, 0, 0]","[3.646, 3.647, 3.647]",0.262,"[2.9952, 3.3104, 5.0064, 7.3632, 8.440000000000001, 27.8272]","[0.03125, 0.23375, -0.00125, -0.001875, -0.0075, -0.000625]",0,0,29.5,"[1, 1, 1, 1, 1, 1]",0.5646482528043937,42.3602182,-71.093273,3,-25.614
1774902914.563925,"[0, 0, 0, 0, 0, 0]","[1291, 1500, 1400, 1400]","[-25.08, 0.0, -10.0, -10.0]","[-0.35549106249999995, 2.51525249609375, 10.22956178125]",0,2.9037399291992188,0,30.531476821899414,"[-37.9943847594, -0.03051757812, 11.444091795]","[0, 0, 0]",0,3,0.0,0.0,0.001,0,0,0,4294967.295,3750036.992,0,37694,0,0.6314358711242676,0.5022740960121155,5.624091625213623,0,state.FLIGHT,504,-22,0,-23,2.048619270324707,1,2,"[10.2, 0.5, 15.5, 10.4, 15.9, 16.5, 0, 0]","[3.646, 3.647, 3.647]",0.262,"[2.9952, 3.3104, 5.0064, 7.3632, 8.440000000000001, 27.8272]","[0.03125, 0.23375, -0.00125, -0.001875, -0.0075, -0.000625]",0,0,29.5,"[1, 1, 1, 1, 1, 1]",0.8068335102468891,42.360219199999996,-71.093271,3,-25.638
1774902914.6209323,"[0, 0, 0, 0, 0, 0]","[1291, 1500, 1400, 1400]","[-25.08, 0.0, -10.0, -10.0]","[-0.36391865234375, 2.491502015625, 10.2188357578125]",0,4.897819995880127,0,30.562080459594725,"[-16.54052734104, -4.36401367116, 4.7302246086]","[0, 0, 0]",0,3,0.0,0.0,0.004,0,0,0,4294967.295,3750036.992,0,37748,0,0.7065150141716003,0.643242359161377,7.065873146057129,0,state.FLIGHT,505,-22,0,-23,2.0679526329040527,4,4,"[10.4, 0.5, 17.0, 10.8, 15.9, 16.5, 0, 0]","[3.646, 3.647, 3.647]",0.262,"[2.9968000000000004, 3.3120000000000003, 5.0048, 7.3696, 8.448, 27.8288]","[0.0325, 0.249375, -0.00125, 0.00125, 0.000625, -0.0075]",0,0,29.5,"[1, 1, 1, 1, 1, 1]",0.9554596936401093,42.360219199999996,-71.093271,3,-25.638
1774902914.6784415,"[0, 0, 0, 0, 0, 0]","[1291, 1500, 1400, 1400]","[-25.08, 0.0, -10.0, -10.0]","[-0.35472491796875, 2.51218791796875, 10.232626359374999]",0,8.012160301208496,0,30.605799942016603,"[16.54052734104, -6.5612792958, 13.30566406032]","[0, 0, 0]",0,3,0.0,0.0,0.004,0,0,0,4294967.295,3750036.992,0,37808,0,0.8920528888702393,0.6865907311439514,6.900473117828369,0,state.FLIGHT,506,-22,0,-23,2.0939104557037354,4,8,"[10.4, 0.5, 17.0, 10.8, 15.9, 17.0, 0, 0]","[3.646, 3.647, 3.647]",0.262,"[2.9968000000000004, 3.3120000000000003, 5.0048, 7.3696, 8.448, 27.8288]","[0.0325, 0.249375, -0.00125, 0.00125, 0.000625, -0.0075]",0,0,29.5,"[1, 1, 1, 1, 1, 1]",1.125667401007348,42.360219,-71.0932705,3,-25.668
1774902914.7374651,"[0, 0, 0, 0, 0, 0]","[1291, 1500, 1600, 1600]","[-25.08, 0.0, 10.0, 10.0]","[-0.35932178515625, 2.5474305664062498, 10.2249649140625]",0,11.881739616394043,0,30.618915786743162,"[40.71044921208, 2.10571289028, 9.21630859224]","[0, 0, 0]",0,3,0.0,0.0,0.009,0,0,0,4294967.295,3750036.992,0,37868,0,1.1859540939331055,0.643873929977417,4.977890968322754,0,state.FLIGHT,507,-22,0,-23,2.117584466934204,9,11,"[10.6, 0.5, 16.5, 10.8, 15.9, 17.6, 0, 0]","[3.646, 3.647, 3.647]",0.262,"[2.9952, 3.3120000000000003, 5.0016, 7.3632, 8.448, 27.8256]","[0.03375, 0.25375000000000003, -0.000625, -0.000625, 0.000625, -0.00625]",0,0,29.5,"[1, 1, 1, 1, 1, 1]",1.3494449013290881,42.360219,-71.0932705,3,-25.668
1774902914.8014674,"[0, 0, 0, 0, 0, 0]","[1291, 1500, 1600, 1600]","[-25.08, 0.0, 10.0, 10.0]","[-0.35012805078125, 2.49992960546875, 10.221900335937498]",0,16.515369415283203,0,30.61454383850098,"[42.78564452424, 0.1525878906, -15.96069335676]","[0, 0, 0]",0,3,0.0,0.0,0.009,0,0,0,4294967.295,3750036.992,0,37928,0,0.901800274848938,0.7427571415901184,2.3404781818389893,0,state.FLIGHT,508,-22,0,-23,2.1437411308288574,9,16,"[10.8, 0.5, 15.5, 10.6, 16.5, 16.5, 0, 0]","[3.646, 3.647, 3.647]",0.262,"[2.9952, 3.3120000000000003, 5.0016, 7.3632, 8.448, 27.8256]","[0.03375, 0.25375000000000003, -0.000625, -0.000625, 0.000625, -0.00625]",0,0,29.5,"[1, 1, 1, 1, 1, 1]",1.168283505659817,42.3602188,-71.0932704,3,-25.699
1774902914.8529909,"[0, 0, 0, 0, 0, 0]","[1291, 1500, 1600, 1600]","[-25.08, 0.0, 10.0, 10.0]","[-0.35932178515625, 2.5267446640624995, 10.211174312499999]",0,21.922189712524414,0,30.605799942016603,"[21.6674804652, -3.2043457026, -4.94384765544]","[0, 0, 0]",0,3,0.0,0.0,0.018,0,0,0,4294967.295,3750036.992,0,37982,0,0.9685985445976257,0.8187723755836487,0.6712029576301575,0,state.FLIGHT,509,-22,0,-23,2.169236660003662,18,21,"[10.6, 0.5, 16.5, 10.6, 15.9, 17.0, 0, 0]","[3.646, 3.647, 3.647]",0.262,"[2.9968000000000004, 3.3104, 5.0016, 7.3632, 8.457600000000001, 27.824]","[0.036875, 0.623125, 0.004375, -0.0025, -0.004375, -0.00125]",0,0,29.5,"[1, 1, 1, 1, 1, 1]",1.2682694819324252,42.3602188,-71.0932709,3,-25.712
1774902914.9164069,"[0, 0, 0, 0, 0, 0]","[1291, 1500, 1400, 1400]","[-25.08, 0.0, -10.0, -10.0]","[-0.37311238671874997, 2.54130141015625, 10.238755515624998]",0,28.11149024963379,0,30.59268409729004,"[-11.16943359192, -6.31713867084, -6.80541992076]","[0, 0, 0]",0,3,0.0,0.0,0.028,0,0,0,4294967.295,3750036.992,0,38042,0,0.9415177702903748,0.9945356845855713,0.5057810544967651,0,state.FLIGHT,510,-22,0,-23,2.193904161453247,28,28,"[10.6, 0.5, 17.0, 10.6, 15.5, 16.5, 0, 0]","[3.646, 3.647, 3.647]",0.262,"[2.9968000000000004, 3.3104, 5.0016, 7.3632, 8.457600000000001, 27.824]","[0.036875, 0.623125, 0.004375, -0.0025, -0.004375, -0.00125]",0,0,29.5,"[1, 1, 1, 1, 1, 1]",1.3694772387091836,42.3602188,-71.0932709,3,-25.712
1774902914.971925,"[0, 0, 0, 0, 0, 0]","[1291, 1500, 1400, 1400]","[-25.08, 0.0, -10.0, -10.0]","[-0.3570233515625, 2.52597851953125, 10.231860214843751]",0,35.092288970947266,0,30.61454383850098,"[-37.9943847594, -10.5285644514, 0.06103515624]","[0, 0, 0]",0,3,0.0,0.0,0.028,0,0,0,4294967.295,3750036.992,0,38102,0,0.7651170492172241,1.0921930074691772,2.1866750717163086,0,state.FLIGHT,511,-22,0,-23,2.218876600265503,28,35,"[10.6, 0.5, 15.9, 10.6, 15.9, 16.5, 0, 0]","[3.646, 3.647, 3.647]",0.262,"[2.9984, 3.3104, 5.0032000000000005, 7.3664000000000005, 8.4448, 27.8288]","[0.035, 0.623125, 0.00125, -0.004375, -0.00125, -0.004375]",0,0,29.5,"[1, 1, 1, 1, 1, 1]",1.3334986896071903,42.360218599999996,-71.0932725,3,-25.719
1774902915.0354397,"[0, 0, 0, 0, 0, 0]","[1291, 1500, 1400, 1400]","[-25.08, 0.0, -10.0, -10.0]","[-0.36545094140624995, 2.5198493632812498, 10.232626359374999]",0,42.873538970947266,0,30.59268409729004,"[-44.189453117759996, -5.4016113272399995, -0.51879882804]","[0, 0, 0]",0,3,0.0,0.0,0.04,0,0,0,4294967.295,3750036.992,0,38162,0,0.5308125019073486,1.172202706336975,4.8032917976379395,0,state.FLIGHT,512,-22,0,-23,2.2447593212127686,40,42,"[10.6, 0.5, 18.2, 10.8, 14.6, 16.5, 0, 0]","[3.646, 3.647, 3.647]",0.262,"[2.9984, 3.3104, 5.0032000000000005, 7.3664000000000005, 8.4448, 27.8288]","[0.035, 0.623125, 0.00125, -0.004375, -0.00125, -0.004375]",0,0,29.5,"[1, 1, 1, 1, 1, 1]",1.2867718461170263,42.360218599999996,-71.0932725,3,-25.719
1774902915.0884364,"[0, 0, 0, 0, 0, 0]","[1291, 1500, 1400, 1400]","[-25.08, 0.0, -10.0, -10.0]","[-0.36698323046875, 2.5129540624999995, 10.2341586484375]",0,49.975921630859375,0,30.61017189025879,"[-30.79223632308, -1.0681152342, -7.0190429676]","[0, 0, 0]",0,3,0.0,0.0,0.04,0,0,0,4294967.295,3750036.992,0,38216,0,0.5397800207138062,1.078086495399475,6.8450212478637695,0,state.FLIGHT,513,-22,0,-23,2.2655158042907715,40,49,"[10.4, 0.5, 16.5, 10.6, 15.9, 17.6, 0, 0]","[3.646, 3.647, 3.647]",0.262,"[2.9952, 3.3120000000000003, 5.0048, 7.36, 8.440000000000001, 27.8288]","[0.02875, 0.365, 0.006875, 0.001875, 0.00125, -0.000625]",0,0,29.5,"[1, 1, 1, 1, 1, 1]",1.2056527592518294,42.3602178,-71.09327429999999,3,-25.735
1774902915.1457078,"[0, 0, 0, 0, 0, 0]","[1291, 1500, 1400, 1400]","[-25.08, 0.0, -10.0, -10.0]","[-0.3723462421875, 2.49456659375, 10.241053949218749]",0,59.248138427734375,0,30.59268409729004,"[0.0, -6.1340332021199995, 3.63159179628]","[0, 0, 0]",0,3,0.0,0.0,0.052,0,0,0,4294967.295,3750036.992,0,38276,0,0.8513742089271545,1.1665741205215454,7.659254550933838,0,state.FLIGHT,514,-22,0,-23,2.2896804809570312,52,59,"[10.6, 0.5, 15.9, 10.6, 15.9, 16.5, 0, 0]","[3.646, 3.647, 3.647]",0.262,"[2.9952, 3.3120000000000003, 5.0048, 7.36, 8.440000000000001, 27.8288]","[0.02875, 0.365, 0.006875, 0.001875, 0.00125, -0.000625]",0,0,29.5,"[1, 1, 1, 1, 1, 1]",1.4441721008740758,42.3602178,-71.0932749,3,-25.75
1774902915.2062194,"[0, 0, 0, 0, 0, 0]","[1291, 1500, 1400, 1400]","[-25.08, 0.0, -10.0, -10.0]","[-0.3662170859375, 2.5267446640624995, 10.215771179687499]",0,69.34603881835938,0,30.597056045532227,"[30.79223632308, -6.1340332021199995, -7.9345703112]","[0, 0, 0]",0,3,0.0,0.0,0.069,0,0,0,4294967.295,3750036.992,0,38336,0,0.9863274097442627,1.2757861614227295,6.537121295928955,0,state.FLIGHT,515,-22,0,-23,2.3137729167938232,69,69,"[10.6, 0.5, 16.5, 10.6, 16.5, 16.5, 0, 0]","[3.646, 3.647, 3.647]",0.262,"[2.9968000000000004, 3.3120000000000003, 5.0048, 7.364800000000001, 8.457600000000001, 27.824]","[0.03125, 0.22062500000000002, -0.005, -0.0025, 0.003125, 0.0]",0,0,29.5,"[1, 1, 1, 1, 1, 1]",1.6125480769913152,42.3602178,-71.0932749,3,-25.75
1774902915.2657454,"[0, 0, 0, 0, 0, 0]","[1291, 1500, 1600, 1600]","[-25.08, 0.0, 10.0, 10.0]","[-0.37770925390624993, 2.522147796875, 10.215771179687499]",0,80.27855682373047,0,30.605799942016603,"[44.89135741452, -13.82446288836, -11.65771484184]","[0, 0, 0]",0,3,0.0,0.0,0.069,0,0,0,4294967.295,3750036.992,0,38396,0,0.8807324767112732,1.6035451889038086,4.084723472595215,0,state.FLIGHT,516,-22,0,-23,2.338954448699951,69,80,"[10.4, 0.5, 16.5, 10.4, 15.9, 17.0, 0, 0]","[3.646, 3.647, 3.647]",0.262,"[2.9984, 3.3120000000000003, 5.0032000000000005, 7.3696, 8.4384, 27.8288]","[0.03125, 0.2175, -0.0025, -0.001875, -0.00375, -0.0025]",0,0,29.5,"[1, 1, 1, 1, 1, 1]",1.829438254538148,42.360217299999995,-71.0932754,3,-25.769
1774902915.3197434,"[0, 0, 0, 0, 0, 0]","[1291, 1500, 1600, 1600]","[-25.08, 0.0, 10.0, 10.0]","[-0.3478296171875, 2.52751080859375, 10.226497203124998]",0,90.03295135498047,0,30.601427993774415,"[37.9943847594, -7.1716308582, 0.82397460924]","[0, 0, 0]",0,3,0.0,0.0,0.088,0,0,0,4294967.295,3750036.992,0,38450,0,0.7301024198532104,1.763917326927185,1.799092411994934,0,state.FLIGHT,517,-22,0,-23,2.359433650970459,88,90,"[10.4, 0.5, 16.5, 10.4, 15.5, 16.5, 0, 0]","[3.646, 3.647, 3.647]",0.262,"[2.9984, 3.3120000000000003, 5.0032000000000005, 7.3696, 8.4384, 27.8288]","[0.03125, 0.2175, -0.0025, -0.001875, -0.00375, -0.0025]",0,0,29.5,"[1, 1, 1, 1, 1, 1]",1.9090011684817383,42.360217299999995,-71.0932754,3,-25.769
1774902915.379645,"[0, 0, 0, 0, 0, 0]","[1291, 1500, 1600, 1600]","[-25.08, 0.0, 10.0, 10.0]","[-0.35625720703125, 2.4922681601562497, 10.22726334765625]",0,102.5188980102539,0,30.58831214904785,"[11.16943359192, -2.22778320276, -9.4604492172]","[0, 0, 0]",0,3,0.0,0.0,0.088,0,0,0,4294967.295,3750036.992,0,38510,0,0.6394809484481812,1.660743236541748,0.3864031732082367,0,state.FLIGHT,518,-22,0,-23,2.3864150047302246,88,102,"[10.6, 0.5, 17.6, 10.8, 17.0, 17.0, 0, 0]","[3.646, 3.647, 3.647]",0.262,"[2.9952, 3.3136, 5.0048, 7.3616, 8.456000000000001, 27.8272]","[0.03625, 0.25625, -0.0025, -0.004375, -0.001875, -0.00125]",0,0,29.5,"[1, 1, 1, 1, 1, 1]",1.7795756377647372,42.3602171,-71.0932773,3,-25.787
1774902915.4431732,"[0, 0, 0, 0, 0, 0]","[1291, 1500, 1400, 1400]","[-25.08, 0.0, -10.0, -10.0]","[-0.3784753984375, 2.528276953125, 10.221900335937498]",0,115.8656997680664,0,30.5708243560791,"[-21.6674804652, 4.24194335868, -4.7912597648399995]","[0, 0, 0]",0,3,0.0,0.0,0.109,0,0,0,4294967.295,3750036.992,0,38570,0,0.5546470284461975,1.5875029563903809,0.8801610469818115,0,state.FLIGHT,519,-22,0,-23,2.4138011932373047,109,115,"[10.4, 0.5, 16.5, 10.8, 15.9, 16.5, 0, 0]","[3.646, 3.647, 3.647]",0.262,"[2.9952, 3.3136, 5.0048, 7.3616, 8.456000000000001, 27.8272]","[0.03625, 0.25625, -0.0025, -0.004375, -0.001875, -0.00125]",0,0,29.5,"[1, 1, 1, 1, 1, 1]",1.681582658159479,42.3602171,-71.0932773,3,-25.787
1774902915.503174,"[0, 0, 0, 0, 0, 0]","[1291, 1500, 1400, 1400]","[-25.08, 0.0, -10.0, -10.0]","[-0.35932178515625, 2.52751080859375, 10.22573105859375]",0,130.08311462402344,0,30.5708243560791,"[-42.78564452424, -3.2043457026, -2.16674804652]","[0, 0, 0]",0,3,0.0,0.0,0.109,0,0,0,4294967.295,3750036.992,0,38630,0,0.5268584489822388,1.560063123703003,3.0141141414642334,0,state.FLIGHT,520,-21,0,-23,2.441453218460083,109,130,"[10.6, 0.5, 15.5, 10.4, 15.9, 16.5, 0, 0]","[3.646, 3.647, 3.647]",0.262,"[2.9952, 3.3104, 5.0032000000000005, 7.3664000000000005, 8.4336, 27.8256]","[0.02875, 0.24875, -0.00125, 0.000625, -0.003125, -0.00125]",0,0,29.5,"[1, 1, 1, 1, 1, 1]",1.6466050450335088,42.360216799999996,-71.0932782,3,-25.814
1774902915.5536869,"[0, 0, 0, 0, 0, 0]","[1291, 1500, 1400, 1400]","[-25.08, 0.0, -10.0, -10.0]","[-0.35855564062499995, 2.50682490625, 10.207343589843749]",0,145.17572021484375,0,30.575196304321288,"[-40.71044921208, -2.22778320276, 17.02880859096]","[0, 0, 0]",0,3,0.0,0.0,0.135,0,0,0,4294967.295,3750036.992,0,38684,0,0.8247750401496887,1.5402082204818726,5.368223667144775,0,state.FLIGHT,521,-21,0,-23,2.3021812438964844,135,145,"[10.6, 0.5, 17.0, 10.6, 15.9, 17.0, 0, 0]","[3.646, 3.647, 3.647]",0.262,"[2.9952, 3.3104, 5.0032000000000005, 7.3664000000000005, 8.4336, 27.8256]","[0.02875, 0.24875, -0.00125, 0.000625, -0.003125, -0.00125]",0,0,29.5,"[1, 1, 1, 1, 1, 1]",1.7470922593696971,42.3602165,-71.09327739999999,3,-25.845
1774902915.6136897,"[0, 0, 0, 0, 0, 0]","[1291, 1500, 1400, 1400]","[-25.08, 0.0, -10.0, -10.0]","[-0.35242648437499996, 2.50912333984375, 10.2188357578125]",0,161.06976318359375,0,30.5708243560791,"[-16.54052734104, -0.09155273436, 4.51660156176]","[0, 0, 0]",0,3,0.0,0.0,0.158,0,0,0,4294967.295,3750036.992,0,38744,0,0.8900684118270874,1.582910418510437,7.049103260040283,0,state.FLIGHT,522,-21,0,-23,1.9785364866256714,158,161,"[10.4, 0.5, 15.9, 10.8, 15.5, 17.0, 0, 0]","[3.646, 3.647, 3.647]",0.262,"[2.9968000000000004, 3.3104, 5.0016, 7.3632, 8.448, 27.8272]","[0.039375, 0.6325000000000001, 0.00625, 0.003125, -0.0025, -0.001875]",0,0,29.5,"[1, 1, 1, 1, 1, 1]",1.8159365634738773,42.3602165,-71.09327739999999,3,-25.845
1774902915.6741986,"[0, 0, 0, 0, 0, 0]","[1291, 1500, 1400, 1400]","[-25.08, 0.0, -10.0, -10.0]","[-0.370813953125, 2.5543258671875, 10.2356909375]",0,177.67825317382812,0,30.55770851135254,"[16.54052734104, -6.7443847645199995, 1.00708007796]","[0, 0, 0]",0,3,0.0,0.0,0.158,0,0,0,4294967.295,3750036.992,0,38804,0,0.9172446727752686,1.7953450679779053,6.88371467590332,0,state.FLIGHT,523,-21,0,-23,1.941980242729187,158,177,"[10.4, 0.5, 16.5, 10.4, 15.0, 17.0, 0, 0]","[3.646, 3.647, 3.647]",0.262,"[2.9968000000000004, 3.3104, 5.0016, 7.3632, 8.448, 27.8272]","[0.039375, 0.6325000000000001, 0.00625, 0.003125, -0.0025, -0.001875]",0,0,29.5,"[1, 1, 1, 1, 1, 1]",2.016017440604396,42.360216799999996,-71.0932759,3,-25.772
1774902915.7362235,"[0, 0, 0, 0, 0, 0]","[1291, 1500, 1600, 1600]","[-25.08, 0.0, 10.0, 10.0]","[-0.36851551953124995, 2.5236800859374995, 10.223432625]",0,194.9842987060547,0,30.55770851135254,"[40.71044921208, -4.7912597648399995, 1.95312499968]","[0, 0, 0]",0,3,0.0,0.0,0.186,0,0,0,4294967.295,3750036.992,0,38864,0,0.9426153302192688,1.8826195001602173,4.961133003234863,0,state.FLIGHT,524,-21,0,-23,1.915616512298584,186,194,"[10.8, 0.5, 17.0, 10.6, 16.5, 15.5, 0, 0]","[3.646, 3.647, 3.647]",0.262,"[2.9968000000000004, 3.3120000000000003, 5.0048, 7.36, 8.443200000000001, 27.8272]","[0.044375, 0.63375, -0.000625, 0.003125, 0.00125, -0.00125]",0,0,29.5,"[1, 1, 1, 1, 1, 1]",2.1053408398221416,42.360216799999996,-71.0932759,3,-25.772
1774902915.7882245,"[0, 0, 0, 0, 0, 0]","[1291, 1500, 1600, 1600]","[-25.08, 0.0, 10.0, 10.0]","[-0.3570233515625, 2.55049514453125, 10.2249649140625]",0,209.93174743652344,0,30.562080459594725,"[44.189453117759996, -7.53784179564, -3.63159179628]","[0, 0, 0]",0,3,0.0,0.0,0.186,0,0,0,4294967.295,3750036.992,0,38918,0,0.9677980542182922,1.772177815437317,2.581268310546875,0,state.FLIGHT,525,-22,0,-23,1.8950128555297852,186,209,"[10.4, 0.5, 16.5, 10.6, 16.5, 17.0, 0, 0]","[3.646, 3.647, 3.647]",0.262,"[2.9968000000000004, 3.3120000000000003, 5.0048, 7.36, 8.443200000000001, 27.8272]","[0.044375, 0.63375, -0.000625, 0.003125, 0.00125, -0.00125]",0,0,29.5,"[1, 1, 1, 1, 1, 1]",2.0191455050818163,42.360217299999995,-71.0932759,3,-25.798
1774902915.8487387,"[0, 0, 0, 0, 0, 0]","[1291, 1500, 1600, 1600]","[-25.08, 0.0, 10.0, 10.0]","[-0.3723462421875, 2.5236800859374995, 10.21730346875]",0,228.49191284179688,0,30.575196304321288,"[26.42822265192, -10.71166992012, -7.0190429676]","[0, 0, 0]",0,3,0.0,0.0,0.216,0,0,0,4294967.295,3750036.992,0,38978,0,1.1215736865997314,1.992563009262085,0.4474731683731079,0,state.FLIGHT,526,-22,0,-23,1.8685539960861206,216,228,"[10.8, 0.5, 16.5, 10.8, 15.9, 17.6, 0, 0]","[3.646, 3.647, 3.647]",0.262,"[2.9968000000000004, 3.3120000000000003, 5.0064, 7.3632, 8.4544, 27.8256]","[0.039375, 0.6062500000000001, 0.0025, 0.003125, 0.003125, -0.0025]",0,0,29.5,"[1, 1, 1, 1, 1, 1]",2.2864224683109,42.360217299999995,-71.09327619999999,3,-25.826
1774902915.9106355,"[0, 0, 0, 0, 0, 0]","[1291, 1500, 1600, 1600]","[-25.08, 0.0, 10.0, 10.0]","[-0.37770925390624993, 2.5213816523437496, 10.2356909375]",0,247.72256469726562,0,30.55770851135254,"[-5.61523437408, 2.8991699214, 1.58691406224]","[0, 0, 0]",0,3,0.0,0.0,0.247,0,0,0,4294967.295,3750036.992,0,39038,0,1.1899166107177734,1.9644896984100342,-0.04631754010915756,0,state.FLIGHT,527,-22,0,-23,1.837600588798523,247,247,"[10.8, 0.5, 16.5, 10.6, 15.5, 16.5, 0, 0]","[3.646, 3.647, 3.647]",0.262,"[2.9968000000000004, 3.3120000000000003, 5.0064, 7.3632, 8.4544, 27.8256]","[0.039375, 0.6062500000000001, 0.0025, 0.003125, 0.003125, -0.0025]",0,0,29.5,"[1, 1, 1, 1, 1, 1]",2.2966424228369675,42.360217299999995,-71.09327619999999,3,-25.826
1774902915.9691474,"[0, 0, 0, 0, 0, 0]","[1291, 1500, 1400, 1400]","[-25.08, 0.0, -10.0, -10.0]","[-0.3723462421875, 2.5213816523437496, 10.211940457031249]",0,267.6134338378906,0,30.548964614868165,"[-34.66796874432, 5.46264648348, 8.850097654799999]","[0, 0, 0]",0,3,0.0,0.0,0.247,0,0,0,4294967.295,3750036.992,0,39098,0,1.4651546478271484,1.909558653831482,1.3663058280944824,0,state.FLIGHT,528,-22,0,-23,1.8121765851974487,247,267,"[10.4, 0.5, 15.9, 10.4, 15.5, 17.6, 0, 0]","[3.646, 3.647, 3.647]",0.262,"[2.9936000000000003, 3.3104, 5.0048, 7.3616, 8.4304, 27.8288]","[0.038125, 0.238125, -0.00375, -0.004375, -0.0025, -0.000625]",0,0,29.5,"[1, 1, 1, 1, 1, 1]",2.4067192369066075,42.360216099999995,-71.0932784,3,-25.831
1774902916.022149,"[0, 0, 0, 0, 0, 0]","[1291, 1500, 1400, 1400]","[-25.08, 0.0, -10.0, -10.0]","[-0.37387853125, 2.522147796875, 10.2188357578125]",0,288.1545104980469,0,30.562080459594725,"[-44.89135741452, -0.82397460924, -9.79614257652]","[0, 0, 0]",0,3,0.0,0.0,0.281,0,0,0,4294967.295,3750036.992,0,39152,0,1.7186870574951172,2.00946044921875,3.7027738094329834,0,state.FLIGHT,529,-22,0,-23,1.7811369895935059,281,288,"[10.6, 0.5, 16.5, 10.8, 15.5, 16.5, 0, 0]","[3.646, 3.647, 3.647]",0.262,"[2.9936000000000003, 3.3120000000000003, 5.0048, 7.364800000000001, 8.4512, 27.824]","[0.035, 0.18625, -0.003125, -0.001875, -0.00125, -0.000625]",0,0,29.5,"[1, 1, 1, 1, 1, 1]",2.6439752664948095,42.360216099999995,-71.0932784,3,-25.831
1774902916.0826592,"[0, 0, 0, 0, 0, 0]","[1291, 1500, 1400, 1400]","[-25.08, 0.0, -10.0, -10.0]","[-0.37464467578124994, 2.522147796875, 10.243352382812498]",0,309.335205078125,0,30.548964614868165,"[-30.79223632308, -2.77709960892, 4.1809082024399995]","[0, 0, 0]",0,3,0.0,0.0,0.281,0,0,0,4294967.295,3750036.992,0,39212,0,1.9524610042572021,2.1608126163482666,6.014119625091553,0,state.FLIGHT,530,-22,0,-23,1.7503517866134644,281,309,"[10.8, 0.5, 16.5, 10.6, 15.9, 15.9, 0, 0]","[3.646, 3.647, 3.647]",0.262,"[2.9936000000000003, 3.3120000000000003, 5.0048, 7.364800000000001, 8.4512, 27.824]","[0.035, 0.18625, -0.003125, -0.001875, -0.00125, -0.000625]",0,0,29.5,"[1, 1, 1, 1, 1, 1]",2.9119422239713355,42.3602151,-71.0932785,3,-25.837
1774902916.1461742,"[0, 0, 0, 0, 0, 0]","[1291, 1500, 1400, 1400]","[-25.08, 0.0, -10.0, -10.0]","[-0.3784753984375, 2.5213816523437496, 10.21806961328125]",0,331.145751953125,0,30.544592666625977,"[0.0, 1.55639648412, 10.13183593584]","[0, 0, 0]",0,3,0.0,0.0,0.32,0,0,0,4294967.295,3750036.992,0,39272,0,1.9978982210159302,2.0778605937957764,6.828342914581299,0,state.FLIGHT,531,-22,0,-23,1.7317171096801758,320,331,"[10.6, 0.5, 17.6, 10.8, 15.9, 16.5, 0, 0]","[3.646, 3.647, 3.647]",0.262,"[2.9952, 3.3104, 5.0064, 7.3696, 8.4464, 27.8304]","[0.035625000000000004, 0.230625, -0.003125, -0.003125, 0.00125, -0.000625]",0,0,29.5,"[1, 1, 1, 1, 1, 1]",2.8822476913657225,42.3602151,-71.0932776,3,-25.837
1774902916.2026868,"[0, 0, 0, 0, 0, 0]","[1291, 1500, 1400, 1400]","[-25.08, 0.0, -10.0, -10.0]","[-0.3600879296875, 2.5045264726562495, 10.2249649140625]",0,353.5787048339844,0,30.544592666625977,"[30.79223632308, -6.31713867084, 11.99340820116]","[0, 0, 0]",0,3,0.0,0.0,0.353,0,0,0,4294967.295,3750036.992,0,39332,0,2.2777628898620605,2.3988964557647705,5.706170082092285,0,state.FLIGHT,532,-21,0,-23,1.7130626440048218,353,353,"[10.6, 0.5, 16.5, 10.4, 15.5, 17.0, 0, 0]","[3.646, 3.647, 3.647]",0.262,"[2.9952, 3.3104, 5.0064, 7.3696, 8.4464, 27.8304]","[0.035625000000000004, 0.230625, -0.003125, -0.003125, 0.00125, -0.000625]",0,0,29.5,"[1, 1, 1, 1, 1, 1]",3.3075482918537213,42.3602151,-71.0932776,3,-25.837
1774902916.259204,"[0, 0, 0, 0, 0, 0]","[1291, 1500, 1600, 1600]","[-25.08, 0.0, 10.0, 10.0]","[-0.34323275000000003, 2.5183170742187495, 10.214238890625]",0,372.74383544921875,0,30.527104873657226,"[44.189453117759996, -3.99780273372, 5.85937499904]","[0, 0, 0]",0,3,0.0,0.0,0.353,0,0,0,4294967.295,3750036.992,0,39386,0,2.2701785564422607,2.451888084411621,3.56598162651062,0,state.FLIGHT,533,-22,0,-23,1.7005345821380615,353,372,"[10.8, 0.5, 17.0, 10.8, 15.9, 17.6, 0, 0]","[3.646, 3.647, 3.647]",0.262,"[2.9952, 3.3120000000000003, 5.0048, 7.3632, 8.4448, 27.8256]","[0.031875, 0.279375, -0.003125, -0.00125, -0.004375, 0.0]",0,0,29.5,"[1, 1, 1, 1, 1, 1]",3.3410057126035033,42.360215,-71.0932775,3,-25.835
1774902916.3202047,"[0, 0, 0, 0, 0, 0]","[1291, 1500, 1600, 1600]","[-25.08, 0.0, 10.0, 10.0]","[-0.36545094140624995, 2.5206155078125, 10.226497203124998]",0,396.3021240234375,0,30.548964614868165,"[37.9943847594, 4.48608398364, -12.969970701]","[0, 0, 0]",0,3,0.0,0.0,0.392,0,0,0,4294967.295,3750036.992,0,39446,0,2.0433788299560547,2.573969841003418,1.0113509893417358,0,state.FLIGHT,534,-22,0,-23,1.6850645542144775,392,396,"[10.4, 0.5, 17.0, 11.3, 17.0, 16.5, 0, 0]","[3.646, 3.647, 3.647]",0.262,"[2.9952, 3.3120000000000003, 5.0048, 7.3632, 8.4448, 27.8256]","[0.031875, 0.279375, -0.003125, -0.00125, -0.004375, 0.0]",0,0,29.5,"[1, 1, 1, 1, 1, 1]",3.2860170810225093,42.360215,-71.0932775,3,-25.835
1774902916.3789644,"[0, 0, 0, 0, 0, 0]","[1291, 1500, 1600, 1600]","[-25.08, 0.0, 10.0, 10.0]","[-0.3662170859375, 2.51908321875, 10.224198769531249]",0,420.4654541015625,0,30.527104873657226,"[11.16943359192, 0.33569335932, 16.84570312224]","[0, 0, 0]",0,3,0.0,0.0,0.392,0,0,0,4294967.295,3750036.992,0,39506,0,2.1965770721435547,2.776608467102051,-0.401316374540329,0,state.FLIGHT,535,-22,0,-23,1.6672987937927246,392,420,"[10.6, 0.5, 16.5, 10.8, 15.9, 17.0, 0, 0]","[3.646, 3.647, 3.647]",0.262,"[2.9968000000000004, 3.3136, 5.0048, 7.3632, 8.4288, 27.8288]","[0.0325, 0.5906250000000001, 0.00375, -0.0025, -0.0025, -0.005]",0,0,29.5,"[1, 1, 1, 1, 1, 1]",3.5398767459523204,42.3602146,-71.0932776,3,-25.833
1774902916.4384804,"[0, 0, 0, 0, 0, 0]","[1291, 1500, 1400, 1400]","[-25.08, 0.0, -10.0, -10.0]","[-0.34323275000000003, 2.5213816523437496, 10.22266648046875]",0,445.204833984375,0,30.54022071838379,"[-21.6674804652, 0.51879882804, -1.77001953096]","[0, 0, 0]",0,3,0.0,0.0,0.432,0,0,0,4294967.295,3750036.992,0,39566,0,2.4068472385406494,2.841334342956543,0.09244632720947266,0,state.FLIGHT,536,-22,0,-23,1.3081669807434082,432,445,"[10.8, 0.5, 15.9, 10.8, 16.5, 16.5, 0, 0]","[3.646, 3.647, 3.647]",0.262,"[2.9968000000000004, 3.3136, 5.0048, 7.3632, 8.4288, 27.8288]","[0.0325, 0.5906250000000001, 0.00375, -0.0025, -0.0025, -0.005]",0,0,29.5,"[1, 1, 1, 1, 1, 1]",3.7230826522747242,42.3602146,-71.0932776,3,-25.833
1774902916.4934783,"[0, 0, 0, 0, 0, 0]","[1291, 1500, 1400, 1400]","[-25.08, 0.0, -10.0, -10.0]","[-0.37311238671874997, 2.53823683203125, 10.211940457031249]",0,466.1396484375,0,30.544592666625977,"[-40.71044921208, 0.88500976548, 9.36889648284]","[0, 0, 0]",0,3,0.0,0.0,0.432,0,0,0,4294967.295,3750036.992,0,39620,0,2.522388458251953,3.006584882736206,1.9017146825790405,0,state.FLIGHT,537,-22,0,-23,-0.4563904404640198,432,466,"[10.4, 0.5, 15.9, 10.2, 15.5, 18.9, 0, 0]","[3.646, 3.647, 3.647]",0.262,"[2.9952, 3.3088, 5.0032000000000005, 7.3664000000000005, 8.4352, 27.824]","[0.036875, 0.56, 0.000625, -0.004375, -0.00375, 0.0]",0,0,29.5,"[1, 1, 1, 1, 1, 1]",3.9237933787228982,42.360213699999996,-71.093278,3,-25.836
1774902916.551993,"[0, 0, 0, 0, 0, 0]","[1291, 1500, 1400, 1400]","[-25.08, 0.0, -10.0, -10.0]","[-0.370813953125, 2.50299418359375, 10.224198769531249]",0,491.1768493652344,0,30.553336563110353,"[-42.78564452424, -1.80053710908, -11.291503904399999]","[0, 0, 0]",0,3,0.0,0.0,0.474,0,0,0,4294967.295,3750036.992,0,39680,0,2.2101922035217285,3.031618356704712,4.539040565490723,0,state.FLIGHT,538,-22,0,-23,-0.4518428146839142,474,491,"[10.6, 0.5, 15.9, 10.6, 16.5, 17.0, 0, 0]","[3.646, 3.647, 3.647]",0.262,"[2.9952, 3.3088, 5.0032000000000005, 7.3664000000000005, 8.4352, 27.824]","[0.036875, 0.56, 0.000625, -0.004375, -0.00375, 0.0]",0,0,29.5,"[1, 1, 1, 1, 1, 1]",3.7511464137232693,42.3602121,-71.09328099999999,3,-25.819
1774902916.6119983,"[0, 0, 0, 0, 0, 0]","[1291, 1500, 1400, 1400]","[-25.08, 0.0, -10.0, -10.0]","[-0.38077383203125, 2.491502015625, 10.219601902343749]",0,516.0515747070312,0,30.553336563110353,"[-21.6674804652, 14.92309570068, -13.33618163844]","[0, 0, 0]",0,3,0.0,0.0,0.516,0,0,0,4294967.295,3750036.992,0,39740,0,1.9256782531738281,2.9919824600219727,6.4617018699646,0,state.FLIGHT,539,-22,0,-23,-0.4471142888069153,516,516,"[10.6, 0.5, 15.9, 10.8, 16.5, 16.5, 0, 0]","[3.646, 3.647, 3.647]",0.262,"[2.9952, 3.3120000000000003, 5.0048, 7.3616, 8.4448, 27.824]","[0.031875, 0.233125, 0.005625, 0.000625, -0.000625, -0.00375]",0,0,29.5,"[1, 1, 1, 1, 1, 1]",3.557643070568272,42.3602121,-71.09328099999999,3,-25.819
1774902916.6703675,"[0, 0, 0, 0, 0, 0]","[1291, 1500, 1400, 1400]","[-25.08, 0.0, -10.0, -10.0]","[-0.36162021874999994, 2.5298092421875, 10.207343589843749]",0,540.7656860351562,0,30.52273292541504,"[11.16943359192, 1.92260742156, 2.83813476516]","[0, 0, 0]",0,3,0.0,0.0,0.516,0,0,0,4294967.295,3750036.992,0,39800,0,2.228100299835205,3.193377733230591,6.627084732055664,0,state.FLIGHT,540,-22,0,-23,-0.44260063767433167,516,540,"[10.4, 0.5, 16.5, 10.4, 17.0, 17.0, 0, 0]","[3.646, 3.647, 3.647]",0.262,"[2.9952, 3.3120000000000003, 5.0048, 7.3616, 8.4448, 27.824]","[0.031875, 0.233125, 0.005625, 0.000625, -0.000625, -0.00375]",0,0,29.5,"[1, 1, 1, 1, 1, 1]",3.893192806928374,42.3602117,-71.0932818,3,-25.838
1774902916.724476,"[0, 0, 0, 0, 0, 0]","[1291, 1500, 1600, 1600]","[-25.08, 0.0, 10.0, 10.0]","[-0.38230612109375, 2.5144863515624998, 10.228029492187499]",0,565.3206787109375,0,30.52273292541504,"[37.9943847594, 7.41577148316, 18.85986327816]","[0, 0, 0]",0,3,0.0,0.0,0.557,0,0,0,4294967.295,3750036.992,0,39854,0,2.5120842456817627,3.0261600017547607,5.027596473693848,0,state.FLIGHT,541,-22,0,-23,-0.4382273256778717,557,565,"[10.4, 0.5, 17.0, 10.6, 15.9, 16.5, 0, 0]","[3.646, 3.647, 3.647]",0.262,"[2.9968000000000004, 3.3104, 5.0032000000000005, 7.364800000000001, 8.440000000000001, 27.8256]","[0.035625000000000004, 0.234375, -0.000625, -0.00375, -0.003125, -0.0025]",0,0,29.5,"[1, 1, 1, 1, 1, 1]",3.9322184362610435,42.3602117,-71.0932818,3,-25.838
1774902916.7844837,"[0, 0, 0, 0, 0, 0]","[1291, 1500, 1600, 1600]","[-25.08, 0.0, 10.0, 10.0]","[-0.38000768749999997, 2.52597851953125, 10.215771179687499]",0,589.7180786132812,0,30.544592666625977,"[44.189453117759996, -0.27465820308, 1.92260742156]","[0, 0, 0]",0,3,0.0,0.0,0.557,0,0,0,4294967.295,3750036.992,0,39914,0,2.444334030151367,3.0689005851745605,2.4109787940979004,0,state.FLIGHT,542,-22,0,-23,-0.43421322107315063,557,589,"[10.6, 0.5, 16.5, 10.8, 16.5, 16.5, 0, 0]","[3.646, 3.647, 3.647]",0.262,"[2.9952, 3.3104, 5.0032000000000005, 7.364800000000001, 8.4304, 27.824]","[0.03, 0.225, -0.004375, -0.003125, -0.001875, 0.0025]",0,0,29.5,"[1, 1, 1, 1, 1, 1]",3.922652690429876,42.360212,-71.0932821,3,-25.853
1774902916.843994,"[0, 0, 0, 0, 0, 0]","[1291, 1500, 1600, 1600]","[-25.08, 0.0, 10.0, 10.0]","[-0.36391865234375, 2.5206155078125, 10.2341586484375]",0,613.959716796875,0,30.527104873657226,"[26.42822265192, -5.7678222646799995, -4.02832031184]","[0, 0, 0]",0,3,0.0,0.0,0.597,0,0,0,4294967.295,3750036.992,0,39974,0,2.2868337631225586,2.9962856769561768,0.27721330523490906,0,state.FLIGHT,543,-22,0,-23,-0.43001461029052734,597,613,"[10.4, 0.5, 16.5, 10.4, 16.5, 16.5, 0, 0]","[3.646, 3.647, 3.647]",0.262,"[2.9952, 3.3104, 5.0032000000000005, 7.364800000000001, 8.4304, 27.824]","[0.03, 0.225, -0.004375, -0.003125, -0.001875, 0.0025]",0,0,29.5,"[1, 1, 1, 1, 1, 1]",3.7686294431318004,42.360212,-71.0932807,3,-25.87
1774902916.9053903,"[0, 0, 0, 0, 0, 0]","[1291, 1500, 1600, 1600]","[-25.08, 0.0, 10.0, 10.0]","[-0.36391865234375, 2.52751080859375, 10.22726334765625]",0,638.0465087890625,0,30.55770851135254,"[-5.61523437408, 4.48608398364, 9.918212889]","[0, 0, 0]",0,3,0.0,0.0,0.638,0,0,0,4294967.295,3750036.992,0,40034,0,2.483398675918579,3.1769473552703857,-0.21655525267124176,0,state.FLIGHT,544,-22,0,-23,-0.4259258806705475,638,638,"[10.8, 0.5, 17.6, 11.1, 17.0, 17.0, 0, 0]","[3.646, 3.647, 3.647]",0.262,"[2.9952, 3.3104, 5.0048, 7.364800000000001, 8.448, 27.8256]","[0.03625, 0.249375, 0.00125, -0.00125, 0.000625, -0.00375]",0,0,29.5,"[1, 1, 1, 1, 1, 1]",4.031617661406165,42.360212,-71.0932807,3,-25.87
1774902916.9589186,"[0, 0, 0, 0, 0, 0]","[1291, 1500, 1400, 1400]","[-25.08, 0.0, -10.0, -10.0]","[-0.38537069921875, 2.49456659375, 10.21730346875]",0,658.0020141601562,0,30.553336563110353,"[-30.79223632308, -6.92749023324, -11.65771484184]","[0, 0, 0]",0,3,0.0,0.0,0.638,0,0,0,4294967.295,3750036.992,0,40088,0,2.2465598583221436,3.3983054161071777,0.8910503387451172,0,state.FLIGHT,545,-22,0,-23,-0.4224906265735626,638,658,"[10.6, 0.5, 17.6, 10.8, 15.9, 16.5, 0, 0]","[3.646, 3.647, 3.647]",0.262,"[2.9952, 3.3104, 5.0048, 7.364800000000001, 8.448, 27.8256]","[0.03625, 0.249375, 0.00125, -0.00125, 0.000625, -0.00375]",0,0,29.5,"[1, 1, 1, 1, 1, 1]",4.073032118719937,42.360211899999996,-71.0932806,3,-25.886
1774902917.0189083,"[0, 0, 0, 0, 0, 0]","[1291, 1500, 1400, 1400]","[-25.08, 0.0, -10.0, -10.0]","[-0.3754108203125, 2.52751080859375, 10.219601902343749]",0,681.809326171875,0,30.54022071838379,"[-44.89135741452, 5.46264648348, 8.2397460924]","[0, 0, 0]",0,3,0.0,0.0,0.677,0,0,0,4294967.295,3750036.992,0,40148,0,2.5001606941223145,3.553323745727539,3.3434348106384277,0,state.FLIGHT,546,-22,0,-23,-0.4185842275619507,677,681,"[10.6, 0.5, 17.0, 10.4, 15.9, 16.5, 0, 0]","[3.646, 3.647, 3.647]",0.262,"[2.9968000000000004, 3.3104, 5.0048, 7.368, 8.432, 27.8272]","[0.038125, 0.265625, -0.004375, -0.003125, -0.001875, -0.000625]",0,0,29.5,"[1, 1, 1, 1, 1, 1]",4.343834280797261,42.360211899999996,-71.0932806,3,-25.886
1774902917.0784156,"[0, 0, 0, 0, 0, 0]","[1291, 1500, 1400, 1400]","[-25.08, 0.0, -10.0, -10.0]","[-0.36238636328125, 2.5206155078125, 10.228029492187499]",0,705.466064453125,0,30.54022071838379,"[-34.66796874432, -10.46752929516, -1.77001953096]","[0, 0, 0]",0,3,0.0,0.0,0.677,0,0,0,4294967.295,3750036.992,0,40208,0,2.5306713581085205,3.6869969367980957,5.795827865600586,0,state.FLIGHT,547,-22,0,-23,-0.4147464334964752,677,705,"[10.4, 0.5, 17.0, 10.8, 15.5, 17.0, 0, 0]","[3.646, 3.647, 3.647]",0.262,"[2.9968000000000004, 3.3104, 5.0048, 7.368, 8.432, 27.8272]","[0.038125, 0.265625, -0.004375, -0.003125, -0.001875, -0.000625]",0,0,29.5,"[1, 1, 1, 1, 1, 1]",4.470950724352504,42.360211899999996,-71.0932809,3,-25.902
1774902917.1379297,"[0, 0, 0, 0, 0, 0]","[1291, 1500, 1400, 1400]","[-25.08, 0.0, -10.0, -10.0]","[-0.376943109375, 2.53134153125, 10.208109734375]",0,728.9740600585938,0,30.55770851135254,"[-5.61523437408, 8.02612304556, 1.00708007796]","[0, 0, 0]",0,3,0.0,0.0,0.717,0,0,0,4294967.295,3750036.992,0,40268,0,2.5554089546203613,3.670515298843384,6.917973041534424,0,state.FLIGHT,548,-22,0,-23,-0.4109838604927063,717,728,"[10.8, 0.5, 16.5, 10.6, 15.0, 17.0, 0, 0]","[3.646, 3.647, 3.647]",0.262,"[2.9936000000000003, 3.3120000000000003, 5.0016, 7.3664000000000005, 8.48, 27.8272]","[0.031875, 0.608125, 0.003125, 0.00125, 0.000625, -0.00125]",0,0,29.5,"[1, 1, 1, 1, 1, 1]",4.471449499669562,42.360211899999996,-71.0932809,3,-25.902
1774902917.1949337,"[0, 0, 0, 0, 0, 0]","[1291, 1500, 1400, 1400]","[-25.08, 0.0, -10.0, -10.0]","[-0.34859576171874995, 2.49992960546875, 10.2341586484375]",0,752.3341674804688,0,30.553336563110353,"[26.42822265192, -11.32202148252, -4.97436523356]","[0, 0, 0]",0,3,0.0,0.0,0.717,0,0,0,4294967.295,3750036.992,0,40322,0,2.54982328414917,3.7949893474578857,6.084402561187744,0,state.FLIGHT,549,-22,0,-23,-0.4072069227695465,717,752,"[10.6, 0.5, 15.9, 10.2, 15.9, 17.0, 0, 0]","[3.646, 3.647, 3.647]",0.262,"[2.9936000000000003, 3.3120000000000003, 5.0016, 7.3664000000000005, 8.48, 27.8272]","[0.031875, 0.608125, 0.003125, 0.00125, 0.000625, -0.00125]",0,0,29.5,"[1, 1, 1, 1, 1, 1]",4.570998928752651,42.360211199999995,-71.0932809,3,-25.923
1774902917.252962,"[0, 0, 0, 0, 0, 0]","[1291, 1500, 1600, 1600]","[-25.08, 0.0, 10.0, 10.0]","[-0.36698323046875, 2.5060587617187498, 10.2402878046875]",0,775.5477294921875,0,30.55770851135254,"[44.189453117759996, -3.814697265, 6.04248046776]","[0, 0, 0]",0,3,0.0,0.0,0.756,0,0,0,4294967.295,3750037.248,0,40382,0,2.56723952293396,3.9439375400543213,3.773023843765259,0,state.FLIGHT,550,-22,0,-23,-0.4033218026161194,756,775,"[10.4, 0.5, 15.9, 10.8, 15.0, 17.0, 0, 0]","[3.646, 3.647, 3.647]",0.262,"[2.9952, 3.3120000000000003, 5.0032000000000005, 7.3616, 8.4288, 27.824]","[0.04, 0.630625, 0.006875, 0.0, -0.003125, 0.00375]",0,0,29.5,"[1, 1, 1, 1, 1, 1]",4.704779271256097,42.360211299999996,-71.09328219999999,3,-25.938
1774902917.3159664,"[0, 0, 0, 0, 0, 0]","[1291, 1500, 1600, 1600]","[-25.08, 0.0, 10.0, 10.0]","[-0.37158009765624994, 2.5512612890624995, 10.22726334765625]",0,798.6165161132812,0,30.553336563110353,"[37.9943847594, -12.29858398236, -13.000488279119999]","[0, 0, 0]",0,3,0.0,0.0,0.798,0,0,0,4294967.295,3750037.248,0,40442,0,2.6032750606536865,4.050118923187256,1.218349575996399,0,state.FLIGHT,551,-22,0,-23,-0.39951443672180176,798,798,"[10.4, 0.5, 16.5, 10.6, 16.5, 17.6, 0, 0]","[3.646, 3.647, 3.647]",0.262,"[2.9952, 3.3120000000000003, 5.0032000000000005, 7.3616, 8.4288, 27.824]","[0.04, 0.630625, 0.006875, 0.0, -0.003125, 0.00375]",0,0,29.5,"[1, 1, 1, 1, 1, 1]",4.813440684500871,42.360211299999996,-71.09328219999999,3,-25.938
1774902917.3724759,"[0, 0, 0, 0, 0, 0]","[1291, 1500, 1600, 1600]","[-25.08, 0.0, 10.0, 10.0]","[-0.36085407421875, 2.52444623046875, 10.223432625]",0,821.5416870117188,0,30.531476821899414,"[11.16943359192, -6.0119628896399995, -2.8991699214]","[0, 0, 0]",0,3,0.0,0.0,0.798,0,0,0,4294967.295,3750037.248,0,40502,0,2.5200908184051514,4.050066947937012,-0.19430071115493774,0,state.FLIGHT,552,-22,0,-23,-0.3958686888217926,798,821,"[10.8, 0.5, 15.9, 10.8, 16.5, 17.6, 0, 0]","[3.646, 3.647, 3.647]",0.262,"[2.9968000000000004, 3.3120000000000003, 5.0048, 7.3664000000000005, 8.4544, 27.8256]","[0.038125, 0.225, -0.00125, -0.00125, -0.00125, -0.0025]",0,0,29.5,"[1, 1, 1, 1, 1, 1]",4.768995434175162,42.3602114,-71.093283,3,-25.953
1774902917.426687,"[0, 0, 0, 0, 0, 0]","[1291, 1500, 1400, 1400]","[-25.08, 0.0, -10.0, -10.0]","[-0.3692816640625, 2.51065562890625, 10.2464169609375]",0,840.537353515625,0,30.566452407836913,"[-16.54052734104, -1.43432617164, -6.07299804588]","[0, 0, 0]",0,3,0.0,0.0,0.832,0,0,0,4294967.295,3750037.248,0,40556,0,2.217790126800537,4.386037349700928,0.0573335662484169,0,state.FLIGHT,553,-22,0,-23,-0.39281877875328064,832,840,"[10.4, 0.5, 17.0, 10.4, 15.0, 16.5, 0, 0]","[3.646, 3.647, 3.647]",0.262,"[2.9968000000000004, 3.3120000000000003, 5.0048, 7.3664000000000005, 8.4544, 27.8256]","[0.038125, 0.225, -0.00125, -0.00125, -0.00125, -0.0025]",0,0,29.5,"[1, 1, 1, 1, 1, 1]",4.9138889155469085,42.3602114,-71.093283,3,-25.953
1774902917.4866881,"[0, 0, 0, 0, 0, 0]","[1291, 1500, 1400, 1400]","[-25.08, 0.0, -10.0, -10.0]","[-0.36468479687499994, 2.516018640625, 10.2188357578125]",0,863.2022705078125,0,30.5708243560791,"[-40.71044921208, -1.0681152342, 1.95312499968]","[0, 0, 0]",0,3,0.0,0.0,0.832,0,0,0,4294967.295,3750037.248,0,40616,0,2.3752567768096924,4.506878852844238,1.9799020290374756,0,state.FLIGHT,554,-22,0,-23,-0.3891356885433197,832,863,"[10.6, 0.5, 17.0, 10.8, 16.5, 16.5, 0, 0]","[3.646, 3.647, 3.647]",0.262,"[2.9936000000000003, 3.3120000000000003, 5.0016, 7.3632, 8.4368, 27.824]","[0.0325, 0.245625, -0.00125, -0.00125, -0.000625, -0.00125]",0,0,29.5,"[1, 1, 1, 1, 1, 1]",5.093344632367814,42.360211199999995,-71.0932825,3,-25.976
1774902917.5472023,"[0, 0, 0, 0, 0, 0]","[1291, 1500, 1400, 1400]","[-25.08, 0.0, -10.0, -10.0]","[-0.37004780859374997, 2.50912333984375, 10.226497203124998]",0,885.7278442382812,0,30.548964614868165,"[-42.78564452424, -2.5939941402, 0.09155273436]","[0, 0, 0]",0,3,0.0,0.0,0.87,0,0,0,4294967.295,3750037.248,0,40676,0,2.500990152359009,4.4824299812316895,4.617228031158447,0,state.FLIGHT,555,-22,0,-23,-0.38546502590179443,870,885,"[10.2, 0.5, 16.5, 10.4, 15.9, 15.9, 0, 0]","[3.646, 3.647, 3.647]",0.262,"[2.9952, 3.3104, 5.0032000000000005, 7.36, 8.440000000000001, 27.8288]","[0.03125, 0.233125, -0.005, -0.0025, 0.000625, -0.00125]",0,0,29.5,"[1, 1, 1, 1, 1, 1]",5.13170171157066,42.3602111,-71.0932825,3,-25.998
1774902917.6102135,"[0, 0, 0, 0, 0, 0]","[1291, 1500, 1400, 1400]","[-25.08, 0.0, -10.0, -10.0]","[-0.3570233515625, 2.5206155078125, 10.228029492187499]",0,908.114501953125,0,30.548964614868165,"[-21.6674804652, -10.71166992012, -4.577636718]","[0, 0, 0]",0,3,0.0,0.0,0.908,0,0,0,4294967.295,3750037.248,0,40736,0,2.660289764404297,4.459834575653076,6.539876937866211,0,state.FLIGHT,556,-22,0,-23,-0.3820299208164215,908,908,"[10.6, 0.5, 17.0, 10.8, 15.9, 17.6, 0, 0]","[3.646, 3.647, 3.647]",0.262,"[2.9952, 3.3104, 5.0032000000000005, 7.36, 8.440000000000001, 27.8288]","[0.03125, 0.233125, -0.005, -0.0025, 0.000625, -0.00125]",0,0,29.5,"[1, 1, 1, 1, 1, 1]",5.191624511040684,42.3602111,-71.0932825,3,-25.998
1774902917.6607208,"[0, 0, 0, 0, 0, 0]","[1291, 1500, 1400, 1400]","[-25.08, 0.0, -10.0, -10.0]","[-0.35625720703125, 2.52904309765625, 10.224198769531249]",0,926.6651611328125,0,30.579568252563476,"[5.61523437408, -0.64086914052, -3.63159179628]","[0, 0, 0]",0,3,0.0,0.0,0.908,0,0,0,4294967.295,3750037.248,0,40790,0,2.7369747161865234,4.48102331161499,6.886130332946777,0,state.FLIGHT,557,-22,0,-23,-0.3791984021663666,908,926,"[10.8, 0.5, 18.2, 10.4, 15.5, 16.5, 0, 0]","[3.646, 3.647, 3.647]",0.262,"[2.9984, 3.3104, 5.0048, 7.3664000000000005, 8.456000000000001, 27.8288]","[0.033125, 0.24375, -0.00375, -0.00125, -0.0025, -0.000625]",0,0,29.5,"[1, 1, 1, 1, 1, 1]",5.249316030098579,42.3602111,-71.0932833,3,-26.021
1774902917.7247405,"[0, 0, 0, 0, 0, 0]","[1291, 1500, 1600, 1600]","[-25.08, 0.0, 10.0, 10.0]","[-0.3754108203125, 2.50912333984375, 10.221900335937498]",0,948.8009033203125,0,30.562080459594725,"[34.66796874432, -5.7678222646799995, -8.117675779919999]","[0, 0, 0]",0,3,0.0,0.0,0.945,0,0,0,4294967.295,3750037.248,0,40850,0,2.44307541847229,4.393747806549072,5.473515033721924,0,state.FLIGHT,558,-22,0,-23,-0.37580132484436035,945,948,"[10.8, 0.5, 15.9, 10.4, 16.5, 16.5, 0, 0]","[3.646, 3.647, 3.647]",0.262,"[2.9984, 3.3104, 5.0048, 7.3664000000000005, 8.456000000000001, 27.8288]","[0.033125, 0.24375, -0.00375, -0.00125, -0.0025, -0.000625]",0,0,29.5,"[1, 1, 1, 1, 1, 1]",5.0261248997164785,42.3602111,-71.0932833,3,-26.021
1774902917.780744,"[0, 0, 0, 0, 0, 0]","[1291, 1500, 1600, 1600]","[-25.08, 0.0, 10.0, 10.0]","[-0.33940202734374997, 2.52444623046875, 10.2249649140625]",0,970.8016357421875,0,30.5708243560791,"[44.89135741452, 0.57983398428, 17.3950195284]","[0, 0, 0]",0,3,0.0,0.0,0.945,0,0,0,4294967.295,3750037.248,0,40910,0,3.017453908920288,4.448058128356934,2.918849229812622,0,state.FLIGHT,559,-22,0,-23,-0.3724365830421448,945,970,"[10.2, 0.5, 17.0, 10.6, 15.5, 16.5, 0, 0]","[3.646, 3.647, 3.647]",0.262,"[2.9968000000000004, 3.3104, 5.0048, 7.36, 8.475200000000001, 27.8272]","[0.038125, 0.27875, -0.004375, -0.001875, -0.003125, -0.000625]",0,0,29.5,"[1, 1, 1, 1, 1, 1]",5.373262203258952,42.3602105,-71.0932835,3,-26.047
1774902917.8432734,"[0, 0, 0, 0, 0, 0]","[1291, 1500, 1600, 1600]","[-25.08, 0.0, 10.0, 10.0]","[-0.367749375, 2.51065562890625, 10.228795636718749]",0,992.6685791015625,0,30.59268409729004,"[30.79223632308, -12.29858398236, -3.44848632756]","[0, 0, 0]",0,3,0.0,0.0,0.981,0,0,0,4294967.295,3750037.248,0,40970,0,3.0699660778045654,4.775189399719238,0.6074844598770142,0,state.FLIGHT,560,-22,0,-23,-0.3691093623638153,981,992,"[10.8, 0.5, 16.5, 10.8, 16.5, 16.5, 0, 0]","[3.646, 3.647, 3.647]",0.262,"[2.9968000000000004, 3.3104, 5.0048, 7.36, 8.475200000000001, 27.8272]","[0.038125, 0.27875, -0.004375, -0.001875, -0.003125, -0.000625]",0,0,29.5,"[1, 1, 1, 1, 1, 1]",5.674970473696744,42.3602105,-71.0932835,3,-26.047
1774902917.8947282,"[0, 0, 0, 0, 0, 0]","[1291, 1500, 1600, 1600]","[-25.08, 0.0, 10.0, 10.0]","[-0.36391865234375, 2.51908321875, 10.2035128671875]",0,1014.402587890625,0,30.5708243560791,"[0.0, 10.16235351396, -0.33569335932]","[0, 0, 0]",0,3,0.0,0.0,0.981,0,0,0,4294967.295,3750037.248,0,41024,0,2.8484909534454346,4.684438705444336,-0.031953707337379456,0,state.FLIGHT,561,-22,0,-23,-0.3658369779586792,981,1014,"[10.4, 0.5, 16.5, 10.8, 15.9, 17.6, 0, 0]","[3.646, 3.647, 3.647]",0.262,"[2.9952, 3.3120000000000003, 5.0032000000000005, 7.364800000000001, 8.4672, 27.8256]","[0.038125, 0.5856250000000001, 0.001875, 0.0025, 0.000625, -0.005625]",0,0,29.5,"[1, 1, 1, 1, 1, 1]",5.480855453067358,42.3602105,-71.0932833,3,-26.081
1774902917.9552438,"[0, 0, 0, 0, 0, 0]","[1291, 1500, 1400, 1400]","[-25.08, 0.0, -10.0, -10.0]","[-0.3784753984375, 2.52904309765625, 10.210408167968751]",0,1036.0054931640625,0,30.575196304321288,"[-30.79223632308, -6.3781738270799995, 2.65502929644]","[0, 0, 0]",0,3,0.0,0.0,1.018,0,0,0,4294967.295,3750037.248,0,41084,0,2.957420825958252,4.788206577301025,1.0901464223861694,0,state.FLIGHT,562,-22,0,-23,-0.3626268208026886,1018,1036,"[10.6, 0.5, 17.0, 11.1, 15.9, 17.0, 0, 0]","[3.646, 3.647, 3.647]",0.262,"[2.9952, 3.3120000000000003, 5.0032000000000005, 7.364800000000001, 8.4672, 27.8256]","[0.038125, 0.5856250000000001, 0.001875, 0.0025, 0.000625, -0.005625]",0,0,29.5,"[1, 1, 1, 1, 1, 1]",5.626089740675338,42.3602114,-71.0932831,3,-26.127
1774902918.01925,"[0, 0, 0, 0, 0, 0]","[1291, 1500, 1400, 1400]","[-25.08, 0.0, -10.0, -10.0]","[-0.37464467578124994, 2.52291394140625, 10.220368046875]",0,1057.477783203125,0,30.59268409729004,"[-44.89135741452, -1.25122070292, 8.66699218608]","[0, 0, 0]",0,3,0.0,0.0,1.053,0,0,0,4294967.295,3750037.248,0,41144,0,3.2229223251342773,4.892585277557373,3.5425684452056885,0,state.FLIGHT,563,-22,0,-23,-0.35947123169898987,1053,1057,"[10.8, 0.5, 15.9, 10.6, 15.9, 17.0, 0, 0]","[3.646, 3.647, 3.647]",0.262,"[2.9952, 3.3088, 5.0048, 7.3696, 8.457600000000001, 27.8256]","[0.035, 0.535, -0.001875, -0.003125, 0.003125, -0.00125]",0,0,29.5,"[1, 1, 1, 1, 1, 1]",5.856565068351044,42.3602114,-71.0932831,3,-26.127
1774902918.074756,"[0, 0, 0, 0, 0, 0]","[1291, 1500, 1400, 1400]","[-25.08, 0.0, -10.0, -10.0]","[-0.38307226562499996, 2.522147796875, 10.215005035156251]",0,1078.8206787109375,0,30.601427993774415,"[-34.66796874432, 6.07299804588, 4.1809082024399995]","[0, 0, 0]",0,3,0.0,0.0,1.053,0,0,0,4294967.295,3750037.248,0,41204,0,3.1493706703186035,5.062259674072266,5.994917869567871,0,state.FLIGHT,564,-22,0,-23,-0.3563576340675354,1053,1078,"[10.6, 0.5, 17.0, 10.8, 15.9, 16.5, 0, 0]","[3.646, 3.647, 3.647]",0.262,"[2.9952, 3.3088, 5.0048, 7.3696, 8.457600000000001, 27.8256]","[0.035, 0.535, -0.001875, -0.003125, 0.003125, -0.00125]",0,0,29.5,"[1, 1, 1, 1, 1, 1]",5.959797066215319,42.360212,-71.0932811,3,-26.178
1774902918.12927,"[0, 0, 0, 0, 0, 0]","[1291, 1500, 1400, 1400]","[-25.08, 0.0, -10.0, -10.0]","[-0.35549106249999995, 2.52444623046875, 10.22266648046875]",0,1096.5087890625,0,30.55770851135254,"[-11.16943359192, 4.24194335868, 16.81518554412]","[0, 0, 0]",0,3,0.0,0.0,1.089,0,0,0,4294967.295,3750037.248,0,41258,0,3.347017288208008,5.213120460510254,7.186421871185303,0,state.FLIGHT,565,-22,0,-23,-0.353790819644928,1089,1096,"[10.4, 0.5, 16.5, 10.8, 16.5, 17.0, 0, 0]","[3.646, 3.647, 3.647]",0.262,"[2.9968000000000004, 3.3136, 5.0048, 7.3616, 8.440000000000001, 27.8256]","[0.03875, 0.225, -0.00625, -0.001875, -0.0025, -0.003125]",0,0,29.5,"[1, 1, 1, 1, 1, 1]",6.192593341846717,42.360212,-71.0932811,3,-26.178
1774902918.1932776,"[0, 0, 0, 0, 0, 0]","[1291, 1500, 1400, 1400]","[-25.08, 0.0, -10.0, -10.0]","[-0.3600879296875, 2.52291394140625, 10.226497203124998]",0,1117.617919921875,0,30.601427993774415,"[21.6674804652, -1.80053710908, -8.850097654799999]","[0, 0, 0]",0,3,0.0,0.0,1.089,0,0,0,4294967.295,3750037.248,0,41318,0,3.2569777965545654,5.324806213378906,6.692626476287842,0,state.FLIGHT,566,-22,0,-23,-0.3489776849746704,1089,1117,"[10.4, 0.5, 15.9, 10.8, 15.5, 16.5, 0, 0]","[3.646, 3.647, 3.647]",0.262,"[2.9968000000000004, 3.3136, 5.0048, 7.3616, 8.440000000000001, 27.8256]","[0.03875, 0.225, -0.00625, -0.001875, -0.0025, -0.003125]",0,0,29.5,"[1, 1, 1, 1, 1, 1]",6.239463221387061,42.3602128,-71.0932788,3,-26.231
1774902918.2493048,"[0, 0, 0, 0, 0, 0]","[1291, 1500, 1600, 1600]","[-25.08, 0.0, 10.0, 10.0]","[-0.36851551953124995, 2.5206155078125, 10.216537324218748]",0,1138.6019287109375,0,30.61017189025879,"[42.78564452424, -7.3547363269199995, -9.826660154639999]","[0, 0, 0]",0,3,0.0,0.0,1.124,0,0,0,4294967.295,3750037.248,0,41378,0,3.1254260540008545,5.401121139526367,4.558841228485107,0,state.FLIGHT,567,-22,0,-23,-0.34328415989875793,1124,1138,"[10.6, 0.5, 17.0, 10.6, 16.5, 15.9, 0, 0]","[3.646, 3.647, 3.647]",0.262,"[2.9984, 3.3120000000000003, 5.0032000000000005, 7.364800000000001, 8.4448, 27.8256]","[0.03375, 0.245625, -0.003125, -0.00625, -0.001875, -0.00375]",0,0,29.5,"[1, 1, 1, 1, 1, 1]",6.237903489350286,42.3602142,-71.093277,3,-26.299
1774902918.3093,"[0, 0, 0, 0, 0, 0]","[1291, 1500, 1600, 1600]","[-25.08, 0.0, 10.0, 10.0]","[-0.367749375, 2.5098894843749995, 10.223432625]",0,1159.4622802734375,0,30.601427993774415,"[40.71044921208, 3.5095214838, 4.7302246086]","[0, 0, 0]",0,3,0.0,0.0,1.159,0,0,0,4294967.295,3750037.248,0,41438,0,3.1187262535095215,5.56654167175293,1.9422606229782104,0,state.FLIGHT,568,-22,0,-23,-0.33770492672920227,1159,1159,"[10.4, 0.5, 15.9, 10.2, 17.0, 16.5, 0, 0]","[3.646, 3.647, 3.647]",0.262,"[2.9952, 3.3104, 5.0048, 7.364800000000001, 8.4304, 27.8256]","[0.031875, 0.245625, -0.004375, -0.00125, -0.0025, -0.000625]",0,0,29.5,"[1, 1, 1, 1, 1, 1]",6.378260866067354,42.3602142,-71.093277,3,-26.299
1774902918.362812,"[0, 0, 0, 0, 0, 0]","[1291, 1500, 1600, 1600]","[-25.08, 0.0, 10.0, 10.0]","[-0.3600879296875, 2.5481967109375, 10.2341586484375]",0,1180.2017822265625,0,30.597056045532227,"[16.54052734104, -9.3078613266, -1.40380859352]","[0, 0, 0]",0,3,0.0,0.0,1.159,0,0,0,4294967.295,3750037.248,0,41492,0,3.0833733081817627,5.765153884887695,0.5004266500473022,0,state.FLIGHT,569,-22,0,-23,-0.332498162984848,1159,1180,"[10.4, 0.5, 17.0, 10.2, 15.9, 16.5, 0, 0]","[3.646, 3.647, 3.647]",0.262,"[2.9952, 3.3104, 5.0048, 7.364800000000001, 8.4304, 27.8256]","[0.031875, 0.245625, -0.004375, -0.00125, -0.0025, -0.000625]",0,0,29.5,"[1, 1, 1, 1, 1, 1]",6.535447728229582,42.3602136,-71.0932775,3,-26.337
1774902918.4226718,"[0, 0, 0, 0, 0, 0]","[1291, 1500, 1400, 1400]","[-25.08, 0.0, -10.0, -10.0]","[-0.36238636328125, 2.5144863515624998, 10.215771179687499]",0,1200.82177734375,0,30.597056045532227,"[-16.54052734104, -0.21362304684, 5.31005859288]","[0, 0, 0]",0,3,0.0,0.0,1.193,0,0,0,4294967.295,3750037.248,0,41552,0,3.3693273067474365,5.8951640129089355,0.6658098697662354,0,state.FLIGHT,570,-22,0,-23,-0.3272819519042969,1193,1200,"[10.4, 0.5, 17.0, 10.8, 16.5, 17.0, 0, 0]","[3.646, 3.647, 3.647]",0.262,"[2.9952, 3.3088, 5.0048, 7.36, 8.4672, 27.8272]","[0.029375000000000002, 0.25, -0.0025, -0.0025, -0.00375, -0.004375]",0,0,29.5,"[1, 1, 1, 1, 1, 1]",6.787136925924683,42.3602136,-71.0932775,3,-26.337
1774902918.482791,"[0, 0, 0, 0, 0, 0]","[1291, 1500, 1400, 1400]","[-25.08, 0.0, -10.0, -10.0]","[-0.37387853125, 2.52904309765625, 10.24258623828125]",0,1221.3240966796875,0,30.61017189025879,"[-40.71044921208, -4.1809082024399995, -19.28710937184]","[0, 0, 0]",0,3,0.0,0.0,1.193,0,0,0,4294967.295,3750037.248,0,41612,0,3.3299143314361572,5.801179885864258,2.5884037017822266,0,state.FLIGHT,571,-22,0,-23,-0.3223138153553009,1193,1221,"[10.8, 0.5, 15.9, 10.4, 15.9, 17.0, 0, 0]","[3.646, 3.647, 3.647]",0.262,"[2.9952, 3.3088, 5.0048, 7.36, 8.4672, 27.8272]","[0.029375000000000002, 0.25, -0.0025, -0.0025, -0.00375, -0.004375]",0,0,29.5,"[1, 1, 1, 1, 1, 1]",6.6861119056704,42.3602138,-71.0932778,3,-26.375
1774902918.545898,"[0, 0, 0, 0, 0, 0]","[1291, 1500, 1400, 1400]","[-25.08, 0.0, -10.0, -10.0]","[-0.37464467578124994, 2.5052926171875, 10.22573105859375]",0,1241.7108154296875,0,30.61454383850098,"[-42.78564452424, 3.08227539012, -2.71606445268]","[0, 0, 0]",0,3,0.0,0.0,1.228,0,0,0,4294967.295,3750037.248,0,41672,0,3.224911689758301,5.8280348777771,5.225773811340332,0,state.FLIGHT,572,-22,0,-23,-0.3174896538257599,1228,1241,"[10.6, 0.5, 15.0, 10.8, 15.9, 16.5, 0, 0]","[3.646, 3.647, 3.647]",0.262,"[2.9952, 3.3104, 5.0064, 7.364800000000001, 8.4656, 27.824]","[0.035, 0.619375, 0.005, 0.0, -0.005, -0.004375]",0,0,29.5,"[1, 1, 1, 1, 1, 1]",6.658088697076364,42.3602136,-71.0932787,3,-26.348
1774902918.5974126,"[0, 0, 0, 0, 0, 0]","[1291, 1500, 1400, 1400]","[-25.08, 0.0, -10.0, -10.0]","[-0.37617696484374996, 2.5267446640624995, 10.233392503906249]",0,1258.612548828125,0,30.601427993774415,"[-26.42822265192, -2.83813476516, -1.0681152342]","[0, 0, 0]",0,3,0.0,0.0,1.228,0,0,0,4294967.295,3750037.248,0,41726,0,3.174610137939453,5.8504791259765625,7.096035957336426,0,state.FLIGHT,573,-22,0,-23,-0.3135201930999756,1228,1258,"[10.6, 0.5, 16.5, 10.4, 15.5, 17.0, 0, 0]","[3.646, 3.647, 3.647]",0.262,"[2.9952, 3.3104, 5.0064, 7.364800000000001, 8.4656, 27.824]","[0.035, 0.619375, 0.005, 0.0, -0.005, -0.004375]",0,0,29.5,"[1, 1, 1, 1, 1, 1]",6.6536604565633235,42.3602136,-71.0932787,3,-26.348
1774902918.6569257,"[0, 0, 0, 0, 0, 0]","[1291, 1500, 1400, 1400]","[-25.08, 0.0, -10.0, -10.0]","[-0.38537069921875, 2.51525249609375, 10.22956178125]",0,1278.791748046875,0,30.627659683227538,"[5.61523437408, -0.88500976548, 8.2397460924]","[0, 0, 0]",0,3,0.0,0.0,1.261,0,0,0,4294967.295,3750037.248,0,41786,0,3.1599669456481934,5.929220676422119,7.589803695678711,0,state.FLIGHT,574,-23,0,-23,-0.3089534044265747,1261,1278,"[10.4, 0.5, 17.6, 10.4, 15.9, 16.5, 0, 0]","[3.646, 3.647, 3.647]",0.262,"[2.9952, 3.3120000000000003, 5.0032000000000005, 7.3664000000000005, 8.459200000000001, 27.8288]","[0.033125, 0.58375, 0.004375, -0.000625, 0.00125, -0.00125]",0,0,29.5,"[1, 1, 1, 1, 1, 1]",6.716053278113644,42.3602135,-71.093279,3,-26.372
1774902918.7174523,"[0, 0, 0, 0, 0, 0]","[1291, 1500, 1600, 1600]","[-25.08, 0.0, 10.0, 10.0]","[-0.36698323046875, 2.5183170742187495, 10.2249649140625]",0,1298.8597412109375,0,30.61454383850098,"[34.66796874432, -6.7443847645199995, -6.83593749888]","[0, 0, 0]",0,3,0.0,0.0,1.295,0,0,0,4294967.295,3750037.248,0,41846,0,3.4026196002960205,5.921904563903809,6.17713737487793,0,state.FLIGHT,575,-22,0,-23,-0.3044579029083252,1295,1298,"[10.6, 0.5, 15.9, 10.4, 15.5, 16.5, 0, 0]","[3.646, 3.647, 3.647]",0.262,"[2.9952, 3.3120000000000003, 5.0032000000000005, 7.3664000000000005, 8.459200000000001, 27.8288]","[0.033125, 0.58375, 0.004375, -0.000625, 0.00125, -0.00125]",0,0,29.5,"[1, 1, 1, 1, 1, 1]",6.826822658613247,42.3602135,-71.093279,3,-26.372
1774902918.776953,"[0, 0, 0, 0, 0, 0]","[1291, 1500, 1600, 1600]","[-25.08, 0.0, 10.0, 10.0]","[-0.3570233515625, 2.51908321875, 10.226497203124998]",0,1318.818603515625,0,30.605799942016603,"[44.89135741452, -18.7683105438, 7.87353515496]","[0, 0, 0]",0,3,0.0,0.0,1.295,0,0,0,4294967.295,3750037.248,0,41906,0,3.490208387374878,5.880403995513916,3.622553825378418,0,state.FLIGHT,576,-22,0,-23,-0.3000901937484741,1295,1318,"[10.6, 0.5, 17.0, 10.2, 15.5, 17.0, 0, 0]","[3.646, 3.647, 3.647]",0.262,"[2.9968000000000004, 3.3120000000000003, 5.0032000000000005, 7.36, 8.4608, 27.8304]","[0.040625, 0.605625, 0.00625, 0.0, -0.00125, 0.0]",0,0,29.5,"[1, 1, 1, 1, 1, 1]",6.835048939040211,42.3602133,-71.0932787,3,-26.386
1774902918.831463,"[0, 0, 0, 0, 0, 0]","[1291, 1500, 1600, 1600]","[-25.08, 0.0, 10.0, 10.0]","[-0.37158009765624994, 2.5114217734374997, 10.1973837109375]",0,1335.3685302734375,0,30.618915786743162,"[34.66796874432, -4.36401367116, 16.4794921848]","[0, 0, 0]",0,3,0.0,0.0,1.328,0,0,0,4294967.295,3750037.248,0,41960,0,3.5904972553253174,6.0966715812683105,1.4415550231933594,0,state.FLIGHT,577,-22,0,-23,-0.2965666353702545,1328,1335,"[11.1, 0.5, 16.5, 10.8, 15.5, 15.5, 0, 0]","[3.646, 3.647, 3.647]",0.262,"[2.9968000000000004, 3.3120000000000003, 5.0032000000000005, 7.36, 8.4608, 27.8304]","[0.040625, 0.605625, 0.00625, 0.0, -0.00125, 0.0]",0,0,29.5,"[1, 1, 1, 1, 1, 1]",7.071942472842731,42.3602133,-71.0932787,3,-26.386
1774902918.8939667,"[0, 0, 0, 0, 0, 0]","[1291, 1500, 1600, 1600]","[-25.08, 0.0, 10.0, 10.0]","[-0.35549106249999995, 2.5206155078125, 10.221900335937498]",0,1355.1307373046875,0,30.632031631469726,"[5.61523437408, -6.7443847645199995, -15.930175778639999]","[0, 0, 0]",0,3,0.0,0.0,1.328,0,0,0,4294967.295,3750037.248,0,42020,0,3.416551351547241,6.1888508796691895,0.31939882040023804,0,state.FLIGHT,578,-22,0,-23,-0.2924734950065613,1328,1355,"[10.8, 0.5, 17.0, 10.8, 15.5, 17.6, 0, 0]","[3.646, 3.647, 3.647]",0.262,"[2.9968000000000004, 3.3120000000000003, 5.0048, 7.3664000000000005, 8.4336, 27.8304]","[0.03375, 0.2425, 0.000625, -0.000625, 0.0, -0.00375]",0,0,29.5,"[1, 1, 1, 1, 1, 1]",7.0660636156092265,42.3602133,-71.0932787,3,-26.397
1774902918.951214,"[0, 0, 0, 0, 0, 0]","[1291, 1500, 1400, 1400]","[-25.08, 0.0, -10.0, -10.0]","[-0.37464467578124994, 2.52597851953125, 10.23492479296875]",0,1374.787841796875,0,30.632031631469726,"[-26.42822265192, 8.392333983, 6.9885253894799995]","[0, 0, 0]",0,3,0.0,0.0,1.361,0,0,0,4294967.295,3750037.248,0,42080,0,3.2999720573425293,6.119251251220703,1.1336390972137451,0,state.FLIGHT,579,-22,0,-23,-0.2884913384914398,1361,1374,"[10.6, 0.5, 17.0, 10.8, 15.5, 17.0, 0, 0]","[3.646, 3.647, 3.647]",0.262,"[2.9936000000000003, 3.3120000000000003, 5.0048, 7.364800000000001, 8.432, 27.8288]","[0.03, 0.203125, -0.001875, -0.000625, -0.00125, -0.003125]",0,0,29.5,"[1, 1, 1, 1, 1, 1]",6.949360114896085,42.3602127,-71.093279,3,-26.404
1774902919.0112174,"[0, 0, 0, 0, 0, 0]","[1291, 1500, 1400, 1400]","[-25.08, 0.0, -10.0, -10.0]","[-0.36315250781249997, 2.5144863515624998, 10.228795636718749]",0,1394.34130859375,0,30.64514747619629,"[-44.189453117759996, -4.7912597648399995, 8.0871582018]","[0, 0, 0]",0,3,0.0,0.0,1.394,0,0,0,4294967.295,3750037.248,0,42140,0,3.363755464553833,6.361550331115723,3.445007801055908,0,state.FLIGHT,580,-22,0,-23,-0.2845623195171356,1394,1394,"[10.8, 0.5, 16.5, 10.8, 15.9, 15.9, 0, 0]","[3.646, 3.647, 3.647]",0.262,"[2.9936000000000003, 3.3120000000000003, 5.0048, 7.364800000000001, 8.432, 27.8288]","[0.03, 0.203125, -0.001875, -0.000625, -0.00125, -0.003125]",0,0,29.5,"[1, 1, 1, 1, 1, 1]",7.192887411061564,42.3602127,-71.093279,3,-26.404
1774902919.066729,"[0, 0, 0, 0, 0, 0]","[1291, 1500, 1400, 1400]","[-25.08, 0.0, -10.0, -10.0]","[-0.3662170859375, 2.52444623046875, 10.21806961328125]",0,1413.792724609375,0,30.636403579711914,"[-37.9943847594, 2.10571289028, 3.44848632756]","[0, 0, 0]",0,3,0.0,0.0,1.394,0,0,0,4294967.295,3750037.248,0,42194,0,3.6156413555145264,6.276174068450928,5.730671405792236,0,state.FLIGHT,581,-22,0,-23,-0.2807685136795044,1394,1413,"[10.4, 0.5, 15.5, 10.8, 15.9, 17.0, 0, 0]","[3.646, 3.647, 3.647]",0.262,"[2.9936000000000003, 3.3104, 5.0048, 7.3632, 8.432, 27.8288]","[0.034375, 0.248125, -0.0025, -0.00125, -0.00125, -0.00375]",0,0,29.5,"[1, 1, 1, 1, 1, 1]",7.239535936207465,42.3602116,-71.0932803,3,-26.41
1774902919.1262338,"[0, 0, 0, 0, 0, 0]","[1291, 1500, 1400, 1400]","[-25.08, 0.0, -10.0, -10.0]","[-0.367749375, 2.51908321875, 10.237989371093748]",0,1433.1431884765625,0,30.632031631469726,"[-11.16943359192, 8.45336913924, 1.3732910154]","[0, 0, 0]",0,3,0.0,0.0,1.426,0,0,0,4294967.295,3750037.248,0,42254,0,3.708724021911621,6.401922225952148,7.143314361572266,0,state.FLIGHT,582,-22,0,-23,-0.27707639336586,1426,1433,"[10.4, 0.5, 17.0, 10.4, 15.5, 15.9, 0, 0]","[3.646, 3.647, 3.647]",0.262,"[2.9936000000000003, 3.3104, 5.0048, 7.3632, 8.432, 27.8288]","[0.034375, 0.248125, -0.0025, -0.00125, -0.00125, -0.00375]",0,0,29.5,"[1, 1, 1, 1, 1, 1]",7.394723653910427,42.3602116,-71.0932803,3,-26.41
1774902919.1882489,"[0, 0, 0, 0, 0, 0]","[1291, 1500, 1400, 1400]","[-25.08, 0.0, -10.0, -10.0]","[-0.36238636328125, 2.53134153125, 10.23645708203125]",0,1452.394287109375,0,30.6407755279541,"[21.6674804652, -4.1809082024399995, -20.08056640296]","[0, 0, 0]",0,3,0.0,0.0,1.426,0,0,0,4294967.295,3750037.248,0,42314,0,3.6379098892211914,6.411086082458496,6.649539947509766,0,state.FLIGHT,583,-22,0,-23,-0.27348101139068604,1426,1452,"[10.6, 0.5, 15.9, 10.8, 15.9, 15.9, 0, 0]","[3.646, 3.647, 3.647]",0.262,"[2.9952, 3.3104, 5.0032000000000005, 7.3696, 8.448, 27.8256]","[0.031875, 0.21937500000000001, -0.00125, -0.00125, -0.006875, -0.005625]",0,0,29.5,"[1, 1, 1, 1, 1, 1]",7.3675721170284785,42.360210599999995,-71.09328219999999,3,-26.418
1774902919.2452767,"[0, 0, 0, 0, 0, 0]","[1291, 1500, 1600, 1600]","[-25.08, 0.0, 10.0, 10.0]","[-0.36085407421875, 2.516018640625, 10.2356909375]",0,1471.546875,0,30.653891372680665,"[42.78564452424, -13.64135741964, 10.5285644514]","[0, 0, 0]",0,3,0.0,0.0,1.458,0,0,0,4294967.295,3750037.248,0,42374,0,3.898212432861328,6.707712173461914,4.515796184539795,0,state.FLIGHT,584,-22,0,-23,-0.26997900009155273,1458,1471,"[10.6, 0.5, 17.0, 10.6, 15.0, 16.5, 0, 0]","[3.646, 3.647, 3.647]",0.262,"[2.9952, 3.3104, 5.0032000000000005, 7.3696, 8.448, 27.8256]","[0.031875, 0.21937500000000001, -0.00125, -0.00125, -0.006875, -0.005625]",0,0,29.5,"[1, 1, 1, 1, 1, 1]",7.753705777809404,42.360209999999995,-71.0932828,3,-26.425
1774902919.2992783,"[0, 0, 0, 0, 0, 0]","[1291, 1500, 1600, 1600]","[-25.08, 0.0, 10.0, 10.0]","[-0.36391865234375, 2.5328738203125, 10.216537324218748]",0,1487.433837890625,0,30.6407755279541,"[42.78564452424, -6.1340332021199995, -3.26538085884]","[0, 0, 0]",0,3,0.0,0.0,1.458,0,0,0,4294967.295,3750037.248,0,42428,0,3.8650407791137695,6.9170331954956055,2.129821300506592,0,state.FLIGHT,585,-22,0,-23,-0.267181932926178,1458,1487,"[10.8, 0.5, 15.9, 10.6, 15.9, 16.5, 0, 0]","[3.646, 3.647, 3.647]",0.262,"[2.9952, 3.3104, 5.0016, 7.364800000000001, 8.4528, 27.8256]","[0.034375, 0.62125, 0.00625, 0.001875, -0.003125, -0.004375]",0,0,29.5,"[1, 1, 1, 1, 1, 1]",7.919041723793314,42.360209999999995,-71.0932828,3,-26.425
1774902919.3587914,"[0, 0, 0, 0, 0, 0]","[1291, 1500, 1600, 1600]","[-25.08, 0.0, 10.0, 10.0]","[-0.3570233515625, 2.5129540624999995, 10.2310940703125]",0,1506.40966796875,0,30.64514747619629,"[21.6674804652, -3.2043457026, 15.74707030992]","[0, 0, 0]",0,3,0.0,0.0,1.49,0,0,0,4294967.295,3750037.248,0,42488,0,4.2123260498046875,6.967690944671631,0.20732736587524414,0,state.FLIGHT,586,-23,0,-23,-0.2638155519962311,1490,1506,"[10.6, 0.5, 17.0, 10.6, 15.9, 16.5, 0, 0]","[3.646, 3.647, 3.647]",0.262,"[2.9952, 3.3104, 5.0016, 7.364800000000001, 8.4528, 27.8256]","[0.034375, 0.62125, 0.00625, 0.001875, -0.003125, -0.004375]",0,0,29.5,"[1, 1, 1, 1, 1, 1]",8.136634490809845,42.3602096,-71.0932826,3,-26.432
1774902919.4239402,"[0, 0, 0, 0, 0, 0]","[1291, 1500, 1400, 1400]","[-25.08, 0.0, -10.0, -10.0]","[-0.36391865234375, 2.5252123749999997, 10.215005035156251]",0,1525.290771484375,0,30.667007217407228,"[-44.98291014888, 0.1525878906, 3.814697265]","[0, 0, 0]",0,3,0.0,0.0,1.522,0,0,0,4294967.295,3750037.248,0,42548,0,4.473826885223389,6.870667934417725,1.223501443862915,0,state.FLIGHT,587,-22,0,-23,-0.2605087459087372,1522,1525,"[10.4, 0.5, 16.5, 10.4, 15.9, 16.5, 0, 0]","[3.646, 3.647, 3.647]",0.262,"[2.9952, 3.3136, 5.0048, 7.3584000000000005, 8.4464, 27.8256]","[0.03625, 0.61625, 0.00375, 0.000625, -0.00375, -0.003125]",0,0,29.5,"[1, 1, 1, 1, 1, 1]",8.192993107385776,42.3602096,-71.0932826,3,-26.432
1774902919.4794493,"[0, 0, 0, 0, 0, 0]","[1291, 1500, 1400, 1400]","[-25.08, 0.0, -10.0, -10.0]","[-0.35625720703125, 2.5183170742187495, 10.220368046875]",0,1544.0782470703125,0,30.658263320922853,"[-44.98291014888, 2.47192382772, 11.444091795]","[0, 0, 0]",0,3,0.0,0.0,1.522,0,0,0,4294967.295,3750037.248,0,42608,0,4.692015647888184,6.931106090545654,3.922476053237915,0,state.FLIGHT,588,-23,0,-23,-0.257337361574173,1522,1544,"[10.6, 0.5, 16.5, 10.6, 15.9, 17.6, 0, 0]","[3.646, 3.647, 3.647]",0.262,"[2.9952, 3.3136, 5.0048, 7.3584000000000005, 8.4464, 27.8256]","[0.03625, 0.61625, 0.00375, 0.000625, -0.00375, -0.003125]",0,0,29.5,"[1, 1, 1, 1, 1, 1]",8.363474232150258,42.3602078,-71.0932866,3,-26.441
1774902919.5329587,"[0, 0, 0, 0, 0, 0]","[1291, 1500, 1400, 1400]","[-25.08, 0.0, -10.0, -10.0]","[-0.35166033984374995, 2.5114217734374997, 10.2341586484375]",0,1562.7734375,0,30.688866958618163,"[-44.98291014888, -7.3547363269199995, -2.71606445268]","[0, 0, 0]",0,3,0.0,0.0,1.553,0,0,0,4294967.295,3750037.248,0,42662,0,4.705122470855713,7.008743762969971,6.351553440093994,0,state.FLIGHT,589,-23,0,-24,-0.2542707920074463,1553,1562,"[10.2, 0.5, 16.5, 10.6, 15.9, 17.6, 0, 0]","[3.646, 3.647, 3.647]",0.262,"[2.9936000000000003, 3.3104, 5.0032000000000005, 7.368, 8.4304, 27.8288]","[0.035625000000000004, 0.2325, 0.00625, -0.000625, 0.0025, -0.005625]",0,0,29.5,"[1, 1, 1, 1, 1, 1]",8.435050961967706,42.3602078,-71.0932866,3,-26.441
1774902919.5959573,"[0, 0, 0, 0, 0, 0]","[1291, 1500, 1400, 1400]","[-25.08, 0.0, -10.0, -10.0]","[-0.36391865234375, 2.534406109375, 10.231860214843751]",0,1581.37744140625,0,30.6757511138916,"[-44.98291014888, 1.31225585916, 4.33349609304]","[0, 0, 0]",0,3,0.0,0.0,1.553,0,0,0,4294967.295,3750037.248,0,42722,0,4.810054779052734,7.041110992431641,9.050482749938965,0,state.FLIGHT,590,-23,0,-24,-0.2512040436267853,1553,1581,"[10.6, 0.5, 15.5, 10.6, 15.9, 16.5, 0, 0]","[3.646, 3.647, 3.647]",0.262,"[2.9936000000000003, 3.3104, 5.0032000000000005, 7.368, 8.4304, 27.8288]","[0.035625000000000004, 0.2325, 0.00625, -0.000625, 0.0025, -0.005625]",0,0,29.5,"[1, 1, 1, 1, 1, 1]",8.52040072177477,42.360207599999995,-71.093287,3,-26.474
1774902919.6534665,"[0, 0, 0, 0, 0, 0]","[1291, 1500, 1400, 1400]","[-25.08, 0.0, -10.0, -10.0]","[-0.36468479687499994, 2.52291394140625, 10.224198769531249]",0,1599.890869140625,0,30.658263320922853,"[-44.98291014888, -4.36401367116, 5.67626953032]","[0, 0, 0]",0,3,0.0,0.0,1.584,0,0,0,4294967.295,3750037.248,0,42782,0,4.779252529144287,7.274269104003906,11.749547004699707,0,state.FLIGHT,591,-23,0,-24,-0.2479272037744522,1584,1599,"[10.4, 0.5, 16.5, 10.2, 17.0, 16.5, 0, 0]","[3.646, 3.647, 3.647]",0.262,"[2.9968000000000004, 3.3104, 5.0048, 7.3584000000000005, 8.440000000000001, 27.8272]","[0.03125, 0.230625, -0.004375, 0.0, -0.000625, -0.00375]",0,0,29.5,"[1, 1, 1, 1, 1, 1]",8.696742615056369,42.3602075,-71.0932873,3,-26.509
1774902919.7139876,"[0, 0, 0, 0, 0, 0]","[1291, 1500, 1400, 1400]","[-25.08, 0.0, -10.0, -10.0]","[-0.36315250781249997, 2.5045264726562495, 10.23492479296875]",0,1618.3153076171875,0,30.667007217407228,"[-44.98291014888, -7.90405273308, -14.83154296632]","[0, 0, 0]",0,3,0.0,0.0,1.615,0,0,0,4294967.295,3750037.248,0,42842,0,4.617816925048828,7.4347991943359375,14.448521614074707,0,state.FLIGHT,592,-22,0,-23,-0.2445027083158493,1615,1618,"[10.4, 0.5, 17.0, 10.8, 16.5, 16.5, 0, 0]","[3.646, 3.647, 3.647]",0.262,"[2.9952, 3.3104, 5.0048, 7.3664000000000005, 8.4496, 27.8256]","[0.03, 0.2275, -0.0025, -0.005, -0.003125, -0.003125]",0,0,29.5,"[1, 1, 1, 1, 1, 1]",8.745318712796607,42.3602075,-71.0932873,3,-26.509
1774902919.7705076,"[0, 0, 0, 0, 0, 0]","[1291, 1500, 1400, 1400]","[-25.08, 0.0, -10.0, -10.0]","[-0.37617696484374996, 2.497631171875, 10.210408167968751]",0,1633.6019287109375,0,30.667007217407228,"[-44.98291014888, -3.02124023388, 13.488769529039999]","[0, 0, 0]",0,3,0.0,0.0,1.615,0,0,0,4294967.295,3750037.248,0,42896,0,4.735228061676025,7.643568992614746,16.877599716186523,0,state.FLIGHT,593,-22,0,-23,-0.2419784963130951,1615,1633,"[10.4, 0.5, 16.5, 10.4, 15.9, 16.5, 0, 0]","[3.646, 3.647, 3.647]",0.262,"[2.9952, 3.3104, 5.0048, 7.3664000000000005, 8.4496, 27.8256]","[0.03, 0.2275, -0.0025, -0.005, -0.003125, -0.003125]",0,0,29.5,"[1, 1, 1, 1, 1, 1]",8.984057885677684,42.3602075,-71.0932875,3,-26.547
1774902919.8270104,"[0, 0, 0, 0, 0, 0]","[1291, 1500, 1400, 1400]","[-25.08, 0.0, -10.0, -10.0]","[-0.3692816640625, 2.53057538671875, 10.20427901171875]",0,1651.865966796875,0,30.680123062133788,"[-44.98291014888, -9.67407226404, -8.117675779919999]","[0, 0, 0]",0,3,0.0,0.0,1.645,0,0,0,4294967.295,3750037.248,0,42956,0,4.616236686706543,7.631961345672607,19.57657241821289,0,state.FLIGHT,594,-22,0,-23,-0.23926983773708344,1645,1651,"[10.4, 0.5, 15.9, 10.8, 16.5, 16.5, 0, 0]","[3.646, 3.647, 3.647]",0.262,"[2.9952, 3.3120000000000003, 5.0032000000000005, 7.368, 8.4512, 27.8256]","[0.03125, 0.21625, -0.00125, -0.004375, -0.00125, -0.004375]",0,0,29.5,"[1, 1, 1, 1, 1, 1]",8.912364393682205,42.3602075,-71.0932875,3,-26.547
1774902919.8920133,"[0, 0, 0, 0, 0, 0]","[1291, 1500, 1400, 1400]","[-25.08, 0.0, -10.0, -10.0]","[-0.37464467578124994, 2.534406109375, 10.207343589843749]",0,1670.0445556640625,0,30.684495010375976,"[-44.98291014888, -0.4577636718, 18.52416991884]","[0, 0, 0]",0,3,0.0,0.0,1.645,0,0,0,4294967.295,3750037.248,0,43016,0,5.026423931121826,7.700910568237305,22.275548934936523,0,state.FLIGHT,595,-22,0,-23,-0.23705679178237915,1645,1670,"[10.8, 0.5, 17.0, 10.8, 15.9, 17.0, 0, 0]","[3.646, 3.647, 3.647]",0.262,"[2.9952, 3.3120000000000003, 5.0032000000000005, 7.368, 8.4512, 27.8256]","[0.03125, 0.21625, -0.00125, -0.004375, -0.00125, -0.004375]",0,0,29.5,"[1, 1, 1, 1, 1, 1]",9.187848625905913,42.360207599999995,-71.09328789999999,3,-26.582
1774902919.952533,"[0, 0, 0, 0, 0, 0]","[1291, 1500, 1400, 1400]","[-25.08, 0.0, -10.0, -10.0]","[-0.36545094140624995, 2.5236800859374995, 10.22956178125]",0,1688.1373291015625,0,30.680123062133788,"[-44.98291014888, 7.04956054572, 6.3781738270799995]","[0, 0, 0]",0,3,0.0,0.0,1.676,0,0,0,4294967.295,3750037.248,0,43076,0,5.054786682128906,7.626440525054932,24.974477767944336,0,state.FLIGHT,596,-22,0,-23,-0.23510079085826874,1676,1688,"[10.6, 0.5, 16.5, 10.6, 15.9, 16.5, 0, 0]","[3.646, 3.647, 3.647]",0.262,"[2.9952, 3.3120000000000003, 5.0032000000000005, 7.3584000000000005, 8.4512, 27.8272]","[0.03, 0.25125000000000003, -0.003125, 0.0025, -0.0025, -0.005]",0,0,29.5,"[1, 1, 1, 1, 1, 1]",9.141242205196455,42.3602077,-71.09328789999999,3,-26.618
1774902920.0015347,"[0, 0, 0, 0, 0, 0]","[1291, 1500, 1400, 1400]","[-25.08, 0.0, -10.0, -10.0]","[-0.36851551953124995, 2.4853728593749995, 10.2188357578125]",0,1703.150146484375,0,30.684495010375976,"[-44.98291014888, -3.44848632756, -3.84521484312]","[0, 0, 0]",0,3,0.0,0.0,1.676,0,0,0,4294967.295,3750037.248,0,43130,0,5.181838512420654,7.730478286743164,27.403600692749023,0,state.FLIGHT,597,-22,0,-23,-0.23378494381904602,1676,1703,"[10.4, 0.5, 17.6, 10.8, 15.5, 17.0, 0, 0]","[3.646, 3.647, 3.647]",0.262,"[2.9952, 3.3120000000000003, 5.0032000000000005, 7.3584000000000005, 8.4512, 27.8272]","[0.03, 0.25125000000000003, -0.003125, 0.0025, -0.0025, -0.005]",0,0,29.5,"[1, 1, 1, 1, 1, 1]",9.297769806924846,42.3602077,-71.09328789999999,3,-26.618
1774902920.0610409,"[0, 0, 0, 0, 0, 0]","[1291, 1500, 1400, 1400]","[-25.08, 0.0, -10.0, -10.0]","[-0.35778949609375, 2.53134153125, 10.2249649140625]",0,1721.0885009765625,0,30.667007217407228,"[-44.98291014888, -3.99780273372, -3.63159179628]","[0, 0, 0]",0,3,0.0,0.0,1.706,0,0,0,4294967.295,3750037.248,0,43190,0,5.083891868591309,7.782352447509766,30.102575302124023,0,state.FLIGHT,598,-22,0,-23,-0.23215161263942719,1706,1721,"[10.2, 0.5, 16.5, 10.6, 16.5, 16.5, 0, 0]","[3.646, 3.647, 3.647]",0.262,"[2.9952, 3.3120000000000003, 5.0032000000000005, 7.364800000000001, 8.4512, 27.8272]","[0.0375, 0.630625, 0.0025, 0.0, 0.000625, -0.000625]",0,0,29.5,"[1, 1, 1, 1, 1, 1]",9.287181582553988,42.3602078,-71.0932882,3,-26.652
1774902920.1210437,"[0, 0, 0, 0, 0, 0]","[1291, 1500, 1400, 1400]","[-25.08, 0.0, -10.0, -10.0]","[-0.37158009765624994, 2.4922681601562497, 10.2341586484375]",0,1738.943603515625,0,30.684495010375976,"[-44.98291014888, 1.55639648412, -5.12695312416]","[0, 0, 0]",0,3,0.0,0.0,1.735,0,0,0,4294967.295,3750037.248,0,43250,0,4.943269729614258,7.773788928985596,32.801551818847656,0,state.FLIGHT,599,-22,0,-23,-0.23058709502220154,1735,1738,"[10.8, 0.5, 16.5, 10.6, 15.9, 16.5, 0, 0]","[3.646, 3.647, 3.647]",0.262,"[2.9952, 3.3120000000000003, 5.0032000000000005, 7.364800000000001, 8.4512, 27.8272]","[0.0375, 0.630625, 0.0025, 0.0, 0.000625, -0.000625]",0,0,29.5,"[1, 1, 1, 1, 1, 1]",9.204211422726907,42.3602078,-71.0932882,3,-26.652
1774902920.1815505,"[0, 0, 0, 0, 0, 0]","[1291, 1500, 1400, 1400]","[-25.08, 0.0, -10.0, -10.0]","[-0.3539587734375, 2.5321076757812495, 10.205045156249998]",0,1756.7156982421875,0,30.684495010375976,"[-44.98291014888, 6.0119628896399995, 6.04248046776]","[0, 0, 0]",0,3,0.0,0.0,1.735,0,0,0,4294967.295,3750037.248,0,43310,0,5.100439071655273,7.738384246826172,35.500526428222656,0,state.FLIGHT,600,-22,0,-23,-0.2290676087141037,1735,1756,"[10.2, 0.5, 16.5, 11.1, 15.5, 17.0, 0, 0]","[3.646, 3.647, 3.647]",0.262,"[2.9968000000000004, 3.3120000000000003, 5.0, 7.368, 8.4448, 27.8256]","[0.036875, 0.633125, 0.000625, -0.000625, -0.003125, 0.0]",0,0,29.5,"[1, 1, 1, 1, 1, 1]",9.259514798955417,42.3602072,-71.093289,3,-26.668
1774902920.236583,"[0, 0, 0, 0, 0, 0]","[1291, 1500, 1400, 1400]","[-25.08, 0.0, -10.0, -10.0]","[-0.35012805078125, 2.4991634609374995, 10.228029492187499]",0,1774.4052734375,0,30.684495010375976,"[-44.98291014888, -8.33129882676, -15.38085937248]","[0, 0, 0]",0,3,0.0,0.0,1.765,0,0,0,4294967.295,3750037.248,0,43364,0,5.007669448852539,7.880573272705078,37.92955780029297,0,state.FLIGHT,601,-22,0,-23,-0.22752411663532257,1765,1774,"[10.6, 0.5, 16.5, 10.6, 15.9, 16.5, 0, 0]","[3.646, 3.647, 3.647]",0.262,"[2.9968000000000004, 3.3120000000000003, 5.0, 7.368, 8.4448, 27.8256]","[0.036875, 0.633125, 0.000625, -0.000625, -0.003125, 0.0]",0,0,29.5,"[1, 1, 1, 1, 1, 1]",9.328546300991716,42.3602072,-71.093289,3,-26.668
1774902920.2955835,"[0, 0, 0, 0, 0, 0]","[1291, 1500, 1400, 1400]","[-25.08, 0.0, -10.0, -10.0]","[-0.38537069921875, 2.5390029765624997, 10.24258623828125]",0,1792.012939453125,0,30.69323890686035,"[-44.98291014888, 5.09643554604, 6.04248046776]","[0, 0, 0]",0,3,0.0,0.0,1.765,0,0,0,4294967.295,3750037.248,0,43424,0,5.261592864990234,7.9763617515563965,40.62871170043945,0,state.FLIGHT,602,-22,0,-23,-0.22609251737594604,1765,1792,"[10.6, 0.5, 16.5, 10.4, 15.9, 15.9, 0, 0]","[3.646, 3.647, 3.647]",0.262,"[2.9936000000000003, 3.3136, 5.0048, 7.36, 8.4496, 27.8256]","[0.039375, 0.62375, 0.005625, 0.0025, -0.00375, 0.00125]",0,0,29.5,"[1, 1, 1, 1, 1, 1]",9.546074018429996,42.3602072,-71.0932887,3,-26.685
1774902920.3560958,"[0, 0, 0, 0, 0, 0]","[1291, 1500, 1400, 1400]","[-25.08, 0.0, -10.0, -10.0]","[-0.36238636328125, 2.4991634609374995, 10.22956178125]",0,1809.5394287109375,0,30.688866958618163,"[-44.98291014888, -9.73510742028, 2.50244140584]","[0, 0, 0]",0,3,0.0,0.0,1.794,0,0,0,4294967.295,3750037.504,0,43484,0,5.496888637542725,8.141754150390625,43.32754898071289,0,state.FLIGHT,603,-22,0,-23,-0.224523663520813,1794,1809,"[10.4, 0.5, 16.5, 10.8, 15.9, 17.0, 0, 0]","[3.646, 3.647, 3.647]",0.262,"[2.9936000000000003, 3.3136, 5.0048, 7.36, 8.4496, 27.8256]","[0.039375, 0.62375, 0.005625, 0.0025, -0.00375, 0.00125]",0,0,29.5,"[1, 1, 1, 1, 1, 1]",9.813264946568099,42.360206999999996,-71.0932886,3,-26.701
1774902920.4191582,"[0, 0, 0, 0, 0, 0]","[1291, 1500, 1400, 1400]","[-25.08, 0.0, -10.0, -10.0]","[-0.3692816640625, 2.5267446640624995, 10.22956178125]",0,1826.9852294921875,0,30.710726699829102,"[-44.98291014888, -1.43432617164, -8.66699218608]","[0, 0, 0]",0,3,0.0,0.0,1.824,0,0,0,4294967.295,3750037.504,0,43544,0,5.529245853424072,8.259546279907227,46.0264778137207,0,state.FLIGHT,604,-22,0,-23,-0.22306539118289948,1824,1826,"[10.4, 0.5, 17.0, 10.6, 15.0, 16.5, 0, 0]","[3.646, 3.647, 3.647]",0.262,"[2.9952, 3.3104, 5.0032000000000005, 7.368, 8.4608, 27.8256]","[0.035625000000000004, 0.23500000000000001, 0.000625, -0.005, -0.003125, -0.000625]",0,0,29.5,"[1, 1, 1, 1, 1, 1]",9.928769458190095,42.360206999999996,-71.0932886,3,-26.701
1774902920.4736702,"[0, 0, 0, 0, 0, 0]","[1291, 1500, 1400, 1400]","[-25.08, 0.0, -10.0, -10.0]","[-0.35778949609375, 2.5114217734374997, 10.22726334765625]",0,1841.4617919921875,0,30.710726699829102,"[-44.98291014888, 4.48608398364, 0.27465820308]","[0, 0, 0]",0,3,0.0,0.0,1.824,0,0,0,4294967.295,3750037.504,0,43598,0,5.495299816131592,8.319117546081543,48.45564270019531,0,state.FLIGHT,605,-22,0,-23,-0.22193187475204468,1824,1841,"[10.4, 0.5, 17.0, 10.4, 16.5, 16.5, 0, 0]","[3.646, 3.647, 3.647]",0.262,"[2.9952, 3.3104, 5.0032000000000005, 7.3616, 8.456000000000001, 27.824]","[0.03125, 0.210625, -0.00375, -0.0025, -0.003125, -0.005625]",0,0,29.5,"[1, 1, 1, 1, 1, 1]",9.959588134839164,42.360207599999995,-71.0932878,3,-26.749
1774902920.529183,"[0, 0, 0, 0, 0, 0]","[1291, 1500, 1400, 1400]","[-25.08, 0.0, -10.0, -10.0]","[-0.3600879296875, 2.52444623046875, 10.23032792578125]",0,1858.760986328125,0,30.736958389282226,"[-44.98291014888, 3.69262695252, -12.023925779279999]","[0, 0, 0]",0,3,0.0,0.0,1.853,0,0,0,4294967.295,3750037.504,0,43658,0,5.298776149749756,8.154959678649902,51.15452575683594,0,state.FLIGHT,606,-23,0,-23,-0.22048743069171906,1853,1858,"[10.6, 0.5, 17.6, 10.6, 15.0, 16.5, 0, 0]","[3.646, 3.647, 3.647]",0.262,"[2.9952, 3.3104, 5.0032000000000005, 7.3616, 8.456000000000001, 27.824]","[0.03125, 0.210625, -0.00375, -0.0025, -0.003125, -0.005625]",0,0,29.5,"[1, 1, 1, 1, 1, 1]",9.715474055277374,42.360207599999995,-71.0932878,3,-26.749
1774902920.5911818,"[0, 0, 0, 0, 0, 0]","[1291, 1500, 1400, 1400]","[-25.08, 0.0, -10.0, -10.0]","[-0.3692816640625, 2.5114217734374997, 10.220368046875]",0,1875.9808349609375,0,30.701982803344727,"[-44.98291014888, 0.1525878906, -9.4604492172]","[0, 0, 0]",0,3,0.0,0.0,1.853,0,0,0,4294967.295,3750037.504,0,43718,0,5.342107772827148,7.951696872711182,53.853546142578125,0,state.FLIGHT,607,-22,0,-23,-0.21906259655952454,1853,1875,"[10.4, 0.5, 17.0, 10.4, 15.9, 16.5, 0, 0]","[3.646, 3.647, 3.647]",0.262,"[2.9968000000000004, 3.3104, 5.0048, 7.364800000000001, 8.432, 27.8256]","[0.04, 0.21875, 0.0, 0.000625, -0.00125, -0.005625]",0,0,29.5,"[1, 1, 1, 1, 1, 1]",9.569954790921624,42.3602083,-71.0932874,3,-26.796
1774902920.6536927,"[0, 0, 0, 0, 0, 0]","[1291, 1500, 1400, 1400]","[-25.08, 0.0, -10.0, -10.0]","[-0.38613684374999996, 2.5114217734374997, 10.21730346875]",0,1893.121826171875,0,30.732586441040038,"[-44.98291014888, -5.7678222646799995, -15.77758788804]","[0, 0, 0]",0,3,0.0,0.0,1.881,0,0,0,4294967.295,3750037.504,0,43778,0,5.381721019744873,8.118976593017578,56.5524787902832,0,state.FLIGHT,608,-22,0,-23,-0.21770067512989044,1881,1893,"[10.4, 0.5, 17.0, 11.1, 16.5, 15.9, 0, 0]","[3.646, 3.647, 3.647]",0.262,"[2.9968000000000004, 3.3104, 5.0048, 7.364800000000001, 8.432, 27.8256]","[0.04, 0.21875, 0.0, 0.000625, -0.00125, -0.005625]",0,0,29.5,"[1, 1, 1, 1, 1, 1]",9.730697443784376,42.360208799999995,-71.0932873,3,-26.847
1774902920.7052135,"[0, 0, 0, 0, 0, 0]","[1291, 1500, 1400, 1400]","[-25.08, 0.0, -10.0, -10.0]","[-0.3784753984375, 2.51678478515625, 10.2341586484375]",0,1910.1846923828125,0,30.710726699829102,"[-44.98291014888, -1.6784667966, -6.43920898332]","[0, 0, 0]",0,3,0.0,0.0,1.91,0,0,0,4294967.295,3750037.504,0,43832,0,5.524831771850586,8.140449523925781,58.981689453125,0,state.FLIGHT,609,-22,0,-23,-0.21635715663433075,1910,1910,"[10.6, 0.5, 17.0, 11.1, 16.5, 16.5, 0, 0]","[3.646, 3.647, 3.647]",0.262,"[2.9968000000000004, 3.3136, 5.0032000000000005, 7.3712, 8.4448, 27.8288]","[0.035, 0.375625, -0.00125, -0.006875, -0.00125, -0.00375]",0,0,29.5,"[1, 1, 1, 1, 1, 1]",9.827761488047557,42.360208799999995,-71.0932873,3,-26.847
1774902920.7637274,"[0, 0, 0, 0, 0, 0]","[1291, 1500, 1400, 1400]","[-25.08, 0.0, -10.0, -10.0]","[-0.36162021874999994, 2.51525249609375, 10.207343589843749]",0,1927.1695556640625,0,30.741330337524413,"[-44.98291014888, -6.7443847645199995, -0.3051757812]","[0, 0, 0]",0,3,0.0,0.0,1.91,0,0,0,4294967.295,3750037.504,0,43892,0,5.680455684661865,8.238127708435059,61.680572509765625,0,state.FLIGHT,610,-22,0,-23,-0.21496731042861938,1910,1927,"[10.4, 0.5, 17.0, 10.4, 15.5, 16.5, 0, 0]","[3.646, 3.647, 3.647]",0.262,"[2.9968000000000004, 3.3136, 5.0032000000000005, 7.3712, 8.4448, 27.8288]","[0.035, 0.375625, -0.00125, -0.006875, -0.00125, -0.00375]",0,0,29.5,"[1, 1, 1, 1, 1, 1]",9.995574645073333,42.3602096,-71.0932868,3,-26.895
1774902920.8272374,"[0, 0, 0, 0, 0, 0]","[1291, 1500, 1400, 1400]","[-25.08, 0.0, -10.0, -10.0]","[-0.3692816640625, 2.5198493632812498, 10.223432625]",0,1944.0770263671875,0,30.732586441040038,"[-44.98291014888, -0.27465820308, 1.58691406224]","[0, 0, 0]",0,3,0.0,0.0,1.938,0,0,0,4294967.295,3750037.504,0,43952,0,5.789093971252441,8.222284317016602,64.37950134277344,0,state.FLIGHT,611,-22,0,-23,-0.21363870799541473,1938,1944,"[10.6, 0.5, 15.5, 10.6, 15.9, 17.0, 0, 0]","[3.646, 3.647, 3.647]",0.262,"[2.9984, 3.3104, 5.0064, 7.36, 8.4368, 27.8288]","[0.035625000000000004, 0.603125, 0.000625, -0.0025, 0.00125, -0.001875]",0,0,29.5,"[1, 1, 1, 1, 1, 1]",10.044353467714428,42.3602096,-71.0932868,3,-26.895
1774902920.8852444,"[0, 0, 0, 0, 0, 0]","[1291, 1500, 1400, 1400]","[-25.08, 0.0, -10.0, -10.0]","[-0.36851551953124995, 2.5114217734374997, 10.23645708203125]",0,1960.907958984375,0,30.741330337524413,"[-44.98291014888, -14.43481445076, -8.850097654799999]","[0, 0, 0]",0,3,0.0,0.0,1.938,0,0,0,4294967.295,3750037.504,0,44012,0,5.770775318145752,8.18262767791748,67.07852172851562,0,state.FLIGHT,612,-22,0,-23,-0.21237017214298248,1938,1960,"[10.4, 0.5, 17.0, 10.4, 16.5, 16.5, 0, 0]","[3.646, 3.647, 3.647]",0.262,"[2.9984, 3.3104, 5.0064, 7.36, 8.4368, 27.8288]","[0.035625000000000004, 0.603125, 0.000625, -0.0025, 0.00125, -0.001875]",0,0,29.5,"[1, 1, 1, 1, 1, 1]",10.001518717565004,42.3602099,-71.0932876,3,-26.823
1774902920.9382863,"[0, 0, 0, 0, 0, 0]","[1291, 1500, 1400, 1400]","[-25.08, 0.0, -10.0, -10.0]","[-0.36545094140624995, 2.50912333984375, 10.2249649140625]",0,1974.8753662109375,0,30.7457022857666,"[-44.98291014888, -2.41088867148, 8.42285156112]","[0, 0, 0]",0,3,0.0,0.0,1.966,0,0,0,4294967.295,3750037.504,0,44066,0,5.633421421051025,8.150590896606445,69.50755310058594,0,state.FLIGHT,613,-22,0,-23,-0.21122749149799347,1966,1974,"[10.6, 0.5, 17.0, 10.2, 15.0, 15.9, 0, 0]","[3.646, 3.647, 3.647]",0.262,"[2.9968000000000004, 3.3088, 5.0032000000000005, 7.3616, 8.4352, 27.8288]","[0.036875, 0.5725, 0.000625, -0.0025, -0.00125, 0.001875]",0,0,29.5,"[1, 1, 1, 1, 1, 1]",9.897124420207572,42.3602099,-71.0932876,3,-26.823
1774902920.9972837,"[0, 0, 0, 0, 0, 0]","[1291, 1500, 1400, 1400]","[-25.08, 0.0, -10.0, -10.0]","[-0.37004780859374997, 2.51525249609375, 10.20887587890625]",0,1991.566650390625,0,30.736958389282226,"[-44.98291014888, 3.26538085884, -3.29589843696]","[0, 0, 0]",0,3,0.0,0.0,1.966,0,0,0,4294967.295,3750037.504,0,44126,0,5.689885139465332,8.135943412780762,72.20661926269531,0,state.FLIGHT,614,-22,0,-23,-0.20999009907245636,1966,1991,"[10.6, 0.5, 17.0, 10.6, 15.9, 17.0, 0, 0]","[3.646, 3.647, 3.647]",0.262,"[2.9968000000000004, 3.3088, 5.0032000000000005, 7.3616, 8.4352, 27.8288]","[0.036875, 0.5725, 0.000625, -0.0025, -0.00125, 0.001875]",0,0,29.5,"[1, 1, 1, 1, 1, 1]",9.91717367462023,42.360210599999995,-71.09328839999999,3,-26.752
1774902921.0607936,"[0, 0, 0, 0, 0, 0]","[1291, 1500, 1400, 1400]","[-25.08, 0.0, -10.0, -10.0]","[-0.3907337109374999, 2.5083571953125, 10.219601902343749]",0,2008.18212890625,0,30.758818130493164,"[-44.98291014888, -7.9650878893199994, 10.89477538884]","[0, 0, 0]",0,3,0.0,0.0,1.994,0,0,0,4294967.295,3750037.504,0,44186,0,5.6120734214782715,8.208575248718262,74.90550231933594,0,state.FLIGHT,615,-22,0,-23,-0.20870670676231384,1994,2008,"[10.4, 0.5, 17.6, 10.8, 15.5, 17.0, 0, 0]","[3.646, 3.647, 3.647]",0.262,"[2.9952, 3.3120000000000003, 5.0048, 7.368, 8.448, 27.8256]","[0.035625000000000004, 0.350625, 0.005, -0.0025, 0.0025, -0.00125]",0,0,29.5,"[1, 1, 1, 1, 1, 1]",9.932782012446845,42.3602114,-71.0932888,3,-26.684
1774902921.1187983,"[0, 0, 0, 0, 0, 0]","[1291, 1500, 1400, 1400]","[-25.08, 0.0, -10.0, -10.0]","[-0.38460455468749993, 2.534406109375, 10.23952166015625]",0,2024.722900390625,0,30.741330337524413,"[-44.98291014888, 6.2561035145999995, 5.12695312416]","[0, 0, 0]",0,3,0.0,0.0,2.021,0,0,0,4294967.295,3750037.504,0,44246,0,5.722519397735596,8.080414772033691,77.60452270507812,0,state.FLIGHT,616,-22,0,-23,-0.20743997395038605,2021,2024,"[10.6, 0.5, 17.0, 10.4, 16.5, 15.5, 0, 0]","[3.646, 3.647, 3.647]",0.262,"[2.9952, 3.3120000000000003, 5.0048, 7.368, 8.448, 27.8256]","[0.035625000000000004, 0.350625, 0.005, -0.0025, 0.0025, -0.00125]",0,0,29.5,"[1, 1, 1, 1, 1, 1]",9.890540480698052,42.3602114,-71.0932888,3,-26.684
1774902921.175303,"[0, 0, 0, 0, 0, 0]","[1291, 1500, 1400, 1400]","[-25.08, 0.0, -10.0, -10.0]","[-0.3815399765625, 2.5512612890624995, 10.22726334765625]",0,2038.4498291015625,0,30.754446182250977,"[-44.98291014888, 5.6457519521999995, 9.94873046712]","[0, 0, 0]",0,3,0.0,0.0,2.021,0,0,0,4294967.295,3750037.504,0,44300,0,5.920318603515625,8.134528160095215,80.03355407714844,0,state.FLIGHT,617,-22,0,-23,-0.20643499493598938,2021,2038,"[10.8, 0.5, 17.6, 10.6, 15.0, 16.5, 0, 0]","[3.646, 3.647, 3.647]",0.262,"[2.9952, 3.3136, 5.0048, 7.36, 8.443200000000001, 27.8256]","[0.034375, 0.249375, -0.000625, -0.003125, -0.000625, -0.0025]",0,0,29.5,"[1, 1, 1, 1, 1, 1]",10.049116275388341,42.3602109,-71.0932909,3,-26.573
1774902921.2323387,"[0, 0, 0, 0, 0, 0]","[1291, 1500, 1400, 1400]","[-25.08, 0.0, -10.0, -10.0]","[-0.35932178515625, 2.49686502734375, 10.220368046875]",0,2054.853759765625,0,30.741330337524413,"[-44.98291014888, 6.80541992076, -9.826660154639999]","[0, 0, 0]",0,3,0.0,0.0,2.049,0,0,0,4294967.295,3750037.504,0,44360,0,5.8238654136657715,8.111945152282715,82.73257446289062,0,state.FLIGHT,618,-22,0,-23,-0.20523931086063385,2049,2054,"[10.8, 0.5, 17.6, 10.6, 15.5, 16.5, 0, 0]","[3.646, 3.647, 3.647]",0.262,"[2.9968000000000004, 3.3104, 5.0016, 7.368, 8.4336, 27.8272]","[0.0325, 0.22187500000000002, -0.00125, -0.000625, -0.00125, -0.00125]",0,0,29.5,"[1, 1, 1, 1, 1, 1]",9.97466687695518,42.3602109,-71.0932909,3,-26.573
1774902921.2913346,"[0, 0, 0, 0, 0, 0]","[1291, 1500, 1400, 1400]","[-25.08, 0.0, -10.0, -10.0]","[-0.38000768749999997, 2.5336399648437498, 10.215005035156251]",0,2071.18408203125,0,30.75007423400879,"[-44.98291014888, 5.8898925771599995, 3.63159179628]","[0, 0, 0]",0,3,0.0,0.0,2.049,0,0,0,4294967.295,3750037.504,0,44420,0,5.930373191833496,8.100960731506348,85.43150329589844,0,state.FLIGHT,619,-22,0,-23,-0.20401830971240997,2049,2071,"[10.4, 0.5, 17.6, 10.6, 15.9, 17.0, 0, 0]","[3.646, 3.647, 3.647]",0.262,"[2.9968000000000004, 3.3104, 5.0016, 7.368, 8.4336, 27.8272]","[0.0325, 0.22187500000000002, -0.00125, -0.000625, -0.00125, -0.00125]",0,0,29.5,"[1, 1, 1, 1, 1, 1]",10.027963806549677,42.360210599999995,-71.09329269999999,3,-26.458
1774902921.3518438,"[0, 0, 0, 0, 0, 0]","[1291, 1500, 1400, 1400]","[-25.08, 0.0, -10.0, -10.0]","[-0.37617696484374996, 2.49992960546875, 10.221900335937498]",0,2087.441162109375,0,30.75007423400879,"[-44.98291014888, -1.00708007796, 11.26098632628]","[0, 0, 0]",0,3,0.0,0.0,2.076,0,0,0,4294967.295,3750037.504,0,44480,0,5.962429046630859,8.047257423400879,88.13047790527344,0,state.FLIGHT,620,-22,0,-23,-0.20281311869621277,2076,2087,"[11.1, 0.5, 17.0, 10.8, 15.5, 15.5, 0, 0]","[3.646, 3.647, 3.647]",0.262,"[2.9968000000000004, 3.3104, 5.0032000000000005, 7.3632, 8.4464, 27.8256]","[0.03375, 0.2475, -0.005, -0.001875, -0.0025, 0.000625]",0,0,29.5,"[1, 1, 1, 1, 1, 1]",10.003732948380124,42.3602102,-71.0932945,3,-26.345
1774902921.405847,"[0, 0, 0, 0, 0, 0]","[1291, 1500, 1400, 1400]","[-25.08, 0.0, -10.0, -10.0]","[-0.3539587734375, 2.534406109375, 10.228029492187499]",0,2103.625,0,30.754446182250977,"[44.98291014888, 1.31225585916, -5.8898925771599995]","[0, 0, 0]",0,3,0.0,0.0,2.103,0,0,0,4294967.295,3750037.504,0,44534,0,6.178497314453125,8.063007354736328,88.76019287109375,0,state.FLIGHT,621,-22,0,-23,-0.20166370272636414,2103,2103,"[10.6, 0.5, 15.9, 10.6, 15.9, 17.0, 0, 0]","[3.646, 3.647, 3.647]",0.262,"[2.9968000000000004, 3.3104, 5.0032000000000005, 7.3632, 8.4464, 27.8256]","[0.03375, 0.2475, -0.005, -0.001875, -0.0025, 0.000625]",0,0,29.5,"[1, 1, 1, 1, 1, 1]",10.145609528462533,42.3602102,-71.0932945,3,-26.345
1774902921.4670775,"[0, 0, 0, 0, 0, 0]","[1291, 1500, 1400, 1400]","[-25.08, 0.0, -10.0, -10.0]","[-0.367749375, 2.5175509296875, 10.232626359374999]",0,2119.736572265625,0,30.763190078735352,"[44.98291014888, 6.43920898332, 7.14111328008]","[0, 0, 0]",0,3,0.0,0.0,2.103,0,0,0,4294967.295,3750037.504,0,44594,0,6.245943069458008,8.0269775390625,86.06121826171875,0,state.FLIGHT,622,-22,0,-23,-0.20050890743732452,2103,2119,"[10.4, 0.5, 17.6, 10.4, 16.5, 16.5, 0, 0]","[3.646, 3.647, 3.647]",0.262,"[2.9968000000000004, 3.3136, 5.0032000000000005, 7.364800000000001, 8.4448, 27.8272]","[0.030625, 0.254375, -0.00125, -0.001875, -0.00125, -0.0025]",0,0,29.5,"[1, 1, 1, 1, 1, 1]",10.158169414853537,42.3602099,-71.0932979,3,-26.068
1774902921.5285823,"[0, 0, 0, 0, 0, 0]","[1291, 1500, 1400, 1400]","[-25.08, 0.0, -10.0, -10.0]","[-0.36238636328125, 2.5183170742187495, 10.2372232265625]",0,2135.776123046875,0,30.76756202697754,"[44.98291014888, -3.44848632756, 5.12695312416]","[0, 0, 0]",0,3,0.0,0.0,2.13,0,0,0,4294967.295,3750037.504,0,44654,0,6.33842658996582,8.102036476135254,83.36224365234375,0,state.FLIGHT,623,-22,0,-23,-0.19936898350715637,2130,2135,"[10.4, 0.5, 17.6, 10.6, 16.5, 17.0, 0, 0]","[3.646, 3.647, 3.647]",0.262,"[2.9968000000000004, 3.3136, 5.0032000000000005, 7.364800000000001, 8.4448, 27.8272]","[0.030625, 0.254375, -0.00125, -0.001875, -0.00125, -0.0025]",0,0,29.5,"[1, 1, 1, 1, 1, 1]",10.273766935221245,42.3602099,-71.0932979,3,-26.068
1774902921.5855844,"[0, 0, 0, 0, 0, 0]","[1291, 1500, 1400, 1400]","[-25.08, 0.0, -10.0, -10.0]","[-0.3723462421875, 2.51525249609375, 10.220368046875]",0,2151.743896484375,0,30.789421768188475,"[44.98291014888, -16.44897460668, -5.8898925771599995]","[0, 0, 0]",0,3,0.0,0.0,2.13,0,0,0,4294967.295,3750037.504,0,44714,0,6.161713600158691,8.201562881469727,80.66331481933594,0,state.FLIGHT,624,-22,0,-23,-0.19822366535663605,2130,2151,"[10.6, 0.5, 17.0, 10.8, 15.5, 15.9, 0, 0]","[3.646, 3.647, 3.647]",0.262,"[2.9968000000000004, 3.3136, 5.0032000000000005, 7.3696, 8.4704, 27.8256]","[0.02875, 0.5825, 0.00625, 0.000625, 0.0025, -0.000625]",0,0,29.5,"[1, 1, 1, 1, 1, 1]",10.245607724401026,42.3602096,-71.0932985,3,-26.086
1774902921.640093,"[0, 0, 0, 0, 0, 0]","[1291, 1500, 1400, 1400]","[-25.08, 0.0, -10.0, -10.0]","[-0.38460455468749993, 2.5298092421875, 10.23645708203125]",0,2164.995849609375,0,30.754446182250977,"[44.98291014888, -5.7678222646799995, 8.66699218608]","[0, 0, 0]",0,3,0.0,0.0,2.157,0,0,0,4294967.295,3750037.504,0,44768,0,6.374850273132324,8.189488410949707,78.23423767089844,0,state.FLIGHT,625,-22,0,-23,-0.1973164975643158,2157,2164,"[10.2, 0.5, 16.5, 10.4, 15.5, 17.0, 0, 0]","[3.646, 3.647, 3.647]",0.262,"[2.9968000000000004, 3.3136, 5.0032000000000005, 7.3696, 8.4704, 27.8256]","[0.02875, 0.5825, 0.00625, 0.000625, 0.0025, -0.000625]",0,0,29.5,"[1, 1, 1, 1, 1, 1]",10.364800113797703,42.3602096,-71.0932985,3,-26.086
1774902921.7046044,"[0, 0, 0, 0, 0, 0]","[1291, 1500, 1400, 1400]","[-25.08, 0.0, -10.0, -10.0]","[-0.37311238671874997, 2.54359984375, 10.2127066015625]",0,2180.8330078125,0,30.771933975219728,"[44.98291014888, -6.19506835836, -8.48388671736]","[0, 0, 0]",0,3,0.0,0.0,2.157,0,0,0,4294967.295,3750037.504,0,44828,0,6.451447486877441,8.332953453063965,75.53517150878906,0,state.FLIGHT,626,-22,0,-23,-0.1962563395500183,2157,2180,"[10.4, 0.5, 16.5, 10.6, 15.5, 17.0, 0, 0]","[3.646, 3.647, 3.647]",0.262,"[2.9968000000000004, 3.3104, 5.0032000000000005, 7.364800000000001, 8.4288, 27.8256]","[0.03375, 0.63375, 0.000625, -0.00125, -0.000625, -0.000625]",0,0,29.5,"[1, 1, 1, 1, 1, 1]",10.5245032232941,42.3602087,-71.0932995,3,-26.1
1774902921.7621198,"[0, 0, 0, 0, 0, 0]","[1291, 1500, 1400, 1400]","[-25.08, 0.0, -10.0, -10.0]","[-0.34553118359374996, 2.5236800859374995, 10.22573105859375]",0,2196.599609375,0,30.776305923461916,"[44.98291014888, 13.15307616972, 5.12695312416]","[0, 0, 0]",0,3,0.0,0.0,2.183,0,0,0,4294967.295,3750037.504,0,44888,0,6.552464008331299,8.339045524597168,72.83628845214844,0,state.FLIGHT,627,-22,0,-23,-0.19515100121498108,2183,2196,"[10.6, 0.5, 16.5, 10.8, 17.0, 16.5, 0, 0]","[3.646, 3.647, 3.647]",0.262,"[2.9968000000000004, 3.3104, 5.0032000000000005, 7.364800000000001, 8.4288, 27.8256]","[0.03375, 0.63375, 0.000625, -0.00125, -0.000625, -0.000625]",0,0,29.5,"[1, 1, 1, 1, 1, 1]",10.591062731419008,42.3602085,-71.0933001,3,-26.11
1774902921.8201234,"[0, 0, 0, 0, 0, 0]","[1291, 1500, 1400, 1400]","[-25.08, 0.0, -10.0, -10.0]","[-0.376943109375, 2.5206155078125, 10.23032792578125]",0,2212.296142578125,0,30.76756202697754,"[44.98291014888, -6.5612792958, -3.44848632756]","[0, 0, 0]",0,3,0.0,0.0,2.209,0,0,0,4294967.295,3750037.504,0,44948,0,6.4020094871521,8.395195960998535,70.13731384277344,0,state.FLIGHT,628,-22,0,-23,-0.19405950605869293,2209,2212,"[10.4, 0.5, 16.5, 10.6, 15.9, 17.0, 0, 0]","[3.646, 3.647, 3.647]",0.262,"[2.9952, 3.3136, 5.0048, 7.3584000000000005, 8.4496, 27.8272]","[0.033125, 0.230625, -0.00625, -0.005, -0.003125, -0.00375]",0,0,29.5,"[1, 1, 1, 1, 1, 1]",10.543769060221665,42.3602085,-71.0933001,3,-26.11
1774902921.8756282,"[0, 0, 0, 0, 0, 0]","[1291, 1500, 1400, 1400]","[-25.08, 0.0, -10.0, -10.0]","[-0.38230612109375, 2.53134153125, 10.221900335937498]",0,2227.9228515625,0,30.76756202697754,"[44.98291014888, -0.09155273436, -3.84521484312]","[0, 0, 0]",0,3,0.0,0.0,2.209,0,0,0,4294967.295,3750037.504,0,45002,0,6.260868549346924,8.311544418334961,67.70819091796875,0,state.FLIGHT,629,-22,0,-23,-0.19300079345703125,2209,2227,"[10.6, 0.5, 15.9, 10.8, 15.9, 16.5, 0, 0]","[3.646, 3.647, 3.647]",0.262,"[2.9952, 3.3136, 5.0048, 7.3584000000000005, 8.4496, 27.8272]","[0.033125, 0.230625, -0.00625, -0.005, -0.003125, -0.00375]",0,0,29.5,"[1, 1, 1, 1, 1, 1]",10.392530154565213,42.3602078,-71.09330109999999,3,-26.123
1774902921.9341574,"[0, 0, 0, 0, 0, 0]","[1291, 1500, 1400, 1400]","[-25.08, 0.0, -10.0, -10.0]","[-0.36851551953124995, 2.5198493632812498, 10.214238890625]",0,2243.47998046875,0,30.793793716430663,"[44.98291014888, 1.6784667966, -1.80053710908]","[0, 0, 0]",0,3,0.0,0.0,2.235,0,0,0,4294967.295,3750037.504,0,45062,0,6.196147918701172,8.299349784851074,65.00926208496094,0,state.FLIGHT,630,-22,0,-23,-0.19195538759231567,2235,2243,"[10.8, 0.5, 17.0, 10.8, 15.5, 16.5, 0, 0]","[3.646, 3.647, 3.647]",0.262,"[2.9952, 3.3120000000000003, 5.0016, 7.3664000000000005, 8.4496, 27.822400000000002]","[0.035, 0.2525, -0.00125, -0.001875, -0.003125, -0.000625]",0,0,29.5,"[1, 1, 1, 1, 1, 1]",10.344194404964092,42.3602078,-71.09330109999999,3,-26.123
1774902921.9941542,"[0, 0, 0, 0, 0, 0]","[1291, 1500, 1400, 1400]","[-25.08, 0.0, -10.0, -10.0]","[-0.367749375, 2.5183170742187495, 10.200448289062498]",0,2258.96826171875,0,30.776305923461916,"[44.98291014888, 5.82885742092, 6.0119628896399995]","[0, 0, 0]",0,3,0.0,0.0,2.235,0,0,0,4294967.295,3750037.504,0,45122,0,6.216612815856934,8.349359512329102,62.31024169921875,0,state.FLIGHT,631,-22,0,-23,-0.19092290103435516,2235,2258,"[10.4, 0.5, 17.0, 10.6, 16.5, 16.5, 0, 0]","[3.646, 3.647, 3.647]",0.262,"[2.9952, 3.3104, 5.0016, 7.3632, 8.4288, 27.8272]","[0.036875, 0.251875, 0.000625, 0.00125, 0.000625, 0.0025]",0,0,29.5,"[1, 1, 1, 1, 1, 1]",10.396341678580916,42.3602072,-71.09330229999999,3,-26.144
1774902922.0576668,"[0, 0, 0, 0, 0, 0]","[1291, 1500, 1400, 1400]","[-25.08, 0.0, -10.0, -10.0]","[-0.36698323046875, 2.51372020703125, 10.2402878046875]",0,2274.387939453125,0,30.7806778717041,"[44.98291014888, 1.49536132788, -3.63159179628]","[0, 0, 0]",0,3,0.0,0.0,2.261,0,0,0,4294967.295,3750037.504,0,45182,0,6.312431335449219,8.354870796203613,59.61126708984375,0,state.FLIGHT,632,-22,0,-23,-0.1899031102657318,2261,2274,"[10.2, 0.5, 16.5, 10.8, 15.5, 15.5, 0, 0]","[3.646, 3.647, 3.647]",0.262,"[2.9952, 3.3104, 5.0016, 7.3632, 8.4288, 27.8272]","[0.036875, 0.251875, 0.000625, 0.00125, 0.000625, 0.0025]",0,0,29.5,"[1, 1, 1, 1, 1, 1]",10.457896504225829,42.3602068,-71.0933026,3,-26.167
1774902922.111675,"[0, 0, 0, 0, 0, 0]","[1291, 1500, 1400, 1400]","[-25.08, 0.0, -10.0, -10.0]","[-0.35549106249999995, 2.5328738203125, 10.224198769531249]",0,2287.185546875,0,30.811281509399414,"[44.98291014888, 4.48608398364, 0.64086914052]","[0, 0, 0]",0,3,0.0,0.0,2.287,0,0,0,4294967.295,3750037.504,0,45236,0,6.4647722244262695,8.492999076843262,57.18218994140625,0,state.FLIGHT,633,-22,0,-23,-0.18904399871826172,2287,2287,"[10.6, 0.5, 16.5, 10.2, 15.0, 17.6, 0, 0]","[3.646, 3.647, 3.647]",0.262,"[2.9952, 3.3120000000000003, 5.0032000000000005, 7.3664000000000005, 8.427200000000001, 27.8288]","[0.03, 0.280625, -0.0025, -0.005, 0.00125, -0.00125]",0,0,29.5,"[1, 1, 1, 1, 1, 1]",10.65915126879824,42.3602068,-71.0933026,3,-26.167
1774902922.1701913,"[0, 0, 0, 0, 0, 0]","[1291, 1500, 1400, 1400]","[-25.08, 0.0, -10.0, -10.0]","[-0.38766913281249993, 2.5213816523437496, 10.211940457031249]",0,2302.480224609375,0,30.793793716430663,"[44.98291014888, -4.1809082024399995, 3.44848632756]","[0, 0, 0]",0,3,0.0,0.0,2.287,0,0,0,4294967.295,3750037.504,0,45296,0,6.455324172973633,8.605294227600098,54.48326110839844,0,state.FLIGHT,634,-22,0,-23,-0.18804728984832764,2287,2302,"[10.8, 0.5, 17.0, 10.8, 15.9, 17.0, 0, 0]","[3.646, 3.647, 3.647]",0.262,"[2.9952, 3.3120000000000003, 5.0032000000000005, 7.3664000000000005, 8.427200000000001, 27.8288]","[0.03, 0.280625, -0.0025, -0.005, 0.00125, -0.00125]",0,0,29.5,"[1, 1, 1, 1, 1, 1]",10.742822397625192,42.3602067,-71.09330369999999,3,-26.197
1774902922.2282152,"[0, 0, 0, 0, 0, 0]","[1291, 1500, 1400, 1400]","[-25.08, 0.0, -10.0, -10.0]","[-0.367749375, 2.52597851953125, 10.19661756640625]",0,2317.70703125,0,30.793793716430663,"[44.98291014888, 0.1525878906, -1.2207031248]","[0, 0, 0]",0,3,0.0,0.0,2.312,0,0,0,4294967.295,3750037.504,0,45356,0,6.508388519287109,8.590692520141602,51.7842903137207,0,state.FLIGHT,635,-22,0,-23,-0.1871001124382019,2312,2317,"[10.8, 0.5, 16.5, 10.8, 15.5, 17.6, 0, 0]","[3.646, 3.647, 3.647]",0.262,"[2.9968000000000004, 3.3120000000000003, 5.0048, 7.3664000000000005, 8.4448, 27.8304]","[0.0425, 0.633125, -0.003125, -0.0025, -0.004375, -0.004375]",0,0,29.5,"[1, 1, 1, 1, 1, 1]",10.762943292750057,42.3602067,-71.09330369999999,3,-26.197
1774902922.2882125,"[0, 0, 0, 0, 0, 0]","[1291, 1500, 1400, 1400]","[-25.08, 0.0, -10.0, -10.0]","[-0.37770925390624993, 2.5060587617187498, 10.231860214843751]",0,2332.86669921875,0,30.793793716430663,"[44.98291014888, 4.3029785149199995, 0.82397460924]","[0, 0, 0]",0,3,0.0,0.0,2.312,0,0,0,4294967.295,3750037.504,0,45416,0,6.751633644104004,8.76343059539795,49.085269927978516,0,state.FLIGHT,636,-22,0,-23,-0.18610879778862,2312,2332,"[10.2, 0.5, 15.9, 10.2, 15.9, 16.5, 0, 0]","[3.646, 3.647, 3.647]",0.262,"[2.9968000000000004, 3.3120000000000003, 5.0048, 7.3664000000000005, 8.4448, 27.8304]","[0.0425, 0.633125, -0.003125, -0.0025, -0.004375, -0.004375]",0,0,29.5,"[1, 1, 1, 1, 1, 1]",11.046534381102392,42.3602065,-71.0933056,3,-26.232
1774902922.3437314,"[0, 0, 0, 0, 0, 0]","[1291, 1500, 1400, 1400]","[-25.08, 0.0, -10.0, -10.0]","[-0.36698323046875, 2.5405352656249995, 10.2127066015625]",0,2345.44873046875,0,30.793793716430663,"[44.98291014888, -1.61743164036, 3.99780273372]","[0, 0, 0]",0,3,0.0,0.0,2.337,0,0,0,4294967.295,3750037.504,0,45470,0,6.841901779174805,8.891631126403809,46.6562385559082,0,state.FLIGHT,637,-23,0,-23,-0.18530720472335815,2337,2345,"[10.8, 0.5, 15.9, 10.6, 15.9, 17.0, 0, 0]","[3.646, 3.647, 3.647]",0.262,"[2.9952, 3.3136, 5.0016, 7.3616, 8.472, 27.8256]","[0.03875, 0.595625, 0.0075, 0.003125, -0.00125, -0.005625]",0,0,29.5,"[1, 1, 1, 1, 1, 1]",11.202498340167105,42.3602065,-71.09330659999999,3,-26.267
1774902922.403731,"[0, 0, 0, 0, 0, 0]","[1291, 1500, 1400, 1400]","[-25.08, 0.0, -10.0, -10.0]","[-0.34706347265625, 2.5114217734374997, 10.228795636718749]",0,2360.48583984375,0,30.80253761291504,"[44.98291014888, -2.65502929644, 4.33349609304]","[0, 0, 0]",0,3,0.0,0.0,2.337,0,0,0,4294967.295,3750037.504,0,45530,0,6.834595680236816,8.731735229492188,43.957130432128906,0,state.FLIGHT,638,-22,0,-23,-0.18439297378063202,2337,2360,"[10.6, 0.5, 17.0, 10.4, 16.5, 17.0, 0, 0]","[3.646, 3.647, 3.647]",0.262,"[2.9952, 3.3136, 5.0016, 7.3616, 8.472, 27.8256]","[0.03875, 0.595625, 0.0075, 0.003125, -0.00125, -0.005625]",0,0,29.5,"[1, 1, 1, 1, 1, 1]",11.072143811852992,42.3602065,-71.09330659999999,3,-26.267
1774902922.4619975,"[0, 0, 0, 0, 0, 0]","[1291, 1500, 1400, 1400]","[-25.08, 0.0, -10.0, -10.0]","[-0.36851551953124995, 2.5144863515624998, 10.2310940703125]",0,2375.45654296875,0,30.82002540588379,"[44.98291014888, 5.21850585852, 9.39941406096]","[0, 0, 0]",0,3,0.0,0.0,2.362,0,0,0,4294967.295,3750037.504,0,45590,0,6.9673380851745605,8.658492088317871,41.25829315185547,0,state.FLIGHT,639,-22,0,-23,-0.18339815735816956,2362,2375,"[10.4, 0.5, 15.9, 10.6, 16.5, 16.5, 0, 0]","[3.646, 3.647, 3.647]",0.262,"[2.992, 3.3168, 5.0016, 7.3632, 8.4512, 27.8256]","[0.0425, 0.59875, 0.005, -0.005, -0.0025, -0.0025]",0,0,29.5,"[1, 1, 1, 1, 1, 1]",11.09697375134504,42.3602065,-71.0933075,3,-26.308
1774902922.5275078,"[0, 0, 0, 0, 0, 0]","[1291, 1500, 1400, 1400]","[-25.08, 0.0, -10.0, -10.0]","[-0.3723462421875, 2.503760328125, 10.223432625]",0,2390.36181640625,0,30.806909561157227,"[44.98291014888, 4.85229492108, -3.47900390568]","[0, 0, 0]",0,3,0.0,0.0,2.387,0,0,0,4294967.295,3750037.504,0,45650,0,6.962432861328125,8.718328475952148,38.55931854248047,0,state.FLIGHT,640,-22,0,-23,-0.18250644207000732,2387,2390,"[10.8, 0.5, 17.0, 10.8, 15.9, 17.0, 0, 0]","[3.646, 3.647, 3.647]",0.262,"[2.992, 3.3168, 5.0016, 7.3632, 8.4512, 27.8256]","[0.0425, 0.59875, 0.005, -0.005, -0.0025, -0.0025]",0,0,29.5,"[1, 1, 1, 1, 1, 1]",11.140450946180973,42.3602065,-71.0933075,3,-26.308
1774902922.579508,"[0, 0, 0, 0, 0, 0]","[1291, 1500, 1400, 1400]","[-25.08, 0.0, -10.0, -10.0]","[-0.34859576171874995, 2.5198493632812498, 10.215005035156251]",0,2405.200927734375,0,30.806909561157227,"[44.98291014888, 3.69262695252, -1.2207031248]","[0, 0, 0]",0,3,0.0,0.0,2.387,0,0,0,4294967.295,3750037.504,0,45704,0,6.977497100830078,8.801501274108887,36.13024139404297,0,state.FLIGHT,641,-22,0,-23,-0.18157100677490234,2387,2405,"[10.6, 0.5, 15.9, 10.6, 15.9, 17.0, 0, 0]","[3.646, 3.647, 3.647]",0.262,"[2.9952, 3.3088, 5.0016, 7.364800000000001, 8.4624, 27.8256]","[0.03625, 0.2425, 0.000625, -0.004375, -0.000625, -0.00125]",0,0,29.5,"[1, 1, 1, 1, 1, 1]",11.214631312382636,42.3602065,-71.0933089,3,-26.351
1774902922.6370199,"[0, 0, 0, 0, 0, 0]","[1291, 1500, 1400, 1400]","[-25.08, 0.0, -10.0, -10.0]","[-0.35932178515625, 2.5206155078125, 10.219601902343749]",0,2419.97509765625,0,30.80253761291504,"[44.98291014888, 4.48608398364, 1.00708007796]","[0, 0, 0]",0,3,0.0,0.0,2.412,0,0,0,4294967.295,3750037.504,0,45764,0,6.983907222747803,8.897313117980957,33.431175231933594,0,state.FLIGHT,642,-22,0,-23,-0.18070082366466522,2412,2419,"[10.4, 0.5, 16.5, 10.4, 15.9, 16.5, 0, 0]","[3.646, 3.647, 3.647]",0.262,"[2.9952, 3.3088, 5.0016, 7.364800000000001, 8.4624, 27.8256]","[0.03625, 0.2425, 0.000625, -0.004375, -0.000625, -0.00125]",0,0,29.5,"[1, 1, 1, 1, 1, 1]",11.293540895674042,42.3602065,-71.0933089,3,-26.351
1774902922.7005312,"[0, 0, 0, 0, 0, 0]","[1291, 1500, 1400, 1400]","[-25.08, 0.0, -10.0, -10.0]","[-0.35932178515625, 2.5213816523437496, 10.237989371093748]",0,2434.684326171875,0,30.828769302368165,"[44.98291014888, 1.31225585916, -4.94384765544]","[0, 0, 0]",0,3,0.0,0.0,2.412,0,0,0,4294967.295,3750037.504,0,45824,0,6.827939033508301,8.946125030517578,30.73215675354004,0,state.FLIGHT,643,-22,0,-23,-0.17980535328388214,2412,2434,"[10.2, 0.5, 16.5, 11.1, 15.9, 16.5, 0, 0]","[3.646, 3.647, 3.647]",0.262,"[2.9968000000000004, 3.3104, 5.0032000000000005, 7.36, 8.4512, 27.8256]","[0.031875, 0.22375, 0.0, -0.00125, 0.00125, 0.001875]",0,0,29.5,"[1, 1, 1, 1, 1, 1]",11.237173416292357,42.360206999999996,-71.0933087,3,-26.381
1774902922.7580416,"[0, 0, 0, 0, 0, 0]","[1291, 1500, 1400, 1400]","[-25.08, 0.0, -10.0, -10.0]","[-0.37617696484374996, 2.528276953125, 10.2356909375]",0,2449.32861328125,0,30.837513198852537,"[44.98291014888, -0.09155273436, 4.51660156176]","[0, 0, 0]",0,3,0.0,0.0,2.437,0,0,0,4294967.295,3750037.504,0,45884,0,6.975639820098877,8.900938987731934,28.03331756591797,0,state.FLIGHT,644,-23,0,-23,-0.17884883284568787,2437,2449,"[10.6, 0.5, 15.9, 10.6, 15.9, 16.5, 0, 0]","[3.646, 3.647, 3.647]",0.262,"[2.9952, 3.3136, 5.0048, 7.368, 8.456000000000001, 27.8304]","[0.036875, 0.225625, 0.00125, -0.00125, 0.000625, 0.0]",0,0,29.5,"[1, 1, 1, 1, 1, 1]",11.291315322250519,42.3602077,-71.09330729999999,3,-26.401
1774902922.8110416,"[0, 0, 0, 0, 0, 0]","[1291, 1500, 1400, 1400]","[-25.08, 0.0, -10.0, -10.0]","[-0.35932178515625, 2.5213816523437496, 10.2127066015625]",0,2461.482666015625,0,30.824397354125978,"[44.98291014888, 2.34985351524, 0.82397460924]","[0, 0, 0]",0,3,0.0,0.0,2.461,0,0,0,4294967.295,3750037.504,0,45938,0,7.063688278198242,8.785737991333008,25.60419464111328,0,state.FLIGHT,645,-22,0,-23,-0.17815518379211426,2461,2461,"[10.6, 0.5, 16.5, 10.4, 15.9, 16.5, 0, 0]","[3.646, 3.647, 3.647]",0.262,"[2.9952, 3.3136, 5.0048, 7.368, 8.456000000000001, 27.8304]","[0.036875, 0.225625, 0.00125, -0.00125, 0.000625, 0.0]",0,0,29.5,"[1, 1, 1, 1, 1, 1]",11.25578988954073,42.3602077,-71.09330729999999,3,-26.401
1774902922.8705547,"[0, 0, 0, 0, 0, 0]","[1291, 1500, 1400, 1400]","[-25.08, 0.0, -10.0, -10.0]","[-0.37770925390624993, 2.5175509296875, 10.214238890625]",0,2476.009521484375,0,30.815653457641602,"[44.98291014888, 9.0026855454, 8.2397460924]","[0, 0, 0]",0,3,0.0,0.0,2.461,0,0,0,4294967.295,3750037.504,0,45998,0,7.4649763107299805,8.55135726928711,22.90521812438965,0,state.FLIGHT,646,-22,0,-23,-0.17728950083255768,2461,2476,"[10.8, 0.5, 16.5, 10.4, 15.5, 16.5, 0, 0]","[3.646, 3.647, 3.647]",0.262,"[2.9968000000000004, 3.3104, 5.0048, 7.3664000000000005, 8.4512, 27.822400000000002]","[0.036875, 0.249375, -0.0025, -0.00125, -0.003125, -0.0025]",0,0,29.5,"[1, 1, 1, 1, 1, 1]",11.33299291065348,42.360208199999995,-71.093306,3,-26.428
1774902922.9316487,"[0, 0, 0, 0, 0, 0]","[1291, 1500, 1400, 1400]","[-25.08, 0.0, -10.0, -10.0]","[-0.36851551953124995, 2.50299418359375, 10.23032792578125]",0,2490.472412109375,0,30.859372940063476,"[44.98291014888, 6.2561035145999995, 1.19018554668]","[0, 0, 0]",0,3,0.0,0.0,2.485,0,0,0,4294967.295,3750037.504,0,46058,0,7.521738529205322,8.432334899902344,20.20624351501465,0,state.FLIGHT,647,-22,0,-23,-0.17643390595912933,2485,2490,"[10.4, 0.5, 17.0, 10.4, 15.5, 16.5, 0, 0]","[3.646, 3.647, 3.647]",0.262,"[2.9968000000000004, 3.3104, 5.0048, 7.3664000000000005, 8.4512, 27.822400000000002]","[0.036875, 0.249375, -0.0025, -0.00125, -0.003125, -0.0025]",0,0,29.5,"[1, 1, 1, 1, 1, 1]",11.281457708997518,42.360208199999995,-71.093306,3,-26.428
1774902922.9906523,"[0, 0, 0, 0, 0, 0]","[1291, 1500, 1400, 1400]","[-25.08, 0.0, -10.0, -10.0]","[-0.3754108203125, 2.528276953125, 10.23645708203125]",0,2504.8720703125,0,30.82002540588379,"[44.98291014888, -3.63159179628, -11.84082031056]","[0, 0, 0]",0,3,0.0,0.0,2.485,0,0,0,4294967.295,3750037.504,0,46118,0,7.211062908172607,8.605071067810059,17.507314682006836,0,state.FLIGHT,648,-22,0,-23,-0.17557093501091003,2485,2504,"[10.6, 0.5, 17.0, 10.6, 15.5, 16.5, 0, 0]","[3.646, 3.647, 3.647]",0.262,"[2.9984, 3.3120000000000003, 5.0032000000000005, 7.3616, 8.432, 27.8256]","[0.0375, 0.63375, 0.0025, 0.0025, 0.0025, 0.00125]",0,0,29.5,"[1, 1, 1, 1, 1, 1]",11.209581066802016,42.360208199999995,-71.0933062,3,-26.461
1774902923.0451677,"[0, 0, 0, 0, 0, 0]","[1291, 1500, 1400, 1400]","[-25.08, 0.0, -10.0, -10.0]","[-0.3662170859375, 2.5098894843749995, 10.24182009375]",0,2519.20849609375,0,30.82002540588379,"[44.98291014888, -2.04467773404, 16.6320800754]","[0, 0, 0]",0,3,0.0,0.0,2.509,0,0,0,4294967.295,3750037.504,0,46172,0,7.391901016235352,8.891520500183105,15.07823657989502,0,state.FLIGHT,649,-22,0,-23,-0.17475290596485138,2509,2519,"[10.6, 0.5, 16.5, 10.4, 15.0, 17.0, 0, 0]","[3.646, 3.647, 3.647]",0.262,"[2.9984, 3.3120000000000003, 5.0032000000000005, 7.3616, 8.432, 27.8256]","[0.0375, 0.63375, 0.0025, 0.0025, 0.0025, 0.00125]",0,0,29.5,"[1, 1, 1, 1, 1, 1]",11.543808594433628,42.3602087,-71.0933065,3,-26.496
1774902923.1041694,"[0, 0, 0, 0, 0, 0]","[1291, 1500, 1400, 1400]","[-25.08, 0.0, -10.0, -10.0]","[-0.36162021874999994, 2.5236800859374995, 10.206577445312499]",0,2533.481689453125,0,30.833141250610353,"[44.98291014888, -3.44848632756, -5.5236816397199995]","[0, 0, 0]",0,3,0.0,0.0,2.533,0,0,0,4294967.295,3750037.504,0,46232,0,7.342171669006348,8.831092834472656,12.379217147827148,0,state.FLIGHT,650,-22,0,-23,-0.17392699420452118,2533,2533,"[10.2, 0.5, 17.0, 10.8, 15.9, 17.0, 0, 0]","[3.646, 3.647, 3.647]",0.262,"[2.9952, 3.3104, 5.0032000000000005, 7.364800000000001, 8.4512, 27.8288]","[0.03625, 0.606875, -0.000625, -0.00625, -0.003125, 0.000625]",0,0,29.5,"[1, 1, 1, 1, 1, 1]",11.465934605391139,42.3602087,-71.0933065,3,-26.496
1774902923.168678,"[0, 0, 0, 0, 0, 0]","[1291, 1500, 1600, 1600]","[-25.08, 0.0, 10.0, 10.0]","[-0.35549106249999995, 2.51525249609375, 10.2127066015625]",0,2547.692626953125,0,30.815653457641602,"[44.98291014888, 0.51879882804, 8.45336913924]","[0, 0, 0]",0,3,0.0,0.0,2.533,0,0,0,4294967.295,3750037.504,0,46292,0,7.5631208419799805,9.032526016235352,9.68028736114502,0,state.FLIGHT,651,-22,0,-23,-0.173110693693161,2533,2547,"[10.2, 0.5, 15.5, 10.6, 15.0, 16.5, 0, 0]","[3.646, 3.647, 3.647]",0.262,"[2.9952, 3.3104, 5.0032000000000005, 7.364800000000001, 8.4512, 27.8288]","[0.03625, 0.606875, -0.000625, -0.00625, -0.003125, 0.000625]",0,0,29.5,"[1, 1, 1, 1, 1, 1]",11.760617461597102,42.3602086,-71.09330709999999,3,-26.51
1774902923.2251968,"[0, 0, 0, 0, 0, 0]","[1291, 1500, 1600, 1600]","[-25.08, 0.0, 10.0, 10.0]","[-0.35932178515625, 2.5236800859374995, 10.223432625]",0,2561.84130859375,0,30.837513198852537,"[44.98291014888, -6.92749023324, -11.291503904399999]","[0, 0, 0]",0,3,0.0,0.0,2.557,0,0,0,4294967.295,3750037.504,0,46352,0,7.334483623504639,9.177207946777344,6.981267929077148,0,state.FLIGHT,652,-23,0,-23,-0.17230390012264252,2557,2561,"[10.4, 0.5, 16.5, 10.8, 15.9, 15.9, 0, 0]","[3.646, 3.647, 3.647]",0.262,"[2.9968000000000004, 3.3104, 5.0, 7.3664000000000005, 8.4448, 27.8272]","[0.035625000000000004, 0.6168750000000001, 0.004375, -0.000625, -0.000625, 0.001875]",0,0,29.5,"[1, 1, 1, 1, 1, 1]",11.72836169683715,42.3602086,-71.09330709999999,3,-26.51
1774902923.2797046,"[0, 0, 0, 0, 0, 0]","[1291, 1500, 1600, 1600]","[-25.08, 0.0, 10.0, 10.0]","[-0.35166033984374995, 2.5045264726562495, 10.211174312499999]",0,2573.58447265625,0,30.833141250610353,"[44.98291014888, 3.26538085884, -1.43432617164]","[0, 0, 0]",0,3,0.0,0.0,2.557,0,0,0,4294967.295,3750037.504,0,46406,0,7.296665191650391,9.173672676086426,4.552190780639648,0,state.FLIGHT,653,-22,0,-23,-0.1716386079788208,2557,2573,"[10.8, 0.5, 17.6, 10.4, 16.5, 16.5, 0, 0]","[3.646, 3.647, 3.647]",0.262,"[2.9968000000000004, 3.3104, 5.0, 7.3664000000000005, 8.4448, 27.8272]","[0.035625000000000004, 0.6168750000000001, 0.004375, -0.000625, -0.000625, 0.001875]",0,0,29.5,"[1, 1, 1, 1, 1, 1]",11.702195018052741,42.360208199999995,-71.0933077,3,-26.529
1774902923.338215,"[0, 0, 0, 0, 0, 0]","[1291, 1500, 1600, 1600]","[-25.08, 0.0, 10.0, 10.0]","[-0.36698323046875, 2.5083571953125, 10.20121443359375]",0,2587.619384765625,0,30.837513198852537,"[44.98291014888, -7.53784179564, -9.79614257652]","[0, 0, 0]",0,3,0.0,0.0,2.58,0,0,0,4294967.295,3750037.504,0,46466,0,7.093698501586914,9.256131172180176,1.8532161712646484,0,state.FLIGHT,654,-22,0,-23,-0.1708488166332245,2580,2587,"[10.8, 0.5, 17.0, 10.6, 15.9, 15.9, 0, 0]","[3.646, 3.647, 3.647]",0.262,"[2.9952, 3.3120000000000003, 5.0032000000000005, 7.3632, 8.4512, 27.822400000000002]","[0.035625000000000004, 0.23, -0.000625, -0.0025, -0.003125, -0.00375]",0,0,29.5,"[1, 1, 1, 1, 1, 1]",11.642918513995786,42.360208199999995,-71.0933077,3,-26.529
1774902923.3982143,"[0, 0, 0, 0, 0, 0]","[1291, 1500, 1600, 1600]","[-25.08, 0.0, 10.0, 10.0]","[-0.3723462421875, 2.5114217734374997, 10.224198769531249]",0,2601.59326171875,0,30.824397354125978,"[0.0, -3.44848632756, 12.3596191386]","[0, 0, 0]",0,3,0.0,0.0,2.58,0,0,0,4294967.295,3750037.504,0,46526,0,7.302814483642578,9.309245109558105,-0.3958393633365631,0,state.FLIGHT,655,-22,0,-23,-0.17013603448867798,2580,2601,"[10.6, 0.5, 15.9, 10.6, 15.9, 16.5, 0, 0]","[3.646, 3.647, 3.647]",0.262,"[2.9968000000000004, 3.3104, 5.0032000000000005, 7.368, 8.448, 27.8288]","[0.03, 0.20750000000000002, -0.006875, -0.0025, -0.00125, -0.00125]",0,0,29.5,"[1, 1, 1, 1, 1, 1]",11.8119650207391,42.3602079,-71.09330849999999,3,-26.548
1774902923.4631708,"[0, 0, 0, 0, 0, 0]","[1291, 1500, 1600, 1600]","[-25.08, 0.0, 10.0, 10.0]","[-0.3478296171875, 2.51678478515625, 10.215771179687499]",0,2615.50537109375,0,30.833141250610353,"[0.0, 2.34985351524, 2.68554687456]","[0, 0, 0]",0,3,0.0,0.0,2.603,0,0,0,4294967.295,3750037.76,0,46586,0,7.2826642990112305,9.207951545715332,-0.3958393633365631,0,state.FLIGHT,656,-22,0,-23,-0.16929610073566437,2603,2615,"[10.4, 0.5, 17.0, 10.2, 16.5, 17.6, 0, 0]","[3.646, 3.647, 3.647]",0.262,"[2.9968000000000004, 3.3104, 5.0032000000000005, 7.368, 8.448, 27.8288]","[0.03, 0.20750000000000002, -0.006875, -0.0025, -0.00125, -0.00125]",0,0,29.5,"[1, 1, 1, 1, 1, 1]",11.720310930128202,42.3602077,-71.0933087,3,-26.563
1774902923.5121775,"[0, 0, 0, 0, 0, 0]","[1291, 1500, 1600, 1600]","[-25.08, 0.0, 10.0, 10.0]","[-0.34093431640625, 2.51678478515625, 10.221134191406248]",0,2627.052490234375,0,30.824397354125978,"[0.0, 9.36889648284, 1.55639648412]","[0, 0, 0]",0,3,0.0,0.0,2.627,0,0,0,4294967.295,3750037.76,0,46640,0,7.208043098449707,9.321901321411133,-0.3958393633365631,0,state.FLIGHT,657,-23,0,-23,-0.16864271461963654,2627,2627,"[10.6, 0.5, 17.0, 10.8, 16.5, 17.0, 0, 0]","[3.646, 3.647, 3.647]",0.262,"[2.9968000000000004, 3.3104, 5.0048, 7.3584000000000005, 8.4304, 27.8256]","[0.033125, 0.258125, -0.003125, -0.000625, -0.000625, 0.000625]",0,0,29.5,"[1, 1, 1, 1, 1, 1]",11.764098015121219,42.3602077,-71.0933087,3,-26.563
1774902923.5746849,"[0, 0, 0, 0, 0, 0]","[1291, 1500, 1600, 1600]","[-25.08, 0.0, 10.0, 10.0]","[-0.38230612109375, 2.522147796875, 10.211940457031249]",0,2640.853515625,0,30.82002540588379,"[0.0, 7.65991210812, 5.4931640616]","[0, 0, 0]",0,3,0.0,0.0,2.627,0,0,0,4294967.295,3750037.76,0,46700,0,7.260233402252197,9.307867050170898,-0.3958393633365631,0,state.FLIGHT,658,-22,0,-23,-0.16788701713085175,2627,2640,"[10.8, 0.5, 16.5, 10.4, 17.0, 16.5, 0, 0]","[3.646, 3.647, 3.647]",0.262,"[2.9968000000000004, 3.3104, 5.0048, 7.3584000000000005, 8.4304, 27.8256]","[0.033125, 0.258125, -0.003125, -0.000625, -0.000625, 0.000625]",0,0,29.5,"[1, 1, 1, 1, 1, 1]",11.784836352050213,42.3602072,-71.0933098,3,-26.583
1774902923.6332023,"[0, 0, 0, 0, 0, 0]","[1291, 1500, 1600, 1600]","[-25.08, 0.0, 10.0, 10.0]","[-0.34629732812499997, 2.5129540624999995, 10.233392503906249]",0,2654.59423828125,0,30.82002540588379,"[0.0, 1.92260742156, -13.36669921656]","[0, 0, 0]",0,3,0.0,0.0,2.65,0,0,0,4294967.295,3750037.76,0,46760,0,7.086865425109863,9.303601264953613,-0.3958393633365631,0,state.FLIGHT,659,-22,0,-23,-0.16715659201145172,2650,2654,"[10.2, 0.5, 17.0, 10.4, 15.0, 16.5, 0, 0]","[3.646, 3.647, 3.647]",0.262,"[2.9968000000000004, 3.3104, 5.0032000000000005, 7.3632, 8.4672, 27.8256]","[0.029375000000000002, 0.250625, -0.003125, 0.0, 0.00125, -0.005]",0,0,29.5,"[1, 1, 1, 1, 1, 1]",11.676387271571754,42.3602072,-71.0933098,3,-26.583
1774902923.6941981,"[0, 0, 0, 0, 0, 0]","[1291, 1500, 1600, 1600]","[-25.08, 0.0, 10.0, 10.0]","[-0.3723462421875, 2.49839731640625, 10.22266648046875]",0,2668.27490234375,0,30.868116836547852,"[0.0, -0.09155273436, -8.6975097642]","[0, 0, 0]",0,3,0.0,0.0,2.65,0,0,0,4294967.295,3750037.76,0,46820,0,7.161338806152344,9.323128700256348,-0.3958393633365631,0,state.FLIGHT,660,-22,0,-23,-0.16640117764472961,2650,2668,"[10.4, 0.5, 17.0, 10.6, 15.0, 17.0, 0, 0]","[3.646, 3.647, 3.647]",0.262,"[2.9968000000000004, 3.3104, 5.0032000000000005, 7.3632, 8.4672, 27.8256]","[0.029375000000000002, 0.250625, -0.003125, 0.0, 0.00125, -0.005]",0,0,29.5,"[1, 1, 1, 1, 1, 1]",11.736762736399172,42.3602074,-71.0933107,3,-26.612
1774902923.748225,"[0, 0, 0, 0, 0, 0]","[1291, 1500, 1600, 1600]","[-25.08, 0.0, 10.0, 10.0]","[-0.3570233515625, 2.50146189453125, 10.24182009375]",0,2681.8955078125,0,30.846257095336913,"[0.0, -10.5285644514, -6.65283203016]","[0, 0, 0]",0,3,0.0,0.0,2.672,0,0,0,4294967.295,3750037.76,0,46874,0,6.980268955230713,9.421499252319336,-0.3958393633365631,0,state.FLIGHT,661,-22,0,-23,-0.16570398211479187,2672,2681,"[10.6, 0.5, 17.0, 10.8, 15.9, 16.5, 0, 0]","[3.646, 3.647, 3.647]",0.262,"[2.9968000000000004, 3.3136, 5.0032000000000005, 7.3664000000000005, 8.4656, 27.8272]","[0.031875, 0.628125, 0.005, 0.006875, 0.003125, -0.004375]",0,0,29.5,"[1, 1, 1, 1, 1, 1]",11.70676818300052,42.3602079,-71.0933107,3,-26.64
1774902923.8072248,"[0, 0, 0, 0, 0, 0]","[1291, 1500, 1600, 1600]","[-25.08, 0.0, 10.0, 10.0]","[-0.36545094140624995, 2.5390029765624997, 10.23645708203125]",0,2695.456298828125,0,30.833141250610353,"[0.0, -11.07788085756, 7.53784179564]","[0, 0, 0]",0,3,0.0,0.0,2.695,0,0,0,4294967.295,3750037.76,0,46934,0,7.057481288909912,9.725448608398438,-0.3958393633365631,0,state.FLIGHT,662,-22,0,-23,-0.16494868695735931,2695,2695,"[10.8, 0.5, 16.5, 10.6, 15.9, 17.0, 0, 0]","[3.646, 3.647, 3.647]",0.262,"[2.9968000000000004, 3.3136, 5.0032000000000005, 7.3664000000000005, 8.4656, 27.8272]","[0.031875, 0.628125, 0.005, 0.006875, 0.003125, -0.004375]",0,0,29.5,"[1, 1, 1, 1, 1, 1]",11.996359132520121,42.3602079,-71.0933107,3,-26.64
1774902923.8667367,"[0, 0, 0, 0, 0, 0]","[1291, 1500, 1600, 1600]","[-25.08, 0.0, 10.0, 10.0]","[-0.37311238671874997, 2.4922681601562497, 10.231860214843751]",0,2708.958251953125,0,30.841885147094725,"[0.0, 5.21850585852, 7.69042968624]","[0, 0, 0]",0,3,0.0,0.0,2.695,0,0,0,4294967.295,3750037.76,0,46994,0,6.859727382659912,9.665634155273438,-0.3958393633365631,0,state.FLIGHT,663,-22,0,-23,-0.16425108909606934,2695,2708,"[10.4, 0.5, 15.9, 10.6, 15.9, 16.5, 0, 0]","[3.646, 3.647, 3.647]",0.262,"[2.9968000000000004, 3.3104, 5.0032000000000005, 7.3616, 8.4336, 27.8288]","[0.04, 0.620625, 0.00375, 0.0, 0.001875, 0.000625]",0,0,29.5,"[1, 1, 1, 1, 1, 1]",11.833540726133982,42.360208199999995,-71.0933101,3,-26.667
1774902923.9272406,"[0, 0, 0, 0, 0, 0]","[1291, 1500, 1600, 1600]","[-25.08, 0.0, 10.0, 10.0]","[-0.36162021874999994, 2.5206155078125, 10.21730346875]",0,2722.40087890625,0,30.837513198852537,"[0.0, -1.43432617164, -15.5639648412]","[0, 0, 0]",0,3,0.0,0.0,2.717,0,0,0,4294967.295,3750037.76,0,47054,0,6.5786824226379395,9.782185554504395,-0.3958393633365631,0,state.FLIGHT,664,-22,0,-23,-0.16354499757289886,2717,2722,"[10.6, 0.5, 16.5, 10.8, 16.5, 16.5, 0, 0]","[3.646, 3.647, 3.647]",0.262,"[2.9968000000000004, 3.3104, 5.0032000000000005, 7.3616, 8.4336, 27.8288]","[0.04, 0.620625, 0.00375, 0.0, 0.001875, 0.000625]",0,0,29.5,"[1, 1, 1, 1, 1, 1]",11.770663219525632,42.360208199999995,-71.0933101,3,-26.667
1774902923.9805849,"[0, 0, 0, 0, 0, 0]","[1291, 1500, 1600, 1600]","[-25.08, 0.0, 10.0, 10.0]","[-0.3600879296875, 2.49839731640625, 10.220368046875]",0,2733.55859375,0,30.833141250610353,"[0.0, 3.63159179628, -0.51879882804]","[0, 0, 0]",0,3,0.0,0.0,2.717,0,0,0,4294967.295,3750037.76,0,47108,0,6.717476844787598,9.902249336242676,-0.3958393633365631,0,state.FLIGHT,665,-22,0,-23,-0.16296261548995972,2717,2733,"[10.4, 0.5, 17.6, 11.1, 15.5, 16.5, 0, 0]","[3.646, 3.647, 3.647]",0.262,"[2.9952, 3.3136, 5.0064, 7.3632, 8.4384, 27.824]","[0.033125, 0.234375, -0.000625, -0.0025, 0.000625, -0.00125]",0,0,29.5,"[1, 1, 1, 1, 1, 1]",11.946901425490855,42.360208899999996,-71.0933086,3,-26.688
1774902924.044093,"[0, 0, 0, 0, 0, 0]","[1291, 1500, 1600, 1600]","[-25.08, 0.0, 10.0, 10.0]","[-0.3907337109374999, 2.5252123749999997, 10.211174312499999]",0,2746.8935546875,0,30.85500099182129,"[0.0, -11.32202148252, -14.28222656016]","[0, 0, 0]",0,3,0.0,0.0,2.74,0,0,0,4294967.295,3750037.76,0,47168,0,6.926506042480469,10.099374771118164,-0.3958393633365631,0,state.FLIGHT,666,-22,0,-23,-0.16225455701351166,2740,2746,"[10.4, 0.5, 17.0, 10.6, 16.5, 17.0, 0, 0]","[3.646, 3.647, 3.647]",0.262,"[2.9952, 3.3136, 5.0064, 7.3632, 8.4384, 27.824]","[0.033125, 0.234375, -0.000625, -0.0025, 0.000625, -0.00125]",0,0,29.5,"[1, 1, 1, 1, 1, 1]",12.22601583882674,42.360208899999996,-71.0933086,3,-26.688
1774902924.1010945,"[0, 0, 0, 0, 0, 0]","[1291, 1500, 1600, 1600]","[-25.08, 0.0, 10.0, 10.0]","[-0.34706347265625, 2.5175509296875, 10.21730346875]",0,2760.169677734375,0,30.859372940063476,"[0.0, 1.6784667966, 4.36401367116]","[0, 0, 0]",0,3,0.0,0.0,2.74,0,0,0,4294967.295,3750037.76,0,47228,0,7.3662590980529785,10.03833293914795,-0.3958393633365631,0,state.FLIGHT,667,-22,0,-23,-0.16158679127693176,2740,2760,"[10.4, 0.5, 17.0, 10.6, 16.5, 16.5, 0, 0]","[3.646, 3.647, 3.647]",0.262,"[2.9952, 3.3104, 5.0032000000000005, 7.3632, 8.448, 27.8304]","[0.0325, 0.2225, -0.005625, -0.005, -0.000625, -0.00125]",0,0,29.5,"[1, 1, 1, 1, 1, 1]",12.428714782396037,42.3602097,-71.0933075,3,-26.713
1774902924.1616106,"[0, 0, 0, 0, 0, 0]","[1291, 1500, 1600, 1600]","[-25.08, 0.0, 10.0, 10.0]","[-0.3539587734375, 2.49456659375, 10.223432625]",0,2773.388427734375,0,30.859372940063476,"[0.0, -10.71166992012, 1.3732910154]","[0, 0, 0]",0,3,0.0,0.0,2.762,0,0,0,4294967.295,3750037.76,0,47288,0,7.7355146408081055,9.945568084716797,-0.3958393633365631,0,state.FLIGHT,668,-22,0,-23,-0.1609102040529251,2762,2773,"[10.6, 0.5, 17.0, 10.6, 16.5, 17.0, 0, 0]","[3.646, 3.647, 3.647]",0.262,"[2.9968000000000004, 3.3104, 5.0032000000000005, 7.3616, 8.448, 27.8272]","[0.038125, 0.224375, -0.00125, -0.0025, -0.005, -0.00375]",0,0,29.5,"[1, 1, 1, 1, 1, 1]",12.575753571856612,42.3602099,-71.0933068,3,-26.728
1774902924.2151449,"[0, 0, 0, 0, 0, 0]","[1291, 1500, 1600, 1600]","[-25.08, 0.0, 10.0, 10.0]","[-0.38537069921875, 2.503760328125, 10.223432625]",0,2786.548828125,0,30.8506290435791,"[0.0, 0.70190429676, -1.58691406224]","[0, 0, 0]",0,3,0.0,0.0,2.784,0,0,0,4294967.295,3750037.76,0,47342,0,7.589712619781494,9.939322471618652,-0.3958393633365631,0,state.FLIGHT,669,-22,0,-23,-0.1602412909269333,2784,2786,"[10.4, 0.5, 16.5, 10.4, 15.9, 17.0, 0, 0]","[3.646, 3.647, 3.647]",0.262,"[2.9968000000000004, 3.3104, 5.0032000000000005, 7.3616, 8.448, 27.8272]","[0.038125, 0.224375, -0.00125, -0.0025, -0.005, -0.00375]",0,0,29.5,"[1, 1, 1, 1, 1, 1]",12.48255607967424,42.3602099,-71.0933068,3,-26.728
1774902924.274652,"[0, 0, 0, 0, 0, 0]","[1291, 1500, 1600, 1600]","[-25.08, 0.0, 10.0, 10.0]","[-0.3692816640625, 2.51218791796875, 10.19661756640625]",0,2799.65185546875,0,30.8506290435791,"[0.0, -3.99780273372, 9.55200195156]","[0, 0, 0]",0,3,0.0,0.0,2.784,0,0,0,4294967.295,3750037.76,0,47402,0,7.668112754821777,9.95705509185791,-0.3958393633365631,0,state.FLIGHT,670,-23,0,-24,-0.15956352651119232,2784,2799,"[10.6, 0.5, 17.0, 10.4, 16.5, 17.0, 0, 0]","[3.646, 3.647, 3.647]",0.262,"[2.9968000000000004, 3.3104, 5.0048, 7.368, 8.4672, 27.8272]","[0.035625000000000004, 0.2325, 0.000625, -0.004375, -0.003125, -0.00125]",0,0,29.5,"[1, 1, 1, 1, 1, 1]",12.543885664119143,42.3602098,-71.09330659999999,3,-26.748
1774902924.3351614,"[0, 0, 0, 0, 0, 0]","[1291, 1500, 1600, 1600]","[-25.08, 0.0, 10.0, 10.0]","[-0.37004780859374997, 2.51065562890625, 10.220368046875]",0,2812.697021484375,0,30.87248878479004,"[0.0, -4.1809082024399995, 1.92260742156]","[0, 0, 0]",0,3,0.0,0.0,2.806,0,0,0,4294967.295,3750037.76,0,47462,0,7.778278350830078,10.096814155578613,-0.3958393633365631,0,state.FLIGHT,671,-23,0,-24,-0.15890921652317047,2806,2812,"[10.4, 0.5, 16.5, 10.8, 16.5, 17.0, 0, 0]","[3.646, 3.647, 3.647]",0.262,"[2.9968000000000004, 3.3104, 5.0048, 7.368, 8.4672, 27.8272]","[0.035625000000000004, 0.2325, 0.000625, -0.004375, -0.003125, -0.00125]",0,0,29.5,"[1, 1, 1, 1, 1, 1]",12.720806681871334,42.3602098,-71.09330659999999,3,-26.748
1774902924.3951595,"[0, 0, 0, 0, 0, 0]","[1291, 1500, 1600, 1600]","[-25.08, 0.0, 10.0, 10.0]","[-0.370813953125, 2.5236800859374995, 10.202746722656249]",0,2825.685302734375,0,30.859372940063476,"[0.0, -4.36401367116, -2.34985351524]","[0, 0, 0]",0,3,0.0,0.0,2.806,0,0,0,4294967.295,3750037.76,0,47522,0,7.7523112297058105,9.999787330627441,-0.3958393633365631,0,state.FLIGHT,672,-23,0,-24,-0.1583094596862793,2806,2825,"[10.8, 0.5, 16.5, 10.4, 15.9, 16.5, 0, 0]","[3.646, 3.647, 3.647]",0.262,"[2.9968000000000004, 3.3104, 5.0032000000000005, 7.3616, 8.432, 27.8288]","[0.033125, 0.26125, -0.006875, -0.0025, -0.001875, -0.00375]",0,0,29.5,"[1, 1, 1, 1, 1, 1]",12.62861371390026,42.360209,-71.0933048,3,-26.973
1774902924.4495153,"[0, 0, 0, 0, 0, 0]","[1291, 1500, 1600, 1600]","[-25.08, 0.0, 10.0, 10.0]","[-0.37770925390624993, 2.51065562890625, 10.24182009375]",0,2836.465576171875,0,30.85500099182129,"[0.0, 0.33569335932, -6.46972656144]","[0, 0, 0]",0,3,0.0,0.0,2.827,0,0,0,4294967.295,3750037.76,0,47576,0,7.974678039550781,10.045970916748047,-0.3958393633365631,0,state.FLIGHT,673,-23,0,-24,-0.15774379670619965,2827,2836,"[10.2, 0.5, 16.5, 10.8, 15.5, 15.9, 0, 0]","[3.646, 3.647, 3.647]",0.262,"[2.9968000000000004, 3.3104, 5.0032000000000005, 7.3616, 8.432, 27.8288]","[0.033125, 0.26125, -0.006875, -0.0025, -0.001875, -0.00375]",0,0,29.5,"[1, 1, 1, 1, 1, 1]",12.80090425911321,42.360209399999995,-71.09330489999999,3,-26.992
1774902924.5085104,"[0, 0, 0, 0, 0, 0]","[1291, 1500, 1600, 1600]","[-25.08, 0.0, 10.0, 10.0]","[-0.37387853125, 2.51678478515625, 10.223432625]",0,2849.349609375,0,30.859372940063476,"[0.0, -0.27465820308, 11.047363279439999]","[0, 0, 0]",0,3,0.0,0.0,2.849,0,0,0,4294967.295,3750037.76,0,47636,0,7.992682933807373,10.161949157714844,-0.3958393633365631,0,state.FLIGHT,674,-23,0,-24,-0.15709377825260162,2849,2849,"[10.4, 0.5, 17.0, 10.4, 15.9, 16.5, 0, 0]","[3.646, 3.647, 3.647]",0.262,"[3.0, 3.3152000000000004, 5.0016, 7.36, 8.448, 27.8288]","[0.038125, 0.633125, 0.0025, -0.0025, -0.0025, -0.000625]",0,0,29.5,"[1, 1, 1, 1, 1, 1]",12.902560769191469,42.360209399999995,-71.09330489999999,3,-26.992
1774902924.5687976,"[0, 0, 0, 0, 0, 0]","[1291, 1500, 1600, 1600]","[-25.08, 0.0, 10.0, 10.0]","[-0.38307226562499996, 2.51065562890625, 10.2356909375]",0,2862.177001953125,0,30.863744888305664,"[0.0, 1.12915039044, 9.0026855454]","[0, 0, 0]",0,3,0.0,0.0,2.849,0,0,0,4294967.295,3750037.76,0,47696,0,8.221565246582031,10.077110290527344,-0.3958393633365631,0,state.FLIGHT,675,-23,0,-24,-0.15648199617862701,2849,2862,"[10.6, 0.5, 16.5, 10.6, 15.5, 17.0, 0, 0]","[3.646, 3.647, 3.647]",0.262,"[3.0, 3.3152000000000004, 5.0016, 7.36, 8.448, 27.8288]","[0.038125, 0.633125, 0.0025, -0.0025, -0.0025, -0.000625]",0,0,29.5,"[1, 1, 1, 1, 1, 1]",12.978556228182432,42.360209399999995,-71.0933055,3,-27.01
1774902924.628934,"[0, 0, 0, 0, 0, 0]","[1291, 1500, 1600, 1600]","[-25.08, 0.0, 10.0, 10.0]","[-0.3723462421875, 2.5060587617187498, 10.228029492187499]",0,2874.948486328125,0,30.863744888305664,"[0.0, -6.31713867084, 2.31933593712]","[0, 0, 0]",0,3,0.0,0.0,2.87,0,0,0,4294967.295,3750037.76,0,47756,0,8.246285438537598,10.147295951843262,-0.3958393633365631,0,state.FLIGHT,676,-23,0,-24,-0.15584580600261688,2870,2874,"[10.4, 0.5, 16.5, 10.6, 15.5, 16.5, 0, 0]","[3.646, 3.647, 3.647]",0.262,"[2.9952, 3.3120000000000003, 5.0048, 7.364800000000001, 8.4336, 27.8288]","[0.040625, 0.6, 0.004375, 0.0, -0.005625, -0.001875]",0,0,29.5,"[1, 1, 1, 1, 1, 1]",13.048195293161996,42.360209399999995,-71.0933055,3,-27.01
1774902924.685943,"[0, 0, 0, 0, 0, 0]","[1291, 1500, 1600, 1600]","[-25.08, 0.0, 10.0, 10.0]","[-0.37617696484374996, 2.4991634609374995, 10.228029492187499]",0,2885.54833984375,0,30.889976577758787,"[0.0, -7.1105957019599995, -1.2207031248]","[0, 0, 0]",0,3,0.0,0.0,2.87,0,0,0,4294967.295,3750037.76,0,47810,0,8.1277494430542,10.218085289001465,-0.3958393633365631,0,state.FLIGHT,677,-23,0,-24,-0.1553337723016739,2870,2885,"[10.8, 0.5, 16.5, 10.6, 15.9, 17.0, 0, 0]","[3.646, 3.647, 3.647]",0.262,"[2.9952, 3.3120000000000003, 5.0048, 7.364800000000001, 8.4336, 27.8288]","[0.040625, 0.6, 0.004375, 0.0, -0.005625, -0.001875]",0,0,29.5,"[1, 1, 1, 1, 1, 1]",13.029459165350604,42.360209399999995,-71.093305,3,-27.022
1774902924.7459753,"[0, 0, 0, 0, 0, 0]","[1291, 1500, 1600, 1600]","[-25.08, 0.0, 10.0, 10.0]","[-0.36085407421875, 2.534406109375, 10.226497203124998]",0,2898.216796875,0,30.881232681274415,"[0.0, -5.7678222646799995, -0.12207031248]","[0, 0, 0]",0,3,0.0,0.0,2.891,0,0,0,4294967.295,3750037.76,0,47870,0,8.226917266845703,10.446337699890137,-0.3958393633365631,0,state.FLIGHT,678,-23,0,-24,-0.15474079549312592,2891,2898,"[10.4, 0.5, 17.6, 10.6, 15.5, 17.0, 0, 0]","[3.646, 3.647, 3.647]",0.262,"[2.9968000000000004, 3.3120000000000003, 5.0016, 7.3616, 8.4624, 27.820800000000002]","[0.03375, 0.63125, 0.005, 0.000625, -0.003125, 0.003125]",0,0,29.5,"[1, 1, 1, 1, 1, 1]",13.2685903339093,42.3602093,-71.0933039,3,-27.031
1774902924.8059752,"[0, 0, 0, 0, 0, 0]","[1291, 1500, 1600, 1600]","[-25.08, 0.0, 10.0, 10.0]","[-0.37924154296875, 2.534406109375, 10.210408167968751]",0,2910.830078125,0,30.876860733032228,"[0.0, -6.7443847645199995, -8.66699218608]","[0, 0, 0]",0,3,0.0,0.0,2.891,0,0,0,4294967.295,3750037.76,0,47930,0,8.14907169342041,10.53547191619873,-0.3958393633365631,0,state.FLIGHT,679,-23,0,-24,-0.15415431559085846,2891,2910,"[10.4, 0.5, 17.0, 10.4, 16.5, 17.0, 0, 0]","[3.646, 3.647, 3.647]",0.262,"[2.9968000000000004, 3.3120000000000003, 5.0016, 7.3616, 8.4624, 27.820800000000002]","[0.03375, 0.63125, 0.005, 0.000625, -0.003125, 0.003125]",0,0,29.5,"[1, 1, 1, 1, 1, 1]",13.291064647364502,42.3602093,-71.0933039,3,-27.031
1774902924.8624876,"[0, 0, 0, 0, 0, 0]","[1291, 1500, 1600, 1600]","[-25.08, 0.0, 10.0, 10.0]","[-0.37311238671874997, 2.50146189453125, 10.223432625]",0,2923.3876953125,0,30.885604629516603,"[0.0, -3.63159179628, -11.84082031056]","[0, 0, 0]",0,3,0.0,0.0,2.912,0,0,0,4294967.295,3750037.76,0,47990,0,8.151185035705566,10.55135726928711,-0.3958393633365631,0,state.FLIGHT,680,-23,0,-24,-0.15355874598026276,2912,2923,"[10.4, 0.5, 15.9, 10.6, 16.5, 16.5, 0, 0]","[3.646, 3.647, 3.647]",0.262,"[2.9952, 3.3104, 5.0048, 7.364800000000001, 8.440000000000001, 27.8304]","[0.033125, 0.24625, 0.0, -0.005625, -0.00125, -0.001875]",0,0,29.5,"[1, 1, 1, 1, 1, 1]",13.304854599230689,42.3602096,-71.0933025,3,-27.037
1774902924.9214942,"[0, 0, 0, 0, 0, 0]","[1291, 1500, 1600, 1600]","[-25.08, 0.0, 10.0, 10.0]","[-0.38000768749999997, 2.5390029765624997, 10.22956178125]",0,2935.8896484375,0,30.876860733032228,"[0.0, -0.27465820308, -10.19287109208]","[0, 0, 0]",0,3,0.0,0.0,2.933,0,0,0,4294967.295,3750037.76,0,48044,0,8.216983795166016,10.594006538391113,-0.3958393633365631,0,state.FLIGHT,681,-22,0,-23,-0.15296968817710876,2933,2935,"[10.6, 0.5, 16.5, 10.6, 16.5, 16.5, 0, 0]","[3.646, 3.647, 3.647]",0.262,"[2.9984, 3.3104, 5.0016, 7.3664000000000005, 8.441600000000001, 27.8256]","[0.033125, 0.228125, 0.00125, -0.001875, -0.003125, -0.0025]",0,0,29.5,"[1, 1, 1, 1, 1, 1]",13.378323528982886,42.3602096,-71.0933025,3,-27.037
1774902924.9790773,"[0, 0, 0, 0, 0, 0]","[1291, 1500, 1600, 1600]","[-25.08, 0.0, 10.0, 10.0]","[-0.35932178515625, 2.51372020703125, 10.209642023437498]",0,2948.3369140625,0,30.881232681274415,"[0.0, -13.2751464822, -4.97436523356]","[0, 0, 0]",0,3,0.0,0.0,2.933,0,0,0,4294967.295,3750037.76,0,48104,0,8.33141040802002,10.825935363769531,-0.3958393633365631,0,state.FLIGHT,682,-22,0,-23,-0.1523716002702713,2933,2948,"[10.6, 0.5, 17.0, 10.6, 16.5, 15.9, 0, 0]","[3.646, 3.647, 3.647]",0.262,"[2.9984, 3.3104, 5.0016, 7.3664000000000005, 8.441600000000001, 27.8256]","[0.033125, 0.228125, 0.00125, -0.001875, -0.003125, -0.0025]",0,0,29.5,"[1, 1, 1, 1, 1, 1]",13.630264260330868,42.360208799999995,-71.0933039,3,-27.045
1774902925.0365915,"[0, 0, 0, 0, 0, 0]","[1291, 1500, 1600, 1600]","[-25.08, 0.0, 10.0, 10.0]","[-0.36545094140624995, 2.52751080859375, 10.220368046875]",0,2960.7294921875,0,30.916208267211914,"[0.0, -3.2043457026, 6.3781738270799995]","[0, 0, 0]",0,3,0.0,0.0,2.954,0,0,0,4294967.295,3750038.016,0,48164,0,8.43820858001709,10.861942291259766,-0.3958393633365631,0,state.FLIGHT,683,-22,0,-23,-0.15178000926971436,2954,2960,"[10.2, 0.5, 17.0, 10.6, 15.5, 16.5, 0, 0]","[3.646, 3.647, 3.647]",0.262,"[2.9952, 3.3104, 5.0048, 7.3584000000000005, 8.457600000000001, 27.824]","[0.03, 0.25125000000000003, -0.000625, -0.00125, -0.0025, -0.00125]",0,0,29.5,"[1, 1, 1, 1, 1, 1]",13.72329684567565,42.360208799999995,-71.0933039,3,-27.045
1774902925.096592,"[0, 0, 0, 0, 0, 0]","[1291, 1500, 1600, 1600]","[-25.08, 0.0, 10.0, 10.0]","[-0.36545094140624995, 2.5359383984375, 10.21730346875]",0,2973.067626953125,0,30.881232681274415,"[0.0, -3.63159179628, 1.34277343728]","[0, 0, 0]",0,3,0.0,0.0,2.954,0,0,0,4294967.295,3750038.016,0,48224,0,8.693032264709473,10.823497772216797,-0.3958393633365631,0,state.FLIGHT,684,-22,0,-23,-0.15127016603946686,2954,2973,"[10.8, 0.5, 16.5, 10.8, 15.5, 16.5, 0, 0]","[3.646, 3.647, 3.647]",0.262,"[2.9952, 3.3104, 5.0048, 7.3584000000000005, 8.457600000000001, 27.824]","[0.03, 0.25125000000000003, -0.000625, -0.00125, -0.0025, -0.00125]",0,0,29.5,"[1, 1, 1, 1, 1, 1]",13.849711018589705,42.3602077,-71.09330489999999,3,-27.045
1774902925.1511064,"[0, 0, 0, 0, 0, 0]","[1291, 1500, 1600, 1600]","[-25.08, 0.0, 10.0, 10.0]","[-0.37387853125, 2.5060587617187498, 10.24411852734375]",0,2983.30712890625,0,30.881232681274415,"[0.0, -9.12475585788, -4.60815429612]","[0, 0, 0]",0,3,0.0,0.0,2.975,0,0,0,4294967.295,3750038.016,0,48278,0,8.435070991516113,10.974621772766113,-0.3958393633365631,0,state.FLIGHT,685,-22,0,-23,-0.15075409412384033,2975,2983,"[10.4, 0.5, 17.0, 10.4, 15.9, 17.0, 0, 0]","[3.646, 3.647, 3.647]",0.262,"[2.9952, 3.3120000000000003, 5.0048, 7.364800000000001, 8.4512, 27.8304]","[0.038125, 0.62, -0.003125, -0.004375, -0.0025, 0.00125]",0,0,29.5,"[1, 1, 1, 1, 1, 1]",13.810112854615289,42.3602065,-71.0933064,3,-27.045
1774902925.2116234,"[0, 0, 0, 0, 0, 0]","[1291, 1500, 1600, 1600]","[-25.08, 0.0, 10.0, 10.0]","[-0.35855564062499995, 2.5213816523437496, 10.231860214843751]",0,2995.54541015625,0,30.898720474243163,"[0.0, 4.24194335868, 11.444091795]","[0, 0, 0]",0,3,0.0,0.0,2.995,0,0,0,4294967.295,3750038.016,0,48338,0,8.64378547668457,10.982573509216309,-0.3958393633365631,0,state.FLIGHT,686,-22,0,-23,-0.1501947045326233,2995,2995,"[10.6, 0.5, 15.9, 10.8, 16.5, 17.0, 0, 0]","[3.646, 3.647, 3.647]",0.262,"[2.9952, 3.3120000000000003, 5.0048, 7.364800000000001, 8.4512, 27.8304]","[0.038125, 0.62, -0.003125, -0.004375, -0.0025, 0.00125]",0,0,29.5,"[1, 1, 1, 1, 1, 1]",13.943215453412064,42.3602065,-71.0933064,3,-27.045
1774902925.271136,"[0, 0, 0, 0, 0, 0]","[1291, 1500, 1600, 1600]","[-25.08, 0.0, 10.0, 10.0]","[-0.36545094140624995, 2.51908321875, 10.232626359374999]",0,3007.730224609375,0,30.881232681274415,"[0.0, 1.92260742156, -0.3051757812]","[0, 0, 0]",0,3,0.0,0.0,2.995,0,0,0,4294967.295,3750038.016,0,48398,0,8.564446449279785,10.942322731018066,-0.3958393633365631,0,state.FLIGHT,687,-22,0,-23,-0.14965616166591644,2995,3007,"[10.8, 0.5, 15.9, 10.8, 17.0, 17.6, 0, 0]","[3.646, 3.647, 3.647]",0.262,"[2.9968000000000004, 3.3104, 5.0032000000000005, 7.368, 8.4336, 27.8256]","[0.038125, 0.6218750000000001, 0.006875, -0.0025, -0.001875, -0.00375]",0,0,29.5,"[1, 1, 1, 1, 1, 1]",13.86322132722131,42.3602043,-71.0933092,3,-27.03
1774902925.3306608,"[0, 0, 0, 0, 0, 0]","[1291, 1500, 1600, 1600]","[-25.08, 0.0, 10.0, 10.0]","[-0.38000768749999997, 2.503760328125, 10.25331226171875]",0,3019.861328125,0,30.885604629516603,"[0.0, 0.33569335932, 3.9672851556]","[0, 0, 0]",0,3,0.0,0.0,3.015,0,0,0,4294967.295,3750038.016,0,48458,0,8.618475914001465,10.931940078735352,-0.3958393633365631,0,state.FLIGHT,688,-23,0,-23,-0.14910851418972015,3015,3019,"[11.1, 0.5, 17.0, 10.6, 15.5, 16.5, 0, 0]","[3.646, 3.647, 3.647]",0.262,"[2.9968000000000004, 3.3104, 5.0032000000000005, 7.368, 8.4336, 27.8256]","[0.038125, 0.6218750000000001, 0.006875, -0.0025, -0.001875, -0.00375]",0,0,29.5,"[1, 1, 1, 1, 1, 1]",13.888144308824694,42.3602043,-71.0933092,3,-27.03
1774902925.3856704,"[0, 0, 0, 0, 0, 0]","[1291, 1500, 1600, 1600]","[-25.08, 0.0, 10.0, 10.0]","[-0.3478296171875, 2.5321076757812495, 10.206577445312499]",0,3031.93896484375,0,30.889976577758787,"[0.0, 5.46264648348, -3.29589843696]","[0, 0, 0]",0,3,0.0,0.0,3.015,0,0,0,4294967.295,3750038.016,0,48512,0,8.495061874389648,10.981492042541504,-0.3958393633365631,0,state.FLIGHT,689,-23,0,-24,-0.1485515981912613,3015,3031,"[10.4, 0.5, 17.6, 10.8, 15.5, 15.9, 0, 0]","[3.646, 3.647, 3.647]",0.262,"[2.9952, 3.3104, 5.0032000000000005, 7.36, 8.4704, 27.8256]","[0.038125, 0.5593750000000001, -0.00125, 0.00375, -0.005, -0.00625]",0,0,29.5,"[1, 1, 1, 1, 1, 1]",13.851791045908469,42.3602041,-71.0933093,3,-27.044
1774902925.4461899,"[0, 0, 0, 0, 0, 0]","[1291, 1500, 1600, 1600]","[-25.08, 0.0, 10.0, 10.0]","[-0.36468479687499994, 2.50682490625, 10.223432625]",0,3043.962646484375,0,30.911836318969726,"[0.0, 8.57543945172, 4.33349609304]","[0, 0, 0]",0,3,0.0,0.0,3.035,0,0,0,4294967.295,3750038.016,0,48572,0,9.130759239196777,10.711718559265137,-0.3958393633365631,0,state.FLIGHT,690,-22,0,-24,-0.14803020656108856,3035,3043,"[10.8, 0.5, 15.9, 10.6, 16.5, 16.5, 0, 0]","[3.646, 3.647, 3.647]",0.262,"[2.9952, 3.3104, 5.0032000000000005, 7.36, 8.4704, 27.8256]","[0.038125, 0.5593750000000001, -0.00125, 0.00375, -0.005, -0.00625]",0,0,29.5,"[1, 1, 1, 1, 1, 1]",14.040528595796212,42.3602037,-71.0933099,3,-27.061
1774902925.5074687,"[0, 0, 0, 0, 0, 0]","[1291, 1500, 1600, 1600]","[-25.08, 0.0, 10.0, 10.0]","[-0.370813953125, 2.5428336992187495, 10.202746722656249]",0,3055.9345703125,0,30.889976577758787,"[0.0, -12.29858398236, -10.16235351396]","[0, 0, 0]",0,3,0.0,0.0,3.055,0,0,0,4294967.295,3750038.016,0,48632,0,8.92992877960205,10.85519027709961,-0.3958393633365631,0,state.FLIGHT,691,-22,0,-23,-0.14749965071678162,3055,3055,"[10.4, 0.5, 15.9, 10.4, 15.9, 16.5, 0, 0]","[3.646, 3.647, 3.647]",0.262,"[2.9968000000000004, 3.3120000000000003, 5.0064, 7.3632, 8.448, 27.8304]","[0.029375000000000002, 0.238125, -0.005, -0.001875, -0.00125, 0.00125]",0,0,29.5,"[1, 1, 1, 1, 1, 1]",14.022155040827851,42.3602037,-71.0933099,3,-27.061
1774902925.56998,"[0, 0, 0, 0, 0, 0]","[1291, 1500, 1600, 1600]","[-25.08, 0.0, 10.0, 10.0]","[-0.39686286718749997, 2.4991634609374995, 10.21730346875]",0,3067.849365234375,0,30.885604629516603,"[0.0, -4.97436523356, 4.36401367116]","[0, 0, 0]",0,3,0.0,0.0,3.055,0,0,0,4294967.295,3750038.016,0,48692,0,9.108790397644043,11.021204948425293,-0.3958393633365631,0,state.FLIGHT,692,-22,0,-23,-0.14698918163776398,3055,3067,"[10.8, 0.5, 17.0, 10.8, 17.0, 16.5, 0, 0]","[3.646, 3.647, 3.647]",0.262,"[2.9968000000000004, 3.3120000000000003, 5.0064, 7.3632, 8.448, 27.8304]","[0.029375000000000002, 0.238125, -0.005, -0.001875, -0.00125, 0.00125]",0,0,29.5,"[1, 1, 1, 1, 1, 1]",14.262168419718906,42.360203299999995,-71.093311,3,-27.082
1774902925.6209912,"[0, 0, 0, 0, 0, 0]","[1291, 1500, 1600, 1600]","[-25.08, 0.0, 10.0, 10.0]","[-0.34859576171874995, 2.5267446640624995, 10.2356909375]",0,3077.740234375,0,30.911836318969726,"[0.0, -11.87133788868, -7.0190429676]","[0, 0, 0]",0,3,0.0,0.0,3.075,0,0,0,4294967.295,3750038.016,0,48746,0,8.85482406616211,11.179281234741211,-0.3958393633365631,0,state.FLIGHT,693,-22,0,-23,-0.14652641117572784,3075,3077,"[10.6, 0.5, 15.5, 10.6, 17.0, 17.0, 0, 0]","[3.646, 3.647, 3.647]",0.262,"[2.9952, 3.3104, 5.0032000000000005, 7.364800000000001, 8.441600000000001, 27.8288]","[0.039375, 0.20750000000000002, -0.00375, 0.000625, 0.0, -0.005625]",0,0,29.5,"[1, 1, 1, 1, 1, 1]",14.226212845321038,42.360203299999995,-71.093311,3,-27.082
1774902925.6785045,"[0, 0, 0, 0, 0, 0]","[1291, 1500, 1600, 1600]","[-25.08, 0.0, 10.0, 10.0]","[-0.35549106249999995, 2.5252123749999997, 10.233392503906249]",0,3089.560546875,0,30.920580215454102,"[0.0, 0.51879882804, -10.00976562336]","[0, 0, 0]",0,3,0.0,0.0,3.075,0,0,0,4294967.295,3750038.016,0,48806,0,8.813618659973145,11.153656005859375,-0.3958393633365631,0,state.FLIGHT,694,-22,0,-23,-0.14601129293441772,3075,3089,"[10.4, 0.5, 16.5, 10.8, 15.9, 17.0, 0, 0]","[3.646, 3.647, 3.647]",0.262,"[2.9968000000000004, 3.3136, 5.0048, 7.3632, 8.459200000000001, 27.824]","[0.035, 0.22875, 0.000625, -0.0025, 0.00125, -0.00625]",0,0,29.5,"[1, 1, 1, 1, 1, 1]",14.180925405258458,42.3602031,-71.0933118,3,-27.101
1774902925.7415423,"[0, 0, 0, 0, 0, 0]","[1291, 1500, 1600, 1600]","[-25.08, 0.0, 10.0, 10.0]","[-0.36545094140624995, 2.52597851953125, 10.2249649140625]",0,3101.328857421875,0,30.92495216369629,"[0.0, -3.99780273372, 0.09155273436]","[0, 0, 0]",0,3,0.0,0.0,3.095,0,0,0,4294967.295,3750038.016,0,48866,0,8.49531078338623,11.128020286560059,-0.3958393633365631,0,state.FLIGHT,695,-22,0,-23,-0.14550979435443878,3095,3101,"[10.8, 0.5, 17.0, 11.1, 15.9, 17.0, 0, 0]","[3.646, 3.647, 3.647]",0.262,"[2.9968000000000004, 3.3136, 5.0048, 7.3632, 8.459200000000001, 27.824]","[0.035, 0.22875, 0.000625, -0.0025, 0.00125, -0.00625]",0,0,29.5,"[1, 1, 1, 1, 1, 1]",13.967536171712496,42.3602031,-71.0933118,3,-27.101
1774902925.8015437,"[0, 0, 0, 0, 0, 0]","[1291, 1500, 1600, 1600]","[-25.08, 0.0, 10.0, 10.0]","[-0.38077383203125, 2.4777114140625, 10.20887587890625]",0,3113.04248046875,0,30.916208267211914,"[0.0, 1.55639648412, 5.85937499904]","[0, 0, 0]",0,3,0.0,0.0,3.095,0,0,0,4294967.295,3750038.016,0,48926,0,8.516674041748047,11.413061141967773,-0.3958393633365631,0,state.FLIGHT,696,-22,0,-23,-0.1450197994709015,3095,3113,"[10.8, 0.5, 17.0, 10.4, 15.5, 17.0, 0, 0]","[3.646, 3.647, 3.647]",0.262,"[2.9952, 3.3104, 5.0032000000000005, 7.3664000000000005, 8.440000000000001, 27.8288]","[0.0325, 0.251875, -0.0075, -0.005, -0.003125, -0.00125]",0,0,29.5,"[1, 1, 1, 1, 1, 1]",14.206632152613585,42.360202699999995,-71.09331329999999,3,-27.126
1774902925.855065,"[0, 0, 0, 0, 0, 0]","[1291, 1500, 1600, 1600]","[-25.08, 0.0, 10.0, 10.0]","[-0.35778949609375, 2.5175509296875, 10.211940457031249]",0,3122.765869140625,0,30.938068008422853,"[0.0, -11.68823241996, -8.117675779919999]","[0, 0, 0]",0,3,0.0,0.0,3.114,0,0,0,4294967.295,3750038.016,0,48980,0,8.274181365966797,11.559562683105469,-0.3958393633365631,0,state.FLIGHT,697,-22,0,-23,-0.14460064470767975,3114,3122,"[10.6, 0.5, 15.9, 10.8, 15.5, 17.6, 0, 0]","[3.646, 3.647, 3.647]",0.262,"[2.9952, 3.3104, 5.0032000000000005, 7.3664000000000005, 8.440000000000001, 27.8288]","[0.0325, 0.251875, -0.0075, -0.005, -0.003125, -0.00125]",0,0,29.5,"[1, 1, 1, 1, 1, 1]",14.182836738631549,42.360203,-71.09331259999999,3,-27.153
1774902925.9130678,"[0, 0, 0, 0, 0, 0]","[1291, 1500, 1600, 1600]","[-25.08, 0.0, 10.0, 10.0]","[-0.36851551953124995, 2.491502015625, 10.233392503906249]",0,3134.385009765625,0,30.929324111938477,"[0.0, 4.6691894523599995, 7.7209472643599995]","[0, 0, 0]",0,3,0.0,0.0,3.134,0,0,0,4294967.295,3750038.016,0,49040,0,8.438989639282227,11.688974380493164,-0.3958393633365631,0,state.FLIGHT,698,-22,0,-23,-0.14411939680576324,3134,3134,"[10.6, 0.5, 17.0, 10.8, 16.5, 17.0, 0, 0]","[3.646, 3.647, 3.647]",0.262,"[2.9952, 3.3120000000000003, 5.0016, 7.3616, 8.4304, 27.8288]","[0.03375, 0.255625, -0.001875, -0.005625, -0.0025, -0.00625]",0,0,29.5,"[1, 1, 1, 1, 1, 1]",14.382505766160818,42.360203,-71.09331259999999,3,-27.153
1774902925.9777057,"[0, 0, 0, 0, 0, 0]","[1291, 1500, 1600, 1600]","[-25.08, 0.0, 10.0, 10.0]","[-0.33786973828125, 2.53823683203125, 10.226497203124998]",0,3145.955322265625,0,30.916208267211914,"[0.0, 5.09643554604, 5.12695312416]","[0, 0, 0]",0,3,0.0,0.0,3.134,0,0,0,4294967.295,3750038.016,0,49100,0,8.608970642089844,11.822628021240234,-0.3958393633365631,0,state.FLIGHT,699,-22,0,-23,-0.14365729689598083,3134,3145,"[10.2, 0.5, 15.5, 10.8, 16.5, 17.6, 0, 0]","[3.646, 3.647, 3.647]",0.262,"[2.9952, 3.3120000000000003, 5.0016, 7.3616, 8.4304, 27.8288]","[0.03375, 0.255625, -0.001875, -0.005625, -0.0025, -0.00625]",0,0,29.5,"[1, 1, 1, 1, 1, 1]",14.588778658779939,42.360203299999995,-71.0933118,3,-27.18
1774902926.0362225,"[0, 0, 0, 0, 0, 0]","[1291, 1500, 1600, 1600]","[-25.08, 0.0, 10.0, 10.0]","[-0.38613684374999996, 2.5006957499999998, 10.241053949218749]",0,3157.470703125,0,30.916208267211914,"[0.0, 4.48608398364, 8.66699218608]","[0, 0, 0]",0,3,0.0,0.0,3.153,0,0,0,4294967.295,3750038.016,0,49160,0,8.730711936950684,12.093653678894043,-0.3958393633365631,0,state.FLIGHT,700,-22,0,-23,-0.14317107200622559,3153,3157,"[10.4, 0.5, 16.5, 10.6, 15.5, 17.0, 0, 0]","[3.646, 3.647, 3.647]",0.262,"[3.0, 3.3104, 5.0048, 7.3584000000000005, 8.448, 27.8288]","[0.033125, 0.61625, 0.005, -0.000625, -0.0025, -0.003125]",0,0,29.5,"[1, 1, 1, 1, 1, 1]",14.877656700784126,42.360203299999995,-71.0933118,3,-27.18
1774902926.0872216,"[0, 0, 0, 0, 0, 0]","[1291, 1500, 1600, 1600]","[-25.08, 0.0, 10.0, 10.0]","[-0.38077383203125, 2.491502015625, 10.19661756640625]",0,3168.934326171875,0,30.929324111938477,"[0.0, -2.65502929644, -5.5236816397199995]","[0, 0, 0]",0,3,0.0,0.0,3.153,0,0,0,4294967.295,3750038.016,0,49214,0,8.572566032409668,12.128211975097656,-0.3958393633365631,0,state.FLIGHT,701,-22,0,-23,-0.1427323818206787,3153,3168,"[10.2, 0.5, 17.0, 10.8, 15.5, 17.6, 0, 0]","[3.646, 3.647, 3.647]",0.262,"[3.0, 3.3104, 5.0048, 7.3584000000000005, 8.448, 27.8288]","[0.033125, 0.61625, 0.005, -0.000625, -0.0025, -0.003125]",0,0,29.5,"[1, 1, 1, 1, 1, 1]",14.814853434777186,42.360203399999996,-71.09331259999999,3,-27.214
1774902926.1467385,"[0, 0, 0, 0, 0, 0]","[1291, 1500, 1600, 1600]","[-25.08, 0.0, 10.0, 10.0]","[-0.35549106249999995, 2.50682490625, 10.233392503906249]",0,3180.349365234375,0,30.929324111938477,"[0.0, 4.85229492108, 14.40429687264]","[0, 0, 0]",0,3,0.0,0.0,3.172,0,0,0,4294967.295,3750038.016,0,49274,0,8.59305477142334,12.06110954284668,-0.3958393633365631,0,state.FLIGHT,702,-22,0,-23,-0.14225541055202484,3172,3180,"[10.6, 0.5, 16.5, 10.2, 16.5, 15.0, 0, 0]","[3.646, 3.647, 3.647]",0.262,"[2.9936000000000003, 3.3136, 5.0032000000000005, 7.368, 8.4384, 27.8256]","[0.0375, 0.628125, 0.003125, -0.004375, -0.00375, -0.00375]",0,0,29.5,"[1, 1, 1, 1, 1, 1]",14.772115567188868,42.360203999999996,-71.0933119,3,-27.239
1774902926.2072601,"[0, 0, 0, 0, 0, 0]","[1291, 1500, 1600, 1600]","[-25.08, 0.0, 10.0, 10.0]","[-0.367749375, 2.528276953125, 10.22266648046875]",0,3191.709228515625,0,30.92495216369629,"[0.0, -12.29858398236, -6.9885253894799995]","[0, 0, 0]",0,3,0.0,0.0,3.191,0,0,0,4294967.295,3750038.016,0,49334,0,8.645856857299805,12.236263275146484,-0.3958393633365631,0,state.FLIGHT,703,-22,0,-23,-0.1417689323425293,3191,3191,"[10.6, 0.5, 17.0, 11.1, 15.5, 17.0, 0, 0]","[3.646, 3.647, 3.647]",0.262,"[2.9936000000000003, 3.3136, 5.0032000000000005, 7.368, 8.4384, 27.8256]","[0.0375, 0.628125, 0.003125, -0.004375, -0.00375, -0.00375]",0,0,29.5,"[1, 1, 1, 1, 1, 1]",14.944408779591566,42.360203999999996,-71.0933119,3,-27.239
1774902926.2677708,"[0, 0, 0, 0, 0, 0]","[1291, 1500, 1600, 1600]","[-25.08, 0.0, 10.0, 10.0]","[-0.36545094140624995, 2.51065562890625, 10.20887587890625]",0,3203.0205078125,0,30.929324111938477,"[0.0, 0.762939453, -3.26538085884]","[0, 0, 0]",0,3,0.0,0.0,3.191,0,0,0,4294967.295,3750038.016,0,49394,0,8.592461585998535,12.318041801452637,-0.3958393633365631,0,state.FLIGHT,704,-22,0,-23,-0.14132936298847198,3191,3203,"[10.2, 0.5, 16.5, 10.2, 15.9, 17.0, 0, 0]","[3.646, 3.647, 3.647]",0.262,"[2.9968000000000004, 3.3120000000000003, 5.0032000000000005, 7.3616, 8.4368, 27.8304]","[0.035, 0.225, -0.0025, -0.003125, -0.004375, -0.00625]",0,0,29.5,"[1, 1, 1, 1, 1, 1]",14.980715398485764,42.3602044,-71.09331209999999,3,-27.271
1774902926.3207827,"[0, 0, 0, 0, 0, 0]","[1291, 1500, 1600, 1600]","[-25.08, 0.0, 10.0, 10.0]","[-0.36468479687499994, 2.52597851953125, 10.20581130078125]",0,3212.408447265625,0,30.94243995666504,"[0.0, -3.63159179628, -4.60815429612]","[0, 0, 0]",0,3,0.0,0.0,3.21,0,0,0,4294967.295,3750038.016,0,49448,0,8.543543815612793,12.303723335266113,-0.3958393633365631,0,state.FLIGHT,705,-22,0,-23,-0.14096879959106445,3210,3212,"[10.6, 0.5, 15.9, 10.8, 15.5, 16.5, 0, 0]","[3.646, 3.647, 3.647]",0.262,"[2.9968000000000004, 3.3120000000000003, 5.0032000000000005, 7.3616, 8.4368, 27.8304]","[0.035, 0.225, -0.0025, -0.003125, -0.004375, -0.00625]",0,0,29.5,"[1, 1, 1, 1, 1, 1]",14.9414409912769,42.3602044,-71.09331209999999,3,-27.271
1774902926.3833058,"[0, 0, 0, 0, 0, 0]","[1291, 1500, 1600, 1600]","[-25.08, 0.0, 10.0, 10.0]","[-0.3784753984375, 2.49456659375, 10.2127066015625]",0,3223.62841796875,0,30.920580215454102,"[0.0, 2.71606445268, -5.70678710844]","[0, 0, 0]",0,3,0.0,0.0,3.21,0,0,0,4294967.295,3750038.016,0,49508,0,8.579249382019043,12.351326942443848,-0.3958393633365631,0,state.FLIGHT,706,-22,0,-23,-0.14052318036556244,3210,3223,"[10.8, 0.5, 17.6, 10.8, 15.9, 16.5, 0, 0]","[3.646, 3.647, 3.647]",0.262,"[2.9936000000000003, 3.3120000000000003, 5.0032000000000005, 7.3632, 8.4608, 27.824]","[0.03375, 0.2475, -0.003125, -0.004375, -0.001875, -0.005]",0,0,29.5,"[1, 1, 1, 1, 1, 1]",15.000447121115155,42.3602047,-71.093312,3,-27.3
1774902926.44382,"[0, 0, 0, 0, 0, 0]","[1291, 1500, 1600, 1600]","[-25.08, 0.0, 10.0, 10.0]","[-0.34706347265625, 2.53134153125, 10.23645708203125]",0,3234.79345703125,0,30.94243995666504,"[0.0, -8.57543945172, -2.19726562464]","[0, 0, 0]",0,3,0.0,0.0,3.229,0,0,0,4294967.295,3750038.016,0,49568,0,8.379964828491211,12.389184951782227,-0.3958393633365631,0,state.FLIGHT,707,-22,0,-23,-0.14006778597831726,3229,3234,"[10.6, 0.5, 16.5, 10.6, 16.5, 17.0, 0, 0]","[3.646, 3.647, 3.647]",0.262,"[2.9968000000000004, 3.3120000000000003, 5.0032000000000005, 7.3696, 8.456000000000001, 27.8304]","[0.03375, 0.228125, -0.004375, -0.003125, -0.00125, -0.004375]",0,0,29.5,"[1, 1, 1, 1, 1, 1]",14.920330724754514,42.3602047,-71.093312,3,-27.3
1774902926.5038936,"[0, 0, 0, 0, 0, 0]","[1291, 1500, 1600, 1600]","[-25.08, 0.0, 10.0, 10.0]","[-0.37617696484374996, 2.5045264726562495, 10.2341586484375]",0,3245.91259765625,0,30.938068008422853,"[0.0, -1.86157226532, 3.41796874944]","[0, 0, 0]",0,3,0.0,0.0,3.229,0,0,0,4294967.295,3750038.016,0,49628,0,8.244170188903809,12.365367889404297,-0.3958393633365631,0,state.FLIGHT,708,-22,0,-23,-0.13965876400470734,3229,3245,"[10.2, 0.5, 16.5, 10.8, 16.5, 17.0, 0, 0]","[3.646, 3.647, 3.647]",0.262,"[2.9968000000000004, 3.3120000000000003, 5.0032000000000005, 7.3696, 8.456000000000001, 27.8304]","[0.03375, 0.228125, -0.004375, -0.003125, -0.00125, -0.004375]",0,0,29.5,"[1, 1, 1, 1, 1, 1]",14.825947240012601,42.360205199999996,-71.093312,3,-27.327
1774902926.555423,"[0, 0, 0, 0, 0, 0]","[1291, 1500, 1600, 1600]","[-25.08, 0.0, 10.0, 10.0]","[-0.36698323046875, 2.5144863515624998, 10.226497203124998]",0,3256.97998046875,0,30.933696060180665,"[0.0, -4.4250488273999995, -5.92041015528]","[0, 0, 0]",0,3,0.0,0.0,3.249,0,0,0,4294967.295,3750038.016,0,49682,0,8.178377151489258,12.244547843933105,-0.3958393633365631,0,state.FLIGHT,709,-22,0,-23,-0.13921190798282623,3249,3256,"[10.4, 0.5, 16.5, 10.4, 15.5, 17.0, 0, 0]","[3.646, 3.647, 3.647]",0.262,"[2.9952, 3.3088, 5.0048, 7.3616, 8.4528, 27.8304]","[0.03, 0.25625, -0.0025, -0.005, -0.0025, -0.0025]",0,0,29.5,"[1, 1, 1, 1, 1, 1]",14.68986283436061,42.360205099999995,-71.093312,3,-27.338
1774902926.616427,"[0, 0, 0, 0, 0, 0]","[1291, 1500, 1600, 1600]","[-25.08, 0.0, 10.0, 10.0]","[-0.37387853125, 2.516018640625, 10.23645708203125]",0,3267.99560546875,0,30.933696060180665,"[0.0, -10.89477538884, 8.27026367052]","[0, 0, 0]",0,3,0.0,0.0,3.266,0,0,0,4294967.295,3750038.016,0,49742,0,8.563223838806152,12.372076988220215,-0.3958393633365631,0,state.FLIGHT,710,-22,0,-23,-0.13876931369304657,3266,3267,"[10.6, 0.5, 17.6, 10.2, 15.5, 17.0, 0, 0]","[3.646, 3.647, 3.647]",0.262,"[2.9952, 3.3088, 5.0048, 7.3616, 8.4528, 27.8304]","[0.03, 0.25625, -0.0025, -0.005, -0.0025, -0.0025]",0,0,29.5,"[1, 1, 1, 1, 1, 1]",15.008402322184775,42.360205099999995,-71.093312,3,-27.338
1774902926.6749334,"[0, 0, 0, 0, 0, 0]","[1291, 1500, 1600, 1600]","[-25.08, 0.0, 10.0, 10.0]","[-0.3692816640625, 2.53823683203125, 10.19814985546875]",0,3278.96240234375,0,30.94243995666504,"[0.0, -1.6784667966, 9.73510742028]","[0, 0, 0]",0,3,0.0,0.0,3.266,0,0,0,4294967.295,3750038.016,0,49802,0,8.853745460510254,12.325666427612305,-0.3958393633365631,0,state.FLIGHT,711,-22,0,-23,-0.1383586972951889,3266,3278,"[10.4, 0.5, 16.5, 10.6, 15.9, 15.9, 0, 0]","[3.646, 3.647, 3.647]",0.262,"[2.9936000000000003, 3.3104, 5.0048, 7.368, 8.4352, 27.8256]","[0.035625000000000004, 0.295, 0.00125, -0.004375, 0.0, -0.005625]",0,0,29.5,"[1, 1, 1, 1, 1, 1]",15.13591668095275,42.3602047,-71.0933115,3,-27.35
1774902926.7369826,"[0, 0, 0, 0, 0, 0]","[1291, 1500, 1600, 1600]","[-25.08, 0.0, 10.0, 10.0]","[-0.37770925390624993, 2.49992960546875, 10.231860214843751]",0,3289.880615234375,0,30.94243995666504,"[0.0, -9.12475585788, -3.63159179628]","[0, 0, 0]",0,3,0.0,0.0,3.284,0,0,0,4294967.295,3750038.016,0,49862,0,8.998700141906738,12.623531341552734,-0.3958393633365631,0,state.FLIGHT,712,-22,0,-23,-0.13795199990272522,3284,3289,"[10.8, 0.5, 16.5, 10.2, 15.9, 16.5, 0, 0]","[3.646, 3.647, 3.647]",0.262,"[2.9936000000000003, 3.3104, 5.0048, 7.368, 8.4352, 27.8256]","[0.035625000000000004, 0.295, 0.00125, -0.004375, 0.0, -0.005625]",0,0,29.5,"[1, 1, 1, 1, 1, 1]",15.460061342696502,42.3602047,-71.0933115,3,-27.35
1774902926.7889798,"[0, 0, 0, 0, 0, 0]","[1291, 1500, 1600, 1600]","[-25.08, 0.0, 10.0, 10.0]","[-0.36162021874999994, 2.558922734375, 10.224198769531249]",0,3298.939208984375,0,30.951183853149413,"[0.0, 1.73950195284, 3.051757812]","[0, 0, 0]",0,3,0.0,0.0,3.284,0,0,0,4294967.295,3750038.016,0,49916,0,9.090522766113281,12.602723121643066,-0.3958393633365631,0,state.FLIGHT,713,-22,0,-23,-0.1375909000635147,3284,3298,"[10.2, 0.5, 15.9, 10.6, 15.5, 17.6, 0, 0]","[3.646, 3.647, 3.647]",0.262,"[2.9952, 3.3088, 5.0048, 7.368, 8.4512, 27.8256]","[0.034375, 0.59, -0.000625, 0.000625, -0.00125, -0.00125]",0,0,29.5,"[1, 1, 1, 1, 1, 1]",15.496030829685155,42.3602043,-71.0933123,3,-27.374
1774902926.849496,"[0, 0, 0, 0, 0, 0]","[1291, 1500, 1600, 1600]","[-25.08, 0.0, 10.0, 10.0]","[-0.38230612109375, 2.497631171875, 10.24258623828125]",0,3309.765869140625,0,30.9555558013916,"[0.0, 0.70190429676, -1.40380859352]","[0, 0, 0]",0,3,0.0,0.0,3.302,0,0,0,4294967.295,3750038.016,0,49976,0,8.852724075317383,12.843202590942383,-0.3958393633365631,0,state.FLIGHT,714,-22,0,-23,-0.1371777057647705,3302,3309,"[10.6, 0.5, 16.5, 10.2, 16.5, 17.0, 0, 0]","[3.646, 3.647, 3.647]",0.262,"[2.9952, 3.3088, 5.0048, 7.368, 8.4512, 27.8256]","[0.034375, 0.59, -0.000625, 0.000625, -0.00125, -0.00125]",0,0,29.5,"[1, 1, 1, 1, 1, 1]",15.556332474164583,42.360203899999995,-71.09331379999999,3,-27.401
1774902926.9124954,"[0, 0, 0, 0, 0, 0]","[1291, 1500, 1600, 1600]","[-25.08, 0.0, 10.0, 10.0]","[-0.3662170859375, 2.5198493632812498, 10.248715394531251]",0,3320.540771484375,0,30.95992774963379,"[0.0, 10.34545898268, 9.0026855454]","[0, 0, 0]",0,3,0.0,0.0,3.32,0,0,0,4294967.295,3750038.016,0,50036,0,9.067267417907715,12.786439895629883,-0.3958393633365631,0,state.FLIGHT,715,-22,0,-23,-0.13675491511821747,3320,3320,"[10.8, 0.5, 15.9, 10.6, 15.9, 17.0, 0, 0]","[3.646, 3.647, 3.647]",0.262,"[2.9936000000000003, 3.3136, 5.0032000000000005, 7.3584000000000005, 8.4384, 27.824]","[0.04, 0.615625, -0.000625, 0.000625, -0.000625, -0.005625]",0,0,29.5,"[1, 1, 1, 1, 1, 1]",15.631273656592436,42.360203899999995,-71.09331379999999,3,-27.401
1774902926.9691997,"[0, 0, 0, 0, 0, 0]","[1291, 1500, 1600, 1600]","[-25.08, 0.0, 10.0, 10.0]","[-0.37387853125, 2.53517225390625, 10.22266648046875]",0,3331.269775390625,0,30.964299697875976,"[0.0, -5.340576171, -12.39013671672]","[0, 0, 0]",0,3,0.0,0.0,3.32,0,0,0,4294967.295,3750038.016,0,50096,0,9.055335998535156,12.880460739135742,-0.3958393633365631,0,state.FLIGHT,716,-22,0,-23,-0.13637703657150269,3320,3331,"[10.8, 0.5, 15.9, 10.6, 15.9, 17.0, 0, 0]","[3.646, 3.647, 3.647]",0.262,"[2.9936000000000003, 3.3136, 5.0032000000000005, 7.3584000000000005, 8.4384, 27.824]","[0.04, 0.615625, -0.000625, 0.000625, -0.000625, -0.005625]",0,0,29.5,"[1, 1, 1, 1, 1, 1]",15.700861881226157,42.3602036,-71.0933156,3,-27.43
1774902927.023199,"[0, 0, 0, 0, 0, 0]","[1291, 1500, 1600, 1600]","[-25.08, 0.0, 10.0, 10.0]","[-0.34323275000000003, 2.522147796875, 10.23952166015625]",0,3340.170166015625,0,30.97304359436035,"[0.0, 8.20922851428, 1.73950195284]","[0, 0, 0]",0,3,0.0,0.0,3.336,0,0,0,4294967.295,3750038.016,0,50150,0,8.864672660827637,13.033613204956055,-0.3958393633365631,0,state.FLIGHT,717,-22,0,-23,-0.13602860271930695,3336,3340,"[10.8, 0.5, 17.6, 11.1, 15.9, 17.0, 0, 0]","[3.646, 3.647, 3.647]",0.262,"[2.9984, 3.3120000000000003, 5.0048, 7.368, 8.4336, 27.8272]","[0.0325, 0.229375, -0.00375, -0.005, -0.00375, -0.000625]",0,0,29.5,"[1, 1, 1, 1, 1, 1]",15.719261537643288,42.3602036,-71.0933156,3,-27.43
1774902927.0827146,"[0, 0, 0, 0, 0, 0]","[1291, 1500, 1600, 1600]","[-25.08, 0.0, 10.0, 10.0]","[-0.3692816640625, 2.5213816523437496, 10.232626359374999]",0,3350.8076171875,0,30.94243995666504,"[0.0, -0.88500976548, -2.92968749952]","[0, 0, 0]",0,3,0.0,0.0,3.336,0,0,0,4294967.295,3750038.016,0,50210,0,8.687348365783691,13.103192329406738,-0.3958393633365631,0,state.FLIGHT,718,-22,0,-23,-0.13565753400325775,3336,3350,"[10.8, 0.5, 16.5, 10.8, 16.5, 16.5, 0, 0]","[3.646, 3.647, 3.647]",0.262,"[2.9984, 3.3120000000000003, 5.0048, 7.368, 8.4336, 27.8272]","[0.0325, 0.229375, -0.00375, -0.005, -0.00375, -0.000625]",0,0,29.5,"[1, 1, 1, 1, 1, 1]",15.67932855095188,42.3602038,-71.0933153,3,-27.457
1774902927.1457431,"[0, 0, 0, 0, 0, 0]","[1291, 1500, 1600, 1600]","[-25.08, 0.0, 10.0, 10.0]","[-0.3784753984375, 2.5527935781249997, 10.2035128671875]",0,3361.396728515625,0,30.95992774963379,"[0.0, 13.51928710716, 12.57324218544]","[0, 0, 0]",0,3,0.0,0.0,3.354,0,0,0,4294967.295,3750038.016,0,50270,0,8.94308853149414,12.807784080505371,-0.3958393633365631,0,state.FLIGHT,719,-22,0,-23,-0.13524951040744781,3354,3361,"[10.4, 0.5, 16.5, 10.6, 16.5, 16.5, 0, 0]","[3.646, 3.647, 3.647]",0.262,"[2.9984, 3.3120000000000003, 5.0032000000000005, 7.3616, 8.4336, 27.8288]","[0.036875, 0.245625, -0.00375, -0.003125, 0.0, -0.00125]",0,0,29.5,"[1, 1, 1, 1, 1, 1]",15.578170571061037,42.3602041,-71.09331399999999,3,-27.483
1774902927.2032714,"[0, 0, 0, 0, 0, 0]","[1291, 1500, 1600, 1600]","[-25.08, 0.0, 10.0, 10.0]","[-0.35932178515625, 2.49992960546875, 10.231860214843751]",0,3371.936767578125,0,30.9555558013916,"[0.0, -8.33129882676, 10.49804687328]","[0, 0, 0]",0,3,0.0,0.0,3.371,0,0,0,4294967.295,3750038.016,0,50330,0,9.11458969116211,12.912761688232422,-0.3958393633365631,0,state.FLIGHT,720,-22,0,-23,-0.1348453015089035,3371,3371,"[10.4, 0.5, 16.5, 10.8, 15.5, 17.0, 0, 0]","[3.646, 3.647, 3.647]",0.262,"[2.9952, 3.3104, 5.0048, 7.3632, 8.4496, 27.8288]","[0.030625, 0.225, -0.001875, 0.0, -0.00125, -0.00625]",0,0,29.5,"[1, 1, 1, 1, 1, 1]",15.76075817815652,42.3602041,-71.09331399999999,3,-27.483
1774902927.2587886,"[0, 0, 0, 0, 0, 0]","[1291, 1500, 1600, 1600]","[-25.08, 0.0, 10.0, 10.0]","[-0.36238636328125, 2.49839731640625, 10.24182009375]",0,3382.43115234375,0,30.97304359436035,"[0.0, 10.16235351396, -6.83593749888]","[0, 0, 0]",0,3,0.0,0.0,3.371,0,0,0,4294967.295,3750038.016,0,50384,0,9.390303611755371,12.781764030456543,-0.3958393633365631,0,state.FLIGHT,721,-22,0,-23,-0.13445840775966644,3371,3382,"[10.6, 0.5, 15.9, 10.6, 15.9, 16.5, 0, 0]","[3.646, 3.647, 3.647]",0.262,"[2.9952, 3.3104, 5.0048, 7.3632, 8.4496, 27.8288]","[0.030625, 0.225, -0.001875, 0.0, -0.00125, -0.00625]",0,0,29.5,"[1, 1, 1, 1, 1, 1]",15.81395119585632,42.3602054,-71.09331209999999,3,-27.644
1774902927.322795,"[0, 0, 0, 0, 0, 0]","[1291, 1500, 1600, 1600]","[-25.08, 0.0, 10.0, 10.0]","[-0.37924154296875, 2.51908321875, 10.22956178125]",0,3392.873779296875,0,30.95992774963379,"[0.0, 2.34985351524, -8.117675779919999]","[0, 0, 0]",0,3,0.0,0.0,3.391,0,0,0,4294967.295,3750038.016,0,50444,0,9.267606735229492,12.824493408203125,-0.3958393633365631,0,state.FLIGHT,722,-22,0,-23,-0.13407500088214874,3391,3392,"[10.2, 0.5, 16.5, 10.6, 16.5, 17.6, 0, 0]","[3.646, 3.647, 3.647]",0.262,"[2.9968000000000004, 3.3120000000000003, 5.0016, 7.3664000000000005, 8.4448, 27.8288]","[0.034375, 0.2575, -0.005, 0.0, -0.000625, -0.004375]",0,0,29.5,"[1, 1, 1, 1, 1, 1]",15.777025651716007,42.3602054,-71.09331209999999,3,-27.644
1774902927.3773017,"[0, 0, 0, 0, 0, 0]","[1291, 1500, 1600, 1600]","[-25.08, 0.0, 10.0, 10.0]","[-0.34629732812499997, 2.5183170742187495, 10.22266648046875]",0,3403.267578125,0,30.9555558013916,"[0.0, -5.21850585852, 4.5471191398799995]","[0, 0, 0]",0,3,0.0,0.0,3.391,0,0,0,4294967.295,3750038.016,0,50504,0,9.319792747497559,12.849527359008789,-0.3958393633365631,0,state.FLIGHT,723,-22,0,-23,-0.13369528949260712,3391,3403,"[10.8, 0.5, 16.5, 10.8, 15.9, 16.5, 0, 0]","[3.646, 3.647, 3.647]",0.262,"[2.9968000000000004, 3.3120000000000003, 5.0016, 7.3664000000000005, 8.4448, 27.8288]","[0.034375, 0.2575, -0.005, 0.0, -0.000625, -0.004375]",0,0,29.5,"[1, 1, 1, 1, 1, 1]",15.827357217705194,42.360205,-71.09331279999999,3,-27.667
1774902927.43753,"[0, 0, 0, 0, 0, 0]","[1291, 1500, 1600, 1600]","[-25.08, 0.0, 10.0, 10.0]","[-0.35932178515625, 2.49533273828125, 10.223432625]",0,3413.615478515625,0,30.9555558013916,"[0.0, -3.2043457026, 5.67626953032]","[0, 0, 0]",0,3,0.0,0.0,3.408,0,0,0,4294967.295,3750038.016,0,50564,0,9.599947929382324,12.92336368560791,-0.3958393633365631,0,state.FLIGHT,724,-23,0,-23,-0.13331930339336395,3408,3413,"[10.6, 0.5, 15.9, 10.4, 15.9, 16.5, 0, 0]","[3.646, 3.647, 3.647]",0.262,"[2.9952, 3.3120000000000003, 5.0032000000000005, 7.3584000000000005, 8.4304, 27.8272]","[0.038125, 0.6275000000000001, -0.001875, -0.000625, -0.004375, -0.001875]",0,0,29.5,"[1, 1, 1, 1, 1, 1]",16.04996045193608,42.360205,-71.09331279999999,3,-27.667
1774902927.4910846,"[0, 0, 0, 0, 0, 0]","[1291, 1500, 1600, 1600]","[-25.08, 0.0, 10.0, 10.0]","[-0.37617696484374996, 2.51218791796875, 10.21730346875]",0,3422.201904296875,0,30.97304359436035,"[0.0, -3.814697265, -8.30078124864]","[0, 0, 0]",0,3,0.0,0.0,3.408,0,0,0,4294967.295,3750038.016,0,50618,0,9.735580444335938,12.971890449523926,-0.3958393633365631,0,state.FLIGHT,725,-22,0,-23,-0.13300861418247223,3408,3422,"[10.2, 0.5, 17.0, 10.6, 15.9, 17.6, 0, 0]","[3.646, 3.647, 3.647]",0.262,"[2.9952, 3.3120000000000003, 5.0032000000000005, 7.3584000000000005, 8.4304, 27.8272]","[0.038125, 0.6275000000000001, -0.001875, -0.000625, -0.004375, -0.001875]",0,0,29.5,"[1, 1, 1, 1, 1, 1]",16.16859230027037,42.360204599999996,-71.0933131,3,-27.692
1774902927.5516028,"[0, 0, 0, 0, 0, 0]","[1291, 1500, 1600, 1600]","[-25.08, 0.0, 10.0, 10.0]","[-0.3508941953125, 2.5183170742187495, 10.214238890625]",0,3432.45849609375,0,30.951183853149413,"[0.0, 4.48608398364, -2.34985351524]","[0, 0, 0]",0,3,0.0,0.0,3.425,0,0,0,4294967.295,3750038.016,0,50678,0,9.747138977050781,13.042683601379395,-0.3958393633365631,0,state.FLIGHT,726,-22,0,-23,-0.13263890147209167,3425,3432,"[10.6, 0.5, 16.5, 10.6, 17.0, 17.0, 0, 0]","[3.646, 3.647, 3.647]",0.262,"[2.9968000000000004, 3.3104, 5.0016, 7.3616, 8.459200000000001, 27.8256]","[0.03875, 0.6218750000000001, 0.0, -0.00375, 0.000625, 0.000625]",0,0,29.5,"[1, 1, 1, 1, 1, 1]",16.231710440244022,42.3602043,-71.0933141,3,-27.717
1774902927.6146011,"[0, 0, 0, 0, 0, 0]","[1291, 1500, 1600, 1600]","[-25.08, 0.0, 10.0, 10.0]","[-0.37311238671874997, 2.53134153125, 10.228795636718749]",0,3442.672607421875,0,30.95992774963379,"[0.0, 2.8991699214, 8.05664062368]","[0, 0, 0]",0,3,0.0,0.0,3.442,0,0,0,4294967.295,3750038.016,0,50738,0,9.769708633422852,12.971295356750488,-0.3958393633365631,0,state.FLIGHT,727,-22,0,-23,-0.1322595626115799,3442,3442,"[10.4, 0.5, 17.6, 10.6, 15.5, 16.5, 0, 0]","[3.646, 3.647, 3.647]",0.262,"[2.9968000000000004, 3.3104, 5.0016, 7.3616, 8.459200000000001, 27.8256]","[0.03875, 0.6218750000000001, 0.0, -0.00375, 0.000625, 0.000625]",0,0,29.5,"[1, 1, 1, 1, 1, 1]",16.1883387956822,42.3602043,-71.0933141,3,-27.717
1774902927.6711192,"[0, 0, 0, 0, 0, 0]","[1291, 1500, 1600, 1600]","[-25.08, 0.0, 10.0, 10.0]","[-0.36315250781249997, 2.52291394140625, 10.238755515624998]",0,3452.834716796875,0,30.968671646118164,"[0.0, -3.2043457026, 7.53784179564]","[0, 0, 0]",0,3,0.0,0.0,3.442,0,0,0,4294967.295,3750038.016,0,50798,0,9.932374954223633,12.992659568786621,-0.3958393633365631,0,state.FLIGHT,728,-22,0,-23,-0.13192330300807953,3442,3452,"[10.6, 0.5, 16.5, 10.4, 15.9, 15.9, 0, 0]","[3.646, 3.647, 3.647]",0.262,"[2.9968000000000004, 3.3136, 5.0032000000000005, 7.3712, 8.440000000000001, 27.819200000000002]","[0.040625, 0.6225, 0.001875, 0.000625, -0.00125, -0.00375]",0,0,29.5,"[1, 1, 1, 1, 1, 1]",16.30218133584802,42.3602038,-71.0933148,3,-27.743
1774902927.7276082,"[0, 0, 0, 0, 0, 0]","[1291, 1500, 1600, 1600]","[-25.08, 0.0, 10.0, 10.0]","[-0.36698323046875, 2.5114217734374997, 10.211940457031249]",0,3462.951171875,0,30.97741554260254,"[0.0, -7.7819824206, 8.66699218608]","[0, 0, 0]",0,3,0.0,0.0,3.459,0,0,0,4294967.295,3750038.016,0,50852,0,9.973429679870605,13.235275268554688,-0.3958393633365631,0,state.FLIGHT,729,-22,0,-23,-0.1315639466047287,3459,3462,"[10.2, 0.5, 16.5, 10.4, 16.5, 17.0, 0, 0]","[3.646, 3.647, 3.647]",0.262,"[2.9968000000000004, 3.3136, 5.0032000000000005, 7.3712, 8.440000000000001, 27.819200000000002]","[0.040625, 0.6225, 0.001875, 0.000625, -0.00125, -0.00375]",0,0,29.5,"[1, 1, 1, 1, 1, 1]",16.518555953124338,42.3602038,-71.0933148,3,-27.743
1774902927.7881236,"[0, 0, 0, 0, 0, 0]","[1291, 1500, 1600, 1600]","[-25.08, 0.0, 10.0, 10.0]","[-0.3723462421875, 2.50146189453125, 10.23032792578125]",0,3473.021728515625,0,30.946811904907225,"[0.0, 5.46264648348, -4.24194335868]","[0, 0, 0]",0,3,0.0,0.0,3.459,0,0,0,4294967.295,3750038.016,0,50912,0,10.126007080078125,13.179730415344238,-0.3958393633365631,0,state.FLIGHT,730,-22,0,-23,-0.1312079280614853,3459,3473,"[10.6, 0.5, 16.5, 11.1, 15.9, 16.5, 0, 0]","[3.646, 3.647, 3.647]",0.262,"[2.9952, 3.3152000000000004, 5.0032000000000005, 7.36, 8.4656, 27.824]","[0.036875, 0.225625, -0.0025, -0.003125, -0.004375, -0.00375]",0,0,29.5,"[1, 1, 1, 1, 1, 1]",16.565706875678917,42.360203399999996,-71.0933149,3,-27.764
1774902927.8456347,"[0, 0, 0, 0, 0, 0]","[1291, 1500, 1600, 1600]","[-25.08, 0.0, 10.0, 10.0]","[-0.367749375, 2.5267446640624995, 10.214238890625]",0,3483.040771484375,0,30.97741554260254,"[0.0, -1.43432617164, -1.9836425778]","[0, 0, 0]",0,3,0.0,0.0,3.476,0,0,0,4294967.295,3750038.016,0,50972,0,10.126646041870117,13.238909721374512,-0.3958393633365631,0,state.FLIGHT,731,-22,0,-23,-0.1308552771806717,3476,3483,"[10.8, 0.5, 17.0, 10.6, 16.5, 15.9, 0, 0]","[3.646, 3.647, 3.647]",0.262,"[2.9952, 3.3120000000000003, 5.0048, 7.3616, 8.459200000000001, 27.8272]","[0.031875, 0.20125, -0.001875, -0.004375, -0.005, -0.000625]",0,0,29.5,"[1, 1, 1, 1, 1, 1]",16.612716892477223,42.360203899999995,-71.0933151,3,-27.796
1774902927.9056349,"[0, 0, 0, 0, 0, 0]","[1291, 1500, 1600, 1600]","[-25.08, 0.0, 10.0, 10.0]","[-0.35855564062499995, 2.5129540624999995, 10.223432625]",0,3493.016845703125,0,30.990531387329103,"[0.0, -7.3547363269199995, 0.42724609368]","[0, 0, 0]",0,3,0.0,0.0,3.493,0,0,0,4294967.295,3750038.016,0,51032,0,10.197450637817383,13.207173347473145,-0.3958393633365631,0,state.FLIGHT,732,-22,0,-23,-0.13050594925880432,3493,3493,"[10.8, 0.5, 16.5, 10.4, 15.5, 16.5, 0, 0]","[3.646, 3.647, 3.647]",0.262,"[2.9952, 3.3120000000000003, 5.0048, 7.3616, 8.459200000000001, 27.8272]","[0.031875, 0.20125, -0.001875, -0.004375, -0.005, -0.000625]",0,0,29.5,"[1, 1, 1, 1, 1, 1]",16.63025058837476,42.360203899999995,-71.0933151,3,-27.796
1774902927.9591537,"[0, 0, 0, 0, 0, 0]","[1291, 1500, 1600, 1600]","[-25.08, 0.0, 10.0, 10.0]","[-0.3784753984375, 2.51908321875, 10.22573105859375]",0,3501.29248046875,0,30.990531387329103,"[0.0, -7.3547363269199995, -3.44848632756]","[0, 0, 0]",0,3,0.0,0.0,3.493,0,0,0,4294967.295,3750038.016,0,51086,0,10.440384864807129,13.522171974182129,-0.3958393633365631,0,state.FLIGHT,733,-23,0,-23,-0.13020429015159607,3493,3501,"[10.4, 0.5, 17.0, 11.1, 16.5, 16.5, 0, 0]","[3.646, 3.647, 3.647]",0.262,"[2.9968000000000004, 3.3104, 5.0032000000000005, 7.3632, 8.4496, 27.8256]","[0.035625000000000004, 0.25, -0.005, -0.00125, -0.003125, -0.00125]",0,0,29.5,"[1, 1, 1, 1, 1, 1]",17.023953976242947,42.360204599999996,-71.0933149,3,-27.831
1774902928.0200932,"[0, 0, 0, 0, 0, 0]","[1291, 1500, 1600, 1600]","[-25.08, 0.0, 10.0, 10.0]","[-0.36085407421875, 2.5022280390624996, 10.206577445312499]",0,3511.18017578125,0,30.97741554260254,"[0.0, 5.46264648348, 2.1362304684]","[0, 0, 0]",0,3,0.0,0.0,3.509,0,0,0,4294967.295,3750038.016,0,51146,0,10.705266952514648,13.339072227478027,-0.3958393633365631,0,state.FLIGHT,734,-22,0,-23,-0.12984801828861237,3509,3511,"[10.6, 0.5, 17.0, 10.6, 15.9, 16.5, 0, 0]","[3.646, 3.647, 3.647]",0.262,"[2.9968000000000004, 3.3104, 5.0032000000000005, 7.3632, 8.4496, 27.8256]","[0.035625000000000004, 0.25, -0.005, -0.00125, -0.003125, -0.00125]",0,0,29.5,"[1, 1, 1, 1, 1, 1]",17.042616073188878,42.360204599999996,-71.0933149,3,-27.831
1774902928.0796127,"[0, 0, 0, 0, 0, 0]","[1291, 1500, 1600, 1600]","[-25.08, 0.0, 10.0, 10.0]","[-0.37004780859374997, 2.5114217734374997, 10.228029492187499]",0,3521.022216796875,0,30.999275283813475,"[0.0, -4.7912597648399995, -4.60815429612]","[0, 0, 0]",0,3,0.0,0.0,3.509,0,0,0,4294967.295,3750038.016,0,51206,0,10.479731559753418,13.499570846557617,-0.3958393633365631,0,state.FLIGHT,735,-22,0,-23,-0.12950783967971802,3509,3521,"[10.4, 0.5, 17.6, 10.6, 15.9, 16.5, 0, 0]","[3.646, 3.647, 3.647]",0.262,"[2.9952, 3.3120000000000003, 5.0016, 7.3584000000000005, 8.4528, 27.8288]","[0.03125, 0.226875, -0.001875, 0.00125, -0.000625, -0.001875]",0,0,29.5,"[1, 1, 1, 1, 1, 1]",17.02994109328503,42.3602053,-71.0933154,3,-27.874
1774902928.1401272,"[0, 0, 0, 0, 0, 0]","[1291, 1500, 1600, 1600]","[-25.08, 0.0, 10.0, 10.0]","[-0.3815399765625, 2.50682490625, 10.223432625]",0,3530.818603515625,0,30.990531387329103,"[0.0, 6.43920898332, -5.340576171]","[0, 0, 0]",0,3,0.0,0.0,3.525,0,0,0,4294967.295,3750038.272,0,51266,0,10.315559387207031,13.430622100830078,-0.3958393633365631,0,state.FLIGHT,736,-22,0,-23,-0.1291837990283966,3525,3530,"[10.8, 0.5, 16.5, 10.6, 15.5, 16.5, 0, 0]","[3.646, 3.647, 3.647]",0.262,"[2.9952, 3.3120000000000003, 5.0016, 7.3584000000000005, 8.4528, 27.8288]","[0.03125, 0.226875, -0.001875, 0.00125, -0.000625, -0.001875]",0,0,29.5,"[1, 1, 1, 1, 1, 1]",16.876967179123294,42.3602053,-71.0933154,3,-27.874
1774902928.196152,"[0, 0, 0, 0, 0, 0]","[1291, 1500, 1600, 1600]","[-25.08, 0.0, 10.0, 10.0]","[-0.376943109375, 2.522147796875, 10.221900335937498]",0,3538.94482421875,0,30.968671646118164,"[0.0, -6.5612792958, -6.2561035145999995]","[0, 0, 0]",0,3,0.0,0.0,3.525,0,0,0,4294967.295,3750038.272,0,51320,0,10.20252799987793,13.538143157958984,-0.3958393633365631,0,state.FLIGHT,737,-22,0,-23,-0.12890540063381195,3525,3538,"[10.4, 0.5, 16.5, 10.6, 15.5, 17.0, 0, 0]","[3.646, 3.647, 3.647]",0.262,"[2.9968000000000004, 3.3120000000000003, 5.0032000000000005, 7.3616, 8.4688, 27.8256]","[0.0375, 0.619375, 0.000625, -0.003125, -0.001875, -0.005]",0,0,29.5,"[1, 1, 1, 1, 1, 1]",16.894508523813805,42.360205799999996,-71.0933174,3,-27.926
1774902928.2541957,"[0, 0, 0, 0, 0, 0]","[1291, 1500, 1600, 1600]","[-25.08, 0.0, 10.0, 10.0]","[-0.36391865234375, 2.534406109375, 10.23492479296875]",0,3548.65576171875,0,30.97304359436035,"[0.0, 0.33569335932, 11.41357421688]","[0, 0, 0]",0,3,0.0,0.0,3.54,0,0,0,4294967.295,3750038.272,0,51380,0,10.218413352966309,13.58696460723877,-0.3958393633365631,0,state.FLIGHT,738,-22,0,-23,-0.12857410311698914,3540,3548,"[10.8, 0.5, 16.5, 10.4, 15.0, 16.5, 0, 0]","[3.646, 3.647, 3.647]",0.262,"[2.9968000000000004, 3.3120000000000003, 5.0032000000000005, 7.3616, 8.4688, 27.8256]","[0.0375, 0.619375, 0.000625, -0.003125, -0.001875, -0.005]",0,0,29.5,"[1, 1, 1, 1, 1, 1]",16.94263375969157,42.360206,-71.0933194,3,-27.98
1774902928.3141959,"[0, 0, 0, 0, 0, 0]","[1291, 1500, 1600, 1600]","[-25.08, 0.0, 10.0, 10.0]","[-0.34399889453125, 2.51525249609375, 10.232626359374999]",0,3558.321044921875,0,30.99490333557129,"[0.0, 1.55639648412, 3.99780273372]","[0, 0, 0]",0,3,0.0,0.0,3.558,0,0,0,4294967.295,3750038.272,0,51440,0,10.336225509643555,13.527753829956055,-0.3958393633365631,0,state.FLIGHT,739,-22,0,-23,-0.12822024524211884,3558,3558,"[10.4, 0.5, 16.5, 10.2, 15.5, 16.5, 0, 0]","[3.646, 3.647, 3.647]",0.262,"[2.9952, 3.3136, 5.0032000000000005, 7.368, 8.464, 27.8256]","[0.03375, 0.63, 0.0025, 0.005, -0.001875, -0.006875]",0,0,29.5,"[1, 1, 1, 1, 1, 1]",16.96587073386637,42.360206,-71.0933194,3,-27.98
1774902928.3737087,"[0, 0, 0, 0, 0, 0]","[1291, 1500, 1600, 1600]","[-25.08, 0.0, 10.0, 10.0]","[-0.38690298828124997, 2.51678478515625, 10.2341586484375]",0,3567.937744140625,0,30.99490333557129,"[0.0, -5.340576171, -2.71606445268]","[0, 0, 0]",0,3,0.0,0.0,3.558,0,0,0,4294967.295,3750038.272,0,51500,0,10.56326961517334,13.481988906860352,-0.3958393633365631,0,state.FLIGHT,740,-22,0,-23,-0.12790800631046295,3558,3567,"[10.6, 0.5, 16.5, 10.6, 15.0, 16.5, 0, 0]","[3.646, 3.647, 3.647]",0.262,"[2.9952, 3.3136, 5.0032000000000005, 7.368, 8.464, 27.8256]","[0.03375, 0.63, 0.0025, 0.005, -0.001875, -0.006875]",0,0,29.5,"[1, 1, 1, 1, 1, 1]",17.066781439414775,42.3602057,-71.0933189,3,-28.029
1774902928.4277115,"[0, 0, 0, 0, 0, 0]","[1378, 1500, 1600, 1600]","[-14.64, 0.0, 10.0, 10.0]","[-0.36085407421875, 2.546664421875, 10.22726334765625]",0,3577.511474609375,0,30.97304359436035,"[0.0, -3.44848632756, 2.288818359]","[0, 0, 0]",0,3,0.0,0.0,3.574,0,0,0,4294967.295,3750038.272,0,51554,0,10.506448745727539,13.561598777770996,-0.3958393633365631,0,state.FLIGHT,741,-23,0,-23,-0.1275985985994339,3574,3577,"[10.4, 0.5, 17.0, 10.4, 15.5, 17.0, 0, 0]","[3.646, 3.647, 3.647]",0.262,"[2.9968000000000004, 3.3120000000000003, 5.0048, 7.3632, 8.475200000000001, 27.8256]","[0.03625, 0.234375, -0.00125, -0.000625, -0.00125, -0.0025]",0,0,29.5,"[1, 1, 1, 1, 1, 1]",17.09469734814392,42.3602057,-71.0933189,3,-28.029
1774902928.4880335,"[0, 0, 0, 0, 0, 0]","[1291, 1500, 1600, 1600]","[-25.08, 0.0, 10.0, 10.0]","[-0.39149985546875, 2.5006957499999998, 10.238755515624998]",0,3587.03662109375,0,30.990531387329103,"[0.0, -1.00708007796, -9.6130371078]","[0, 0, 0]",0,3,0.0,0.0,3.574,0,0,0,4294967.295,3750038.272,0,51614,0,10.458504676818848,13.550021171569824,-0.3958393633365631,0,state.FLIGHT,742,-22,0,-23,-0.12729212641716003,3574,3587,"[10.6, 0.5, 17.0, 10.8, 15.5, 16.5, 0, 0]","[3.646, 3.647, 3.647]",0.262,"[2.9968000000000004, 3.3120000000000003, 5.0048, 7.3632, 8.475200000000001, 27.8256]","[0.03625, 0.234375, -0.00125, -0.000625, -0.00125, -0.0025]",0,0,29.5,"[1, 1, 1, 1, 1, 1]",17.056731491502017,42.3602069,-71.0933173,3,-28.095
1774902928.5475495,"[0, 0, 0, 0, 0, 0]","[1291, 1500, 1600, 1600]","[-25.08, 0.0, 10.0, 10.0]","[-0.3570233515625, 2.52597851953125, 10.221134191406248]",0,3596.51611328125,0,30.981787490844727,"[0.0, 3.26538085884, -0.3051757812]","[0, 0, 0]",0,3,0.0,0.0,3.59,0,0,0,4294967.295,3750038.272,0,51674,0,10.328540802001953,13.504828453063965,-0.3958393633365631,0,state.FLIGHT,743,-22,0,-23,-0.12696319818496704,3590,3596,"[10.6, 0.5, 16.5, 10.6, 15.5, 17.0, 0, 0]","[3.646, 3.647, 3.647]",0.262,"[2.9968000000000004, 3.3120000000000003, 5.0032000000000005, 7.3664000000000005, 8.475200000000001, 27.8256]","[0.033125, 0.23125, -0.003125, 0.0, -0.00625, -0.0025]",0,0,29.5,"[1, 1, 1, 1, 1, 1]",16.943198840672206,42.360208899999996,-71.0933161,3,-28.153
1774902928.6085513,"[0, 0, 0, 0, 0, 0]","[1291, 1500, 1600, 1600]","[-25.08, 0.0, 10.0, 10.0]","[-0.3539587734375, 2.51218791796875, 10.223432625]",0,3605.94970703125,0,30.990531387329103,"[0.0, -3.02124023388, -6.43920898332]","[0, 0, 0]",0,3,0.0,0.0,3.605,0,0,0,4294967.295,3750038.272,0,51734,0,10.470230102539062,13.667155265808105,-0.3958393633365631,0,state.FLIGHT,744,-22,0,-23,-0.1266246736049652,3605,3605,"[10.4, 0.5, 16.5, 10.4, 16.5, 17.6, 0, 0]","[3.646, 3.647, 3.647]",0.262,"[2.9968000000000004, 3.3104, 5.0032000000000005, 7.3616, 8.4528, 27.8256]","[0.035625000000000004, 0.2325, 0.000625, 0.003125, -0.004375, 0.000625]",0,0,29.5,"[1, 1, 1, 1, 1, 1]",17.155905707643733,42.360208899999996,-71.0933161,3,-28.153
1774902928.662066,"[0, 0, 0, 0, 0, 0]","[1291, 1500, 1600, 1600]","[-25.08, 0.0, 10.0, 10.0]","[-0.35625720703125, 2.53823683203125, 10.211174312499999]",0,3613.777099609375,0,30.97741554260254,"[0.0, 0.1525878906, 11.62719726372]","[0, 0, 0]",0,3,0.0,0.0,3.605,0,0,0,4294967.295,3750038.272,0,51788,0,10.6083345413208,13.743233680725098,-0.3958393633365631,0,state.FLIGHT,745,-22,0,-23,-0.12639109790325165,3605,3613,"[10.6, 0.5, 16.5, 10.8, 16.5, 17.6, 0, 0]","[3.646, 3.647, 3.647]",0.262,"[2.9968000000000004, 3.3104, 5.0032000000000005, 7.3616, 8.4528, 27.8256]","[0.035625000000000004, 0.2325, 0.000625, 0.003125, -0.004375, 0.000625]",0,0,29.5,"[1, 1, 1, 1, 1, 1]",17.298605335855306,42.360210599999995,-71.0933148,3,-28.208
1774902928.7265916,"[0, 0, 0, 0, 0, 0]","[1291, 1500, 1600, 1600]","[-25.08, 0.0, 10.0, 10.0]","[-0.37770925390624993, 2.516018640625, 10.2127066015625]",0,3623.12841796875,0,30.986159439086915,"[0.0, -15.59448241932, -14.465332028879999]","[0, 0, 0]",0,3,0.0,0.0,3.621,0,0,0,4294967.295,3750038.272,0,51848,0,10.638551712036133,13.981887817382812,-0.3958393633365631,0,state.FLIGHT,746,-22,0,-23,-0.12607049942016602,3621,3623,"[10.4, 0.5, 17.0, 10.4, 15.9, 16.5, 0, 0]","[3.646, 3.647, 3.647]",0.262,"[2.9968000000000004, 3.3136, 5.0048, 7.3632, 8.4624, 27.8256]","[0.029375000000000002, 0.215, -0.00125, -0.001875, 0.000625, -0.003125]",0,0,29.5,"[1, 1, 1, 1, 1, 1]",17.504606712414066,42.360210599999995,-71.0933148,3,-28.208
1774902928.7831075,"[0, 0, 0, 0, 0, 0]","[1291, 1500, 1600, 1600]","[-25.08, 0.0, 10.0, 10.0]","[-0.39609672265624996, 2.5390029765624997, 10.2035128671875]",0,3632.43408203125,0,31.003647232055663,"[0.0, 7.2326660144399995, 11.41357421688]","[0, 0, 0]",0,3,0.0,0.0,3.621,0,0,0,4294967.295,3750038.272,0,51908,0,10.496667861938477,13.939163208007812,-0.3958393633365631,0,state.FLIGHT,747,-22,0,-23,-0.12579047679901123,3621,3632,"[10.2, 0.5, 17.0, 10.4, 15.5, 17.0, 0, 0]","[3.646, 3.647, 3.647]",0.262,"[2.9968000000000004, 3.3136, 5.0048, 7.3632, 8.4624, 27.8256]","[0.029375000000000002, 0.215, -0.00125, -0.001875, 0.000625, -0.003125]",0,0,29.5,"[1, 1, 1, 1, 1, 1]",17.38657836006336,42.3602127,-71.0933137,3,-28.26
1774902928.846617,"[0, 0, 0, 0, 0, 0]","[1291, 1500, 1600, 1600]","[-25.08, 0.0, 10.0, 10.0]","[-0.37770925390624993, 2.5129540624999995, 10.22726334765625]",0,3641.694091796875,0,30.999275283813475,"[0.0, 2.10571289028, 10.681152342]","[0, 0, 0]",0,3,0.0,0.0,3.637,0,0,0,4294967.295,3750038.272,0,51968,0,10.64953899383545,13.966672897338867,-0.3958393633365631,0,state.FLIGHT,748,-22,0,-23,-0.1254880428314209,3637,3641,"[11.1, 0.5, 17.0, 10.4, 15.0, 17.6, 0, 0]","[3.646, 3.647, 3.647]",0.262,"[3.0, 3.3104, 5.0, 7.3664000000000005, 8.459200000000001, 27.8288]","[0.033125, 0.25375000000000003, -0.00125, -0.0025, 0.0, -0.00375]",0,0,29.5,"[1, 1, 1, 1, 1, 1]",17.49914808671135,42.3602144,-71.0933123,3,-28.315
1774902928.8976185,"[0, 0, 0, 0, 0, 0]","[1291, 1500, 1600, 1600]","[-25.08, 0.0, 10.0, 10.0]","[-0.376943109375, 2.5006957499999998, 10.220368046875]",0,3650.908203125,0,30.986159439086915,"[0.0, -6.3781738270799995, -1.43432617164]","[0, 0, 0]",0,3,0.0,0.0,3.637,0,0,0,4294967.295,3750038.272,0,52022,0,10.602890968322754,13.96633243560791,-0.3958393633365631,0,state.FLIGHT,749,-22,0,-23,-0.12517589330673218,3637,3650,"[10.8, 0.5, 15.5, 10.4, 15.9, 18.2, 0, 0]","[3.646, 3.647, 3.647]",0.262,"[3.0, 3.3104, 5.0, 7.3664000000000005, 8.459200000000001, 27.8288]","[0.033125, 0.25375000000000003, -0.00125, -0.0025, 0.0, -0.00375]",0,0,29.5,"[1, 1, 1, 1, 1, 1]",17.471096229778613,42.3602144,-71.0933123,3,-28.315
1774902928.9561312,"[0, 0, 0, 0, 0, 0]","[1291, 1500, 1600, 1600]","[-25.08, 0.0, 10.0, 10.0]","[-0.3539587734375, 2.5321076757812495, 10.221134191406248]",0,3660.079833984375,0,31.00801918029785,"[0.0, 2.8991699214, 15.35034179436]","[0, 0, 0]",0,3,0.0,0.0,3.652,0,0,0,4294967.295,3750038.272,0,52082,0,10.75639820098877,13.948627471923828,-0.3958393633365631,0,state.FLIGHT,750,-22,0,-23,-0.12486650794744492,3652,3660,"[10.4, 0.5, 17.0, 10.4, 15.9, 15.9, 0, 0]","[3.646, 3.647, 3.647]",0.262,"[3.0, 3.3104, 5.0016, 7.3616, 8.440000000000001, 27.8272]","[0.03, 0.6218750000000001, 0.0025, 0.003125, -0.000625, 0.000625]",0,0,29.5,"[1, 1, 1, 1, 1, 1]",17.54890719419352,42.3602158,-71.0933115,3,-28.369
1774902929.0190678,"[0, 0, 0, 0, 0, 0]","[1291, 1500, 1600, 1600]","[-25.08, 0.0, 10.0, 10.0]","[-0.367749375, 2.5129540624999995, 10.228795636718749]",0,3669.20556640625,0,31.003647232055663,"[0.0, -6.9885253894799995, -0.33569335932]","[0, 0, 0]",0,3,0.0,0.0,3.667,0,0,0,4294967.295,3750038.272,0,52142,0,10.825669288635254,14.084739685058594,-0.3958393633365631,0,state.FLIGHT,751,-22,0,-23,-0.12458490580320358,3667,3669,"[10.8, 0.5, 16.5, 10.6, 16.5, 16.5, 0, 0]","[3.646, 3.647, 3.647]",0.262,"[3.0, 3.3104, 5.0016, 7.3616, 8.440000000000001, 27.8272]","[0.03, 0.6218750000000001, 0.0025, 0.003125, -0.000625, 0.000625]",0,0,29.5,"[1, 1, 1, 1, 1, 1]",17.697434040974283,42.3602158,-71.0933115,3,-28.369
1774902929.0785654,"[0, 0, 0, 0, 0, 0]","[1291, 1500, 1600, 1600]","[-25.08, 0.0, 10.0, 10.0]","[-0.3692816640625, 2.5328738203125, 10.211174312499999]",0,3678.285888671875,0,31.012391128540038,"[0.0, -2.41088867148, 0.27465820308]","[0, 0, 0]",0,3,0.0,0.0,3.667,0,0,0,4294967.295,3750038.272,0,52202,0,10.887025833129883,14.166509628295898,-0.3958393633365631,0,state.FLIGHT,752,-22,0,-23,-0.12430592626333237,3667,3678,"[10.4, 0.5, 17.0, 10.6, 15.5, 16.5, 0, 0]","[3.646, 3.647, 3.647]",0.262,"[2.9952, 3.3104, 5.0048, 7.3632, 8.457600000000001, 27.8256]","[0.03375, 0.6168750000000001, 0.00625, -0.004375, -0.005, -0.00125]",0,0,29.5,"[1, 1, 1, 1, 1, 1]",17.79849217582112,42.360217399999996,-71.093311,3,-28.423
1774902929.1300771,"[0, 0, 0, 0, 0, 0]","[1291, 1500, 1600, 1600]","[-25.08, 0.0, 10.0, 10.0]","[-0.35625720703125, 2.56735032421875, 10.220368046875]",0,3685.8173828125,0,30.99490333557129,"[0.0, -5.4016113272399995, -8.88061523292]","[0, 0, 0]",0,3,0.0,0.0,3.682,0,0,0,4294967.295,3750038.272,0,52256,0,11.156403541564941,14.307260513305664,-0.3958393633365631,0,state.FLIGHT,753,-22,0,-23,-0.12404019385576248,3682,3685,"[10.0, 0.5, 16.5, 10.6, 15.5, 17.6, 0, 0]","[3.646, 3.647, 3.647]",0.262,"[2.9952, 3.3104, 5.0048, 7.3632, 8.457600000000001, 27.8256]","[0.03375, 0.6168750000000001, 0.00625, -0.004375, -0.005, -0.00125]",0,0,29.5,"[1, 1, 1, 1, 1, 1]",18.07093665077403,42.360217399999996,-71.093311,3,-28.423
1774902929.190087,"[0, 0, 0, 0, 0, 0]","[1291, 1500, 1600, 1600]","[-25.08, 0.0, 10.0, 10.0]","[-0.37770925390624993, 2.5267446640624995, 10.219601902343749]",0,3694.815185546875,0,30.999275283813475,"[0.0, -9.12475585788, 1.19018554668]","[0, 0, 0]",0,3,0.0,0.0,3.682,0,0,0,4294967.295,3750038.272,0,52316,0,11.019990921020508,14.330429077148438,-0.3958393633365631,0,state.FLIGHT,754,-22,0,-23,-0.12376610189676285,3682,3694,"[10.2, 0.5, 17.0, 10.6, 16.5, 16.5, 0, 0]","[3.646, 3.647, 3.647]",0.262,"[2.9936000000000003, 3.3120000000000003, 5.0048, 7.364800000000001, 8.457600000000001, 27.824]","[0.031875, 0.62375, 0.005, -0.001875, -0.0025, 0.000625]",0,0,29.5,"[1, 1, 1, 1, 1, 1]",18.007006616579073,42.360218599999996,-71.09330969999999,3,-28.476
1774902929.2501414,"[0, 0, 0, 0, 0, 0]","[1291, 1500, 1600, 1600]","[-25.08, 0.0, 10.0, 10.0]","[-0.37770925390624993, 2.5428336992187495, 10.298514789062498]",0,3703.7705078125,0,31.021135025024414,"[0.0, -10.71166992012, -1.77001953096]","[0, 0, 0]",0,3,0.0,0.0,3.697,0,0,0,4294967.295,3750038.272,0,52376,0,10.94913387298584,14.480603218078613,-0.3958393633365631,0,state.FLIGHT,755,-22,0,-23,-0.12348219752311707,3697,3703,"[10.6, 0.5, 17.0, 10.4, 15.0, 18.2, 0, 0]","[3.646, 3.647, 3.647]",0.262,"[2.9936000000000003, 3.3120000000000003, 5.0048, 7.364800000000001, 8.457600000000001, 27.824]","[0.031875, 0.62375, 0.005, -0.001875, -0.0025, 0.000625]",0,0,29.5,"[1, 1, 1, 1, 1, 1]",18.083191217378133,42.36022,-71.09330829999999,3,-28.524
1774902929.310142,"[0, 0, 0, 0, 0, 0]","[1291, 1500, 1600, 1600]","[-25.08, 0.0, 10.0, 10.0]","[-0.37770925390624993, 2.5236800859374995, 10.22573105859375]",0,3712.679931640625,0,31.00801918029785,"[0.0, -1.43432617164, 6.77490234264]","[0, 0, 0]",0,3,0.0,0.0,3.712,0,0,0,4294967.295,3750038.272,0,52436,0,10.964686393737793,14.720499992370605,-0.3958393633365631,0,state.FLIGHT,756,-22,0,-23,-0.12317615747451782,3712,3712,"[10.6, 0.5, 16.5, 10.4, 15.5, 16.5, 0, 0]","[3.646, 3.647, 3.647]",0.262,"[2.9968000000000004, 3.3120000000000003, 5.0016, 7.3632, 8.4368, 27.8288]","[0.033125, 0.24375, 0.000625, -0.00125, 0.000625, -0.004375]",0,0,29.5,"[1, 1, 1, 1, 1, 1]",18.28261686742389,42.36022,-71.09330829999999,3,-28.524
1774902929.3636668,"[0, 0, 0, 0, 0, 0]","[1291, 1500, 1600, 1600]","[-25.08, 0.0, 10.0, 10.0]","[-0.34936190624999997, 2.5390029765624997, 10.232626359374999]",0,3720.0712890625,0,30.990531387329103,"[0.0, -0.88500976548, -5.4931640616]","[0, 0, 0]",0,3,0.0,0.0,3.712,0,0,0,4294967.295,3750038.272,0,52490,0,10.622515678405762,14.712759017944336,-0.3958393633365631,0,state.FLIGHT,757,-22,0,-23,-0.12299289554357529,3712,3720,"[10.4, 0.5, 16.5, 10.8, 15.5, 17.0, 0, 0]","[3.646, 3.647, 3.647]",0.262,"[2.9952, 3.3120000000000003, 5.0048, 7.364800000000001, 8.4384, 27.8288]","[0.030625, 0.215, -0.001875, -0.001875, 0.000625, 0.000625]",0,0,29.5,"[1, 1, 1, 1, 1, 1]",18.07778679916159,42.3602208,-71.0933074,3,-28.582
1774902929.4246695,"[0, 0, 0, 0, 0, 0]","[1291, 1500, 1600, 1600]","[-25.08, 0.0, 10.0, 10.0]","[-0.38690298828124997, 2.5129540624999995, 10.21730346875]",0,3728.8984375,0,31.00801918029785,"[0.0, 0.70190429676, 15.35034179436]","[0, 0, 0]",0,3,0.0,0.0,3.725,0,0,0,4294967.295,3750038.272,0,52550,0,11.108628273010254,14.676140785217285,-0.3958393633365631,0,state.FLIGHT,758,-22,0,-23,-0.12269169837236404,3725,3728,"[10.6, 0.5, 15.9, 10.6, 15.9, 17.6, 0, 0]","[3.646, 3.647, 3.647]",0.262,"[2.9952, 3.3120000000000003, 5.0048, 7.364800000000001, 8.4384, 27.8288]","[0.030625, 0.215, -0.001875, -0.001875, 0.000625, 0.000625]",0,0,29.5,"[1, 1, 1, 1, 1, 1]",18.332302215986534,42.3602208,-71.0933074,3,-28.582
1774902929.4875953,"[0, 0, 0, 0, 0, 0]","[1291, 1500, 1600, 1600]","[-25.08, 0.0, 10.0, 10.0]","[-0.37311238671874997, 2.5198493632812498, 10.231860214843751]",0,3737.682861328125,0,30.99490333557129,"[0.0, 3.69262695252, -8.88061523292]","[0, 0, 0]",0,3,0.0,0.0,3.725,0,0,0,4294967.295,3750038.272,0,52610,0,11.245347023010254,14.745118141174316,-0.3958393633365631,0,state.FLIGHT,759,-22,0,-23,-0.12241750210523605,3725,3737,"[10.4, 0.5, 17.0, 10.6, 15.5, 17.0, 0, 0]","[3.646, 3.647, 3.647]",0.262,"[2.9968000000000004, 3.3136, 5.0032000000000005, 7.364800000000001, 8.457600000000001, 27.824]","[0.031875, 0.22187500000000002, -0.001875, 0.000625, 0.0, -0.003125]",0,0,29.5,"[1, 1, 1, 1, 1, 1]",18.467947540628437,42.3602201,-71.0933055,3,-28.612
1774902929.5456414,"[0, 0, 0, 0, 0, 0]","[1291, 1500, 1600, 1600]","[-25.08, 0.0, 10.0, 10.0]","[-0.36851551953124995, 2.4884374374999996, 10.231860214843751]",0,3746.421630859375,0,31.003647232055663,"[0.0, 1.31225585916, 20.9045410122]","[0, 0, 0]",0,3,0.0,0.0,3.742,0,0,0,4294967.295,3750038.272,0,52670,0,11.626843452453613,14.905004501342773,-0.3958393633365631,0,state.FLIGHT,760,-22,0,-23,-0.12215811759233475,3742,3746,"[10.4, 0.5, 16.5, 10.4, 15.5, 17.0, 0, 0]","[3.646, 3.647, 3.647]",0.262,"[2.9968000000000004, 3.3136, 5.0032000000000005, 7.364800000000001, 8.457600000000001, 27.824]","[0.031875, 0.22187500000000002, -0.001875, 0.000625, 0.0, -0.003125]",0,0,29.5,"[1, 1, 1, 1, 1, 1]",18.822089640584704,42.3602194,-71.0933058,3,-28.629
1774902929.5986419,"[0, 0, 0, 0, 0, 0]","[1291, 1500, 1600, 1600]","[-25.08, 0.0, 10.0, 10.0]","[-0.35932178515625, 2.51525249609375, 10.241053949218749]",0,3755.11767578125,0,31.003647232055663,"[0.0, 6.43920898332, 8.27026367052]","[0, 0, 0]",0,3,0.0,0.0,3.742,0,0,0,4294967.295,3750038.272,0,52724,0,11.757962226867676,14.927220344543457,-0.3958393633365631,0,state.FLIGHT,761,-22,0,-23,-0.12190117686986923,3742,3755,"[10.6, 0.5, 17.0, 10.8, 15.5, 17.0, 0, 0]","[3.646, 3.647, 3.647]",0.262,"[2.9984, 3.3120000000000003, 5.0032000000000005, 7.3616, 8.4304, 27.8288]","[0.039375, 0.376875, -0.000625, -0.003125, 0.0, -0.00625]",0,0,29.5,"[1, 1, 1, 1, 1, 1]",18.918792712834296,42.3602194,-71.0933058,3,-28.629
1774902929.6611545,"[0, 0, 0, 0, 0, 0]","[1291, 1500, 1600, 1600]","[-25.08, 0.0, 10.0, 10.0]","[-0.32944214843749997, 2.55355972265625, 10.216537324218748]",0,3763.77099609375,0,30.999275283813475,"[0.0, 7.2326660144399995, 13.09204101348]","[0, 0, 0]",0,3,0.0,0.0,3.756,0,0,0,4294967.295,3750038.272,0,52784,0,12.030786514282227,14.731891632080078,-0.3958393633365631,0,state.FLIGHT,762,-22,0,-23,-0.12161010503768921,3756,3763,"[11.1, 0.5, 17.0, 10.6, 17.0, 17.0, 0, 0]","[3.646, 3.647, 3.647]",0.262,"[2.9984, 3.3120000000000003, 5.0032000000000005, 7.3616, 8.4304, 27.8288]","[0.039375, 0.376875, -0.000625, -0.003125, 0.0, -0.00625]",0,0,29.5,"[1, 1, 1, 1, 1, 1]",18.93555908262186,42.3602208,-71.09330659999999,3,-28.654
1774902929.721689,"[0, 0, 0, 0, 0, 0]","[1291, 1500, 1600, 1600]","[-25.08, 0.0, 10.0, 10.0]","[-0.3754108203125, 2.5213816523437496, 10.210408167968751]",0,3772.378662109375,0,31.021135025024414,"[0.0, -4.97436523356, -12.57324218544]","[0, 0, 0]",0,3,0.0,0.0,3.77,0,0,0,4294967.295,3750038.272,0,52844,0,11.897436141967773,14.678783416748047,-0.3958393633365631,0,state.FLIGHT,763,-22,0,-23,-0.12133366614580154,3770,3772,"[10.6, 0.5, 17.0, 10.2, 15.9, 16.5, 0, 0]","[3.646, 3.647, 3.647]",0.262,"[2.9968000000000004, 3.3104, 5.0032000000000005, 7.368, 8.441600000000001, 27.8288]","[0.03625, 0.595625, 0.0025, 0.004375, -0.00125, -0.000625]",0,0,29.5,"[1, 1, 1, 1, 1, 1]",18.812133256715942,42.3602208,-71.09330659999999,3,-28.654
1774902929.7781944,"[0, 0, 0, 0, 0, 0]","[1291, 1500, 1600, 1600]","[-25.08, 0.0, 10.0, 10.0]","[-0.36162021874999994, 2.50146189453125, 10.22726334765625]",0,3780.943603515625,0,31.012391128540038,"[0.0, 0.33569335932, 12.39013671672]","[0, 0, 0]",0,3,0.0,0.0,3.77,0,0,0,4294967.295,3750038.272,0,52904,0,11.963383674621582,14.6268949508667,-0.3958393633365631,0,state.FLIGHT,764,-22,0,-23,-0.12107178568840027,3770,3780,"[10.2, 0.5, 16.5, 10.6, 16.5, 17.6, 0, 0]","[3.646, 3.647, 3.647]",0.262,"[2.9968000000000004, 3.3104, 5.0032000000000005, 7.368, 8.441600000000001, 27.8288]","[0.03625, 0.595625, 0.0025, 0.004375, -0.00125, -0.000625]",0,0,29.5,"[1, 1, 1, 1, 1, 1]",18.813210065181067,42.3602207,-71.09330609999999,3,-28.683
1774902929.8337033,"[0, 0, 0, 0, 0, 0]","[1291, 1500, 1600, 1600]","[-25.08, 0.0, 10.0, 10.0]","[-0.33863588281249996, 2.56428574609375, 10.228029492187499]",0,3788.048583984375,0,31.00801918029785,"[0.0, -2.04467773404, -2.92968749952]","[0, 0, 0]",0,3,0.0,0.0,3.785,0,0,0,4294967.295,3750038.272,0,52958,0,12.152761459350586,14.426705360412598,-0.3958393633365631,0,state.FLIGHT,765,-22,0,-23,-0.120855413377285,3785,3788,"[10.4, 0.5, 17.0, 10.4, 16.5, 16.5, 0, 0]","[3.646, 3.647, 3.647]",0.262,"[2.9968000000000004, 3.3104, 5.0048, 7.364800000000001, 8.440000000000001, 27.8288]","[0.0375, 0.56125, -0.001875, -0.000625, -0.001875, -0.0075]",0,0,29.5,"[1, 1, 1, 1, 1, 1]",18.779662106835946,42.3602207,-71.09330609999999,3,-28.683
1774902929.891704,"[0, 0, 0, 0, 0, 0]","[1291, 1500, 1600, 1600]","[-25.08, 0.0, 10.0, 10.0]","[-0.38077383203125, 2.4884374374999996, 10.23492479296875]",0,3796.534423828125,0,30.99490333557129,"[0.0, 6.6223144520399995, 0.79345703112]","[0, 0, 0]",0,3,0.0,0.0,3.785,0,0,0,4294967.295,3750038.272,0,53018,0,12.292253494262695,14.415102005004883,-0.3958393633365631,0,state.FLIGHT,766,-22,0,-23,-0.12062206119298935,3785,3796,"[10.2, 0.5, 17.0, 10.6, 15.5, 17.0, 0, 0]","[3.646, 3.647, 3.647]",0.262,"[2.9968000000000004, 3.3104, 5.0048, 7.364800000000001, 8.440000000000001, 27.8288]","[0.0375, 0.56125, -0.001875, -0.000625, -0.001875, -0.0075]",0,0,29.5,"[1, 1, 1, 1, 1, 1]",18.859568458732653,42.3602209,-71.0933065,3,-28.702
1774902929.953212,"[0, 0, 0, 0, 0, 0]","[1291, 1500, 1600, 1600]","[-25.08, 0.0, 10.0, 10.0]","[-0.3508941953125, 2.5213816523437496, 10.2372232265625]",0,3804.974365234375,0,31.021135025024414,"[0.0, -1.43432617164, -19.31762694996]","[0, 0, 0]",0,3,0.0,0.0,3.799,0,0,0,4294967.295,3750038.272,0,53078,0,12.20041275024414,14.440744400024414,-0.3958393633365631,0,state.FLIGHT,767,-22,0,-23,-0.12035489827394485,3799,3804,"[10.6, 0.5, 17.0, 10.4, 15.9, 17.0, 0, 0]","[3.646, 3.647, 3.647]",0.262,"[2.9952, 3.3104, 5.0048, 7.3584000000000005, 8.456000000000001, 27.824]","[0.038125, 0.241875, -0.001875, -0.005, -0.000625, -0.00125]",0,0,29.5,"[1, 1, 1, 1, 1, 1]",18.82048004410522,42.360219099999995,-71.0933055,3,-28.723
1774902930.0121844,"[0, 0, 0, 0, 0, 0]","[1291, 1500, 1600, 1600]","[-25.08, 0.0, 10.0, 10.0]","[-0.367749375, 2.571181046875, 10.198916]",0,3813.374755859375,0,31.0255069732666,"[0.0, 1.6784667966, 5.09643554604]","[0, 0, 0]",0,3,0.0,0.0,3.813,0,0,0,4294967.295,3750038.272,0,53138,0,11.952603340148926,14.590874671936035,-0.3958393633365631,0,state.FLIGHT,768,-22,0,-23,-0.12011400610208511,3813,3813,"[10.6, 0.5, 16.5, 10.6, 15.9, 15.9, 0, 0]","[3.646, 3.647, 3.647]",0.262,"[2.9952, 3.3104, 5.0048, 7.3584000000000005, 8.456000000000001, 27.824]","[0.038125, 0.241875, -0.001875, -0.005, -0.000625, -0.00125]",0,0,29.5,"[1, 1, 1, 1, 1, 1]",18.778916901438738,42.360219099999995,-71.0933055,3,-28.723
1774902930.0687037,"[0, 0, 0, 0, 0, 0]","[1291, 1500, 1600, 1600]","[-25.08, 0.0, 10.0, 10.0]","[-0.38537069921875, 2.47234840234375, 10.231860214843751]",0,3821.7294921875,0,31.0255069732666,"[0.0, -4.5471191398799995, -3.26538085884]","[0, 0, 0]",0,3,0.0,0.0,3.813,0,0,0,4294967.295,3750038.272,0,53192,0,11.948334693908691,14.898475646972656,-0.3958393633365631,0,state.FLIGHT,769,-22,0,-23,-0.11985139548778534,3813,3821,"[10.6, 0.5, 16.5, 10.4, 15.9, 18.2, 0, 0]","[3.646, 3.647, 3.647]",0.262,"[2.9968000000000004, 3.3104, 5.0048, 7.3664000000000005, 8.441600000000001, 27.824]","[0.036875, 0.184375, -0.000625, -0.00125, -0.00125, -0.000625]",0,0,29.5,"[1, 1, 1, 1, 1, 1]",19.01278092119072,42.3602187,-71.0933064,3,-28.713
1774902930.1302068,"[0, 0, 0, 0, 0, 0]","[1291, 1500, 1600, 1600]","[-25.08, 0.0, 10.0, 10.0]","[-0.3539587734375, 2.54130141015625, 10.215771179687499]",0,3830.038330078125,0,31.02987892150879,"[0.0, -10.89477538884, 2.31933593712]","[0, 0, 0]",0,3,0.0,0.0,3.827,0,0,0,4294967.295,3750038.272,0,53252,0,12.100007057189941,15.233558654785156,-0.3958393633365631,0,state.FLIGHT,770,-22,0,-23,-0.11960310488939285,3827,3830,"[10.6, 0.5, 16.5, 10.4, 16.5, 17.0, 0, 0]","[3.646, 3.647, 3.647]",0.262,"[2.9952, 3.3120000000000003, 5.0032000000000005, 7.3632, 8.4688, 27.8272]","[0.035, 0.2225, 0.000625, -0.0025, -0.000625, -0.004375]",0,0,29.5,"[1, 1, 1, 1, 1, 1]",19.364788795856608,42.3602187,-71.0933064,3,-28.713
1774902930.1872134,"[0, 0, 0, 0, 0, 0]","[1291, 1500, 1600, 1600]","[-25.08, 0.0, 10.0, 10.0]","[-0.367749375, 2.48613900390625, 10.24258623828125]",0,3838.3076171875,0,31.021135025024414,"[0.0, 2.71606445268, 5.85937499904]","[0, 0, 0]",0,3,0.0,0.0,3.827,0,0,0,4294967.295,3750038.272,0,53312,0,12.148537635803223,15.311683654785156,-0.3958393633365631,0,state.FLIGHT,771,-22,0,-23,-0.11934516578912735,3827,3838,"[10.4, 0.5, 16.5, 10.4, 15.9, 17.0, 0, 0]","[3.646, 3.647, 3.647]",0.262,"[2.9952, 3.3120000000000003, 5.0032000000000005, 7.3632, 8.4688, 27.8272]","[0.035, 0.2225, 0.000625, -0.0025, -0.000625, -0.004375]",0,0,29.5,"[1, 1, 1, 1, 1, 1]",19.454921090914386,42.3602175,-71.0933064,3,-28.694
1774902930.245894,"[0, 0, 0, 0, 0, 0]","[1291, 1500, 1600, 1600]","[-25.08, 0.0, 10.0, 10.0]","[-0.36085407421875, 2.52597851953125, 10.243352382812498]",0,3846.534423828125,0,31.016763076782226,"[0.0, 3.87573242124, -2.19726562464]","[0, 0, 0]",0,3,0.0,0.0,3.841,0,0,0,4294967.295,3750038.272,0,53372,0,12.017579078674316,15.1340970993042,-0.3958393633365631,0,state.FLIGHT,772,-22,0,-23,-0.11912520974874496,3841,3846,"[10.4, 0.5, 16.5, 10.2, 15.5, 16.5, 0, 0]","[3.646, 3.647, 3.647]",0.262,"[2.9968000000000004, 3.3104, 5.0048, 7.3632, 8.4304, 27.8256]","[0.03375, 0.2475, -0.00125, -0.00375, -0.00125, -0.00375]",0,0,29.5,"[1, 1, 1, 1, 1, 1]",19.23743344245081,42.360217899999995,-71.09330729999999,3,-28.695
1774902930.3048923,"[0, 0, 0, 0, 0, 0]","[1291, 1500, 1600, 1600]","[-25.08, 0.0, 10.0, 10.0]","[-0.36162021874999994, 2.49992960546875, 10.2249649140625]",0,3853.35595703125,0,31.016763076782226,"[0.0, -5.4016113272399995, 5.6457519521999995]","[0, 0, 0]",0,3,0.0,0.0,3.841,0,0,0,4294967.295,3750038.272,0,53426,0,11.973898887634277,15.292423248291016,-0.3958393633365631,0,state.FLIGHT,773,-22,0,-23,-0.11894747614860535,3841,3853,"[10.8, 0.5, 15.9, 10.4, 15.9, 17.0, 0, 0]","[3.646, 3.647, 3.647]",0.262,"[2.9968000000000004, 3.3104, 5.0048, 7.3632, 8.4304, 27.8256]","[0.03375, 0.2475, -0.00125, -0.00375, -0.00125, -0.00375]",0,0,29.5,"[1, 1, 1, 1, 1, 1]",19.333955570170097,42.360217899999995,-71.09330729999999,3,-28.695
1774902930.3634038,"[0, 0, 0, 0, 0, 0]","[1291, 1500, 1600, 1600]","[-25.08, 0.0, 10.0, 10.0]","[-0.367749375, 2.53823683203125, 10.216537324218748]",0,3861.50634765625,0,31.021135025024414,"[0.0, -2.04467773404, 1.92260742156]","[0, 0, 0]",0,3,0.0,0.0,3.854,0,0,0,4294967.295,3750038.272,0,53486,0,12.194272994995117,15.328422546386719,-0.3958393633365631,0,state.FLIGHT,774,-22,0,-23,-0.11867210268974304,3854,3861,"[10.2, 0.5, 17.6, 10.6, 15.0, 16.5, 0, 0]","[3.646, 3.647, 3.647]",0.262,"[2.9952, 3.3136, 5.0048, 7.3664000000000005, 8.443200000000001, 27.8288]","[0.03375, 0.25625, -0.003125, 0.00125, -0.005, -0.0025]",0,0,29.5,"[1, 1, 1, 1, 1, 1]",19.495782445640426,42.360217899999995,-71.093308,3,-28.702
1774902930.4234097,"[0, 0, 0, 0, 0, 0]","[1291, 1500, 1600, 1600]","[-25.08, 0.0, 10.0, 10.0]","[-0.3723462421875, 2.51908321875, 10.2188357578125]",0,3869.611083984375,0,31.021135025024414,"[0.0, -2.41088867148, -6.80541992076]","[0, 0, 0]",0,3,0.0,0.0,3.868,0,0,0,4294967.295,3750038.272,0,53546,0,12.371609687805176,15.383326530456543,-0.3958393633365631,0,state.FLIGHT,775,-22,0,-23,-0.11843448877334595,3868,3869,"[10.6, 0.5, 16.5, 10.6, 15.9, 15.9, 0, 0]","[3.646, 3.647, 3.647]",0.262,"[2.9952, 3.3136, 5.0048, 7.3664000000000005, 8.443200000000001, 27.8288]","[0.03375, 0.25625, -0.003125, 0.00125, -0.005, -0.0025]",0,0,29.5,"[1, 1, 1, 1, 1, 1]",19.646795117693237,42.360217899999995,-71.093308,3,-28.702
1774902930.4799182,"[0, 0, 0, 0, 0, 0]","[1291, 1500, 1600, 1600]","[-25.08, 0.0, 10.0, 10.0]","[-0.3723462421875, 2.522147796875, 10.19661756640625]",0,3877.670166015625,0,31.0255069732666,"[0.0, 0.51879882804, 14.8010253882]","[0, 0, 0]",0,3,0.0,0.0,3.868,0,0,0,4294967.295,3750038.272,0,53606,0,12.68778133392334,15.398588180541992,-0.3958393633365631,0,state.FLIGHT,776,-22,0,-23,-0.11819899082183838,3868,3877,"[10.6, 0.5, 17.0, 10.6, 16.5, 15.9, 0, 0]","[3.646, 3.647, 3.647]",0.262,"[2.9968000000000004, 3.3120000000000003, 5.0016, 7.36, 8.4512, 27.824]","[0.038125, 0.62, -0.000625, -0.001875, -0.0025, 0.000625]",0,0,29.5,"[1, 1, 1, 1, 1, 1]",19.85419660664214,42.3602178,-71.0933087,3,-28.722
1774902930.5370362,"[0, 0, 0, 0, 0, 0]","[1291, 1500, 1600, 1600]","[-25.08, 0.0, 10.0, 10.0]","[-0.34629732812499997, 2.5052926171875, 10.206577445312499]",0,3884.357421875,0,31.021135025024414,"[0.0, -7.7819824206, 15.13671874752]","[0, 0, 0]",0,3,0.0,0.0,3.88,0,0,0,4294967.295,3750038.272,0,53660,0,12.815000534057617,15.43721866607666,-0.3958393633365631,0,state.FLIGHT,777,-22,0,-23,-0.1180163025856018,3880,3884,"[10.6, 0.5, 15.9, 10.6, 15.5, 16.5, 0, 0]","[3.646, 3.647, 3.647]",0.262,"[2.9968000000000004, 3.3120000000000003, 5.0016, 7.36, 8.4512, 27.824]","[0.038125, 0.62, -0.000625, -0.001875, -0.0025, 0.000625]",0,0,29.5,"[1, 1, 1, 1, 1, 1]",19.963106985269317,42.3602178,-71.0933087,3,-28.722
1774902930.598035,"[0, 0, 0, 0, 0, 0]","[1291, 1500, 1600, 1600]","[-25.08, 0.0, 10.0, 10.0]","[-0.36162021874999994, 2.4938004492187495, 10.2356909375]",0,3892.34033203125,0,31.038622817993165,"[0.0, 8.20922851428, 1.3732910154]","[0, 0, 0]",0,3,0.0,0.0,3.88,0,0,0,4294967.295,3750038.272,0,53720,0,12.674007415771484,15.511070251464844,-0.3958393633365631,0,state.FLIGHT,778,-22,0,-23,-0.11777299642562866,3880,3892,"[10.6, 0.5, 16.5, 10.4, 16.5, 15.9, 0, 0]","[3.646, 3.647, 3.647]",0.262,"[2.9952, 3.3136, 5.0016, 7.3664000000000005, 8.448, 27.8288]","[0.0425, 0.576875, 0.005625, -0.000625, 0.0, -0.00625]",0,0,29.5,"[1, 1, 1, 1, 1, 1]",19.931573856839915,42.360216799999996,-71.09330829999999,3,-28.733
1774902930.6545453,"[0, 0, 0, 0, 0, 0]","[1291, 1500, 1600, 1600]","[-25.08, 0.0, 10.0, 10.0]","[-0.38000768749999997, 2.53670454296875, 10.22726334765625]",0,3900.283447265625,0,31.0255069732666,"[0.0, -1.43432617164, -3.11279296824]","[0, 0, 0]",0,3,0.0,0.0,3.893,0,0,0,4294967.295,3750038.272,0,53780,0,12.735328674316406,15.655171394348145,-0.3958393633365631,0,state.FLIGHT,779,-22,0,-23,-0.11754350364208221,3893,3900,"[10.6, 0.5, 17.0, 10.6, 15.9, 15.5, 0, 0]","[3.646, 3.647, 3.647]",0.262,"[2.9952, 3.3136, 5.0016, 7.3664000000000005, 8.448, 27.8288]","[0.0425, 0.576875, 0.005625, -0.000625, 0.0, -0.00625]",0,0,29.5,"[1, 1, 1, 1, 1, 1]",20.07992589572515,42.360216199999996,-71.0933087,3,-28.75
1774902930.7140574,"[0, 0, 0, 0, 0, 0]","[1291, 1500, 1600, 1600]","[-25.08, 0.0, 10.0, 10.0]","[-0.38537069921875, 2.4899697265625, 10.233392503906249]",0,3908.180908203125,0,31.02987892150879,"[0.0, -2.83813476516, 6.04248046776]","[0, 0, 0]",0,3,0.0,0.0,3.906,0,0,0,4294967.295,3750038.272,0,53840,0,12.691073417663574,15.76317024230957,-0.3958393633365631,0,state.FLIGHT,780,-22,0,-23,-0.11730446666479111,3906,3908,"[10.8, 0.5, 17.0, 10.6, 15.9, 16.5, 0, 0]","[3.646, 3.647, 3.647]",0.262,"[2.9952, 3.3136, 5.0032000000000005, 7.3632, 8.459200000000001, 27.8288]","[0.030625, 0.226875, -0.00125, -0.004375, 0.0025, -0.0025]",0,0,29.5,"[1, 1, 1, 1, 1, 1]",20.13562541087207,42.360216199999996,-71.0933087,3,-28.75
1774902930.7705739,"[0, 0, 0, 0, 0, 0]","[1291, 1500, 1600, 1600]","[-25.08, 0.0, 10.0, 10.0]","[-0.3723462421875, 2.53517225390625, 10.221134191406248]",0,3916.038818359375,0,31.02987892150879,"[0.0, -0.27465820308, -1.58691406224]","[0, 0, 0]",0,3,0.0,0.0,3.906,0,0,0,4294967.295,3750038.272,0,53894,0,12.80053997039795,15.787040710449219,-0.3958393633365631,0,state.FLIGHT,781,-22,0,-23,-0.11710260808467865,3906,3916,"[10.8, 0.5, 16.5, 10.6, 15.9, 17.0, 0, 0]","[3.646, 3.647, 3.647]",0.262,"[2.9952, 3.3136, 5.0032000000000005, 7.3632, 8.459200000000001, 27.8288]","[0.030625, 0.226875, -0.00125, -0.004375, 0.0025, -0.0025]",0,0,29.5,"[1, 1, 1, 1, 1, 1]",20.22135223565918,42.3602156,-71.09330969999999,3,-28.756
1774902930.8295875,"[0, 0, 0, 0, 0, 0]","[1291, 1500, 1600, 1600]","[-25.08, 0.0, 10.0, 10.0]","[-0.36698323046875, 2.522147796875, 10.224198769531249]",0,3923.85400390625,0,31.021135025024414,"[0.0, -3.99780273372, 9.39941406096]","[0, 0, 0]",0,3,0.0,0.0,3.921,0,0,0,4294967.295,3750038.272,0,53954,0,12.853386878967285,15.761314392089844,-0.3958393633365631,0,state.FLIGHT,782,-22,0,-23,-0.1168559119105339,3921,3923,"[10.6, 0.5, 16.5, 10.6, 17.0, 16.5, 0, 0]","[3.646, 3.647, 3.647]",0.262,"[2.9952, 3.3104, 5.0048, 7.36, 8.4544, 27.8256]","[0.03875, 0.2475, -0.003125, -0.005, -0.000625, -0.00125]",0,0,29.5,"[1, 1, 1, 1, 1, 1]",20.234284798754572,42.3602156,-71.09330969999999,3,-28.756
1774902930.8910944,"[0, 0, 0, 0, 0, 0]","[1291, 1500, 1600, 1600]","[-25.08, 0.0, 10.0, 10.0]","[-0.35012805078125, 2.5060587617187498, 10.22956178125]",0,3931.62646484375,0,31.0255069732666,"[0.0, -1.86157226532, 0.97656249984]","[0, 0, 0]",0,3,0.0,0.0,3.921,0,0,0,4294967.295,3750038.272,0,54014,0,12.94190502166748,15.868118286132812,-0.3958393633365631,0,state.FLIGHT,783,-22,0,-23,-0.11663474142551422,3921,3931,"[10.4, 0.5, 15.9, 11.1, 15.5, 16.5, 0, 0]","[3.646, 3.647, 3.647]",0.262,"[2.9952, 3.3120000000000003, 5.0032000000000005, 7.364800000000001, 8.4304, 27.8304]","[0.039375, 0.240625, 0.0, 0.000625, -0.005, -0.00375]",0,0,29.5,"[1, 1, 1, 1, 1, 1]",20.370843665929865,42.3602158,-71.09331379999999,3,-28.761
1774902930.9536085,"[0, 0, 0, 0, 0, 0]","[1291, 1500, 1600, 1600]","[-25.08, 0.0, 10.0, 10.0]","[-0.3692816640625, 2.51908321875, 10.228795636718749]",0,3939.359375,0,31.034250869750977,"[0.0, 0.51879882804, 18.310546872]","[0, 0, 0]",0,3,0.0,0.0,3.934,0,0,0,4294967.295,3750038.272,0,54074,0,13.154671669006348,16.02615737915039,-0.3958393633365631,0,state.FLIGHT,784,-22,0,-23,-0.1164388433098793,3934,3939,"[10.4, 0.5, 16.5, 10.6, 17.0, 15.9, 0, 0]","[3.646, 3.647, 3.647]",0.262,"[2.9952, 3.3120000000000003, 5.0032000000000005, 7.364800000000001, 8.4304, 27.8304]","[0.039375, 0.240625, 0.0, 0.000625, -0.005, -0.00375]",0,0,29.5,"[1, 1, 1, 1, 1, 1]",20.623550445873775,42.3602153,-71.0933136,3,-28.798
1774902931.0061755,"[0, 0, 0, 0, 0, 0]","[1291, 1500, 1600, 1600]","[-25.08, 0.0, 10.0, 10.0]","[-0.36391865234375, 2.52291394140625, 10.2249649140625]",0,3945.769287109375,0,31.016763076782226,"[0.0, -9.3078613266, -4.0588378899599995]","[0, 0, 0]",0,3,0.0,0.0,3.934,0,0,0,4294967.295,3750038.272,0,54128,0,13.142162322998047,15.891263008117676,-0.3958393633365631,0,state.FLIGHT,785,-22,0,-23,-0.11624600738286972,3934,3945,"[10.4, 0.5, 16.5, 10.8, 15.5, 17.0, 0, 0]","[3.646, 3.647, 3.647]",0.262,"[2.9952, 3.3104, 5.0048, 7.3632, 8.4464, 27.8288]","[0.03125, 0.26625, -0.004375, -0.00125, -0.005625, 0.0]",0,0,29.5,"[1, 1, 1, 1, 1, 1]",20.512962614645538,42.3602153,-71.0933136,3,-28.798
1774902931.0626898,"[0, 0, 0, 0, 0, 0]","[1291, 1500, 1600, 1600]","[-25.08, 0.0, 10.0, 10.0]","[-0.3570233515625, 2.5267446640624995, 10.2341586484375]",0,3953.4228515625,0,31.034250869750977,"[0.0, 5.82885742092, 15.7165527318]","[0, 0, 0]",0,3,0.0,0.0,3.947,0,0,0,4294967.295,3750038.272,0,54188,0,13.181855201721191,16.0737361907959,-0.3958393633365631,0,state.FLIGHT,786,-22,0,-23,-0.11603039503097534,3947,3953,"[10.6, 0.5, 17.0, 10.6, 15.5, 16.5, 0, 0]","[3.646, 3.647, 3.647]",0.262,"[2.9952, 3.3104, 5.0048, 7.3632, 8.4464, 27.8288]","[0.03125, 0.26625, -0.004375, -0.00125, -0.005625, 0.0]",0,0,29.5,"[1, 1, 1, 1, 1, 1]",20.676745493948427,42.360216,-71.09331399999999,3,-28.827
1774902931.1226962,"[0, 0, 0, 0, 0, 0]","[1291, 1500, 1600, 1600]","[-25.08, 0.0, 10.0, 10.0]","[-0.35932178515625, 2.5321076757812495, 10.2127066015625]",0,3961.036865234375,0,31.0255069732666,"[0.0, -6.9885253894799995, 3.44848632756]","[0, 0, 0]",0,3,0.0,0.0,3.959,0,0,0,4294967.295,3750038.272,0,54248,0,13.208080291748047,16.27515411376953,-0.3958393633365631,0,state.FLIGHT,787,-22,0,-23,-0.11582837998867035,3959,3961,"[10.8, 0.5, 17.0, 10.6, 16.5, 17.6, 0, 0]","[3.646, 3.647, 3.647]",0.262,"[2.9952, 3.3104, 5.0048, 7.364800000000001, 8.4304, 27.8256]","[0.040625, 0.6175, 0.0025, 0.0, -0.003125, -0.004375]",0,0,29.5,"[1, 1, 1, 1, 1, 1]",20.847064393746354,42.360216,-71.09331399999999,3,-28.827
1774902931.1832058,"[0, 0, 0, 0, 0, 0]","[1291, 1500, 1600, 1600]","[-25.08, 0.0, 10.0, 10.0]","[-0.36162021874999994, 2.5267446640624995, 10.22956178125]",0,3968.605224609375,0,31.0255069732666,"[0.0, -9.12475585788, -8.33129882676]","[0, 0, 0]",0,3,0.0,0.0,3.959,0,0,0,4294967.295,3750038.272,0,54308,0,13.305438041687012,16.34899139404297,-0.3958393633365631,0,state.FLIGHT,788,-22,0,-23,-0.11559344083070755,3959,3968,"[10.6, 0.5, 16.5, 10.4, 16.5, 15.9, 0, 0]","[3.646, 3.647, 3.647]",0.262,"[2.9952, 3.3104, 5.0048, 7.364800000000001, 8.4304, 27.8256]","[0.040625, 0.6175, 0.0025, 0.0, -0.003125, -0.004375]",0,0,29.5,"[1, 1, 1, 1, 1, 1]",20.96368402850174,42.3602163,-71.0933148,3,-28.841
1774902931.2412324,"[0, 0, 0, 0, 0, 0]","[1291, 1500, 1600, 1600]","[-25.08, 0.0, 10.0, 10.0]","[-0.36545094140624995, 2.49992960546875, 10.224198769531249]",0,3976.136962890625,0,31.0255069732666,"[0.0, -7.3547363269199995, 0.4577636718]","[0, 0, 0]",0,3,0.0,0.0,3.972,0,0,0,4294967.295,3750038.528,0,54362,0,13.292567253112793,16.473703384399414,-0.3958393633365631,0,state.FLIGHT,789,-22,0,-23,-0.11538375914096832,3972,3976,"[10.8, 0.5, 15.9, 10.2, 15.9, 15.9, 0, 0]","[3.646, 3.647, 3.647]",0.262,"[2.9952, 3.3104, 5.0048, 7.3696, 8.464, 27.8288]","[0.0375, 0.599375, 0.0025, 0.0025, -0.003125, -0.003125]",0,0,29.5,"[1, 1, 1, 1, 1, 1]",21.05141309231074,42.3602163,-71.0933148,3,-28.841
1774902931.296232,"[0, 0, 0, 0, 0, 0]","[1291, 1500, 1600, 1600]","[-25.08, 0.0, 10.0, 10.0]","[-0.36468479687499994, 2.52444623046875, 10.195085277343749]",0,3983.622802734375,0,31.021135025024414,"[0.0, 4.6691894523599995, 4.9133300773199995]","[0, 0, 0]",0,3,0.0,0.0,3.972,0,0,0,4294967.295,3750038.528,0,54422,0,13.108221054077148,16.35347557067871,-0.3958393633365631,0,state.FLIGHT,790,-22,0,-23,-0.1151873990893364,3972,3983,"[10.8, 0.5, 15.9, 10.6, 16.5, 16.5, 0, 0]","[3.646, 3.647, 3.647]",0.262,"[2.9952, 3.3104, 5.0048, 7.3696, 8.464, 27.8288]","[0.0375, 0.599375, 0.0025, 0.0025, -0.003125, -0.003125]",0,0,29.5,"[1, 1, 1, 1, 1, 1]",20.84595933779257,42.3602164,-71.0933151,3,-28.847
1774902931.3567443,"[0, 0, 0, 0, 0, 0]","[1291, 1500, 1600, 1600]","[-25.08, 0.0, 10.0, 10.0]","[-0.37004780859374997, 2.5252123749999997, 10.209642023437498]",0,3991.0693359375,0,31.034250869750977,"[0.0, -3.44848632756, 3.02124023388]","[0, 0, 0]",0,3,0.0,0.0,3.984,0,0,0,4294967.295,3750038.528,0,54482,0,13.16987133026123,16.546964645385742,-0.3958393633365631,0,state.FLIGHT,791,-22,0,-23,-0.11499279737472534,3984,3991,"[10.6, 0.5, 17.0, 10.4, 15.9, 16.5, 0, 0]","[3.646, 3.647, 3.647]",0.262,"[2.992, 3.3120000000000003, 5.0032000000000005, 7.3632, 8.448, 27.8288]","[0.033125, 0.5856250000000001, 0.004375, 0.0025, -0.003125, -0.004375]",0,0,29.5,"[1, 1, 1, 1, 1, 1]",21.032871061722044,42.3602169,-71.0933155,3,-28.876
1774902931.417755,"[0, 0, 0, 0, 0, 0]","[1291, 1500, 1600, 1600]","[-25.08, 0.0, 10.0, 10.0]","[-0.35472491796875, 2.516018640625, 10.23952166015625]",0,3998.47607421875,0,31.016763076782226,"[0.0, 10.95581054508, 7.50732421752]","[0, 0, 0]",0,3,0.0,0.0,3.997,0,0,0,4294967.295,3750038.528,0,54542,0,13.184526443481445,16.37669563293457,-0.3958393633365631,0,state.FLIGHT,792,-22,0,-23,-0.1147657260298729,3997,3998,"[10.8, 0.5, 17.6, 10.8, 16.5, 17.0, 0, 0]","[3.646, 3.647, 3.647]",0.262,"[2.992, 3.3120000000000003, 5.0032000000000005, 7.3632, 8.448, 27.8288]","[0.033125, 0.5856250000000001, 0.004375, 0.0025, -0.003125, -0.004375]",0,0,29.5,"[1, 1, 1, 1, 1, 1]",20.910560231064792,42.3602169,-71.0933155,3,-28.876
1774902931.4702582,"[0, 0, 0, 0, 0, 0]","[1291, 1500, 1600, 1600]","[-25.08, 0.0, 10.0, 10.0]","[-0.370813953125, 2.5298092421875, 10.219601902343749]",0,4004.61474609375,0,31.038622817993165,"[0.0, 3.69262695252, -7.20214843632]","[0, 0, 0]",0,3,0.0,0.0,3.997,0,0,0,4294967.295,3750038.528,0,54596,0,13.122679710388184,16.2977352142334,-0.3958393633365631,0,state.FLIGHT,793,-22,0,-23,-0.11461996287107468,3997,4004,"[10.6, 0.5, 16.5, 10.6, 14.6, 15.9, 0, 0]","[3.646, 3.647, 3.647]",0.262,"[2.9968000000000004, 3.3136, 5.0032000000000005, 7.3632, 8.459200000000001, 27.8288]","[0.036875, 0.24875, -0.000625, -0.0025, -0.001875, 0.0]",0,0,29.5,"[1, 1, 1, 1, 1, 1]",20.811899185741545,42.3602182,-71.0933172,3,-28.897
1774902931.5306594,"[0, 0, 0, 0, 0, 0]","[1291, 1500, 1600, 1600]","[-25.08, 0.0, 10.0, 10.0]","[-0.34936190624999997, 2.5114217734374997, 10.2356909375]",0,4011.942138671875,0,31.016763076782226,"[0.0, -7.3547363269199995, 14.0380859352]","[0, 0, 0]",0,3,0.0,0.0,4.009,0,0,0,4294967.295,3750038.528,0,54656,0,13.574081420898438,16.552261352539062,-0.3958393633365631,0,state.FLIGHT,794,-22,0,-23,-0.1144421175122261,4009,4011,"[10.4, 0.5, 15.9, 10.6, 16.5, 17.0, 0, 0]","[3.646, 3.647, 3.647]",0.262,"[2.9968000000000004, 3.3136, 5.0032000000000005, 7.3632, 8.459200000000001, 27.8288]","[0.036875, 0.24875, -0.000625, -0.0025, -0.001875, 0.0]",0,0,29.5,"[1, 1, 1, 1, 1, 1]",21.28519296862486,42.3602182,-71.0933172,3,-28.897
1774902931.592663,"[0, 0, 0, 0, 0, 0]","[1291, 1500, 1600, 1600]","[-25.08, 0.0, 10.0, 10.0]","[-0.37464467578124994, 2.5198493632812498, 10.24794925]",0,4019.22998046875,0,31.016763076782226,"[0.0, 1.92260742156, -5.340576171]","[0, 0, 0]",0,3,0.0,0.0,4.009,0,0,0,4294967.295,3750038.528,0,54716,0,13.47584056854248,16.627344131469727,-0.3958393633365631,0,state.FLIGHT,795,-22,0,-23,-0.11419747769832611,4009,4019,"[10.4, 0.5, 17.0, 10.6, 15.5, 16.5, 0, 0]","[3.646, 3.647, 3.647]",0.262,"[2.9984, 3.3120000000000003, 5.0032000000000005, 7.3632, 8.4464, 27.8288]","[0.035, 0.231875, -0.00125, -0.0075, -0.001875, -0.001875]",0,0,29.5,"[1, 1, 1, 1, 1, 1]",21.281952807176413,42.3602188,-71.0933191,3,-28.934
1774902931.654183,"[0, 0, 0, 0, 0, 0]","[1291, 1500, 1600, 1600]","[-25.08, 0.0, 10.0, 10.0]","[-0.35472491796875, 2.5374706874999995, 10.215005035156251]",0,4026.478271484375,0,31.04736671447754,"[0.0, -2.22778320276, 3.814697265]","[0, 0, 0]",0,3,0.0,0.0,4.021,0,0,0,4294967.295,3750038.528,0,54776,0,13.170928955078125,16.703678131103516,-0.3958393633365631,0,state.FLIGHT,796,-22,0,-23,-0.11400029808282852,4021,4026,"[10.6, 0.5, 17.0, 10.8, 15.9, 16.5, 0, 0]","[3.646, 3.647, 3.647]",0.262,"[2.9952, 3.3120000000000003, 5.0048, 7.3632, 8.4496, 27.8256]","[0.029375000000000002, 0.21625, -0.000625, 0.000625, -0.006875, -0.004375]",0,0,29.5,"[1, 1, 1, 1, 1, 1]",21.154820286956774,42.3602194,-71.093321,3,-28.967
1774902931.7066948,"[0, 0, 0, 0, 0, 0]","[1291, 1500, 1600, 1600]","[-25.08, 0.0, 10.0, 10.0]","[-0.3754108203125, 2.51372020703125, 10.24182009375]",0,4032.486083984375,0,31.02987892150879,"[0.0, -3.44848632756, 2.288818359]","[0, 0, 0]",0,3,0.0,0.0,4.032,0,0,0,4294967.295,3750038.528,0,54830,0,13.419195175170898,16.531190872192383,-0.3958393633365631,0,state.FLIGHT,797,-22,0,-23,-0.11388295143842697,4032,4032,"[10.8, 0.5, 17.0, 10.8, 16.5, 17.0, 0, 0]","[3.646, 3.647, 3.647]",0.262,"[2.9952, 3.3120000000000003, 5.0048, 7.3632, 8.4496, 27.8256]","[0.029375000000000002, 0.21625, -0.000625, 0.000625, -0.006875, -0.004375]",0,0,29.5,"[1, 1, 1, 1, 1, 1]",21.173384664048424,42.3602194,-71.093321,3,-28.967
1774902931.764206,"[0, 0, 0, 0, 0, 0]","[1291, 1500, 1600, 1600]","[-25.08, 0.0, 10.0, 10.0]","[-0.367749375, 2.5198493632812498, 10.232626359374999]",0,4039.657958984375,0,31.0255069732666,"[0.0, 2.8991699214, 0.42724609368]","[0, 0, 0]",0,3,0.0,0.0,4.032,0,0,0,4294967.295,3750038.528,0,54890,0,13.51380729675293,16.595855712890625,-0.3958393633365631,0,state.FLIGHT,798,-22,0,-23,-0.11365500837564468,4032,4039,"[10.2, 0.5, 17.0, 10.6, 15.5, 17.0, 0, 0]","[3.646, 3.647, 3.647]",0.262,"[2.9968000000000004, 3.3104, 5.0032000000000005, 7.3664000000000005, 8.4464, 27.824]","[0.035, 0.2525, -0.00125, 0.0, -0.00125, -0.000625]",0,0,29.5,"[1, 1, 1, 1, 1, 1]",21.281227107948865,42.360220299999995,-71.0933218,3,-29.005
1774902931.8262212,"[0, 0, 0, 0, 0, 0]","[1291, 1500, 1600, 1600]","[-25.08, 0.0, 10.0, 10.0]","[-0.38766913281249993, 2.5183170742187495, 10.2464169609375]",0,4046.787353515625,0,31.021135025024414,"[0.0, -13.2751464822, 5.6457519521999995]","[0, 0, 0]",0,3,0.0,0.0,4.044,0,0,0,4294967.295,3750038.528,0,54950,0,13.500680923461914,16.729549407958984,-0.3958393633365631,0,state.FLIGHT,799,-22,0,-23,-0.113462895154953,4044,4046,"[10.4, 0.5, 16.5, 10.6, 15.9, 17.6, 0, 0]","[3.646, 3.647, 3.647]",0.262,"[2.9968000000000004, 3.3104, 5.0032000000000005, 7.3664000000000005, 8.4464, 27.824]","[0.035, 0.2525, -0.00125, 0.0, -0.00125, -0.000625]",0,0,29.5,"[1, 1, 1, 1, 1, 1]",21.375635000872208,42.360220299999995,-71.0933218,3,-29.005
1774902931.8877163,"[0, 0, 0, 0, 0, 0]","[1291, 1500, 1600, 1600]","[-25.08, 0.0, 10.0, 10.0]","[-0.35932178515625, 2.5213816523437496, 10.224198769531249]",0,4053.877197265625,0,31.0255069732666,"[0.0, -6.7443847645199995, -5.12695312416]","[0, 0, 0]",0,3,0.0,0.0,4.044,0,0,0,4294967.295,3750038.528,0,55010,0,13.480813026428223,16.789384841918945,-0.3958393633365631,0,state.FLIGHT,800,-22,0,-23,-0.11326117068529129,4044,4053,"[10.6, 0.5, 16.5, 10.4, 15.5, 16.5, 0, 0]","[3.646, 3.647, 3.647]",0.262,"[2.9968000000000004, 3.3120000000000003, 5.0048, 7.3664000000000005, 8.4464, 27.8256]","[0.035, 0.62125, 0.00125, 0.0, -0.000625, -0.001875]",0,0,29.5,"[1, 1, 1, 1, 1, 1]",21.409464952803457,42.3602215,-71.0933206,3,-29.037
1774902931.938911,"[0, 0, 0, 0, 0, 0]","[1291, 1500, 1600, 1600]","[-25.08, 0.0, 10.0, 10.0]","[-0.35932178515625, 2.5183170742187495, 10.20887587890625]",0,4060.92724609375,0,31.038622817993165,"[0.0, -4.1809082024399995, 0.06103515624]","[0, 0, 0]",0,3,0.0,0.0,4.057,0,0,0,4294967.295,3750038.528,0,55064,0,13.398234367370605,16.950016021728516,-0.3958393633365631,0,state.FLIGHT,801,-22,0,-23,-0.11308389902114868,4057,4060,"[10.8, 0.5, 17.0, 10.4, 15.9, 17.0, 0, 0]","[3.646, 3.647, 3.647]",0.262,"[2.9968000000000004, 3.3120000000000003, 5.0048, 7.3664000000000005, 8.4464, 27.8256]","[0.035, 0.62125, 0.00125, 0.0, -0.000625, -0.001875]",0,0,29.5,"[1, 1, 1, 1, 1, 1]",21.483231162482966,42.3602215,-71.0933206,3,-29.037
1774902932.0029125,"[0, 0, 0, 0, 0, 0]","[1291, 1500, 1600, 1600]","[-25.08, 0.0, 10.0, 10.0]","[-0.3447650390625, 2.5129540624999995, 10.220368046875]",0,4067.9345703125,0,31.016763076782226,"[0.0, -3.814697265, -9.79614257652]","[0, 0, 0]",0,3,0.0,0.0,4.057,0,0,0,4294967.295,3750038.528,0,55124,0,13.380502700805664,16.921340942382812,-0.3958393633365631,0,state.FLIGHT,802,-22,0,-23,-0.11291968077421188,4057,4067,"[10.8, 0.5, 15.9, 10.6, 15.0, 17.6, 0, 0]","[3.646, 3.647, 3.647]",0.262,"[2.9952, 3.3104, 5.0, 7.3616, 8.443200000000001, 27.824]","[0.035, 0.595625, 0.006875, 0.00125, -0.0025, 0.0]",0,0,29.5,"[1, 1, 1, 1, 1, 1]",21.450293392876326,42.3602233,-71.093322,3,-29.054
1774902932.0598242,"[0, 0, 0, 0, 0, 0]","[1291, 1500, 1600, 1600]","[-25.08, 0.0, 10.0, 10.0]","[-0.3754108203125, 2.5129540624999995, 10.202746722656249]",0,4074.905517578125,0,31.042994766235353,"[0.0, 6.2561035145999995, 19.47021484056]","[0, 0, 0]",0,3,0.0,0.0,4.069,0,0,0,4294967.295,3750038.528,0,55184,0,13.582529067993164,16.899362564086914,-0.3958393633365631,0,state.FLIGHT,803,-22,0,-23,-0.11271189898252487,4069,4074,"[10.8, 0.5, 17.0, 10.4, 15.9, 15.9, 0, 0]","[3.646, 3.647, 3.647]",0.262,"[2.9952, 3.3104, 5.0, 7.3616, 8.443200000000001, 27.824]","[0.035, 0.595625, 0.006875, 0.00125, -0.0025, 0.0]",0,0,29.5,"[1, 1, 1, 1, 1, 1]",21.556267885900493,42.3602243,-71.0933232,3,-29.076
1774902932.1198416,"[0, 0, 0, 0, 0, 0]","[1291, 1500, 1600, 1600]","[-25.08, 0.0, 10.0, 10.0]","[-0.3723462421875, 2.5213816523437496, 10.2464169609375]",0,4081.83056640625,0,31.021135025024414,"[0.0, -3.02124023388, -2.56347656208]","[0, 0, 0]",0,3,0.0,0.0,4.08,0,0,0,4294967.295,3750038.528,0,55244,0,13.692380905151367,16.933542251586914,-0.3958393633365631,0,state.FLIGHT,804,-22,0,-23,-0.11252839863300323,4080,4081,"[10.6, 0.5, 17.0, 10.6, 15.9, 16.5, 0, 0]","[3.646, 3.647, 3.647]",0.262,"[2.9952, 3.3104, 5.0032000000000005, 7.368, 8.448, 27.8272]","[0.031875, 0.614375, 0.005, 0.0025, -0.000625, -0.001875]",0,0,29.5,"[1, 1, 1, 1, 1, 1]",21.649824120030694,42.3602243,-71.0933232,3,-29.076
1774902932.1723442,"[0, 0, 0, 0, 0, 0]","[1291, 1500, 1600, 1600]","[-25.08, 0.0, 10.0, 10.0]","[-0.35625720703125, 2.5267446640624995, 10.20887587890625]",0,4087.5732421875,0,31.012391128540038,"[0.0, -7.90405273308, -5.8898925771599995]","[0, 0, 0]",0,3,0.0,0.0,4.08,0,0,0,4294967.295,3750038.528,0,55298,0,13.72276496887207,17.045169830322266,-0.3958393633365631,0,state.FLIGHT,805,-22,0,-23,-0.11236546188592911,4080,4087,"[10.6, 0.5, 17.0, 10.8, 15.9, 17.6, 0, 0]","[3.646, 3.647, 3.647]",0.262,"[2.9952, 3.3104, 5.0032000000000005, 7.368, 8.448, 27.8272]","[0.031875, 0.614375, 0.005, 0.0025, -0.000625, -0.001875]",0,0,29.5,"[1, 1, 1, 1, 1, 1]",21.75413970049776,42.360223999999995,-71.0933234,3,-29.088
1774902932.238372,"[0, 0, 0, 0, 0, 0]","[1291, 1500, 1600, 1600]","[-25.08, 0.0, 10.0, 10.0]","[-0.35855564062499995, 2.5006957499999998, 10.22573105859375]",0,4094.425048828125,0,31.021135025024414,"[0.0, -3.814697265, 1.73950195284]","[0, 0, 0]",0,3,0.0,0.0,4.092,0,0,0,4294967.295,3750038.528,0,55358,0,13.96107006072998,17.131256103515625,-0.3958393633365631,0,state.FLIGHT,806,-22,0,-23,-0.11219630390405655,4092,4094,"[10.8, 0.5, 17.0, 10.4, 15.9, 16.5, 0, 0]","[3.646, 3.647, 3.647]",0.262,"[2.9952, 3.3152000000000004, 5.0048, 7.3632, 8.4288, 27.8288]","[0.02875, 0.234375, -0.00125, -0.004375, -0.0025, -0.000625]",0,0,29.5,"[1, 1, 1, 1, 1, 1]",21.966462635156063,42.360223999999995,-71.0933234,3,-29.088
1774902932.296375,"[0, 0, 0, 0, 0, 0]","[1291, 1500, 1600, 1600]","[-25.08, 0.0, 10.0, 10.0]","[-0.36545094140624995, 2.5336399648437498, 10.211174312499999]",0,4101.24072265625,0,31.016763076782226,"[0.0, -3.2043457026, 9.582519529679999]","[0, 0, 0]",0,3,0.0,0.0,4.092,0,0,0,4294967.295,3750038.528,0,55418,0,14.169855117797852,17.296669006347656,-0.3958393633365631,0,state.FLIGHT,807,-22,0,-23,-0.11201749742031097,4092,4101,"[10.6, 0.5, 17.6, 10.6, 15.5, 17.0, 0, 0]","[3.646, 3.647, 3.647]",0.262,"[2.9968000000000004, 3.3136, 5.0048, 7.364800000000001, 8.440000000000001, 27.8256]","[0.030625, 0.2125, -0.003125, -0.001875, 0.000625, -0.005625]",0,0,29.5,"[1, 1, 1, 1, 1, 1]",22.221570014844005,42.3602236,-71.0933242,3,-29.089
1774902932.3538816,"[0, 0, 0, 0, 0, 0]","[1291, 1500, 1600, 1600]","[-25.08, 0.0, 10.0, 10.0]","[-0.3539587734375, 2.5321076757812495, 10.2249649140625]",0,4108.01025390625,0,31.0255069732666,"[0.0, 1.12915039044, -1.80053710908]","[0, 0, 0]",0,3,0.0,0.0,4.103,0,0,0,4294967.295,3750038.528,0,55478,0,14.295042037963867,17.235675811767578,-0.3958393633365631,0,state.FLIGHT,808,-22,0,-23,-0.11185158789157867,4103,4108,"[10.4, 0.5, 17.0, 10.6, 15.5, 17.6, 0, 0]","[3.646, 3.647, 3.647]",0.262,"[2.9968000000000004, 3.3136, 5.0048, 7.364800000000001, 8.440000000000001, 27.8256]","[0.030625, 0.2125, -0.003125, -0.001875, 0.000625, -0.005625]",0,0,29.5,"[1, 1, 1, 1, 1, 1]",22.252864719003572,42.3602221,-71.0933256,3,-29.075
1774902932.408881,"[0, 0, 0, 0, 0, 0]","[1291, 1500, 1600, 1600]","[-25.08, 0.0, 10.0, 10.0]","[-0.37464467578124994, 2.49456659375, 10.221900335937498]",0,4114.7431640625,0,31.021135025024414,"[0.0, 6.8664550769999995, 8.0871582018]","[0, 0, 0]",0,3,0.0,0.0,4.114,0,0,0,4294967.295,3750038.528,0,55532,0,14.425053596496582,17.244110107421875,-0.3958393633365631,0,state.FLIGHT,809,-22,0,-23,-0.11166489869356155,4114,4114,"[10.6, 0.5, 15.9, 10.8, 15.9, 15.9, 0, 0]","[3.646, 3.647, 3.647]",0.262,"[2.9952, 3.3104, 5.0032000000000005, 7.3664000000000005, 8.4496, 27.8256]","[0.03125, 0.2325, -0.004375, -0.00125, 0.000625, -0.003125]",0,0,29.5,"[1, 1, 1, 1, 1, 1]",22.340417394173247,42.3602221,-71.0933256,3,-29.075
1774902932.4704013,"[0, 0, 0, 0, 0, 0]","[1291, 1500, 1600, 1600]","[-25.08, 0.0, 10.0, 10.0]","[-0.36238636328125, 2.5114217734374997, 10.2188357578125]",0,4121.43701171875,0,31.02987892150879,"[0.0, -10.34545898268, 3.02124023388]","[0, 0, 0]",0,3,0.0,0.0,4.114,0,0,0,4294967.295,3750038.528,0,55592,0,14.34691333770752,17.608474731445312,-0.3958393633365631,0,state.FLIGHT,810,-22,0,-23,-0.11150204390287399,4114,4121,"[10.2, 0.5, 17.6, 10.6, 15.9, 17.0, 0, 0]","[3.646, 3.647, 3.647]",0.262,"[2.9952, 3.3104, 5.0032000000000005, 7.3664000000000005, 8.4496, 27.8256]","[0.03125, 0.2325, -0.004375, -0.00125, 0.000625, -0.003125]",0,0,29.5,"[1, 1, 1, 1, 1, 1]",22.56865316736901,42.360220999999996,-71.09332719999999,3,-29.042
1774902932.5292597,"[0, 0, 0, 0, 0, 0]","[1291, 1500, 1600, 1600]","[-25.08, 0.0, 10.0, 10.0]","[-0.37617696484374996, 2.52751080859375, 10.243352382812498]",0,4128.087890625,0,31.0255069732666,"[0.0, -4.4250488273999995, 6.3781738270799995]","[0, 0, 0]",0,3,0.0,0.0,4.125,0,0,0,4294967.295,3750038.528,0,55652,0,14.243742942810059,17.700040817260742,-0.3958393633365631,0,state.FLIGHT,811,-22,0,-23,-0.11131860315799713,4125,4128,"[10.8, 0.5, 15.9, 10.4, 15.9, 16.5, 0, 0]","[3.646, 3.647, 3.647]",0.262,"[2.9952, 3.3120000000000003, 5.0048, 7.3584000000000005, 8.4608, 27.8256]","[0.038125, 0.249375, -0.004375, -0.003125, 0.0025, 0.0]",0,0,29.5,"[1, 1, 1, 1, 1, 1]",22.57551670599152,42.360220999999996,-71.09332719999999,3,-29.042
1774902932.5867696,"[0, 0, 0, 0, 0, 0]","[1291, 1500, 1600, 1600]","[-25.08, 0.0, 10.0, 10.0]","[-0.35778949609375, 2.5098894843749995, 10.2372232265625]",0,4134.69873046875,0,31.034250869750977,"[0.0, 6.43920898332, 1.73950195284]","[0, 0, 0]",0,3,0.0,0.0,4.125,0,0,0,4294967.295,3750038.528,0,55712,0,14.39479923248291,17.595674514770508,-0.3958393633365631,0,state.FLIGHT,812,-22,0,-23,-0.11114789545536041,4125,4134,"[10.6, 0.5, 17.0, 10.8, 15.9, 16.5, 0, 0]","[3.646, 3.647, 3.647]",0.262,"[2.9952, 3.3120000000000003, 5.0048, 7.3584000000000005, 8.4608, 27.8256]","[0.038125, 0.249375, -0.004375, -0.003125, 0.0025, 0.0]",0,0,29.5,"[1, 1, 1, 1, 1, 1]",22.58839264377988,42.36022,-71.093329,3,-29.005
1774902932.6412883,"[0, 0, 0, 0, 0, 0]","[1291, 1500, 1600, 1600]","[-25.08, 0.0, 10.0, 10.0]","[-0.3692816640625, 2.51372020703125, 10.207343589843749]",0,4140.17919921875,0,31.034250869750977,"[0.0, -3.99780273372, 9.94873046712]","[0, 0, 0]",0,3,0.0,0.0,4.136,0,0,0,4294967.295,3750038.528,0,55766,0,14.450125694274902,17.787561416625977,-0.3958393633365631,0,state.FLIGHT,813,-22,0,-23,-0.11101790517568588,4136,4140,"[10.8, 0.5, 15.9, 10.6, 15.9, 17.0, 0, 0]","[3.646, 3.647, 3.647]",0.262,"[3.0, 3.3120000000000003, 5.0032000000000005, 7.364800000000001, 8.464, 27.8272]","[0.03375, 0.62375, 0.004375, -0.006875, 0.000625, -0.0025]",0,0,29.5,"[1, 1, 1, 1, 1, 1]",22.768918338690312,42.36022,-71.093329,3,-29.005
1774902932.705811,"[0, 0, 0, 0, 0, 0]","[1291, 1500, 1600, 1600]","[-25.08, 0.0, 10.0, 10.0]","[-0.3570233515625, 2.52751080859375, 10.2556106953125]",0,4146.71728515625,0,31.04736671447754,"[0.0, 1.92260742156, -3.47900390568]","[0, 0, 0]",0,3,0.0,0.0,4.136,0,0,0,4294967.295,3750038.528,0,55826,0,14.70554256439209,17.87973403930664,-0.3958393633365631,0,state.FLIGHT,814,-22,0,-23,-0.11086107045412064,4136,4146,"[10.8, 0.5, 15.9, 10.6, 15.5, 17.0, 0, 0]","[3.646, 3.647, 3.647]",0.262,"[3.0, 3.3120000000000003, 5.0032000000000005, 7.364800000000001, 8.464, 27.8272]","[0.03375, 0.62375, 0.004375, -0.006875, 0.000625, -0.0025]",0,0,29.5,"[1, 1, 1, 1, 1, 1]",22.99655975505055,42.3602187,-71.0933304,3,-28.971
1774902932.761339,"[0, 0, 0, 0, 0, 0]","[1291, 1500, 1600, 1600]","[-25.08, 0.0, 10.0, 10.0]","[-0.376943109375, 2.5374706874999995, 10.22573105859375]",0,4153.2158203125,0,31.02987892150879,"[0.0, -1.25122070292, 2.83813476516]","[0, 0, 0]",0,3,0.0,0.0,4.147,0,0,0,4294967.295,3750038.528,0,55886,0,14.869135856628418,17.931608200073242,-0.3958393633365631,0,state.FLIGHT,815,-22,0,-23,-0.11067260056734085,4147,4153,"[10.4, 0.5, 17.0, 10.8, 16.5, 16.5, 0, 0]","[3.646, 3.647, 3.647]",0.262,"[2.9952, 3.3136, 5.0048, 7.368, 8.4384, 27.8288]","[0.038125, 0.62375, 0.00625, -0.000625, -0.0025, -0.00375]",0,0,29.5,"[1, 1, 1, 1, 1, 1]",23.137324087114898,42.3602171,-71.09333219999999,3,-28.941
1774902932.821343,"[0, 0, 0, 0, 0, 0]","[1291, 1500, 1600, 1600]","[-25.08, 0.0, 10.0, 10.0]","[-0.36162021874999994, 2.5083571953125, 10.231860214843751]",0,4159.67431640625,0,31.012391128540038,"[0.0, -3.63159179628, -6.43920898332]","[0, 0, 0]",0,3,0.0,0.0,4.158,0,0,0,4294967.295,3750038.528,0,55946,0,14.819135665893555,18.009794235229492,-0.3958393633365631,0,state.FLIGHT,816,-22,0,-23,-0.11050780117511749,4158,4159,"[10.2, 0.5, 16.5, 10.4, 17.0, 15.9, 0, 0]","[3.646, 3.647, 3.647]",0.262,"[2.9952, 3.3136, 5.0048, 7.368, 8.4384, 27.8288]","[0.038125, 0.62375, 0.00625, -0.000625, -0.0025, -0.00375]",0,0,29.5,"[1, 1, 1, 1, 1, 1]",23.16564073485166,42.3602171,-71.09333219999999,3,-28.941
1774902932.8748848,"[0, 0, 0, 0, 0, 0]","[1291, 1500, 1600, 1600]","[-25.08, 0.0, 10.0, 10.0]","[-0.34629732812499997, 2.51678478515625, 10.223432625]",0,4165.02685546875,0,31.021135025024414,"[0.0, -3.63159179628, 2.65502929644]","[0, 0, 0]",0,3,0.0,0.0,4.158,0,0,0,4294967.295,3750038.528,0,56000,0,14.839005470275879,18.07489585876465,-0.3958393633365631,0,state.FLIGHT,817,-22,0,-23,-0.11038263142108917,4158,4165,"[10.8, 0.5, 16.5, 10.6, 15.5, 16.5, 0, 0]","[3.646, 3.647, 3.647]",0.262,"[2.9952, 3.3104, 5.0048, 7.3584000000000005, 8.4608, 27.8256]","[0.03375, 0.2475, -0.000625, -0.0025, 0.0, -0.00125]",0,0,29.5,"[1, 1, 1, 1, 1, 1]",23.22740234372514,42.3602163,-71.0933318,3,-28.941
1774902932.938382,"[0, 0, 0, 0, 0, 0]","[1291, 1500, 1600, 1600]","[-25.08, 0.0, 10.0, 10.0]","[-0.37004780859374997, 2.51525249609375, 10.231860214843751]",0,4171.41259765625,0,31.021135025024414,"[0.0, 1.6784667966, 4.51660156176]","[0, 0, 0]",0,3,0.0,0.0,4.168,0,0,0,4294967.295,3750038.528,0,56060,0,14.873187065124512,18.26470947265625,-0.3958393633365631,0,state.FLIGHT,818,-22,0,-23,-0.11020959913730621,4168,4171,"[10.8, 0.5, 15.9, 10.8, 17.0, 17.0, 0, 0]","[3.646, 3.647, 3.647]",0.262,"[2.9952, 3.3104, 5.0048, 7.3584000000000005, 8.4608, 27.8256]","[0.03375, 0.2475, -0.000625, -0.0025, 0.0, -0.00125]",0,0,29.5,"[1, 1, 1, 1, 1, 1]",23.393025696210568,42.3602163,-71.0933318,3,-28.941
1774902932.9953806,"[0, 0, 0, 0, 0, 0]","[1291, 1500, 1600, 1600]","[-25.08, 0.0, 10.0, 10.0]","[-0.36391865234375, 2.51065562890625, 10.207343589843749]",0,4177.75830078125,0,31.038622817993165,"[0.0, -1.6784667966, -2.38037109336]","[0, 0, 0]",0,3,0.0,0.0,4.168,0,0,0,4294967.295,3750038.528,0,56120,0,14.9256591796875,18.509479522705078,-0.3958393633365631,0,state.FLIGHT,819,-22,0,-23,-0.11006000638008118,4168,4177,"[10.6, 0.5, 17.0, 10.6, 16.5, 16.5, 0, 0]","[3.646, 3.647, 3.647]",0.262,"[2.9968000000000004, 3.3104, 5.0032000000000005, 7.3664000000000005, 8.456000000000001, 27.8288]","[0.031875, 0.24625, -0.004375, -0.00375, -0.001875, 0.000625]",0,0,29.5,"[1, 1, 1, 1, 1, 1]",23.61222866177505,42.3602158,-71.093332,3,-28.925
1774902933.0552971,"[0, 0, 0, 0, 0, 0]","[1291, 1500, 1600, 1600]","[-25.08, 0.0, 10.0, 10.0]","[-0.36315250781249997, 2.5083571953125, 10.2127066015625]",0,4184.06494140625,0,31.042994766235353,"[0.0, -2.22778320276, -3.11279296824]","[0, 0, 0]",0,3,0.0,0.0,4.178,0,0,0,4294967.295,3750038.528,0,56180,0,14.793548583984375,18.564395904541016,-0.3958393633365631,0,state.FLIGHT,820,-22,0,-23,-0.10988999903202057,4178,4184,"[10.4, 0.5, 15.9, 10.4, 15.9, 17.6, 0, 0]","[3.646, 3.647, 3.647]",0.262,"[2.9952, 3.3104, 5.0032000000000005, 7.3632, 8.4464, 27.8256]","[0.034375, 0.225625, -0.000625, -0.004375, -0.00125, 0.0025]",0,0,29.5,"[1, 1, 1, 1, 1, 1]",23.57413327544153,42.3602164,-71.0933309,3,-28.982
1774902933.1122985,"[0, 0, 0, 0, 0, 0]","[1291, 1500, 1600, 1600]","[-25.08, 0.0, 10.0, 10.0]","[-0.36391865234375, 2.5236800859374995, 10.21730346875]",0,4190.33154296875,0,31.038622817993165,"[0.0, -1.86157226532, -3.6621093744]","[0, 0, 0]",0,3,0.0,0.0,4.19,0,0,0,4294967.295,3750038.528,0,56234,0,14.633362770080566,18.606060028076172,-0.3958393633365631,0,state.FLIGHT,821,-22,0,-23,-0.10969948023557663,4190,4190,"[10.8, 0.5, 16.5, 10.6, 16.5, 16.5, 0, 0]","[3.646, 3.647, 3.647]",0.262,"[2.9952, 3.3104, 5.0032000000000005, 7.3632, 8.4464, 27.8256]","[0.034375, 0.225625, -0.000625, -0.004375, -0.00125, 0.0025]",0,0,29.5,"[1, 1, 1, 1, 1, 1]",23.50974097741623,42.3602164,-71.0933309,3,-28.982
1774902933.171819,"[0, 0, 0, 0, 0, 0]","[1291, 1500, 1600, 1600]","[-25.08, 0.0, 10.0, 10.0]","[-0.36698323046875, 2.53517225390625, 10.237989371093748]",0,4196.55859375,0,31.042994766235353,"[0.0, 3.08227539012, 2.50244140584]","[0, 0, 0]",0,3,0.0,0.0,4.19,0,0,0,4294967.295,3750038.528,0,56294,0,14.784751892089844,18.720806121826172,-0.3958393633365631,0,state.FLIGHT,822,-22,0,-23,-0.10957639664411545,4190,4196,"[10.8, 0.5, 16.5, 10.6, 15.9, 16.5, 0, 0]","[3.646, 3.647, 3.647]",0.262,"[2.9968000000000004, 3.3120000000000003, 5.0048, 7.3632, 8.4608, 27.8272]","[0.0425, 0.225625, -0.003125, -0.00375, -0.0025, 0.000625]",0,0,29.5,"[1, 1, 1, 1, 1, 1]",23.689422898624073,42.3602163,-71.09333,3,-28.952
1774902933.2293322,"[0, 0, 0, 0, 0, 0]","[1291, 1500, 1600, 1600]","[-25.08, 0.0, 10.0, 10.0]","[-0.3784753984375, 2.50682490625, 10.2188357578125]",0,4202.74951171875,0,31.0255069732666,"[0.0, 2.47192382772, 4.7302246086]","[0, 0, 0]",0,3,0.0,0.0,4.2,0,0,0,4294967.295,3750038.528,0,56354,0,14.80488109588623,18.69147491455078,-0.3958393633365631,0,state.FLIGHT,823,-22,0,-23,-0.10941075533628464,4200,4202,"[10.6, 0.5, 18.2, 11.1, 15.0, 17.0, 0, 0]","[3.646, 3.647, 3.647]",0.262,"[2.9968000000000004, 3.3120000000000003, 5.0048, 7.3632, 8.4608, 27.8272]","[0.0425, 0.225625, -0.003125, -0.00375, -0.0025, 0.000625]",0,0,29.5,"[1, 1, 1, 1, 1, 1]",23.6789013854993,42.3602163,-71.09333,3,-28.952
1774902933.2918413,"[0, 0, 0, 0, 0, 0]","[1291, 1500, 1600, 1600]","[-25.08, 0.0, 10.0, 10.0]","[-0.3754108203125, 2.522147796875, 10.224198769531249]",0,4208.8974609375,0,31.02987892150879,"[0.0, -1.0681152342, -17.82226562208]","[0, 0, 0]",0,3,0.0,0.0,4.2,0,0,0,4294967.295,3750038.528,0,56414,0,14.3971529006958,18.80746078491211,-0.3958393633365631,0,state.FLIGHT,824,-22,0,-23,-0.10926850140094757,4200,4208,"[10.6, 0.5, 17.0, 10.6, 15.0, 17.0, 0, 0]","[3.646, 3.647, 3.647]",0.262,"[2.9968000000000004, 3.3120000000000003, 5.0048, 7.368, 8.475200000000001, 27.8256]","[0.03375, 0.261875, 0.00125, -0.000625, -0.000625, -0.00375]",0,0,29.5,"[1, 1, 1, 1, 1, 1]",23.525922069963272,42.3602151,-71.0933281,3,-28.935
1774902933.3453667,"[0, 0, 0, 0, 0, 0]","[1291, 1500, 1600, 1600]","[-25.08, 0.0, 10.0, 10.0]","[-0.35549106249999995, 2.5198493632812498, 10.237989371093748]",0,4213.99072265625,0,31.02987892150879,"[0.0, -3.02124023388, -1.2207031248]","[0, 0, 0]",0,3,0.0,0.0,4.21,0,0,0,4294967.295,3750038.528,0,56468,0,14.574878692626953,18.862356185913086,-0.3958393633365631,0,state.FLIGHT,825,-22,0,-23,-0.10914190858602524,4210,4213,"[10.4, 0.5, 16.5, 10.6, 16.5, 17.0, 0, 0]","[3.646, 3.647, 3.647]",0.262,"[2.9968000000000004, 3.3120000000000003, 5.0048, 7.368, 8.475200000000001, 27.8256]","[0.03375, 0.261875, 0.00125, -0.000625, -0.000625, -0.00375]",0,0,29.5,"[1, 1, 1, 1, 1, 1]",23.673882417816166,42.3602151,-71.0933281,3,-28.935
1774902933.4033663,"[0, 0, 0, 0, 0, 0]","[1291, 1500, 1600, 1600]","[-25.08, 0.0, 10.0, 10.0]","[-0.35932178515625, 2.534406109375, 10.223432625]",0,4220.068359375,0,31.038622817993165,"[0.0, -1.25122070292, 4.69970703048]","[0, 0, 0]",0,3,0.0,0.0,4.21,0,0,0,4294967.295,3750038.528,0,56528,0,14.651471138000488,18.908140182495117,-0.3958393633365631,0,state.FLIGHT,826,-22,0,-23,-0.10902399569749832,4210,4220,"[10.4, 0.5, 16.5, 10.6, 15.9, 16.5, 0, 0]","[3.646, 3.647, 3.647]",0.262,"[2.9952, 3.3120000000000003, 5.0032000000000005, 7.3616, 8.4336, 27.824]","[0.03625, 0.61625, 0.0025, -0.003125, -0.003125, -0.00125]",0,0,29.5,"[1, 1, 1, 1, 1, 1]",23.75499846203045,42.3602144,-71.0933277,3,-28.907
1774902933.4638932,"[0, 0, 0, 0, 0, 0]","[1291, 1500, 1600, 1600]","[-25.08, 0.0, 10.0, 10.0]","[-0.35932178515625, 2.52597851953125, 10.2464169609375]",0,4226.103515625,0,31.04736671447754,"[0.0, -11.87133788868, -1.9836425778]","[0, 0, 0]",0,3,0.0,0.0,4.221,0,0,0,4294967.295,3750038.528,0,56588,0,14.891321182250977,19.318267822265625,-0.3958393633365631,0,state.FLIGHT,827,-22,0,-23,-0.10884209722280502,4221,4226,"[10.6, 0.5, 16.5, 10.6, 15.9, 16.5, 0, 0]","[3.646, 3.647, 3.647]",0.262,"[2.9952, 3.3120000000000003, 5.0032000000000005, 7.3616, 8.4336, 27.824]","[0.03625, 0.61625, 0.0025, -0.003125, -0.003125, -0.00125]",0,0,29.5,"[1, 1, 1, 1, 1, 1]",24.216570189047516,42.3602136,-71.0933278,3,-28.877
1774902933.5271354,"[0, 0, 0, 0, 0, 0]","[1291, 1500, 1600, 1600]","[-25.08, 0.0, 10.0, 10.0]","[-0.367749375, 2.5198493632812498, 10.21730346875]",0,4232.10205078125,0,31.0255069732666,"[0.0, -2.77709960892, 1.00708007796]","[0, 0, 0]",0,3,0.0,0.0,4.231,0,0,0,4294967.295,3750038.528,0,56648,0,14.91242790222168,19.446443557739258,-0.3958393633365631,0,state.FLIGHT,828,-22,0,-23,-0.10869430005550385,4231,4232,"[10.4, 0.5, 15.9, 10.8, 16.5, 17.0, 0, 0]","[3.646, 3.647, 3.647]",0.262,"[2.992, 3.3136, 5.0016, 7.3616, 8.4544, 27.8288]","[0.035625000000000004, 0.588125, 0.0025, -0.000625, -0.003125, -0.000625]",0,0,29.5,"[1, 1, 1, 1, 1, 1]",24.329023256533535,42.3602136,-71.0933278,3,-28.877
1774902933.5786428,"[0, 0, 0, 0, 0, 0]","[1291, 1500, 1600, 1600]","[-25.08, 0.0, 10.0, 10.0]","[-0.376943109375, 2.50682490625, 10.211940457031249]",0,4238.06396484375,0,31.02987892150879,"[0.0, 2.47192382772, -3.26538085884]","[0, 0, 0]",0,3,0.0,0.0,4.231,0,0,0,4294967.295,3750038.528,0,56702,0,14.93774127960205,19.524450302124023,-0.3958393633365631,0,state.FLIGHT,829,-22,0,-23,-0.10855875164270401,4231,4238,"[10.4, 0.5, 17.0, 10.6, 16.5, 17.0, 0, 0]","[3.646, 3.647, 3.647]",0.262,"[2.992, 3.3136, 5.0016, 7.3616, 8.4544, 27.8288]","[0.035625000000000004, 0.588125, 0.0025, -0.000625, -0.003125, -0.000625]",0,0,29.5,"[1, 1, 1, 1, 1, 1]",24.40486055196976,42.360213099999996,-71.0933277,3,-28.864
1774902933.6391647,"[0, 0, 0, 0, 0, 0]","[1291, 1500, 1600, 1600]","[-25.08, 0.0, 10.0, 10.0]","[-0.376943109375, 2.5022280390624996, 10.23645708203125]",0,4243.9833984375,0,31.04736671447754,"[0.0, 14.31274413828, 3.44848632756]","[0, 0, 0]",0,3,0.0,0.0,4.241,0,0,0,4294967.295,3750038.528,0,56762,0,15.284405708312988,19.33829116821289,-0.3958393633365631,0,state.FLIGHT,830,-22,0,-23,-0.10840290039777756,4241,4243,"[10.8, 0.5, 16.5, 10.6, 15.9, 17.0, 0, 0]","[3.646, 3.647, 3.647]",0.262,"[2.9936000000000003, 3.3120000000000003, 5.0048, 7.3616, 8.4608, 27.8256]","[0.0375, 0.618125, 0.00625, -0.004375, -0.0025, -0.005625]",0,0,29.5,"[1, 1, 1, 1, 1, 1]",24.466347482546638,42.360213099999996,-71.0933277,3,-28.864
1774902933.6971667,"[0, 0, 0, 0, 0, 0]","[1291, 1500, 1600, 1600]","[-25.08, 0.0, 10.0, 10.0]","[-0.35242648437499996, 2.5451321328125, 10.220368046875]",0,4249.86279296875,0,31.021135025024414,"[0.0, 8.20922851428, 13.82446288836]","[0, 0, 0]",0,3,0.0,0.0,4.241,0,0,0,4294967.295,3750038.528,0,56822,0,15.487385749816895,19.331579208374023,-0.3958393633365631,0,state.FLIGHT,831,-22,0,-23,-0.10828085243701935,4241,4249,"[10.4, 0.5, 15.9, 10.6, 15.9, 17.0, 0, 0]","[3.646, 3.647, 3.647]",0.262,"[2.9936000000000003, 3.3120000000000003, 5.0048, 7.3616, 8.4608, 27.8256]","[0.0375, 0.618125, 0.00625, -0.004375, -0.0025, -0.005625]",0,0,29.5,"[1, 1, 1, 1, 1, 1]",24.58360968239113,42.3602132,-71.0933293,3,-28.823
1774902933.758192,"[0, 0, 0, 0, 0, 0]","[1291, 1500, 1600, 1600]","[-25.08, 0.0, 10.0, 10.0]","[-0.36162021874999994, 2.497631171875, 10.2356909375]",0,4255.7060546875,0,30.999275283813475,"[0.0, -5.58471679596, 3.63159179628]","[0, 0, 0]",0,3,0.0,0.0,4.25,0,0,0,4294967.295,3750038.528,0,56882,0,15.353405952453613,19.366384506225586,-0.3958393633365631,0,state.FLIGHT,832,-22,0,-23,-0.10811690986156464,4250,4255,"[10.6, 0.5, 16.5, 10.4, 15.9, 15.9, 0, 0]","[3.646, 3.647, 3.647]",0.262,"[2.9952, 3.3136, 5.0016, 7.36, 8.4544, 27.8272]","[0.03125, 0.254375, -0.00125, 0.001875, -0.001875, 0.0]",0,0,29.5,"[1, 1, 1, 1, 1, 1]",24.529478685635784,42.3602116,-71.0933297,3,-28.824
1774902933.8131871,"[0, 0, 0, 0, 0, 0]","[1291, 1500, 1600, 1600]","[-25.08, 0.0, 10.0, 10.0]","[-0.3478296171875, 2.549729, 10.20887587890625]",0,4260.54638671875,0,31.00801918029785,"[0.0, -8.75854492044, -1.25122070292]","[0, 0, 0]",0,3,0.0,0.0,4.26,0,0,0,4294967.295,3750038.528,0,56936,0,15.194106101989746,19.400039672851562,-0.3958393633365631,0,state.FLIGHT,833,-22,0,-23,-0.10798849910497665,4260,4260,"[10.4, 0.5, 16.5, 10.8, 16.5, 15.9, 0, 0]","[3.646, 3.647, 3.647]",0.262,"[2.9952, 3.3120000000000003, 5.0032000000000005, 7.368, 8.4352, 27.8256]","[0.030625, 0.22625, -0.004375, -0.003125, 0.00125, -0.001875]",0,0,29.5,"[1, 1, 1, 1, 1, 1]",24.459989479091007,42.3602116,-71.0933297,3,-28.824
1774902933.8727086,"[0, 0, 0, 0, 0, 0]","[1291, 1500, 1600, 1600]","[-25.08, 0.0, 10.0, 10.0]","[-0.3570233515625, 2.4907358710937495, 10.23645708203125]",0,4266.31591796875,0,31.021135025024414,"[0.0, 3.26538085884, -1.80053710908]","[0, 0, 0]",0,3,0.0,0.0,4.26,0,0,0,4294967.295,3750038.528,0,56996,0,15.241747856140137,19.52759552001953,-0.3958393633365631,0,state.FLIGHT,834,-22,0,-23,-0.10785939544439316,4260,4266,"[10.4, 0.5, 16.5, 10.4, 15.9, 17.0, 0, 0]","[3.646, 3.647, 3.647]",0.262,"[2.9952, 3.3120000000000003, 5.0032000000000005, 7.368, 8.4352, 27.8256]","[0.030625, 0.22625, -0.004375, -0.003125, 0.00125, -0.001875]",0,0,29.5,"[1, 1, 1, 1, 1, 1]",24.587206094887563,42.360211299999996,-71.0933323,3,-28.794
1774902933.9312148,"[0, 0, 0, 0, 0, 0]","[1291, 1500, 1600, 1600]","[-25.08, 0.0, 10.0, 10.0]","[-0.3692816640625, 2.5512612890624995, 10.2188357578125]",0,4272.04638671875,0,31.00801918029785,"[0.0, -6.5612792958, 0.27465820308]","[0, 0, 0]",0,3,0.0,0.0,4.27,0,0,0,4294967.295,3750038.528,0,57056,0,15.449271202087402,19.616100311279297,-0.3958393633365631,0,state.FLIGHT,835,-22,0,-23,-0.10772089660167694,4270,4272,"[10.8, 0.5, 16.5, 10.4, 15.9, 16.5, 0, 0]","[3.646, 3.647, 3.647]",0.262,"[2.9952, 3.3120000000000003, 5.0032000000000005, 7.368, 8.4288, 27.8288]","[0.033125, 0.245625, -0.001875, -0.000625, -0.006875, -0.000625]",0,0,29.5,"[1, 1, 1, 1, 1, 1]",24.779581575542913,42.360211299999996,-71.0933323,3,-28.794
1774902933.993221,"[0, 0, 0, 0, 0, 0]","[1291, 1500, 1600, 1600]","[-25.08, 0.0, 10.0, 10.0]","[-0.36468479687499994, 2.51065562890625, 10.221900335937498]",0,4277.740234375,0,31.034250869750977,"[0.0, -0.27465820308, -11.291503904399999]","[0, 0, 0]",0,3,0.0,0.0,4.27,0,0,0,4294967.295,3750038.528,0,57116,0,15.734573364257812,19.652734756469727,-0.3958393633365631,0,state.FLIGHT,836,-22,0,-23,-0.10759435594081879,4270,4277,"[10.6, 0.5, 17.0, 10.4, 17.6, 17.0, 0, 0]","[3.646, 3.647, 3.647]",0.262,"[2.9952, 3.3120000000000003, 5.0032000000000005, 7.368, 8.4288, 27.8288]","[0.033125, 0.245625, -0.001875, -0.000625, -0.006875, -0.000625]",0,0,29.5,"[1, 1, 1, 1, 1, 1]",24.979439799298685,42.3602103,-71.0933348,3,-28.788
1774902934.0456867,"[0, 0, 0, 0, 0, 0]","[1291, 1500, 1600, 1600]","[-25.08, 0.0, 10.0, 10.0]","[-0.36698323046875, 2.503760328125, 10.237989371093748]",0,4282.45556640625,0,31.021135025024414,"[0.0, -6.19506835836, -14.25170898204]","[0, 0, 0]",0,3,0.0,0.0,4.278,0,0,0,4294967.295,3750038.528,0,57170,0,15.67309284210205,19.662525177001953,-0.3958393633365631,0,state.FLIGHT,837,-22,0,-23,-0.10747030377388,4278,4282,"[10.6, 0.5, 17.0, 10.6, 15.5, 17.6, 0, 0]","[3.646, 3.647, 3.647]",0.262,"[2.9936000000000003, 3.3104, 5.0016, 7.36, 8.443200000000001, 27.8256]","[0.038125, 0.61, 0.004375, -0.003125, -0.003125, -0.00125]",0,0,29.5,"[1, 1, 1, 1, 1, 1]",24.94982249721274,42.3602098,-71.0933366,3,-28.757
1774902934.105687,"[0, 0, 0, 0, 0, 0]","[1291, 1500, 1600, 1600]","[-25.08, 0.0, 10.0, 10.0]","[-0.3508941953125, 2.51372020703125, 10.224198769531249]",0,4288.0791015625,0,31.003647232055663,"[0.0, -2.22778320276, 8.2397460924]","[0, 0, 0]",0,3,0.0,0.0,4.288,0,0,0,4294967.295,3750038.528,0,57230,0,15.993538856506348,19.621639251708984,-0.3958393633365631,0,state.FLIGHT,838,-22,0,-23,-0.10734613239765167,4288,4288,"[10.4, 0.5, 15.5, 10.6, 15.9, 17.6, 0, 0]","[3.646, 3.647, 3.647]",0.262,"[2.9936000000000003, 3.3104, 5.0016, 7.36, 8.443200000000001, 27.8256]","[0.038125, 0.61, 0.004375, -0.003125, -0.003125, -0.00125]",0,0,29.5,"[1, 1, 1, 1, 1, 1]",25.11318354661217,42.3602098,-71.0933366,3,-28.757
1774902934.1662128,"[0, 0, 0, 0, 0, 0]","[1291, 1500, 1600, 1600]","[-25.08, 0.0, 10.0, 10.0]","[-0.38307226562499996, 2.5006957499999998, 10.224198769531249]",0,4293.66015625,0,31.016763076782226,"[0.0, -14.86206054444, -6.103515624]","[0, 0, 0]",0,3,0.0,0.0,4.288,0,0,0,4294967.295,3750038.528,0,57290,0,16.02226448059082,19.867597579956055,-0.3958393633365631,0,state.FLIGHT,839,-22,0,-23,-0.10729009658098221,4288,4293,"[10.8, 0.5, 16.5, 10.2, 15.9, 16.5, 0, 0]","[3.646, 3.647, 3.647]",0.262,"[2.9968000000000004, 3.3104, 5.0032000000000005, 7.364800000000001, 8.472, 27.8272]","[0.038125, 0.596875, 0.0025, 0.004375, -0.000625, 0.00125]",0,0,29.5,"[1, 1, 1, 1, 1, 1]",25.31816032166539,42.360209399999995,-71.0933372,3,-28.746
1774902934.2287474,"[0, 0, 0, 0, 0, 0]","[1291, 1500, 1600, 1600]","[-25.08, 0.0, 10.0, 10.0]","[-0.3723462421875, 2.497631171875, 10.24718310546875]",0,4299.20751953125,0,31.0255069732666,"[0.0, -3.99780273372, 10.681152342]","[0, 0, 0]",0,3,0.0,0.0,4.297,0,0,0,4294967.295,3750038.528,0,57350,0,15.968505859375,19.976228713989258,-0.3958393633365631,0,state.FLIGHT,840,-22,0,-23,-0.10714708268642426,4297,4299,"[10.6, 0.5, 15.9, 10.4, 15.9, 17.6, 0, 0]","[3.646, 3.647, 3.647]",0.262,"[2.9968000000000004, 3.3104, 5.0032000000000005, 7.364800000000001, 8.472, 27.8272]","[0.038125, 0.596875, 0.0025, 0.004375, -0.000625, 0.00125]",0,0,29.5,"[1, 1, 1, 1, 1, 1]",25.368749974633186,42.360209399999995,-71.0933372,3,-28.746
1774902934.2792583,"[0, 0, 0, 0, 0, 0]","[1291, 1500, 1600, 1600]","[-25.08, 0.0, 10.0, 10.0]","[-0.38307226562499996, 2.5443659882812497, 10.220368046875]",0,4304.71240234375,0,31.02987892150879,"[0.0, -6.9885253894799995, -11.68823241996]","[0, 0, 0]",0,3,0.0,0.0,4.297,0,0,0,4294967.295,3750038.528,0,57404,0,15.720658302307129,19.982336044311523,-0.3958393633365631,0,state.FLIGHT,841,-22,0,-23,-0.10702680051326752,4297,4304,"[10.8, 0.5, 16.5, 10.4, 15.0, 17.0, 0, 0]","[3.646, 3.647, 3.647]",0.262,"[2.9952, 3.3120000000000003, 5.0032000000000005, 7.3664000000000005, 8.4496, 27.824]","[0.038125, 0.561875, 0.00375, -0.000625, -0.000625, -0.00375]",0,0,29.5,"[1, 1, 1, 1, 1, 1]",25.224615558151076,42.3602096,-71.0933354,3,-28.748
1774902934.3397837,"[0, 0, 0, 0, 0, 0]","[1291, 1500, 1600, 1600]","[-25.08, 0.0, 10.0, 10.0]","[-0.376943109375, 2.5198493632812498, 10.232626359374999]",0,4310.1806640625,0,30.986159439086915,"[0.0, -3.57055664004, 9.03320312352]","[0, 0, 0]",0,3,0.0,0.0,4.307,0,0,0,4294967.295,3750038.784,0,57464,0,15.9183988571167,20.165435791015625,-0.3958393633365631,0,state.FLIGHT,842,-22,0,-23,-0.10689689964056015,4307,4310,"[11.1, 0.5, 17.0, 10.6, 17.0, 16.5, 0, 0]","[3.646, 3.647, 3.647]",0.262,"[2.9952, 3.3120000000000003, 5.0032000000000005, 7.3664000000000005, 8.4496, 27.824]","[0.038125, 0.561875, 0.00375, -0.000625, -0.000625, -0.00375]",0,0,29.5,"[1, 1, 1, 1, 1, 1]",25.484055795055095,42.3602096,-71.0933354,3,-28.748
1774902934.3997803,"[0, 0, 0, 0, 0, 0]","[1291, 1500, 1600, 1600]","[-25.08, 0.0, 10.0, 10.0]","[-0.36851551953124995, 2.51678478515625, 10.248715394531251]",0,4315.60888671875,0,31.00801918029785,"[0.0, 3.69262695252, 13.85498046648]","[0, 0, 0]",0,3,0.0,0.0,4.307,0,0,0,4294967.295,3750038.784,0,57524,0,16.252330780029297,20.12214469909668,-0.3958393633365631,0,state.FLIGHT,843,-22,0,-23,-0.10678975284099579,4307,4315,"[10.4, 0.5, 16.5, 10.0, 16.5, 17.0, 0, 0]","[3.646, 3.647, 3.647]",0.262,"[2.9952, 3.3136, 5.0016, 7.356800000000001, 8.4496, 27.8272]","[0.035625000000000004, 0.229375, -0.000625, -0.005, -0.003125, -0.004375]",0,0,29.5,"[1, 1, 1, 1, 1, 1]",25.65212977717232,42.3602093,-71.0933323,3,-28.728
1774902934.4622946,"[0, 0, 0, 0, 0, 0]","[1291, 1500, 1600, 1600]","[-25.08, 0.0, 10.0, 10.0]","[-0.35855564062499995, 2.53976912109375, 10.207343589843749]",0,4321.0009765625,0,31.016763076782226,"[0.0, -3.44848632756, -2.8991699214]","[0, 0, 0]",0,3,0.0,0.0,4.316,0,0,0,4294967.295,3750038.784,0,57584,0,16.49614906311035,20.24117088317871,-0.3958393633365631,0,state.FLIGHT,844,-22,0,-23,-0.1066623255610466,4316,4321,"[10.4, 0.5, 15.9, 10.8, 16.5, 16.5, 0, 0]","[3.646, 3.647, 3.647]",0.262,"[2.9952, 3.3136, 5.0016, 7.356800000000001, 8.4496, 27.8272]","[0.035625000000000004, 0.229375, -0.000625, -0.005, -0.003125, -0.004375]",0,0,29.5,"[1, 1, 1, 1, 1, 1]",25.89112802996795,42.360209,-71.0933314,3,-28.698
1774902934.5162978,"[0, 0, 0, 0, 0, 0]","[1291, 1500, 1600, 1600]","[-25.08, 0.0, 10.0, 10.0]","[-0.36085407421875, 2.50912333984375, 10.2188357578125]",0,4325.46337890625,0,31.012391128540038,"[0.0, 4.6691894523599995, -7.20214843632]","[0, 0, 0]",0,3,0.0,0.0,4.325,0,0,0,4294967.295,3750038.784,0,57638,0,16.69896125793457,20.31702995300293,-0.3958393633365631,0,state.FLIGHT,845,-22,0,-23,-0.10651449114084244,4325,4325,"[10.6, 0.5, 16.5, 10.4, 17.0, 16.5, 0, 0]","[3.646, 3.647, 3.647]",0.262,"[2.9952, 3.3136, 5.0016, 7.368, 8.4608, 27.8256]","[0.03, 0.21, -0.001875, -0.005625, 0.00125, 0.001875]",0,0,29.5,"[1, 1, 1, 1, 1, 1]",26.07268679826833,42.360209,-71.0933314,3,-28.698
1774902934.5750434,"[0, 0, 0, 0, 0, 0]","[1291, 1500, 1600, 1600]","[-25.08, 0.0, 10.0, 10.0]","[-0.36545094140624995, 2.55049514453125, 10.224198769531249]",0,4330.78515625,0,31.016763076782226,"[0.0, -2.04467773404, -0.70190429676]","[0, 0, 0]",0,3,0.0,0.0,4.325,0,0,0,4294967.295,3750038.784,0,57698,0,16.832944869995117,20.41040802001953,-0.3958393633365631,0,state.FLIGHT,846,-22,0,-23,-0.10642123967409134,4325,4330,"[10.6, 0.5, 15.9, 10.8, 15.9, 17.0, 0, 0]","[3.646, 3.647, 3.647]",0.262,"[2.9936000000000003, 3.3120000000000003, 5.0032000000000005, 7.3584000000000005, 8.432, 27.8288]","[0.033125, 0.23, -0.003125, -0.000625, -0.00375, -0.0025]",0,0,29.5,"[1, 1, 1, 1, 1, 1]",26.22550001637419,42.360209399999995,-71.0933301,3,-28.695
1774902934.6365633,"[0, 0, 0, 0, 0, 0]","[1291, 1500, 1600, 1600]","[-25.08, 0.0, 10.0, 10.0]","[-0.370813953125, 2.5336399648437498, 10.21806961328125]",0,4336.0673828125,0,30.99490333557129,"[0.0, -8.33129882676, -7.0190429676]","[0, 0, 0]",0,3,0.0,0.0,4.334,0,0,0,4294967.295,3750038.784,0,57758,0,16.86837387084961,20.4634952545166,-0.3958393633365631,0,state.FLIGHT,847,-22,0,-23,-0.10628660023212433,4334,4336,"[10.4, 0.5, 16.5, 10.8, 16.5, 17.0, 0, 0]","[3.646, 3.647, 3.647]",0.262,"[2.9936000000000003, 3.3120000000000003, 5.0032000000000005, 7.3584000000000005, 8.432, 27.8288]","[0.033125, 0.23, -0.003125, -0.000625, -0.00375, -0.0025]",0,0,29.5,"[1, 1, 1, 1, 1, 1]",26.28735632126759,42.360209399999995,-71.0933301,3,-28.695
1774902934.6935673,"[0, 0, 0, 0, 0, 0]","[1291, 1500, 1600, 1600]","[-25.08, 0.0, 10.0, 10.0]","[-0.38537069921875, 2.5006957499999998, 10.248715394531251]",0,4341.31298828125,0,30.999275283813475,"[0.0, -5.7678222646799995, 11.047363279439999]","[0, 0, 0]",0,3,0.0,0.0,4.334,0,0,0,4294967.295,3750038.784,0,57818,0,17.015121459960938,20.605079650878906,-0.3958393633365631,0,state.FLIGHT,848,-22,0,-23,-0.10615318268537521,4334,4341,"[10.8, 0.5, 17.0, 10.6, 15.9, 16.5, 0, 0]","[3.646, 3.647, 3.647]",0.262,"[2.9968000000000004, 3.3104, 5.0032000000000005, 7.3632, 8.475200000000001, 27.8288]","[0.035625000000000004, 0.244375, -0.003125, -0.0025, -0.00125, 0.000625]",0,0,29.5,"[1, 1, 1, 1, 1, 1]",26.484364094146652,42.3602098,-71.09332859999999,3,-28.7
1774902934.7515914,"[0, 0, 0, 0, 0, 0]","[1291, 1500, 1600, 1600]","[-25.08, 0.0, 10.0, 10.0]","[-0.37387853125, 2.51678478515625, 10.209642023437498]",0,4346.51904296875,0,31.00801918029785,"[0.0, -2.04467773404, -0.88500976548]","[0, 0, 0]",0,3,0.0,0.0,4.343,0,0,0,4294967.295,3750038.784,0,57872,0,16.543136596679688,20.756561279296875,-0.3958393633365631,0,state.FLIGHT,849,-22,0,-23,-0.1060527041554451,4343,4346,"[10.4, 0.5, 16.5, 10.6, 16.5, 15.9, 0, 0]","[3.646, 3.647, 3.647]",0.262,"[2.9968000000000004, 3.3104, 5.0032000000000005, 7.3632, 8.475200000000001, 27.8288]","[0.035625000000000004, 0.244375, -0.003125, -0.0025, -0.00125, 0.000625]",0,0,29.5,"[1, 1, 1, 1, 1, 1]",26.312857123757567,42.360209999999995,-71.0933264,3,-28.73
1774902934.8075895,"[0, 0, 0, 0, 0, 0]","[1291, 1500, 1600, 1600]","[-25.08, 0.0, 10.0, 10.0]","[-0.36315250781249997, 2.5206155078125, 10.228029492187499]",0,4351.685546875,0,31.016763076782226,"[0.0, 3.87573242124, 3.02124023388]","[0, 0, 0]",0,3,0.0,0.0,4.351,0,0,0,4294967.295,3750038.784,0,57932,0,16.723194122314453,20.916500091552734,-0.3958393633365631,0,state.FLIGHT,850,-22,0,-23,-0.10590041428804398,4351,4351,"[10.8, 0.5, 15.9, 10.4, 15.5, 17.0, 0, 0]","[3.646, 3.647, 3.647]",0.262,"[2.9952, 3.3120000000000003, 5.0016, 7.3664000000000005, 8.441600000000001, 27.8256]","[0.03, 0.25375000000000003, 0.000625, -0.003125, -0.003125, -0.001875]",0,0,29.5,"[1, 1, 1, 1, 1, 1]",26.543558301666366,42.360209999999995,-71.0933264,3,-28.73
1774902934.8677964,"[0, 0, 0, 0, 0, 0]","[1291, 1500, 1600, 1600]","[-25.08, 0.0, 10.0, 10.0]","[-0.35549106249999995, 2.53670454296875, 10.206577445312499]",0,4356.8154296875,0,31.021135025024414,"[0.0, -3.57055664004, -10.16235351396]","[0, 0, 0]",0,3,0.0,0.0,4.351,0,0,0,4294967.295,3750038.784,0,57992,0,16.554405212402344,20.89821434020996,-0.3958393633365631,0,state.FLIGHT,851,-22,0,-23,-0.10581287741661072,4351,4356,"[10.6, 0.5, 16.5, 10.2, 15.5, 17.0, 0, 0]","[3.646, 3.647, 3.647]",0.262,"[2.9952, 3.3120000000000003, 5.0016, 7.3664000000000005, 8.441600000000001, 27.8256]","[0.03, 0.25375000000000003, 0.000625, -0.003125, -0.003125, -0.001875]",0,0,29.5,"[1, 1, 1, 1, 1, 1]",26.428304693803376,42.3602111,-71.0933257,3,-28.738
1774902934.9298043,"[0, 0, 0, 0, 0, 0]","[1291, 1500, 1600, 1600]","[-25.08, 0.0, 10.0, 10.0]","[-0.33786973828125, 2.5298092421875, 10.21347274609375]",0,4361.90576171875,0,31.02987892150879,"[0.0, 1.12915039044, 6.95800781136]","[0, 0, 0]",0,3,0.0,0.0,4.36,0,0,0,4294967.295,3750038.784,0,58052,0,16.61235237121582,21.08009147644043,-0.3958393633365631,0,state.FLIGHT,852,-22,0,-23,-0.10568410158157349,4360,4361,"[10.6, 0.5, 15.9, 10.8, 15.9, 17.0, 0, 0]","[3.646, 3.647, 3.647]",0.262,"[2.9936000000000003, 3.3104, 5.0048, 7.364800000000001, 8.4496, 27.824]","[0.035625000000000004, 0.61125, 0.004375, -0.003125, 0.000625, -0.0025]",0,0,29.5,"[1, 1, 1, 1, 1, 1]",26.602747628549956,42.3602111,-71.0933257,3,-28.738
1774902934.9861999,"[0, 0, 0, 0, 0, 0]","[1291, 1500, 1600, 1600]","[-25.08, 0.0, 10.0, 10.0]","[-0.370813953125, 2.5022280390624996, 10.228795636718749]",0,4366.12109375,0,31.021135025024414,"[0.0, 8.81958007668, -4.0588378899599995]","[0, 0, 0]",0,3,0.0,0.0,4.36,0,0,0,4294967.295,3750038.784,0,58106,0,16.532779693603516,21.011438369750977,-0.3958393633365631,0,state.FLIGHT,853,-22,0,-23,-0.10558649897575378,4360,4366,"[10.4, 0.5, 15.9, 10.4, 16.5, 17.6, 0, 0]","[3.646, 3.647, 3.647]",0.262,"[2.9936000000000003, 3.3104, 5.0048, 7.364800000000001, 8.4496, 27.824]","[0.035625000000000004, 0.61125, 0.004375, -0.003125, 0.000625, -0.0025]",0,0,29.5,"[1, 1, 1, 1, 1, 1]",26.502500173232356,42.3602111,-71.09332739999999,3,-28.73
1774902935.0418217,"[0, 0, 0, 0, 0, 0]","[1291, 1500, 1600, 1600]","[-25.08, 0.0, 10.0, 10.0]","[-0.37770925390624993, 2.5213816523437496, 10.232626359374999]",0,4371.14404296875,0,31.0255069732666,"[0.0, -2.41088867148, 11.5966796856]","[0, 0, 0]",0,3,0.0,0.0,4.368,0,0,0,4294967.295,3750038.784,0,58166,0,16.765975952148438,21.224437713623047,-0.3958393633365631,0,state.FLIGHT,854,-22,0,-23,-0.10547030717134476,4368,4371,"[10.4, 0.5, 15.9, 10.8, 15.9, 17.0, 0, 0]","[3.646, 3.647, 3.647]",0.262,"[2.9952, 3.3104, 5.0032000000000005, 7.3664000000000005, 8.4384, 27.8256]","[0.03625, 0.629375, 0.0025, -0.0025, 0.00125, -0.0025]",0,0,29.5,"[1, 1, 1, 1, 1, 1]",26.805332459986257,42.3602111,-71.09332739999999,3,-28.73
1774902935.102827,"[0, 0, 0, 0, 0, 0]","[1291, 1500, 1600, 1600]","[-25.08, 0.0, 10.0, 10.0]","[-0.3539587734375, 2.546664421875, 10.23952166015625]",0,4376.1279296875,0,31.02987892150879,"[0.0, -14.86206054444, -10.19287109208]","[0, 0, 0]",0,3,0.0,0.0,4.368,0,0,0,4294967.295,3750038.784,0,58226,0,16.84836769104004,21.28302001953125,-0.3958393633365631,0,state.FLIGHT,855,-22,0,-23,-0.10536593198776245,4368,4376,"[10.4, 0.5, 16.5, 11.3, 15.9, 17.0, 0, 0]","[3.646, 3.647, 3.647]",0.262,"[2.9952, 3.3104, 5.0032000000000005, 7.3664000000000005, 8.4384, 27.8256]","[0.03625, 0.629375, 0.0025, -0.0025, 0.00125, -0.0025]",0,0,29.5,"[1, 1, 1, 1, 1, 1]",26.899493997760363,42.3602105,-71.0933278,3,-28.728
1774902935.1631994,"[0, 0, 0, 0, 0, 0]","[1291, 1500, 1600, 1600]","[-25.08, 0.0, 10.0, 10.0]","[-0.40835503515625, 2.503760328125, 10.263272140625]",0,4381.07177734375,0,30.99490333557129,"[0.0, -2.04467773404, -1.61743164036]","[0, 0, 0]",0,3,0.0,0.0,4.376,0,0,0,4294967.295,3750038.784,0,58286,0,16.772077560424805,21.37396240234375,-0.3958393633365631,0,state.FLIGHT,856,-22,0,-23,-0.10523097962141037,4376,4381,"[10.4, 0.5, 15.9, 10.4, 15.5, 17.6, 0, 0]","[3.646, 3.647, 3.647]",0.262,"[2.9952, 3.3120000000000003, 5.0032000000000005, 7.3664000000000005, 8.4656, 27.8272]","[0.0325, 0.22125, 0.003125, -0.00125, 0.000625, -0.001875]",0,0,29.5,"[1, 1, 1, 1, 1, 1]",26.924043202573472,42.360210099999996,-71.09332859999999,3,-28.715
1774902935.2207413,"[0, 0, 0, 0, 0, 0]","[1291, 1500, 1600, 1600]","[-25.08, 0.0, 10.0, 10.0]","[-0.39149985546875, 2.50682490625, 10.2341586484375]",0,4385.1650390625,0,31.016763076782226,"[0.0, -10.10131835772, 3.051757812]","[0, 0, 0]",0,3,0.0,0.0,4.384,0,0,0,4294967.295,3750038.784,0,58340,0,16.60909080505371,21.63788604736328,-0.3958393633365631,0,state.FLIGHT,857,-22,0,-24,-0.10515791177749634,4384,4385,"[10.4, 0.5, 18.2, 10.6, 15.9, 17.0, 0, 0]","[3.646, 3.647, 3.647]",0.262,"[2.9952, 3.3120000000000003, 5.0032000000000005, 7.3664000000000005, 8.4656, 27.8272]","[0.0325, 0.22125, 0.003125, -0.00125, 0.000625, -0.001875]",0,0,29.5,"[1, 1, 1, 1, 1, 1]",27.032333593353567,42.360210099999996,-71.09332859999999,3,-28.715
1774902935.279209,"[0, 0, 0, 0, 0, 0]","[1291, 1500, 1600, 1600]","[-25.08, 0.0, 10.0, 10.0]","[-0.36391865234375, 2.522147796875, 10.260207562499998]",0,4390.0419921875,0,31.00801918029785,"[0.0, 3.69262695252, 11.81030273244]","[0, 0, 0]",0,3,0.0,0.0,4.384,0,0,0,4294967.295,3750038.784,0,58400,0,16.869953155517578,21.750215530395508,-0.3958393633365631,0,state.FLIGHT,858,-22,0,-23,-0.10502499341964722,4384,4390,"[10.4, 0.5, 17.0, 10.6, 15.5, 17.6, 0, 0]","[3.646, 3.647, 3.647]",0.262,"[2.9968000000000004, 3.3104, 5.0032000000000005, 7.3584000000000005, 8.4448, 27.8304]","[0.031875, 0.26125, -0.0025, -0.00125, -0.003125, -0.003125]",0,0,29.5,"[1, 1, 1, 1, 1, 1]",27.272441127547342,42.3602099,-71.0933288,3,-28.724
1774902935.3387253,"[0, 0, 0, 0, 0, 0]","[1291, 1500, 1600, 1600]","[-25.08, 0.0, 10.0, 10.0]","[-0.3937982890625, 2.53057538671875, 10.22956178125]",0,4394.88232421875,0,31.038622817993165,"[0.0, 9.0026855454, 3.23486328072]","[0, 0, 0]",0,3,0.0,0.0,4.392,0,0,0,4294967.295,3750038.784,0,58460,0,16.958145141601562,21.671489715576172,-0.3958393633365631,0,state.FLIGHT,859,-22,0,-23,-0.10490381717681885,4392,4394,"[10.4, 0.5, 17.0, 10.4, 15.9, 16.5, 0, 0]","[3.646, 3.647, 3.647]",0.262,"[2.9968000000000004, 3.3104, 5.0048, 7.3632, 8.4448, 27.8272]","[0.0325, 0.25125000000000003, -0.001875, -0.00125, -0.001875, 0.00125]",0,0,29.5,"[1, 1, 1, 1, 1, 1]",27.2636568846106,42.3602099,-71.0933288,3,-28.724
1774902935.3977199,"[0, 0, 0, 0, 0, 0]","[1291, 1500, 1600, 1600]","[-25.08, 0.0, 10.0, 10.0]","[-0.39839515625, 2.5236800859374995, 10.233392503906249]",0,4399.68310546875,0,31.012391128540038,"[0.0, -3.44848632756, -13.18359374784]","[0, 0, 0]",0,3,0.0,0.0,4.392,0,0,0,4294967.295,3750038.784,0,58520,0,16.9288330078125,21.778305053710938,-0.3958393633365631,0,state.FLIGHT,860,-22,0,-23,-0.10482558608055115,4392,4399,"[10.6, 0.5, 15.9, 11.1, 16.5, 17.0, 0, 0]","[3.646, 3.647, 3.647]",0.262,"[2.9968000000000004, 3.3104, 5.0048, 7.3632, 8.4448, 27.8272]","[0.0325, 0.25125000000000003, -0.001875, -0.00125, -0.001875, 0.00125]",0,0,29.5,"[1, 1, 1, 1, 1, 1]",27.328825768728493,42.3602097,-71.0933293,3,-28.718
1774902935.4541876,"[0, 0, 0, 0, 0, 0]","[1291, 1500, 1600, 1600]","[-25.08, 0.0, 10.0, 10.0]","[-0.37617696484374996, 2.50912333984375, 10.231860214843751]",0,4404.44384765625,0,31.02987892150879,"[0.0, 13.51928710716, -6.103515624]","[0, 0, 0]",0,3,0.0,0.0,4.401,0,0,0,4294967.295,3750038.784,0,58574,0,16.947826385498047,21.517148971557617,-0.3958393633365631,0,state.FLIGHT,861,-22,0,-23,-0.10470720380544662,4401,4404,"[10.6, 0.5, 17.0, 10.6, 15.5, 17.6, 0, 0]","[3.646, 3.647, 3.647]",0.262,"[2.9968000000000004, 3.3120000000000003, 5.0032000000000005, 7.3616, 8.4384, 27.8288]","[0.035625000000000004, 0.278125, 0.0, -0.004375, -0.0025, -0.000625]",0,0,29.5,"[1, 1, 1, 1, 1, 1]",27.138674104994926,42.3602087,-71.09332959999999,3,-28.692
1774902935.5101876,"[0, 0, 0, 0, 0, 0]","[1291, 1500, 1600, 1600]","[-25.08, 0.0, 10.0, 10.0]","[-0.34936190624999997, 2.5060587617187498, 10.2035128671875]",0,4409.17138671875,0,31.012391128540038,"[0.0, -8.33129882676, -12.207031248]","[0, 0, 0]",0,3,0.0,0.0,4.409,0,0,0,4294967.295,3750038.784,0,58634,0,17.237140655517578,21.64960289001465,-0.3958393633365631,0,state.FLIGHT,862,-22,0,-23,-0.10460049659013748,4409,4409,"[10.6, 0.5, 16.5, 10.4, 15.9, 17.0, 0, 0]","[3.646, 3.647, 3.647]",0.262,"[2.9968000000000004, 3.3120000000000003, 5.0032000000000005, 7.3616, 8.4384, 27.8288]","[0.035625000000000004, 0.278125, 0.0, -0.004375, -0.0025, -0.000625]",0,0,29.5,"[1, 1, 1, 1, 1, 1]",27.412840213800788,42.3602087,-71.09332959999999,3,-28.692
1774902935.5709794,"[0, 0, 0, 0, 0, 0]","[1291, 1500, 1600, 1600]","[-25.08, 0.0, 10.0, 10.0]","[-0.334039015625, 2.52597851953125, 10.24182009375]",0,4413.859375,0,31.034250869750977,"[0.0, 8.392333983, 6.5612792958]","[0, 0, 0]",0,3,0.0,0.0,4.409,0,0,0,4294967.295,3750038.784,0,58694,0,17.410165786743164,21.63068962097168,-0.3958393633365631,0,state.FLIGHT,863,-22,0,-23,-0.1044844463467598,4409,4413,"[10.4, 0.5, 16.5, 10.8, 16.5, 17.0, 0, 0]","[3.646, 3.647, 3.647]",0.262,"[2.9936000000000003, 3.3120000000000003, 5.0048, 7.364800000000001, 8.443200000000001, 27.8272]","[0.03125, 0.6325000000000001, 0.00125, 0.003125, 0.0, -0.0025]",0,0,29.5,"[1, 1, 1, 1, 1, 1]",27.5022624562107,42.3602077,-71.0933299,3,-28.635
1774902935.6300006,"[0, 0, 0, 0, 0, 0]","[1291, 1500, 1600, 1600]","[-25.08, 0.0, 10.0, 10.0]","[-0.36851551953124995, 2.5144863515624998, 10.245650816406249]",0,4418.5107421875,0,31.034250869750977,"[0.0, -2.41088867148, 6.77490234264]","[0, 0, 0]",0,3,0.0,0.0,4.416,0,0,0,4294967.295,3750038.784,0,58754,0,17.70464515686035,21.694190979003906,-0.3958393633365631,0,state.FLIGHT,864,-22,0,-23,-0.10439029335975647,4416,4418,"[10.8, 0.5, 17.0, 10.4, 15.9, 17.0, 0, 0]","[3.646, 3.647, 3.647]",0.262,"[2.9936000000000003, 3.3120000000000003, 5.0048, 7.364800000000001, 8.443200000000001, 27.8272]","[0.03125, 0.6325000000000001, 0.00125, 0.003125, 0.0, -0.0025]",0,0,29.5,"[1, 1, 1, 1, 1, 1]",27.728583852558433,42.3602077,-71.0933299,3,-28.635
1774902935.684205,"[0, 0, 0, 0, 0, 0]","[1291, 1500, 1600, 1600]","[-25.08, 0.0, 10.0, 10.0]","[-0.32867600390624996, 2.57960863671875, 10.1866576875]",0,4422.357421875,0,31.042994766235353,"[0.0, 6.80541992076, -1.0681152342]","[0, 0, 0]",0,3,0.0,0.0,4.416,0,0,0,4294967.295,3750038.784,0,58808,0,17.593114852905273,21.59111976623535,-0.3958393633365631,0,state.FLIGHT,865,-22,0,-23,-0.10431433469057083,4416,4422,"[10.6, 0.5, 17.0, 10.8, 15.5, 16.5, 0, 0]","[3.646, 3.647, 3.647]",0.262,"[2.9968000000000004, 3.3120000000000003, 5.0064, 7.364800000000001, 8.4496, 27.8272]","[0.034375, 0.5906250000000001, 0.003125, 0.0, -0.003125, 0.0025]",0,0,29.5,"[1, 1, 1, 1, 1, 1]",27.582824291541197,42.3602068,-71.0933292,3,-28.606
1774902935.7452388,"[0, 0, 0, 0, 0, 0]","[1291, 1500, 1600, 1600]","[-25.08, 0.0, 10.0, 10.0]","[-0.37617696484374996, 2.4922681601562497, 10.22726334765625]",0,4426.9384765625,0,31.016763076782226,"[0.0, 9.97924804524, 19.28710937184]","[0, 0, 0]",0,3,0.0,0.0,4.423,0,0,0,4294967.295,3750038.784,0,58868,0,17.74049186706543,21.44098663330078,-0.3958393633365631,0,state.FLIGHT,866,-22,0,-23,-0.10419078171253204,4423,4426,"[10.6, 0.5, 16.5, 10.4, 15.9, 17.0, 0, 0]","[3.646, 3.647, 3.647]",0.262,"[2.9968000000000004, 3.3120000000000003, 5.0064, 7.364800000000001, 8.4496, 27.8272]","[0.034375, 0.5906250000000001, 0.003125, 0.0, -0.003125, 0.0025]",0,0,29.5,"[1, 1, 1, 1, 1, 1]",27.559367818593486,42.3602065,-71.093329,3,-28.551
1774902935.805239,"[0, 0, 0, 0, 0, 0]","[1291, 1500, 1600, 1600]","[-25.08, 0.0, 10.0, 10.0]","[-0.3784753984375, 2.503760328125, 10.231860214843751]",0,4431.4833984375,0,31.0255069732666,"[0.0, -3.63159179628, 0.24414062496]","[0, 0, 0]",0,3,0.0,0.0,4.431,0,0,0,4294967.295,3750038.784,0,58928,0,17.770374298095703,21.527666091918945,-0.3958393633365631,0,state.FLIGHT,867,-22,0,-23,-0.10413073748350143,4431,4431,"[10.6, 0.5, 17.6, 10.4, 15.9, 16.5, 0, 0]","[3.646, 3.647, 3.647]",0.262,"[2.9968000000000004, 3.3072000000000004, 5.0032000000000005, 7.364800000000001, 8.4512, 27.8272]","[0.036875, 0.6375000000000001, 0.0025, -0.004375, -0.000625, -0.00125]",0,0,29.5,"[1, 1, 1, 1, 1, 1]",27.642925677166645,42.3602065,-71.093329,3,-28.551
1774902935.8643608,"[0, 0, 0, 0, 0, 0]","[1291, 1500, 1600, 1600]","[-25.08, 0.0, 10.0, 10.0]","[-0.32484528125, 2.54359984375, 10.209642023437498]",0,4435.98828125,0,31.0255069732666,"[0.0, 0.1525878906, 9.0026855454]","[0, 0, 0]",0,3,0.0,0.0,4.431,0,0,0,4294967.295,3750038.784,0,58988,0,17.883895874023438,21.425140380859375,-0.3958393633365631,0,state.FLIGHT,868,-22,0,-23,-0.1039884090423584,4431,4435,"[10.8, 0.5, 16.5, 11.1, 15.5, 16.5, 0, 0]","[3.646, 3.647, 3.647]",0.262,"[2.9968000000000004, 3.3072000000000004, 5.0032000000000005, 7.364800000000001, 8.4512, 27.8272]","[0.036875, 0.6375000000000001, 0.0025, -0.004375, -0.000625, -0.00125]",0,0,29.5,"[1, 1, 1, 1, 1, 1]",27.63561162822785,42.360204599999996,-71.09333459999999,3,-28.044
1774902935.9203682,"[0, 0, 0, 0, 0, 0]","[1291, 1500, 1600, 1600]","[-25.08, 0.0, 10.0, 10.0]","[-0.36162021874999994, 2.522147796875, 10.207343589843749]",0,4440.45947265625,0,31.042994766235353,"[0.0, -2.83813476516, -7.75146484248]","[0, 0, 0]",0,3,0.0,0.0,4.439,0,0,0,4294967.295,3750038.784,0,59042,0,17.474449157714844,21.473787307739258,-0.3958393633365631,0,state.FLIGHT,869,-22,0,-23,-0.1038886085152626,4439,4440,"[10.6, 0.5, 16.5, 10.6, 15.9, 17.0, 0, 0]","[3.646, 3.647, 3.647]",0.262,"[2.9952, 3.3136, 5.0032000000000005, 7.364800000000001, 8.4624, 27.8256]","[0.031875, 0.238125, 0.000625, -0.003125, -0.001875, 0.000625]",0,0,29.5,"[1, 1, 1, 1, 1, 1]",27.421886495541436,42.360204599999996,-71.09333459999999,3,-28.044
1774902935.9798822,"[0, 0, 0, 0, 0, 0]","[1291, 1500, 1600, 1600]","[-25.08, 0.0, 10.0, 10.0]","[-0.3570233515625, 2.5481967109375, 10.224198769531249]",0,4444.8916015625,0,31.042994766235353,"[0.0, 3.26538085884, -1.61743164036]","[0, 0, 0]",0,3,0.0,0.0,4.439,0,0,0,4294967.295,3750038.784,0,59102,0,17.444866180419922,21.586679458618164,-0.3958393633365631,0,state.FLIGHT,870,-22,0,-23,-0.10383144021034241,4439,4444,"[10.4, 0.5, 16.5, 10.8, 16.5, 17.0, 0, 0]","[3.646, 3.647, 3.647]",0.262,"[2.9952, 3.3136, 5.0032000000000005, 7.364800000000001, 8.4624, 27.8256]","[0.031875, 0.238125, 0.000625, -0.003125, -0.001875, 0.000625]",0,0,29.5,"[1, 1, 1, 1, 1, 1]",27.48969741637311,42.3602041,-71.0933445,3,-27.406
1774902936.038406,"[0, 0, 0, 0, 0, 0]","[1291, 1500, 1600, 1600]","[-25.08, 0.0, 10.0, 10.0]","[-0.38077383203125, 2.51678478515625, 10.20581130078125]",0,4449.28369140625,0,31.038622817993165,"[0.0, -4.1809082024399995, -1.80053710908]","[0, 0, 0]",0,3,0.0,0.0,4.447,0,0,0,4294967.295,3750038.784,0,59162,0,17.62916374206543,21.744731903076172,-0.3958393633365631,0,state.FLIGHT,871,-22,0,-23,-0.1037026047706604,4447,4449,"[10.6, 0.5, 16.5, 10.6, 14.6, 16.5, 0, 0]","[3.646, 3.647, 3.647]",0.262,"[2.9952, 3.3088, 5.0032000000000005, 7.368, 8.4304, 27.8288]","[0.035, 0.18375, -0.0025, -0.0025, 0.000625, -0.004375]",0,0,29.5,"[1, 1, 1, 1, 1, 1]",27.721146914432055,42.3602041,-71.0933445,3,-27.406
1774902936.101409,"[0, 0, 0, 0, 0, 0]","[1291, 1500, 1600, 1600]","[-25.08, 0.0, 10.0, 10.0]","[-0.370813953125, 2.51218791796875, 10.226497203124998]",0,4453.642578125,0,31.02987892150879,"[0.0, 11.19995117004, 1.19018554668]","[0, 0, 0]",0,3,0.0,0.0,4.447,0,0,0,4294967.295,3750038.784,0,59222,0,17.680131912231445,21.65621566772461,-0.3958393633365631,0,state.FLIGHT,872,-22,0,-23,-0.10361616313457489,4447,4453,"[10.4, 0.5, 15.5, 10.4, 16.5, 17.0, 0, 0]","[3.646, 3.647, 3.647]",0.262,"[2.9968000000000004, 3.3104, 5.0016, 7.3632, 8.4496, 27.8272]","[0.035, 0.23, -0.005, -0.00125, 0.00375, -0.00375]",0,0,29.5,"[1, 1, 1, 1, 1, 1]",27.684953994991094,42.360203399999996,-71.0933445,3,-27.392
1774902936.1538415,"[0, 0, 0, 0, 0, 0]","[1291, 1500, 1600, 1600]","[-25.08, 0.0, 10.0, 10.0]","[-0.36315250781249997, 2.52904309765625, 10.220368046875]",0,4457.2451171875,0,31.038622817993165,"[0.0, -0.64086914052, 3.78417968688]","[0, 0, 0]",0,3,0.0,0.0,4.454,0,0,0,4294967.295,3750038.784,0,59276,0,17.988351821899414,21.821195602416992,-0.3958393633365631,0,state.FLIGHT,873,-22,0,-23,-0.10352600365877151,4454,4457,"[10.8, 0.5, 16.5, 10.4, 15.5, 17.6, 0, 0]","[3.646, 3.647, 3.647]",0.262,"[2.9968000000000004, 3.3104, 5.0016, 7.3632, 8.4496, 27.8272]","[0.035, 0.23, -0.005, -0.00125, 0.00375, -0.00375]",0,0,29.5,"[1, 1, 1, 1, 1, 1]",27.997255296771282,42.3602023,-71.0933439,3,-27.377
1774902936.212352,"[0, 0, 0, 0, 0, 0]","[1291, 1500, 1600, 1600]","[-25.08, 0.0, 10.0, 10.0]","[-0.38230612109375, 2.51065562890625, 10.233392503906249]",0,4461.53369140625,0,31.034250869750977,"[0.0, 4.85229492108, 9.39941406096]","[0, 0, 0]",0,3,0.0,0.0,4.461,0,0,0,4294967.295,3750038.784,0,59336,0,18.12290382385254,21.75040054321289,-0.3958393633365631,0,state.FLIGHT,874,-22,0,-23,-0.10343099385499954,4461,4461,"[10.6, 0.5, 17.6, 10.8, 16.5, 15.9, 0, 0]","[3.646, 3.647, 3.647]",0.262,"[2.9968000000000004, 3.3120000000000003, 5.0032000000000005, 7.364800000000001, 8.4512, 27.8272]","[0.028125, 0.248125, -0.00125, -0.00625, 0.00125, -0.000625]",0,0,29.5,"[1, 1, 1, 1, 1, 1]",28.026518736144265,42.3602023,-71.0933439,3,-27.377
1774902936.2718678,"[0, 0, 0, 0, 0, 0]","[1291, 1500, 1600, 1600]","[-25.08, 0.0, 10.0, 10.0]","[-0.35319262890625003, 2.5236800859374995, 10.18895612109375]",0,4465.78271484375,0,31.05173866271973,"[0.0, -0.4577636718, -3.47900390568]","[0, 0, 0]",0,3,0.0,0.0,4.461,0,0,0,4294967.295,3750038.784,0,59396,0,18.143341064453125,21.659475326538086,-0.3958393633365631,0,state.FLIGHT,875,-22,0,-23,-0.10333699733018875,4461,4465,"[10.6, 0.5, 17.6, 10.6, 15.9, 16.5, 0, 0]","[3.646, 3.647, 3.647]",0.262,"[2.9968000000000004, 3.3120000000000003, 5.0032000000000005, 7.364800000000001, 8.4512, 27.8272]","[0.028125, 0.248125, -0.00125, -0.00625, 0.00125, -0.000625]",0,0,29.5,"[1, 1, 1, 1, 1, 1]",27.97103515842494,42.3602023,-71.0933441,3,-27.324
1774902936.3323789,"[0, 0, 0, 0, 0, 0]","[1291, 1500, 1600, 1600]","[-25.08, 0.0, 10.0, 10.0]","[-0.37158009765624994, 2.51678478515625, 10.221900335937498]",0,4469.998046875,0,31.042994766235353,"[0.0, -2.5939941402, 0.27465820308]","[0, 0, 0]",0,3,0.0,0.0,4.468,0,0,0,4294967.295,3750038.784,0,59456,0,18.278162002563477,21.716232299804688,-0.3958393633365631,0,state.FLIGHT,876,-22,0,-23,-0.10324390977621078,4468,4469,"[10.4, 0.5, 17.0, 10.8, 15.9, 16.5, 0, 0]","[3.646, 3.647, 3.647]",0.262,"[2.9968000000000004, 3.3104, 5.0032000000000005, 7.3664000000000005, 8.459200000000001, 27.8256]","[0.031875, 0.635625, 0.0025, 0.00125, -0.0025, -0.000625]",0,0,29.5,"[1, 1, 1, 1, 1, 1]",28.096727739428427,42.3602023,-71.0933441,3,-27.324
1774902936.3883862,"[0, 0, 0, 0, 0, 0]","[1291, 1500, 1600, 1600]","[-25.08, 0.0, 10.0, 10.0]","[-0.35625720703125, 2.53517225390625, 10.245650816406249]",0,4473.48193359375,0,31.038622817993165,"[0.0, 8.02612304556, 5.4931640616]","[0, 0, 0]",0,3,0.0,0.0,4.468,0,0,0,4294967.295,3750038.784,0,59510,0,18.217220306396484,21.595699310302734,-0.3958393633365631,0,state.FLIGHT,877,-22,0,-23,-0.1031671017408371,4468,4473,"[10.2, 0.5, 17.0, 11.1, 15.5, 15.9, 0, 0]","[3.646, 3.647, 3.647]",0.262,"[2.9968000000000004, 3.3104, 5.0032000000000005, 7.3664000000000005, 8.459200000000001, 27.8256]","[0.031875, 0.635625, 0.0025, 0.00125, -0.0025, -0.000625]",0,0,29.5,"[1, 1, 1, 1, 1, 1]",27.96910657952134,42.360201599999996,-71.0933426,3,-27.296
1774902936.445903,"[0, 0, 0, 0, 0, 0]","[1291, 1500, 1600, 1600]","[-25.08, 0.0, 10.0, 10.0]","[-0.34936190624999997, 2.51372020703125, 10.21730346875]",0,4477.62744140625,0,31.05173866271973,"[0.0, -6.3781738270799995, 7.69042968624]","[0, 0, 0]",0,3,0.0,0.0,4.474,0,0,0,4294967.295,3750038.784,0,59570,0,18.18728256225586,21.7733211517334,-0.3958393633365631,0,state.FLIGHT,878,-21,0,-22,-0.10308610647916794,4474,4477,"[10.6, 0.5, 16.5, 10.6, 16.5, 17.0, 0, 0]","[3.646, 3.647, 3.647]",0.262,"[2.9984, 3.3088, 5.0048, 7.3584000000000005, 8.4464, 27.8256]","[0.039375, 0.6275000000000001, 0.00125, -0.006875, -0.005, -0.0025]",0,0,29.5,"[1, 1, 1, 1, 1, 1]",28.083299399660156,42.3602013,-71.09334179999999,3,-27.246
1774902936.5059028,"[0, 0, 0, 0, 0, 0]","[1291, 1500, 1600, 1600]","[-25.08, 0.0, 10.0, 10.0]","[-0.35932178515625, 2.5144863515624998, 10.209642023437498]",0,4481.736328125,0,31.04736671447754,"[0.0, -3.44848632756, 4.33349609304]","[0, 0, 0]",0,3,0.0,0.0,4.481,0,0,0,4294967.295,3750038.784,0,59630,0,18.350873947143555,21.857540130615234,-0.3958393633365631,0,state.FLIGHT,879,-21,0,-22,-0.10299570113420486,4481,4481,"[10.8, 0.5, 16.5, 10.6, 15.9, 15.5, 0, 0]","[3.646, 3.647, 3.647]",0.262,"[2.9984, 3.3088, 5.0048, 7.3584000000000005, 8.4464, 27.8256]","[0.039375, 0.6275000000000001, 0.00125, -0.006875, -0.005, -0.0025]",0,0,29.5,"[1, 1, 1, 1, 1, 1]",28.247128222451817,42.3602013,-71.09334179999999,3,-27.246
1774902936.5681674,"[0, 0, 0, 0, 0, 0]","[1291, 1500, 1600, 1600]","[-25.08, 0.0, 10.0, 10.0]","[-0.35166033984374995, 2.516018640625, 10.26097370703125]",0,4485.80810546875,0,31.056110610961912,"[0.0, -1.9836425778, 2.68554687456]","[0, 0, 0]",0,3,0.0,0.0,4.481,0,0,0,4294967.295,3750038.784,0,59690,0,18.45370864868164,21.9002742767334,-0.3958393633365631,0,state.FLIGHT,880,-21,0,-22,-0.10289599746465683,4481,4485,"[10.6, 0.5, 16.5, 10.8, 15.5, 17.6, 0, 0]","[3.646, 3.647, 3.647]",0.262,"[2.9984, 3.3136, 5.0032000000000005, 7.368, 8.4528, 27.8272]","[0.03125, 0.63875, 0.0025, 0.0025, -0.00125, -0.00125]",0,0,29.5,"[1, 1, 1, 1, 1, 1]",28.342560406444065,42.360200899999995,-71.0933412,3,-27.198
1774902936.622173,"[0, 0, 0, 0, 0, 0]","[1291, 1500, 1600, 1600]","[-25.08, 0.0, 10.0, 10.0]","[-0.35549106249999995, 2.5022280390624996, 10.18895612109375]",0,4489.84375,0,31.04736671447754,"[0.0, -1.0681152342, 0.6103515624]","[0, 0, 0]",0,3,0.0,0.0,4.489,0,0,0,4294967.295,3750038.784,0,59744,0,18.409854888916016,21.90089988708496,-0.3958393633365631,0,state.FLIGHT,881,-22,0,-23,-0.10280739516019821,4489,4489,"[10.8, 0.5, 17.0, 10.8, 16.5, 16.5, 0, 0]","[3.646, 3.647, 3.647]",0.262,"[2.9984, 3.3136, 5.0032000000000005, 7.368, 8.4528, 27.8272]","[0.03125, 0.63875, 0.0025, 0.0025, -0.00125, -0.00125]",0,0,29.5,"[1, 1, 1, 1, 1, 1]",28.315916654057666,42.360200899999995,-71.0933412,3,-27.198
1774902936.679696,"[0, 0, 0, 0, 0, 0]","[1291, 1500, 1600, 1600]","[-25.08, 0.0, 10.0, 10.0]","[-0.35166033984374995, 2.53517225390625, 10.224198769531249]",0,4493.8427734375,0,31.05173866271973,"[0.0, -3.814697265, 17.76123046584]","[0, 0, 0]",0,3,0.0,0.0,4.489,0,0,0,4294967.295,3750038.784,0,59804,0,18.806270599365234,21.9204044342041,-0.3958393633365631,0,state.FLIGHT,882,-22,0,-23,-0.10271989554166794,4489,4493,"[10.8, 0.5, 15.9, 10.6, 15.5, 17.0, 0, 0]","[3.646, 3.647, 3.647]",0.262,"[2.9968000000000004, 3.3120000000000003, 5.0064, 7.3632, 8.4528, 27.8272]","[0.03375, 0.224375, -0.0025, -0.0025, -0.005625, -0.001875]",0,0,29.5,"[1, 1, 1, 1, 1, 1]",28.576770601469594,42.3602005,-71.0933405,3,-27.158
1774902936.743745,"[0, 0, 0, 0, 0, 0]","[1291, 1500, 1600, 1600]","[-25.08, 0.0, 10.0, 10.0]","[-0.37387853125, 2.5206155078125, 10.21730346875]",0,4497.80224609375,0,31.056110610961912,"[0.0, -9.3078613266, -6.46972656144]","[0, 0, 0]",0,3,0.0,0.0,4.495,0,0,0,4294967.295,3750038.784,0,59864,0,18.772384643554688,22.052255630493164,-0.3958393633365631,0,state.FLIGHT,883,-22,0,-23,-0.10263320058584213,4495,4497,"[10.6, 0.5, 16.5, 11.1, 15.9, 15.9, 0, 0]","[3.646, 3.647, 3.647]",0.262,"[2.9968000000000004, 3.3120000000000003, 5.0032000000000005, 7.3632, 8.4304, 27.824]","[0.034375, 0.199375, -0.0075, -0.00125, -0.0025, -0.0025]",0,0,29.5,"[1, 1, 1, 1, 1, 1]",28.653217380467606,42.3602005,-71.0933405,3,-27.158
1774902936.8037407,"[0, 0, 0, 0, 0, 0]","[1291, 1500, 1600, 1600]","[-25.08, 0.0, 10.0, 10.0]","[-0.36698323046875, 2.5213816523437496, 10.232626359374999]",0,4501.72509765625,0,31.069226455688476,"[0.0, 1.55639648412, -0.09155273436]","[0, 0, 0]",0,3,0.0,0.0,4.495,0,0,0,4294967.295,3750038.784,0,59924,0,18.88498306274414,22.110830307006836,-0.3958393633365631,0,state.FLIGHT,884,-22,0,-23,-0.10257816314697266,4495,4501,"[10.6, 0.5, 16.5, 10.8, 15.5, 17.0, 0, 0]","[3.646, 3.647, 3.647]",0.262,"[2.9968000000000004, 3.3120000000000003, 5.0032000000000005, 7.3632, 8.4304, 27.824]","[0.034375, 0.199375, -0.0075, -0.00125, -0.0025, -0.0025]",0,0,29.5,"[1, 1, 1, 1, 1, 1]",28.766703106437603,42.3602,-71.0933407,3,-27.161
1774902936.855162,"[0, 0, 0, 0, 0, 0]","[1291, 1500, 1600, 1600]","[-25.08, 0.0, 10.0, 10.0]","[-0.35166033984374995, 2.5336399648437498, 10.202746722656249]",0,4504.96826171875,0,31.034250869750977,"[0.0, 1.49536132788, -1.25122070292]","[0, 0, 0]",0,3,0.0,0.0,4.502,0,0,0,4294967.295,3750038.784,0,59978,0,18.711063385009766,22.198440551757812,-0.3958393633365631,0,state.FLIGHT,885,-22,0,-23,-0.10246635228395462,4502,4504,"[10.8, 0.5, 15.9, 10.8, 15.5, 15.9, 0, 0]","[3.646, 3.647, 3.647]",0.262,"[2.9952, 3.3104, 5.0, 7.3696, 8.459200000000001, 27.8256]","[0.03, 0.25625, 0.000625, -0.005, -0.005, -0.0025]",0,0,29.5,"[1, 1, 1, 1, 1, 1]",28.72380835268577,42.3601993,-71.0933417,3,-27.155
1774902936.9171574,"[0, 0, 0, 0, 0, 0]","[1291, 1500, 1600, 1600]","[-25.08, 0.0, 10.0, 10.0]","[-0.35319262890625003, 2.52444623046875, 10.2127066015625]",0,4508.82421875,0,31.056110610961912,"[0.0, -0.64086914052, 14.58740234136]","[0, 0, 0]",0,3,0.0,0.0,4.508,0,0,0,4294967.295,3750038.784,0,60038,0,18.978078842163086,22.22955894470215,-0.3958393633365631,0,state.FLIGHT,886,-22,0,-23,-0.10238226503133774,4508,4508,"[10.6, 0.5, 15.9, 10.6, 16.5, 16.5, 0, 0]","[3.646, 3.647, 3.647]",0.262,"[2.9952, 3.3104, 5.0, 7.3696, 8.459200000000001, 27.8256]","[0.03, 0.25625, 0.000625, -0.005, -0.005, -0.0025]",0,0,29.5,"[1, 1, 1, 1, 1, 1]",28.9125497138137,42.3601993,-71.0933417,3,-27.155
1774902936.9746716,"[0, 0, 0, 0, 0, 0]","[1291, 1500, 1600, 1600]","[-25.08, 0.0, 10.0, 10.0]","[-0.39149985546875, 2.51678478515625, 10.24411852734375]",0,4512.64306640625,0,31.069226455688476,"[0.0, 1.92260742156, 11.62719726372]","[0, 0, 0]",0,3,0.0,0.0,4.508,0,0,0,4294967.295,3750038.784,0,60098,0,19.071168899536133,22.43219757080078,-0.3958393633365631,0,state.FLIGHT,887,-22,0,-23,-0.10230930149555206,4508,4512,"[10.6, 0.5, 16.5, 10.8, 16.5, 16.5, 0, 0]","[3.646, 3.647, 3.647]",0.262,"[2.9952, 3.3104, 5.0032000000000005, 7.3616, 8.4688, 27.824]","[0.03875, 0.228125, -0.003125, 0.000625, -0.005625, -0.0025]",0,0,29.5,"[1, 1, 1, 1, 1, 1]",29.120476301374882,42.3601983,-71.0933436,3,-27.119
1774902937.0341294,"[0, 0, 0, 0, 0, 0]","[1291, 1500, 1600, 1600]","[-25.08, 0.0, 10.0, 10.0]","[-0.3447650390625, 2.5198493632812498, 10.224198769531249]",0,4516.42578125,0,31.042994766235353,"[0.0, 4.0588378899599995, -15.38085937248]","[0, 0, 0]",0,3,0.0,0.0,4.514,0,0,0,4294967.295,3750038.784,0,60158,0,19.110837936401367,22.66292953491211,-0.3958393633365631,0,state.FLIGHT,888,-22,0,-23,-0.10221666842699051,4514,4516,"[10.4, 0.5, 16.5, 10.4, 16.5, 15.9, 0, 0]","[3.646, 3.647, 3.647]",0.262,"[2.9952, 3.3104, 5.0032000000000005, 7.3616, 8.4688, 27.824]","[0.03875, 0.228125, -0.003125, 0.000625, -0.005625, -0.0025]",0,0,29.5,"[1, 1, 1, 1, 1, 1]",29.316303213637163,42.3601983,-71.0933436,3,-27.119
1774902937.0886497,"[0, 0, 0, 0, 0, 0]","[1291, 1500, 1600, 1600]","[-25.08, 0.0, 10.0, 10.0]","[-0.36162021874999994, 2.5206155078125, 10.228029492187499]",0,4520.171875,0,31.05173866271973,"[0.0, -1.43432617164, -1.43432617164]","[0, 0, 0]",0,3,0.0,0.0,4.514,0,0,0,4294967.295,3750038.784,0,60212,0,19.066848754882812,22.649473190307617,-0.3958393633365631,0,state.FLIGHT,889,-21,0,-22,-0.10214550048112869,4514,4520,"[10.6, 0.5, 18.2, 10.0, 15.9, 16.5, 0, 0]","[3.646, 3.647, 3.647]",0.262,"[2.9984, 3.3104, 5.0048, 7.3632, 8.4304, 27.8272]","[0.0325, 0.6275000000000001, 0.005, 0.00125, -0.004375, 0.0025]",0,0,29.5,"[1, 1, 1, 1, 1, 1]",29.27916358433801,42.360197199999995,-71.0933441,3,-27.105
1774902937.1540287,"[0, 0, 0, 0, 0, 0]","[1291, 1500, 1600, 1600]","[-25.08, 0.0, 10.0, 10.0]","[-0.389201421875, 2.53057538671875, 10.25177997265625]",0,4523.88134765625,0,31.05173866271973,"[0.0, 11.56616210748, -2.19726562464]","[0, 0, 0]",0,3,0.0,0.0,4.521,0,0,0,4294967.295,3750038.784,0,60272,0,18.999752044677734,22.50052833557129,-0.3958393633365631,0,state.FLIGHT,890,-21,0,-22,-0.10205468535423279,4521,4523,"[10.6, 0.5, 15.9, 10.6, 15.5, 17.6, 0, 0]","[3.646, 3.647, 3.647]",0.262,"[2.9984, 3.3104, 5.0048, 7.3632, 8.4304, 27.8272]","[0.0325, 0.6275000000000001, 0.005, 0.00125, -0.004375, 0.0025]",0,0,29.5,"[1, 1, 1, 1, 1, 1]",29.12696717912217,42.360197199999995,-71.0933451,3,-27.068
1774902937.2085433,"[0, 0, 0, 0, 0, 0]","[1291, 1500, 1600, 1600]","[-25.08, 0.0, 10.0, 10.0]","[-0.36085407421875, 2.53976912109375, 10.22726334765625]",0,4527.55419921875,0,31.07797035217285,"[0.0, 13.15307616972, 4.36401367116]","[0, 0, 0]",0,3,0.0,0.0,4.527,0,0,0,4294967.295,3750038.784,0,60332,0,18.84380340576172,22.679964065551758,-0.3958393633365631,0,state.FLIGHT,891,-21,0,-22,-0.10198519378900528,4527,4527,"[10.4, 0.5, 17.0, 10.4, 16.5, 16.5, 0, 0]","[3.646, 3.647, 3.647]",0.262,"[2.9984, 3.3136, 5.0032000000000005, 7.364800000000001, 8.427200000000001, 27.8256]","[0.036875, 0.62375, 0.00375, 0.0025, -0.00375, -0.000625]",0,0,29.5,"[1, 1, 1, 1, 1, 1]",29.164978323702723,42.360197199999995,-71.0933451,3,-27.068
1774902937.2700653,"[0, 0, 0, 0, 0, 0]","[1291, 1500, 1600, 1600]","[-25.08, 0.0, 10.0, 10.0]","[-0.35625720703125, 2.5236800859374995, 10.24411852734375]",0,4531.1904296875,0,31.069226455688476,"[0.0, -2.22778320276, -2.8991699214]","[0, 0, 0]",0,3,0.0,0.0,4.527,0,0,0,4294967.295,3750038.784,0,60392,0,19.112030029296875,22.909465789794922,-0.3958393633365631,0,state.FLIGHT,892,-21,0,-22,-0.101926788687706,4527,4531,"[10.6, 0.5, 17.0, 10.8, 16.5, 17.0, 0, 0]","[3.646, 3.647, 3.647]",0.262,"[2.9984, 3.3136, 5.0032000000000005, 7.364800000000001, 8.427200000000001, 27.8256]","[0.036875, 0.62375, 0.00375, 0.0025, -0.00375, -0.000625]",0,0,29.5,"[1, 1, 1, 1, 1, 1]",29.5007693843472,42.3601971,-71.0933452,3,-27.037
1774902937.3240712,"[0, 0, 0, 0, 0, 0]","[1291, 1500, 1600, 1600]","[-25.08, 0.0, 10.0, 10.0]","[-0.37617696484374996, 2.5213816523437496, 10.22726334765625]",0,4534.19287109375,0,31.08234230041504,"[0.0, 6.43920898332, -12.023925779279999]","[0, 0, 0]",0,3,0.0,0.0,4.533,0,0,0,4294967.295,3750038.784,0,60446,0,19.002948760986328,23.28670310974121,-0.3958393633365631,0,state.FLIGHT,893,-21,0,-22,-0.10184129327535629,4533,4534,"[10.2, 0.5, 17.6, 10.6, 16.5, 15.9, 0, 0]","[3.646, 3.647, 3.647]",0.262,"[2.9936000000000003, 3.3088, 5.0048, 7.3632, 8.4336, 27.8272]","[0.0325, 0.236875, 0.00125, -0.000625, -0.000625, 0.000625]",0,0,29.5,"[1, 1, 1, 1, 1, 1]",29.717575211900524,42.3601971,-71.0933452,3,-27.037
1774902937.3835914,"[0, 0, 0, 0, 0, 0]","[1291, 1500, 1600, 1600]","[-25.08, 0.0, 10.0, 10.0]","[-0.37387853125, 2.5267446640624995, 10.23032792578125]",0,4537.75927734375,0,31.064854507446288,"[0.0, 0.70190429676, 6.59179687392]","[0, 0, 0]",0,3,0.0,0.0,4.533,0,0,0,4294967.295,3750038.784,0,60506,0,19.088397979736328,23.26106071472168,-0.3958393633365631,0,state.FLIGHT,894,-21,0,-22,-0.10176409035921097,4533,4537,"[10.6, 0.5, 17.0, 10.2, 15.0, 15.9, 0, 0]","[3.646, 3.647, 3.647]",0.262,"[2.9936000000000003, 3.3088, 5.0048, 7.3632, 8.4336, 27.8272]","[0.0325, 0.236875, 0.00125, -0.000625, -0.000625, 0.000625]",0,0,29.5,"[1, 1, 1, 1, 1, 1]",29.74991096908887,42.3601962,-71.09334539999999,3,-27.045
1774902937.442112,"[0, 0, 0, 0, 0, 0]","[1291, 1500, 1600, 1600]","[-25.08, 0.0, 10.0, 10.0]","[-0.370813953125, 2.5267446640624995, 10.221900335937498]",0,4541.2919921875,0,31.069226455688476,"[0.0, -8.51440429548, 0.09155273436]","[0, 0, 0]",0,3,0.0,0.0,4.539,0,0,0,4294967.295,3750039.04,0,60566,0,19.23398208618164,23.43804931640625,-0.3958393633365631,0,state.FLIGHT,895,-21,0,-22,-0.10168760269880295,4539,4541,"[10.6, 0.5, 16.5, 10.4, 15.9, 16.5, 0, 0]","[3.646, 3.647, 3.647]",0.262,"[2.9952, 3.3120000000000003, 5.0048, 7.3632, 8.457600000000001, 27.824]","[0.03375, 0.2425, -0.004375, -0.001875, -0.0025, -0.001875]",0,0,29.5,"[1, 1, 1, 1, 1, 1]",29.97110942515335,42.3601957,-71.09334679999999,3,-27.03
1774902937.5041108,"[0, 0, 0, 0, 0, 0]","[1291, 1500, 1600, 1600]","[-25.08, 0.0, 10.0, 10.0]","[-0.3478296171875, 2.53823683203125, 10.214238890625]",0,4544.7880859375,0,31.08234230041504,"[0.0, 1.12915039044, -3.87573242124]","[0, 0, 0]",0,3,0.0,0.0,4.539,0,0,0,4294967.295,3750039.04,0,60626,0,19.278812408447266,23.43925666809082,-0.3958393633365631,0,state.FLIGHT,896,-21,0,-22,-0.10164258629083633,4539,4544,"[10.4, 0.5, 16.5, 10.4, 15.5, 17.0, 0, 0]","[3.646, 3.647, 3.647]",0.262,"[2.9936000000000003, 3.3120000000000003, 5.0064, 7.3696, 8.4608, 27.8272]","[0.03875, 0.2275, -0.003125, -0.005, -0.001875, 0.0]",0,0,29.5,"[1, 1, 1, 1, 1, 1]",29.99915860763984,42.3601957,-71.09334679999999,3,-27.03
1774902937.5567162,"[0, 0, 0, 0, 0, 0]","[1291, 1500, 1600, 1600]","[-25.08, 0.0, 10.0, 10.0]","[-0.3754108203125, 2.5321076757812495, 10.221900335937498]",0,4547.67138671875,0,31.07797035217285,"[0.0, -0.82397460924, -7.56835937376]","[0, 0, 0]",0,3,0.0,0.0,4.545,0,0,0,4294967.295,3750039.04,0,60680,0,19.101064682006836,23.738304138183594,-0.3958393633365631,0,state.FLIGHT,897,-22,0,-22,-0.10154969990253448,4545,4547,"[10.8, 0.5, 15.9, 10.6, 15.9, 16.5, 0, 0]","[3.646, 3.647, 3.647]",0.262,"[2.9936000000000003, 3.3120000000000003, 5.0064, 7.3696, 8.4608, 27.8272]","[0.03875, 0.2275, -0.003125, -0.005, -0.001875, 0.0]",0,0,29.5,"[1, 1, 1, 1, 1, 1]",30.117901120058242,42.3601945,-71.0933482,3,-27.009
1774902937.6158383,"[0, 0, 0, 0, 0, 0]","[1291, 1500, 1600, 1600]","[-25.08, 0.0, 10.0, 10.0]","[-0.376943109375, 2.5144863515624998, 10.221134191406248]",0,4551.10009765625,0,31.086714248657227,"[0.0, -0.27465820308, -2.56347656208]","[0, 0, 0]",0,3,0.0,0.0,4.55,0,0,0,4294967.295,3750039.04,0,60740,0,19.24114418029785,23.821950912475586,-0.3958393633365631,0,state.FLIGHT,898,-21,0,-22,-0.10145539790391922,4550,4551,"[10.6, 0.5, 16.5, 10.4, 15.9, 17.6, 0, 0]","[3.646, 3.647, 3.647]",0.262,"[2.9952, 3.3104, 5.0032000000000005, 7.3616, 8.4288, 27.8272]","[0.03625, 0.21937500000000001, -0.004375, -0.00125, -0.000625, -0.000625]",0,0,29.5,"[1, 1, 1, 1, 1, 1]",30.264957806085263,42.3601945,-71.0933482,3,-27.009
1774902937.6769092,"[0, 0, 0, 0, 0, 0]","[1291, 1500, 1600, 1600]","[-25.08, 0.0, 10.0, 10.0]","[-0.36468479687499994, 2.5052926171875, 10.21730346875]",0,4554.49267578125,0,31.091086196899415,"[0.0, 2.10571289028, -11.291503904399999]","[0, 0, 0]",0,3,0.0,0.0,4.55,0,0,0,4294967.295,3750039.04,0,60800,0,19.10169792175293,23.91228675842285,-0.3958393633365631,0,state.FLIGHT,899,-21,0,-22,-0.10139235854148865,4550,4554,"[10.8, 0.5, 15.9, 10.8, 16.5, 17.0, 0, 0]","[3.646, 3.647, 3.647]",0.262,"[2.9952, 3.3104, 5.0032000000000005, 7.3616, 8.4288, 27.8272]","[0.03625, 0.21937500000000001, -0.004375, -0.00125, -0.000625, -0.000625]",0,0,29.5,"[1, 1, 1, 1, 1, 1]",30.250364747533634,42.3601934,-71.0933501,3,-26.976
1774902937.738944,"[0, 0, 0, 0, 0, 0]","[1291, 1500, 1600, 1600]","[-25.08, 0.0, 10.0, 10.0]","[-0.34323275000000003, 2.5359383984375, 10.221900335937498]",0,4557.845703125,0,31.08234230041504,"[0.0, -6.5612792958, -11.10839843568]","[0, 0, 0]",0,3,0.0,0.0,4.556,0,0,0,4294967.295,3750039.04,0,60860,0,18.917665481567383,24.044721603393555,-0.3958393633365631,0,state.FLIGHT,900,-21,0,-22,-0.10133010149002075,4556,4557,"[10.6, 0.5, 16.5, 10.8, 15.5, 16.5, 0, 0]","[3.646, 3.647, 3.647]",0.262,"[2.9936000000000003, 3.3120000000000003, 5.0048, 7.364800000000001, 8.464, 27.8256]","[0.03875, 0.259375, -0.0025, -0.0025, 0.000625, -0.00375]",0,0,29.5,"[1, 1, 1, 1, 1, 1]",30.242650819087007,42.3601934,-71.0933501,3,-26.976
1774902937.7939441,"[0, 0, 0, 0, 0, 0]","[1291, 1500, 1600, 1600]","[-25.08, 0.0, 10.0, 10.0]","[-0.3723462421875, 2.5083571953125, 10.228795636718749]",0,4561.1650390625,0,31.086714248657227,"[0.0, 0.88500976548, -6.07299804588]","[0, 0, 0]",0,3,0.0,0.0,4.556,0,0,0,4294967.295,3750039.04,0,60914,0,18.918176651000977,24.059513092041016,-0.3958393633365631,0,state.FLIGHT,901,-21,0,-22,-0.1012687236070633,4556,4561,"[10.6, 0.5, 16.5, 10.6, 16.5, 17.0, 0, 0]","[3.646, 3.647, 3.647]",0.262,"[2.9936000000000003, 3.3120000000000003, 5.0048, 7.364800000000001, 8.464, 27.8256]","[0.03875, 0.259375, -0.0025, -0.0025, 0.000625, -0.00375]",0,0,29.5,"[1, 1, 1, 1, 1, 1]",30.2542721031529,42.3601925,-71.0933522,3,-26.935
1774902937.8840368,"[0, 0, 0, 0, 0, 0]","[1291, 1500, 1600, 1600]","[-25.08, 0.0, 10.0, 10.0]","[-0.3692816640625, 2.53976912109375, 10.215005035156251]",0,4564.44775390625,0,31.08234230041504,"[0.0, 4.6691894523599995, 21.118164059039998]","[0, 0, 0]",0,3,0.0,0.0,4.562,0,0,0,4294967.295,3750039.04,0,60974,0,19.077741622924805,24.077856063842773,-0.3958393633365631,0,state.FLIGHT,902,-21,0,-23,-0.1011878028512001,4562,4564,"[10.6, 0.5, 17.0, 10.6, 15.0, 16.5, 0, 0]","[3.646, 3.647, 3.647]",0.262,"[2.9952, 3.3120000000000003, 5.0016, 7.368, 8.4464, 27.8256]","[0.0375, 0.6118750000000001, 0.0025, 0.0, -0.004375, 0.00125]",0,0,29.5,"[1, 1, 1, 1, 1, 1]",30.362269438987283,42.3601915,-71.09335329999999,3,-26.892
1774902937.9130368,"[0, 0, 0, 0, 0, 0]","[1291, 1500, 1600, 1600]","[-25.08, 0.0, 10.0, 10.0]","[-0.38077383203125, 2.54130141015625, 10.232626359374999]",0,4567.69384765625,0,31.091086196899415,"[0.0, 0.70190429676, -4.4250488273999995]","[0, 0, 0]",0,3,0.0,0.0,4.567,0,0,0,4294967.295,3750039.04,0,61034,0,19.1583251953125,24.079734802246094,-0.3958393633365631,0,state.FLIGHT,903,-22,0,-23,-0.10109757632017136,4567,4567,"[10.6, 0.5, 15.0, 10.8, 15.9, 17.0, 0, 0]","[3.646, 3.647, 3.647]",0.262,"[2.9952, 3.3120000000000003, 5.0016, 7.368, 8.4464, 27.8256]","[0.0375, 0.6118750000000001, 0.0025, 0.0, -0.004375, 0.00125]",0,0,29.5,"[1, 1, 1, 1, 1, 1]",30.411336936535616,42.3601915,-71.09335329999999,3,-26.892
1774902937.9702425,"[0, 0, 0, 0, 0, 0]","[1291, 1500, 1600, 1600]","[-25.08, 0.0, 10.0, 10.0]","[-0.389201421875, 2.516018640625, 10.2310940703125]",0,4570.9033203125,0,31.091086196899415,"[0.0, 4.48608398364, 5.82885742092]","[0, 0, 0]",0,3,0.0,0.0,4.567,0,0,0,4294967.295,3750039.04,0,61094,0,19.404624938964844,23.949087142944336,-0.3958393633365631,0,state.FLIGHT,904,-21,0,-23,-0.10104869306087494,4567,4570,"[10.4, 0.5, 16.5, 10.4, 15.0, 17.0, 0, 0]","[3.646, 3.647, 3.647]",0.262,"[2.9936000000000003, 3.3136, 5.0048, 7.3584000000000005, 8.4368, 27.8272]","[0.0375, 0.61625, 0.00125, -0.003125, 0.00375, -0.00375]",0,0,29.5,"[1, 1, 1, 1, 1, 1]",30.458920270353516,42.360190599999996,-71.0933539,3,-26.856
1774902938.024253,"[0, 0, 0, 0, 0, 0]","[1291, 1500, 1600, 1600]","[-25.08, 0.0, 10.0, 10.0]","[-0.36315250781249997, 2.52751080859375, 10.2188357578125]",0,4573.54931640625,0,31.08234230041504,"[0.0, -8.75854492044, 3.60107421816]","[0, 0, 0]",0,3,0.0,0.0,4.572,0,0,0,4294967.295,3750039.04,0,61148,0,19.69423484802246,23.928590774536133,-0.3958393633365631,0,state.FLIGHT,905,-21,0,-23,-0.10099169611930847,4572,4573,"[10.6, 0.5, 16.5, 10.8, 15.5, 17.0, 0, 0]","[3.646, 3.647, 3.647]",0.262,"[2.9936000000000003, 3.3136, 5.0048, 7.3584000000000005, 8.4368, 27.8272]","[0.0375, 0.61625, 0.00125, -0.003125, 0.00375, -0.00375]",0,0,29.5,"[1, 1, 1, 1, 1, 1]",30.617812950123433,42.360190599999996,-71.0933539,3,-26.856
1774902938.087513,"[0, 0, 0, 0, 0, 0]","[1291, 1500, 1600, 1600]","[-25.08, 0.0, 10.0, 10.0]","[-0.3754108203125, 2.53823683203125, 10.20887587890625]",0,4576.69189453125,0,31.091086196899415,"[0.0, 11.38305663876, 4.69970703048]","[0, 0, 0]",0,3,0.0,0.0,4.572,0,0,0,4294967.295,3750039.04,0,61208,0,19.815088272094727,23.69483184814453,-0.3958393633365631,0,state.FLIGHT,906,-21,0,-23,-0.10092399269342422,4572,4576,"[10.8, 0.5, 17.0, 10.4, 15.5, 17.0, 0, 0]","[3.646, 3.647, 3.647]",0.262,"[2.9936000000000003, 3.3104, 5.0048, 7.3632, 8.441600000000001, 27.8304]","[0.03125, 0.403125, 0.00625, -0.000625, 0.003125, -0.00125]",0,0,29.5,"[1, 1, 1, 1, 1, 1]",30.51664027192358,42.3601897,-71.0933554,3,-26.811
1774902938.144573,"[0, 0, 0, 0, 0, 0]","[1291, 1500, 1600, 1600]","[-25.08, 0.0, 10.0, 10.0]","[-0.35855564062499995, 2.5198493632812498, 10.199682144531248]",0,4579.7978515625,0,31.086714248657227,"[0.0, 6.2561035145999995, -2.7465820308]","[0, 0, 0]",0,3,0.0,0.0,4.577,0,0,0,4294967.295,3750039.04,0,61268,0,19.927080154418945,23.874284744262695,-0.3958393633365631,0,state.FLIGHT,907,-21,0,-23,-0.10085800290107727,4577,4579,"[10.6, 0.5, 17.0, 11.1, 15.5, 17.0, 0, 0]","[3.646, 3.647, 3.647]",0.262,"[2.9936000000000003, 3.3104, 5.0048, 7.3632, 8.441600000000001, 27.8304]","[0.03125, 0.403125, 0.00625, -0.000625, 0.003125, -0.00125]",0,0,29.5,"[1, 1, 1, 1, 1, 1]",30.718674725533425,42.3601897,-71.0933554,3,-26.811
1774902938.2045782,"[0, 0, 0, 0, 0, 0]","[1291, 1500, 1600, 1600]","[-25.08, 0.0, 10.0, 10.0]","[-0.37311238671874997, 2.53057538671875, 10.21806961328125]",0,4582.8671875,0,31.07797035217285,"[0.0, -0.4577636718, 5.12695312416]","[0, 0, 0]",0,3,0.0,0.0,4.582,0,0,0,4294967.295,3750039.04,0,61328,0,20.173341751098633,23.775423049926758,-0.3958393633365631,0,state.FLIGHT,908,-21,0,-23,-0.10079409182071686,4582,4582,"[10.6, 0.5, 16.5, 10.4, 15.9, 15.9, 0, 0]","[3.646, 3.647, 3.647]",0.262,"[2.9952, 3.3104, 5.0048, 7.36, 8.4688, 27.8288]","[0.033125, 0.246875, -0.00625, 0.00125, -0.000625, -0.005]",0,0,29.5,"[1, 1, 1, 1, 1, 1]",30.796343862205585,42.360188099999995,-71.09335709999999,3,-26.75
1774902938.2586057,"[0, 0, 0, 0, 0, 0]","[1291, 1500, 1600, 1600]","[-25.08, 0.0, 10.0, 10.0]","[-0.36238636328125, 2.5045264726562495, 10.211174312499999]",0,4585.90283203125,0,31.086714248657227,"[0.0, 4.9133300773199995, -6.43920898332]","[0, 0, 0]",0,3,0.0,0.0,4.582,0,0,0,4294967.295,3750039.04,0,61382,0,20.113691329956055,23.819969177246094,-0.3958393633365631,0,state.FLIGHT,909,-21,0,-23,-0.10075104236602783,4582,4585,"[10.8, 0.5, 15.9, 10.4, 15.9, 16.5, 0, 0]","[3.646, 3.647, 3.647]",0.262,"[2.9952, 3.3136, 5.0032000000000005, 7.3632, 8.440000000000001, 27.8256]","[0.03375, 0.249375, -0.000625, -0.003125, -0.005, -0.000625]",0,0,29.5,"[1, 1, 1, 1, 1, 1]",30.79259329140359,42.3601865,-71.09335999999999,3,-26.707
1774902938.3206182,"[0, 0, 0, 0, 0, 0]","[1291, 1500, 1600, 1600]","[-25.08, 0.0, 10.0, 10.0]","[-0.34170046093749995, 2.53670454296875, 10.206577445312499]",0,4588.89892578125,0,31.091086196899415,"[0.0, -0.4577636718, 11.26098632628]","[0, 0, 0]",0,3,0.0,0.0,4.588,0,0,0,4294967.295,3750039.04,0,61442,0,20.05479621887207,23.819313049316406,-0.3958393633365631,0,state.FLIGHT,910,-21,0,-23,-0.10066840052604675,4588,4588,"[10.6, 0.5, 16.5, 11.1, 15.9, 15.9, 0, 0]","[3.646, 3.647, 3.647]",0.262,"[2.9952, 3.3136, 5.0032000000000005, 7.3632, 8.440000000000001, 27.8256]","[0.03375, 0.249375, -0.000625, -0.003125, -0.005, -0.000625]",0,0,29.5,"[1, 1, 1, 1, 1, 1]",30.75594604465723,42.3601865,-71.09335999999999,3,-26.707
1774902938.379131,"[0, 0, 0, 0, 0, 0]","[1291, 1500, 1600, 1600]","[-25.08, 0.0, 10.0, 10.0]","[-0.36698323046875, 2.4838405703125, 10.233392503906249]",0,4591.86181640625,0,31.08234230041504,"[0.0, -6.7443847645199995, -4.577636718]","[0, 0, 0]",0,3,0.0,0.0,4.588,0,0,0,4294967.295,3750039.04,0,61502,0,20.021818161010742,24.053678512573242,-0.3958393633365631,0,state.FLIGHT,911,-21,0,-22,-0.10060650110244751,4588,4591,"[10.8, 0.5, 15.9, 10.8, 16.5, 16.5, 0, 0]","[3.646, 3.647, 3.647]",0.262,"[2.9952, 3.3136, 5.0032000000000005, 7.368, 8.4608, 27.8288]","[0.035625000000000004, 0.2525, -0.004375, 0.000625, -0.00125, -0.00375]",0,0,29.5,"[1, 1, 1, 1, 1, 1]",30.910087566156665,42.360185,-71.0933624,3,-26.696
1774902938.4436717,"[0, 0, 0, 0, 0, 0]","[1291, 1500, 1600, 1600]","[-25.08, 0.0, 10.0, 10.0]","[-0.3539587734375, 2.55202743359375, 10.20581130078125]",0,4594.78466796875,0,31.091086196899415,"[0.0, -0.82397460924, 17.97485351268]","[0, 0, 0]",0,3,0.0,0.0,4.593,0,0,0,4294967.295,3750039.04,0,61562,0,20.092639923095703,23.967002868652344,-0.3958393633365631,0,state.FLIGHT,912,-22,0,-22,-0.10055544972419739,4593,4594,"[10.6, 0.5, 16.5, 10.4, 15.5, 16.5, 0, 0]","[3.646, 3.647, 3.647]",0.262,"[2.9952, 3.3136, 5.0032000000000005, 7.368, 8.4608, 27.8288]","[0.035625000000000004, 0.2525, -0.004375, 0.000625, -0.00125, -0.00375]",0,0,29.5,"[1, 1, 1, 1, 1, 1]",30.88877991430801,42.360185,-71.0933624,3,-26.696
1774902938.4966726,"[0, 0, 0, 0, 0, 0]","[1291, 1500, 1600, 1600]","[-25.08, 0.0, 10.0, 10.0]","[-0.35166033984374995, 2.50682490625, 10.245650816406249]",0,4597.19580078125,0,31.095458145141603,"[0.0, -2.04467773404, 1.55639648412]","[0, 0, 0]",0,3,0.0,0.0,4.593,0,0,0,4294967.295,3750039.04,0,61616,0,19.978063583374023,23.869157791137695,-0.3958393633365631,0,state.FLIGHT,913,-22,0,-22,-0.10050494968891144,4593,4597,"[10.6, 0.5, 15.9, 10.8, 14.6, 16.5, 0, 0]","[3.646, 3.647, 3.647]",0.262,"[2.9952, 3.3136, 5.0032000000000005, 7.3632, 8.4352, 27.8272]","[0.03375, 0.591875, 0.000625, -0.00125, -0.000625, -0.000625]",0,0,29.5,"[1, 1, 1, 1, 1, 1]",30.7459904496979,42.360183899999996,-71.0933639,3,-26.685
1774902938.5571914,"[0, 0, 0, 0, 0, 0]","[1291, 1500, 1600, 1600]","[-25.08, 0.0, 10.0, 10.0]","[-0.36391865234375, 2.5098894843749995, 10.2249649140625]",0,4600.0546875,0,31.07797035217285,"[0.0, -0.4577636718, 5.4931640616]","[0, 0, 0]",0,3,0.0,0.0,4.598,0,0,0,4294967.295,3750039.04,0,61676,0,19.928035736083984,23.839855194091797,-0.3958393633365631,0,state.FLIGHT,914,-21,0,-23,-0.10042495280504227,4598,4600,"[10.0, 0.5, 16.5, 10.2, 15.5, 15.9, 0, 0]","[3.646, 3.647, 3.647]",0.262,"[2.9952, 3.3136, 5.0032000000000005, 7.3632, 8.4352, 27.8272]","[0.03375, 0.591875, 0.000625, -0.00125, -0.000625, -0.000625]",0,0,29.5,"[1, 1, 1, 1, 1, 1]",30.693620429558194,42.360183,-71.09336549999999,3,-26.659
1774902938.6157334,"[0, 0, 0, 0, 0, 0]","[1291, 1500, 1600, 1600]","[-25.08, 0.0, 10.0, 10.0]","[-0.35778949609375, 2.52751080859375, 10.208109734375]",0,4602.87744140625,0,31.095458145141603,"[0.0, -2.22778320276, 1.00708007796]","[0, 0, 0]",0,3,0.0,0.0,4.602,0,0,0,4294967.295,3750039.04,0,61736,0,20.067279815673828,23.899049758911133,-0.3958393633365631,0,state.FLIGHT,915,-21,0,-23,-0.1003757044672966,4602,4602,"[10.4, 0.5, 17.0, 10.2, 15.9, 17.0, 0, 0]","[3.646, 3.647, 3.647]",0.262,"[2.992, 3.3136, 5.0064, 7.3632, 8.464, 27.8288]","[0.031875, 0.6, -0.000625, 0.000625, -0.003125, -0.0025]",0,0,29.5,"[1, 1, 1, 1, 1, 1]",30.82278169782537,42.360183,-71.09336549999999,3,-26.659
1774902938.676905,"[0, 0, 0, 0, 0, 0]","[1291, 1500, 1600, 1600]","[-25.08, 0.0, 10.0, 10.0]","[-0.3723462421875, 2.51525249609375, 10.211174312499999]",0,4605.6630859375,0,31.095458145141603,"[0.0, 2.47192382772, 0.79345703112]","[0, 0, 0]",0,3,0.0,0.0,4.602,0,0,0,4294967.295,3750039.04,0,61796,0,19.71480941772461,23.930795669555664,-0.3958393633365631,0,state.FLIGHT,916,-21,0,-22,-0.1003170907497406,4602,4605,"[10.6, 0.5, 16.5, 10.8, 15.9, 17.0, 0, 0]","[3.646, 3.647, 3.647]",0.262,"[2.992, 3.3136, 5.0064, 7.3632, 8.464, 27.8288]","[0.031875, 0.6, -0.000625, 0.000625, -0.003125, -0.0025]",0,0,29.5,"[1, 1, 1, 1, 1, 1]",30.63191305072411,42.3601819,-71.0933672,3,-26.619
1774902938.7290466,"[0, 0, 0, 0, 0, 0]","[1291, 1500, 1600, 1600]","[-25.08, 0.0, 10.0, 10.0]","[-0.3508941953125, 2.5183170742187495, 10.22573105859375]",0,4607.95849609375,0,31.108573989868162,"[0.0, -1.9836425778, -9.03320312352]","[0, 0, 0]",0,3,0.0,0.0,4.607,0,0,0,4294967.295,3750039.04,0,61850,0,19.676191329956055,23.945018768310547,-0.3958393633365631,0,state.FLIGHT,917,-21,0,-22,-0.10026869177818298,4607,4607,"[10.8, 0.5, 17.0, 10.6, 17.0, 17.0, 0, 0]","[3.646, 3.647, 3.647]",0.262,"[2.9968000000000004, 3.3136, 5.0064, 7.3632, 8.4672, 27.8288]","[0.03375, 0.5625, 0.00375, -0.0025, -0.006875, -0.000625]",0,0,29.5,"[1, 1, 1, 1, 1, 1]",30.619227621755478,42.3601819,-71.0933672,3,-26.619
1774902938.786556,"[0, 0, 0, 0, 0, 0]","[1291, 1500, 1600, 1600]","[-25.08, 0.0, 10.0, 10.0]","[-0.36391865234375, 2.53517225390625, 10.214238890625]",0,4610.67724609375,0,31.09983009338379,"[0.0, 2.47192382772, -7.9650878893199994]","[0, 0, 0]",0,3,0.0,0.0,4.607,0,0,0,4294967.295,3750039.04,0,61910,0,19.782684326171875,23.722248077392578,-0.3958393633365631,0,state.FLIGHT,918,-21,0,-22,-0.10020127147436142,4607,4610,"[10.4, 0.5, 17.0, 10.4, 15.5, 16.5, 0, 0]","[3.646, 3.647, 3.647]",0.262,"[2.9968000000000004, 3.3136, 5.0064, 7.3632, 8.4672, 27.8288]","[0.03375, 0.5625, 0.00375, -0.0025, -0.006875, -0.000625]",0,0,29.5,"[1, 1, 1, 1, 1, 1]",30.517275328985193,42.3601807,-71.0933689,3,-26.587
1774902938.8460839,"[0, 0, 0, 0, 0, 0]","[1291, 1500, 1600, 1600]","[-25.08, 0.0, 10.0, 10.0]","[-0.376943109375, 2.5006957499999998, 10.226497203124998]",0,4613.36279296875,0,31.095458145141603,"[0.0, 7.65991210812, 12.39013671672]","[0, 0, 0]",0,3,0.0,0.0,4.611,0,0,0,4294967.295,3750039.04,0,61970,0,20.03144645690918,23.767398834228516,-0.3958393633365631,0,state.FLIGHT,919,-21,0,-22,-0.10015520453453064,4611,4613,"[10.6, 0.5, 16.5, 10.6, 16.5, 16.5, 0, 0]","[3.646, 3.647, 3.647]",0.262,"[2.9952, 3.3120000000000003, 5.0048, 7.3632, 8.4624, 27.8272]","[0.028125, 0.238125, -0.0025, -0.000625, -0.00375, -0.0025]",0,0,29.5,"[1, 1, 1, 1, 1, 1]",30.70311060259711,42.360178999999995,-71.0933725,3,-26.436
1774902938.9090889,"[0, 0, 0, 0, 0, 0]","[1291, 1500, 1600, 1600]","[-25.08, 0.0, 10.0, 10.0]","[-0.34246660546874996, 2.52751080859375, 10.2341586484375]",0,4616.01123046875,0,31.08234230041504,"[0.0, -8.94165038916, -12.42065429484]","[0, 0, 0]",0,3,0.0,0.0,4.616,0,0,0,4294967.295,3750039.296,0,62030,0,19.746387481689453,23.747888565063477,-0.3958393633365631,0,state.FLIGHT,920,-21,0,-22,-0.10011061280965805,4616,4616,"[10.8, 0.5, 17.6, 10.8, 16.5, 16.5, 0, 0]","[3.646, 3.647, 3.647]",0.262,"[2.9952, 3.3136, 5.0048, 7.364800000000001, 8.4352, 27.8256]","[0.03375, 0.194375, -0.005625, 0.0, -0.00125, -0.00625]",0,0,29.5,"[1, 1, 1, 1, 1, 1]",30.51427543419044,42.360178999999995,-71.0933725,3,-26.436
1774902938.9603264,"[0, 0, 0, 0, 0, 0]","[1291, 1500, 1600, 1600]","[-25.08, 0.0, 10.0, 10.0]","[-0.38230612109375, 2.5252123749999997, 10.231860214843751]",0,4618.62353515625,0,31.07797035217285,"[0.0, -12.6647949198, -2.92968749952]","[0, 0, 0]",0,3,0.0,0.0,4.616,0,0,0,4294967.295,3750039.296,0,62084,0,19.71230125427246,24.04116439819336,-0.3958393633365631,0,state.FLIGHT,921,-21,0,-22,-0.10004659742116928,4616,4618,"[10.4, 0.5, 17.0, 10.2, 15.0, 17.0, 0, 0]","[3.646, 3.647, 3.647]",0.262,"[2.9952, 3.3136, 5.0048, 7.364800000000001, 8.4352, 27.8256]","[0.03375, 0.194375, -0.005625, 0.0, -0.00125, -0.00625]",0,0,29.5,"[1, 1, 1, 1, 1, 1]",30.713193670976498,42.3601781,-71.0933737,3,-26.424
1774902939.0233345,"[0, 0, 0, 0, 0, 0]","[1291, 1500, 1600, 1600]","[-25.08, 0.0, 10.0, 10.0]","[-0.35625720703125, 2.5428336992187495, 10.22956178125]",0,4621.19921875,0,31.091086196899415,"[0.0, 5.09643554604, 7.53784179564]","[0, 0, 0]",0,3,0.0,0.0,4.62,0,0,0,4294967.295,3750039.296,0,62144,0,19.86159324645996,23.944705963134766,-0.3958393633365631,0,state.FLIGHT,922,-21,0,-22,-0.09999320656061172,4620,4621,"[10.6, 0.5, 16.5, 10.6, 16.5, 16.5, 0, 0]","[3.646, 3.647, 3.647]",0.262,"[2.9952, 3.3104, 5.0048, 7.3632, 8.457600000000001, 27.8256]","[0.035, 0.2325, -0.000625, -0.00125, 0.000625, -0.00375]",0,0,29.5,"[1, 1, 1, 1, 1, 1]",30.731330204626083,42.3601781,-71.0933737,3,-26.424
1774902939.0827277,"[0, 0, 0, 0, 0, 0]","[1291, 1500, 1600, 1600]","[-25.08, 0.0, 10.0, 10.0]","[-0.3570233515625, 2.51372020703125, 10.2249649140625]",0,4623.73828125,0,31.126061782836913,"[0.0, 0.51879882804, -7.20214843632]","[0, 0, 0]",0,3,0.0,0.0,4.62,0,0,0,4294967.295,3750039.296,0,62204,0,19.86252212524414,23.948963165283203,-0.3958393633365631,0,state.FLIGHT,923,-21,0,-23,-0.0999303013086319,4620,4623,"[10.4, 0.5, 17.0, 10.6, 15.9, 15.9, 0, 0]","[3.646, 3.647, 3.647]",0.262,"[2.9952, 3.3104, 5.0048, 7.3632, 8.457600000000001, 27.8256]","[0.035, 0.2325, -0.000625, -0.00125, 0.000625, -0.00375]",0,0,29.5,"[1, 1, 1, 1, 1, 1]",30.73507469394568,42.360178399999995,-71.09337289999999,3,-26.399
1774902939.1402514,"[0, 0, 0, 0, 0, 0]","[1291, 1500, 1600, 1600]","[-25.08, 0.0, 10.0, 10.0]","[-0.3662170859375, 2.5206155078125, 10.2035128671875]",0,4626.24365234375,0,31.108573989868162,"[0.0, -1.43432617164, 10.5285644514]","[0, 0, 0]",0,3,0.0,0.0,4.624,0,0,0,4294967.295,3750039.296,0,62264,0,19.994693756103516,23.936723709106445,-0.3958393633365631,0,state.FLIGHT,924,-21,0,-23,-0.09987800568342209,4624,4626,"[10.2, 0.5, 16.5, 11.1, 15.5, 16.5, 0, 0]","[3.646, 3.647, 3.647]",0.262,"[2.9968000000000004, 3.3104, 5.0016, 7.36, 8.4464, 27.8256]","[0.033125, 0.251875, -0.0025, -0.00375, -0.0025, -0.00125]",0,0,29.5,"[1, 1, 1, 1, 1, 1]",30.80642740814835,42.360178399999995,-71.09337289999999,3,-26.399
1774902939.1962574,"[0, 0, 0, 0, 0, 0]","[1291, 1500, 1600, 1600]","[-25.08, 0.0, 10.0, 10.0]","[-0.36238636328125, 2.5298092421875, 10.2310940703125]",0,4628.30078125,0,31.095458145141603,"[0.0, -6.31713867084, 3.99780273372]","[0, 0, 0]",0,3,0.0,0.0,4.624,0,0,0,4294967.295,3750039.296,0,62318,0,20.261798858642578,24.03019905090332,-0.3958393633365631,0,state.FLIGHT,925,-22,0,-23,-0.09985468536615372,4624,4628,"[10.2, 0.5, 16.5, 10.8, 15.9, 17.0, 0, 0]","[3.646, 3.647, 3.647]",0.262,"[2.9968000000000004, 3.3104, 5.0016, 7.36, 8.4464, 27.8256]","[0.033125, 0.251875, -0.0025, -0.00375, -0.0025, -0.00125]",0,0,29.5,"[1, 1, 1, 1, 1, 1]",31.03927315260712,42.3601773,-71.09337359999999,3,-26.365
1774902939.2543035,"[0, 0, 0, 0, 0, 0]","[1291, 1500, 1600, 1600]","[-25.08, 0.0, 10.0, 10.0]","[-0.34706347265625, 2.50682490625, 10.21806961328125]",0,4630.7392578125,0,31.11294593811035,"[0.0, -4.1809082024399995, -2.8991699214]","[0, 0, 0]",0,3,0.0,0.0,4.628,0,0,0,4294967.295,3750039.296,0,62378,0,20.42597770690918,24.046070098876953,-0.3958393633365631,0,state.FLIGHT,926,-22,0,-23,-0.09981334954500198,4628,4630,"[10.8, 0.5, 15.5, 10.4, 15.9, 17.0, 0, 0]","[3.646, 3.647, 3.647]",0.262,"[2.992, 3.3120000000000003, 5.0032000000000005, 7.3616, 8.4608, 27.8288]","[0.03125, 0.25625, -0.00125, -0.003125, -0.003125, -0.0025]",0,0,29.5,"[1, 1, 1, 1, 1, 1]",31.151940543546754,42.360177199999995,-71.0933742,3,-26.34
1774902939.314301,"[0, 0, 0, 0, 0, 0]","[1291, 1500, 1600, 1600]","[-25.08, 0.0, 10.0, 10.0]","[-0.34399889453125, 2.5175509296875, 10.211174312499999]",0,4633.14453125,0,31.09983009338379,"[0.0, 0.57983398428, 10.13183593584]","[0, 0, 0]",0,3,0.0,0.0,4.633,0,0,0,4294967.295,3750039.296,0,62438,0,20.30145263671875,24.076580047607422,-0.3958393633365631,0,state.FLIGHT,927,-22,0,-23,-0.09973252564668655,4633,4633,"[10.4, 0.5, 15.9, 10.6, 16.5, 16.5, 0, 0]","[3.646, 3.647, 3.647]",0.262,"[2.992, 3.3120000000000003, 5.0032000000000005, 7.3616, 8.4608, 27.8288]","[0.03125, 0.25625, -0.00125, -0.003125, -0.003125, -0.0025]",0,0,29.5,"[1, 1, 1, 1, 1, 1]",31.097955917284462,42.360177199999995,-71.0933742,3,-26.34
1774902939.3776846,"[0, 0, 0, 0, 0, 0]","[1291, 1500, 1600, 1600]","[-25.08, 0.0, 10.0, 10.0]","[-0.36085407421875, 2.5321076757812495, 10.2127066015625]",0,4635.509765625,0,31.09983009338379,"[0.0, -6.5612792958, -9.27734374848]","[0, 0, 0]",0,3,0.0,0.0,4.633,0,0,0,4294967.295,3750039.296,0,62498,0,20.105213165283203,24.199268341064453,-0.3958393633365631,0,state.FLIGHT,928,-22,0,-23,-0.09970217198133469,4633,4635,"[10.6, 0.5, 15.5, 10.8, 15.0, 15.5, 0, 0]","[3.646, 3.647, 3.647]",0.262,"[2.9936000000000003, 3.3088, 5.008, 7.3664000000000005, 8.4448, 27.8256]","[0.031875, 0.629375, 0.001875, -0.00375, 0.003125, -0.00125]",0,0,29.5,"[1, 1, 1, 1, 1, 1]",31.069364261095036,42.3601767,-71.09337529999999,3,-26.326
1774902939.4296935,"[0, 0, 0, 0, 0, 0]","[1291, 1500, 1600, 1600]","[-25.08, 0.0, 10.0, 10.0]","[-0.3692816640625, 2.5006957499999998, 10.22573105859375]",0,4637.84130859375,0,31.108573989868162,"[0.0, -3.63159179628, -14.83154296632]","[0, 0, 0]",0,3,0.0,0.0,4.637,0,0,0,4294967.295,3750039.296,0,62552,0,19.978681564331055,24.197999954223633,-0.3958393633365631,0,state.FLIGHT,929,-22,0,-23,-0.0996422991156578,4637,4637,"[10.6, 0.5, 16.5, 10.8, 16.5, 16.5, 0, 0]","[3.646, 3.647, 3.647]",0.262,"[2.9936000000000003, 3.3088, 5.008, 7.3664000000000005, 8.4448, 27.8256]","[0.031875, 0.629375, 0.001875, -0.00375, 0.003125, -0.00125]",0,0,29.5,"[1, 1, 1, 1, 1, 1]",30.99168844382632,42.3601767,-71.09337529999999,3,-26.326
1774902939.488228,"[0, 0, 0, 0, 0, 0]","[1291, 1500, 1600, 1600]","[-25.08, 0.0, 10.0, 10.0]","[-0.36468479687499994, 2.5213816523437496, 10.231860214843751]",0,4640.13330078125,0,31.117317886352538,"[0.0, 2.71606445268, 3.63159179628]","[0, 0, 0]",0,3,0.0,0.0,4.637,0,0,0,4294967.295,3750039.296,0,62612,0,19.923141479492188,24.199234008789062,-0.3958393633365631,0,state.FLIGHT,930,-22,0,-23,-0.09959299862384796,4637,4640,"[10.8, 0.5, 16.5, 10.4, 15.0, 15.9, 0, 0]","[3.646, 3.647, 3.647]",0.262,"[2.9952, 3.3104, 5.0016, 7.36, 8.4384, 27.8272]","[0.036875, 0.598125, 0.0025, 0.0, -0.003125, 0.00125]",0,0,29.5,"[1, 1, 1, 1, 1, 1]",30.95902594006159,42.3601765,-71.0933763,3,-26.313
1774902939.5524604,"[0, 0, 0, 0, 0, 0]","[1291, 1500, 1600, 1600]","[-25.08, 0.0, 10.0, 10.0]","[-0.36085407421875, 2.5336399648437498, 10.215771179687499]",0,4642.39208984375,0,31.117317886352538,"[0.0, -4.4250488273999995, -3.84521484312]","[0, 0, 0]",0,3,0.0,0.0,4.64,0,0,0,4294967.295,3750039.296,0,62672,0,20.17464256286621,24.215715408325195,-0.3958393633365631,0,state.FLIGHT,931,-22,0,-23,-0.09953413903713226,4640,4642,"[10.6, 0.5, 15.5, 10.4, 16.5, 17.0, 0, 0]","[3.646, 3.647, 3.647]",0.262,"[2.9952, 3.3104, 5.0016, 7.36, 8.4384, 27.8272]","[0.036875, 0.598125, 0.0025, 0.0, -0.003125, 0.00125]",0,0,29.5,"[1, 1, 1, 1, 1, 1]",31.123838605879477,42.3601755,-71.0933771,3,-26.278
1774902939.6121929,"[0, 0, 0, 0, 0, 0]","[1291, 1500, 1600, 1600]","[-25.08, 0.0, 10.0, 10.0]","[-0.35778949609375, 2.4991634609374995, 10.23492479296875]",0,4644.6171875,0,31.11294593811035,"[0.0, 2.8991699214, 1.95312499968]","[0, 0, 0]",0,3,0.0,0.0,4.644,0,0,0,4294967.295,3750039.296,0,62732,0,19.947513580322266,24.283472061157227,-0.3958393633365631,0,state.FLIGHT,932,-22,0,-23,-0.0994759052991867,4644,4644,"[10.6, 0.5, 17.0, 10.6, 15.5, 17.6, 0, 0]","[3.646, 3.647, 3.647]",0.262,"[2.9952, 3.3120000000000003, 5.0032000000000005, 7.3664000000000005, 8.4352, 27.8256]","[0.033125, 0.2325, -0.0025, -0.00125, -0.003125, -0.0025]",0,0,29.5,"[1, 1, 1, 1, 1, 1]",31.036871868962947,42.3601755,-71.0933771,3,-26.278
1774902939.6632733,"[0, 0, 0, 0, 0, 0]","[1291, 1500, 1600, 1600]","[-25.08, 0.0, 10.0, 10.0]","[-0.3662170859375, 2.5390029765624997, 10.221900335937498]",0,4646.43994140625,0,31.095458145141603,"[0.0, -2.77709960892, -5.4931640616]","[0, 0, 0]",0,3,0.0,0.0,4.644,0,0,0,4294967.295,3750039.296,0,62786,0,20.03775405883789,24.512287139892578,-0.3958393633365631,0,state.FLIGHT,933,-22,0,-23,-0.09945579618215561,4644,4646,"[10.4, 0.5, 16.5, 10.4, 16.5, 15.9, 0, 0]","[3.646, 3.647, 3.647]",0.262,"[2.9952, 3.3120000000000003, 5.0032000000000005, 7.3664000000000005, 8.4352, 27.8256]","[0.033125, 0.2325, -0.0025, -0.00125, -0.003125, -0.0025]",0,0,29.5,"[1, 1, 1, 1, 1, 1]",31.262898546542633,42.360174,-71.0933778,3,-26.238
1774902939.7258093,"[0, 0, 0, 0, 0, 0]","[1291, 1500, 1600, 1600]","[-25.08, 0.0, 10.0, 10.0]","[-0.37004780859374997, 2.51908321875, 10.2249649140625]",0,4648.59765625,0,31.09983009338379,"[0.0, 8.57543945172, 10.49804687328]","[0, 0, 0]",0,3,0.0,0.0,4.648,0,0,0,4294967.295,3750039.296,0,62846,0,20.370691299438477,24.526920318603516,-0.3958393633365631,0,state.FLIGHT,934,-22,0,-23,-0.09940830618143082,4648,4648,"[10.6, 0.5, 15.9, 10.4, 15.9, 16.5, 0, 0]","[3.646, 3.647, 3.647]",0.262,"[2.9952, 3.3136, 5.0048, 7.3632, 8.443200000000001, 27.8272]","[0.035625000000000004, 0.2525, -0.00375, -0.0025, 0.00125, -0.0025]",0,0,29.5,"[1, 1, 1, 1, 1, 1]",31.47482083294286,42.360174,-71.0933778,3,-26.238
1774902939.7843368,"[0, 0, 0, 0, 0, 0]","[1291, 1500, 1600, 1600]","[-25.08, 0.0, 10.0, 10.0]","[-0.367749375, 2.5144863515624998, 10.24411852734375]",0,4650.71923828125,0,31.121689834594726,"[0.0, -2.41088867148, 19.9890136686]","[0, 0, 0]",0,3,0.0,0.0,4.648,0,0,0,4294967.295,3750039.296,0,62906,0,20.573925018310547,24.761903762817383,-0.3958393633365631,0,state.FLIGHT,935,-22,0,-23,-0.09935126453638077,4648,4650,"[11.1, 0.5, 15.9, 10.4, 15.9, 17.6, 0, 0]","[3.646, 3.647, 3.647]",0.262,"[2.9952, 3.3120000000000003, 5.0048, 7.364800000000001, 8.4464, 27.8256]","[0.033125, 0.245625, 0.001875, -0.004375, -0.0025, -0.003125]",0,0,29.5,"[1, 1, 1, 1, 1, 1]",31.77310549395363,42.3601731,-71.0933782,3,-26.21
1774902939.8458567,"[0, 0, 0, 0, 0, 0]","[1291, 1500, 1600, 1600]","[-25.08, 0.0, 10.0, 10.0]","[-0.37387853125, 2.49456659375, 10.215771179687499]",0,4652.80712890625,0,31.11294593811035,"[0.0, -3.44848632756, -10.95581054508]","[0, 0, 0]",0,3,0.0,0.0,4.651,0,0,0,4294967.295,3750039.296,0,62966,0,20.553489685058594,24.692934036254883,-0.3958393633365631,0,state.FLIGHT,936,-22,0,-23,-0.0993146002292633,4651,4652,"[10.2, 0.5, 15.9, 10.6, 15.9, 17.0, 0, 0]","[3.646, 3.647, 3.647]",0.262,"[2.9952, 3.3120000000000003, 5.0048, 7.364800000000001, 8.4464, 27.8256]","[0.033125, 0.245625, 0.001875, -0.004375, -0.0025, -0.003125]",0,0,29.5,"[1, 1, 1, 1, 1, 1]",31.709367328051606,42.3601731,-71.0933782,3,-26.21
1774902939.9028542,"[0, 0, 0, 0, 0, 0]","[1291, 1500, 1600, 1600]","[-25.08, 0.0, 10.0, 10.0]","[-0.36315250781249997, 2.5175509296875, 10.211174312499999]",0,4654.51708984375,0,31.11294593811035,"[0.0, -0.88500976548, -5.73730468656]","[0, 0, 0]",0,3,0.0,0.0,4.651,0,0,0,4294967.295,3750039.296,0,63020,0,20.407995223999023,24.774473190307617,-0.3958393633365631,0,state.FLIGHT,937,-22,0,-23,-0.09926606714725494,4651,4654,"[10.2, 0.5, 16.5, 10.6, 15.9, 15.9, 0, 0]","[3.646, 3.647, 3.647]",0.262,"[2.9952, 3.3120000000000003, 5.0048, 7.3696, 8.4544, 27.8272]","[0.03125, 0.27875, -0.00125, -0.003125, -0.00375, 0.000625]",0,0,29.5,"[1, 1, 1, 1, 1, 1]",31.682192912372965,42.3601722,-71.0933785,3,-26.179
1774902939.9573781,"[0, 0, 0, 0, 0, 0]","[1291, 1500, 1600, 1600]","[-25.08, 0.0, 10.0, 10.0]","[-0.34629732812499997, 2.52904309765625, 10.221134191406248]",0,4656.5380859375,0,31.13480567932129,"[0.0, -4.1809082024399995, 5.2795410147599995]","[0, 0, 0]",0,3,0.0,0.0,4.654,0,0,0,4294967.295,3750039.296,0,63080,0,20.802873611450195,24.79705810546875,-0.3958393633365631,0,state.FLIGHT,938,-22,0,-23,-0.09922028332948685,4654,4656,"[10.8, 0.5, 16.5, 10.6, 15.9, 17.6, 0, 0]","[3.646, 3.647, 3.647]",0.262,"[2.9952, 3.3120000000000003, 5.0048, 7.3696, 8.4544, 27.8272]","[0.03125, 0.27875, -0.00125, -0.003125, -0.00375, 0.000625]",0,0,29.5,"[1, 1, 1, 1, 1, 1]",31.938364856710564,42.3601713,-71.09337889999999,3,-26.145
1774902940.020382,"[0, 0, 0, 0, 0, 0]","[1291, 1500, 1600, 1600]","[-25.08, 0.0, 10.0, 10.0]","[-0.38460455468749993, 2.4907358710937495, 10.2356909375]",0,4658.5224609375,0,31.13480567932129,"[0.0, -5.21850585852, -1.77001953096]","[0, 0, 0]",0,3,0.0,0.0,4.658,0,0,0,4294967.295,3750039.296,0,63140,0,20.891401290893555,24.83793830871582,-0.3958393633365631,0,state.FLIGHT,939,-22,0,-23,-0.09917479008436203,4658,4658,"[10.4, 0.5, 17.0, 10.2, 15.5, 17.0, 0, 0]","[3.646, 3.647, 3.647]",0.262,"[2.9984, 3.3152000000000004, 5.0048, 7.3632, 8.4352, 27.8272]","[0.030625, 0.635625, 0.00375, -0.0025, -0.006875, -0.004375]",0,0,29.5,"[1, 1, 1, 1, 1, 1]",32.022632398660576,42.3601713,-71.09337889999999,3,-26.145
1774902940.0773954,"[0, 0, 0, 0, 0, 0]","[1291, 1500, 1600, 1600]","[-25.08, 0.0, 10.0, 10.0]","[-0.34323275000000003, 2.53976912109375, 10.216537324218748]",0,4660.47314453125,0,31.13480567932129,"[0.0, -0.4577636718, 8.850097654799999]","[0, 0, 0]",0,3,0.0,0.0,4.658,0,0,0,4294967.295,3750039.296,0,63200,0,20.76747703552246,24.620662689208984,-0.3958393633365631,0,state.FLIGHT,940,-22,0,-23,-0.09913970530033112,4658,4660,"[10.6, 0.5, 17.6, 10.8, 15.5, 16.5, 0, 0]","[3.646, 3.647, 3.647]",0.262,"[2.9984, 3.3152000000000004, 5.0048, 7.3632, 8.4352, 27.8272]","[0.030625, 0.635625, 0.00375, -0.0025, -0.006875, -0.004375]",0,0,29.5,"[1, 1, 1, 1, 1, 1]",31.78615814292624,42.3601704,-71.0933797,3,-26.114
1774902940.1313152,"[0, 0, 0, 0, 0, 0]","[1291, 1500, 1600, 1600]","[-25.08, 0.0, 10.0, 10.0]","[-0.35778949609375, 2.5045264726562495, 10.226497203124998]",0,4662.38427734375,0,31.126061782836913,"[0.0, -10.71166992012, 13.45825195092]","[0, 0, 0]",0,3,0.0,0.0,4.661,0,0,0,4294967.295,3750039.296,0,63254,0,20.802366256713867,24.755029678344727,-0.3958393633365631,0,state.FLIGHT,941,-22,0,-23,-0.09910491108894348,4661,4662,"[10.6, 0.5, 17.0, 10.6, 15.5, 16.5, 0, 0]","[3.646, 3.647, 3.647]",0.262,"[2.9984, 3.3120000000000003, 5.0032000000000005, 7.3632, 8.4688, 27.8288]","[0.03875, 0.6168750000000001, 0.004375, 0.0025, 0.000625, 0.000625]",0,0,29.5,"[1, 1, 1, 1, 1, 1]",31.906917835734255,42.3601704,-71.0933797,3,-26.114
1774902940.1918273,"[0, 0, 0, 0, 0, 0]","[1291, 1500, 1600, 1600]","[-25.08, 0.0, 10.0, 10.0]","[-0.367749375, 2.51218791796875, 10.215005035156251]",0,4664.26171875,0,31.126061782836913,"[0.0, -12.6647949198, -16.87622070036]","[0, 0, 0]",0,3,0.0,0.0,4.661,0,0,0,4294967.295,3750039.296,0,63314,0,20.734010696411133,24.855743408203125,-0.3958393633365631,0,state.FLIGHT,942,-22,0,-23,-0.09905070066452026,4661,4664,"[10.4, 0.5, 15.9, 10.4, 16.5, 17.6, 0, 0]","[3.646, 3.647, 3.647]",0.262,"[2.9984, 3.3120000000000003, 5.0032000000000005, 7.3632, 8.4688, 27.8288]","[0.03875, 0.6168750000000001, 0.004375, 0.0025, 0.000625, 0.000625]",0,0,29.5,"[1, 1, 1, 1, 1, 1]",31.94002361762498,42.3601694,-71.0933805,3,-26.079
1774902940.2548594,"[0, 0, 0, 0, 0, 0]","[1291, 1500, 1600, 1600]","[-25.08, 0.0, 10.0, 10.0]","[-0.36315250781249997, 2.51065562890625, 10.223432625]",0,4666.10595703125,0,31.1304337310791,"[0.0, 5.0354003897999995, 9.36889648284]","[0, 0, 0]",0,3,0.0,0.0,4.664,0,0,0,4294967.295,3750039.296,0,63374,0,21.09872055053711,24.81175994873047,-0.3958393633365631,0,state.FLIGHT,943,-22,0,-23,-0.09900670498609543,4664,4666,"[10.4, 0.5, 17.0, 10.6, 15.9, 15.9, 0, 0]","[3.646, 3.647, 3.647]",0.262,"[2.9968000000000004, 3.3136, 5.0016, 7.3632, 8.4672, 27.8288]","[0.0375, 0.631875, 0.003125, -0.000625, -0.000625, 0.0025]",0,0,29.5,"[1, 1, 1, 1, 1, 1]",32.13025851355729,42.360168,-71.0933814,3,-26.045
1774902940.314857,"[0, 0, 0, 0, 0, 0]","[1291, 1500, 1600, 1600]","[-25.08, 0.0, 10.0, 10.0]","[-0.3692816640625, 2.5236800859374995, 10.23645708203125]",0,4667.91015625,0,31.147921524047852,"[0.0, 3.44848632756, -5.340576171]","[0, 0, 0]",0,3,0.0,0.0,4.667,0,0,0,4294967.295,3750039.296,0,63434,0,21.056049346923828,24.852663040161133,-0.3958393633365631,0,state.FLIGHT,944,-22,0,-23,-0.0989433079957962,4667,4667,"[10.4, 0.5, 16.5, 10.4, 15.9, 18.2, 0, 0]","[3.646, 3.647, 3.647]",0.262,"[2.9968000000000004, 3.3136, 5.0016, 7.3632, 8.4672, 27.8288]","[0.0375, 0.631875, 0.003125, -0.000625, -0.000625, 0.0025]",0,0,29.5,"[1, 1, 1, 1, 1, 1]",32.13420973378363,42.360168,-71.0933814,3,-26.045
1774902940.3643806,"[0, 0, 0, 0, 0, 0]","[1291, 1500, 1600, 1600]","[-25.08, 0.0, 10.0, 10.0]","[-0.37464467578124994, 2.5213816523437496, 10.231860214843751]",0,4669.388671875,0,31.104202041625978,"[0.0, 2.34985351524, 1.95312499968]","[0, 0, 0]",0,3,0.0,0.0,4.667,0,0,0,4294967.295,3750039.296,0,63488,0,21.0512752532959,25.041973114013672,-0.3958393633365631,0,state.FLIGHT,945,-22,0,-23,-0.09893690049648285,4667,4669,"[10.4, 0.5, 16.5, 10.4, 15.5, 15.9, 0, 0]","[3.646, 3.647, 3.647]",0.262,"[2.9968000000000004, 3.3104, 5.0032000000000005, 7.3632, 8.4624, 27.8256]","[0.0325, 0.2325, -0.0025, -0.000625, 0.003125, -0.00125]",0,0,29.5,"[1, 1, 1, 1, 1, 1]",32.2711221048358,42.360168,-71.0933821,3,-26.006
1774902940.425383,"[0, 0, 0, 0, 0, 0]","[1291, 1500, 1600, 1600]","[-25.08, 0.0, 10.0, 10.0]","[-0.3539587734375, 2.5206155078125, 10.19661756640625]",0,4671.12890625,0,31.126061782836913,"[0.0, 5.6457519521999995, 2.10571289028]","[0, 0, 0]",0,3,0.0,0.0,4.67,0,0,0,4294967.295,3750039.296,0,63548,0,21.265518188476562,25.198211669921875,-0.3958393633365631,0,state.FLIGHT,946,-22,0,-23,-0.09888400137424469,4670,4671,"[10.4, 0.5, 17.6, 10.8, 16.5, 17.0, 0, 0]","[3.646, 3.647, 3.647]",0.262,"[2.9968000000000004, 3.3104, 5.0032000000000005, 7.368, 8.4368, 27.824]","[0.03, 0.22125, -0.0025, -0.001875, 0.0, -0.005625]",0,0,29.5,"[1, 1, 1, 1, 1, 1]",32.5172689791454,42.360168,-71.0933821,3,-26.006
1774902940.485897,"[0, 0, 0, 0, 0, 0]","[1291, 1500, 1600, 1600]","[-25.08, 0.0, 10.0, 10.0]","[-0.36162021874999994, 2.497631171875, 10.2372232265625]",0,4672.8359375,0,31.1304337310791,"[0.0, -1.86157226532, 8.2397460924]","[0, 0, 0]",0,3,0.0,0.0,4.67,0,0,0,4294967.295,3750039.296,0,63608,0,21.22739601135254,25.11764144897461,-0.3958393633365631,0,state.FLIGHT,947,-22,0,-23,-0.09885108470916748,4670,4672,"[10.4, 0.5, 17.0, 10.6, 16.5, 16.5, 0, 0]","[3.646, 3.647, 3.647]",0.262,"[2.9968000000000004, 3.3104, 5.0032000000000005, 7.368, 8.4368, 27.824]","[0.03, 0.22125, -0.0025, -0.001875, 0.0, -0.005625]",0,0,29.5,"[1, 1, 1, 1, 1, 1]",32.43452719083777,42.3601677,-71.0933828,3,-25.985
1774902940.5474153,"[0, 0, 0, 0, 0, 0]","[1291, 1500, 1600, 1600]","[-25.08, 0.0, 10.0, 10.0]","[-0.36851551953124995, 2.55049514453125, 10.206577445312499]",0,4674.50634765625,0,31.09983009338379,"[0.0, -6.0119628896399995, -4.4250488273999995]","[0, 0, 0]",0,3,0.0,0.0,4.673,0,0,0,4294967.295,3750039.296,0,63668,0,20.986618041992188,25.340429306030273,-0.3958393633365631,0,state.FLIGHT,948,-22,0,-23,-0.09879869967699051,4673,4674,"[10.4, 0.5, 15.9, 10.4, 15.5, 17.0, 0, 0]","[3.646, 3.647, 3.647]",0.262,"[2.9936000000000003, 3.3120000000000003, 5.0048, 7.3632, 8.441600000000001, 27.8272]","[0.03125, 0.224375, -0.000625, -0.001875, -0.00125, -0.00375]",0,0,29.5,"[1, 1, 1, 1, 1, 1]",32.45345386612131,42.360167399999995,-71.0933831,3,-25.973
1774902940.599495,"[0, 0, 0, 0, 0, 0]","[1291, 1500, 1600, 1600]","[-25.08, 0.0, 10.0, 10.0]","[-0.370813953125, 2.4899697265625, 10.214238890625]",0,4676.14013671875,0,31.108573989868162,"[0.0, 6.68334960828, 5.85937499904]","[0, 0, 0]",0,3,0.0,0.0,4.673,0,0,0,4294967.295,3750039.296,0,63722,0,20.958986282348633,25.242712020874023,-0.3958393633365631,0,state.FLIGHT,949,-22,0,-23,-0.09877625852823257,4673,4676,"[10.4, 0.5, 16.5, 10.6, 15.5, 15.9, 0, 0]","[3.646, 3.647, 3.647]",0.262,"[2.9936000000000003, 3.3120000000000003, 5.0048, 7.3632, 8.441600000000001, 27.8272]","[0.03125, 0.224375, -0.000625, -0.001875, -0.00125, -0.00375]",0,0,29.5,"[1, 1, 1, 1, 1, 1]",32.36403678506272,42.360167399999995,-71.0933831,3,-25.973
1774902940.659011,"[0, 0, 0, 0, 0, 0]","[1291, 1500, 1600, 1600]","[-25.08, 0.0, 10.0, 10.0]","[-0.3662170859375, 2.5359383984375, 10.221900335937498]",0,4677.7373046875,0,31.1304337310791,"[0.0, -6.0119628896399995, -12.0544433574]","[0, 0, 0]",0,3,0.0,0.0,4.676,0,0,0,4294967.295,3750039.296,0,63782,0,20.86374855041504,25.274433135986328,-0.3958393633365631,0,state.FLIGHT,950,-22,0,-23,-0.09871450811624527,4676,4677,"[10.6, 0.5, 16.5, 10.4, 15.0, 17.0, 0, 0]","[3.646, 3.647, 3.647]",0.262,"[2.9952, 3.3136, 5.0032000000000005, 7.3632, 8.4384, 27.8272]","[0.035, 0.23625000000000002, 0.0025, -0.00125, -0.0025, -0.0025]",0,0,29.5,"[1, 1, 1, 1, 1, 1]",32.33021063751017,42.3601678,-71.0933838,3,-25.968
1774902940.721528,"[0, 0, 0, 0, 0, 0]","[1291, 1500, 1600, 1600]","[-25.08, 0.0, 10.0, 10.0]","[-0.3754108203125, 2.4869051484374998, 10.226497203124998]",0,4679.30078125,0,31.139177627563477,"[0.0, 6.43920898332, 15.35034179436]","[0, 0, 0]",0,3,0.0,0.0,4.679,0,0,0,4294967.295,3750039.296,0,63842,0,21.161935806274414,25.319576263427734,-0.3958393633365631,0,state.FLIGHT,951,-22,0,-23,-0.09867270290851593,4679,4679,"[10.8, 0.5, 16.5, 10.6, 15.0, 17.6, 0, 0]","[3.646, 3.647, 3.647]",0.262,"[2.9952, 3.3136, 5.0032000000000005, 7.3632, 8.4384, 27.8272]","[0.035, 0.23625000000000002, 0.0025, -0.00125, -0.0025, -0.0025]",0,0,29.5,"[1, 1, 1, 1, 1, 1]",32.544011210295864,42.3601678,-71.0933838,3,-25.968
1774902940.7800353,"[0, 0, 0, 0, 0, 0]","[1291, 1500, 1600, 1600]","[-25.08, 0.0, 10.0, 10.0]","[-0.36698323046875, 2.5359383984375, 10.21806961328125]",0,4680.82763671875,0,31.121689834594726,"[0.0, -4.4250488273999995, 2.10571289028]","[0, 0, 0]",0,3,0.0,0.0,4.679,0,0,0,4294967.295,3750039.296,0,63902,0,21.361215591430664,25.334230422973633,-0.3958393633365631,0,state.FLIGHT,952,-22,0,-23,-0.09864096343517303,4679,4680,"[10.4, 0.5, 16.5, 10.6, 16.5, 15.9, 0, 0]","[3.646, 3.647, 3.647]",0.262,"[2.9984, 3.3120000000000003, 5.0048, 7.368, 8.4384, 27.8288]","[0.030625, 0.6025, 0.001875, 0.000625, 0.00125, -0.00625]",0,0,29.5,"[1, 1, 1, 1, 1, 1]",32.67605400438566,42.3601679,-71.0933845,3,-25.957
1774902940.8345578,"[0, 0, 0, 0, 0, 0]","[1291, 1500, 1600, 1600]","[-25.08, 0.0, 10.0, 10.0]","[-0.36085407421875, 2.49992960546875, 10.22266648046875]",0,4682.07470703125,0,31.108573989868162,"[0.0, 7.4768066393999995, 13.30566406032]","[0, 0, 0]",0,3,0.0,0.0,4.681,0,0,0,4294967.295,3750039.296,0,63956,0,21.25217056274414,25.414207458496094,-0.3958393633365631,0,state.FLIGHT,953,-22,0,-23,-0.0985964983701706,4681,4682,"[10.4, 0.5, 17.6, 10.6, 15.9, 17.0, 0, 0]","[3.646, 3.647, 3.647]",0.262,"[2.9984, 3.3120000000000003, 5.0048, 7.368, 8.4384, 27.8288]","[0.030625, 0.6025, 0.001875, 0.000625, 0.00125, -0.00625]",0,0,29.5,"[1, 1, 1, 1, 1, 1]",32.668884673719674,42.3601679,-71.0933845,3,-25.957
1774902940.8935628,"[0, 0, 0, 0, 0, 0]","[1291, 1500, 1600, 1600]","[-25.08, 0.0, 10.0, 10.0]","[-0.37387853125, 2.50682490625, 10.248715394531251]",0,4683.53759765625,0,31.11294593811035,"[0.0, -6.19506835836, -1.61743164036]","[0, 0, 0]",0,3,0.0,0.0,4.681,0,0,0,4294967.295,3750039.296,0,64016,0,21.209436416625977,25.763320922851562,-0.3958393633365631,0,state.FLIGHT,954,-22,0,-23,-0.09855519980192184,4681,4683,"[10.8, 0.5, 17.0, 10.8, 15.5, 16.5, 0, 0]","[3.646, 3.647, 3.647]",0.262,"[2.9984, 3.3120000000000003, 5.0048, 7.3616, 8.4496, 27.8272]","[0.02875, 0.625, -0.003125, -0.005, -0.005625, -0.000625]",0,0,29.5,"[1, 1, 1, 1, 1, 1]",32.90266869642632,42.3601684,-71.09338509999999,3,-25.942
1774902940.953108,"[0, 0, 0, 0, 0, 0]","[1291, 1500, 1600, 1600]","[-25.08, 0.0, 10.0, 10.0]","[-0.33863588281249996, 2.53670454296875, 10.24182009375]",0,4684.9638671875,0,31.11294593811035,"[0.0, -11.07788085756, -4.39453124928]","[0, 0, 0]",0,3,0.0,0.0,4.684,0,0,0,4294967.295,3750039.296,0,64076,0,21.042383193969727,25.997108459472656,-0.3958393633365631,0,state.FLIGHT,955,-22,0,-23,-0.09852375090122223,4684,4684,"[10.6, 0.5, 17.0, 10.2, 15.9, 16.5, 0, 0]","[3.646, 3.647, 3.647]",0.262,"[2.9984, 3.3120000000000003, 5.0048, 7.3616, 8.4496, 27.8272]","[0.02875, 0.625, -0.003125, -0.005, -0.005625, -0.000625]",0,0,29.5,"[1, 1, 1, 1, 1, 1]",32.978100121641134,42.3601685,-71.09338559999999,3,-25.935
1774902941.0151105,"[0, 0, 0, 0, 0, 0]","[1291, 1500, 1600, 1600]","[-25.08, 0.0, 10.0, 10.0]","[-0.38996756640624997, 2.53823683203125, 10.22726334765625]",0,4686.35400390625,0,31.121689834594726,"[0.0, -1.00708007796, -0.85449218736]","[0, 0, 0]",0,3,0.0,0.0,4.686,0,0,0,4294967.295,3750039.296,0,64136,0,21.226377487182617,26.110036849975586,-0.3958393633365631,0,state.FLIGHT,956,-22,0,-23,-0.09847260266542435,4686,4686,"[10.6, 0.5, 15.9, 10.8, 15.9, 16.5, 0, 0]","[3.646, 3.647, 3.647]",0.262,"[2.9968000000000004, 3.3120000000000003, 5.0064, 7.364800000000001, 8.441600000000001, 27.8256]","[0.0325, 0.343125, 0.00125, -0.000625, -0.003125, 0.001875]",0,0,29.5,"[1, 1, 1, 1, 1, 1]",33.17208023825947,42.3601685,-71.09338559999999,3,-25.935
1774902941.0706499,"[0, 0, 0, 0, 0, 0]","[1291, 1500, 1600, 1600]","[-25.08, 0.0, 10.0, 10.0]","[-0.38690298828124997, 2.5183170742187495, 10.23032792578125]",0,4687.48779296875,0,31.09983009338379,"[0.0, -14.06860351332, 9.0026855454]","[0, 0, 0]",0,3,0.0,0.0,4.686,0,0,0,4294967.295,3750039.296,0,64190,0,21.140703201293945,25.97701644897461,-0.3958393633365631,0,state.FLIGHT,957,-22,0,-23,-0.09843819588422775,4686,4687,"[10.8, 0.5, 16.5, 10.4, 15.0, 15.9, 0, 0]","[3.646, 3.647, 3.647]",0.262,"[2.9968000000000004, 3.3120000000000003, 5.0064, 7.364800000000001, 8.441600000000001, 27.8256]","[0.0325, 0.343125, 0.00125, -0.000625, -0.003125, 0.001875]",0,0,29.5,"[1, 1, 1, 1, 1, 1]",33.02141378008139,42.360169,-71.093386,3,-25.914
1774902941.1296098,"[0, 0, 0, 0, 0, 0]","[1291, 1500, 1600, 1600]","[-25.08, 0.0, 10.0, 10.0]","[-0.37617696484374996, 2.516018640625, 10.220368046875]",0,4688.8134765625,0,31.117317886352538,"[0.0, 8.45336913924, 11.81030273244]","[0, 0, 0]",0,3,0.0,0.0,4.688,0,0,0,4294967.295,3750039.296,0,64250,0,21.243547439575195,25.91774559020996,-0.3958393633365631,0,state.FLIGHT,958,-22,0,-23,-0.09839700162410736,4688,4688,"[10.8, 0.5, 16.5, 10.8, 15.9, 17.6, 0, 0]","[3.646, 3.647, 3.647]",0.262,"[2.9968000000000004, 3.3104, 5.0016, 7.364800000000001, 8.4368, 27.8256]","[0.033125, 0.2225, -0.005, -0.000625, 0.001875, -0.00375]",0,0,29.5,"[1, 1, 1, 1, 1, 1]",33.038384364907586,42.360169,-71.093386,3,-25.914
1774902941.1881182,"[0, 0, 0, 0, 0, 0]","[1291, 1500, 1600, 1600]","[-25.08, 0.0, 10.0, 10.0]","[-0.35932178515625, 2.52291394140625, 10.20427901171875]",0,4690.10595703125,0,31.09983009338379,"[0.0, -3.814697265, -0.12207031248]","[0, 0, 0]",0,3,0.0,0.0,4.688,0,0,0,4294967.295,3750039.296,0,64310,0,21.351884841918945,25.827421188354492,-0.3958393633365631,0,state.FLIGHT,959,-22,0,-23,-0.09835559874773026,4688,4690,"[10.6, 0.5, 16.5, 10.6, 15.5, 15.5, 0, 0]","[3.646, 3.647, 3.647]",0.262,"[2.9952, 3.3136, 5.0064, 7.36, 8.4496, 27.822400000000002]","[0.031875, 0.215, -0.005625, -0.000625, -0.003125, -0.00375]",0,0,29.5,"[1, 1, 1, 1, 1, 1]",33.03596750615141,42.3601692,-71.0933865,3,-25.906
1774902941.2471507,"[0, 0, 0, 0, 0, 0]","[1291, 1500, 1600, 1600]","[-25.08, 0.0, 10.0, 10.0]","[-0.34323275000000003, 2.5060587617187498, 10.210408167968751]",0,4691.36181640625,0,31.11294593811035,"[0.0, -2.22778320276, -4.577636718]","[0, 0, 0]",0,3,0.0,0.0,4.69,0,0,0,4294967.295,3750039.296,0,64370,0,21.17454719543457,25.8035945892334,-0.3958393633365631,0,state.FLIGHT,960,-21,0,-23,-0.0983043685555458,4690,4691,"[10.6, 0.5, 17.6, 10.6, 15.9, 17.0, 0, 0]","[3.646, 3.647, 3.647]",0.262,"[2.9952, 3.3136, 5.0064, 7.36, 8.4496, 27.822400000000002]","[0.031875, 0.215, -0.005625, -0.000625, -0.003125, -0.00375]",0,0,29.5,"[1, 1, 1, 1, 1, 1]",32.911828955214446,42.3601692,-71.0933873,3,-25.898
1774902941.3021595,"[0, 0, 0, 0, 0, 0]","[1291, 1500, 1600, 1600]","[-25.08, 0.0, 10.0, 10.0]","[-0.3662170859375, 2.53670454296875, 10.221900335937498]",0,4692.5810546875,0,31.11294593811035,"[0.0, -1.25122070292, -0.33569335932]","[0, 0, 0]",0,3,0.0,0.0,4.69,0,0,0,4294967.295,3750039.296,0,64424,0,21.20533561706543,25.92010498046875,-0.3958393633365631,0,state.FLIGHT,961,-22,0,-23,-0.09827259927988052,4690,4692,"[10.2, 0.5, 17.0, 10.6, 15.9, 17.0, 0, 0]","[3.646, 3.647, 3.647]",0.262,"[2.9952, 3.3104, 5.0032000000000005, 7.364800000000001, 8.4672, 27.824]","[0.030625, 0.23875000000000002, -0.005, 0.0025, -0.000625, -0.00375]",0,0,29.5,"[1, 1, 1, 1, 1, 1]",33.01732061102614,42.3601692,-71.0933873,3,-25.898
1774902941.3616843,"[0, 0, 0, 0, 0, 0]","[1291, 1500, 1600, 1600]","[-25.08, 0.0, 10.0, 10.0]","[-0.36085407421875, 2.5336399648437498, 10.20581130078125]",0,4693.7666015625,0,31.091086196899415,"[0.0, -6.0119628896399995, -4.97436523356]","[0, 0, 0]",0,3,0.0,0.0,4.692,0,0,0,4294967.295,3750039.296,0,64484,0,21.222734451293945,26.060474395751953,-0.3958393633365631,0,state.FLIGHT,962,-22,0,-23,-0.09823069721460342,4692,4693,"[10.6, 0.5, 16.5, 10.8, 15.5, 16.5, 0, 0]","[3.646, 3.647, 3.647]",0.262,"[2.9952, 3.3104, 5.0032000000000005, 7.364800000000001, 8.4672, 27.824]","[0.030625, 0.23875000000000002, -0.005, 0.0025, -0.000625, -0.00375]",0,0,29.5,"[1, 1, 1, 1, 1, 1]",33.132766761742154,42.3601696,-71.0933878,3,-25.883
1774902941.4216907,"[0, 0, 0, 0, 0, 0]","[1291, 1500, 1600, 1600]","[-25.08, 0.0, 10.0, 10.0]","[-0.35549106249999995, 2.5198493632812498, 10.220368046875]",0,4694.916015625,0,31.11294593811035,"[0.0, 3.69262695252, 7.3242187488]","[0, 0, 0]",0,3,0.0,0.0,4.694,0,0,0,4294967.295,3750039.296,0,64544,0,21.424287796020508,25.915800094604492,-0.3958393633365631,0,state.FLIGHT,963,-22,0,-23,-0.09818848967552185,4694,4694,"[10.6, 0.5, 17.0, 9.8, 15.5, 17.6, 0, 0]","[3.646, 3.647, 3.647]",0.262,"[2.9968000000000004, 3.3104, 5.0048, 7.3632, 8.4384, 27.8288]","[0.034375, 0.265, -0.0025, -0.00125, -0.000625, -0.001875]",0,0,29.5,"[1, 1, 1, 1, 1, 1]",33.14525394223953,42.3601696,-71.0933878,3,-25.883
1774902941.4811954,"[0, 0, 0, 0, 0, 0]","[1291, 1500, 1600, 1600]","[-25.08, 0.0, 10.0, 10.0]","[-0.37617696484374996, 2.5098894843749995, 10.223432625]",0,4696.0283203125,0,31.117317886352538,"[0.0, -3.814697265, -5.92041015528]","[0, 0, 0]",0,3,0.0,0.0,4.694,0,0,0,4294967.295,3750039.296,0,64604,0,21.146272659301758,25.92251968383789,-0.3958393633365631,0,state.FLIGHT,964,-22,0,-23,-0.09814590960741043,4694,4696,"[10.4, 0.5, 17.6, 10.6, 15.9, 16.5, 0, 0]","[3.646, 3.647, 3.647]",0.262,"[2.9968000000000004, 3.3104, 5.0048, 7.3632, 8.4384, 27.8288]","[0.034375, 0.265, -0.0025, -0.00125, -0.000625, -0.001875]",0,0,29.5,"[1, 1, 1, 1, 1, 1]",32.98389600736493,42.36017,-71.0933884,3,-25.874
1774902941.5397475,"[0, 0, 0, 0, 0, 0]","[1291, 1500, 1600, 1600]","[-25.08, 0.0, 10.0, 10.0]","[-0.36468479687499994, 2.5420675546875, 10.215771179687499]",0,4696.9306640625,0,31.09983009338379,"[0.0, 2.8991699214, 12.54272460732]","[0, 0, 0]",0,3,0.0,0.0,4.696,0,0,0,4294967.295,3750039.296,0,64658,0,21.33555030822754,25.949661254882812,-0.3958393633365631,0,state.FLIGHT,965,-22,0,-23,-0.09811010211706161,4696,4696,"[10.6, 0.5, 17.0, 10.6, 15.9, 16.5, 0, 0]","[3.646, 3.647, 3.647]",0.262,"[2.9952, 3.3120000000000003, 5.0048, 7.3616, 8.4368, 27.8256]","[0.0325, 0.62, 0.0025, 0.0, 0.000625, 0.001875]",0,0,29.5,"[1, 1, 1, 1, 1, 1]",33.117255127824535,42.36017,-71.0933884,3,-25.874
1774902941.5955248,"[0, 0, 0, 0, 0, 0]","[1291, 1500, 1600, 1600]","[-25.08, 0.0, 10.0, 10.0]","[-0.38843527734375, 2.5114217734374997, 10.22266648046875]",0,4697.97900390625,0,31.1304337310791,"[0.0, 5.21850585852, 0.06103515624]","[0, 0, 0]",0,3,0.0,0.0,4.696,0,0,0,4294967.295,3750039.296,0,64718,0,21.383785247802734,26.171833038330078,-0.3958393633365631,0,state.FLIGHT,966,-22,0,-23,-0.09806670248508453,4696,4697,"[10.6, 0.5, 15.9, 10.8, 15.9, 17.0, 0, 0]","[3.646, 3.647, 3.647]",0.262,"[2.9952, 3.3120000000000003, 5.0048, 7.3616, 8.4368, 27.8256]","[0.0325, 0.62, 0.0025, 0.0, 0.000625, 0.001875]",0,0,29.5,"[1, 1, 1, 1, 1, 1]",33.3120115168449,42.3601692,-71.09338939999999,3,-25.857
1774902941.6550586,"[0, 0, 0, 0, 0, 0]","[1291, 1500, 1600, 1600]","[-25.08, 0.0, 10.0, 10.0]","[-0.37617696484374996, 2.53823683203125, 10.223432625]",0,4698.994140625,0,31.108573989868162,"[0.0, -2.22778320276, 4.8828124992]","[0, 0, 0]",0,3,0.0,0.0,4.698,0,0,0,4294967.295,3750039.296,0,64778,0,21.353836059570312,26.296968460083008,-0.3958393633365631,0,state.FLIGHT,967,-22,0,-23,-0.09802260249853134,4698,4698,"[10.6, 0.5, 17.0, 10.4, 16.5, 17.0, 0, 0]","[3.646, 3.647, 3.647]",0.262,"[2.9968000000000004, 3.3104, 5.0032000000000005, 7.364800000000001, 8.4352, 27.8304]","[0.03625, 0.63125, 0.005, 0.001875, -0.000625, -0.003125]",0,0,29.5,"[1, 1, 1, 1, 1, 1]",33.38790802503491,42.3601684,-71.0933907,3,-25.844
1774902941.716573,"[0, 0, 0, 0, 0, 0]","[1291, 1500, 1600, 1600]","[-25.08, 0.0, 10.0, 10.0]","[-0.34936190624999997, 2.522147796875, 10.226497203124998]",0,4699.97265625,0,31.108573989868162,"[0.0, -0.64086914052, 3.78417968688]","[0, 0, 0]",0,3,0.0,0.0,4.699,0,0,0,4294967.295,3750039.296,0,64838,0,21.296144485473633,26.41904067993164,-0.3958393633365631,0,state.FLIGHT,968,-22,0,-23,-0.09797769784927368,4699,4699,"[10.4, 0.5, 16.5, 10.6, 15.5, 16.5, 0, 0]","[3.646, 3.647, 3.647]",0.262,"[2.9968000000000004, 3.3104, 5.0032000000000005, 7.364800000000001, 8.4352, 27.8304]","[0.03625, 0.63125, 0.005, 0.001875, -0.000625, -0.003125]",0,0,29.5,"[1, 1, 1, 1, 1, 1]",33.445446577148275,42.3601684,-71.0933907,3,-25.844
1774902941.7691064,"[0, 0, 0, 0, 0, 0]","[1291, 1500, 1600, 1600]","[-25.08, 0.0, 10.0, 10.0]","[-0.3723462421875, 2.53823683203125, 10.219601902343749]",0,4700.91748046875,0,31.086714248657227,"[0.0, -11.68823241996, -0.67138671864]","[0, 0, 0]",0,3,0.0,0.0,4.699,0,0,0,4294967.295,3750039.296,0,64892,0,21.363407135009766,26.762752532958984,-0.3958393633365631,0,state.FLIGHT,969,-21,0,-23,-0.09794178605079651,4699,4700,"[10.6, 0.5, 16.5, 10.6, 15.5, 16.5, 0, 0]","[3.646, 3.647, 3.647]",0.262,"[2.9952, 3.3104, 5.0032000000000005, 7.364800000000001, 8.4528, 27.8272]","[0.030625, 0.240625, -0.00125, -0.00375, -0.00625, -0.005625]",0,0,29.5,"[1, 1, 1, 1, 1, 1]",33.74399382720927,42.360169299999995,-71.09338679999999,3,-26.151
1774902941.8291047,"[0, 0, 0, 0, 0, 0]","[1291, 1500, 1600, 1600]","[-25.08, 0.0, 10.0, 10.0]","[-0.3508941953125, 2.5336399648437498, 10.23645708203125]",0,4701.82568359375,0,31.13480567932129,"[0.0, 9.0026855454, 7.53784179564]","[0, 0, 0]",0,3,0.0,0.0,4.701,0,0,0,4294967.295,3750039.296,0,64952,0,21.481203079223633,26.819534301757812,-0.3958393633365631,0,state.FLIGHT,970,-21,0,-22,-0.09788519889116287,4701,4701,"[10.6, 0.5, 16.5, 10.6, 15.9, 17.0, 0, 0]","[3.646, 3.647, 3.647]",0.262,"[2.9952, 3.3104, 5.0032000000000005, 7.364800000000001, 8.4528, 27.8272]","[0.030625, 0.240625, -0.00125, -0.00375, -0.00625, -0.005625]",0,0,29.5,"[1, 1, 1, 1, 1, 1]",33.8558607040885,42.360169299999995,-71.09338679999999,3,-26.151
1774902941.8896172,"[0, 0, 0, 0, 0, 0]","[1291, 1500, 1600, 1600]","[-25.08, 0.0, 10.0, 10.0]","[-0.3754108203125, 2.53823683203125, 10.209642023437498]",0,4702.69775390625,0,31.13480567932129,"[0.0, 7.41577148316, 8.66699218608]","[0, 0, 0]",0,3,0.0,0.0,4.701,0,0,0,4294967.295,3750039.296,0,65012,0,21.597171783447266,26.86958885192871,-0.3958393633365631,0,state.FLIGHT,971,-21,0,-22,-0.09783729910850525,4701,4702,"[10.4, 0.5, 17.0, 10.8, 15.9, 16.5, 0, 0]","[3.646, 3.647, 3.647]",0.262,"[2.9968000000000004, 3.3120000000000003, 5.0032000000000005, 7.364800000000001, 8.4496, 27.8272]","[0.03, 0.249375, -0.00375, -0.003125, -0.0025, -0.00375]",0,0,29.5,"[1, 1, 1, 1, 1, 1]",33.96164295901743,42.3601696,-71.09338799999999,3,-26.136
1774902941.9501443,"[0, 0, 0, 0, 0, 0]","[1291, 1500, 1600, 1600]","[-25.08, 0.0, 10.0, 10.0]","[-0.376943109375, 2.4830744257812496, 10.23492479296875]",0,4703.53564453125,0,31.11294593811035,"[0.0, -2.77709960892, 2.50244140584]","[0, 0, 0]",0,3,0.0,0.0,4.702,0,0,0,4294967.295,3750039.552,0,65072,0,21.631343841552734,26.83539581298828,-0.3958393633365631,0,state.FLIGHT,972,-21,0,-22,-0.09778790920972824,4702,4703,"[10.2, 0.5, 17.0, 11.1, 15.5, 15.5, 0, 0]","[3.646, 3.647, 3.647]",0.262,"[2.9936000000000003, 3.3104, 5.0032000000000005, 7.368, 8.443200000000001, 27.8272]","[0.03375, 0.22875, -0.000625, -0.00125, 0.000625, 0.000625]",0,0,29.5,"[1, 1, 1, 1, 1, 1]",33.95604210550928,42.360169899999995,-71.09339,3,-26.101
1774902942.0061407,"[0, 0, 0, 0, 0, 0]","[1291, 1500, 1600, 1600]","[-25.08, 0.0, 10.0, 10.0]","[-0.36085407421875, 2.5458982773437495, 10.221900335937498]",0,4704.20947265625,0,31.117317886352538,"[0.0, -4.1809082024399995, -1.25122070292]","[0, 0, 0]",0,3,0.0,0.0,4.702,0,0,0,4294967.295,3750039.552,0,65126,0,21.664480209350586,27.034265518188477,-0.3958393633365631,0,state.FLIGHT,973,-21,0,-22,-0.09776505827903748,4702,4704,"[10.8, 0.5, 17.0, 10.6, 15.9, 16.5, 0, 0]","[3.646, 3.647, 3.647]",0.262,"[2.9936000000000003, 3.3104, 5.0032000000000005, 7.368, 8.443200000000001, 27.8272]","[0.03375, 0.22875, -0.000625, -0.00125, 0.000625, 0.000625]",0,0,29.5,"[1, 1, 1, 1, 1, 1]",34.125086511784325,42.360169899999995,-71.09339,3,-26.101
1774902942.0636582,"[0, 0, 0, 0, 0, 0]","[1291, 1500, 1600, 1600]","[-25.08, 0.0, 10.0, 10.0]","[-0.33710359375, 2.5144863515624998, 10.221900335937498]",0,4704.98046875,0,31.108573989868162,"[0.0, -4.0588378899599995, -0.70190429676]","[0, 0, 0]",0,3,0.0,0.0,4.704,0,0,0,4294967.295,3750039.552,0,65186,0,21.68645477294922,27.13131332397461,-0.3958393633365631,0,state.FLIGHT,974,-21,0,-22,-0.09767326712608337,4704,4704,"[10.6, 0.5, 16.5, 10.8, 16.5, 17.6, 0, 0]","[3.646, 3.647, 3.647]",0.262,"[2.9952, 3.3136, 5.0032000000000005, 7.3584000000000005, 8.427200000000001, 27.8304]","[0.035625000000000004, 0.226875, 0.0025, -0.0025, -0.00125, -0.00125]",0,0,29.5,"[1, 1, 1, 1, 1, 1]",34.2110620868059,42.3601695,-71.0933908,3,-26.09
1774902942.1241128,"[0, 0, 0, 0, 0, 0]","[1291, 1500, 1600, 1600]","[-25.08, 0.0, 10.0, 10.0]","[-0.3907337109374999, 2.48920358203125, 10.22573105859375]",0,4705.72119140625,0,31.11294593811035,"[0.0, -7.3547363269199995, 1.92260742156]","[0, 0, 0]",0,3,0.0,0.0,4.705,0,0,0,4294967.295,3750039.552,0,65246,0,21.902523040771484,27.052597045898438,-0.3958393633365631,0,state.FLIGHT,975,-21,0,-22,-0.09763779491186142,4705,4705,"[10.8, 0.5, 16.5, 10.4, 15.9, 16.5, 0, 0]","[3.646, 3.647, 3.647]",0.262,"[2.9952, 3.3136, 5.0032000000000005, 7.3584000000000005, 8.427200000000001, 27.8304]","[0.035625000000000004, 0.226875, 0.0025, -0.0025, -0.00125, -0.00125]",0,0,29.5,"[1, 1, 1, 1, 1, 1]",34.27882581473469,42.3601695,-71.0933908,3,-26.09
1774902942.1836205,"[0, 0, 0, 0, 0, 0]","[1291, 1500, 1600, 1600]","[-25.08, 0.0, 10.0, 10.0]","[-0.36698323046875, 2.5298092421875, 10.237989371093748]",0,4706.42236328125,0,31.126061782836913,"[0.0, -9.918212889, 13.30566406032]","[0, 0, 0]",0,3,0.0,0.0,4.705,0,0,0,4294967.295,3750039.552,0,65306,0,22.09598731994629,27.317487716674805,-0.3958393633365631,0,state.FLIGHT,976,-21,0,-22,-0.0975802019238472,4705,4706,"[10.6, 0.5, 17.0, 10.6, 15.9, 16.5, 0, 0]","[3.646, 3.647, 3.647]",0.262,"[2.9936000000000003, 3.3088, 5.0032000000000005, 7.3632, 8.443200000000001, 27.8256]","[0.035625000000000004, 0.263125, -0.00125, -0.003125, -0.008125, -0.003125]",0,0,29.5,"[1, 1, 1, 1, 1, 1]",34.591260420464565,42.3601688,-71.0933914,3,-26.06
1774902942.237648,"[0, 0, 0, 0, 0, 0]","[1291, 1500, 1600, 1600]","[-25.08, 0.0, 10.0, 10.0]","[-0.35778949609375, 2.5175509296875, 10.211940457031249]",0,4706.98291015625,0,31.11294593811035,"[0.0, -3.44848632756, -3.29589843696]","[0, 0, 0]",0,3,0.0,0.0,4.706,0,0,0,4294967.295,3750039.552,0,65360,0,21.98320198059082,27.268247604370117,-0.3958393633365631,0,state.FLIGHT,977,-21,0,-22,-0.09752015024423599,4706,4706,"[10.8, 0.5, 17.6, 10.2, 15.5, 16.5, 0, 0]","[3.646, 3.647, 3.647]",0.262,"[2.9936000000000003, 3.3088, 5.0032000000000005, 7.3632, 8.443200000000001, 27.8256]","[0.035625000000000004, 0.263125, -0.00125, -0.003125, -0.008125, -0.003125]",0,0,29.5,"[1, 1, 1, 1, 1, 1]",34.48801202444317,42.3601688,-71.0933914,3,-26.06
1774902942.2976477,"[0, 0, 0, 0, 0, 0]","[1291, 1500, 1600, 1600]","[-25.08, 0.0, 10.0, 10.0]","[-0.34016817187500004, 2.5045264726562495, 10.243352382812498]",0,4707.6201171875,0,31.121689834594726,"[0.0, -3.57055664004, -12.78686523228]","[0, 0, 0]",0,3,0.0,0.0,4.706,0,0,0,4294967.295,3750039.552,0,65420,0,21.88519287109375,27.351917266845703,-0.3958393633365631,0,state.FLIGHT,978,-21,0,-22,-0.09747594594955444,4706,4707,"[10.6, 0.5, 15.9, 10.2, 15.0, 17.0, 0, 0]","[3.646, 3.647, 3.647]",0.262,"[2.9968000000000004, 3.3136, 5.0048, 7.3664000000000005, 8.425600000000001, 27.8288]","[0.033125, 0.634375, 0.00375, 0.0, -0.00375, -0.00375]",0,0,29.5,"[1, 1, 1, 1, 1, 1]",34.49345040844594,42.3601686,-71.09339229999999,3,-26.027
1774902942.3571734,"[0, 0, 0, 0, 0, 0]","[1291, 1500, 1600, 1600]","[-25.08, 0.0, 10.0, 10.0]","[-0.3692816640625, 2.54130141015625, 10.22726334765625]",0,4708.2236328125,0,31.126061782836913,"[0.0, -1.25122070292, 9.73510742028]","[0, 0, 0]",0,3,0.0,0.0,4.707,0,0,0,4294967.295,3750039.552,0,65480,0,22.174808502197266,27.48251724243164,-0.3958393633365631,0,state.FLIGHT,979,-21,0,-23,-0.0973982959985733,4707,4708,"[10.8, 0.5, 15.9, 10.8, 15.5, 16.5, 0, 0]","[3.646, 3.647, 3.647]",0.262,"[2.9968000000000004, 3.3136, 5.0048, 7.3664000000000005, 8.425600000000001, 27.8288]","[0.033125, 0.634375, 0.00375, 0.0, -0.00375, -0.00375]",0,0,29.5,"[1, 1, 1, 1, 1, 1]",34.761255297420384,42.3601682,-71.0933932,3,-25.999
1774902942.419171,"[0, 0, 0, 0, 0, 0]","[1291, 1500, 1600, 1600]","[-25.08, 0.0, 10.0, 10.0]","[-0.35855564062499995, 2.5114217734374997, 10.281659609374998]",0,4708.79345703125,0,31.126061782836913,"[0.0, -4.97436523356, 2.83813476516]","[0, 0, 0]",0,3,0.0,0.0,4.708,0,0,0,4294967.295,3750039.552,0,65540,0,22.357271194458008,27.703466415405273,-0.3958393633365631,0,state.FLIGHT,980,-21,0,-22,-0.09732549637556076,4708,4708,"[10.6, 0.5, 15.9, 10.8, 15.5, 17.0, 0, 0]","[3.646, 3.647, 3.647]",0.262,"[2.9952, 3.3136, 5.0016, 7.3584000000000005, 8.4288, 27.8256]","[0.039375, 0.59375, 0.00125, -0.000625, -0.0025, 0.0025]",0,0,29.5,"[1, 1, 1, 1, 1, 1]",35.033899145065725,42.3601682,-71.0933932,3,-25.999
1774902942.4716845,"[0, 0, 0, 0, 0, 0]","[1291, 1500, 1600, 1600]","[-25.08, 0.0, 10.0, 10.0]","[-0.33557130468749996, 2.5512612890624995, 10.2525461171875]",0,4709.3271484375,0,31.126061782836913,"[0.0, -3.02124023388, 4.5471191398799995]","[0, 0, 0]",0,3,0.0,0.0,4.708,0,0,0,4294967.295,3750039.552,0,65594,0,22.356998443603516,27.641813278198242,-0.3958393633365631,0,state.FLIGHT,981,-22,0,-22,-0.09725652635097504,4708,4709,"[10.4, 0.5, 17.0, 10.8, 16.5, 16.5, 0, 0]","[3.646, 3.647, 3.647]",0.262,"[2.9952, 3.3136, 5.0016, 7.3584000000000005, 8.4288, 27.8256]","[0.039375, 0.59375, 0.00125, -0.000625, -0.0025, 0.0025]",0,0,29.5,"[1, 1, 1, 1, 1, 1]",34.9875838555308,42.3601676,-71.093394,3,-25.98
1774902942.536203,"[0, 0, 0, 0, 0, 0]","[1291, 1500, 1600, 1600]","[-25.08, 0.0, 10.0, 10.0]","[-0.38996756640624997, 2.5374706874999995, 10.166737929687498]",0,4709.82373046875,0,31.108573989868162,"[0.0, -1.0681152342, 2.10571289028]","[0, 0, 0]",0,3,0.0,0.0,4.709,0,0,0,4294967.295,3750039.552,0,65654,0,22.338348388671875,27.878019332885742,-0.3958393633365631,0,state.FLIGHT,982,-21,0,-22,-0.09717091172933578,4709,4709,"[10.8, 0.5, 16.5, 10.6, 16.5, 17.0, 0, 0]","[3.646, 3.647, 3.647]",0.262,"[2.9968000000000004, 3.3136, 5.0032000000000005, 7.364800000000001, 8.4288, 27.8272]","[0.03, 0.238125, -0.004375, -0.001875, -0.00375, 0.00125]",0,0,29.5,"[1, 1, 1, 1, 1, 1]",35.15375392533022,42.3601676,-71.093394,3,-25.98
1774902942.5952141,"[0, 0, 0, 0, 0, 0]","[1291, 1500, 1600, 1600]","[-25.08, 0.0, 10.0, 10.0]","[-0.25512612890624997, 2.5206155078125, 10.355975628906249]",0,4710.287109375,0,31.126061782836913,"[0.0, -4.60815429612, -9.27734374848]","[0, 0, 0]",0,3,0.0,0.0,4.709,0,0,0,4294967.295,3750039.552,0,65714,0,22.140600204467773,28.09653091430664,-0.3958393633365631,0,state.FLIGHT,983,-21,0,-22,-0.09707720577716827,4709,4710,"[10.6, 0.5, 17.0, 10.6, 15.5, 17.6, 0, 0]","[3.646, 3.647, 3.647]",0.262,"[2.9968000000000004, 3.3136, 5.0032000000000005, 7.364800000000001, 8.4288, 27.8272]","[0.03, 0.238125, -0.004375, -0.001875, -0.00375, 0.00125]",0,0,29.5,"[1, 1, 1, 1, 1, 1]",35.20378317559296,42.3601666,-71.0933941,3,-25.979
1774902942.652412,"[0, 0, 0, 0, 0, 0]","[1291, 1500, 1600, 1600]","[-25.08, 0.0, 10.0, 10.0]","[-0.37617696484374996, 2.5619873125, 10.209642023437498]",0,4710.716796875,0,31.117317886352538,"[0.0, -7.1716308582, -0.51879882804]","[0, 0, 0]",0,3,0.0,0.0,4.71,0,0,0,4294967.295,3750039.552,0,65774,0,22.157358169555664,28.223493576049805,-0.3958393633365631,0,state.FLIGHT,984,-21,0,-22,-0.09697400033473969,4710,4710,"[10.8, 0.5, 17.0, 10.4, 15.9, 15.9, 0, 0]","[3.646, 3.647, 3.647]",0.262,"[2.9968000000000004, 3.3120000000000003, 5.0016, 7.364800000000001, 8.4384, 27.824]","[0.026875, 0.2175, -0.003125, -0.000625, -0.0025, -0.00125]",0,0,29.5,"[1, 1, 1, 1, 1, 1]",35.309574121302475,42.3601661,-71.09339539999999,3,-25.957
1774902942.7054105,"[0, 0, 0, 0, 0, 0]","[1291, 1500, 1600, 1600]","[-25.08, 0.0, 10.0, 10.0]","[-0.376943109375, 2.5198493632812498, 10.233392503906249]",0,4711.0458984375,0,31.13480567932129,"[0.0, 13.51928710716, -2.19726562464]","[0, 0, 0]",0,3,0.0,0.0,4.711,0,0,0,4294967.295,3750039.552,0,65828,0,22.395435333251953,27.953691482543945,-0.3958393633365631,0,state.FLIGHT,985,-21,0,-22,-0.0968698039650917,4711,4711,"[10.8, 0.5, 15.9, 10.6, 16.5, 17.0, 0, 0]","[3.646, 3.647, 3.647]",0.262,"[2.9968000000000004, 3.3120000000000003, 5.0048, 7.3616, 8.4608, 27.8256]","[0.0325, 0.26375, 0.00125, -0.00375, -0.005, 0.000625]",0,0,29.5,"[1, 1, 1, 1, 1, 1]",35.24389406693501,42.3601661,-71.09339539999999,3,-25.957
1774902942.7694495,"[0, 0, 0, 0, 0, 0]","[1291, 1500, 1600, 1600]","[-25.08, 0.0, 10.0, 10.0]","[-0.38690298828124997, 2.4899697265625, 10.23492479296875]",0,4711.41162109375,0,31.108573989868162,"[0.0, -5.4016113272399995, -2.7465820308]","[0, 0, 0]",0,3,0.0,0.0,4.711,0,0,0,4294967.295,3750039.552,0,65888,0,22.5391845703125,28.027530670166016,-0.3958393633365631,0,state.FLIGHT,986,-21,0,-22,-0.09673513472080231,4711,4711,"[10.6, 0.5, 15.9, 10.4, 16.5, 16.5, 0, 0]","[3.646, 3.647, 3.647]",0.262,"[2.9968000000000004, 3.3120000000000003, 5.0048, 7.3616, 8.4608, 27.8256]","[0.0325, 0.26375, 0.00125, -0.00375, -0.005, 0.000625]",0,0,29.5,"[1, 1, 1, 1, 1, 1]",35.38321225748093,42.3601666,-71.093395,3,-25.931
1774902942.825467,"[0, 0, 0, 0, 0, 0]","[1291, 1500, 1600, 1600]","[-25.08, 0.0, 10.0, 10.0]","[-0.37311238671874997, 2.56888261328125, 10.208109734375]",0,4711.7412109375,0,31.121689834594726,"[0.0, 5.6457519521999995, 7.3547363269199995]","[0, 0, 0]",0,3,0.0,0.0,4.711,0,0,0,4294967.295,3750039.552,0,65948,0,22.59229850769043,27.707687377929688,-0.3958393633365631,0,state.FLIGHT,987,-21,0,-22,-0.09660489857196808,4711,4711,"[10.8, 0.5, 15.9, 10.4, 15.9, 17.6, 0, 0]","[3.646, 3.647, 3.647]",0.262,"[2.9952, 3.3104, 5.0016, 7.368, 8.4624, 27.8256]","[0.03375, 0.2525, -0.001875, -0.004375, 0.00125, -0.0025]",0,0,29.5,"[1, 1, 1, 1, 1, 1]",35.175373587335486,42.3601666,-71.093395,3,-25.931
1774902942.887971,"[0, 0, 0, 0, 0, 0]","[1291, 1500, 1600, 1600]","[-25.08, 0.0, 10.0, 10.0]","[-0.3692816640625, 2.50912333984375, 10.221134191406248]",0,4712.03662109375,0,31.13480567932129,"[0.0, -4.1809082024399995, -6.83593749888]","[0, 0, 0]",0,3,0.0,0.0,4.711,0,0,0,4294967.295,3750039.552,0,66008,0,22.647245407104492,27.84868621826172,-0.3958393633365631,0,state.FLIGHT,988,-21,0,-22,-0.0964384526014328,4711,4712,"[10.6, 0.5, 16.5, 10.6, 15.5, 17.0, 0, 0]","[3.646, 3.647, 3.647]",0.262,"[2.9952, 3.3104, 5.0016, 7.368, 8.4624, 27.8256]","[0.03375, 0.2525, -0.001875, -0.004375, 0.00125, -0.0025]",0,0,29.5,"[1, 1, 1, 1, 1, 1]",35.3128902955981,42.360166199999995,-71.0933943,3,-25.902
1774902942.9394932,"[0, 0, 0, 0, 0, 0]","[1291, 1500, 1600, 1600]","[-25.08, 0.0, 10.0, 10.0]","[-0.38077383203125, 2.4907358710937495, 10.237989371093748]",0,4712.298828125,0,31.121689834594726,"[0.0, -5.21850585852, 6.9885253894799995]","[0, 0, 0]",0,3,0.0,0.0,4.712,0,0,0,4294967.295,3750039.552,0,66062,0,23.019084930419922,27.74102020263672,-0.3958393633365631,0,state.FLIGHT,989,-21,0,-22,-0.0962623730301857,4712,4712,"[10.6, 0.5, 15.9, 10.4, 15.9, 15.9, 0, 0]","[3.646, 3.647, 3.647]",0.262,"[2.9952, 3.3104, 5.0048, 7.3616, 8.4704, 27.8256]","[0.0375, 0.61125, 0.0025, -0.000625, 0.00625, -0.00375]",0,0,29.5,"[1, 1, 1, 1, 1, 1]",35.453420335344255,42.360166199999995,-71.0933943,3,-25.902
1774902943.0004973,"[0, 0, 0, 0, 0, 0]","[1291, 1500, 1600, 1600]","[-25.08, 0.0, 10.0, 10.0]","[-0.36468479687499994, 2.53670454296875, 10.22266648046875]",0,4712.5244140625,0,31.09983009338379,"[0.0, -9.73510742028, -6.28662109272]","[0, 0, 0]",0,3,0.0,0.0,4.712,0,0,0,4294967.295,3750039.552,0,66122,0,23.45365333557129,27.82465934753418,-0.3958393633365631,0,state.FLIGHT,990,-21,0,-22,-0.09609351307153702,4712,4712,"[10.4, 0.5, 16.5, 10.6, 15.0, 17.0, 0, 0]","[3.646, 3.647, 3.647]",0.262,"[2.9952, 3.3104, 5.0048, 7.3616, 8.4704, 27.8256]","[0.0375, 0.61125, 0.0025, -0.000625, 0.00625, -0.00375]",0,0,29.5,"[1, 1, 1, 1, 1, 1]",35.775416124401865,42.3601665,-71.093394,3,-25.888
1774902943.0600164,"[0, 0, 0, 0, 0, 0]","[1291, 1500, 1600, 1600]","[-25.08, 0.0, 10.0, 10.0]","[-0.37770925390624993, 2.53134153125, 10.25177997265625]",0,4712.71337890625,0,31.13480567932129,"[0.0, -0.27465820308, 1.58691406224]","[0, 0, 0]",0,3,0.0,0.0,4.712,0,0,0,4294967.295,3750039.552,0,66182,0,23.55739974975586,27.935134887695312,-0.3958393633365631,0,state.FLIGHT,991,-21,0,-22,-0.09585259854793549,4712,4712,"[10.6, 0.5, 16.5, 10.8, 16.5, 16.5, 0, 0]","[3.646, 3.647, 3.647]",0.262,"[2.9984, 3.3136, 5.0016, 7.3632, 8.448, 27.8288]","[0.036875, 0.6075, 0.000625, -0.000625, 0.0, -0.00125]",0,0,29.5,"[1, 1, 1, 1, 1, 1]",35.91876579030559,42.360166899999996,-71.0933932,3,-25.889
1774902943.1210043,"[0, 0, 0, 0, 0, 0]","[1291, 1500, 1600, 1600]","[-25.08, 0.0, 10.0, 10.0]","[-0.38077383203125, 2.5213816523437496, 10.2188357578125]",0,4712.8720703125,0,31.126061782836913,"[0.0, -6.7443847645199995, -13.000488279119999]","[0, 0, 0]",0,3,0.0,0.0,4.712,0,0,0,4294967.295,3750039.552,0,66242,0,23.425830841064453,28.098718643188477,-0.3958393633365631,0,state.FLIGHT,992,-21,0,-22,-0.09560489654541016,4712,4712,"[10.6, 0.5, 17.0, 10.6, 15.5, 17.0, 0, 0]","[3.646, 3.647, 3.647]",0.262,"[2.9984, 3.3136, 5.0016, 7.3632, 8.448, 27.8288]","[0.036875, 0.6075, 0.000625, -0.000625, 0.0, -0.00125]",0,0,29.5,"[1, 1, 1, 1, 1, 1]",35.95995088261022,42.360166899999996,-71.0933932,3,-25.889
1774902943.1735106,"[0, 0, 0, 0, 0, 0]","[1291, 1500, 1600, 1600]","[-25.08, 0.0, 10.0, 10.0]","[-0.37311238671874997, 2.52751080859375, 10.238755515624998]",0,4712.9755859375,0,31.13480567932129,"[0.0, 0.51879882804, -4.24194335868]","[0, 0, 0]",0,3,0.0,0.0,4.712,0,0,0,4294967.295,3750039.552,0,66296,0,23.458635330200195,28.04429817199707,-0.3958393633365631,0,state.FLIGHT,993,-21,0,-22,-0.09538713097572327,4712,4712,"[10.4, 0.5, 15.9, 10.6, 15.9, 16.5, 0, 0]","[3.646, 3.647, 3.647]",0.262,"[2.9968000000000004, 3.3088, 5.0032000000000005, 7.368, 8.4688, 27.8256]","[0.03, 0.564375, 0.0025, -0.001875, -0.00625, -0.0025]",0,0,29.5,"[1, 1, 1, 1, 1, 1]",35.93954478270549,42.3601667,-71.0933944,3,-25.86
1774902943.2375522,"[0, 0, 0, 0, 0, 0]","[1291, 1500, 1600, 1600]","[-25.08, 0.0, 10.0, 10.0]","[-0.35932178515625, 2.51218791796875, 10.221134191406248]",0,4713.06982421875,0,31.11294593811035,"[0.0, 7.5988769518799995, 7.50732421752]","[0, 0, 0]",0,3,0.0,0.0,4.713,0,0,0,4294967.295,3750039.552,0,66356,0,23.628284454345703,27.889892578125,-0.3958393633365631,0,state.FLIGHT,994,-21,0,-22,-0.0950784981250763,4713,4713,"[11.1, 0.5, 15.9, 10.8, 15.9, 16.5, 0, 0]","[3.646, 3.647, 3.647]",0.262,"[2.9968000000000004, 3.3088, 5.0032000000000005, 7.368, 8.4688, 27.8256]","[0.03, 0.564375, 0.0025, -0.001875, -0.00625, -0.0025]",0,0,29.5,"[1, 1, 1, 1, 1, 1]",35.92841511287657,42.3601667,-71.0933944,3,-25.86
1774902943.2935493,"[0, 0, 0, 0, 0, 0]","[1291, 1500, 1600, 1600]","[-25.08, 0.0, 10.0, 10.0]","[-0.367749375, 2.5236800859374995, 10.245650816406249]",0,4713.1279296875,0,31.139177627563477,"[0.0, 1.31225585916, 12.207031248]","[0, 0, 0]",0,3,0.0,0.0,4.713,0,0,0,4294967.295,3750039.552,0,66416,0,23.820858001708984,27.807497024536133,-0.3958393633365631,0,state.FLIGHT,995,-21,0,-22,-0.09475050121545792,4713,4713,"[10.8, 0.5, 15.9, 10.4, 15.5, 17.0, 0, 0]","[3.646, 3.647, 3.647]",0.262,"[2.9968000000000004, 3.3120000000000003, 5.0032000000000005, 7.3616, 8.4384, 27.8256]","[0.03375, 0.228125, -0.003125, 0.005, -0.00125, -0.0025]",0,0,29.5,"[1, 1, 1, 1, 1, 1]",35.985075268754585,42.3601661,-71.0933955,3,-25.854
1774902943.3550797,"[0, 0, 0, 0, 0, 0]","[1291, 1500, 1600, 1600]","[-25.08, 0.0, 10.0, 10.0]","[-0.34246660546874996, 2.53517225390625, 10.221900335937498]",0,4713.15234375,0,31.126061782836913,"[0.0, -6.3781738270799995, 8.81958007668]","[0, 0, 0]",0,3,0.0,0.0,4.713,0,0,0,4294967.295,3750039.552,0,66476,0,23.952686309814453,28.002857208251953,-0.3958393633365631,0,state.FLIGHT,996,-21,0,-22,-0.09439379721879959,4713,4713,"[10.6, 0.5, 16.5, 10.4, 16.5, 16.5, 0, 0]","[3.646, 3.647, 3.647]",0.262,"[2.9952, 3.3120000000000003, 5.0016, 7.364800000000001, 8.4512, 27.8288]","[0.036875, 0.206875, -0.000625, -0.00125, -0.000625, -0.003125]",0,0,29.5,"[1, 1, 1, 1, 1, 1]",36.20704837073761,42.3601658,-71.0933957,3,-25.833
1774902943.410077,"[0, 0, 0, 0, 0, 0]","[1291, 1500, 1600, 1600]","[-25.08, 0.0, 10.0, 10.0]","[-0.36545094140624995, 2.5183170742187495, 10.245650816406249]",0,4713.130859375,0,31.139177627563477,"[0.0, 4.0588378899599995, -13.54980468528]","[0, 0, 0]",0,3,0.0,0.0,4.713,0,0,0,4294967.295,3750039.552,0,66530,0,23.510698318481445,27.931167602539062,-0.3958393633365631,0,state.FLIGHT,997,-21,0,-22,-0.09493720531463623,4713,4713,"[10.4, 0.5, 18.2, 10.8, 15.5, 15.9, 0, 0]","[3.646, 3.647, 3.647]",0.262,"[2.9952, 3.3120000000000003, 5.0016, 7.364800000000001, 8.4512, 27.8288]","[0.036875, 0.206875, -0.000625, -0.00125, -0.000625, -0.003125]",0,0,29.5,"[1, 1, 1, 1, 1, 1]",35.88776588953256,42.3601658,-71.0933957,3,-25.833
1774902943.4676075,"[0, 0, 0, 0, 0, 0]","[1291, 1500, 1600, 1600]","[-25.08, 0.0, 10.0, 10.0]","[-0.37464467578124994, 2.5252123749999997, 10.23032792578125]",0,4713.06689453125,0,31.143549575805665,"[0.0, -7.3547363269199995, 2.31933593712]","[0, 0, 0]",0,3,0.0,0.0,4.713,0,0,0,4294967.295,3750039.552,0,66590,0,23.330360412597656,28.12343406677246,-0.3958393633365631,0,state.FLIGHT,998,-21,0,-22,-0.09717199951410294,4713,4713,"[11.3, 0.5, 16.5, 10.6, 15.5, 15.9, 0, 0]","[3.646, 3.647, 3.647]",0.262,"[2.9952, 3.3104, 5.0048, 7.364800000000001, 8.4448, 27.8288]","[0.029375000000000002, 0.22875, 0.00125, -0.00375, -0.003125, -0.00375]",0,0,29.5,"[1, 1, 1, 1, 1, 1]",35.92123495908895,42.360164999999995,-71.0933937,3,-25.827
1774902943.529611,"[0, 0, 0, 0, 0, 0]","[1291, 1500, 1600, 1600]","[-25.08, 0.0, 10.0, 10.0]","[-0.34399889453125, 2.51525249609375, 10.18742383203125]",0,4712.9638671875,0,31.13480567932129,"[0.0, -4.24194335868, -1.0681152342]","[0, 0, 0]",0,3,0.0,0.0,4.713,0,0,0,4294967.295,3750039.552,0,66650,0,23.293115615844727,28.21316146850586,-0.3958393633365631,0,state.FLIGHT,999,-21,0,-22,-0.09788689762353897,4713,4713,"[10.8, 0.5, 16.5, 10.4, 15.0, 16.5, 0, 0]","[3.646, 3.647, 3.647]",0.262,"[2.9952, 3.3104, 5.0048, 7.364800000000001, 8.4448, 27.8288]","[0.029375000000000002, 0.22875, 0.00125, -0.00375, -0.003125, -0.00375]",0,0,29.5,"[1, 1, 1, 1, 1, 1]",35.965368656026925,42.360164999999995,-71.0933937,3,-25.827
1774902943.5877132,"[0, 0, 0, 0, 0, 0]","[1291, 1500, 1600, 1600]","[-25.08, 0.0, 10.0, 10.0]","[-0.38000768749999997, 2.522147796875, 10.26557057421875]",0,4712.84130859375,0,31.147921524047852,"[0.0, -0.64086914052, 11.444091795]","[0, 0, 0]",0,3,0.0,0.0,4.713,0,0,0,4294967.295,3750039.552,0,66710,0,23.58209800720215,28.361469268798828,-0.3958393633365631,0,state.FLIGHT,1000,-21,0,-23,-0.0978466048836708,4713,4713,"[10.4, 0.5, 17.6, 10.4, 15.9, 17.0, 0, 0]","[3.646, 3.647, 3.647]",0.262,"[2.9952, 3.3104, 5.0048, 7.36, 8.4464, 27.8256]","[0.034375, 0.233125, -0.003125, -0.00125, -0.001875, -0.004375]",0,0,29.5,"[1, 1, 1, 1, 1, 1]",36.24655854236854,42.3601655,-71.0933932,3,-25.761
1774902943.6418052,"[0, 0, 0, 0, 0, 0]","[1291, 1500, 1600, 1600]","[-25.08, 0.0, 10.0, 10.0]","[-0.35319262890625003, 2.50299418359375, 10.241053949218749]",0,4712.65869140625,0,31.126061782836913,"[0.0, -2.04467773404, 19.25659179372]","[0, 0, 0]",0,3,0.0,0.0,4.712,0,0,0,4294967.295,3750039.552,0,66764,0,23.725399017333984,28.55059814453125,-0.3958393633365631,0,state.FLIGHT,1001,-22,0,-23,-0.09773900359869003,4713,4713,"[10.6, 0.5, 17.0, 10.6, 16.5, 16.5, 0, 0]","[3.646, 3.647, 3.647]",0.262,"[2.9952, 3.3104, 5.0048, 7.36, 8.4464, 27.8256]","[0.034375, 0.233125, -0.003125, -0.00125, -0.001875, -0.004375]",0,0,29.5,"[1, 1, 1, 1, 1, 1]",36.47105955216003,42.3601655,-71.0933932,3,-25.761
1774902943.7028115,"[0, 0, 0, 0, 0, 0]","[1291, 1500, 1600, 1600]","[-25.08, 0.0, 10.0, 10.0]","[-0.3815399765625, 2.5543258671875, 10.231860214843751]",0,4712.45654296875,0,31.13480567932129,"[0.0, 1.49536132788, 0.06103515624]","[0, 0, 0]",0,3,0.0,0.0,4.712,0,0,0,4294967.295,3750039.552,0,66824,0,23.77667808532715,28.68059730529785,-0.3958393633365631,0,state.FLIGHT,1002,-22,0,-23,-0.0976189523935318,4713,4713,"[10.6, 0.5, 17.0, 10.6, 17.0, 16.5, 0, 0]","[3.646, 3.647, 3.647]",0.262,"[2.9952, 3.3088, 5.0048, 7.3696, 8.4464, 27.8272]","[0.028125, 0.273125, -0.004375, -0.00125, -0.003125, 0.000625]",0,0,29.5,"[1, 1, 1, 1, 1, 1]",36.59724420867656,42.3601654,-71.0933914,3,-25.746
1774902943.7618454,"[0, 0, 0, 0, 0, 0]","[1291, 1500, 1600, 1600]","[-25.08, 0.0, 10.0, 10.0]","[-0.3447650390625, 2.4930343046875, 10.22956178125]",0,4712.21728515625,0,31.139177627563477,"[0.0, -0.09155273436, -5.5236816397199995]","[0, 0, 0]",0,3,0.0,0.0,4.712,0,0,0,4294967.295,3750039.552,0,66884,0,23.719316482543945,28.668392181396484,-0.3958393633365631,0,state.FLIGHT,1003,-22,0,-23,-0.0974249616265297,4713,4713,"[10.2, 0.5, 15.9, 10.6, 15.9, 17.0, 0, 0]","[3.646, 3.647, 3.647]",0.262,"[2.9952, 3.3088, 5.0048, 7.3696, 8.4464, 27.8272]","[0.028125, 0.273125, -0.004375, -0.00125, -0.003125, 0.000625]",0,0,29.5,"[1, 1, 1, 1, 1, 1]",36.55423613840289,42.3601648,-71.0933901,3,-25.732
1774902943.821848,"[0, 0, 0, 0, 0, 0]","[1291, 1500, 1600, 1600]","[-25.08, 0.0, 10.0, 10.0]","[-0.370813953125, 2.5581565898437497, 10.226497203124998]",0,4711.9384765625,0,31.1304337310791,"[0.0, 4.3029785149199995, 5.67626953032]","[0, 0, 0]",0,3,0.0,0.0,4.711,0,0,0,4294967.295,3750039.552,0,66944,0,23.939634323120117,28.85881805419922,-0.3958393633365631,0,state.FLIGHT,1004,-22,0,-23,-0.09721609950065613,4713,4713,"[10.4, 0.5, 16.5, 10.6, 15.9, 16.5, 0, 0]","[3.646, 3.647, 3.647]",0.262,"[2.9984, 3.3120000000000003, 5.0032000000000005, 7.3616, 8.4656, 27.8272]","[0.02875, 0.635, 0.001875, -0.000625, -0.000625, 0.00125]",0,0,29.5,"[1, 1, 1, 1, 1, 1]",36.82512292503797,42.3601648,-71.0933901,3,-25.732
1774902943.8783603,"[0, 0, 0, 0, 0, 0]","[1291, 1500, 1600, 1600]","[-25.08, 0.0, 10.0, 10.0]","[-0.370813953125, 2.5129540624999995, 10.2035128671875]",0,4711.68994140625,0,31.147921524047852,"[0.0, -9.918212889, 0.42724609368]","[0, 0, 0]",0,3,0.0,0.0,4.711,0,0,0,4294967.295,3750039.552,0,66998,0,24.011388778686523,28.840343475341797,-0.3958393633365631,0,state.FLIGHT,1005,-22,0,-23,-0.09701549261808395,4713,4713,"[10.4, 0.5, 16.5, 10.4, 15.9, 18.2, 0, 0]","[3.646, 3.647, 3.647]",0.262,"[2.9984, 3.3120000000000003, 5.0032000000000005, 7.3616, 8.4656, 27.8272]","[0.02875, 0.635, 0.001875, -0.000625, -0.000625, 0.00125]",0,0,29.5,"[1, 1, 1, 1, 1, 1]",36.854132296690935,42.360166199999995,-71.09338989999999,3,-25.709
1774902943.9358697,"[0, 0, 0, 0, 0, 0]","[1291, 1500, 1600, 1600]","[-25.08, 0.0, 10.0, 10.0]","[-0.36468479687499994, 2.5236800859374995, 10.24794925]",0,4711.34326171875,0,31.143549575805665,"[0.0, -3.2043457026, 9.0026855454]","[0, 0, 0]",0,3,0.0,0.0,4.711,0,0,0,4294967.295,3750039.552,0,67058,0,24.056241989135742,28.78971290588379,-0.3958393633365631,0,state.FLIGHT,1006,-22,0,-23,-0.09672050923109055,4713,4713,"[10.6, 0.5, 17.0, 10.6, 15.9, 17.0, 0, 0]","[3.646, 3.647, 3.647]",0.262,"[2.9952, 3.3136, 5.0048, 7.36, 8.4528, 27.8256]","[0.03875, 0.625625, 0.000625, 0.00125, -0.00125, 0.000625]",0,0,29.5,"[1, 1, 1, 1, 1, 1]",36.84365760009413,42.360166199999995,-71.09338989999999,3,-25.709
1774902943.9958732,"[0, 0, 0, 0, 0, 0]","[1291, 1500, 1600, 1600]","[-25.08, 0.0, 10.0, 10.0]","[-0.34629732812499997, 2.51678478515625, 10.21730346875]",0,4710.97705078125,0,31.1304337310791,"[0.0, -0.09155273436, -3.26538085884]","[0, 0, 0]",0,3,0.0,0.0,4.711,0,0,0,4294967.295,3750039.552,0,67118,0,23.974435806274414,29.044231414794922,-0.3958393633365631,0,state.FLIGHT,1007,-22,0,-23,-0.09640390425920486,4713,4713,"[10.8, 0.5, 16.5, 10.6, 15.5, 15.9, 0, 0]","[3.646, 3.647, 3.647]",0.262,"[2.9952, 3.3136, 5.0048, 7.36, 8.4528, 27.8256]","[0.03875, 0.625625, 0.000625, 0.00125, -0.00125, 0.000625]",0,0,29.5,"[1, 1, 1, 1, 1, 1]",36.9823091410188,42.360166899999996,-71.0933893,3,-25.697
1774902944.0553973,"[0, 0, 0, 0, 0, 0]","[1291, 1500, 1600, 1600]","[-25.08, 0.0, 10.0, 10.0]","[-0.392266, 2.5183170742187495, 10.226497203124998]",0,4710.56396484375,0,31.13480567932129,"[0.0, 2.288818359, 8.42285156112]","[0, 0, 0]",0,3,0.0,0.0,4.71,0,0,0,4294967.295,3750039.552,0,67178,0,24.12459373474121,29.22610092163086,-0.3958393633365631,0,state.FLIGHT,1008,-22,0,-23,-0.09603399783372879,4713,4713,"[10.8, 0.5, 15.9, 10.2, 15.5, 15.9, 0, 0]","[3.646, 3.647, 3.647]",0.262,"[2.9952, 3.3120000000000003, 5.0064, 7.368, 8.4448, 27.824]","[0.03375, 0.224375, -0.00375, -0.00875, 0.000625, -0.00125]",0,0,29.5,"[1, 1, 1, 1, 1, 1]",37.20500330332792,42.3601682,-71.0933879,3,-25.673
1774902944.1129045,"[0, 0, 0, 0, 0, 0]","[1291, 1500, 1600, 1600]","[-25.08, 0.0, 10.0, 10.0]","[-0.36468479687499994, 2.5298092421875, 10.199682144531248]",0,4710.12109375,0,31.139177627563477,"[0.0, 5.82885742092, 4.33349609304]","[0, 0, 0]",0,3,0.0,0.0,4.71,0,0,0,4294967.295,3750039.552,0,67232,0,24.15468406677246,29.226993560791016,-0.3958393633365631,0,state.FLIGHT,1009,-22,0,-23,-0.09563280642032623,4713,4713,"[10.4, 0.5, 16.5, 10.6, 15.5, 17.6, 0, 0]","[3.646, 3.647, 3.647]",0.262,"[2.9952, 3.3120000000000003, 5.0064, 7.368, 8.4448, 27.824]","[0.03375, 0.224375, -0.00375, -0.00875, 0.000625, -0.00125]",0,0,29.5,"[1, 1, 1, 1, 1, 1]",37.22341767524809,42.3601682,-71.0933879,3,-25.673
1774902944.1701448,"[0, 0, 0, 0, 0, 0]","[1291, 1500, 1600, 1600]","[-25.08, 0.0, 10.0, 10.0]","[-0.33327287109375, 2.5328738203125, 10.219601902343749]",0,4709.6494140625,0,31.15229347229004,"[0.0, -6.5612792958, 10.13183593584]","[0, 0, 0]",0,3,0.0,0.0,4.71,0,0,0,4294967.295,3750039.552,0,67292,0,24.21970558166504,29.08114242553711,-0.3958393633365631,0,state.FLIGHT,1010,-22,0,-23,-0.09520991146564484,4713,4713,"[10.4, 0.5, 15.9, 10.2, 16.5, 17.0, 0, 0]","[3.646, 3.647, 3.647]",0.262,"[2.9952, 3.3104, 5.0032000000000005, 7.356800000000001, 8.4352, 27.8272]","[0.0325, 0.25125000000000003, -0.004375, 0.001875, -0.000625, -0.004375]",0,0,29.5,"[1, 1, 1, 1, 1, 1]",37.15467773117236,42.36017,-71.0933855,3,-25.69
1774902944.2296612,"[0, 0, 0, 0, 0, 0]","[1291, 1500, 1600, 1600]","[-25.08, 0.0, 10.0, 10.0]","[-0.36085407421875, 2.51065562890625, 10.2188357578125]",0,4709.1318359375,0,31.143549575805665,"[0.0, -5.7678222646799995, -4.76074218672]","[0, 0, 0]",0,3,0.0,0.0,4.709,0,0,0,4294967.295,3750039.552,0,67352,0,24.380512237548828,29.122697830200195,-0.3958393633365631,0,state.FLIGHT,1011,-22,0,-23,-0.09469856321811676,4713,4713,"[10.6, 0.5, 16.5, 10.6, 15.5, 16.5, 0, 0]","[3.646, 3.647, 3.647]",0.262,"[2.9968000000000004, 3.3104, 5.0032000000000005, 7.368, 8.4528, 27.8256]","[0.035625000000000004, 0.258125, -0.005, -0.005, -0.00125, -0.00625]",0,0,29.5,"[1, 1, 1, 1, 1, 1]",37.280727815941745,42.36017,-71.0933855,3,-25.69
1774902944.2901766,"[0, 0, 0, 0, 0, 0]","[1291, 1500, 1600, 1600]","[-25.08, 0.0, 10.0, 10.0]","[-0.3662170859375, 2.5359383984375, 10.207343589843749]",0,4708.595703125,0,31.139177627563477,"[0.0, -6.1340332021199995, 3.44848632756]","[0, 0, 0]",0,3,0.0,0.0,4.709,0,0,0,4294967.295,3750039.552,0,67412,0,24.586811065673828,29.130638122558594,-0.3958393633365631,0,state.FLIGHT,1012,-22,0,-23,-0.09422402083873749,4713,4713,"[10.4, 0.5, 16.5, 10.6, 15.9, 15.9, 0, 0]","[3.646, 3.647, 3.647]",0.262,"[2.9968000000000004, 3.3104, 5.0032000000000005, 7.368, 8.4528, 27.8256]","[0.035625000000000004, 0.258125, -0.005, -0.005, -0.00125, -0.00625]",0,0,29.5,"[1, 1, 1, 1, 1, 1]",37.40964476257252,42.3601697,-71.0933852,3,-25.671
1774902944.3446958,"[0, 0, 0, 0, 0, 0]","[1291, 1500, 1600, 1600]","[-25.08, 0.0, 10.0, 10.0]","[-0.37004780859374997, 2.516018640625, 10.215005035156251]",0,4708.109375,0,31.143549575805665,"[0.0, -0.4577636718, -8.850097654799999]","[0, 0, 0]",0,3,0.0,0.0,4.708,0,0,0,4294967.295,3750039.552,0,67466,0,24.92006492614746,29.3493709564209,-0.3958393633365631,0,state.FLIGHT,1013,-22,0,-23,-0.0937642827630043,4713,4713,"[10.6, 0.5, 17.0, 10.4, 15.9, 16.5, 0, 0]","[3.646, 3.647, 3.647]",0.262,"[2.9968000000000004, 3.3104, 5.0064, 7.3664000000000005, 8.459200000000001, 27.8272]","[0.030625, 0.285625, -0.005, -0.004375, -0.005625, -0.00125]",0,0,29.5,"[1, 1, 1, 1, 1, 1]",37.76831297621264,42.3601697,-71.0933852,3,-25.671
1774902944.4036946,"[0, 0, 0, 0, 0, 0]","[1291, 1500, 1600, 1600]","[-25.08, 0.0, 10.0, 10.0]","[-0.34093431640625, 2.51372020703125, 10.220368046875]",0,4707.50732421875,0,31.156665420532228,"[0.0, -5.21850585852, 4.8828124992]","[0, 0, 0]",0,3,0.0,0.0,4.708,0,0,0,4294967.295,3750039.552,0,67526,0,25.160541534423828,29.40431022644043,-0.3958393633365631,0,state.FLIGHT,1014,-22,0,-23,-0.09319372475147247,4713,4713,"[10.4, 0.5, 17.0, 10.6, 16.5, 17.0, 0, 0]","[3.646, 3.647, 3.647]",0.262,"[2.9968000000000004, 3.3104, 5.0064, 7.3664000000000005, 8.459200000000001, 27.8272]","[0.030625, 0.285625, -0.005, -0.004375, -0.005625, -0.00125]",0,0,29.5,"[1, 1, 1, 1, 1, 1]",37.95261302397027,42.3601698,-71.0933843,3,-25.644
1774902944.4642212,"[0, 0, 0, 0, 0, 0]","[1291, 1500, 1600, 1600]","[-25.08, 0.0, 10.0, 10.0]","[-0.36851551953124995, 2.5405352656249995, 10.216537324218748]",0,4706.8671875,0,31.147921524047852,"[0.0, -3.44848632756, 6.59179687392]","[0, 0, 0]",0,3,0.0,0.0,4.707,0,0,0,4294967.295,3750039.552,0,67586,0,25.439149856567383,29.37502098083496,-0.3958393633365631,0,state.FLIGHT,1015,-22,0,-23,-0.09256704896688461,4713,4713,"[10.2, 0.5, 17.6, 10.6, 15.9, 17.0, 0, 0]","[3.646, 3.647, 3.647]",0.262,"[2.9968000000000004, 3.3136, 5.0048, 7.3632, 8.4384, 27.8304]","[0.030625, 0.626875, 0.00625, -0.004375, 0.0, -0.00375]",0,0,29.5,"[1, 1, 1, 1, 1, 1]",38.09992325296429,42.3601701,-71.0933819,3,-25.616
1774902944.5282245,"[0, 0, 0, 0, 0, 0]","[1291, 1500, 1600, 1600]","[-25.08, 0.0, 10.0, 10.0]","[-0.35472491796875, 2.51908321875, 10.245650816406249]",0,4706.19189453125,0,31.139177627563477,"[0.0, 2.71606445268, 3.41796874944]","[0, 0, 0]",0,3,0.0,0.0,4.706,0,0,0,4294967.295,3750039.552,0,67646,0,25.444650650024414,29.467174530029297,-0.3958393633365631,0,state.FLIGHT,1016,-22,0,-23,-0.09193240106105804,4713,4713,"[10.6, 0.5, 15.9, 10.4, 15.9, 17.6, 0, 0]","[3.646, 3.647, 3.647]",0.262,"[2.9968000000000004, 3.3136, 5.0048, 7.3632, 8.4384, 27.8304]","[0.030625, 0.626875, 0.00625, -0.004375, 0.0, -0.00375]",0,0,29.5,"[1, 1, 1, 1, 1, 1]",38.16945450574305,42.3601701,-71.0933819,3,-25.616
1774902944.5827365,"[0, 0, 0, 0, 0, 0]","[1291, 1500, 1600, 1600]","[-25.08, 0.0, 10.0, 10.0]","[-0.37311238671874997, 2.528276953125, 10.216537324218748]",0,4705.6142578125,0,31.1304337310791,"[0.0, 3.26538085884, -13.000488279119999]","[0, 0, 0]",0,3,0.0,0.0,4.706,0,0,0,4294967.295,3750039.552,0,67700,0,25.28316307067871,29.422245025634766,-0.3958393633365631,0,state.FLIGHT,1017,-22,0,-23,-0.0913715660572052,4713,4713,"[10.6, 0.5, 17.0, 10.6, 15.9, 17.0, 0, 0]","[3.646, 3.647, 3.647]",0.262,"[2.9952, 3.3104, 5.0016, 7.3616, 8.4496, 27.824]","[0.033125, 0.5675, 0.003125, 0.001875, 0.000625, 0.0]",0,0,29.5,"[1, 1, 1, 1, 1, 1]",38.03949457467737,42.3601698,-71.0933809,3,-25.562
1774902944.6377356,"[0, 0, 0, 0, 0, 0]","[1291, 1500, 1600, 1600]","[-25.08, 0.0, 10.0, 10.0]","[-0.38843527734375, 2.534406109375, 10.22573105859375]",0,4704.87548828125,0,31.156665420532228,"[0.0, -9.3078613266, -6.80541992076]","[0, 0, 0]",0,3,0.0,0.0,4.705,0,0,0,4294967.295,3750039.552,0,67760,0,25.130891799926758,29.6285343170166,-0.3958393633365631,0,state.FLIGHT,1018,-22,0,-23,-0.09067609906196594,4713,4713,"[10.4, 0.5, 16.5, 10.8, 15.9, 18.2, 0, 0]","[3.646, 3.647, 3.647]",0.262,"[2.9952, 3.3104, 5.0016, 7.3616, 8.4496, 27.824]","[0.033125, 0.5675, 0.003125, 0.001875, 0.000625, 0.0]",0,0,29.5,"[1, 1, 1, 1, 1, 1]",38.09715161966616,42.3601698,-71.0933809,3,-25.562
1774902944.697737,"[0, 0, 0, 0, 0, 0]","[1291, 1500, 1600, 1600]","[-25.08, 0.0, 10.0, 10.0]","[-0.37004780859374997, 2.52904309765625, 10.22573105859375]",0,4704.11865234375,0,31.139177627563477,"[0.0, -12.11547851364, 0.42724609368]","[0, 0, 0]",0,3,0.0,0.0,4.705,0,0,0,4294967.295,3750039.552,0,67820,0,25.180936813354492,29.743288040161133,-0.3958393633365631,0,state.FLIGHT,1019,-22,0,-23,-0.08995489776134491,4713,4713,"[10.4, 0.5, 15.9, 10.4, 15.5, 16.5, 0, 0]","[3.646, 3.647, 3.647]",0.262,"[2.9952, 3.3120000000000003, 5.0016, 7.3664000000000005, 8.448, 27.8288]","[0.035, 0.636875, 0.005, -0.000625, -0.004375, -0.0025]",0,0,29.5,"[1, 1, 1, 1, 1, 1]",38.21033584918846,42.3601698,-71.0933775,3,-25.905
1774902944.7577596,"[0, 0, 0, 0, 0, 0]","[1291, 1500, 1600, 1600]","[-25.08, 0.0, 10.0, 10.0]","[-0.35472491796875, 2.5390029765624997, 10.2341586484375]",0,4703.3173828125,0,31.139177627563477,"[0.0, 7.41577148316, 9.7656249984]","[0, 0, 0]",0,3,0.0,0.0,4.703,0,0,0,4294967.295,3750039.552,0,67880,0,25.27462387084961,29.591899871826172,-0.3958393633365631,0,state.FLIGHT,1020,-22,0,-23,-0.08920221775770187,4713,4713,"[10.6, 0.5, 16.5, 10.4, 15.5, 17.0, 0, 0]","[3.646, 3.647, 3.647]",0.262,"[2.9952, 3.3120000000000003, 5.0016, 7.3664000000000005, 8.448, 27.8288]","[0.035, 0.636875, 0.005, -0.000625, -0.004375, -0.0025]",0,0,29.5,"[1, 1, 1, 1, 1, 1]",38.15681029742878,42.3601679,-71.09337769999999,3,-25.862
1774902944.8127632,"[0, 0, 0, 0, 0, 0]","[1291, 1500, 1600, 1600]","[-25.08, 0.0, 10.0, 10.0]","[-0.36162021874999994, 2.5298092421875, 10.224198769531249]",0,4702.48974609375,0,31.143549575805665,"[0.0, -2.65502929644, -9.27734374848]","[0, 0, 0]",0,3,0.0,0.0,4.702,0,0,0,4294967.295,3750039.552,0,67934,0,25.227745056152344,29.53122329711914,-0.3958393633365631,0,state.FLIGHT,1021,-22,0,-23,-0.08839131891727448,4713,4713,"[10.6, 0.5, 15.9, 10.6, 15.9, 17.0, 0, 0]","[3.646, 3.647, 3.647]",0.262,"[2.9936000000000003, 3.3120000000000003, 5.0032000000000005, 7.36, 8.4528, 27.8288]","[0.033125, 0.2525, -0.0025, -0.00375, 0.001875, 0.000625]",0,0,29.5,"[1, 1, 1, 1, 1, 1]",38.08477395604757,42.3601679,-71.09337769999999,3,-25.862
1774902944.8722773,"[0, 0, 0, 0, 0, 0]","[1291, 1500, 1600, 1600]","[-25.08, 0.0, 10.0, 10.0]","[-0.36238636328125, 2.51678478515625, 10.237989371093748]",0,4701.6357421875,0,31.147921524047852,"[0.0, -3.2043457026, 4.36401367116]","[0, 0, 0]",0,3,0.0,0.0,4.702,0,0,0,4294967.295,3750039.552,0,67994,0,25.287580490112305,29.631935119628906,-0.3958393633365631,0,state.FLIGHT,1022,-22,0,-23,-0.08761085569858551,4713,4713,"[10.4, 0.5, 15.9, 10.4, 15.5, 16.5, 0, 0]","[3.646, 3.647, 3.647]",0.262,"[2.9968000000000004, 3.3104, 5.0032000000000005, 7.3696, 8.4384, 27.8256]","[0.035625000000000004, 0.19875, -0.000625, -0.0025, -0.00125, -0.001875]",0,0,29.5,"[1, 1, 1, 1, 1, 1]",38.1935347559332,42.360168099999996,-71.09337769999999,3,-25.82
1774902944.9367876,"[0, 0, 0, 0, 0, 0]","[1291, 1500, 1600, 1600]","[-25.08, 0.0, 10.0, 10.0]","[-0.36851551953124995, 2.503760328125, 10.195851421875]",0,4700.7392578125,0,31.13480567932129,"[0.0, -3.63159179628, -2.92968749952]","[0, 0, 0]",0,3,0.0,0.0,4.701,0,0,0,4294967.295,3750039.552,0,68054,0,25.427106857299805,29.79796028137207,-0.3958393633365631,0,state.FLIGHT,1023,-22,0,-23,-0.08675111830234528,4713,4713,"[10.6, 0.5, 17.0, 11.3, 16.5, 17.6, 0, 0]","[3.646, 3.647, 3.647]",0.262,"[2.9968000000000004, 3.3104, 5.0032000000000005, 7.3696, 8.4384, 27.8256]","[0.035625000000000004, 0.19875, -0.000625, -0.0025, -0.00125, -0.001875]",0,0,29.5,"[1, 1, 1, 1, 1, 1]",38.39727912038031,42.360168099999996,-71.09337769999999,3,-25.82
1774902944.9957924,"[0, 0, 0, 0, 0, 0]","[1291, 1500, 1600, 1600]","[-25.08, 0.0, 10.0, 10.0]","[-0.37924154296875, 2.4991634609374995, 10.202746722656249]",0,4699.82568359375,0,31.1654093170166,"[0.0, 0.70190429676, 1.00708007796]","[0, 0, 0]",0,3,0.0,0.0,4.701,0,0,0,4294967.295,3750039.552,0,68114,0,25.403003692626953,29.957876205444336,-0.3958393633365631,0,state.FLIGHT,1024,-22,0,-23,-0.08589540421962738,4713,4713,"[10.6, 0.5, 16.5, 10.4, 15.0, 16.5, 0, 0]","[3.646, 3.647, 3.647]",0.262,"[2.9952, 3.3104, 5.0016, 7.364800000000001, 8.432, 27.8272]","[0.034375, 0.249375, -0.004375, -0.00125, -0.005, -0.00375]",0,0,29.5,"[1, 1, 1, 1, 1, 1]",38.49857100633104,42.3601679,-71.0933767,3,-25.795
1774902945.0483148,"[0, 0, 0, 0, 0, 0]","[1291, 1500, 1600, 1600]","[-25.08, 0.0, 10.0, 10.0]","[-0.3478296171875, 2.5405352656249995, 10.201980578125]",0,4699.0302734375,0,31.15229347229004,"[0.0, -1.6784667966, -4.24194335868]","[0, 0, 0]",0,3,0.0,0.0,4.699,0,0,0,4294967.295,3750039.808,0,68168,0,25.358200073242188,30.029369354248047,-0.3958393633365631,0,state.FLIGHT,1025,-22,0,-23,-0.08517211675643921,4713,4713,"[10.8, 0.5, 17.6, 10.4, 15.5, 15.5, 0, 0]","[3.646, 3.647, 3.647]",0.262,"[2.9952, 3.3104, 5.0016, 7.364800000000001, 8.432, 27.8272]","[0.034375, 0.249375, -0.004375, -0.00125, -0.005, -0.00375]",0,0,29.5,"[1, 1, 1, 1, 1, 1]",38.52371729491222,42.3601676,-71.0933766,3,-25.753
1774902945.1063159,"[0, 0, 0, 0, 0, 0]","[1291, 1500, 1600, 1600]","[-25.08, 0.0, 10.0, 10.0]","[-0.36545094140624995, 2.51678478515625, 10.228795636718749]",0,4698.05859375,0,31.143549575805665,"[0.0, -3.99780273372, -4.4250488273999995]","[0, 0, 0]",0,3,0.0,0.0,4.698,0,0,0,4294967.295,3750039.808,0,68228,0,25.30571746826172,30.109920501708984,-0.3958393633365631,0,state.FLIGHT,1026,-22,0,-23,-0.08426329493522644,4713,4713,"[10.4, 0.5, 16.5, 10.4, 15.5, 16.5, 0, 0]","[3.646, 3.647, 3.647]",0.262,"[2.9968000000000004, 3.3136, 5.0016, 7.364800000000001, 8.448, 27.8304]","[0.03, 0.23875000000000002, 0.0, -0.00375, -0.000625, -0.000625]",0,0,29.5,"[1, 1, 1, 1, 1, 1]",38.55107771997402,42.3601676,-71.0933766,3,-25.753
1774902945.1666946,"[0, 0, 0, 0, 0, 0]","[1291, 1500, 1600, 1600]","[-25.08, 0.0, 10.0, 10.0]","[-0.367749375, 2.53517225390625, 10.226497203124998]",0,4697.052734375,0,31.15229347229004,"[0.0, -0.21362304684, -7.9345703112]","[0, 0, 0]",0,3,0.0,0.0,4.698,0,0,0,4294967.295,3750039.808,0,68288,0,25.29503631591797,30.105648040771484,-0.3958393633365631,0,state.FLIGHT,1027,-22,0,-23,-0.08333900570869446,4713,4713,"[10.6, 0.5, 15.9, 10.4, 16.5, 17.0, 0, 0]","[3.646, 3.647, 3.647]",0.262,"[2.9968000000000004, 3.3136, 5.0016, 7.364800000000001, 8.448, 27.8304]","[0.03, 0.23875000000000002, 0.0, -0.00375, -0.000625, -0.000625]",0,0,29.5,"[1, 1, 1, 1, 1, 1]",38.541631337363505,42.3601667,-71.0933768,3,-25.712
1774902945.226206,"[0, 0, 0, 0, 0, 0]","[1291, 1500, 1600, 1600]","[-25.08, 0.0, 10.0, 10.0]","[-0.35625720703125, 2.51908321875, 10.228795636718749]",0,4696.013671875,0,31.147921524047852,"[0.0, -1.43432617164, -14.25170898204]","[0, 0, 0]",0,3,0.0,0.0,4.696,0,0,0,4294967.295,3750039.808,0,68348,0,25.237607955932617,30.077617645263672,-0.3958393633365631,0,state.FLIGHT,1028,-22,0,-23,-0.08240114152431488,4713,4713,"[10.2, 0.5, 15.9, 10.6, 15.5, 17.0, 0, 0]","[3.646, 3.647, 3.647]",0.262,"[2.9952, 3.3120000000000003, 5.0032000000000005, 7.3664000000000005, 8.4304, 27.8288]","[0.036875, 0.591875, 0.0025, 0.000625, -0.005, -0.00125]",0,0,29.5,"[1, 1, 1, 1, 1, 1]",38.487163335685445,42.3601667,-71.0933768,3,-25.712
1774902945.2847185,"[0, 0, 0, 0, 0, 0]","[1291, 1500, 1600, 1600]","[-25.08, 0.0, 10.0, 10.0]","[-0.37924154296875, 2.52291394140625, 10.238755515624998]",0,4694.95849609375,0,31.147921524047852,"[0.0, -3.2043457026, -2.38037109336]","[0, 0, 0]",0,3,0.0,0.0,4.696,0,0,0,4294967.295,3750039.808,0,68402,0,25.070453643798828,30.01133918762207,-0.3958393633365631,0,state.FLIGHT,1029,-22,0,-23,-0.08142795413732529,4713,4713,"[10.6, 0.5, 16.5, 10.6, 15.5, 15.9, 0, 0]","[3.646, 3.647, 3.647]",0.262,"[2.9952, 3.3120000000000003, 5.0032000000000005, 7.3664000000000005, 8.4304, 27.8288]","[0.036875, 0.591875, 0.0025, 0.000625, -0.005, -0.00125]",0,0,29.5,"[1, 1, 1, 1, 1, 1]",38.33983491925014,42.360166799999995,-71.0933768,3,-25.698
1774902945.3402302,"[0, 0, 0, 0, 0, 0]","[1291, 1500, 1600, 1600]","[-25.08, 0.0, 10.0, 10.0]","[-0.3539587734375, 2.5213816523437496, 10.216537324218748]",0,4693.85595703125,0,31.161037368774416,"[0.0, -13.64135741964, -5.12695312416]","[0, 0, 0]",0,3,0.0,0.0,4.694,0,0,0,4294967.295,3750039.808,0,68462,0,24.9587459564209,30.170642852783203,-0.3958393633365631,0,state.FLIGHT,1030,-22,0,-23,-0.08044999837875366,4713,4713,"[10.8, 0.5, 17.0, 10.6, 15.9, 16.5, 0, 0]","[3.646, 3.647, 3.647]",0.262,"[2.9968000000000004, 3.3120000000000003, 5.0048, 7.3632, 8.443200000000001, 27.822400000000002]","[0.031875, 0.636875, 0.005625, -0.00125, -0.0025, 0.000625]",0,0,29.5,"[1, 1, 1, 1, 1, 1]",38.390601433221654,42.360166799999995,-71.0933768,3,-25.698
1774902945.4002318,"[0, 0, 0, 0, 0, 0]","[1291, 1500, 1500, 1500]","[-25.08, 0.0, 0.0, 0.0]","[-0.35932178515625, 2.5198493632812498, 10.2188357578125]",0,4692.73779296875,0,31.147921524047852,"[0.0, -10.5285644514, -2.92968749952]","[0, 0, 0]",0,3,0.0,0.0,4.694,0,0,0,4294967.295,3750039.808,0,68522,0,24.934654235839844,30.365978240966797,-0.3958393633365631,0,state.APOGEE,1031,-22,0,-23,-0.07947109639644623,4713,4713,"[7.8, 0.5, 17.0, 10.6, 15.9, 17.0, 0, 0]","[3.646, 3.647, 3.647]",0.262,"[2.9968000000000004, 3.3120000000000003, 5.0048, 7.3632, 8.443200000000001, 27.822400000000002]","[0.031875, 0.636875, 0.005625, -0.00125, -0.0025, 0.000625]",0,0,29.5,"[1, 1, 1, 1, 1, 1]",38.52003712586851,42.360167399999995,-71.0933764,3,-25.673
1774902945.4617598,"[0, 0, 0, 0, 0, 0]","[1291, 1500, 1500, 1500]","[-25.08, 0.0, 0.0, 0.0]","[-0.36698323046875, 2.5252123749999997, 10.23032792578125]",0,4691.58935546875,0,31.15229347229004,"[0.0, -3.02124023388, -4.0588378899599995]","[0, 0, 0]",0,3,0.0,0.0,4.692,0,0,0,4294967.295,3750039.808,0,68582,0,25.005435943603516,30.372093200683594,-0.3958393633365631,0,state.APOGEE,1032,-22,0,-23,-0.07845103740692139,4713,4713,"[7.5, 0.5, 17.0, 10.4, 17.0, 17.6, 0, 0]","[3.646, 3.647, 3.647]",0.262,"[2.9968000000000004, 3.3136, 5.008, 7.3664000000000005, 8.427200000000001, 27.8256]","[0.03125, 0.236875, -0.001875, 0.000625, 0.000625, -0.000625]",0,0,29.5,"[1, 1, 1, 1, 1, 1]",38.565908817692936,42.3601679,-71.0933756,3,-25.649
1774902945.5147598,"[0, 0, 0, 0, 0, 0]","[1291, 1500, 1500, 1500]","[-25.08, 0.0, 0.0, 0.0]","[-0.38230612109375, 2.50299418359375, 10.220368046875]",0,4690.609375,0,31.15229347229004,"[0.0, -4.97436523356, -13.91601562272]","[0, 0, 0]",0,3,0.0,0.0,4.69,0,0,0,4294967.295,3750039.808,0,68636,0,24.98858642578125,30.63351821899414,-0.3958393633365631,0,state.APOGEE,1033,-22,0,-23,-0.07758860290050507,4713,4713,"[7.6, 0.5, 15.9, 10.6, 15.5, 17.0, 0, 0]","[3.646, 3.647, 3.647]",0.262,"[2.9968000000000004, 3.3136, 5.008, 7.3664000000000005, 8.427200000000001, 27.8256]","[0.03125, 0.236875, -0.001875, 0.000625, 0.000625, -0.000625]",0,0,29.5,"[1, 1, 1, 1, 1, 1]",38.748616104078785,42.3601679,-71.0933756,3,-25.649
1774902945.575279,"[0, 0, 0, 0, 0, 0]","[1291, 1500, 1500, 1500]","[-25.08, 0.0, 0.0, 0.0]","[-0.37311238671874997, 2.5206155078125, 10.2341586484375]",0,4689.4150390625,0,31.143549575805665,"[0.0, -5.4016113272399995, 2.65502929644]","[0, 0, 0]",0,3,0.0,0.0,4.69,0,0,0,4294967.295,3750039.808,0,68696,0,25.329429626464844,30.739126205444336,-0.3958393633365631,0,state.APOGEE,1034,-22,0,-23,-0.07654634118080139,4713,4713,"[7.6, 0.5, 16.5, 10.8, 15.9, 15.9, 0, 0]","[3.646, 3.647, 3.647]",0.262,"[2.9952, 3.3104, 5.0016, 7.364800000000001, 8.4544, 27.8288]","[0.034375, 0.2325, -0.004375, -0.000625, -0.00375, -0.003125]",0,0,29.5,"[1, 1, 1, 1, 1, 1]",39.02481920961808,42.3601672,-71.0933764,3,-25.642
1774902945.638958,"[0, 0, 0, 0, 0, 0]","[1291, 1500, 1500, 1500]","[-25.08, 0.0, 0.0, 0.0]","[-0.3692816640625, 2.5321076757812495, 10.2356909375]",0,4688.18115234375,0,31.15229347229004,"[0.0, 2.47192382772, 7.1716308582]","[0, 0, 0]",0,3,0.0,0.0,4.688,0,0,0,4294967.295,3750039.808,0,68756,0,25.296186447143555,30.849586486816406,-0.3958393633365631,0,state.APOGEE,1035,-22,0,-23,-0.07550330460071564,4713,4713,"[10.6, 0.5, 15.9, 10.4, 16.5, 16.5, 0, 0]","[3.646, 3.647, 3.647]",0.262,"[2.9968000000000004, 3.3104, 5.0016, 7.3616, 8.4448, 27.8256]","[0.03, 0.230625, -0.004375, -0.003125, -0.004375, -0.00125]",0,0,29.5,"[1, 1, 1, 1, 1, 1]",39.086576741124645,42.3601672,-71.0933764,3,-25.642
1774902945.6949565,"[0, 0, 0, 0, 0, 0]","[1291, 1500, 1500, 1500]","[-25.08, 0.0, 0.0, 0.0]","[-0.37924154296875, 2.51372020703125, 10.214238890625]",0,4686.9326171875,0,31.13480567932129,"[0.0, -4.7912597648399995, -1.58691406224]","[0, 0, 0]",0,3,0.0,0.0,4.688,0,0,0,4294967.295,3750039.808,0,68816,0,25.160388946533203,30.77145767211914,-0.3958393633365631,0,state.APOGEE,1036,-22,0,-23,-0.07444660365581512,4713,4713,"[10.6, 0.5, 16.5, 10.8, 16.5, 16.5, 0, 0]","[3.646, 3.647, 3.647]",0.262,"[2.9968000000000004, 3.3104, 5.0016, 7.3616, 8.4448, 27.8256]","[0.03, 0.230625, -0.004375, -0.003125, -0.004375, -0.00125]",0,0,29.5,"[1, 1, 1, 1, 1, 1]",38.95011501527739,42.3601678,-71.09337529999999,3,-25.596
1774902945.7479877,"[0, 0, 0, 0, 0, 0]","[1291, 1500, 1500, 1500]","[-25.08, 0.0, 0.0, 0.0]","[-0.36315250781249997, 2.5405352656249995, 10.24258623828125]",0,4685.8642578125,0,31.15229347229004,"[0.0, 6.6223144520399995, 6.7443847645199995]","[0, 0, 0]",0,3,0.0,0.0,4.686,0,0,0,4294967.295,3750039.808,0,68870,0,25.459766387939453,30.7379207611084,-0.3958393633365631,0,state.APOGEE,1037,-22,0,-23,-0.07356236129999161,4713,4713,"[10.4, 0.5, 17.0, 10.4, 15.5, 16.5, 0, 0]","[3.646, 3.647, 3.647]",0.262,"[2.9952, 3.3104, 5.0048, 7.3664000000000005, 8.4512, 27.832]","[0.033125, 0.22875, -0.00125, -0.004375, 0.00125, 0.001875]",0,0,29.5,"[1, 1, 1, 1, 1, 1]",39.10017307269818,42.360167499999996,-71.0933747,3,-25.56
1774902945.8079903,"[0, 0, 0, 0, 0, 0]","[1291, 1500, 1500, 1500]","[-25.08, 0.0, 0.0, 0.0]","[-0.37004780859374997, 2.5006957499999998, 10.221900335937498]",0,4684.5673828125,0,31.147921524047852,"[0.0, -6.19506835836, -8.51440429548]","[0, 0, 0]",0,3,0.0,0.0,4.684,0,0,0,4294967.295,3750039.808,0,68930,0,25.452783584594727,30.841064453125,-0.3958393633365631,0,state.APOGEE,1038,-22,0,-23,-0.07247335463762283,4713,4713,"[10.4, 0.5, 16.5, 10.6, 15.9, 16.5, 0, 0]","[3.646, 3.647, 3.647]",0.262,"[2.9952, 3.3104, 5.0048, 7.3664000000000005, 8.4512, 27.832]","[0.033125, 0.22875, -0.00125, -0.004375, 0.00125, 0.001875]",0,0,29.5,"[1, 1, 1, 1, 1, 1]",39.17161823572579,42.360167499999996,-71.0933747,3,-25.56
1774902945.8725066,"[0, 0, 0, 0, 0, 0]","[1291, 1500, 1500, 1500]","[-25.08, 0.0, 0.0, 0.0]","[-0.35932178515625, 2.52904309765625, 10.2341586484375]",0,4683.2392578125,0,31.156665420532228,"[0.0, -3.2043457026, 11.41357421688]","[0, 0, 0]",0,3,0.0,0.0,4.684,0,0,0,4294967.295,3750039.808,0,68990,0,25.70090675354004,30.980817794799805,-0.3958393633365631,0,state.APOGEE,1039,-22,0,-23,-0.07139045745134354,4713,4713,"[10.2, 0.5, 15.9, 10.6, 15.5, 16.5, 0, 0]","[3.646, 3.647, 3.647]",0.262,"[2.9968000000000004, 3.3120000000000003, 5.0016, 7.364800000000001, 8.4448, 27.8272]","[0.03375, 0.259375, -0.0025, -0.004375, -0.001875, -0.0025]",0,0,29.5,"[1, 1, 1, 1, 1, 1]",39.41898574917191,42.3601679,-71.0933735,3,-25.521
1774902945.9295216,"[0, 0, 0, 0, 0, 0]","[1291, 1500, 1500, 1500]","[-25.08, 0.0, 0.0, 0.0]","[-0.36698323046875, 2.5206155078125, 10.22573105859375]",0,4681.884765625,0,31.156665420532228,"[0.0, -5.58471679596, 4.7302246086]","[0, 0, 0]",0,3,0.0,0.0,4.682,0,0,0,4294967.295,3750039.808,0,69050,0,25.459815979003906,31.253000259399414,-0.3958393633365631,0,state.APOGEE,1040,-22,0,-23,-0.07030107080936432,4713,4713,"[10.6, 0.5, 15.9, 10.6, 15.9, 17.6, 0, 0]","[3.646, 3.647, 3.647]",0.262,"[2.9968000000000004, 3.3120000000000003, 5.0016, 7.364800000000001, 8.4448, 27.8272]","[0.03375, 0.259375, -0.0025, -0.004375, -0.001875, -0.0025]",0,0,29.5,"[1, 1, 1, 1, 1, 1]",39.47840357910661,42.3601679,-71.0933735,3,-25.521
1774902945.9830368,"[0, 0, 0, 0, 0, 0]","[1291, 1500, 1500, 1500]","[-25.08, 0.0, 0.0, 0.0]","[-0.38843527734375, 2.52597851953125, 10.2372232265625]",0,4680.51708984375,0,31.15229347229004,"[0.0, -7.3547363269199995, -2.92968749952]","[0, 0, 0]",0,3,0.0,0.0,4.682,0,0,0,4294967.295,3750039.808,0,69104,0,25.51949119567871,31.330245971679688,-0.3958393633365631,0,state.APOGEE,1041,-22,0,-23,-0.06922212243080139,4713,4713,"[10.6, 0.5, 15.9, 10.2, 15.9, 17.6, 0, 0]","[3.646, 3.647, 3.647]",0.262,"[2.9968000000000004, 3.3136, 5.0016, 7.3616, 8.456000000000001, 27.8256]","[0.035625000000000004, 0.620625, 0.00375, -0.000625, -0.000625, -0.0025]",0,0,29.5,"[1, 1, 1, 1, 1, 1]",39.56979401015076,42.3601683,-71.0933727,3,-25.515
1774902946.045496,"[0, 0, 0, 0, 0, 0]","[1291, 1500, 1500, 1500]","[-25.08, 0.0, 0.0, 0.0]","[-0.35855564062499995, 2.522147796875, 10.224198769531249]",0,4679.10888671875,0,31.147921524047852,"[0.0, -11.32202148252, -0.48828124992]","[0, 0, 0]",0,3,0.0,0.0,4.679,0,0,0,4294967.295,3750039.808,0,69164,0,25.386459350585938,31.46454429626465,-0.3958393633365631,0,state.APOGEE,1042,-22,0,-23,-0.06812211126089096,4713,4713,"[10.4, 0.5, 17.6, 10.8, 17.0, 17.6, 0, 0]","[3.646, 3.647, 3.647]",0.262,"[2.9968000000000004, 3.3136, 5.0016, 7.3616, 8.456000000000001, 27.8256]","[0.035625000000000004, 0.620625, 0.00375, -0.000625, -0.000625, -0.0025]",0,0,29.5,"[1, 1, 1, 1, 1, 1]",39.59235160796987,42.3601683,-71.0933727,3,-25.515
1774902946.1044984,"[0, 0, 0, 0, 0, 0]","[1291, 1500, 1500, 1500]","[-25.08, 0.0, 0.0, 0.0]","[-0.38383841015625, 2.5114217734374997, 10.220368046875]",0,4677.68798828125,0,31.156665420532228,"[0.0, -4.97436523356, 2.86865234328]","[0, 0, 0]",0,3,0.0,0.0,4.679,0,0,0,4294967.295,3750039.808,0,69224,0,25.458786010742188,31.676963806152344,-0.3958393633365631,0,state.APOGEE,1043,-22,0,-23,-0.06703419983386993,4713,4713,"[10.2, 0.5, 15.9, 11.1, 15.9, 16.5, 0, 0]","[3.646, 3.647, 3.647]",0.262,"[2.9952, 3.3136, 5.0032000000000005, 7.364800000000001, 8.456000000000001, 27.8288]","[0.0275, 0.638125, 0.00375, 0.00125, -0.00125, 0.0025]",0,0,29.5,"[1, 1, 1, 1, 1, 1]",39.79104534803495,42.360168699999996,-71.0933731,3,-25.508
1774902946.1632996,"[0, 0, 0, 0, 0, 0]","[1291, 1500, 1500, 1500]","[-25.08, 0.0, 0.0, 0.0]","[-0.37004780859374997, 2.5144863515624998, 10.221134191406248]",0,4676.2412109375,0,31.156665420532228,"[0.0, -6.19506835836, 5.82885742092]","[0, 0, 0]",0,3,0.0,0.0,4.677,0,0,0,4294967.295,3750039.808,0,69284,0,25.631805419921875,31.733102798461914,-0.3958393633365631,0,state.APOGEE,1044,-22,0,-23,-0.06591010093688965,4713,4713,"[10.4, 0.5, 17.0, 10.8, 15.0, 16.5, 0, 0]","[3.646, 3.647, 3.647]",0.262,"[2.9952, 3.3136, 5.0032000000000005, 7.364800000000001, 8.456000000000001, 27.8288]","[0.0275, 0.638125, 0.00375, 0.00125, -0.00125, 0.0025]",0,0,29.5,"[1, 1, 1, 1, 1, 1]",39.931614483521834,42.360168,-71.0933744,3,-25.48
1774902946.2208138,"[0, 0, 0, 0, 0, 0]","[1291, 1500, 1500, 1500]","[-25.08, 0.0, 0.0, 0.0]","[-0.3784753984375, 2.53670454296875, 10.231860214843751]",0,4675.0166015625,0,31.15229347229004,"[0.0, -3.63159179628, 12.90893554476]","[0, 0, 0]",0,3,0.0,0.0,4.675,0,0,0,4294967.295,3750039.808,0,69338,0,25.757884979248047,31.777833938598633,-0.3958393633365631,0,state.APOGEE,1045,-22,0,-23,-0.06498939543962479,4713,4713,"[10.6, 0.5, 15.9, 10.8, 15.5, 17.0, 0, 0]","[3.646, 3.647, 3.647]",0.262,"[2.9952, 3.3104, 5.0032000000000005, 7.364800000000001, 8.4688, 27.8288]","[0.03375, 0.2275, -0.004375, -0.000625, -0.001875, -0.0025]",0,0,29.5,"[1, 1, 1, 1, 1, 1]",40.03696502669434,42.360168,-71.0933744,3,-25.48
1774902946.27833,"[0, 0, 0, 0, 0, 0]","[1291, 1500, 1500, 1500]","[-25.08, 0.0, 0.0, 0.0]","[-0.35625720703125, 2.522147796875, 10.207343589843749]",0,4673.53125,0,31.15229347229004,"[0.0, 1.6784667966, 1.55639648412]","[0, 0, 0]",0,3,0.0,0.0,4.675,0,0,0,4294967.295,3750039.808,0,69398,0,25.769176483154297,32.103736877441406,-0.3958393633365631,0,state.APOGEE,1046,-22,0,-23,-0.06388399749994278,4713,4713,"[10.4, 0.5, 16.5, 10.6, 15.0, 16.5, 0, 0]","[3.646, 3.647, 3.647]",0.262,"[2.9952, 3.3104, 5.0032000000000005, 7.364800000000001, 8.4688, 27.8288]","[0.03375, 0.2275, -0.004375, -0.000625, -0.001875, -0.0025]",0,0,29.5,"[1, 1, 1, 1, 1, 1]",40.28418847616455,42.3601679,-71.0933749,3,-25.435
1774902946.3388495,"[0, 0, 0, 0, 0, 0]","[1291, 1500, 1500, 1500]","[-25.08, 0.0, 0.0, 0.0]","[-0.36391865234375, 2.522147796875, 10.22266648046875]",0,4672.0146484375,0,31.139177627563477,"[0.0, -2.65502929644, 0.09155273436]","[0, 0, 0]",0,3,0.0,0.0,4.672,0,0,0,4294967.295,3750039.808,0,69458,0,25.84640121459961,32.12630844116211,-0.3958393633365631,0,state.APOGEE,1047,-22,0,-23,-0.06277959793806076,4713,4713,"[11.1, 0.5, 16.5, 11.1, 15.5, 16.5, 0, 0]","[3.646, 3.647, 3.647]",0.262,"[2.9952, 3.3136, 5.0016, 7.3632, 8.440000000000001, 27.8272]","[0.033125, 0.256875, 0.000625, -0.0025, -0.00125, -0.000625]",0,0,29.5,"[1, 1, 1, 1, 1, 1]",40.34489834126812,42.3601679,-71.0933749,3,-25.435
1774902946.3968563,"[0, 0, 0, 0, 0, 0]","[1291, 1500, 1500, 1500]","[-25.08, 0.0, 0.0, 0.0]","[-0.36162021874999994, 2.52597851953125, 10.221134191406248]",0,4670.48486328125,0,31.1654093170166,"[0.0, -6.9885253894799995, 3.41796874944]","[0, 0, 0]",0,3,0.0,0.0,4.672,0,0,0,4294967.295,3750039.808,0,69518,0,26.02370834350586,32.244712829589844,-0.3958393633365631,0,state.APOGEE,1048,-22,0,-23,-0.06167599931359291,4713,4713,"[10.8, 0.5, 17.0, 10.6, 15.5, 16.5, 0, 0]","[3.646, 3.647, 3.647]",0.262,"[2.9968000000000004, 3.3104, 5.0032000000000005, 7.368, 8.4512, 27.8272]","[0.0325, 0.23, -0.00125, 0.000625, 0.000625, -0.00375]",0,0,29.5,"[1, 1, 1, 1, 1, 1]",40.533518573361256,42.360167499999996,-71.0933749,3,-25.399
1774902946.453362,"[0, 0, 0, 0, 0, 0]","[1291, 1500, 1500, 1500]","[-25.08, 0.0, 0.0, 0.0]","[-0.35855564062499995, 2.5267446640624995, 10.224198769531249]",0,4668.9248046875,0,31.161037368774416,"[0.0, -7.1716308582, 7.87353515496]","[0, 0, 0]",0,3,0.0,0.0,4.669,0,0,0,4294967.295,3750039.808,0,69572,0,26.190086364746094,32.339210510253906,-0.3958393633365631,0,state.APOGEE,1049,-22,0,-23,-0.060575298964977264,4713,4713,"[10.6, 0.5, 15.9, 10.8, 15.9, 16.5, 0, 0]","[3.646, 3.647, 3.647]",0.262,"[2.9968000000000004, 3.3104, 5.0032000000000005, 7.368, 8.4512, 27.8272]","[0.0325, 0.23, -0.00125, 0.000625, 0.000625, -0.00375]",0,0,29.5,"[1, 1, 1, 1, 1, 1]",40.69822879634791,42.360167,-71.0933743,3,-25.372
1774902946.5133634,"[0, 0, 0, 0, 0, 0]","[1291, 1500, 1500, 1500]","[-25.08, 0.0, 0.0, 0.0]","[-0.370813953125, 2.52751080859375, 10.2310940703125]",0,4667.3486328125,0,31.1654093170166,"[0.0, -1.43432617164, 3.78417968688]","[0, 0, 0]",0,3,0.0,0.0,4.667,0,0,0,4294967.295,3750039.808,0,69632,0,26.0203800201416,32.492401123046875,-0.3958393633365631,0,state.APOGEE,1050,-22,0,-23,-0.05947760120034218,4713,4713,"[10.4, 0.5, 15.9, 10.4, 15.5, 17.0, 0, 0]","[3.646, 3.647, 3.647]",0.262,"[2.9984, 3.3088, 5.0032000000000005, 7.3616, 8.4672, 27.8288]","[0.035625000000000004, 0.22187500000000002, -0.004375, -0.003125, -0.000625, 0.0025]",0,0,29.5,"[1, 1, 1, 1, 1, 1]",40.714640516106996,42.360167,-71.0933743,3,-25.372
1774902946.5718791,"[0, 0, 0, 0, 0, 0]","[1291, 1500, 1500, 1500]","[-25.08, 0.0, 0.0, 0.0]","[-0.36162021874999994, 2.52291394140625, 10.219601902343749]",0,4665.75537109375,0,31.147921524047852,"[0.0, 4.24194335868, 20.17211913732]","[0, 0, 0]",0,3,0.0,0.0,4.667,0,0,0,4294967.295,3750039.808,0,69692,0,26.506519317626953,32.585784912109375,-0.3958393633365631,0,state.APOGEE,1051,-22,0,-23,-0.058376964181661606,4713,4713,"[10.6, 0.5, 17.0, 10.6, 16.5, 17.6, 0, 0]","[3.646, 3.647, 3.647]",0.262,"[2.9984, 3.3088, 5.0032000000000005, 7.3616, 8.4672, 27.8288]","[0.035625000000000004, 0.22187500000000002, -0.004375, -0.003125, -0.000625, 0.0025]",0,0,29.5,"[1, 1, 1, 1, 1, 1]",41.06049947813366,42.3601671,-71.093374,3,-25.322
1774902946.63089,"[0, 0, 0, 0, 0, 0]","[1291, 1500, 1500, 1500]","[-25.08, 0.0, 0.0, 0.0]","[-0.36468479687499994, 2.51525249609375, 10.23032792578125]",0,4664.1337890625,0,31.178525161743163,"[0.0, -8.75854492044, -1.0681152342]","[0, 0, 0]",0,3,0.0,0.0,4.664,0,0,0,4294967.295,3750039.808,0,69752,0,26.62945556640625,32.67917251586914,-0.3958393633365631,0,state.APOGEE,1052,-22,0,-23,-0.05729470029473305,4713,4713,"[10.6, 0.5, 15.9, 10.6, 15.5, 17.0, 0, 0]","[3.646, 3.647, 3.647]",0.262,"[2.9936000000000003, 3.3104, 5.0048, 7.364800000000001, 8.457600000000001, 27.8272]","[0.03625, 0.630625, -0.000625, -0.00125, -0.0025, -0.0025]",0,0,29.5,"[1, 1, 1, 1, 1, 1]",41.199372421063366,42.3601671,-71.093374,3,-25.322
1774902946.684991,"[0, 0, 0, 0, 0, 0]","[1291, 1500, 1500, 1500]","[-25.08, 0.0, 0.0, 0.0]","[-0.39762901171875, 2.5129540624999995, 10.238755515624998]",0,4662.77734375,0,31.161037368774416,"[0.0, 5.6457519521999995, 18.52416991884]","[0, 0, 0]",0,3,0.0,0.0,4.664,0,0,0,4294967.295,3750039.808,0,69806,0,26.66282844543457,32.70301818847656,-0.3958393633365631,0,state.APOGEE,1053,-22,0,-23,-0.05638909712433815,4713,4713,"[10.4, 0.5, 15.9, 10.6, 15.5, 16.5, 0, 0]","[3.646, 3.647, 3.647]",0.262,"[2.9936000000000003, 3.3104, 5.0048, 7.364800000000001, 8.457600000000001, 27.8272]","[0.03625, 0.630625, -0.000625, -0.00125, -0.0025, -0.0025]",0,0,29.5,"[1, 1, 1, 1, 1, 1]",41.23595886109152,42.360166899999996,-71.0933723,3,-25.272
1774902946.7450206,"[0, 0, 0, 0, 0, 0]","[1291, 1500, 1500, 1500]","[-25.08, 0.0, 0.0, 0.0]","[-0.36545094140624995, 2.5213816523437496, 10.214238890625]",0,4661.11669921875,0,31.174153213500976,"[0.0, -3.2043457026, -0.51879882804]","[0, 0, 0]",0,3,0.0,0.0,4.661,0,0,0,4294967.295,3750039.808,0,69866,0,26.944543838500977,32.63102340698242,-0.3958393633365631,0,state.APOGEE,1054,-22,0,-23,-0.05531783029437065,4713,4713,"[10.4, 0.5, 17.0, 10.6, 16.5, 16.5, 0, 0]","[3.646, 3.647, 3.647]",0.262,"[2.9952, 3.3120000000000003, 5.0032000000000005, 7.368, 8.4688, 27.8288]","[0.038125, 0.60375, 0.001875, 0.00125, -0.004375, -0.000625]",0,0,29.5,"[1, 1, 1, 1, 1, 1]",41.3454585878708,42.3601667,-71.09337099999999,3,-25.198
1774902946.8060188,"[0, 0, 0, 0, 0, 0]","[1291, 1500, 1500, 1500]","[-25.08, 0.0, 0.0, 0.0]","[-0.38537069921875, 2.5006957499999998, 10.22726334765625]",0,4659.44580078125,0,31.161037368774416,"[0.0, 1.12915039044, -0.70190429676]","[0, 0, 0]",0,3,0.0,0.0,4.661,0,0,0,4294967.295,3750039.808,0,69926,0,26.78097152709961,32.73295211791992,-0.3958393633365631,0,state.APOGEE,1055,-22,0,-23,-0.05425035208463669,4713,4713,"[10.2, 0.5, 15.9, 10.4, 15.0, 16.5, 0, 0]","[3.646, 3.647, 3.647]",0.262,"[2.9952, 3.3120000000000003, 5.0032000000000005, 7.368, 8.4688, 27.8288]","[0.038125, 0.60375, 0.001875, 0.00125, -0.004375, -0.000625]",0,0,29.5,"[1, 1, 1, 1, 1, 1]",41.32560964622438,42.3601667,-71.09337099999999,3,-25.198
1774902946.870539,"[0, 0, 0, 0, 0, 0]","[1291, 1500, 1500, 1500]","[-25.08, 0.0, 0.0, 0.0]","[-0.38230612109375, 2.52444623046875, 10.237989371093748]",0,4657.75439453125,0,31.18289710998535,"[0.0, -1.31225585916, -16.54052734104]","[0, 0, 0]",0,3,0.0,0.0,4.659,0,0,0,4294967.295,3750039.808,0,69986,0,26.628067016601562,32.82450866699219,-0.3958393633365631,0,state.APOGEE,1056,-22,0,-23,-0.05317449942231178,4713,4713,"[10.8, 0.5, 16.5, 10.8, 15.5, 16.5, 0, 0]","[3.646, 3.647, 3.647]",0.262,"[2.9936000000000003, 3.3104, 5.0032000000000005, 7.3632, 8.4672, 27.8304]","[0.03625, 0.600625, 0.00375, 0.0025, -0.004375, 0.000625]",0,0,29.5,"[1, 1, 1, 1, 1, 1]",41.305174969379586,42.3601653,-71.0933719,3,-25.145
1774902946.9205387,"[0, 0, 0, 0, 0, 0]","[1291, 1500, 1500, 1500]","[-25.08, 0.0, 0.0, 0.0]","[-0.35242648437499996, 2.52291394140625, 10.20427901171875]",0,4656.3291015625,0,31.191641006469727,"[0.0, 2.53295898396, -4.02832031184]","[0, 0, 0]",0,3,0.0,0.0,4.656,0,0,0,4294967.295,3750039.808,0,70040,0,26.697900772094727,32.81336212158203,-0.3958393633365631,0,state.APOGEE,1057,-22,0,-23,-0.05228867009282112,4713,4713,"[10.6, 0.5, 16.5, 10.8, 16.5, 17.0, 0, 0]","[3.646, 3.647, 3.647]",0.262,"[2.9936000000000003, 3.3104, 5.0032000000000005, 7.3632, 8.4672, 27.8304]","[0.03625, 0.600625, 0.00375, 0.0025, -0.004375, 0.000625]",0,0,29.5,"[1, 1, 1, 1, 1, 1]",41.336883828467556,42.3601653,-71.0933719,3,-25.145
1774902946.9790678,"[0, 0, 0, 0, 0, 0]","[1291, 1500, 1500, 1500]","[-25.08, 0.0, 0.0, 0.0]","[-0.35549106249999995, 2.5321076757812495, 10.22266648046875]",0,4654.60595703125,0,31.18726905822754,"[0.0, 2.8991699214, -11.291503904399999]","[0, 0, 0]",0,3,0.0,0.0,4.656,0,0,0,4294967.295,3750039.808,0,70100,0,26.63990020751953,32.78837203979492,-0.3958393633365631,0,state.APOGEE,1058,-22,0,-23,-0.05124250054359436,4713,4713,"[10.8, 0.5, 15.9, 10.6, 15.5, 17.0, 0, 0]","[3.646, 3.647, 3.647]",0.262,"[2.9952, 3.3120000000000003, 5.0016, 7.3632, 8.4464, 27.820800000000002]","[0.03375, 0.22875, 0.0025, -0.00375, -0.003125, 0.000625]",0,0,29.5,"[1, 1, 1, 1, 1, 1]",41.285411432013284,42.360163899999996,-71.0933742,3,-25.081
1774902947.0395923,"[0, 0, 0, 0, 0, 0]","[1291, 1500, 1500, 1500]","[-25.08, 0.0, 0.0, 0.0]","[-0.367749375, 2.5198493632812498, 10.233392503906249]",0,4652.857421875,0,31.1654093170166,"[0.0, 0.51879882804, 2.65502929644]","[0, 0, 0]",0,3,0.0,0.0,4.653,0,0,0,4294967.295,3750039.808,0,70160,0,26.508655548095703,32.75728225708008,-0.3958393633365631,0,state.APOGEE,1059,-22,0,-23,-0.050208620727062225,4713,4713,"[11.1, 0.5, 17.0, 10.6, 15.5, 16.5, 0, 0]","[3.646, 3.647, 3.647]",0.262,"[2.9952, 3.3120000000000003, 5.0016, 7.3632, 8.4464, 27.820800000000002]","[0.03375, 0.22875, 0.0025, -0.00375, -0.003125, 0.000625]",0,0,29.5,"[1, 1, 1, 1, 1, 1]",41.18768421443846,42.360163899999996,-71.0933742,3,-25.081
1774902947.1035955,"[0, 0, 0, 0, 0, 0]","[1291, 1500, 1500, 1500]","[-25.08, 0.0, 0.0, 0.0]","[-0.3662170859375, 2.5198493632812498, 10.23645708203125]",0,4651.099609375,0,31.1654093170166,"[0.0, -2.83813476516, -8.33129882676]","[0, 0, 0]",0,3,0.0,0.0,4.653,0,0,0,4294967.295,3750039.808,0,70220,0,26.642547607421875,32.769508361816406,-0.3958393633365631,0,state.APOGEE,1060,-22,0,-23,-0.049184650182724,4713,4713,"[10.6, 0.5, 17.0, 10.6, 15.5, 17.0, 0, 0]","[3.646, 3.647, 3.647]",0.262,"[2.9968000000000004, 3.3104, 5.0048, 7.3616, 8.4464, 27.8272]","[0.03625, 0.173125, -0.00125, -0.00125, -0.004375, -0.001875]",0,0,29.5,"[1, 1, 1, 1, 1, 1]",41.273087540619606,42.360164,-71.0933723,3,-25.041
1774902947.153956,"[0, 0, 0, 0, 0, 0]","[1291, 1500, 1500, 1500]","[-25.08, 0.0, 0.0, 0.0]","[-0.37311238671874997, 2.5206155078125, 10.23645708203125]",0,4649.31982421875,0,31.178525161743163,"[0.0, 1.92260742156, 5.6457519521999995]","[0, 0, 0]",0,3,0.0,0.0,4.65,0,0,0,4294967.295,3750039.808,0,70274,0,26.607566833496094,32.71940231323242,-0.3958393633365631,0,state.APOGEE,1061,-22,0,-23,-0.048159629106521606,4713,4713,"[10.8, 0.5, 16.5, 10.6, 16.5, 17.0, 0, 0]","[3.646, 3.647, 3.647]",0.262,"[2.9952, 3.3120000000000003, 5.0016, 7.3632, 8.4528, 27.8304]","[0.03, 0.248125, 0.00125, -0.001875, -0.00125, -0.000625]",0,0,29.5,"[1, 1, 1, 1, 1, 1]",41.216338122424986,42.3601642,-71.093372,3,-24.975
1774902947.2124732,"[0, 0, 0, 0, 0, 0]","[1291, 1500, 1500, 1500]","[-25.08, 0.0, 0.0, 0.0]","[-0.3539587734375, 2.5183170742187495, 10.220368046875]",0,4647.52587890625,0,31.18289710998535,"[0.0, -4.97436523356, -14.28222656016]","[0, 0, 0]",0,3,0.0,0.0,4.647,0,0,0,4294967.295,3750039.808,0,70334,0,26.28318977355957,32.85185241699219,-0.3958393633365631,0,state.APOGEE,1062,-22,0,-23,-0.04713418707251549,4713,4713,"[10.8, 0.5, 16.5, 10.8, 15.9, 17.0, 0, 0]","[3.646, 3.647, 3.647]",0.262,"[2.9952, 3.3120000000000003, 5.0016, 7.3632, 8.4528, 27.8304]","[0.03, 0.248125, 0.00125, -0.001875, -0.00125, -0.000625]",0,0,29.5,"[1, 1, 1, 1, 1, 1]",41.12940477290288,42.3601642,-71.093372,3,-24.975
1774902947.2729964,"[0, 0, 0, 0, 0, 0]","[1291, 1500, 1500, 1500]","[-25.08, 0.0, 0.0, 0.0]","[-0.35778949609375, 2.5022280390624996, 10.2249649140625]",0,4645.71728515625,0,31.169781265258788,"[0.0, -1.80053710908, -0.3051757812]","[0, 0, 0]",0,3,0.0,0.0,4.647,0,0,0,4294967.295,3750039.808,0,70394,0,26.1568603515625,32.82683181762695,-0.3958393633365631,0,state.APOGEE,1063,-22,0,-23,-0.04613208770751953,4713,4713,"[10.2, 0.5, 17.0, 10.6, 15.5, 17.0, 0, 0]","[3.646, 3.647, 3.647]",0.262,"[2.9968000000000004, 3.3136, 5.0048, 7.364800000000001, 8.4512, 27.8272]","[0.02875, 0.24375, -0.000625, -0.00625, -0.001875, -0.0025]",0,0,29.5,"[1, 1, 1, 1, 1, 1]",41.039523366012325,42.3601635,-71.0933718,3,-24.943
1774902947.3360388,"[0, 0, 0, 0, 0, 0]","[1291, 1500, 1500, 1500]","[-25.08, 0.0, 0.0, 0.0]","[-0.3600879296875, 2.51525249609375, 10.226497203124998]",0,4643.8857421875,0,31.191641006469727,"[0.0, -0.4577636718, -14.06860351332]","[0, 0, 0]",0,3,0.0,0.0,4.644,0,0,0,4294967.295,3750039.808,0,70454,0,26.10009765625,32.72978210449219,-0.3958393633365631,0,state.APOGEE,1064,-22,0,-23,-0.04515000060200691,4713,4713,"[10.6, 0.5, 15.9, 10.4, 15.9, 16.5, 0, 0]","[3.646, 3.647, 3.647]",0.262,"[2.9968000000000004, 3.3136, 5.0048, 7.364800000000001, 8.4512, 27.8272]","[0.02875, 0.24375, -0.000625, -0.00625, -0.001875, -0.0025]",0,0,29.5,"[1, 1, 1, 1, 1, 1]",40.93555917404778,42.3601635,-71.0933718,3,-24.943
1774902947.3885536,"[0, 0, 0, 0, 0, 0]","[1291, 1500, 1500, 1500]","[-25.08, 0.0, 0.0, 0.0]","[-0.36238636328125, 2.53057538671875, 10.209642023437498]",0,4642.35546875,0,31.161037368774416,"[0.0, 1.6784667966, -0.88500976548]","[0, 0, 0]",0,3,0.0,0.0,4.644,0,0,0,4294967.295,3750039.808,0,70508,0,26.419607162475586,32.55241012573242,-0.3958393633365631,0,state.APOGEE,1065,-22,0,-23,-0.044330500066280365,4713,4713,"[10.6, 0.5, 16.5, 10.4, 15.5, 17.6, 0, 0]","[3.646, 3.647, 3.647]",0.262,"[2.9952, 3.3136, 5.0016, 7.3616, 8.4352, 27.8272]","[0.033125, 0.59125, 0.0025, 0.000625, -0.0075, -0.0025]",0,0,29.5,"[1, 1, 1, 1, 1, 1]",40.98626808345178,42.360163199999995,-71.09337119999999,3,-24.911
1774902947.4470904,"[0, 0, 0, 0, 0, 0]","[1291, 1500, 1500, 1500]","[-25.08, 0.0, 0.0, 0.0]","[-0.36238636328125, 2.52291394140625, 10.22266648046875]",0,4640.49560546875,0,31.18289710998535,"[0.0, 1.31225585916, -8.6975097642]","[0, 0, 0]",0,3,0.0,0.0,4.641,0,0,0,4294967.295,3750039.808,0,70568,0,26.15103530883789,32.49199676513672,-0.3958393633365631,0,state.APOGEE,1066,-22,0,-23,-0.043366700410842896,4713,4713,"[10.4, 0.5, 16.5, 10.2, 16.5, 17.0, 0, 0]","[3.646, 3.647, 3.647]",0.262,"[2.9952, 3.3136, 5.0016, 7.3616, 8.4352, 27.8272]","[0.033125, 0.59125, 0.0025, 0.000625, -0.0075, -0.0025]",0,0,29.5,"[1, 1, 1, 1, 1, 1]",40.7885747758117,42.3601631,-71.0933708,3,-24.857
1774902947.5080988,"[0, 0, 0, 0, 0, 0]","[1291, 1500, 1500, 1500]","[-25.08, 0.0, 0.0, 0.0]","[-0.3662170859375, 2.5006957499999998, 10.221900335937498]",0,4638.626953125,0,31.178525161743163,"[0.0, 10.58959960764, 20.72143554348]","[0, 0, 0]",0,3,0.0,0.0,4.638,0,0,0,4294967.295,3750039.808,0,70628,0,26.5141658782959,32.50239181518555,-0.3958393633365631,0,state.APOGEE,1067,-22,0,-23,-0.04240979999303818,4713,4713,"[10.6, 0.5, 16.5, 10.6, 17.0, 15.9, 0, 0]","[3.646, 3.647, 3.647]",0.262,"[2.9968000000000004, 3.3136, 5.0048, 7.3632, 8.441600000000001, 27.8256]","[0.035, 0.624375, 0.005625, 0.0, -0.008125, -0.0025]",0,0,29.5,"[1, 1, 1, 1, 1, 1]",41.00373170026592,42.3601631,-71.0933708,3,-24.857
1774902947.5716095,"[0, 0, 0, 0, 0, 0]","[1291, 1500, 1500, 1500]","[-25.08, 0.0, 0.0, 0.0]","[-0.36391865234375, 2.53134153125, 10.22726334765625]",0,4636.74169921875,0,31.147921524047852,"[0.0, -5.6457519521999995, 5.09643554604]","[0, 0, 0]",0,3,0.0,0.0,4.638,0,0,0,4294967.295,3750039.808,0,70688,0,26.64508056640625,32.60064697265625,-0.3958393633365631,0,state.APOGEE,1068,-22,0,-23,-0.041466597467660904,4713,4713,"[10.4, 0.5, 15.9, 10.6, 15.5, 15.9, 0, 0]","[3.646, 3.647, 3.647]",0.262,"[2.9968000000000004, 3.3136, 5.0048, 7.3632, 8.441600000000001, 27.8256]","[0.035, 0.624375, 0.005625, 0.0, -0.008125, -0.0025]",0,0,29.5,"[1, 1, 1, 1, 1, 1]",41.15082916876856,42.3601619,-71.0933749,3,-24.527
1774902947.6206102,"[0, 0, 0, 0, 0, 0]","[1291, 1500, 1500, 1500]","[-25.08, 0.0, 0.0, 0.0]","[-0.37311238671874997, 2.51678478515625, 10.22573105859375]",0,4634.84033203125,0,31.178525161743163,"[0.0, -1.86157226532, 8.2397460924]","[0, 0, 0]",0,3,0.0,0.0,4.635,0,0,0,4294967.295,3750039.808,0,70742,0,26.558395385742188,32.65745162963867,-0.3958393633365631,0,state.APOGEE,1069,-22,0,-23,-0.04054165259003639,4713,4713,"[10.4, 0.5, 16.5, 10.4, 15.5, 18.2, 0, 0]","[3.646, 3.647, 3.647]",0.262,"[2.9968000000000004, 3.3136, 5.0032000000000005, 7.368, 8.4512, 27.8304]","[0.035, 0.565625, 0.000625, 0.0025, -0.00625, -0.0025]",0,0,29.5,"[1, 1, 1, 1, 1, 1]",41.14276856696638,42.3601619,-71.0933749,3,-24.527
1774902947.6801412,"[0, 0, 0, 0, 0, 0]","[1291, 1500, 1500, 1500]","[-25.08, 0.0, 0.0, 0.0]","[-0.3723462421875, 2.4938004492187495, 10.202746722656249]",0,4632.93115234375,0,31.18289710998535,"[0.0, -2.04467773404, 11.779785154319999]","[0, 0, 0]",0,3,0.0,0.0,4.635,0,0,0,4294967.295,3750039.808,0,70802,0,26.555021286010742,32.847286224365234,-0.3958393633365631,0,state.APOGEE,1070,-22,0,-23,-0.03961560130119324,4713,4713,"[10.4, 0.5, 15.5, 10.4, 16.5, 17.0, 0, 0]","[3.646, 3.647, 3.647]",0.262,"[2.9968000000000004, 3.3136, 5.0032000000000005, 7.368, 8.4512, 27.8304]","[0.035, 0.565625, 0.000625, 0.0025, -0.00625, -0.0025]",0,0,29.5,"[1, 1, 1, 1, 1, 1]",41.28027932457344,42.3601612,-71.0933762,3,-24.467
1774902947.7401829,"[0, 0, 0, 0, 0, 0]","[1291, 1500, 1500, 1500]","[-25.08, 0.0, 0.0, 0.0]","[-0.36315250781249997, 2.528276953125, 10.2249649140625]",0,4631.0,0,31.18726905822754,"[0.0, 6.2561035145999995, 3.23486328072]","[0, 0, 0]",0,3,0.0,0.0,4.631,0,0,0,4294967.295,3750039.808,0,70862,0,26.30722999572754,32.75087356567383,-0.3958393633365631,0,state.APOGEE,1071,-22,0,-23,-0.03871560096740723,4713,4713,"[10.6, 0.5, 16.5, 10.6, 16.5, 16.5, 0, 0]","[3.646, 3.647, 3.647]",0.262,"[2.9952, 3.3104, 5.0016, 7.3616, 8.4704, 27.824]","[0.03625, 0.2325, -0.001875, -0.001875, 0.001875, -0.001875]",0,0,29.5,"[1, 1, 1, 1, 1, 1]",41.06841706583948,42.3601612,-71.0933762,3,-24.467
1774902947.8031871,"[0, 0, 0, 0, 0, 0]","[1291, 1500, 1500, 1500]","[-25.08, 0.0, 0.0, 0.0]","[-0.3692816640625, 2.5206155078125, 10.245650816406249]",0,4629.060546875,0,31.191641006469727,"[0.0, -6.7443847645199995, -10.559082029519999]","[0, 0, 0]",0,3,0.0,0.0,4.631,0,0,0,4294967.295,3750039.808,0,70922,0,26.18297576904297,32.699039459228516,-0.3958393633365631,0,state.APOGEE,1072,-22,0,-23,-0.037834346294403076,4713,4713,"[10.6, 0.5, 17.6, 10.2, 16.5, 17.0, 0, 0]","[3.646, 3.647, 3.647]",0.262,"[2.9968000000000004, 3.3136, 5.0032000000000005, 7.3632, 8.448, 27.8304]","[0.031875, 0.20750000000000002, -0.0025, -0.00125, -0.005, -0.004375]",0,0,29.5,"[1, 1, 1, 1, 1, 1]",40.95967945475652,42.3601598,-71.0933774,3,-24.434
1774902947.8557005,"[0, 0, 0, 0, 0, 0]","[1291, 1500, 1500, 1500]","[-25.08, 0.0, 0.0, 0.0]","[-0.36085407421875, 2.5198493632812498, 10.221134191406248]",0,4627.431640625,0,31.18726905822754,"[0.0, 13.15307616972, 6.3781738270799995]","[0, 0, 0]",0,3,0.0,0.0,4.628,0,0,0,4294967.295,3750039.808,0,70976,0,26.503826141357422,32.78710174560547,-0.3958393633365631,0,state.APOGEE,1073,-22,0,-23,-0.03709160163998604,4713,4713,"[10.6, 0.5, 16.5, 10.6, 15.5, 16.5, 0, 0]","[3.646, 3.647, 3.647]",0.262,"[2.9968000000000004, 3.3136, 5.0032000000000005, 7.3632, 8.448, 27.8304]","[0.031875, 0.20750000000000002, -0.0025, -0.00125, -0.005, -0.004375]",0,0,29.5,"[1, 1, 1, 1, 1, 1]",41.20686324719564,42.360158899999995,-71.0933785,3,-24.405
1774902947.919703,"[0, 0, 0, 0, 0, 0]","[1291, 1500, 1500, 1500]","[-25.08, 0.0, 0.0, 0.0]","[-0.3478296171875, 2.5252123749999997, 10.206577445312499]",0,4625.46630859375,0,31.156665420532228,"[0.0, -2.41088867148, -8.14819335804]","[0, 0, 0]",0,3,0.0,0.0,4.625,0,0,0,4294967.295,3750039.808,0,71036,0,26.2258243560791,32.8640251159668,-0.3958393633365631,0,state.APOGEE,1074,-22,0,-23,-0.03622167557477951,4713,4713,"[10.4, 0.5, 17.0, 10.6, 15.9, 15.9, 0, 0]","[3.646, 3.647, 3.647]",0.262,"[2.9952, 3.3120000000000003, 5.0032000000000005, 7.3632, 8.427200000000001, 27.8288]","[0.034375, 0.24375, -0.005625, -0.0025, -0.0025, -0.004375]",0,0,29.5,"[1, 1, 1, 1, 1, 1]",41.10599669791332,42.360158899999995,-71.0933785,3,-24.405
1774902947.9790158,"[0, 0, 0, 0, 0, 0]","[1291, 1500, 1500, 1500]","[-25.08, 0.0, 0.0, 0.0]","[-0.35778949609375, 2.52597851953125, 10.20427901171875]",0,4623.4912109375,0,31.18726905822754,"[0.0, -6.9885253894799995, -1.58691406224]","[0, 0, 0]",0,3,0.0,0.0,4.625,0,0,0,4294967.295,3750039.808,0,71096,0,26.411054611206055,32.9732666015625,-0.3958393633365631,0,state.APOGEE,1075,-22,0,-23,-0.03537030145525932,4713,4713,"[10.6, 0.5, 15.9, 10.8, 15.9, 17.0, 0, 0]","[3.646, 3.647, 3.647]",0.262,"[2.9952, 3.3120000000000003, 5.0032000000000005, 7.3632, 8.427200000000001, 27.8288]","[0.034375, 0.24375, -0.005625, -0.0025, -0.0025, -0.004375]",0,0,29.5,"[1, 1, 1, 1, 1, 1]",41.29144737099171,42.360157799999996,-71.0933802,3,-24.367
1774902948.0380197,"[0, 0, 0, 0, 0, 0]","[1291, 1500, 1500, 1500]","[-25.08, 0.0, 0.0, 0.0]","[-0.37617696484374996, 2.497631171875, 10.241053949218749]",0,4621.49951171875,0,31.18726905822754,"[0.0, -1.0681152342, 6.95800781136]","[0, 0, 0]",0,3,0.0,0.0,4.622,0,0,0,4294967.295,3750040.064,0,71156,0,26.692712783813477,32.77980041503906,-0.3958393633365631,0,state.APOGEE,1076,-22,0,-23,-0.03453104570508003,4713,4713,"[10.6, 0.5, 16.5, 10.6, 15.9, 17.6, 0, 0]","[3.646, 3.647, 3.647]",0.262,"[2.9952, 3.3104, 5.0016, 7.3632, 8.4464, 27.8288]","[0.03, 0.2425, -0.00125, -0.0025, -0.0025, -0.000625]",0,0,29.5,"[1, 1, 1, 1, 1, 1]",41.3093201705353,42.360157799999996,-71.0933802,3,-24.367
1774902948.089319,"[0, 0, 0, 0, 0, 0]","[1291, 1500, 1500, 1500]","[-25.08, 0.0, 0.0, 0.0]","[-0.38077383203125, 2.5298092421875, 10.21347274609375]",0,4619.83642578125,0,31.196012954711914,"[0.0, -1.6784667966, 9.36889648284]","[0, 0, 0]",0,3,0.0,0.0,4.622,0,0,0,4294967.295,3750040.064,0,71210,0,26.727550506591797,32.631195068359375,-0.3958393633365631,0,state.APOGEE,1077,-22,0,-23,-0.033841103315353394,4713,4713,"[10.6, 0.5, 17.6, 10.6, 17.0, 16.5, 0, 0]","[3.646, 3.647, 3.647]",0.262,"[2.9952, 3.3104, 5.0016, 7.3632, 8.4464, 27.8288]","[0.03, 0.2425, -0.00125, -0.0025, -0.0025, -0.000625]",0,0,29.5,"[1, 1, 1, 1, 1, 1]",41.22054593867819,42.3601573,-71.093381,3,-24.323
1774902948.1500702,"[0, 0, 0, 0, 0, 0]","[1291, 1500, 1500, 1500]","[-25.08, 0.0, 0.0, 0.0]","[-0.3570233515625, 2.50146189453125, 10.228795636718749]",0,4617.8212890625,0,31.20475685119629,"[0.0, -11.87133788868, -3.11279296824]","[0, 0, 0]",0,3,0.0,0.0,4.619,0,0,0,4294967.295,3750040.064,0,71270,0,26.761377334594727,32.770362854003906,-0.3958393633365631,0,state.APOGEE,1078,-22,0,-23,-0.03303230181336403,4713,4713,"[10.6, 0.5, 16.5, 10.4, 17.0, 17.0, 0, 0]","[3.646, 3.647, 3.647]",0.262,"[2.9952, 3.3136, 5.0048, 7.3696, 8.4448, 27.8272]","[0.038125, 0.51, -0.0025, -0.00125, -0.005, -0.0075]",0,0,29.5,"[1, 1, 1, 1, 1, 1]",41.34173078000403,42.3601576,-71.0933805,3,-24.278
1774902948.2106571,"[0, 0, 0, 0, 0, 0]","[1291, 1500, 1500, 1500]","[-25.08, 0.0, 0.0, 0.0]","[-0.35472491796875, 2.50912333984375, 10.23492479296875]",0,4615.7998046875,0,31.174153213500976,"[0.0, -9.3078613266, 6.0119628896399995]","[0, 0, 0]",0,3,0.0,0.0,4.615,0,0,0,4294967.295,3750040.064,0,71330,0,26.739099502563477,32.9296875,-0.3958393633365631,0,state.APOGEE,1079,-22,0,-23,-0.032228074967861176,4713,4713,"[10.6, 0.5, 16.5, 10.4, 15.9, 17.0, 0, 0]","[3.646, 3.647, 3.647]",0.262,"[2.9952, 3.3136, 5.0048, 7.3696, 8.4448, 27.8272]","[0.038125, 0.51, -0.0025, -0.00125, -0.005, -0.0075]",0,0,29.5,"[1, 1, 1, 1, 1, 1]",41.44570540142717,42.3601576,-71.0933805,3,-24.278
1774902948.2695045,"[0, 0, 0, 0, 0, 0]","[1291, 1500, 1500, 1500]","[-25.08, 0.0, 0.0, 0.0]","[-0.37924154296875, 2.5129540624999995, 10.214238890625]",0,4613.76611328125,0,31.191641006469727,"[0.0, -3.63159179628, 1.73950195284]","[0, 0, 0]",0,3,0.0,0.0,4.615,0,0,0,4294967.295,3750040.064,0,71390,0,26.80960464477539,33.04444122314453,-0.3958393633365631,0,state.APOGEE,1080,-22,0,-23,-0.03144265338778496,4713,4713,"[10.6, 0.5, 16.5, 10.4, 15.5, 15.9, 0, 0]","[3.646, 3.647, 3.647]",0.262,"[2.9936000000000003, 3.3104, 5.0064, 7.368, 8.425600000000001, 27.8256]","[0.031875, 0.62375, 0.003125, 0.00125, -0.0025, -0.00125]",0,0,29.5,"[1, 1, 1, 1, 1, 1]",41.57007129811252,42.3601573,-71.09337889999999,3,-24.246
1774902948.3225036,"[0, 0, 0, 0, 0, 0]","[1291, 1500, 1500, 1500]","[-25.08, 0.0, 0.0, 0.0]","[-0.35472491796875, 2.5267446640624995, 10.231860214843751]",0,4611.72021484375,0,31.209128799438478,"[0.0, 6.6223144520399995, -4.39453124928]","[0, 0, 0]",0,3,0.0,0.0,4.612,0,0,0,4294967.295,3750040.064,0,71444,0,26.761653900146484,32.840721130371094,-0.3958393633365631,0,state.APOGEE,1081,-22,0,-23,-0.030675901100039482,4713,4713,"[10.6, 0.5, 16.5, 10.6, 15.9, 15.9, 0, 0]","[3.646, 3.647, 3.647]",0.262,"[2.9936000000000003, 3.3104, 5.0064, 7.368, 8.425600000000001, 27.8256]","[0.031875, 0.62375, 0.003125, 0.00125, -0.0025, -0.00125]",0,0,29.5,"[1, 1, 1, 1, 1, 1]",41.39339016700729,42.3601573,-71.09337889999999,3,-24.246
1774902948.386873,"[0, 0, 0, 0, 0, 0]","[1291, 1500, 1500, 1500]","[-25.08, 0.0, 0.0, 0.0]","[-0.37004780859374997, 2.49992960546875, 10.221900335937498]",0,4609.66845703125,0,31.196012954711914,"[0.0, -8.14819335804, -23.62060546488]","[0, 0, 0]",0,3,0.0,0.0,4.612,0,0,0,4294967.295,3750040.064,0,71504,0,26.863264083862305,32.71072006225586,-0.3958393633365631,0,state.APOGEE,1082,-22,0,-23,-0.029913699254393578,4713,4713,"[10.8, 0.5, 17.0, 10.6, 15.9, 17.0, 0, 0]","[3.646, 3.647, 3.647]",0.262,"[2.9952, 3.3120000000000003, 5.0032000000000005, 7.3632, 8.4544, 27.8288]","[0.036875, 0.609375, 0.00625, 0.00125, 0.0025, -0.00125]",0,0,29.5,"[1, 1, 1, 1, 1, 1]",41.35666707891397,42.3601568,-71.0933775,3,-24.212
1774902948.4423916,"[0, 0, 0, 0, 0, 0]","[1291, 1500, 1500, 1500]","[-25.08, 0.0, 0.0, 0.0]","[-0.3478296171875, 2.52751080859375, 10.2310940703125]",0,4607.60009765625,0,31.191641006469727,"[0.0, -5.4016113272399995, -3.6621093744]","[0, 0, 0]",0,3,0.0,0.0,4.608,0,0,0,4294967.295,3750040.064,0,71564,0,27.001543045043945,32.79132843017578,-0.3958393633365631,0,state.APOGEE,1083,-22,0,-23,-0.0291748009622097,4713,4713,"[10.6, 0.5, 17.0, 10.8, 15.9, 16.5, 0, 0]","[3.646, 3.647, 3.647]",0.262,"[2.9952, 3.3120000000000003, 5.0032000000000005, 7.3632, 8.4544, 27.8288]","[0.036875, 0.609375, 0.00625, 0.00125, 0.0025, -0.00125]",0,0,29.5,"[1, 1, 1, 1, 1, 1]",41.49503905051694,42.3601568,-71.0933775,3,-24.212
1774902948.5043907,"[0, 0, 0, 0, 0, 0]","[1291, 1500, 1500, 1500]","[-25.08, 0.0, 0.0, 0.0]","[-0.38307226562499996, 2.5298092421875, 10.2617398515625]",0,4605.52587890625,0,31.196012954711914,"[0.0, -12.6647949198, 4.8828124992]","[0, 0, 0]",0,3,0.0,0.0,4.608,0,0,0,4294967.295,3750040.064,0,71624,0,26.79161834716797,32.96650314331055,-0.3958393633365631,0,state.APOGEE,1084,-22,0,-23,-0.028446445241570473,4713,4713,"[10.8, 0.5, 17.0, 10.6, 17.0, 15.9, 0, 0]","[3.646, 3.647, 3.647]",0.262,"[2.9952, 3.3120000000000003, 5.0016, 7.368, 8.448, 27.8256]","[0.031875, 0.234375, 0.000625, 0.00125, -0.000625, -0.005625]",0,0,29.5,"[1, 1, 1, 1, 1, 1]",41.50266775388275,42.3601558,-71.09337839999999,3,-24.164
1774902948.556907,"[0, 0, 0, 0, 0, 0]","[1291, 1500, 1500, 1500]","[-25.08, 0.0, 0.0, 0.0]","[-0.38000768749999997, 2.52444623046875, 10.23645708203125]",0,4603.78857421875,0,31.20475685119629,"[0.0, 5.0354003897999995, 9.918212889]","[0, 0, 0]",0,3,0.0,0.0,4.605,0,0,0,4294967.295,3750040.064,0,71678,0,26.860271453857422,32.89867401123047,-0.3958393633365631,0,state.APOGEE,1085,-22,0,-23,-0.02784988470375538,4713,4713,"[10.4, 0.5, 16.5, 10.2, 15.0, 15.9, 0, 0]","[3.646, 3.647, 3.647]",0.262,"[2.9952, 3.3120000000000003, 5.0016, 7.368, 8.448, 27.8256]","[0.031875, 0.234375, 0.000625, 0.00125, -0.000625, -0.005625]",0,0,29.5,"[1, 1, 1, 1, 1, 1]",41.49224870380119,42.3601549,-71.09337909999999,3,-24.093
1774902948.6209095,"[0, 0, 0, 0, 0, 0]","[1291, 1500, 1500, 1500]","[-25.08, 0.0, 0.0, 0.0]","[-0.35625720703125, 2.5052926171875, 10.21806961328125]",0,4601.69580078125,0,31.18726905822754,"[0.0, -9.918212889, 5.85937499904]","[0, 0, 0]",0,3,0.0,0.0,4.602,0,0,0,4294967.295,3750040.064,0,71738,0,26.756486892700195,32.88525390625,-0.3958393633365631,0,state.APOGEE,1086,-22,0,-23,-0.02714008465409279,4713,4713,"[10.6, 0.5, 16.5, 10.4, 15.9, 17.0, 0, 0]","[3.646, 3.647, 3.647]",0.262,"[2.9968000000000004, 3.3120000000000003, 5.0032000000000005, 7.36, 8.4528, 27.8272]","[0.03375, 0.251875, -0.000625, -0.00375, -0.004375, -0.004375]",0,0,29.5,"[1, 1, 1, 1, 1, 1]",41.423058068926096,42.3601549,-71.09337909999999,3,-24.093
1774902948.6765943,"[0, 0, 0, 0, 0, 0]","[1291, 1500, 1500, 1500]","[-25.08, 0.0, 0.0, 0.0]","[-0.3570233515625, 2.50682490625, 10.210408167968751]",0,4599.59423828125,0,31.230988540649413,"[0.0, 5.21850585852, 13.09204101348]","[0, 0, 0]",0,3,0.0,0.0,4.602,0,0,0,4294967.295,3750040.064,0,71798,0,26.963088989257812,32.86997985839844,-0.3958393633365631,0,state.APOGEE,1087,-22,0,-23,-0.0264473557472229,4713,4713,"[10.6, 0.5, 17.0, 10.6, 15.9, 17.0, 0, 0]","[3.646, 3.647, 3.647]",0.262,"[2.9952, 3.3120000000000003, 5.0016, 7.3664000000000005, 8.443200000000001, 27.8288]","[0.035625000000000004, 0.216875, -0.001875, -0.0025, -0.001875, -0.00125]",0,0,29.5,"[1, 1, 1, 1, 1, 1]",41.530253079462184,42.3601537,-71.0933776,3,-24.037
1774902948.7371166,"[0, 0, 0, 0, 0, 0]","[1291, 1500, 1500, 1500]","[-25.08, 0.0, 0.0, 0.0]","[-0.37770925390624993, 2.5045264726562495, 10.216537324218748]",0,4597.4794921875,0,31.21787269592285,"[0.0, -2.41088867148, -7.9345703112]","[0, 0, 0]",0,3,0.0,0.0,4.598,0,0,0,4294967.295,3750040.064,0,71858,0,26.855663299560547,32.948097229003906,-0.3958393633365631,0,state.APOGEE,1088,-22,0,-23,-0.02577352337539196,4713,4713,"[10.8, 0.5, 17.0, 10.6, 15.5, 16.5, 0, 0]","[3.646, 3.647, 3.647]",0.262,"[2.9952, 3.3120000000000003, 5.0016, 7.3664000000000005, 8.443200000000001, 27.8288]","[0.035625000000000004, 0.216875, -0.001875, -0.0025, -0.001875, -0.00125]",0,0,29.5,"[1, 1, 1, 1, 1, 1]",41.525772033211595,42.3601537,-71.0933776,3,-24.037
1774902948.7906284,"[0, 0, 0, 0, 0, 0]","[1291, 1500, 1500, 1500]","[-25.08, 0.0, 0.0, 0.0]","[-0.38537069921875, 2.51218791796875, 10.208109734375]",0,4595.359375,0,31.196012954711914,"[0.0, -2.04467773404, 5.6457519521999995]","[0, 0, 0]",0,3,0.0,0.0,4.598,0,0,0,4294967.295,3750040.064,0,71912,0,27.084938049316406,32.903778076171875,-0.3958393633365631,0,state.APOGEE,1089,-22,0,-23,-0.025109799578785896,4713,4713,"[10.6, 0.5, 17.0, 10.8, 15.9, 16.5, 0, 0]","[3.646, 3.647, 3.647]",0.262,"[2.9952, 3.3120000000000003, 5.0064, 7.3632, 8.4352, 27.8272]","[0.033125, 0.27625, -0.00125, 0.0025, -0.003125, 0.000625]",0,0,29.5,"[1, 1, 1, 1, 1, 1]",41.624943159689145,42.3601534,-71.093379,3,-23.994
1774902948.8557663,"[0, 0, 0, 0, 0, 0]","[1291, 1500, 1500, 1500]","[-25.08, 0.0, 0.0, 0.0]","[-0.3754108203125, 2.534406109375, 10.228029492187499]",0,4593.22900390625,0,31.200384902954102,"[0.0, -2.83813476516, 3.02124023388]","[0, 0, 0]",0,3,0.0,0.0,4.594,0,0,0,4294967.295,3750040.064,0,71972,0,27.26953887939453,33.0655517578125,-0.3958393633365631,0,state.APOGEE,1090,-22,0,-23,-0.024462299421429634,4713,4713,"[10.6, 0.5, 16.5, 10.6, 15.9, 16.5, 0, 0]","[3.646, 3.647, 3.647]",0.262,"[2.9952, 3.3120000000000003, 5.0064, 7.3632, 8.4352, 27.8272]","[0.033125, 0.27625, -0.00125, 0.0025, -0.003125, 0.000625]",0,0,29.5,"[1, 1, 1, 1, 1, 1]",41.84887455738881,42.3601525,-71.0933798,3,-23.974
1774902948.9137642,"[0, 0, 0, 0, 0, 0]","[1291, 1500, 1500, 1500]","[-25.08, 0.0, 0.0, 0.0]","[-0.36545094140624995, 2.53134153125, 10.216537324218748]",0,4591.091796875,0,31.196012954711914,"[0.0, 4.48608398364, 7.87353515496]","[0, 0, 0]",0,3,0.0,0.0,4.591,0,0,0,4294967.295,3750040.064,0,72032,0,27.34827995300293,33.1162109375,-0.3958393633365631,0,state.APOGEE,1091,-22,0,-23,-0.023821035400032997,4713,4713,"[10.4, 0.5, 16.5, 10.8, 15.9, 17.6, 0, 0]","[3.646, 3.647, 3.647]",0.262,"[2.9968000000000004, 3.3120000000000003, 5.0032000000000005, 7.3584000000000005, 8.4448, 27.8288]","[0.035625000000000004, 0.631875, 0.000625, 0.00125, 0.00125, -0.00125]",0,0,29.5,"[1, 1, 1, 1, 1, 1]",41.93100968166991,42.3601525,-71.0933798,3,-23.974
1774902948.9712813,"[0, 0, 0, 0, 0, 0]","[1291, 1500, 1500, 1500]","[-25.08, 0.0, 0.0, 0.0]","[-0.3600879296875, 2.52291394140625, 10.2969825]",0,4588.9482421875,0,31.21787269592285,"[0.0, -0.09155273436, -4.97436523356]","[0, 0, 0]",0,3,0.0,0.0,4.591,0,0,0,4294967.295,3750040.064,0,72092,0,27.321733474731445,33.40430450439453,-0.3958393633365631,0,state.APOGEE,1092,-22,0,-23,-0.023202721029520035,4713,4713,"[10.4, 0.5, 17.0, 10.6, 16.5, 16.5, 0, 0]","[3.646, 3.647, 3.647]",0.262,"[2.9968000000000004, 3.3120000000000003, 5.0032000000000005, 7.3584000000000005, 8.4448, 27.8288]","[0.035625000000000004, 0.631875, 0.000625, 0.00125, 0.00125, -0.00125]",0,0,29.5,"[1, 1, 1, 1, 1, 1]",42.12543434068759,42.360152,-71.0933807,3,-23.949
1774902949.0282855,"[0, 0, 0, 0, 0, 0]","[1291, 1500, 1500, 1500]","[-25.08, 0.0, 0.0, 0.0]","[-0.35242648437499996, 2.4853728593749995, 10.091655765625]",0,4587.15234375,0,31.20475685119629,"[0.0, -3.2043457026, 5.6457519521999995]","[0, 0, 0]",0,3,0.0,0.0,4.587,0,0,0,4294967.295,3750040.064,0,72146,0,27.26861000061035,33.6023063659668,-0.3958393633365631,0,state.APOGEE,1093,-22,0,-23,-0.022691432386636734,4713,4713,"[10.6, 0.5, 16.5, 10.4, 15.5, 15.9, 0, 0]","[3.646, 3.647, 3.647]",0.262,"[2.9952, 3.3104, 5.0048, 7.3632, 8.448, 27.8272]","[0.0375, 0.553125, 0.005, -0.0025, -0.00375, -0.0025]",0,0,29.5,"[1, 1, 1, 1, 1, 1]",42.239822557774026,42.360152,-71.0933807,3,-23.949
1774902949.0878022,"[0, 0, 0, 0, 0, 0]","[1291, 1500, 1500, 1500]","[-25.08, 0.0, 0.0, 0.0]","[-0.29956251171875, 2.491502015625, 10.30387780078125]",0,4584.99462890625,0,31.209128799438478,"[0.0, -12.6647949198, -7.5988769518799995]","[0, 0, 0]",0,3,0.0,0.0,4.587,0,0,0,4294967.295,3750040.064,0,72206,0,27.351924896240234,33.77381896972656,-0.3958393633365631,0,state.APOGEE,1094,-22,0,-23,-0.02209009975194931,4713,4713,"[10.6, 0.5, 15.9, 10.6, 15.5, 15.9, 0, 0]","[3.646, 3.647, 3.647]",0.262,"[2.9952, 3.3104, 5.0048, 7.3632, 8.448, 27.8272]","[0.0375, 0.553125, 0.005, -0.0025, -0.00375, -0.0025]",0,0,29.5,"[1, 1, 1, 1, 1, 1]",42.412593425999304,42.3601521,-71.0933824,3,-23.903
1774902949.1453207,"[0, 0, 0, 0, 0, 0]","[1291, 1500, 1500, 1500]","[-25.08, 0.0, 0.0, 0.0]","[-0.39149985546875, 2.52444623046875, 10.2586752734375]",0,4582.82373046875,0,31.213500747680666,"[0.0, -3.02124023388, 5.46264648348]","[0, 0, 0]",0,3,0.0,0.0,4.583,0,0,0,4294967.295,3750040.064,0,72266,0,27.34429359436035,33.93193054199219,-0.3958393633365631,0,state.APOGEE,1095,-22,0,-23,-0.02151005156338215,4713,4713,"[10.4, 0.5, 16.5, 10.6, 15.5, 17.0, 0, 0]","[3.646, 3.647, 3.647]",0.262,"[2.9952, 3.3136, 5.0048, 7.3664000000000005, 8.4448, 27.822400000000002]","[0.031875, 0.56375, 0.0, 0.0075, 0.0, -0.001875]",0,0,29.5,"[1, 1, 1, 1, 1, 1]",42.52415161499339,42.3601512,-71.0933835,3,-23.895
1774902949.2056098,"[0, 0, 0, 0, 0, 0]","[1291, 1500, 1500, 1500]","[-25.08, 0.0, 0.0, 0.0]","[-0.40605660156249995, 2.5213816523437496, 10.199682144531248]",0,4580.6484375,0,31.191641006469727,"[0.0, -14.43481445076, -0.48828124992]","[0, 0, 0]",0,3,0.0,0.0,4.583,0,0,0,4294967.295,3750040.064,0,72326,0,27.4617862701416,34.07598876953125,-0.3958393633365631,0,state.APOGEE,1096,-22,0,-23,-0.020936885848641396,4713,4713,"[10.8, 0.5, 16.5, 10.4, 15.5, 17.0, 0, 0]","[3.646, 3.647, 3.647]",0.262,"[2.9952, 3.3136, 5.0048, 7.3664000000000005, 8.4448, 27.822400000000002]","[0.031875, 0.56375, 0.0, 0.0075, 0.0, -0.001875]",0,0,29.5,"[1, 1, 1, 1, 1, 1]",42.696015958243635,42.3601512,-71.0933835,3,-23.895
1774902949.2586362,"[0, 0, 0, 0, 0, 0]","[1291, 1500, 1500, 1500]","[-25.08, 0.0, 0.0, 0.0]","[-0.38307226562499996, 2.5420675546875, 10.220368046875]",0,4578.8291015625,0,31.200384902954102,"[0.0, 1.92260742156, 2.1362304684]","[0, 0, 0]",0,3,0.0,0.0,4.58,0,0,0,4294967.295,3750040.064,0,72380,0,27.522109985351562,34.282958984375,-0.3958393633365631,0,state.APOGEE,1097,-22,0,-23,-0.020464999601244926,4713,4713,"[10.4, 0.5, 17.0, 10.6, 15.5, 17.0, 0, 0]","[3.646, 3.647, 3.647]",0.262,"[2.9952, 3.3120000000000003, 5.0048, 7.3584000000000005, 8.4784, 27.8288]","[0.03125, 0.255625, -0.0025, -0.006875, -0.003125, -0.0025]",0,0,29.5,"[1, 1, 1, 1, 1, 1]",42.88176666776446,42.360150399999995,-71.09338319999999,3,-23.89
1774902949.3196383,"[0, 0, 0, 0, 0, 0]","[1291, 1500, 1500, 1500]","[-25.08, 0.0, 0.0, 0.0]","[-0.35549106249999995, 2.5114217734374997, 10.23645708203125]",0,4576.6396484375,0,31.209128799438478,"[0.0, -16.20483398172, -0.12207031248]","[0, 0, 0]",0,3,0.0,0.0,4.577,0,0,0,4294967.295,3750040.064,0,72440,0,27.770565032958984,34.582008361816406,-0.3958393633365631,0,state.APOGEE,1098,-22,0,-23,-0.01991399936378002,4713,4713,"[10.6, 0.5, 16.5, 10.6, 15.5, 16.5, 0, 0]","[3.646, 3.647, 3.647]",0.262,"[2.9968000000000004, 3.3120000000000003, 5.0032000000000005, 7.3664000000000005, 8.4384, 27.8272]","[0.0375, 0.20125, -0.003125, 0.000625, -0.003125, -0.0025]",0,0,29.5,"[1, 1, 1, 1, 1, 1]",43.24041063960843,42.360150399999995,-71.09338319999999,3,-23.89
1774902949.3801498,"[0, 0, 0, 0, 0, 0]","[1291, 1500, 1500, 1500]","[-25.08, 0.0, 0.0, 0.0]","[-0.35855564062499995, 2.4807759921875, 10.207343589843749]",0,4574.4453125,0,31.178525161743163,"[0.0, 0.1525878906, 3.02124023388]","[0, 0, 0]",0,3,0.0,0.0,4.577,0,0,0,4294967.295,3750040.064,0,72500,0,27.84288787841797,34.63510513305664,-0.3958393633365631,0,state.APOGEE,1099,-22,0,-23,-0.019373301416635513,4713,4713,"[10.6, 0.5, 17.0, 10.6, 15.0, 16.5, 0, 0]","[3.646, 3.647, 3.647]",0.262,"[2.9968000000000004, 3.3120000000000003, 5.0032000000000005, 7.3664000000000005, 8.4384, 27.8272]","[0.0375, 0.20125, -0.003125, 0.000625, -0.003125, -0.0025]",0,0,29.5,"[1, 1, 1, 1, 1, 1]",43.31982369403202,42.3601497,-71.09338369999999,3,-23.864
1774902949.4406626,"[0, 0, 0, 0, 0, 0]","[1291, 1500, 1500, 1500]","[-25.08, 0.0, 0.0, 0.0]","[-0.33863588281249996, 2.52904309765625, 10.208109734375]",0,4572.2431640625,0,31.169781265258788,"[0.0, 2.47192382772, -0.88500976548]","[0, 0, 0]",0,3,0.0,0.0,4.573,0,0,0,4294967.295,3750040.064,0,72560,0,27.91364860534668,34.65463638305664,-0.3958393633365631,0,state.APOGEE,1100,-22,0,-23,-0.01884940080344677,4713,4713,"[10.4, 0.5, 15.9, 10.4, 15.5, 16.5, 0, 0]","[3.646, 3.647, 3.647]",0.262,"[2.9968000000000004, 3.3120000000000003, 5.0032000000000005, 7.3632, 8.4512, 27.8288]","[0.031875, 0.24875, -0.00125, -0.00125, -0.00625, -0.004375]",0,0,29.5,"[1, 1, 1, 1, 1, 1]",43.37377860905631,42.3601497,-71.09338369999999,3,-23.864
1774902949.4946654,"[0, 0, 0, 0, 0, 0]","[1291, 1500, 1500, 1500]","[-25.08, 0.0, 0.0, 0.0]","[-0.367749375, 2.49992960546875, 10.2188357578125]",0,4570.037109375,0,31.18726905822754,"[0.0, 0.51879882804, 4.69970703048]","[0, 0, 0]",0,3,0.0,0.0,4.573,0,0,0,4294967.295,3750040.064,0,72614,0,27.83808708190918,34.67238998413086,-0.3958393633365631,0,state.APOGEE,1101,-22,0,-23,-0.018333934247493744,4713,4713,"[10.6, 0.5, 15.5, 10.6, 15.5, 16.5, 0, 0]","[3.646, 3.647, 3.647]",0.262,"[2.9968000000000004, 3.3120000000000003, 5.0032000000000005, 7.3632, 8.4512, 27.8288]","[0.031875, 0.24875, -0.00125, -0.00125, -0.00625, -0.004375]",0,0,29.5,"[1, 1, 1, 1, 1, 1]",43.34445475882852,42.3601495,-71.0933847,3,-23.816
1774902949.5551918,"[0, 0, 0, 0, 0, 0]","[1291, 1500, 1500, 1500]","[-25.08, 0.0, 0.0, 0.0]","[-0.35778949609375, 2.51372020703125, 10.226497203124998]",0,4567.82080078125,0,31.178525161743163,"[0.0, -3.63159179628, 9.73510742028]","[0, 0, 0]",0,3,0.0,0.0,4.569,0,0,0,4294967.295,3750040.064,0,72674,0,28.237138748168945,34.66691589355469,-0.3958393633365631,0,state.APOGEE,1102,-22,0,-23,-0.017831100150942802,4713,4713,"[10.2, 0.5, 16.5, 10.8, 15.9, 16.5, 0, 0]","[3.646, 3.647, 3.647]",0.262,"[2.9968000000000004, 3.3120000000000003, 5.0048, 7.3632, 8.457600000000001, 27.8272]","[0.030625, 0.2225, -0.00125, -0.00625, -0.00125, -0.004375]",0,0,29.5,"[1, 1, 1, 1, 1, 1]",43.56475972433879,42.3601488,-71.0933854,3,-23.792
1774902949.614188,"[0, 0, 0, 0, 0, 0]","[1291, 1500, 1500, 1500]","[-25.08, 0.0, 0.0, 0.0]","[-0.38383841015625, 2.54130141015625, 10.233392503906249]",0,4565.599609375,0,31.161037368774416,"[0.0, 1.49536132788, -10.19287109208]","[0, 0, 0]",0,3,0.0,0.0,4.565,0,0,0,4294967.295,3750040.064,0,72734,0,28.201135635375977,34.74870681762695,-0.3958393633365631,0,state.APOGEE,1103,-22,0,-23,-0.01733960025012493,4713,4713,"[10.6, 0.5, 15.9, 10.4, 15.5, 15.9, 0, 0]","[3.646, 3.647, 3.647]",0.262,"[2.9968000000000004, 3.3120000000000003, 5.0048, 7.3632, 8.457600000000001, 27.8272]","[0.030625, 0.2225, -0.00125, -0.00625, -0.00125, -0.004375]",0,0,29.5,"[1, 1, 1, 1, 1, 1]",43.60398260176051,42.3601488,-71.0933854,3,-23.792
1774902949.6745596,"[0, 0, 0, 0, 0, 0]","[1291, 1500, 1500, 1500]","[-25.08, 0.0, 0.0, 0.0]","[-0.35242648437499996, 2.52597851953125, 10.20427901171875]",0,4563.3740234375,0,31.161037368774416,"[0.0, 5.21850585852, 3.41796874944]","[0, 0, 0]",0,3,0.0,0.0,4.565,0,0,0,4294967.295,3750040.064,0,72794,0,28.31070327758789,34.89151382446289,-0.3958393633365631,0,state.APOGEE,1104,-22,0,-23,-0.016857700422406197,4713,4713,"[10.6, 0.5, 15.9, 10.8, 15.5, 15.9, 0, 0]","[3.646, 3.647, 3.647]",0.262,"[2.9952, 3.3152000000000004, 5.0032000000000005, 7.364800000000001, 8.4688, 27.8272]","[0.031875, 0.5925, -0.000625, -0.000625, 0.0, -0.0025]",0,0,29.5,"[1, 1, 1, 1, 1, 1]",43.76962162279884,42.360147999999995,-71.09338699999999,3,-23.777
1774902949.7280774,"[0, 0, 0, 0, 0, 0]","[1291, 1500, 1500, 1500]","[-25.08, 0.0, 0.0, 0.0]","[-0.37387853125, 2.49533273828125, 10.211940457031249]",0,4561.51318359375,0,31.169781265258788,"[0.0, -6.19506835836, -5.73730468656]","[0, 0, 0]",0,3,0.0,0.0,4.562,0,0,0,4294967.295,3750040.064,0,72848,0,28.198108673095703,34.90517044067383,-0.3958393633365631,0,state.APOGEE,1105,-22,0,-23,-0.016468500718474388,4713,4713,"[10.4, 0.5, 17.6, 10.6, 16.5, 15.9, 0, 0]","[3.646, 3.647, 3.647]",0.262,"[2.9952, 3.3152000000000004, 5.0032000000000005, 7.364800000000001, 8.4688, 27.8272]","[0.031875, 0.5925, -0.000625, -0.000625, 0.0, -0.0025]",0,0,29.5,"[1, 1, 1, 1, 1, 1]",43.716349945778894,42.360147999999995,-71.09338699999999,3,-23.777
1774902949.7885888,"[0, 0, 0, 0, 0, 0]","[1291, 1500, 1500, 1500]","[-25.08, 0.0, 0.0, 0.0]","[-0.392266, 2.51218791796875, 10.2402878046875]",0,4559.2783203125,0,31.174153213500976,"[0.0, -11.07788085756, -4.97436523356]","[0, 0, 0]",0,3,0.0,0.0,4.562,0,0,0,4294967.295,3750040.064,0,72908,0,28.181316375732422,35.0650749206543,-0.3958393633365631,0,state.APOGEE,1106,-22,0,-23,-0.016006801277399063,4713,4713,"[10.8, 0.5, 16.5, 10.6, 16.5, 17.0, 0, 0]","[3.646, 3.647, 3.647]",0.262,"[2.9968000000000004, 3.3104, 5.0032000000000005, 7.36, 8.432, 27.8256]","[0.0375, 0.6275000000000001, 0.0025, -0.0025, 0.000625, -0.000625]",0,0,29.5,"[1, 1, 1, 1, 1, 1]",43.82377000781115,42.3601477,-71.09338679999999,3,-23.761
1774902949.8471038,"[0, 0, 0, 0, 0, 0]","[1291, 1500, 1500, 1500]","[-25.08, 0.0, 0.0, 0.0]","[-0.37617696484374996, 2.51372020703125, 10.21730346875]",0,4557.0322265625,0,31.18289710998535,"[0.0, -1.0681152342, 6.7443847645199995]","[0, 0, 0]",0,3,0.0,0.0,4.558,0,0,0,4294967.295,3750040.064,0,72968,0,28.520355224609375,35.108402252197266,-0.3958393633365631,0,state.APOGEE,1107,-22,0,-23,-0.015560000203549862,4713,4713,"[10.4, 0.5, 16.5, 10.6, 15.9, 17.6, 0, 0]","[3.646, 3.647, 3.647]",0.262,"[2.9968000000000004, 3.3104, 5.0032000000000005, 7.36, 8.432, 27.8256]","[0.0375, 0.6275000000000001, 0.0025, -0.0025, 0.000625, -0.000625]",0,0,29.5,"[1, 1, 1, 1, 1, 1]",44.04523545868764,42.3601472,-71.0933883,3,-23.752
1774902949.9081068,"[0, 0, 0, 0, 0, 0]","[1291, 1500, 1500, 1500]","[-25.08, 0.0, 0.0, 0.0]","[-0.37311238671874997, 2.5175509296875, 10.248715394531251]",0,4554.7841796875,0,31.169781265258788,"[0.0, -8.14819335804, 6.59179687392]","[0, 0, 0]",0,3,0.0,0.0,4.554,0,0,0,4294967.295,3750040.064,0,73028,0,28.581989288330078,35.22437286376953,-0.3958393633365631,0,state.APOGEE,1108,-22,0,-23,-0.015119088813662529,4713,4713,"[10.6, 0.5, 16.5, 10.6, 15.9, 16.5, 0, 0]","[3.646, 3.647, 3.647]",0.262,"[2.9968000000000004, 3.3136, 5.0, 7.364800000000001, 8.4624, 27.8304]","[0.031875, 0.23375, -0.00125, -0.003125, 0.000625, 0.005625]",0,0,29.5,"[1, 1, 1, 1, 1, 1]",44.1641367869034,42.3601472,-71.0933883,3,-23.752
1774902949.9636285,"[0, 0, 0, 0, 0, 0]","[1291, 1500, 1500, 1500]","[-25.08, 0.0, 0.0, 0.0]","[-0.37924154296875, 2.522147796875, 10.237989371093748]",0,4552.53125,0,31.161037368774416,"[0.0, -2.65502929644, -9.64355468592]","[0, 0, 0]",0,3,0.0,0.0,4.554,0,0,0,4294967.295,3750040.064,0,73082,0,28.39234733581543,35.34421920776367,-0.3958393633365631,0,state.APOGEE,1109,-22,0,-23,-0.014692900702357292,4713,4713,"[10.6, 0.5, 17.0, 10.6, 15.5, 17.0, 0, 0]","[3.646, 3.647, 3.647]",0.262,"[2.9968000000000004, 3.3136, 5.0, 7.364800000000001, 8.4624, 27.8304]","[0.031875, 0.23375, -0.00125, -0.003125, 0.000625, 0.005625]",0,0,29.5,"[1, 1, 1, 1, 1, 1]",44.14548895296423,42.360146199999996,-71.09338799999999,3,-23.738
1774902950.0216298,"[0, 0, 0, 0, 0, 0]","[1291, 1500, 1500, 1500]","[-25.08, 0.0, 0.0, 0.0]","[-0.34093431640625, 2.5321076757812495, 10.2127066015625]",0,4550.27197265625,0,31.191641006469727,"[0.0, 4.85229492108, 7.87353515496]","[0, 0, 0]",0,3,0.0,0.0,4.55,0,0,0,4294967.295,3750040.064,0,73142,0,28.49181365966797,35.23308181762695,-0.3958393633365631,0,state.APOGEE,1110,-22,0,-23,-0.014278127811849117,4713,4713,"[10.4, 0.5, 17.0, 10.6, 15.9, 17.0, 0, 0]","[3.646, 3.647, 3.647]",0.262,"[2.9952, 3.3136, 5.0032000000000005, 7.364800000000001, 8.440000000000001, 27.8272]","[0.03625, 0.24, -0.005, -0.006875, -0.0025, -0.005]",0,0,29.5,"[1, 1, 1, 1, 1, 1]",44.11994620550046,42.360146199999996,-71.09338799999999,3,-23.738
1774902950.081148,"[0, 0, 0, 0, 0, 0]","[1291, 1500, 1500, 1500]","[-25.08, 0.0, 0.0, 0.0]","[-0.36238636328125, 2.53134153125, 10.228029492187499]",0,4548.009765625,0,31.169781265258788,"[0.0, -0.88500976548, 11.96289062304]","[0, 0, 0]",0,3,0.0,0.0,4.55,0,0,0,4294967.295,3750040.064,0,73202,0,28.739606857299805,35.31426239013672,-0.3958393633365631,0,state.APOGEE,1111,-22,0,-23,-0.013866100460290909,4713,4713,"[10.6, 0.5, 16.5, 10.4, 16.5, 17.0, 0, 0]","[3.646, 3.647, 3.647]",0.262,"[2.9952, 3.3120000000000003, 5.0048, 7.3632, 8.464, 27.8256]","[0.038125, 0.22312500000000002, -0.005625, -0.005, -0.000625, -0.001875]",0,0,29.5,"[1, 1, 1, 1, 1, 1]",44.31788307193864,42.360144999999996,-71.0933884,3,-23.692
1774902950.1416633,"[0, 0, 0, 0, 0, 0]","[1291, 1500, 1500, 1500]","[-25.08, 0.0, 0.0, 0.0]","[-0.367749375, 2.52444623046875, 10.21806961328125]",0,4545.740234375,0,31.178525161743163,"[0.0, -5.21850585852, -3.29589843696]","[0, 0, 0]",0,3,0.0,0.0,4.546,0,0,0,4294967.295,3750040.064,0,73262,0,28.56291389465332,35.134857177734375,-0.3958393633365631,0,state.APOGEE,1112,-22,0,-23,-0.013474694453179836,4713,4713,"[10.6, 0.5, 16.5, 10.4, 15.9, 17.0, 0, 0]","[3.646, 3.647, 3.647]",0.262,"[2.9952, 3.3120000000000003, 5.0048, 7.3632, 8.464, 27.8256]","[0.038125, 0.22312500000000002, -0.005625, -0.005, -0.000625, -0.001875]",0,0,29.5,"[1, 1, 1, 1, 1, 1]",44.08837355380257,42.360144999999996,-71.0933884,3,-23.692
1774902950.196735,"[0, 0, 0, 0, 0, 0]","[1291, 1500, 1500, 1500]","[-25.08, 0.0, 0.0, 0.0]","[-0.36085407421875, 2.534406109375, 10.22573105859375]",0,4543.84765625,0,31.174153213500976,"[0.0, -1.6784667966, 2.47192382772]","[0, 0, 0]",0,3,0.0,0.0,4.546,0,0,0,4294967.295,3750040.064,0,73316,0,28.60871696472168,35.20724868774414,-0.3958393633365631,0,state.APOGEE,1113,-22,0,-23,-0.013144985772669315,4713,4713,"[10.2, 0.5, 17.0, 10.4, 15.9, 17.0, 0, 0]","[3.646, 3.647, 3.647]",0.262,"[3.0, 3.3120000000000003, 5.0016, 7.3696, 8.456000000000001, 27.8256]","[0.03375, 0.264375, -0.003125, -0.005625, -0.005, -0.001875]",0,0,29.5,"[1, 1, 1, 1, 1, 1]",44.16669292447018,42.360144399999996,-71.0933886,3,-23.661
1774902950.260782,"[0, 0, 0, 0, 0, 0]","[1291, 1500, 1500, 1500]","[-25.08, 0.0, 0.0, 0.0]","[-0.36545094140624995, 2.50682490625, 10.21730346875]",0,4541.57080078125,0,31.161037368774416,"[0.0, 4.6691894523599995, -3.26538085884]","[0, 0, 0]",0,3,0.0,0.0,4.543,0,0,0,4294967.295,3750040.064,0,73376,0,28.607114791870117,35.1328125,-0.3958393633365631,0,state.APOGEE,1114,-22,0,-23,-0.012767022475600243,4713,4713,"[10.6, 0.5, 17.0, 10.4, 15.5, 17.0, 0, 0]","[3.646, 3.647, 3.647]",0.262,"[3.0, 3.3120000000000003, 5.0016, 7.3696, 8.456000000000001, 27.8256]","[0.03375, 0.264375, -0.003125, -0.005625, -0.005, -0.001875]",0,0,29.5,"[1, 1, 1, 1, 1, 1]",44.11174163240423,42.360144399999996,-71.0933869,3,-23.636
1774902950.3157706,"[0, 0, 0, 0, 0, 0]","[1291, 1500, 1500, 1500]","[-25.08, 0.0, 0.0, 0.0]","[-0.34936190624999997, 2.53517225390625, 10.210408167968751]",0,4539.2900390625,0,31.18289710998535,"[0.0, -3.44848632756, 5.46264648348]","[0, 0, 0]",0,3,0.0,0.0,4.539,0,0,0,4294967.295,3750040.064,0,73436,0,28.888172149658203,35.04246520996094,-0.3958393633365631,0,state.APOGEE,1115,-22,0,-23,-0.012397999875247478,4713,4713,"[10.6, 0.5, 15.9, 10.6, 16.5, 16.5, 0, 0]","[3.646, 3.647, 3.647]",0.262,"[2.9968000000000004, 3.3120000000000003, 5.0048, 7.3616, 8.432, 27.824]","[0.03, 0.25375000000000003, -0.001875, -0.0025, 0.0, -0.00125]",0,0,29.5,"[1, 1, 1, 1, 1, 1]",44.2051568642874,42.360144399999996,-71.0933869,3,-23.636
1774902950.3752847,"[0, 0, 0, 0, 0, 0]","[1291, 1500, 1500, 1500]","[-25.08, 0.0, 0.0, 0.0]","[-0.3692816640625, 2.5129540624999995, 10.226497203124998]",0,4537.005859375,0,31.18726905822754,"[0.0, -4.4250488273999995, 10.49804687328]","[0, 0, 0]",0,3,0.0,0.0,4.539,0,0,0,4294967.295,3750040.064,0,73496,0,29.161890029907227,34.9832763671875,-0.3958393633365631,0,state.APOGEE,1116,-22,0,-23,-0.012035399675369263,4713,4713,"[10.2, 0.5, 17.0, 10.6, 16.5, 15.9, 0, 0]","[3.646, 3.647, 3.647]",0.262,"[2.9968000000000004, 3.3120000000000003, 5.0048, 7.3616, 8.432, 27.824]","[0.03, 0.25375000000000003, -0.001875, -0.0025, 0.0, -0.00125]",0,0,29.5,"[1, 1, 1, 1, 1, 1]",44.31845602720728,42.3601445,-71.0933866,3,-23.628
1774902950.4322872,"[0, 0, 0, 0, 0, 0]","[1291, 1500, 1500, 1500]","[-25.08, 0.0, 0.0, 0.0]","[-0.37004780859374997, 2.5359383984375, 10.219601902343749]",0,4535.09765625,0,31.18289710998535,"[0.0, -0.82397460924, 1.00708007796]","[0, 0, 0]",0,3,0.0,0.0,4.535,0,0,0,4294967.295,3750040.064,0,73550,0,29.282400131225586,34.90753173828125,-0.3958393633365631,0,state.APOGEE,1117,-22,0,-23,-0.011743299663066864,4713,4713,"[10.8, 0.5, 16.5, 7.7, 10.4, 16.5, 0, 0]","[3.646, 3.647, 3.647]",0.262,"[2.9968000000000004, 3.3152000000000004, 5.0016, 7.3616, 8.4496, 27.824]","[0.035, 0.63625, 0.003125, -0.000625, -0.00125, 0.0025]",0,0,29.5,"[1, 1, 1, 1, 1, 1]",44.33328340733279,42.3601445,-71.0933866,3,-23.628
1774902950.4918025,"[0, 0, 0, 0, 0, 0]","[1291, 1500, 1500, 1500]","[-25.08, 0.0, 0.0, 0.0]","[-0.37770925390624993, 2.5359383984375, 10.232626359374999]",0,4532.80615234375,0,31.18726905822754,"[0.0, -0.09155273436, 8.05664062368]","[0, 0, 0]",0,3,0.0,0.0,4.535,0,0,0,4294967.295,3750040.064,0,73610,0,29.429468154907227,34.87275695800781,-0.3958393633365631,0,state.APOGEE,1118,-22,0,-23,-0.01139570027589798,4713,4713,"[10.6, 0.5, 16.5, 7.5, 10.2, 15.9, 0, 0]","[3.646, 3.647, 3.647]",0.262,"[2.9968000000000004, 3.3152000000000004, 5.0016, 7.3616, 8.4496, 27.824]","[0.035, 0.63625, 0.003125, -0.000625, -0.00125, 0.0025]",0,0,29.5,"[1, 1, 1, 1, 1, 1]",44.39306714043529,42.360143699999995,-71.093394,3,-23.074
1774902950.5543115,"[0, 0, 0, 0, 0, 0]","[1291, 1500, 1500, 1500]","[-25.08, 0.0, 0.0, 0.0]","[-0.367749375, 2.54359984375, 10.201980578125]",0,4530.5087890625,0,31.169781265258788,"[0.0, 3.87573242124, 9.94873046712]","[0, 0, 0]",0,3,0.0,0.0,4.532,0,0,0,4294967.295,3750040.064,0,73670,0,29.68456268310547,35.10593032836914,-0.3958393633365631,0,state.APOGEE,1119,-22,0,-23,-0.01106259971857071,4713,4713,"[10.4, 0.5, 15.9, 7.6, 10.2, 16.5, 0, 0]","[3.646, 3.647, 3.647]",0.262,"[2.9936000000000003, 3.3104, 5.0016, 7.3696, 8.4512, 27.822400000000002]","[0.040625, 0.61375, 0.00375, -0.00125, -0.0025, 0.0]",0,0,29.5,"[1, 1, 1, 1, 1, 1]",44.705812679437386,42.360143,-71.09339469999999,3,-23.036
1774902950.6103132,"[0, 0, 0, 0, 0, 0]","[1291, 1500, 1500, 1500]","[-25.08, 0.0, 0.0, 0.0]","[-0.36851551953124995, 2.5098894843749995, 10.2188357578125]",0,4528.20947265625,0,31.20475685119629,"[0.0, -8.14819335804, -8.14819335804]","[0, 0, 0]",0,3,0.0,0.0,4.528,0,0,0,4294967.295,3750040.064,0,73730,0,29.63848114013672,35.19382858276367,-0.3958393633365631,0,state.APOGEE,1120,-22,0,-23,-0.010730980895459652,4713,4713,"[10.4, 0.5, 17.0, 7.8, 10.4, 17.6, 0, 0]","[3.646, 3.647, 3.647]",0.262,"[2.9936000000000003, 3.3104, 5.0016, 7.3696, 8.4512, 27.822400000000002]","[0.040625, 0.61375, 0.00375, -0.00125, -0.0025, 0.0]",0,0,29.5,"[1, 1, 1, 1, 1, 1]",44.74180489574827,42.360143,-71.09339469999999,3,-23.036
1774902950.6638372,"[0, 0, 0, 0, 0, 0]","[1291, 1500, 1500, 1500]","[-25.08, 0.0, 0.0, 0.0]","[-0.35166033984374995, 2.52751080859375, 10.214238890625]",0,4525.9052734375,0,31.18289710998535,"[0.0, -0.09155273436, -7.20214843632]","[0, 0, 0]",0,3,0.0,0.0,4.528,0,0,0,4294967.295,3750040.064,0,73784,0,29.490638732910156,35.25752639770508,-0.3958393633365631,0,state.APOGEE,1121,-22,0,-23,-0.010415099561214447,4713,4713,"[10.6, 0.5, 16.5, 10.6, 15.5, 17.0, 0, 0]","[3.646, 3.647, 3.647]",0.262,"[2.9952, 3.3136, 5.0048, 7.3632, 8.4704, 27.8256]","[0.036875, 0.228125, -0.003125, -0.00125, -0.0025, -0.000625]",0,0,29.5,"[1, 1, 1, 1, 1, 1]",44.70253722951674,42.3601422,-71.09339469999999,3,-23.005
1774902950.7237315,"[0, 0, 0, 0, 0, 0]","[1291, 1500, 1500, 1500]","[-25.08, 0.0, 0.0, 0.0]","[-0.36315250781249997, 2.51372020703125, 10.2188357578125]",0,4523.59716796875,0,31.18289710998535,"[0.0, -2.83813476516, -9.24682617036]","[0, 0, 0]",0,3,0.0,0.0,4.523,0,0,0,4294967.295,3750040.064,0,73844,0,29.505582809448242,35.36799621582031,-0.3958393633365631,0,state.APOGEE,1122,-22,0,-23,-0.010106009431183338,4713,4713,"[10.2, 0.5, 17.6, 10.4, 15.9, 15.5, 0, 0]","[3.646, 3.647, 3.647]",0.262,"[2.9952, 3.3136, 5.0048, 7.3632, 8.4704, 27.8256]","[0.036875, 0.228125, -0.003125, -0.00125, -0.0025, -0.000625]",0,0,29.5,"[1, 1, 1, 1, 1, 1]",44.79001683143774,42.3601422,-71.09339469999999,3,-23.005
1774902950.7832522,"[0, 0, 0, 0, 0, 0]","[1291, 1500, 1500, 1500]","[-25.08, 0.0, 0.0, 0.0]","[-0.36545094140624995, 2.52597851953125, 10.224198769531249]",0,4521.28759765625,0,31.191641006469727,"[0.0, 3.87573242124, 4.33349609304]","[0, 0, 0]",0,3,0.0,0.0,4.523,0,0,0,4294967.295,3750040.064,0,73904,0,29.40699005126953,35.43943405151367,-0.3958393633365631,0,state.APOGEE,1123,-22,0,-23,-0.009798419661819935,4713,4713,"[10.8, 0.5, 15.9, 11.1, 15.5, 17.0, 0, 0]","[3.646, 3.647, 3.647]",0.262,"[2.9952, 3.3104, 5.0048, 7.3664000000000005, 8.4448, 27.8256]","[0.034375, 0.244375, -0.003125, -0.0025, -0.00375, 0.0]",0,0,29.5,"[1, 1, 1, 1, 1, 1]",44.78507365623451,42.360141399999996,-71.0933946,3,-22.969
1774902950.8437657,"[0, 0, 0, 0, 0, 0]","[1291, 1500, 1500, 1500]","[-25.08, 0.0, 0.0, 0.0]","[-0.3539587734375, 2.503760328125, 10.2249649140625]",0,4518.97216796875,0,31.178525161743163,"[0.0, -4.97436523356, 4.36401367116]","[0, 0, 0]",0,3,0.0,0.0,4.52,0,0,0,4294967.295,3750040.064,0,73964,0,29.660287857055664,35.48277282714844,-0.3958393633365631,0,state.APOGEE,1124,-22,0,-23,-0.009505849331617355,4713,4713,"[10.6, 0.5, 16.5, 10.4, 15.9, 16.5, 0, 0]","[3.646, 3.647, 3.647]",0.262,"[2.9968000000000004, 3.3104, 5.0048, 7.3664000000000005, 8.4608, 27.8288]","[0.03125, 0.210625, 0.000625, -0.0025, 0.0, -0.000625]",0,0,29.5,"[1, 1, 1, 1, 1, 1]",44.96022484921979,42.360141399999996,-71.0933946,3,-22.969
1774902950.899772,"[0, 0, 0, 0, 0, 0]","[1291, 1500, 1500, 1500]","[-25.08, 0.0, 0.0, 0.0]","[-0.36238636328125, 2.5298092421875, 10.224198769531249]",0,4517.0419921875,0,31.178525161743163,"[0.0, -5.58471679596, -6.43920898332]","[0, 0, 0]",0,3,0.0,0.0,4.52,0,0,0,4294967.295,3750040.064,0,74018,0,29.401823043823242,35.60981369018555,-0.3958393633365631,0,state.APOGEE,1125,-22,0,-23,-0.009266952984035015,4713,4713,"[10.4, 0.5, 15.9, 10.4, 15.5, 17.0, 0, 0]","[3.646, 3.647, 3.647]",0.262,"[2.9968000000000004, 3.3104, 5.0048, 7.3664000000000005, 8.4608, 27.8288]","[0.03125, 0.210625, 0.000625, -0.0025, 0.0, -0.000625]",0,0,29.5,"[1, 1, 1, 1, 1, 1]",44.90444797897942,42.360141,-71.0933943,3,-22.921
1774902950.958286,"[0, 0, 0, 0, 0, 0]","[1291, 1500, 1500, 1500]","[-25.08, 0.0, 0.0, 0.0]","[-0.3692816640625, 2.52597851953125, 10.21806961328125]",0,4514.72119140625,0,31.213500747680666,"[0.0, 2.288818359, 3.2043457026]","[0, 0, 0]",0,3,0.0,0.0,4.516,0,0,0,4294967.295,3750040.064,0,74078,0,29.636198043823242,35.535362243652344,-0.3958393633365631,0,state.APOGEE,1126,-22,0,-23,-0.008984201587736607,4713,4713,"[10.6, 0.5, 16.5, 10.4, 15.9, 17.0, 0, 0]","[3.646, 3.647, 3.647]",0.262,"[2.9952, 3.3120000000000003, 5.0016, 7.36, 8.443200000000001, 27.8288]","[0.033125, 0.244375, -0.003125, -0.003125, -0.001875, 0.0]",0,0,29.5,"[1, 1, 1, 1, 1, 1]",44.98406048291493,42.3601405,-71.09339589999999,3,-22.872
1774902951.0172796,"[0, 0, 0, 0, 0, 0]","[1291, 1500, 1500, 1500]","[-25.08, 0.0, 0.0, 0.0]","[-0.38230612109375, 2.522147796875, 10.22573105859375]",0,4512.3974609375,0,31.200384902954102,"[0.0, 2.71606445268, 12.57324218544]","[0, 0, 0]",0,3,0.0,0.0,4.512,0,0,0,4294967.295,3750040.064,0,74138,0,29.51529312133789,35.24912643432617,-0.3958393633365631,0,state.APOGEE,1127,-22,0,-23,-0.00871012918651104,4713,4713,"[10.2, 0.5, 17.0, 10.4, 15.5, 16.5, 0, 0]","[3.646, 3.647, 3.647]",0.262,"[2.9952, 3.3120000000000003, 5.0016, 7.36, 8.443200000000001, 27.8288]","[0.033125, 0.244375, -0.003125, -0.003125, -0.001875, 0.0]",0,0,29.5,"[1, 1, 1, 1, 1, 1]",44.710632953507066,42.3601405,-71.09339589999999,3,-22.872
1774902951.077788,"[0, 0, 0, 0, 0, 0]","[1291, 1500, 1500, 1500]","[-25.08, 0.0, 0.0, 0.0]","[-0.36085407421875, 2.497631171875, 10.221134191406248]",0,4510.0712890625,0,31.18726905822754,"[0.0, -9.49096679532, 1.58691406224]","[0, 0, 0]",0,3,0.0,0.0,4.512,0,0,0,4294967.295,3750040.064,0,74198,0,29.476842880249023,35.6806526184082,-0.3958393633365631,0,state.APOGEE,1128,-22,0,-23,-0.008443843573331833,4713,4713,"[10.6, 0.5, 16.5, 10.6, 15.9, 17.6, 0, 0]","[3.646, 3.647, 3.647]",0.262,"[2.992, 3.3104, 5.0016, 7.3632, 8.427200000000001, 27.822400000000002]","[0.036875, 0.618125, -0.000625, -0.005, -0.000625, -0.003125]",0,0,29.5,"[1, 1, 1, 1, 1, 1]",44.99774679543945,42.3601398,-71.0933963,3,-22.844
1774902951.1377938,"[0, 0, 0, 0, 0, 0]","[1291, 1500, 1500, 1500]","[-25.08, 0.0, 0.0, 0.0]","[-0.33786973828125, 2.51218791796875, 10.2341586484375]",0,4507.7421875,0,31.196012954711914,"[0.0, -0.27465820308, -3.47900390568]","[0, 0, 0]",0,3,0.0,0.0,4.508,0,0,0,4294967.295,3750040.32,0,74252,0,29.39565658569336,35.73884582519531,-0.3958393633365631,0,state.APOGEE,1129,-22,0,-23,-0.008184700272977352,4713,4713,"[10.4, 0.5, 17.0, 10.6, 15.9, 16.5, 0, 0]","[3.646, 3.647, 3.647]",0.262,"[2.992, 3.3104, 5.0016, 7.3632, 8.427200000000001, 27.822400000000002]","[0.036875, 0.618125, -0.000625, -0.005, -0.000625, -0.003125]",0,0,29.5,"[1, 1, 1, 1, 1, 1]",44.99376345520388,42.3601398,-71.0933963,3,-22.844
1774902951.1952682,"[0, 0, 0, 0, 0, 0]","[1291, 1500, 1500, 1500]","[-25.08, 0.0, 0.0, 0.0]","[-0.35855564062499995, 2.53057538671875, 10.250247683593749]",0,4505.4111328125,0,31.18726905822754,"[0.0, 1.31225585916, 11.23046874816]","[0, 0, 0]",0,3,0.0,0.0,4.508,0,0,0,4294967.295,3750040.32,0,74312,0,29.594356536865234,35.72538375854492,-0.3958393633365631,0,state.APOGEE,1130,-22,0,-23,-0.007930200546979904,4713,4713,"[10.8, 0.5, 15.9, 10.4, 15.9, 16.5, 0, 0]","[3.646, 3.647, 3.647]",0.262,"[2.9952, 3.3088, 5.0048, 7.3632, 8.4624, 27.8272]","[0.033125, 0.593125, 0.001875, 0.000625, 0.00125, -0.001875]",0,0,29.5,"[1, 1, 1, 1, 1, 1]",45.09631344094013,42.3601388,-71.0933965,3,-22.823
1774902951.2563288,"[0, 0, 0, 0, 0, 0]","[1291, 1500, 1500, 1500]","[-25.08, 0.0, 0.0, 0.0]","[-0.370813953125, 2.5321076757812495, 10.2188357578125]",0,4503.07568359375,0,31.209128799438478,"[0.0, -6.19506835836, -13.000488279119999]","[0, 0, 0]",0,3,0.0,0.0,4.504,0,0,0,4294967.295,3750040.32,0,74372,0,29.37242889404297,35.98660659790039,-0.3958393633365631,0,state.APOGEE,1131,-22,0,-23,-0.0076849996112287045,4713,4713,"[11.1, 0.5, 16.5, 10.6, 15.9, 15.9, 0, 0]","[3.646, 3.647, 3.647]",0.262,"[2.9952, 3.3088, 5.0048, 7.3632, 8.4624, 27.8272]","[0.033125, 0.593125, 0.001875, 0.000625, 0.00125, -0.001875]",0,0,29.5,"[1, 1, 1, 1, 1, 1]",45.15934433962779,42.3601393,-71.0933952,3,-22.811
1774902951.31233,"[0, 0, 0, 0, 0, 0]","[1291, 1500, 1500, 1500]","[-25.08, 0.0, 0.0, 0.0]","[-0.36315250781249997, 2.50682490625, 10.243352382812498]",0,4500.73876953125,0,31.191641006469727,"[0.0, 1.12915039044, 4.51660156176]","[0, 0, 0]",0,3,0.0,0.0,4.5,0,0,0,4294967.295,3750040.32,0,74432,0,29.54239273071289,36.08121109008789,-0.3958393633365631,0,state.APOGEE,1132,-22,0,-23,-0.007444355636835098,4713,4713,"[10.4, 0.5, 16.5, 10.8, 14.6, 17.0, 0, 0]","[3.646, 3.647, 3.647]",0.262,"[2.9984, 3.3120000000000003, 5.0048, 7.3584000000000005, 8.4464, 27.824]","[0.039375, 0.62625, 0.00125, -0.00125, -0.0025, -0.000625]",0,0,29.5,"[1, 1, 1, 1, 1, 1]",45.32277716029659,42.3601393,-71.0933952,3,-22.811
1774902951.3658407,"[0, 0, 0, 0, 0, 0]","[1291, 1500, 1500, 1500]","[-25.08, 0.0, 0.0, 0.0]","[-0.38307226562499996, 2.52904309765625, 10.228795636718749]",0,4498.78955078125,0,31.1654093170166,"[0.0, -10.89477538884, -18.55468749696]","[0, 0, 0]",0,3,0.0,0.0,4.5,0,0,0,4294967.295,3750040.32,0,74486,0,29.385982513427734,36.119449615478516,-0.3958393633365631,0,state.APOGEE,1133,-22,0,-23,-0.007248974870890379,4713,4713,"[10.6, 0.5, 17.0, 10.6, 15.9, 16.5, 0, 0]","[3.646, 3.647, 3.647]",0.262,"[2.9984, 3.3120000000000003, 5.0048, 7.3584000000000005, 8.4464, 27.824]","[0.039375, 0.62625, 0.00125, -0.00125, -0.0025, -0.000625]",0,0,29.5,"[1, 1, 1, 1, 1, 1]",45.26291291369751,42.3601397,-71.0933944,3,-22.767
1774902951.4258428,"[0, 0, 0, 0, 0, 0]","[1291, 1500, 1500, 1500]","[-25.08, 0.0, 0.0, 0.0]","[-0.36698323046875, 2.5144863515624998, 10.2127066015625]",0,4496.44775390625,0,31.18726905822754,"[0.0, 4.85229492108, -0.33569335932]","[0, 0, 0]",0,3,0.0,0.0,4.497,0,0,0,4294967.295,3750040.32,0,74546,0,29.623693466186523,36.03335952758789,-0.3958393633365631,0,state.APOGEE,1134,-22,0,-23,-0.0070229023694992065,4713,4713,"[10.4, 0.5, 16.5, 10.8, 15.5, 16.5, 0, 0]","[3.646, 3.647, 3.647]",0.262,"[2.9952, 3.3120000000000003, 5.0032000000000005, 7.3712, 8.443200000000001, 27.8288]","[0.03125, 0.241875, -0.005, -0.004375, -0.00375, 0.000625]",0,0,29.5,"[1, 1, 1, 1, 1, 1]",45.33396229921354,42.3601397,-71.0933944,3,-22.767
1774902951.4893506,"[0, 0, 0, 0, 0, 0]","[1291, 1500, 1500, 1500]","[-25.08, 0.0, 0.0, 0.0]","[-0.3570233515625, 2.5098894843749995, 10.226497203124998]",0,4494.10498046875,0,31.178525161743163,"[0.0, -8.94165038916, 3.02124023388]","[0, 0, 0]",0,3,0.0,0.0,4.497,0,0,0,4294967.295,3750040.32,0,74606,0,29.61301612854004,36.10906219482422,-0.3958393633365631,0,state.APOGEE,1135,-22,0,-23,-0.0067986794747412205,4713,4713,"[10.6, 0.5, 15.5, 10.6, 17.0, 15.9, 0, 0]","[3.646, 3.647, 3.647]",0.262,"[2.9968000000000004, 3.3104, 5.0016, 7.3632, 8.464, 27.8256]","[0.035625000000000004, 0.215, -0.005, -0.0025, -0.001875, 0.0]",0,0,29.5,"[1, 1, 1, 1, 1, 1]",45.382427501358144,42.3601397,-71.0933931,3,-22.713
1774902951.546857,"[0, 0, 0, 0, 0, 0]","[1291, 1500, 1500, 1500]","[-25.08, 0.0, 0.0, 0.0]","[-0.34246660546874996, 2.51908321875, 10.215771179687499]",0,4491.7568359375,0,31.213500747680666,"[0.0, 3.08227539012, -4.577636718]","[0, 0, 0]",0,3,0.0,0.0,4.492,0,0,0,4294967.295,3750040.32,0,74666,0,29.70026969909668,36.06632614135742,-0.3958393633365631,0,state.APOGEE,1136,-22,0,-23,-0.006583799608051777,4713,4713,"[10.4, 0.5, 16.5, 10.8, 15.5, 17.0, 0, 0]","[3.646, 3.647, 3.647]",0.262,"[2.9968000000000004, 3.3104, 5.0016, 7.3632, 8.464, 27.8256]","[0.035625000000000004, 0.215, -0.005, -0.0025, -0.001875, 0.0]",0,0,29.5,"[1, 1, 1, 1, 1, 1]",45.40070741181831,42.360140099999995,-71.09339059999999,3,-22.655
1774902951.5998585,"[0, 0, 0, 0, 0, 0]","[1291, 1500, 1500, 1500]","[-25.08, 0.0, 0.0, 0.0]","[-0.36468479687499994, 2.54130141015625, 10.2310940703125]",0,4489.7998046875,0,31.178525161743163,"[0.0, 1.92260742156, -2.19726562464]","[0, 0, 0]",0,3,0.0,0.0,4.492,0,0,0,4294967.295,3750040.32,0,74720,0,29.704299926757812,35.8343505859375,-0.3958393633365631,0,state.APOGEE,1137,-22,0,-23,-0.006408081389963627,4713,4713,"[10.6, 0.5, 15.9, 10.6, 15.5, 16.5, 0, 0]","[3.646, 3.647, 3.647]",0.262,"[3.0, 3.3120000000000003, 5.0032000000000005, 7.364800000000001, 8.4304, 27.8288]","[0.038125, 0.24875, -0.00125, -0.003125, -0.000625, -0.0025]",0,0,29.5,"[1, 1, 1, 1, 1, 1]",45.23660874851899,42.360140099999995,-71.09339059999999,3,-22.655
1774902951.6603694,"[0, 0, 0, 0, 0, 0]","[1291, 1500, 1500, 1500]","[-25.08, 0.0, 0.0, 0.0]","[-0.3754108203125, 2.53823683203125, 10.214238890625]",0,4487.44970703125,0,31.200384902954102,"[0.0, 1.12915039044, -10.19287109208]","[0, 0, 0]",0,3,0.0,0.0,4.489,0,0,0,4294967.295,3750040.32,0,74780,0,29.630144119262695,35.792842864990234,-0.3958393633365631,0,state.APOGEE,1138,-22,0,-23,-0.006202100310474634,4713,4713,"[10.2, 0.5, 16.5, 10.4, 15.9, 16.5, 0, 0]","[3.646, 3.647, 3.647]",0.262,"[3.0, 3.3120000000000003, 5.0032000000000005, 7.364800000000001, 8.4304, 27.8288]","[0.038125, 0.24875, -0.00125, -0.003125, -0.000625, -0.0025]",0,0,29.5,"[1, 1, 1, 1, 1, 1]",45.164920112902955,42.3601397,-71.0933897,3,-22.632
1774902951.7225041,"[0, 0, 0, 0, 0, 0]","[1291, 1500, 1500, 1500]","[-25.08, 0.0, 0.0, 0.0]","[-0.35166033984374995, 2.53670454296875, 10.221900335937498]",0,4485.09716796875,0,31.174153213500976,"[0.0, -0.09155273436, -3.87573242124]","[0, 0, 0]",0,3,0.0,0.0,4.485,0,0,0,4294967.295,3750040.32,0,74840,0,29.501432418823242,35.86606979370117,-0.3958393633365631,0,state.APOGEE,1139,-22,0,-23,-0.00600189995020628,4713,4713,"[10.4, 0.5, 16.5, 10.6, 15.9, 15.9, 0, 0]","[3.646, 3.647, 3.647]",0.262,"[2.9952, 3.3120000000000003, 5.0048, 7.3664000000000005, 8.4304, 27.824]","[0.030625, 0.253125, -0.00375, -0.003125, -0.0025, -0.00375]",0,0,29.5,"[1, 1, 1, 1, 1, 1]",45.144882101378194,42.3601397,-71.0933897,3,-22.632
1774902951.7830312,"[0, 0, 0, 0, 0, 0]","[1291, 1500, 1500, 1500]","[-25.08, 0.0, 0.0, 0.0]","[-0.39303214453124996, 2.4899697265625, 10.228795636718749]",0,4482.7412109375,0,31.18289710998535,"[0.0, 3.26538085884, 13.64135741964]","[0, 0, 0]",0,3,0.0,0.0,4.485,0,0,0,4294967.295,3750040.32,0,74900,0,29.652244567871094,35.700660705566406,-0.3958393633365631,0,state.APOGEE,1140,-22,0,-23,-0.0058062998577952385,4713,4713,"[10.4, 0.5, 16.5, 10.6, 15.9, 15.9, 0, 0]","[3.646, 3.647, 3.647]",0.262,"[2.9952, 3.3120000000000003, 5.0048, 7.3664000000000005, 8.4304, 27.824]","[0.030625, 0.253125, -0.00375, -0.003125, -0.0025, -0.00375]",0,0,29.5,"[1, 1, 1, 1, 1, 1]",45.11140093461829,42.3601393,-71.093389,3,-22.616
1774902951.837034,"[0, 0, 0, 0, 0, 0]","[1291, 1500, 1500, 1500]","[-25.08, 0.0, 0.0, 0.0]","[-0.3754108203125, 2.522147796875, 10.2249649140625]",0,4480.38427734375,0,31.178525161743163,"[0.0, -12.11547851364, -2.56347656208]","[0, 0, 0]",0,3,0.0,0.0,4.481,0,0,0,4294967.295,3750040.32,0,74954,0,29.522258758544922,35.82395935058594,-0.3958393633365631,0,state.APOGEE,1141,-22,0,-23,-0.005618561990559101,4713,4713,"[10.6, 0.5, 16.5, 10.6, 15.5, 17.0, 0, 0]","[3.646, 3.647, 3.647]",0.262,"[2.9952, 3.3136, 5.0048, 7.3632, 8.4496, 27.8288]","[0.041875, 0.601875, -0.001875, -0.000625, -0.001875, -0.003125]",0,0,29.5,"[1, 1, 1, 1, 1, 1]",45.12633742215091,42.3601393,-71.093389,3,-22.616
1774902951.8945403,"[0, 0, 0, 0, 0, 0]","[1291, 1500, 1500, 1500]","[-25.08, 0.0, 0.0, 0.0]","[-0.36391865234375, 2.51908321875, 10.220368046875]",0,4478.0263671875,0,31.178525161743163,"[0.0, 4.48608398364, 7.50732421752]","[0, 0, 0]",0,3,0.0,0.0,4.481,0,0,0,4294967.295,3750040.32,0,75014,0,29.523773193359375,35.798309326171875,-0.3958393633365631,0,state.APOGEE,1142,-22,0,-23,-0.005432599689811468,4713,4713,"[10.4, 0.5, 17.0, 10.4, 16.5, 16.5, 0, 0]","[3.646, 3.647, 3.647]",0.262,"[2.9952, 3.3136, 5.0048, 7.3632, 8.4496, 27.8288]","[0.041875, 0.601875, -0.001875, -0.000625, -0.001875, -0.003125]",0,0,29.5,"[1, 1, 1, 1, 1, 1]",45.10876036281989,42.3601393,-71.0933881,3,-22.596
1774902951.954057,"[0, 0, 0, 0, 0, 0]","[1291, 1500, 1500, 1500]","[-25.08, 0.0, 0.0, 0.0]","[-0.37924154296875, 2.51218791796875, 10.224198769531249]",0,4475.66552734375,0,31.18289710998535,"[0.0, -6.7443847645199995, 0.6103515624]","[0, 0, 0]",0,3,0.0,0.0,4.477,0,0,0,4294967.295,3750040.32,0,75074,0,29.447141647338867,35.89784622192383,-0.3958393633365631,0,state.APOGEE,1143,-22,0,-23,-0.005253674928098917,4713,4713,"[10.6, 0.5, 16.5, 10.4, 16.5, 17.0, 0, 0]","[3.646, 3.647, 3.647]",0.262,"[2.9952, 3.3072000000000004, 5.0016, 7.3632, 8.4464, 27.8256]","[0.033125, 0.626875, 0.001875, -0.001875, -0.004375, -0.0025]",0,0,29.5,"[1, 1, 1, 1, 1, 1]",45.137222870466665,42.3601393,-71.0933873,3,-22.564
1774902952.0140557,"[0, 0, 0, 0, 0, 0]","[1291, 1500, 1500, 1500]","[-25.08, 0.0, 0.0, 0.0]","[-0.34399889453125, 2.52444623046875, 10.221134191406248]",0,4473.30322265625,0,31.191641006469727,"[0.0, -11.32202148252, -15.04516601316]","[0, 0, 0]",0,3,0.0,0.0,4.473,0,0,0,4294967.295,3750040.32,0,75134,0,29.47310447692871,36.0180549621582,-0.3958393633365631,0,state.APOGEE,1144,-22,0,-23,-0.0050787837244570255,4713,4713,"[10.6, 0.5, 15.5, 10.8, 17.0, 17.6, 0, 0]","[3.646, 3.647, 3.647]",0.262,"[2.9952, 3.3072000000000004, 5.0016, 7.3632, 8.4464, 27.8256]","[0.033125, 0.626875, 0.001875, -0.001875, -0.004375, -0.0025]",0,0,29.5,"[1, 1, 1, 1, 1, 1]",45.23842443717338,42.3601393,-71.0933873,3,-22.564
1774902952.0715806,"[0, 0, 0, 0, 0, 0]","[1291, 1500, 1500, 1500]","[-25.08, 0.0, 0.0, 0.0]","[-0.35932178515625, 2.5336399648437498, 10.215005035156251]",0,4471.33447265625,0,31.178525161743163,"[0.0, 1.92260742156, 1.55639648412]","[0, 0, 0]",0,3,0.0,0.0,4.473,0,0,0,4294967.295,3750040.32,0,75188,0,29.321002960205078,36.049171447753906,-0.3958393633365631,0,state.APOGEE,1145,-22,0,-23,-0.004937699995934963,4713,4713,"[11.1, 0.5, 15.5, 10.4, 15.5, 17.0, 0, 0]","[3.646, 3.647, 3.647]",0.262,"[2.9952, 3.3104, 5.0048, 7.364800000000001, 8.457600000000001, 27.8272]","[0.03375, 0.48875, 0.003125, 0.000625, -0.003125, -0.000625]",0,0,29.5,"[1, 1, 1, 1, 1, 1]",45.175819514410904,42.3601391,-71.0933871,3,-22.545
1774902952.1275845,"[0, 0, 0, 0, 0, 0]","[1291, 1500, 1500, 1500]","[-25.08, 0.0, 0.0, 0.0]","[-0.37464467578124994, 2.52751080859375, 10.23032792578125]",0,4468.96923828125,0,31.169781265258788,"[0.0, -1.86157226532, -0.3051757812]","[0, 0, 0]",0,3,0.0,0.0,4.469,0,0,0,4294967.295,3750040.32,0,75248,0,29.635663986206055,36.116912841796875,-0.3958393633365631,0,state.APOGEE,1146,-22,0,-23,-0.00477250013500452,4713,4713,"[10.2, 0.5, 16.5, 10.8, 15.9, 16.5, 0, 0]","[3.646, 3.647, 3.647]",0.262,"[2.9952, 3.3104, 5.0048, 7.364800000000001, 8.457600000000001, 27.8272]","[0.03375, 0.48875, 0.003125, 0.000625, -0.003125, -0.000625]",0,0,29.5,"[1, 1, 1, 1, 1, 1]",45.400780907087466,42.3601391,-71.0933871,3,-22.545
1774902952.1883614,"[0, 0, 0, 0, 0, 0]","[1291, 1500, 1500, 1500]","[-25.08, 0.0, 0.0, 0.0]","[-0.376943109375, 2.51678478515625, 10.22956178125]",0,4466.6025390625,0,31.1654093170166,"[0.0, -4.97436523356, 7.3242187488]","[0, 0, 0]",0,3,0.0,0.0,4.469,0,0,0,4294967.295,3750040.32,0,75308,0,29.859378814697266,36.118709564208984,-0.3958393633365631,0,state.APOGEE,1147,-22,0,-23,-0.00461026094853878,4713,4713,"[10.6, 0.5, 15.9, 10.2, 15.9, 17.0, 0, 0]","[3.646, 3.647, 3.647]",0.262,"[2.9968000000000004, 3.3120000000000003, 5.0048, 7.3632, 8.464, 27.8272]","[0.036875, 0.22125, 0.00125, -0.004375, -0.003125, 0.00125]",0,0,29.5,"[1, 1, 1, 1, 1, 1]",45.52786611763571,42.3601393,-71.0933864,3,-22.542
1774902952.2504008,"[0, 0, 0, 0, 0, 0]","[1291, 1500, 1500, 1500]","[-25.08, 0.0, 0.0, 0.0]","[-0.35472491796875, 2.53517225390625, 10.23032792578125]",0,4464.232421875,0,31.161037368774416,"[0.0, -4.60815429612, -1.0681152342]","[0, 0, 0]",0,3,0.0,0.0,4.465,0,0,0,4294967.295,3750040.32,0,75368,0,29.801347732543945,36.170021057128906,-0.3958393633365631,0,state.APOGEE,1148,-22,0,-23,-0.004455391317605972,4713,4713,"[10.6, 0.5, 17.0, 10.4, 16.5, 16.5, 0, 0]","[3.646, 3.647, 3.647]",0.262,"[2.9968000000000004, 3.3104, 5.0048, 7.3664000000000005, 8.443200000000001, 27.8272]","[0.031875, 0.209375, -0.00375, -0.001875, -0.003125, -0.00125]",0,0,29.5,"[1, 1, 1, 1, 1, 1]",45.53199140480524,42.360139,-71.0933865,3,-22.534
1774902952.3023987,"[0, 0, 0, 0, 0, 0]","[1291, 1500, 1500, 1500]","[-25.08, 0.0, 0.0, 0.0]","[-0.35319262890625003, 2.5052926171875, 10.198916]",0,4461.86181640625,0,31.1654093170166,"[0.0, 6.0119628896399995, -3.11279296824]","[0, 0, 0]",0,3,0.0,0.0,4.465,0,0,0,4294967.295,3750040.32,0,75422,0,29.682153701782227,36.23665237426758,-0.3958393633365631,0,state.APOGEE,1149,-22,0,-23,-0.004302459768950939,4713,4713,"[11.1, 0.5, 17.0, 10.6, 15.9, 17.6, 0, 0]","[3.646, 3.647, 3.647]",0.262,"[2.9968000000000004, 3.3104, 5.0048, 7.3664000000000005, 8.443200000000001, 27.8272]","[0.031875, 0.209375, -0.00375, -0.001875, -0.003125, -0.00125]",0,0,29.5,"[1, 1, 1, 1, 1, 1]",45.51301122680678,42.360139,-71.0933865,3,-22.534
1774902952.3619063,"[0, 0, 0, 0, 0, 0]","[1291, 1500, 1500, 1500]","[-25.08, 0.0, 0.0, 0.0]","[-0.36085407421875, 2.5114217734374997, 10.22956178125]",0,4459.48974609375,0,31.161037368774416,"[0.0, 11.99340820116, 12.39013671672]","[0, 0, 0]",0,3,0.0,0.0,4.461,0,0,0,4294967.295,3750040.32,0,75482,0,29.717573165893555,36.12800598144531,-0.3958393633365631,0,state.APOGEE,1150,-22,0,-23,-0.004153399728238583,4713,4713,"[10.6, 0.5, 15.9, 10.6, 15.5, 17.0, 0, 0]","[3.646, 3.647, 3.647]",0.262,"[2.9968000000000004, 3.3120000000000003, 5.0032000000000005, 7.364800000000001, 8.440000000000001, 27.8272]","[0.036875, 0.2575, -0.004375, 0.0, -0.0025, -0.00625]",0,0,29.5,"[1, 1, 1, 1, 1, 1]",45.4547409204927,42.3601387,-71.09338749999999,3,-22.515
1774902952.422908,"[0, 0, 0, 0, 0, 0]","[1291, 1500, 1500, 1500]","[-25.08, 0.0, 0.0, 0.0]","[-0.35472491796875, 2.5267446640624995, 10.233392503906249]",0,4457.11669921875,0,31.169781265258788,"[0.0, -0.09155273436, 5.6457519521999995]","[0, 0, 0]",0,3,0.0,0.0,4.457,0,0,0,4294967.295,3750040.32,0,75542,0,29.993104934692383,36.397151947021484,-0.3958393633365631,0,state.APOGEE,1151,-21,0,-23,-0.004010100848972797,4713,4713,"[10.4, 0.5, 17.0, 10.8, 15.9, 17.0, 0, 0]","[3.646, 3.647, 3.647]",0.262,"[2.9968000000000004, 3.3120000000000003, 5.0032000000000005, 7.364800000000001, 8.440000000000001, 27.8272]","[0.036875, 0.2575, -0.004375, 0.0, -0.0025, -0.00625]",0,0,29.5,"[1, 1, 1, 1, 1, 1]",45.8026096909327,42.3601387,-71.09338749999999,3,-22.515
1774902952.4854276,"[0, 0, 0, 0, 0, 0]","[1291, 1500, 1500, 1500]","[-25.08, 0.0, 0.0, 0.0]","[-0.36698323046875, 2.5198493632812498, 10.226497203124998]",0,4454.74267578125,0,31.147921524047852,"[0.0, 2.71606445268, 4.51660156176]","[0, 0, 0]",0,3,0.0,0.0,4.457,0,0,0,4294967.295,3750040.32,0,75602,0,29.910982131958008,36.47220993041992,-0.3958393633365631,0,state.APOGEE,1152,-21,0,-22,-0.0038686867337673903,4713,4713,"[10.2, 0.5, 15.9, 10.6, 15.5, 15.9, 0, 0]","[3.646, 3.647, 3.647]",0.262,"[2.9968000000000004, 3.3120000000000003, 5.0032000000000005, 7.3616, 8.456000000000001, 27.8256]","[0.034375, 0.22125, -0.003125, -0.003125, -0.005625, -0.000625]",0,0,29.5,"[1, 1, 1, 1, 1, 1]",45.81047085653371,42.360138,-71.0933885,3,-22.527
1774902952.5384295,"[0, 0, 0, 0, 0, 0]","[1291, 1500, 1500, 1500]","[-25.08, 0.0, 0.0, 0.0]","[-0.35778949609375, 2.51218791796875, 10.210408167968751]",0,4452.76318359375,0,31.156665420532228,"[0.0, 1.6784667966, 0.97656249984]","[0, 0, 0]",0,3,0.0,0.0,4.453,0,0,0,4294967.295,3750040.32,0,75656,0,30.192895889282227,36.45950698852539,-0.3958393633365631,0,state.APOGEE,1153,-21,0,-22,-0.00375579996034503,4713,4713,"[10.6, 0.5, 15.9, 10.4, 16.5, 15.5, 0, 0]","[3.646, 3.647, 3.647]",0.262,"[2.9968000000000004, 3.3120000000000003, 5.0032000000000005, 7.3616, 8.456000000000001, 27.8256]","[0.034375, 0.22125, -0.003125, -0.003125, -0.005625, -0.000625]",0,0,29.5,"[1, 1, 1, 1, 1, 1]",45.95951031214417,42.360138,-71.0933885,3,-22.527
1774902952.5959382,"[0, 0, 0, 0, 0, 0]","[1291, 1500, 1500, 1500]","[-25.08, 0.0, 0.0, 0.0]","[-0.37311238671874997, 2.52597851953125, 10.214238890625]",0,4450.38720703125,0,31.156665420532228,"[0.0, 3.44848632756, -3.47900390568]","[0, 0, 0]",0,3,0.0,0.0,4.453,0,0,0,4294967.295,3750040.32,0,75716,0,30.109249114990234,36.330101013183594,-0.3958393633365631,0,state.APOGEE,1154,-21,0,-22,-0.0036215379368513823,4713,4713,"[10.6, 0.5, 16.5, 10.4, 16.5, 16.5, 0, 0]","[3.646, 3.647, 3.647]",0.262,"[2.9968000000000004, 3.3152000000000004, 5.0048, 7.368, 8.4448, 27.8288]","[0.03875, 0.628125, -0.000625, -0.004375, 0.00125, -0.003125]",0,0,29.5,"[1, 1, 1, 1, 1, 1]",45.81993765159085,42.3601376,-71.09339039999999,3,-22.533
1774902952.660449,"[0, 0, 0, 0, 0, 0]","[1291, 1500, 1500, 1500]","[-25.08, 0.0, 0.0, 0.0]","[-0.3600879296875, 2.5045264726562495, 10.223432625]",0,4448.009765625,0,31.147921524047852,"[0.0, -5.21850585852, -0.33569335932]","[0, 0, 0]",0,3,0.0,0.0,4.449,0,0,0,4294967.295,3750040.576,0,75776,0,30.057994842529297,36.47231674194336,-0.3958393633365631,0,state.APOGEE,1155,-21,0,-22,-0.0034935493022203445,4713,4713,"[10.6, 0.5, 17.0, 10.4, 16.5, 17.0, 0, 0]","[3.646, 3.647, 3.647]",0.262,"[2.9968000000000004, 3.3152000000000004, 5.0048, 7.368, 8.4448, 27.8288]","[0.03875, 0.628125, -0.000625, -0.004375, 0.00125, -0.003125]",0,0,29.5,"[1, 1, 1, 1, 1, 1]",45.89288728255093,42.3601368,-71.0933924,3,-22.548
1774902952.720755,"[0, 0, 0, 0, 0, 0]","[1291, 1500, 1500, 1500]","[-25.08, 0.0, 0.0, 0.0]","[-0.36238636328125, 2.52597851953125, 10.206577445312499]",0,4445.63037109375,0,31.13480567932129,"[0.0, 2.71606445268, 3.23486328072]","[0, 0, 0]",0,3,0.0,0.0,4.446,0,0,0,4294967.295,3750040.576,0,75836,0,30.21851348876953,36.51259994506836,-0.3958393633365631,0,state.APOGEE,1156,-21,0,-23,-0.0033668263349682093,4713,4713,"[10.6, 0.5, 15.9, 10.6, 15.5, 16.5, 0, 0]","[3.646, 3.647, 3.647]",0.262,"[2.9952, 3.3104, 5.0048, 7.3632, 8.443200000000001, 27.8256]","[0.038125, 0.61125, 0.0025, 0.000625, -0.00125, -0.0025]",0,0,29.5,"[1, 1, 1, 1, 1, 1]",46.011857436381,42.3601368,-71.0933924,3,-22.548
1774902952.7722707,"[0, 0, 0, 0, 0, 0]","[1291, 1500, 1500, 1500]","[-25.08, 0.0, 0.0, 0.0]","[-0.37311238671874997, 2.51908321875, 10.228029492187499]",0,4443.64599609375,0,31.147921524047852,"[0.0, -0.64086914052, -7.75146484248]","[0, 0, 0]",0,3,0.0,0.0,4.446,0,0,0,4294967.295,3750040.576,0,75890,0,29.914913177490234,36.5213623046875,-0.3958393633365631,0,state.APOGEE,1157,-21,0,-23,-0.0032651000656187534,4713,4713,"[10.6, 0.5, 15.9, 10.6, 15.9, 16.5, 0, 0]","[3.646, 3.647, 3.647]",0.262,"[2.9952, 3.3104, 5.0048, 7.3632, 8.443200000000001, 27.8256]","[0.038125, 0.61125, 0.0025, 0.000625, -0.00125, -0.0025]",0,0,29.5,"[1, 1, 1, 1, 1, 1]",45.84799682219419,42.360136,-71.0933943,3,-22.573
1774902952.830274,"[0, 0, 0, 0, 0, 0]","[1291, 1500, 1500, 1500]","[-25.08, 0.0, 0.0, 0.0]","[-0.36698323046875, 2.5573904453125, 10.20427901171875]",0,4441.26513671875,0,31.126061782836913,"[0.0, 3.32641601508, 0.27465820308]","[0, 0, 0]",0,3,0.0,0.0,4.442,0,0,0,4294967.295,3750040.576,0,75950,0,30.077241897583008,36.57143020629883,-0.3958393633365631,0,state.APOGEE,1158,-22,0,-23,-0.003145785303786397,4713,4713,"[10.2, 0.5, 16.5, 10.8, 15.9, 16.5, 0, 0]","[3.646, 3.647, 3.647]",0.262,"[2.992, 3.3104, 5.0032000000000005, 7.3616, 8.432, 27.8256]","[0.031875, 0.614375, 0.0, 0.0, -0.00125, -0.001875]",0,0,29.5,"[1, 1, 1, 1, 1, 1]",45.97471682028804,42.360136,-71.0933943,3,-22.573
1774902952.8897855,"[0, 0, 0, 0, 0, 0]","[1291, 1500, 1500, 1500]","[-25.08, 0.0, 0.0, 0.0]","[-0.37770925390624993, 2.5022280390624996, 10.228029492187499]",0,4438.8837890625,0,31.13480567932129,"[0.0, -4.60815429612, -5.340576171]","[0, 0, 0]",0,3,0.0,0.0,4.442,0,0,0,4294967.295,3750040.576,0,76010,0,29.93198013305664,36.650169372558594,-0.3958393633365631,0,state.APOGEE,1159,-22,0,-23,-0.003028597217053175,4713,4713,"[10.8, 0.5, 17.0, 11.1, 15.9, 17.0, 0, 0]","[3.646, 3.647, 3.647]",0.262,"[2.992, 3.3104, 5.0032000000000005, 7.3616, 8.432, 27.8256]","[0.031875, 0.614375, 0.0, 0.0, -0.00125, -0.001875]",0,0,29.5,"[1, 1, 1, 1, 1, 1]",45.95017290233314,42.3601361,-71.09339419999999,3,-22.573
1774902952.9553037,"[0, 0, 0, 0, 0, 0]","[1291, 1500, 1500, 1500]","[-25.08, 0.0, 0.0, 0.0]","[-0.37617696484374996, 2.5374706874999995, 10.2188357578125]",0,4436.5009765625,0,31.117317886352538,"[0.0, 19.62280273116, 5.4931640616]","[0, 0, 0]",0,3,0.0,0.0,4.438,0,0,0,4294967.295,3750040.576,0,76070,0,30.317712783813477,36.46344757080078,-0.3958393633365631,0,state.APOGEE,1160,-22,0,-23,-0.00291690812446177,4713,4713,"[10.6, 0.5, 16.5, 10.8, 15.5, 17.0, 0, 0]","[3.646, 3.647, 3.647]",0.262,"[2.9952, 3.3120000000000003, 5.0048, 7.368, 8.4464, 27.822400000000002]","[0.031875, 0.255625, -0.00375, -0.00625, -0.004375, -0.00125]",0,0,29.5,"[1, 1, 1, 1, 1, 1]",46.03264069088035,42.3601369,-71.0933929,3,-22.59
1774902953.0043013,"[0, 0, 0, 0, 0, 0]","[1291, 1500, 1500, 1500]","[-25.08, 0.0, 0.0, 0.0]","[-0.3692816640625, 2.51218791796875, 10.215771179687499]",0,4434.11669921875,0,31.1304337310791,"[0.0, -4.4250488273999995, -9.79614257652]","[0, 0, 0]",0,3,0.0,0.0,4.438,0,0,0,4294967.295,3750040.576,0,76124,0,30.428661346435547,36.509735107421875,-0.3958393633365631,0,state.APOGEE,1161,-22,0,-23,-0.0028077615424990654,4713,4713,"[10.8, 0.5, 15.5, 11.1, 17.0, 16.5, 0, 0]","[3.646, 3.647, 3.647]",0.262,"[2.9952, 3.3120000000000003, 5.0048, 7.3616, 8.4608, 27.8272]","[0.0275, 0.214375, -0.003125, 0.0025, -0.006875, -0.00375]",0,0,29.5,"[1, 1, 1, 1, 1, 1]",46.12822368591955,42.3601369,-71.0933929,3,-22.59
1774902953.0638094,"[0, 0, 0, 0, 0, 0]","[1291, 1500, 1500, 1500]","[-25.08, 0.0, 0.0, 0.0]","[-0.376943109375, 2.5206155078125, 10.220368046875]",0,4431.72998046875,0,31.1304337310791,"[0.0, 2.71606445268, 6.19506835836]","[0, 0, 0]",0,3,0.0,0.0,4.433,0,0,0,4294967.295,3750040.576,0,76184,0,30.271820068359375,36.615936279296875,-0.3958393633365631,0,state.APOGEE,1162,-22,0,-23,-0.0027009700424969196,4713,4713,"[10.8, 0.5, 16.5, 10.8, 16.5, 16.5, 0, 0]","[3.646, 3.647, 3.647]",0.262,"[2.9952, 3.3120000000000003, 5.0048, 7.3616, 8.4608, 27.8272]","[0.0275, 0.214375, -0.003125, 0.0025, -0.006875, -0.00375]",0,0,29.5,"[1, 1, 1, 1, 1, 1]",46.11565563715176,42.3601378,-71.0933921,3,-22.604
1774902953.1268134,"[0, 0, 0, 0, 0, 0]","[1291, 1500, 1500, 1500]","[-25.08, 0.0, 0.0, 0.0]","[-0.37464467578124994, 2.49992960546875, 10.220368046875]",0,4429.34326171875,0,31.117317886352538,"[0.0, -10.34545898268, 3.63159179628]","[0, 0, 0]",0,3,0.0,0.0,4.429,0,0,0,4294967.295,3750040.576,0,76244,0,30.31450843811035,36.78440856933594,-0.3958393633365631,0,state.APOGEE,1163,-22,0,-23,-0.00259750010445714,4713,4713,"[11.1, 0.5, 15.9, 10.8, 16.5, 17.6, 0, 0]","[3.646, 3.647, 3.647]",0.262,"[2.9968000000000004, 3.3088, 5.0048, 7.3664000000000005, 8.4656, 27.8272]","[0.033125, 0.23625000000000002, -0.0025, 0.0025, 0.00125, -0.000625]",0,0,29.5,"[1, 1, 1, 1, 1, 1]",46.260054990812,42.3601378,-71.0933921,3,-22.604
1774902953.1843245,"[0, 0, 0, 0, 0, 0]","[1291, 1500, 1500, 1500]","[-25.08, 0.0, 0.0, 0.0]","[-0.3692816640625, 2.5328738203125, 10.220368046875]",0,4426.95703125,0,31.1304337310791,"[0.0, 15.7165527318, 13.85498046648]","[0, 0, 0]",0,3,0.0,0.0,4.429,0,0,0,4294967.295,3750040.576,0,76304,0,30.62976837158203,36.59579086303711,-0.3958393633365631,0,state.APOGEE,1164,-22,0,-23,-0.002495999913662672,4713,4713,"[10.6, 0.5, 15.5, 10.2, 15.5, 17.0, 0, 0]","[3.646, 3.647, 3.647]",0.262,"[2.9968000000000004, 3.3088, 5.0048, 7.3664000000000005, 8.4656, 27.8272]","[0.033125, 0.23625000000000002, -0.0025, 0.0025, 0.00125, -0.000625]",0,0,29.5,"[1, 1, 1, 1, 1, 1]",46.303043269749175,42.360136999999995,-71.0933922,3,-22.635
1774902953.238978,"[0, 0, 0, 0, 0, 0]","[1291, 1500, 1500, 1500]","[-25.08, 0.0, 0.0, 0.0]","[-0.3662170859375, 2.49686502734375, 10.22726334765625]",0,4424.9677734375,0,31.126061782836913,"[0.0, -3.44848632756, -15.77758788804]","[0, 0, 0]",0,3,0.0,0.0,4.426,0,0,0,4294967.295,3750040.576,0,76358,0,30.485998153686523,36.58306121826172,-0.3958393633365631,0,state.APOGEE,1165,-22,0,-23,-0.00241530011408031,4713,4713,"[10.6, 0.5, 17.0, 10.4, 17.0, 17.0, 0, 0]","[3.646, 3.647, 3.647]",0.262,"[2.9952, 3.3104, 5.0032000000000005, 7.364800000000001, 8.4512, 27.824]","[0.036875, 0.5025000000000001, 0.0, 0.00125, -0.004375, -0.004375]",0,0,29.5,"[1, 1, 1, 1, 1, 1]",46.21276387697887,42.360136999999995,-71.0933922,3,-22.635
1774902953.300493,"[0, 0, 0, 0, 0, 0]","[1291, 1500, 1500, 1500]","[-25.08, 0.0, 0.0, 0.0]","[-0.3600879296875, 2.52291394140625, 10.228795636718749]",0,4422.58056640625,0,31.121689834594726,"[0.0, 0.70190429676, 5.67626953032]","[0, 0, 0]",0,3,0.0,0.0,4.426,0,0,0,4294967.295,3750040.576,0,76418,0,30.43778419494629,36.44024658203125,-0.3958393633365631,0,state.APOGEE,1166,-22,0,-23,-0.0023194318637251854,4713,4713,"[10.8, 0.5, 17.6, 10.4, 17.0, 17.0, 0, 0]","[3.646, 3.647, 3.647]",0.262,"[2.9952, 3.3104, 5.0032000000000005, 7.364800000000001, 8.4512, 27.824]","[0.036875, 0.5025000000000001, 0.0, 0.00125, -0.004375, -0.004375]",0,0,29.5,"[1, 1, 1, 1, 1, 1]",46.083954353681456,42.3601366,-71.09339299999999,3,-22.615
1774902953.357998,"[0, 0, 0, 0, 0, 0]","[1291, 1500, 1500, 1500]","[-25.08, 0.0, 0.0, 0.0]","[-0.3754108203125, 2.5129540624999995, 10.23492479296875]",0,4420.1904296875,0,31.11294593811035,"[0.0, -5.0354003897999995, -17.45605468464]","[0, 0, 0]",0,3,0.0,0.0,4.422,0,0,0,4294967.295,3750040.576,0,76478,0,30.20347785949707,36.48361587524414,-0.3958393633365631,0,state.APOGEE,1167,-21,0,-23,-0.0022268998436629772,4713,4713,"[10.6, 0.5, 16.5, 10.6, 16.5, 16.5, 0, 0]","[3.646, 3.647, 3.647]",0.262,"[2.9952, 3.3120000000000003, 5.0032000000000005, 7.36, 8.4368, 27.8272]","[0.038125, 0.588125, 0.00125, 0.004375, -0.001875, -0.00125]",0,0,29.5,"[1, 1, 1, 1, 1, 1]",45.98269046218843,42.360137099999996,-71.09338389999999,3,-23.247
1774902953.4210103,"[0, 0, 0, 0, 0, 0]","[1291, 1500, 1500, 1500]","[-25.08, 0.0, 0.0, 0.0]","[-0.36698323046875, 2.5129540624999995, 10.2188357578125]",0,4417.80029296875,0,31.104202041625978,"[0.0, -12.6647949198, -10.00976562336]","[0, 0, 0]",0,3,0.0,0.0,4.418,0,0,0,4294967.295,3750040.576,0,76538,0,30.186382293701172,36.71615219116211,-0.3958393633365631,0,state.APOGEE,1168,-22,0,-23,-0.0021367999725043774,4713,4713,"[10.6, 0.5, 16.5, 10.6, 15.9, 16.5, 0, 0]","[3.646, 3.647, 3.647]",0.262,"[2.9952, 3.3120000000000003, 5.0032000000000005, 7.36, 8.4368, 27.8272]","[0.038125, 0.588125, 0.00125, 0.004375, -0.001875, -0.00125]",0,0,29.5,"[1, 1, 1, 1, 1, 1]",46.13951958650757,42.360137099999996,-71.09338389999999,3,-23.247
1774902953.472515,"[0, 0, 0, 0, 0, 0]","[1291, 1500, 1500, 1500]","[-25.08, 0.0, 0.0, 0.0]","[-0.3478296171875, 2.5328738203125, 10.2188357578125]",0,4415.41015625,0,31.108573989868162,"[0.0, -1.43432617164, -6.46972656144]","[0, 0, 0]",0,3,0.0,0.0,4.418,0,0,0,4294967.295,3750040.576,0,76592,0,29.944324493408203,36.6970100402832,-0.3958393633365631,0,state.APOGEE,1169,-22,0,-23,-0.002049004891887307,4713,4713,"[10.6, 0.5, 15.9, 10.8, 15.9, 16.5, 0, 0]","[3.646, 3.647, 3.647]",0.262,"[2.9952, 3.3136, 5.0016, 7.3632, 8.4352, 27.8256]","[0.031875, 0.56, 0.004375, 0.001875, 0.000625, 0.000625]",0,0,29.5,"[1, 1, 1, 1, 1, 1]",45.99076367834246,42.3601373,-71.09338269999999,3,-23.218
1774902953.5345206,"[0, 0, 0, 0, 0, 0]","[1291, 1500, 1500, 1500]","[-25.08, 0.0, 0.0, 0.0]","[-0.367749375, 2.5098894843749995, 10.223432625]",0,4413.01806640625,0,31.121689834594726,"[0.0, -1.43432617164, -2.38037109336]","[0, 0, 0]",0,3,0.0,0.0,4.413,0,0,0,4294967.295,3750040.576,0,76652,0,30.070295333862305,36.7288703918457,-0.3958393633365631,0,state.APOGEE,1170,-22,0,-23,-0.0019644000567495823,4713,4713,"[10.8, 0.5, 15.9, 10.8, 15.9, 16.5, 0, 0]","[3.646, 3.647, 3.647]",0.262,"[2.9952, 3.3136, 5.0016, 7.3632, 8.4352, 27.8256]","[0.031875, 0.56, 0.004375, 0.001875, 0.000625, 0.000625]",0,0,29.5,"[1, 1, 1, 1, 1, 1]",46.08384084916317,42.3601373,-71.09338269999999,3,-23.218
1774902953.5960267,"[0, 0, 0, 0, 0, 0]","[1291, 1500, 1500, 1500]","[-25.08, 0.0, 0.0, 0.0]","[-0.3662170859375, 2.51525249609375, 10.21806961328125]",0,4410.6259765625,0,31.09983009338379,"[0.0, 3.26538085884, 2.65502929644]","[0, 0, 0]",0,3,0.0,0.0,4.413,0,0,0,4294967.295,3750040.576,0,76712,0,30.328821182250977,36.648250579833984,-0.3958393633365631,0,state.APOGEE,1171,-22,0,-23,-0.0018815761432051659,4713,4713,"[10.4, 0.5, 16.5, 10.2, 15.0, 17.6, 0, 0]","[3.646, 3.647, 3.647]",0.262,"[2.9936000000000003, 3.3136, 5.0016, 7.3632, 8.459200000000001, 27.8272]","[0.03, 0.23500000000000001, 0.0025, -0.000625, 0.00125, 0.001875]",0,0,29.5,"[1, 1, 1, 1, 1, 1]",46.17074809320956,42.3601379,-71.09338079999999,3,-23.227
1774902953.6545384,"[0, 0, 0, 0, 0, 0]","[1291, 1500, 1500, 1500]","[-25.08, 0.0, 0.0, 0.0]","[-0.36391865234375, 2.52904309765625, 10.215005035156251]",0,4408.23388671875,0,31.108573989868162,"[0.0, 3.87573242124, 2.31933593712]","[0, 0, 0]",0,3,0.0,0.0,4.409,0,0,0,4294967.295,3750040.576,0,76772,0,30.348346710205078,36.714813232421875,-0.3958393633365631,0,state.APOGEE,1172,-22,0,-23,-0.0018015801906585693,4713,4713,"[10.4, 0.5, 16.5, 10.4, 15.5, 17.0, 0, 0]","[3.646, 3.647, 3.647]",0.262,"[2.9936000000000003, 3.3136, 5.0016, 7.3632, 8.459200000000001, 27.8272]","[0.03, 0.23500000000000001, 0.0025, -0.000625, 0.00125, 0.001875]",0,0,29.5,"[1, 1, 1, 1, 1, 1]",46.22925299215841,42.3601402,-71.0933771,3,-23.233
1774902953.7062807,"[0, 0, 0, 0, 0, 0]","[1291, 1500, 1500, 1500]","[-25.08, 0.0, 0.0, 0.0]","[-0.367749375, 2.549729, 10.2310940703125]",0,4406.23974609375,0,31.095458145141603,"[0.0, 1.49536132788, 12.72583007604]","[0, 0, 0]",0,3,0.0,0.0,4.406,0,0,0,4294967.295,3750040.576,0,76826,0,30.313573837280273,36.82497024536133,-0.3958393633365631,0,state.APOGEE,1173,-22,0,-23,-0.0017362736398354173,4713,4713,"[10.6, 0.5, 15.9, 10.8, 15.0, 16.5, 0, 0]","[3.646, 3.647, 3.647]",0.262,"[2.9968000000000004, 3.3104, 5.0016, 7.364800000000001, 8.443200000000001, 27.8272]","[0.03125, 0.255625, -0.004375, -0.00125, -0.00375, -0.00375]",0,0,29.5,"[1, 1, 1, 1, 1, 1]",46.288560691816045,42.3601402,-71.0933771,3,-23.233
1774902953.7712967,"[0, 0, 0, 0, 0, 0]","[1291, 1500, 1500, 1500]","[-25.08, 0.0, 0.0, 0.0]","[-0.37387853125, 2.4991634609374995, 10.221900335937498]",0,4403.84619140625,0,31.11294593811035,"[0.0, -9.73510742028, 3.2043457026]","[0, 0, 0]",0,3,0.0,0.0,4.406,0,0,0,4294967.295,3750040.576,0,76886,0,30.380098342895508,36.941566467285156,-0.3958393633365631,0,state.APOGEE,1174,-23,0,-23,-0.0016601658426225185,4713,4713,"[10.6, 0.5, 16.5, 10.6, 15.9, 17.0, 0, 0]","[3.646, 3.647, 3.647]",0.262,"[2.9952, 3.3104, 5.0032000000000005, 7.368, 8.4544, 27.8256]","[0.030625, 0.226875, -0.00375, -0.0025, -0.00125, -0.0025]",0,0,29.5,"[1, 1, 1, 1, 1, 1]",46.40917978998975,42.360141399999996,-71.0933752,3,-23.26
1774902953.8263006,"[0, 0, 0, 0, 0, 0]","[1291, 1500, 1500, 1500]","[-25.08, 0.0, 0.0, 0.0]","[-0.37770925390624993, 2.5129540624999995, 10.21730346875]",0,4401.45068359375,0,31.11294593811035,"[0.0, -2.22778320276, -1.03759765608]","[0, 0, 0]",0,3,0.0,0.0,4.402,0,0,0,4294967.295,3750040.576,0,76946,0,30.51104736328125,37.1283073425293,-0.3958393633365631,0,state.APOGEE,1175,-23,0,-24,-0.0015861999709159136,4713,4713,"[10.6, 0.5, 17.0, 10.4, 15.5, 16.5, 0, 0]","[3.646, 3.647, 3.647]",0.262,"[2.9952, 3.3104, 5.0032000000000005, 7.368, 8.4544, 27.8256]","[0.030625, 0.226875, -0.00375, -0.0025, -0.00125, -0.0025]",0,0,29.5,"[1, 1, 1, 1, 1, 1]",46.61583568081847,42.360141399999996,-71.0933752,3,-23.26
1774902953.887808,"[0, 0, 0, 0, 0, 0]","[1291, 1500, 1500, 1500]","[-25.08, 0.0, 0.0, 0.0]","[-0.3662170859375, 2.5405352656249995, 10.221134191406248]",0,4399.05517578125,0,31.095458145141603,"[0.0, -0.4577636718, -9.27734374848]","[0, 0, 0]",0,3,0.0,0.0,4.402,0,0,0,4294967.295,3750040.576,0,77006,0,30.4735164642334,37.16126251220703,-0.3958393633365631,0,state.APOGEE,1176,-23,0,-24,-0.0015137001173570752,4713,4713,"[10.4, 0.5, 17.6, 10.4, 15.9, 16.5, 0, 0]","[3.646, 3.647, 3.647]",0.262,"[2.9984, 3.3120000000000003, 5.0064, 7.3616, 8.4352, 27.8272]","[0.035, 0.244375, -0.005625, -0.003125, -0.003125, -0.00375]",0,0,29.5,"[1, 1, 1, 1, 1, 1]",46.61854215464699,42.360142599999996,-71.093374,3,-23.284
1774902953.9398155,"[0, 0, 0, 0, 0, 0]","[1291, 1500, 1500, 1500]","[-25.08, 0.0, 0.0, 0.0]","[-0.38460455468749993, 2.4685176796875, 10.232626359374999]",0,4397.05859375,0,31.108573989868162,"[0.0, 6.0119628896399995, 0.27465820308]","[0, 0, 0]",0,3,0.0,0.0,4.398,0,0,0,4294967.295,3750040.576,0,77060,0,30.53805923461914,37.249366760253906,-0.3958393633365631,0,state.APOGEE,1177,-23,0,-24,-0.0014561001444235444,4713,4713,"[10.4, 0.5, 16.5, 10.4, 15.9, 15.5, 0, 0]","[3.646, 3.647, 3.647]",0.262,"[2.9984, 3.3120000000000003, 5.0064, 7.3616, 8.4352, 27.8272]","[0.035, 0.244375, -0.005625, -0.003125, -0.003125, -0.00375]",0,0,29.5,"[1, 1, 1, 1, 1, 1]",46.717519627438875,42.360142599999996,-71.093374,3,-23.284
1774902954.0043283,"[0, 0, 0, 0, 0, 0]","[1291, 1500, 1500, 1500]","[-25.08, 0.0, 0.0, 0.0]","[-0.36545094140624995, 2.50682490625, 10.195085277343749]",0,4394.6630859375,0,31.07797035217285,"[0.0, -5.4016113272399995, -15.4113769506]","[0, 0, 0]",0,3,0.0,0.0,4.398,0,0,0,4294967.295,3750040.576,0,77120,0,30.520936965942383,37.1614875793457,-0.3958393633365631,0,state.APOGEE,1178,-23,0,-24,-0.0013877775054425001,4713,4713,"[11.1, 0.5, 15.9, 10.6, 16.5, 15.9, 0, 0]","[3.646, 3.647, 3.647]",0.262,"[2.9968000000000004, 3.3120000000000003, 5.0048, 7.3664000000000005, 8.432, 27.8272]","[0.031875, 0.26, 0.00125, 0.000625, -0.003125, -0.00375]",0,0,29.5,"[1, 1, 1, 1, 1, 1]",46.64508576194267,42.3601428,-71.09337289999999,3,-23.296
1774902954.0608344,"[0, 0, 0, 0, 0, 0]","[1291, 1500, 1500, 1500]","[-25.08, 0.0, 0.0, 0.0]","[-0.38000768749999997, 2.5075910507812496, 10.257909128906249]",0,4392.26708984375,0,31.08234230041504,"[0.0, 6.19506835836, 5.2795410147599995]","[0, 0, 0]",0,3,0.0,0.0,4.394,0,0,0,4294967.295,3750040.576,0,77180,0,30.5914363861084,37.19810485839844,-0.3958393633365631,0,state.APOGEE,1179,-23,0,-24,-0.001321599935181439,4713,4713,"[10.8, 0.5, 15.9, 10.8, 15.5, 15.9, 0, 0]","[3.646, 3.647, 3.647]",0.262,"[2.9968000000000004, 3.3120000000000003, 5.0048, 7.3664000000000005, 8.432, 27.8272]","[0.031875, 0.26, 0.00125, 0.000625, -0.003125, -0.00375]",0,0,29.5,"[1, 1, 1, 1, 1, 1]",46.71053029668055,42.360143,-71.0933721,3,-23.301
1774902954.1208358,"[0, 0, 0, 0, 0, 0]","[1291, 1500, 1500, 1500]","[-25.08, 0.0, 0.0, 0.0]","[-0.35166033984374995, 2.5183170742187495, 10.214238890625]",0,4389.87158203125,0,31.09983009338379,"[0.0, 1.31225585916, 3.051757812]","[0, 0, 0]",0,3,0.0,0.0,4.39,0,0,0,4294967.295,3750040.576,0,77240,0,30.766315460205078,37.143157958984375,-0.3958393633365631,0,state.APOGEE,1180,-22,0,-23,-0.0012572999112308025,4713,4713,"[10.4, 0.5, 17.0, 11.1, 15.9, 15.9, 0, 0]","[3.646, 3.647, 3.647]",0.262,"[2.9952, 3.3136, 5.0032000000000005, 7.3632, 8.464, 27.8288]","[0.026875, 0.598125, 0.005, 0.000625, -0.00125, 0.00125]",0,0,29.5,"[1, 1, 1, 1, 1, 1]",46.76895584127581,42.360143,-71.0933721,3,-23.301
1774902954.1743467,"[0, 0, 0, 0, 0, 0]","[1291, 1500, 1500, 1500]","[-25.08, 0.0, 0.0, 0.0]","[-0.376943109375, 2.52291394140625, 10.23645708203125]",0,4387.4755859375,0,31.091086196899415,"[0.0, -6.5612792958, 4.8828124992]","[0, 0, 0]",0,3,0.0,0.0,4.39,0,0,0,4294967.295,3750040.576,0,77294,0,30.5850772857666,37.22591018676758,-0.3958393633365631,0,state.APOGEE,1181,-22,0,-23,-0.0011946000158786774,4713,4713,"[10.8, 0.5, 15.9, 10.6, 16.5, 16.5, 0, 0]","[3.646, 3.647, 3.647]",0.262,"[2.9952, 3.3136, 5.0032000000000005, 7.3632, 8.464, 27.8288]","[0.026875, 0.598125, 0.005, 0.000625, -0.00125, 0.00125]",0,0,29.5,"[1, 1, 1, 1, 1, 1]",46.726874672125525,42.3601435,-71.0933713,3,-23.287
1774902954.2348638,"[0, 0, 0, 0, 0, 0]","[1291, 1500, 1500, 1500]","[-25.08, 0.0, 0.0, 0.0]","[-0.38843527734375, 2.53134153125, 10.23952166015625]",0,4385.07666015625,0,31.095458145141603,"[0.0, -3.44848632756, -6.07299804588]","[0, 0, 0]",0,3,0.0,0.0,4.385,0,0,0,4294967.295,3750040.576,0,77354,0,30.533187866210938,37.23019027709961,-0.3958393633365631,0,state.APOGEE,1182,-23,0,-23,-0.0011345134116709232,4713,4713,"[10.6, 0.5, 15.9, 10.6, 16.5, 17.0, 0, 0]","[3.646, 3.647, 3.647]",0.262,"[2.9968000000000004, 3.3104, 5.0032000000000005, 7.3616, 8.440000000000001, 27.8288]","[0.035625000000000004, 0.63125, 0.0, 0.00125, -0.00125, 0.000625]",0,0,29.5,"[1, 1, 1, 1, 1, 1]",46.701080667597076,42.3601435,-71.0933713,3,-23.287
1774902954.2953644,"[0, 0, 0, 0, 0, 0]","[1291, 1500, 1500, 1500]","[-25.08, 0.0, 0.0, 0.0]","[-0.3815399765625, 2.52444623046875, 10.223432625]",0,4382.677734375,0,31.104202041625978,"[0.0, -1.86157226532, 2.47192382772]","[0, 0, 0]",0,3,0.0,0.0,4.385,0,0,0,4294967.295,3750040.576,0,77414,0,30.31131935119629,37.44015121459961,-0.3958393633365631,0,state.APOGEE,1183,-22,0,-23,-0.0010751999216154218,4713,4713,"[10.2, 0.5, 16.5, 10.6, 17.0, 18.2, 0, 0]","[3.646, 3.647, 3.647]",0.262,"[2.9968000000000004, 3.3104, 5.0032000000000005, 7.3616, 8.440000000000001, 27.8288]","[0.035625000000000004, 0.63125, 0.0, 0.00125, -0.00125, 0.000625]",0,0,29.5,"[1, 1, 1, 1, 1, 1]",46.72920993148299,42.3601436,-71.0933708,3,-23.321
1774902954.3558729,"[0, 0, 0, 0, 0, 0]","[1291, 1500, 1500, 1500]","[-25.08, 0.0, 0.0, 0.0]","[-0.34859576171874995, 2.5236800859374995, 10.228029492187499]",0,4380.2802734375,0,31.11294593811035,"[0.0, 9.97924804524, 3.78417968688]","[0, 0, 0]",0,3,0.0,0.0,4.381,0,0,0,4294967.295,3750040.576,0,77474,0,30.38389015197754,37.245445251464844,-0.3958393633365631,0,state.APOGEE,1184,-22,0,-23,-0.0010181982070207596,4713,4713,"[10.6, 0.5, 16.5, 10.6, 15.9, 16.5, 0, 0]","[3.646, 3.647, 3.647]",0.262,"[2.9952, 3.3088, 5.0048, 7.3632, 8.4832, 27.820800000000002]","[0.035, 0.250625, 0.0, 0.0, -0.000625, -0.00625]",0,0,29.5,"[1, 1, 1, 1, 1, 1]",46.629183340017576,42.360144399999996,-71.09336929999999,3,-23.308
1774902954.4088724,"[0, 0, 0, 0, 0, 0]","[1291, 1500, 1500, 1500]","[-25.08, 0.0, 0.0, 0.0]","[-0.36315250781249997, 2.5183170742187495, 10.20887587890625]",0,4378.2822265625,0,31.108573989868162,"[0.0, 4.6691894523599995, 3.78417968688]","[0, 0, 0]",0,3,0.0,0.0,4.378,0,0,0,4294967.295,3750040.576,0,77528,0,30.325054168701172,37.050418853759766,-0.3958393633365631,0,state.APOGEE,1185,-22,0,-23,-0.000971800007391721,4713,4713,"[10.6, 0.5, 15.9, 10.4, 15.5, 16.5, 0, 0]","[3.646, 3.647, 3.647]",0.262,"[2.9952, 3.3088, 5.0048, 7.3632, 8.4832, 27.820800000000002]","[0.035, 0.250625, 0.0, 0.0, -0.000625, -0.00625]",0,0,29.5,"[1, 1, 1, 1, 1, 1]",46.4565314179357,42.360144399999996,-71.09336929999999,3,-23.308
1774902954.4724064,"[0, 0, 0, 0, 0, 0]","[1291, 1500, 1500, 1500]","[-25.08, 0.0, 0.0, 0.0]","[-0.35778949609375, 2.5206155078125, 10.208109734375]",0,4375.884765625,0,31.1304337310791,"[0.0, 4.24194335868, 6.19506835836]","[0, 0, 0]",0,3,0.0,0.0,4.378,0,0,0,4294967.295,3750040.576,0,77588,0,30.431259155273438,37.031490325927734,-0.3958393633365631,0,state.APOGEE,1186,-22,0,-23,-0.0009176000603474677,4713,4713,"[10.6, 0.5, 16.5, 10.8, 15.9, 16.5, 0, 0]","[3.646, 3.647, 3.647]",0.262,"[2.9968000000000004, 3.3104, 5.0016, 7.364800000000001, 8.443200000000001, 27.8272]","[0.035625000000000004, 0.241875, -0.00375, -0.004375, -0.005, -0.0025]",0,0,29.5,"[1, 1, 1, 1, 1, 1]",46.50208694857476,42.3601463,-71.0933663,3,-23.301
1774902954.5284083,"[0, 0, 0, 0, 0, 0]","[1291, 1500, 1500, 1500]","[-25.08, 0.0, 0.0, 0.0]","[-0.36315250781249997, 2.50682490625, 10.210408167968751]",0,4373.48583984375,0,31.095458145141603,"[0.0, -8.94165038916, -6.83593749888]","[0, 0, 0]",0,3,0.0,0.0,4.374,0,0,0,4294967.295,3750040.576,0,77648,0,30.59390640258789,37.14617919921875,-0.3958393633365631,0,state.APOGEE,1187,-22,0,-23,-0.0008651865064166486,4713,4713,"[10.6, 0.5, 17.6, 10.8, 17.0, 16.5, 0, 0]","[3.646, 3.647, 3.647]",0.262,"[2.9968000000000004, 3.3104, 5.0032000000000005, 7.364800000000001, 8.4368, 27.8288]","[0.035625000000000004, 0.23, -0.0025, -0.003125, -0.001875, -0.004375]",0,0,29.5,"[1, 1, 1, 1, 1, 1]",46.674793151962696,42.3601463,-71.0933663,3,-23.301
1774902954.588917,"[0, 0, 0, 0, 0, 0]","[1291, 1500, 1500, 1500]","[-25.08, 0.0, 0.0, 0.0]","[-0.38460455468749993, 2.5198493632812498, 10.23032792578125]",0,4371.08642578125,0,31.095458145141603,"[0.0, 7.5988769518799995, -14.495849607]","[0, 0, 0]",0,3,0.0,0.0,4.374,0,0,0,4294967.295,3750040.576,0,77708,0,30.565505981445312,37.190120697021484,-0.3958393633365631,0,state.APOGEE,1188,-22,0,-23,-0.0008135999669320881,4713,4713,"[10.8, 0.5, 16.5, 10.6, 15.9, 17.0, 0, 0]","[3.646, 3.647, 3.647]",0.262,"[2.9968000000000004, 3.3104, 5.0032000000000005, 7.364800000000001, 8.4368, 27.8288]","[0.035625000000000004, 0.23, -0.0025, -0.003125, -0.001875, -0.004375]",0,0,29.5,"[1, 1, 1, 1, 1, 1]",46.690382121029884,42.360146199999996,-71.09336619999999,3,-23.312
1774902954.6454313,"[0, 0, 0, 0, 0, 0]","[1291, 1500, 1500, 1500]","[-25.08, 0.0, 0.0, 0.0]","[-0.3600879296875, 2.5075910507812496, 10.206577445312499]",0,4368.68505859375,0,31.108573989868162,"[0.0, -4.7912597648399995, 11.047363279439999]","[0, 0, 0]",0,3,0.0,0.0,4.369,0,0,0,4294967.295,3750040.576,0,77762,0,30.678434371948242,37.390342712402344,-0.3958393633365631,0,state.APOGEE,1189,-22,0,-23,-0.0007645764271728694,4713,4713,"[10.6, 0.5, 17.0, 10.6, 15.9, 16.5, 0, 0]","[3.646, 3.647, 3.647]",0.262,"[2.9952, 3.3120000000000003, 5.0, 7.3696, 8.4544, 27.8256]","[0.03375, 0.255625, -0.003125, 0.0, -0.00125, -0.00625]",0,0,29.5,"[1, 1, 1, 1, 1, 1]",46.896383345624244,42.360146199999996,-71.09336619999999,3,-23.312
1774902954.704436,"[0, 0, 0, 0, 0, 0]","[1291, 1500, 1500, 1500]","[-25.08, 0.0, 0.0, 0.0]","[-0.3723462421875, 2.5359383984375, 10.2249649140625]",0,4366.28466796875,0,31.095458145141603,"[0.0, 2.8991699214, 2.288818359]","[0, 0, 0]",0,3,0.0,0.0,4.369,0,0,0,4294967.295,3750040.576,0,77822,0,30.42331886291504,37.46114730834961,-0.3958393633365631,0,state.APOGEE,1190,-22,0,-23,-0.000716314883902669,4713,4713,"[10.6, 0.5, 16.5, 10.4, 15.5, 17.0, 0, 0]","[3.646, 3.647, 3.647]",0.262,"[2.9952, 3.3120000000000003, 5.0, 7.3696, 8.4544, 27.8256]","[0.03375, 0.255625, -0.003125, 0.0, -0.00125, -0.00625]",0,0,29.5,"[1, 1, 1, 1, 1, 1]",46.80602395598671,42.3601454,-71.0933665,3,-23.321
1774902954.7619073,"[0, 0, 0, 0, 0, 0]","[1291, 1500, 1500, 1500]","[-25.08, 0.0, 0.0, 0.0]","[-0.34246660546874996, 2.5420675546875, 10.20581130078125]",0,4363.88525390625,0,31.108573989868162,"[0.0, -1.0681152342, 6.3781738270799995]","[0, 0, 0]",0,3,0.0,0.0,4.365,0,0,0,4294967.295,3750040.576,0,77882,0,30.624408721923828,37.58380889892578,-0.3958393633365631,0,state.APOGEE,1191,-22,0,-23,-0.0006693669711239636,4713,4713,"[10.6, 0.5, 16.5, 10.8, 15.9, 17.0, 0, 0]","[3.646, 3.647, 3.647]",0.262,"[2.9952, 3.3104, 5.0048, 7.3616, 8.464, 27.8256]","[0.03125, 0.626875, -0.00375, 0.003125, -0.003125, -0.00375]",0,0,29.5,"[1, 1, 1, 1, 1, 1]",47.005084070471355,42.360145599999996,-71.0933661,3,-23.304
1774902954.8229105,"[0, 0, 0, 0, 0, 0]","[1291, 1500, 1500, 1500]","[-25.08, 0.0, 0.0, 0.0]","[-0.36162021874999994, 2.5060587617187498, 10.220368046875]",0,4361.484375,0,31.121689834594726,"[0.0, -3.02124023388, -7.9650878893199994]","[0, 0, 0]",0,3,0.0,0.0,4.361,0,0,0,4294967.295,3750040.576,0,77942,0,30.464479446411133,37.738258361816406,-0.3958393633365631,0,state.APOGEE,1192,-23,0,-23,-0.0006240623770281672,4713,4713,"[11.1, 0.5, 15.9, 10.4, 15.0, 15.9, 0, 0]","[3.646, 3.647, 3.647]",0.262,"[2.9952, 3.3104, 5.0048, 7.3616, 8.464, 27.8256]","[0.03125, 0.626875, -0.00375, 0.003125, -0.003125, -0.00375]",0,0,29.5,"[1, 1, 1, 1, 1, 1]",47.02822653660353,42.360145599999996,-71.0933661,3,-23.304
1774902954.876436,"[0, 0, 0, 0, 0, 0]","[1291, 1500, 1500, 1500]","[-25.08, 0.0, 0.0, 0.0]","[-0.35855564062499995, 2.522147796875, 10.241053949218749]",0,4359.4833984375,0,31.108573989868162,"[0.0, 7.2326660144399995, 15.89965820052]","[0, 0, 0]",0,3,0.0,0.0,4.361,0,0,0,4294967.295,3750040.576,0,77996,0,30.705947875976562,37.70903778076172,-0.3958393633365631,0,state.APOGEE,1193,-22,0,-23,-0.0005868587177246809,4713,4713,"[10.4, 0.5, 16.5, 10.4, 15.5, 16.5, 0, 0]","[3.646, 3.647, 3.647]",0.262,"[3.0, 3.3088, 5.0016, 7.364800000000001, 8.4496, 27.8256]","[0.035, 0.603125, 0.0025, -0.00125, -0.000625, -0.00125]",0,0,29.5,"[1, 1, 1, 1, 1, 1]",47.13990806092522,42.3601461,-71.09336499999999,3,-23.31
1774902954.939429,"[0, 0, 0, 0, 0, 0]","[1291, 1500, 1500, 1500]","[-25.08, 0.0, 0.0, 0.0]","[-0.36698323046875, 2.50682490625, 10.228795636718749]",0,4357.08349609375,0,31.121689834594726,"[0.0, -9.3078613266, -4.0588378899599995]","[0, 0, 0]",0,3,0.0,0.0,4.358,0,0,0,4294967.295,3750040.576,0,78056,0,30.85118293762207,37.807308197021484,-0.3958393633365631,0,state.APOGEE,1194,-22,0,-23,-0.0005439456435851753,4713,4713,"[10.4, 0.5, 16.5, 10.2, 15.5, 16.5, 0, 0]","[3.646, 3.647, 3.647]",0.262,"[3.0, 3.3088, 5.0016, 7.364800000000001, 8.4496, 27.8256]","[0.035, 0.603125, 0.0025, -0.00125, -0.000625, -0.00125]",0,0,29.5,"[1, 1, 1, 1, 1, 1]",47.29041153090227,42.3601461,-71.09336499999999,3,-23.31
1774902954.9969425,"[0, 0, 0, 0, 0, 0]","[1291, 1500, 1500, 1500]","[-25.08, 0.0, 0.0, 0.0]","[-0.36085407421875, 2.5022280390624996, 10.22956178125]",0,4354.68408203125,0,31.117317886352538,"[0.0, 5.2795410147599995, 2.31933593712]","[0, 0, 0]",0,3,0.0,0.0,4.358,0,0,0,4294967.295,3750040.576,0,78116,0,30.841724395751953,37.616886138916016,-0.3958393633365631,0,state.APOGEE,1195,-22,0,-23,-0.0005019999807700515,4713,4713,"[10.8, 0.5, 15.9, 10.8, 15.9, 17.0, 0, 0]","[3.646, 3.647, 3.647]",0.262,"[2.992, 3.3136, 5.0048, 7.368, 8.464, 27.8256]","[0.033125, 0.60375, -0.00125, 0.0, -0.000625, -0.005625]",0,0,29.5,"[1, 1, 1, 1, 1, 1]",47.14893317285126,42.3601463,-71.0933653,3,-23.311
1774902955.0564585,"[0, 0, 0, 0, 0, 0]","[1291, 1500, 1500, 1500]","[-25.08, 0.0, 0.0, 0.0]","[-0.3447650390625, 2.5098894843749995, 10.233392503906249]",0,4352.28271484375,0,31.13480567932129,"[0.0, -2.83813476516, -11.50512695124]","[0, 0, 0]",0,3,0.0,0.0,4.354,0,0,0,4294967.295,3750040.576,0,78176,0,30.757516860961914,37.88416290283203,-0.3958393633365631,0,state.APOGEE,1196,-22,0,-23,-0.00046159999328665435,4713,4713,"[10.8, 0.5, 16.5, 11.1, 17.0, 17.0, 0, 0]","[3.646, 3.647, 3.647]",0.262,"[2.992, 3.3136, 5.0048, 7.368, 8.464, 27.8256]","[0.033125, 0.60375, -0.00125, 0.0, -0.000625, -0.005625]",0,0,29.5,"[1, 1, 1, 1, 1, 1]",47.29398097502259,42.3601464,-71.0933648,3,-23.318
1774902955.1144588,"[0, 0, 0, 0, 0, 0]","[1291, 1500, 1500, 1500]","[-25.08, 0.0, 0.0, 0.0]","[-0.37004780859374997, 2.50912333984375, 10.2188357578125]",0,4350.28173828125,0,31.104202041625978,"[0.0, -2.22778320276, 2.83813476516]","[0, 0, 0]",0,3,0.0,0.0,4.35,0,0,0,4294967.295,3750040.576,0,78230,0,30.72283363342285,37.95534133911133,-0.3958393633365631,0,state.APOGEE,1197,-23,0,-23,-0.0004286571347620338,4713,4713,"[10.6, 0.5, 16.5, 10.2, 15.5, 17.0, 0, 0]","[3.646, 3.647, 3.647]",0.262,"[2.9952, 3.3104, 5.0048, 7.356800000000001, 8.432, 27.8256]","[0.036875, 0.25, -0.0025, -0.001875, -0.004375, 0.00125]",0,0,29.5,"[1, 1, 1, 1, 1, 1]",47.32610436386472,42.3601464,-71.0933648,3,-23.318
1774902955.1719742,"[0, 0, 0, 0, 0, 0]","[1291, 1500, 1500, 1500]","[-25.08, 0.0, 0.0, 0.0]","[-0.36085407421875, 2.5321076757812495, 10.2188357578125]",0,4347.88037109375,0,31.11294593811035,"[0.0, 3.44848632756, 6.5612792958]","[0, 0, 0]",0,3,0.0,0.0,4.35,0,0,0,4294967.295,3750040.576,0,78290,0,30.491256713867188,38.0456428527832,-0.3958393633365631,0,state.APOGEE,1198,-22,0,-23,-0.00039045611629262567,4713,4713,"[10.2, 0.5, 17.0, 10.4, 15.9, 16.5, 0, 0]","[3.646, 3.647, 3.647]",0.262,"[2.9952, 3.3104, 5.0048, 7.356800000000001, 8.432, 27.8256]","[0.036875, 0.25, -0.0025, -0.001875, -0.004375, 0.00125]",0,0,29.5,"[1, 1, 1, 1, 1, 1]",47.26478520530915,42.3601467,-71.0933642,3,-23.326
1774902955.2303565,"[0, 0, 0, 0, 0, 0]","[1291, 1500, 1500, 1500]","[-25.08, 0.0, 0.0, 0.0]","[-0.35778949609375, 2.516018640625, 10.238755515624998]",0,4345.47900390625,0,31.1304337310791,"[0.0, 0.51879882804, 4.7302246086]","[0, 0, 0]",0,3,0.0,0.0,4.346,0,0,0,4294967.295,3750040.576,0,78350,0,30.51203155517578,38.10051727294922,-0.3958393633365631,0,state.APOGEE,1199,-23,0,-23,-0.00035310001112520695,4713,4713,"[10.8, 0.5, 15.9, 10.6, 15.5, 17.0, 0, 0]","[3.646, 3.647, 3.647]",0.262,"[2.9952, 3.3120000000000003, 5.0016, 7.364800000000001, 8.448, 27.8256]","[0.03375, 0.19062500000000002, -0.006875, -0.00375, -0.000625, 0.00125]",0,0,29.5,"[1, 1, 1, 1, 1, 1]",47.315761382379144,42.3601467,-71.0933642,3,-23.326
1774902955.291864,"[0, 0, 0, 0, 0, 0]","[1291, 1500, 1500, 1500]","[-25.08, 0.0, 0.0, 0.0]","[-0.37770925390624993, 2.5267446640624995, 10.22573105859375]",0,4343.078125,0,31.1304337310791,"[0.0, 6.6223144520399995, 18.52416991884]","[0, 0, 0]",0,3,0.0,0.0,4.346,0,0,0,4294967.295,3750040.576,0,78410,0,30.679872512817383,38.18719482421875,-0.3958393633365631,0,state.APOGEE,1200,-22,0,-23,-0.00031646835850551724,4713,4713,"[10.8, 0.5, 17.0, 11.1, 16.5, 15.9, 0, 0]","[3.646, 3.647, 3.647]",0.262,"[2.9968000000000004, 3.3120000000000003, 5.0048, 7.364800000000001, 8.4304, 27.8272]","[0.030625, 0.231875, -0.00125, -0.004375, -0.0025, -0.001875]",0,0,29.5,"[1, 1, 1, 1, 1, 1]",47.46965548656731,42.3601469,-71.0933635,3,-23.33
1774902955.346377,"[0, 0, 0, 0, 0, 0]","[1291, 1500, 1500, 1500]","[-25.08, 0.0, 0.0, 0.0]","[-0.37464467578124994, 2.49992960546875, 10.231860214843751]",0,4340.6767578125,0,31.13480567932129,"[0.0, -0.4577636718, -23.77319335548]","[0, 0, 0]",0,3,0.0,0.0,4.341,0,0,0,4294967.295,3750040.576,0,78464,0,30.66154670715332,38.023162841796875,-0.3958393633365631,0,state.APOGEE,1201,-22,0,-23,-0.0002817281929310411,4713,4713,"[10.4, 0.5, 16.5, 10.6, 15.9, 16.5, 0, 0]","[3.646, 3.647, 3.647]",0.262,"[2.9968000000000004, 3.3120000000000003, 5.0048, 7.364800000000001, 8.4304, 27.8272]","[0.030625, 0.231875, -0.00125, -0.004375, -0.0025, -0.001875]",0,0,29.5,"[1, 1, 1, 1, 1, 1]",47.34139441831256,42.3601469,-71.0933635,3,-23.33
1774902955.4053767,"[0, 0, 0, 0, 0, 0]","[1291, 1500, 1500, 1500]","[-25.08, 0.0, 0.0, 0.0]","[-0.36238636328125, 2.50682490625, 10.231860214843751]",0,4338.27490234375,0,31.143549575805665,"[0.0, 8.02612304556, 0.24414062496]","[0, 0, 0]",0,3,0.0,0.0,4.341,0,0,0,4294967.295,3750040.576,0,78524,0,30.54770278930664,37.9774055480957,-0.3958393633365631,0,state.APOGEE,1202,-23,0,-23,-0.00024739999207668006,4713,4713,"[10.6, 0.5, 15.9, 10.8, 15.9, 17.0, 0, 0]","[3.646, 3.647, 3.647]",0.262,"[2.9968000000000004, 3.3136, 5.0032000000000005, 7.364800000000001, 8.4672, 27.8304]","[0.023125, 0.248125, -0.003125, -0.001875, -0.001875, -0.00125]",0,0,29.5,"[1, 1, 1, 1, 1, 1]",47.24624569444704,42.3601472,-71.0933623,3,-23.327
1774902955.4648907,"[0, 0, 0, 0, 0, 0]","[1291, 1500, 1500, 1500]","[-25.08, 0.0, 0.0, 0.0]","[-0.36468479687499994, 2.51678478515625, 10.233392503906249]",0,4335.87158203125,0,31.121689834594726,"[0.0, -12.48168945108, -1.9836425778]","[0, 0, 0]",0,3,0.0,0.0,4.337,0,0,0,4294967.295,3750040.576,0,78584,0,30.51778793334961,38.084228515625,-0.3958393633365631,0,state.APOGEE,1203,-22,0,-23,-0.00021430000197142363,4713,4713,"[10.6, 0.5, 16.5, 10.4, 17.0, 17.0, 0, 0]","[3.646, 3.647, 3.647]",0.262,"[2.9968000000000004, 3.3136, 5.0032000000000005, 7.364800000000001, 8.4672, 27.8304]","[0.023125, 0.248125, -0.003125, -0.001875, -0.001875, -0.00125]",0,0,29.5,"[1, 1, 1, 1, 1, 1]",47.30711317018416,42.3601475,-71.0933608,3,-23.338
1774902955.5288932,"[0, 0, 0, 0, 0, 0]","[1291, 1500, 1500, 1500]","[-25.08, 0.0, 0.0, 0.0]","[-0.36468479687499994, 2.51065562890625, 10.224198769531249]",0,4333.4697265625,0,31.147921524047852,"[0.0, 1.31225585916, -13.000488279119999]","[0, 0, 0]",0,3,0.0,0.0,4.333,0,0,0,4294967.295,3750040.576,0,78644,0,30.577299118041992,38.082984924316406,-0.3958393633365631,0,state.APOGEE,1204,-22,0,-24,-0.00018221820937469602,4713,4713,"[10.6, 0.5, 17.0, 10.2, 15.9, 16.5, 0, 0]","[3.646, 3.647, 3.647]",0.262,"[2.9984, 3.3104, 5.0048, 7.368, 8.4304, 27.824]","[0.035625000000000004, 0.625625, 0.00125, -0.000625, -0.003125, 0.001875]",0,0,29.5,"[1, 1, 1, 1, 1, 1]",47.338597712389095,42.3601475,-71.0933608,3,-23.338
1774902955.5803986,"[0, 0, 0, 0, 0, 0]","[1291, 1500, 1500, 1500]","[-25.08, 0.0, 0.0, 0.0]","[-0.36162021874999994, 2.51372020703125, 10.254844550781248]",0,4331.46875,0,31.143549575805665,"[0.0, 0.70190429676, -8.14819335804]","[0, 0, 0]",0,3,0.0,0.0,4.333,0,0,0,4294967.295,3750040.576,0,78698,0,30.65321922302246,38.081382751464844,-0.3958393633365631,0,state.APOGEE,1205,-23,0,-23,-0.00015588440874125808,4713,4713,"[10.8, 0.5, 16.5, 10.4, 15.9, 16.5, 0, 0]","[3.646, 3.647, 3.647]",0.262,"[2.9984, 3.3104, 5.0048, 7.368, 8.4304, 27.824]","[0.035625000000000004, 0.625625, 0.00125, -0.000625, -0.003125, 0.001875]",0,0,29.5,"[1, 1, 1, 1, 1, 1]",47.37881325894096,42.3601485,-71.0933593,3,-23.355
1774902955.6394022,"[0, 0, 0, 0, 0, 0]","[1291, 1500, 1500, 1500]","[-25.08, 0.0, 0.0, 0.0]","[-0.36698323046875, 2.5114217734374997, 10.22726334765625]",0,4329.0673828125,0,31.15229347229004,"[0.0, -1.86157226532, -4.7912597648399995]","[0, 0, 0]",0,3,0.0,0.0,4.33,0,0,0,4294967.295,3750040.832,0,78758,0,30.548551559448242,38.00509262084961,-0.3958393633365631,0,state.APOGEE,1206,-23,0,-24,-0.00012558743765112013,4713,4713,"[10.6, 0.5, 15.9, 10.6, 15.5, 17.6, 0, 0]","[3.646, 3.647, 3.647]",0.262,"[2.9952, 3.3088, 5.0016, 7.3584000000000005, 8.4656, 27.8304]","[0.035625000000000004, 0.615625, 0.0025, -0.003125, -0.000625, -0.000625]",0,0,29.5,"[1, 1, 1, 1, 1, 1]",47.266693781488286,42.3601485,-71.0933593,3,-23.355
1774902955.6989071,"[0, 0, 0, 0, 0, 0]","[1291, 1500, 1500, 1500]","[-25.08, 0.0, 0.0, 0.0]","[-0.36238636328125, 2.52291394140625, 10.23645708203125]",0,4326.666015625,0,31.147921524047852,"[0.0, -7.7819824206, 12.39013671672]","[0, 0, 0]",0,3,0.0,0.0,4.33,0,0,0,4294967.295,3750040.832,0,78818,0,30.621501922607422,38.15829849243164,-0.3958393633365631,0,state.APOGEE,1207,-23,0,-24,-9.590959234628826e-05,4713,4713,"[10.8, 0.5, 15.9, 10.6, 16.5, 16.5, 0, 0]","[3.646, 3.647, 3.647]",0.262,"[2.9952, 3.3088, 5.0016, 7.3584000000000005, 8.4656, 27.8304]","[0.035625000000000004, 0.615625, 0.0025, -0.003125, -0.000625, -0.000625]",0,0,29.5,"[1, 1, 1, 1, 1, 1]",47.417039028090805,42.3601489,-71.093358,3,-23.379
1774902955.762578,"[0, 0, 0, 0, 0, 0]","[1291, 1500, 1500, 1500]","[-25.08, 0.0, 0.0, 0.0]","[-0.37617696484374996, 2.51065562890625, 10.237989371093748]",0,4324.26318359375,0,31.161037368774416,"[0.0, -4.1809082024399995, -6.28662109272]","[0, 0, 0]",0,3,0.0,0.0,4.326,0,0,0,4294967.295,3750040.832,0,78878,0,30.599227905273438,38.3963508605957,-0.3958393633365631,0,state.APOGEE,1208,-23,0,-24,-6.740000389982015e-05,4713,4713,"[10.8, 0.5, 15.9, 10.6, 16.5, 16.5, 0, 0]","[3.646, 3.647, 3.647]",0.262,"[2.9952, 3.3120000000000003, 5.0032000000000005, 7.3632, 8.4336, 27.8288]","[0.030625, 0.63375, 0.000625, 0.0, -0.005, 0.00375]",0,0,29.5,"[1, 1, 1, 1, 1, 1]",47.57711231612778,42.360148599999995,-71.0933582,3,-23.386
1774902955.812577,"[0, 0, 0, 0, 0, 0]","[1291, 1500, 1500, 1500]","[-25.08, 0.0, 0.0, 0.0]","[-0.37004780859374997, 2.50299418359375, 10.219601902343749]",0,4321.86083984375,0,31.139177627563477,"[0.0, -0.27465820308, 4.7302246086]","[0, 0, 0]",0,3,0.0,0.0,4.321,0,0,0,4294967.295,3750040.832,0,78932,0,30.613418579101562,38.57985305786133,-0.3958393633365631,0,state.APOGEE,1209,-22,0,-24,-3.949604797526263e-05,4713,4713,"[10.6, 0.5, 15.9, 10.6, 15.9, 17.0, 0, 0]","[3.646, 3.647, 3.647]",0.262,"[2.9952, 3.3120000000000003, 5.0032000000000005, 7.3632, 8.4336, 27.8288]","[0.030625, 0.63375, 0.000625, 0.0, -0.005, 0.00375]",0,0,29.5,"[1, 1, 1, 1, 1, 1]",47.717770293780276,42.360148599999995,-71.0933582,3,-23.386
1774902955.874096,"[0, 0, 0, 0, 0, 0]","[1291, 1500, 1500, 1500]","[-25.08, 0.0, 0.0, 0.0]","[-0.38307226562499996, 2.5129540624999995, 10.228795636718749]",0,4319.45947265625,0,31.169781265258788,"[0.0, -7.3547363269199995, -8.6975097642]","[0, 0, 0]",0,3,0.0,0.0,4.321,0,0,0,4294967.295,3750040.832,0,78992,0,30.488283157348633,38.718421936035156,-0.3958393633365631,0,state.APOGEE,1210,-22,0,-24,-1.2400000741763506e-05,4713,4713,"[10.4, 0.5, 16.5, 10.6, 15.5, 17.0, 0, 0]","[3.646, 3.647, 3.647]",0.262,"[2.9952, 3.3136, 5.0048, 7.364800000000001, 8.4544, 27.832]","[0.035625000000000004, 0.216875, -0.000625, -0.0025, -0.000625, 0.00125]",0,0,29.5,"[1, 1, 1, 1, 1, 1]",47.75135399615431,42.3601478,-71.0933587,3,-23.369
1774902955.9361072,"[0, 0, 0, 0, 0, 0]","[1291, 1500, 1500, 1500]","[-25.08, 0.0, 0.0, 0.0]","[-0.3754108203125, 2.51372020703125, 10.2356909375]",0,4317.056640625,0,31.161037368774416,"[0.0, 3.26538085884, 4.1809082024399995]","[0, 0, 0]",0,3,0.0,0.0,4.317,0,0,0,4294967.295,3750040.832,0,79052,0,30.44061279296875,38.681793212890625,-0.3958393633365631,0,state.APOGEE,1211,-22,0,-23,1.3701369425689336e-05,4713,4713,"[10.6, 0.5, 16.5, 10.4, 15.9, 16.5, 0, 0]","[3.646, 3.647, 3.647]",0.262,"[2.9936000000000003, 3.3120000000000003, 5.0048, 7.3616, 8.4512, 27.8288]","[0.03875, 0.205625, -0.00375, 0.0, -0.00375, -0.000625]",0,0,29.5,"[1, 1, 1, 1, 1, 1]",47.69918353403267,42.3601478,-71.0933587,3,-23.369
1774902955.9946086,"[0, 0, 0, 0, 0, 0]","[1291, 1500, 1500, 1500]","[-25.08, 0.0, 0.0, 0.0]","[-0.3692816640625, 2.52291394140625, 10.215771179687499]",0,4314.65380859375,0,31.143549575805665,"[0.0, -8.94165038916, -4.0588378899599995]","[0, 0, 0]",0,3,0.0,0.0,4.317,0,0,0,4294967.295,3750040.832,0,79112,0,30.591367721557617,38.6854362487793,-0.3958393633365631,0,state.APOGEE,1212,-22,0,-23,3.930000457330607e-05,4713,4713,"[10.0, 0.5, 17.6, 10.6, 16.5, 17.6, 0, 0]","[3.646, 3.647, 3.647]",0.262,"[2.9936000000000003, 3.3120000000000003, 5.0048, 7.3616, 8.4512, 27.8288]","[0.03875, 0.205625, -0.00375, 0.0, -0.00375, -0.000625]",0,0,29.5,"[1, 1, 1, 1, 1, 1]",47.78257280427591,42.3601472,-71.09335949999999,3,-23.34
1774902956.0471194,"[0, 0, 0, 0, 0, 0]","[1291, 1500, 1500, 1500]","[-25.08, 0.0, 0.0, 0.0]","[-0.36162021874999994, 2.50299418359375, 10.24258623828125]",0,4312.65283203125,0,31.15229347229004,"[0.0, 4.85229492108, 9.7656249984]","[0, 0, 0]",0,3,0.0,0.0,4.314,0,0,0,4294967.295,3750040.832,0,79166,0,30.644983291625977,38.38500213623047,-0.3958393633365631,0,state.APOGEE,1213,-22,0,-23,5.980000059935264e-05,4713,4713,"[10.4, 0.5, 16.5, 10.6, 15.5, 17.0, 0, 0]","[3.646, 3.647, 3.647]",0.262,"[2.9968000000000004, 3.3120000000000003, 5.0048, 7.3632, 8.432, 27.824]","[0.038125, 0.25375000000000003, 0.00125, -0.00125, 0.00125, -0.0025]",0,0,29.5,"[1, 1, 1, 1, 1, 1]",47.593640698301904,42.3601464,-71.0933604,3,-23.325
1774902956.1071184,"[0, 0, 0, 0, 0, 0]","[1291, 1500, 1500, 1500]","[-25.08, 0.0, 0.0, 0.0]","[-0.35778949609375, 2.522147796875, 10.22956178125]",0,4310.251953125,0,31.15229347229004,"[0.0, -12.54272460732, -2.19726562464]","[0, 0, 0]",0,3,0.0,0.0,4.31,0,0,0,4294967.295,3750040.832,0,79226,0,30.482316970825195,38.64442825317383,-0.3958393633365631,0,state.APOGEE,1214,-22,0,-23,8.3916776929982e-05,4713,4713,"[10.6, 0.5, 17.0, 10.4, 16.5, 17.0, 0, 0]","[3.646, 3.647, 3.647]",0.262,"[2.9968000000000004, 3.3120000000000003, 5.0048, 7.3632, 8.432, 27.824]","[0.038125, 0.25375000000000003, 0.00125, -0.00125, 0.00125, -0.0025]",0,0,29.5,"[1, 1, 1, 1, 1, 1]",47.69429881014615,42.3601464,-71.0933604,3,-23.325
1774902956.1716366,"[0, 0, 0, 0, 0, 0]","[1291, 1500, 1500, 1500]","[-25.08, 0.0, 0.0, 0.0]","[-0.38077383203125, 2.5060587617187498, 10.221134191406248]",0,4307.8505859375,0,31.156665420532228,"[0.0, -7.1716308582, 9.36889648284]","[0, 0, 0]",0,3,0.0,0.0,4.31,0,0,0,4294967.295,3750040.832,0,79286,0,30.504606246948242,38.73109817504883,-0.3958393633365631,0,state.APOGEE,1215,-22,0,-23,0.00010730000212788582,4713,4713,"[10.8, 0.5, 16.5, 10.8, 16.5, 15.9, 0, 0]","[3.646, 3.647, 3.647]",0.262,"[2.9968000000000004, 3.3136, 5.0032000000000005, 7.3664000000000005, 8.432, 27.8288]","[0.03375, 0.245625, -0.003125, -0.001875, 0.000625, -0.00375]",0,0,29.5,"[1, 1, 1, 1, 1, 1]",47.769312784195655,42.3601459,-71.0933613,3,-23.354
1774902956.2315493,"[0, 0, 0, 0, 0, 0]","[1291, 1500, 1500, 1500]","[-25.08, 0.0, 0.0, 0.0]","[-0.37311238671874997, 2.5298092421875, 10.215005035156251]",0,4305.44921875,0,31.1654093170166,"[0.0, -1.25122070292, -1.80053710908]","[0, 0, 0]",0,3,0.0,0.0,4.306,0,0,0,4294967.295,3750040.832,0,79346,0,30.716976165771484,38.75611877441406,-0.3958393633365631,0,state.APOGEE,1216,-22,0,-23,0.00012989999959245324,4713,4713,"[10.8, 0.5, 17.0, 10.6, 15.9, 16.5, 0, 0]","[3.646, 3.647, 3.647]",0.262,"[2.9968000000000004, 3.3136, 5.0032000000000005, 7.3664000000000005, 8.432, 27.8288]","[0.03375, 0.245625, -0.003125, -0.001875, 0.000625, -0.00375]",0,0,29.5,"[1, 1, 1, 1, 1, 1]",47.90128539490019,42.3601459,-71.0933613,3,-23.354
1774902956.2810578,"[0, 0, 0, 0, 0, 0]","[1291, 1500, 1500, 1500]","[-25.08, 0.0, 0.0, 0.0]","[-0.370813953125, 2.51525249609375, 10.238755515624998]",0,4303.4482421875,0,31.1654093170166,"[0.0, -1.43432617164, 4.51660156176]","[0, 0, 0]",0,3,0.0,0.0,4.306,0,0,0,4294967.295,3750040.832,0,79400,0,30.614944458007812,38.960147857666016,-0.3958393633365631,0,state.APOGEE,1217,-22,0,-23,0.00014841483789496124,4713,4713,"[10.8, 0.5, 15.9, 10.6, 15.5, 17.6, 0, 0]","[3.646, 3.647, 3.647]",0.262,"[2.9968000000000004, 3.3088, 5.0, 7.36, 8.4384, 27.8304]","[0.0275, 0.6275000000000001, 0.00125, -0.0075, -0.003125, -0.00125]",0,0,29.5,"[1, 1, 1, 1, 1, 1]",47.99499416583443,42.360146199999996,-71.0933601,3,-23.636
1774902956.3400624,"[0, 0, 0, 0, 0, 0]","[1291, 1500, 1500, 1500]","[-25.08, 0.0, 0.0, 0.0]","[-0.37924154296875, 2.51908321875, 10.241053949218749]",0,4301.04541015625,0,31.161037368774416,"[0.0, 6.19506835836, 3.60107421816]","[0, 0, 0]",0,3,0.0,0.0,4.302,0,0,0,4294967.295,3750040.832,0,79460,0,30.83281135559082,39.05294418334961,-0.3958393633365631,0,state.APOGEE,1218,-23,0,-23,0.00016969999705906957,4713,4713,"[10.6, 0.5, 15.9, 10.6, 16.5, 16.5, 0, 0]","[3.646, 3.647, 3.647]",0.262,"[2.9968000000000004, 3.3088, 5.0, 7.36, 8.4384, 27.8304]","[0.0275, 0.6275000000000001, 0.00125, -0.0075, -0.003125, -0.00125]",0,0,29.5,"[1, 1, 1, 1, 1, 1]",48.17869655568675,42.360146199999996,-71.0933601,3,-23.636
1774902956.4035714,"[0, 0, 0, 0, 0, 0]","[1291, 1500, 1500, 1500]","[-25.08, 0.0, 0.0, 0.0]","[-0.3570233515625, 2.5390029765624997, 10.245650816406249]",0,4298.642578125,0,31.178525161743163,"[0.0, -1.86157226532, -1.40380859352]","[0, 0, 0]",0,3,0.0,0.0,4.302,0,0,0,4294967.295,3750040.832,0,79520,0,30.81635284423828,39.073699951171875,-0.3958393633365631,0,state.APOGEE,1219,-23,0,-23,0.00019073812291026115,4713,4713,"[10.2, 0.5, 15.9, 10.4, 15.5, 17.0, 0, 0]","[3.646, 3.647, 3.647]",0.262,"[2.9984, 3.3120000000000003, 5.0016, 7.3632, 8.4448, 27.8272]","[0.0375, 0.6325000000000001, 0.00375, -0.001875, -0.003125, -0.0025]",0,0,29.5,"[1, 1, 1, 1, 1, 1]",48.18498153976617,42.360147,-71.09335949999999,3,-23.641
1774902956.4610877,"[0, 0, 0, 0, 0, 0]","[1291, 1500, 1500, 1500]","[-25.08, 0.0, 0.0, 0.0]","[-0.35778949609375, 2.5213816523437496, 10.23645708203125]",0,4296.24169921875,0,31.1654093170166,"[0.0, 14.67895507572, -0.70190429676]","[0, 0, 0]",0,3,0.0,0.0,4.298,0,0,0,4294967.295,3750040.832,0,79580,0,30.92775535583496,39.11885070800781,-0.3958393633365631,0,state.APOGEE,1220,-23,0,-23,0.0002108000044245273,4713,4713,"[10.8, 0.5, 15.9, 10.4, 15.9, 16.5, 0, 0]","[3.646, 3.647, 3.647]",0.262,"[2.9984, 3.3120000000000003, 5.0016, 7.3632, 8.4448, 27.8272]","[0.0375, 0.6325000000000001, 0.00375, -0.001875, -0.003125, -0.0025]",0,0,29.5,"[1, 1, 1, 1, 1, 1]",48.27723026542799,42.3601476,-71.0933584,3,-23.649
1774902956.5150878,"[0, 0, 0, 0, 0, 0]","[1291, 1500, 1500, 1500]","[-25.08, 0.0, 0.0, 0.0]","[-0.37387853125, 2.5443659882812497, 10.21806961328125]",0,4293.84033203125,0,31.178525161743163,"[0.0, -0.09155273436, 2.86865234328]","[0, 0, 0]",0,3,0.0,0.0,4.293,0,0,0,4294967.295,3750040.832,0,79634,0,30.887123107910156,39.3233757019043,-0.3958393633365631,0,state.APOGEE,1221,-23,0,-24,0.00023045390844345093,4713,4713,"[10.6, 0.5, 16.5, 10.8, 15.9, 17.6, 0, 0]","[3.646, 3.647, 3.647]",0.262,"[2.9936000000000003, 3.3104, 5.0064, 7.364800000000001, 8.443200000000001, 27.8272]","[0.035, 0.234375, 0.004375, -0.00125, -0.00125, 0.000625]",0,0,29.5,"[1, 1, 1, 1, 1, 1]",48.40410713814261,42.3601476,-71.0933584,3,-23.649
1774902956.574603,"[0, 0, 0, 0, 0, 0]","[1291, 1500, 1500, 1500]","[-25.08, 0.0, 0.0, 0.0]","[-0.3723462421875, 2.50146189453125, 10.215005035156251]",0,4291.43896484375,0,31.196012954711914,"[0.0, 5.0354003897999995, 6.5612792958]","[0, 0, 0]",0,3,0.0,0.0,4.293,0,0,0,4294967.295,3750040.832,0,79694,0,30.763540267944336,39.3349494934082,-0.3958393633365631,0,state.APOGEE,1222,-23,0,-24,0.0002497249806765467,4713,4713,"[10.4, 0.5, 16.5, 10.6, 15.5, 17.0, 0, 0]","[3.646, 3.647, 3.647]",0.262,"[2.9936000000000003, 3.3104, 5.0064, 7.364800000000001, 8.443200000000001, 27.8272]","[0.035, 0.234375, 0.004375, -0.00125, -0.00125, 0.000625]",0,0,29.5,"[1, 1, 1, 1, 1, 1]",48.34700417008789,42.3601483,-71.0933573,3,-23.653
1774902956.6356077,"[0, 0, 0, 0, 0, 0]","[1291, 1500, 1500, 1500]","[-25.08, 0.0, 0.0, 0.0]","[-0.3723462421875, 2.5374706874999995, 10.205045156249998]",0,4289.03759765625,0,31.18289710998535,"[0.0, -14.86206054444, 10.86425781072]","[0, 0, 0]",0,3,0.0,0.0,4.289,0,0,0,4294967.295,3750040.832,0,79754,0,30.9423828125,39.6041259765625,-0.3958393633365631,0,state.APOGEE,1223,-22,0,-23,0.00026797319878824055,4713,4713,"[10.6, 0.5, 16.5, 10.6, 15.9, 16.5, 0, 0]","[3.646, 3.647, 3.647]",0.262,"[2.9952, 3.3104, 5.0032000000000005, 7.3632, 8.4448, 27.8288]","[0.0325, 0.228125, -0.0025, 0.0, -0.00375, -0.00375]",0,0,29.5,"[1, 1, 1, 1, 1, 1]",48.63770276817919,42.3601483,-71.0933573,3,-23.653
1774902956.6951125,"[0, 0, 0, 0, 0, 0]","[1291, 1500, 1500, 1500]","[-25.08, 0.0, 0.0, 0.0]","[-0.38307226562499996, 2.51218791796875, 10.21806961328125]",0,4286.63671875,0,31.174153213500976,"[0.0, 5.21850585852, 9.918212889]","[0, 0, 0]",0,3,0.0,0.0,4.289,0,0,0,4294967.295,3750040.832,0,79814,0,31.09804916381836,39.708492279052734,-0.3958393633365631,0,state.APOGEE,1224,-22,0,-23,0.00019370000518392771,4713,4713,"[10.6, 0.5, 16.5, 10.4, 15.5, 16.5, 0, 0]","[3.646, 3.647, 3.647]",0.262,"[2.9968000000000004, 3.3120000000000003, 5.0032000000000005, 7.3664000000000005, 8.457600000000001, 27.8304]","[0.033125, 0.231875, -0.0025, 0.0, 0.000625, -0.005]",0,0,29.5,"[1, 1, 1, 1, 1, 1]",48.795849186686034,42.360148699999996,-71.0933558,3,-23.638
1774902956.753875,"[0, 0, 0, 0, 0, 0]","[1291, 1500, 1500, 1500]","[-25.08, 0.0, 0.0, 0.0]","[-0.35932178515625, 2.5252123749999997, 10.21806961328125]",0,4284.63525390625,0,31.178525161743163,"[0.0, 9.18579101412, -7.0190429676]","[0, 0, 0]",0,3,0.0,0.0,4.286,0,0,0,4294967.295,3750040.832,0,79868,0,30.846275329589844,39.85874557495117,-0.3958393633365631,0,state.APOGEE,1225,-22,0,-23,-0.0002541000139899552,4713,4713,"[10.4, 0.5, 17.0, 10.8, 16.5, 16.5, 0, 0]","[3.646, 3.647, 3.647]",0.262,"[2.9968000000000004, 3.3120000000000003, 5.0032000000000005, 7.3664000000000005, 8.457600000000001, 27.8304]","[0.033125, 0.231875, -0.0025, 0.0, 0.000625, -0.005]",0,0,29.5,"[1, 1, 1, 1, 1, 1]",48.77307441407955,42.3601494,-71.0933553,3,-23.637
1774902956.80887,"[0, 0, 0, 0, 0, 0]","[1291, 1500, 1500, 1500]","[-25.08, 0.0, 0.0, 0.0]","[-0.34706347265625, 2.5198493632812498, 10.21730346875]",0,4282.234375,0,31.200384902954102,"[0.0, -1.31225585916, 15.13671874752]","[0, 0, 0]",0,3,0.0,0.0,4.282,0,0,0,4294967.295,3750040.832,0,79928,0,31.1676082611084,39.978973388671875,-0.3958393633365631,0,state.APOGEE,1226,-22,0,-227,-0.0005956404493190348,4713,4713,"[10.6, 0.5, 17.0, 10.6, 15.9, 15.9, 0, 0]","[3.646, 3.647, 3.647]",0.262,"[2.9952, 3.3088, 5.0048, 7.36, 8.4544, 27.824]","[0.033125, 0.23500000000000001, -0.003125, 0.0, 0.000625, -0.0025]",0,0,29.5,"[1, 1, 1, 1, 1, 1]",49.0292939561358,42.3601494,-71.0933553,3,-23.637
1774902956.8693833,"[0, 0, 0, 0, 0, 0]","[1291, 1500, 1500, 1500]","[-25.08, 0.0, 0.0, 0.0]","[-0.367749375, 2.51065562890625, 10.245650816406249]",0,4279.8330078125,0,31.18289710998535,"[0.0, -0.09155273436, -1.2207031248]","[0, 0, 0]",0,3,0.0,0.0,4.282,0,0,0,4294967.295,3750040.832,0,79988,0,31.140716552734375,40.12179183959961,-0.3958393633365631,0,state.APOGEE,1227,-23,0,-24,-0.0005460000247694552,4713,4713,"[10.6, 0.5, 15.9, 10.8, 15.5, 16.5, 0, 0]","[3.646, 3.647, 3.647]",0.262,"[2.9952, 3.3088, 5.0048, 7.36, 8.4544, 27.824]","[0.033125, 0.23500000000000001, -0.003125, 0.0, 0.000625, -0.0025]",0,0,29.5,"[1, 1, 1, 1, 1, 1]",49.119286709471176,42.360149799999995,-71.0933544,3,-23.654
1774902956.9293854,"[0, 0, 0, 0, 0, 0]","[1291, 1500, 1500, 1500]","[-25.08, 0.0, 0.0, 0.0]","[-0.37617696484374996, 2.5045264726562495, 10.228029492187499]",0,4277.431640625,0,31.200384902954102,"[0.0, -7.1716308582, -8.14819335804]","[0, 0, 0]",0,3,0.0,0.0,4.278,0,0,0,4294967.295,3750040.832,0,80048,0,30.922821044921875,40.1865119934082,-0.3958393633365631,0,state.APOGEE,1228,-23,0,-227,-0.0004979000077582896,4713,4713,"[10.6, 0.5, 17.0, 10.6, 15.0, 16.5, 0, 0]","[3.646, 3.647, 3.647]",0.262,"[2.9936000000000003, 3.3120000000000003, 5.0048, 7.3664000000000005, 8.456000000000001, 27.8272]","[0.03, 0.27187500000000003, -0.003125, -0.00625, -0.000625, 0.000625]",0,0,29.5,"[1, 1, 1, 1, 1, 1]",49.05300055244047,42.360149799999995,-71.0933544,3,-23.654
1774902956.987894,"[0, 0, 0, 0, 0, 0]","[1291, 1500, 1500, 1500]","[-25.08, 0.0, 0.0, 0.0]","[-0.35778949609375, 2.5006957499999998, 10.238755515624998]",0,4275.0302734375,0,31.18289710998535,"[0.0, -15.4113769506, -20.99609374656]","[0, 0, 0]",0,3,0.0,0.0,4.278,0,0,0,4294967.295,3750040.832,0,80102,0,30.685083389282227,40.560306549072266,-0.3958393633365631,0,state.APOGEE,1229,-23,0,-24,-0.0004504999960772693,4713,4713,"[10.6, 0.5, 17.0, 10.4, 17.0, 17.0, 0, 0]","[3.646, 3.647, 3.647]",0.262,"[2.9936000000000003, 3.3120000000000003, 5.0048, 7.3664000000000005, 8.456000000000001, 27.8272]","[0.03, 0.27187500000000003, -0.003125, -0.00625, -0.000625, 0.000625]",0,0,29.5,"[1, 1, 1, 1, 1, 1]",49.205372541366934,42.36015,-71.0933546,3,-23.663
1774902957.043412,"[0, 0, 0, 0, 0, 0]","[1291, 1500, 1500, 1500]","[-25.08, 0.0, 0.0, 0.0]","[-0.36085407421875, 2.51678478515625, 10.23032792578125]",0,4272.62744140625,0,31.196012954711914,"[0.0, -3.814697265, 5.46264648348]","[0, 0, 0]",0,3,0.0,0.0,4.273,0,0,0,4294967.295,3750040.832,0,80162,0,30.84416389465332,40.55061340332031,-0.3958393633365631,0,state.APOGEE,1230,-24,0,-24,-0.0004063110100105405,4713,4713,"[10.6, 0.5, 17.0, 10.6, 15.9, 17.0, 0, 0]","[3.646, 3.647, 3.647]",0.262,"[2.9984, 3.3088, 5.0048, 7.368, 8.4672, 27.824]","[0.035, 0.635, 0.003125, -0.00125, -0.000625, -0.0025]",0,0,29.5,"[1, 1, 1, 1, 1, 1]",49.27984157647395,42.36015,-71.0933546,3,-23.663
1774902957.1054103,"[0, 0, 0, 0, 0, 0]","[1291, 1500, 1500, 1500]","[-25.08, 0.0, 0.0, 0.0]","[-0.3539587734375, 2.4960988828125, 10.22573105859375]",0,4270.22412109375,0,31.191641006469727,"[0.0, 6.80541992076, 7.14111328008]","[0, 0, 0]",0,3,0.0,0.0,4.273,0,0,0,4294967.295,3750040.832,0,80222,0,30.66897201538086,40.571189880371094,-0.3958393633365631,0,state.APOGEE,1231,-24,0,-24,-0.0003619666094891727,4713,4713,"[10.4, 0.5, 17.0, 10.8, 16.5, 15.9, 0, 0]","[3.646, 3.647, 3.647]",0.262,"[2.9984, 3.3088, 5.0048, 7.368, 8.4672, 27.824]","[0.035, 0.635, 0.003125, -0.00125, -0.000625, -0.0025]",0,0,29.5,"[1, 1, 1, 1, 1, 1]",49.2051648688802,42.360150999999995,-71.0933553,3,-23.675
1774902957.1629255,"[0, 0, 0, 0, 0, 0]","[1291, 1500, 1500, 1500]","[-25.08, 0.0, 0.0, 0.0]","[-0.389201421875, 2.49533273828125, 10.23032792578125]",0,4267.8212890625,0,31.18289710998535,"[0.0, -2.22778320276, 11.41357421688]","[0, 0, 0]",0,3,0.0,0.0,4.269,0,0,0,4294967.295,3750040.832,0,80282,0,30.67473602294922,40.67613983154297,-0.3958393633365631,0,state.APOGEE,1232,-24,0,-24,-0.0003188045520801097,4713,4713,"[10.2, 0.5, 17.0, 10.8, 15.5, 17.6, 0, 0]","[3.646, 3.647, 3.647]",0.262,"[2.9984, 3.3136, 5.0048, 7.3616, 8.457600000000001, 27.8256]","[0.036875, 0.5825, 0.003125, -0.004375, -0.003125, 0.000625]",0,0,29.5,"[1, 1, 1, 1, 1, 1]",49.28569677059537,42.3601506,-71.09335519999999,3,-23.735
1774902957.2214482,"[0, 0, 0, 0, 0, 0]","[1291, 1500, 1500, 1500]","[-25.08, 0.0, 0.0, 0.0]","[-0.38383841015625, 2.528276953125, 10.224198769531249]",0,4265.81982421875,0,31.200384902954102,"[0.0, -8.14819335804, -11.84082031056]","[0, 0, 0]",0,3,0.0,0.0,4.266,0,0,0,4294967.295,3750040.832,0,80336,0,30.529375076293945,40.735774993896484,-0.3958393633365631,0,state.APOGEE,1233,-24,0,-24,-0.00028347165789455175,4713,4713,"[10.2, 0.5, 16.5, 10.4, 15.9, 17.0, 0, 0]","[3.646, 3.647, 3.647]",0.262,"[2.9984, 3.3136, 5.0048, 7.3616, 8.457600000000001, 27.8256]","[0.036875, 0.5825, 0.003125, -0.004375, -0.003125, 0.000625]",0,0,29.5,"[1, 1, 1, 1, 1, 1]",49.25584663583749,42.3601506,-71.09335519999999,3,-23.735
1774902957.2767808,"[0, 0, 0, 0, 0, 0]","[1291, 1500, 1500, 1500]","[-25.08, 0.0, 0.0, 0.0]","[-0.38996756640624997, 2.55202743359375, 10.224198769531249]",0,4263.41845703125,0,31.178525161743163,"[0.0, -7.53784179564, -2.92968749952]","[0, 0, 0]",0,3,0.0,0.0,4.266,0,0,0,4294967.295,3750040.832,0,80396,0,30.27332878112793,40.66863250732422,-0.3958393633365631,0,state.APOGEE,1234,-24,0,-25,-0.0002426999999443069,4713,4713,"[10.6, 0.5, 16.5, 10.8, 15.9, 16.5, 0, 0]","[3.646, 3.647, 3.647]",0.262,"[2.9952, 3.3120000000000003, 5.0016, 7.368, 8.441600000000001, 27.8304]","[0.038125, 0.624375, 0.005, -0.003125, -0.004375, 0.0025]",0,0,29.5,"[1, 1, 1, 1, 1, 1]",49.076102560747096,42.3601503,-71.0933561,3,-23.757
1774902957.3377867,"[0, 0, 0, 0, 0, 0]","[1291, 1500, 1500, 1500]","[-25.08, 0.0, 0.0, 0.0]","[-0.3447650390625, 2.4991634609374995, 10.24411852734375]",0,4261.015625,0,31.169781265258788,"[0.0, -2.65502929644, 11.62719726372]","[0, 0, 0]",0,3,0.0,0.0,4.262,0,0,0,4294967.295,3750040.832,0,80456,0,30.177209854125977,40.694278717041016,-0.3958393633365631,0,state.APOGEE,1235,-24,0,-26,-0.00020360000780783594,4713,4713,"[10.6, 0.5, 17.0, 10.8, 15.5, 15.5, 0, 0]","[3.646, 3.647, 3.647]",0.262,"[2.9952, 3.3120000000000003, 5.0016, 7.368, 8.441600000000001, 27.8304]","[0.038125, 0.624375, 0.005, -0.003125, -0.004375, 0.0025]",0,0,29.5,"[1, 1, 1, 1, 1, 1]",49.046650119659475,42.3601503,-71.0933561,3,-23.757
1774902957.3973198,"[0, 0, 0, 0, 0, 0]","[1291, 1500, 1500, 1500]","[-25.08, 0.0, 0.0, 0.0]","[-0.35319262890625003, 2.52291394140625, 10.2310940703125]",0,4258.6123046875,0,31.200384902954102,"[0.0, 0.70190429676, -2.38037109336]","[0, 0, 0]",0,3,0.0,0.0,4.262,0,0,0,4294967.295,3750040.832,0,80516,0,30.024307250976562,40.71320343017578,-0.3958393633365631,0,state.APOGEE,1236,-24,0,-26,-0.00016521650832146406,4713,4713,"[10.4, 0.5, 15.5, 10.8, 15.5, 17.0, 0, 0]","[3.646, 3.647, 3.647]",0.262,"[2.9968000000000004, 3.3104, 5.0032000000000005, 7.3632, 8.4368, 27.822400000000002]","[0.03375, 0.25125000000000003, -0.003125, -0.005, -0.001875, -0.0025]",0,0,29.5,"[1, 1, 1, 1, 1, 1]",48.98378458813235,42.360150399999995,-71.093357,3,-23.728
1774902957.454732,"[0, 0, 0, 0, 0, 0]","[1291, 1500, 1500, 1500]","[-25.08, 0.0, 0.0, 0.0]","[-0.34553118359374996, 2.5474305664062498, 10.209642023437498]",0,4256.60986328125,0,31.191641006469727,"[0.0, -4.0588378899599995, -13.000488279119999]","[0, 0, 0]",0,3,0.0,0.0,4.258,0,0,0,4294967.295,3750040.832,0,80570,0,29.908348083496094,40.58790588378906,-0.3958393633365631,0,state.APOGEE,1237,-25,0,-26,-0.00013438657333608717,4713,4713,"[10.4, 0.5, 17.0, 10.6, 15.5, 17.0, 0, 0]","[3.646, 3.647, 3.647]",0.262,"[2.9952, 3.3136, 5.0016, 7.3616, 8.4496, 27.8288]","[0.033125, 0.22125, -0.004375, 0.000625, -0.003125, -0.0025]",0,0,29.5,"[1, 1, 1, 1, 1, 1]",48.831649635990004,42.3601502,-71.0933568,3,-23.734
1774902957.510733,"[0, 0, 0, 0, 0, 0]","[1291, 1500, 1500, 1500]","[-25.08, 0.0, 0.0, 0.0]","[-0.37617696484374996, 2.5098894843749995, 10.2127066015625]",0,4254.20703125,0,31.200384902954102,"[0.0, -14.06860351332, -6.46972656144]","[0, 0, 0]",0,3,0.0,0.0,4.254,0,0,0,4294967.295,3750040.832,0,80630,0,29.77740478515625,40.677001953125,-0.3958393633365631,0,state.APOGEE,1238,-24,0,-25,-9.809018956730142e-05,4713,4713,"[10.6, 0.5, 16.5, 10.4, 16.5, 17.0, 0, 0]","[3.646, 3.647, 3.647]",0.262,"[2.9952, 3.3136, 5.0016, 7.3616, 8.4496, 27.8288]","[0.033125, 0.22125, -0.004375, 0.000625, -0.003125, -0.0025]",0,0,29.5,"[1, 1, 1, 1, 1, 1]",48.83281265476324,42.3601502,-71.0933568,3,-23.734
1774902957.571255,"[0, 0, 0, 0, 0, 0]","[1291, 1500, 1500, 1500]","[-25.08, 0.0, 0.0, 0.0]","[-0.35012805078125, 2.52751080859375, 10.209642023437498]",0,4251.8037109375,0,31.178525161743163,"[0.0, -0.64086914052, 0.06103515624]","[0, 0, 0]",0,3,0.0,0.0,4.254,0,0,0,4294967.295,3750040.832,0,80690,0,29.825971603393555,40.44994354248047,-0.3958393633365631,0,state.APOGEE,1239,-24,0,-24,-6.29062851658091e-05,4713,4713,"[10.4, 0.5, 16.5, 10.4, 16.5, 17.6, 0, 0]","[3.646, 3.647, 3.647]",0.262,"[2.9952, 3.3104, 5.0032000000000005, 7.368, 8.456000000000001, 27.8288]","[0.036875, 0.2425, -0.00625, -0.001875, -0.005, -0.00125]",0,0,29.5,"[1, 1, 1, 1, 1, 1]",48.68680661777577,42.3601501,-71.09335759999999,3,-23.753
1774902957.6322608,"[0, 0, 0, 0, 0, 0]","[1291, 1500, 1500, 1500]","[-25.08, 0.0, 0.0, 0.0]","[-0.34936190624999997, 2.5512612890624995, 10.200448289062498]",0,4249.40087890625,0,31.178525161743163,"[0.0, -4.60815429612, -1.43432617164]","[0, 0, 0]",0,3,0.0,0.0,4.25,0,0,0,4294967.295,3750040.832,0,80750,0,29.917226791381836,40.633026123046875,-0.3958393633365631,0,state.APOGEE,1240,-23,0,-24,-2.8899999961140566e-05,4713,4713,"[10.6, 0.5, 15.9, 10.6, 16.5, 16.5, 0, 0]","[3.646, 3.647, 3.647]",0.262,"[2.9952, 3.3104, 5.0032000000000005, 7.368, 8.456000000000001, 27.8288]","[0.036875, 0.2425, -0.00625, -0.001875, -0.005, -0.00125]",0,0,29.5,"[1, 1, 1, 1, 1, 1]",48.869920868567746,42.3601501,-71.09335759999999,3,-23.753
1774902957.6887674,"[0, 0, 0, 0, 0, 0]","[1291, 1500, 1500, 1500]","[-25.08, 0.0, 0.0, 0.0]","[-0.3754108203125, 2.5252123749999997, 10.228029492187499]",0,4246.99755859375,0,31.18726905822754,"[0.0, -1.6784667966, 12.3596191386]","[0, 0, 0]",0,3,0.0,0.0,4.25,0,0,0,4294967.295,3750040.832,0,80804,0,30.155420303344727,40.936344146728516,-0.3958393633365631,0,state.APOGEE,1241,-23,0,-24,4.600000011123484e-06,4713,4713,"[10.6, 0.5, 16.5, 10.8, 16.5, 17.0, 0, 0]","[3.646, 3.647, 3.647]",0.262,"[2.9968000000000004, 3.3104, 5.0032000000000005, 7.3664000000000005, 8.457600000000001, 27.8288]","[0.031875, 0.599375, 0.00375, -0.0025, -0.000625, 0.0]",0,0,29.5,"[1, 1, 1, 1, 1, 1]",49.21658209541014,42.3601502,-71.0933573,3,-23.791
1774902957.7450354,"[0, 0, 0, 0, 0, 0]","[1291, 1500, 1500, 1500]","[-25.08, 0.0, 0.0, 0.0]","[-0.37924154296875, 2.52597851953125, 10.20427901171875]",0,4244.5947265625,0,31.191641006469727,"[0.0, -2.41088867148, 1.34277343728]","[0, 0, 0]",0,3,0.0,0.0,4.245,0,0,0,4294967.295,3750040.832,0,80864,0,30.013206481933594,41.161598205566406,-0.3958393633365631,0,state.APOGEE,1242,-22,0,-23,3.640000068116933e-05,4713,4713,"[10.6, 0.5, 17.0, 10.4, 16.5, 17.0, 0, 0]","[3.646, 3.647, 3.647]",0.262,"[2.9968000000000004, 3.3104, 5.0032000000000005, 7.3664000000000005, 8.457600000000001, 27.8288]","[0.031875, 0.599375, 0.00375, -0.0025, -0.000625, 0.0]",0,0,29.5,"[1, 1, 1, 1, 1, 1]",49.31455228585682,42.3601506,-71.0933563,3,-23.81
1774902957.8060338,"[0, 0, 0, 0, 0, 0]","[1291, 1500, 1500, 1500]","[-25.08, 0.0, 0.0, 0.0]","[-0.37924154296875, 2.5374706874999995, 10.238755515624998]",0,4242.1923828125,0,31.20475685119629,"[0.0, -2.04467773404, -10.34545898268]","[0, 0, 0]",0,3,0.0,0.0,4.245,0,0,0,4294967.295,3750040.832,0,80924,0,30.0150203704834,41.20737838745117,-0.3958393633365631,0,state.APOGEE,1243,-22,0,-23,6.769999890821055e-05,4713,4713,"[10.6, 0.5, 17.0, 10.4, 15.9, 16.5, 0, 0]","[3.646, 3.647, 3.647]",0.262,"[2.9984, 3.3088, 5.0048, 7.3616, 8.4704, 27.8272]","[0.034375, 0.608125, 0.005, 0.0, -0.00125, -0.00375]",0,0,29.5,"[1, 1, 1, 1, 1, 1]",49.34986667164197,42.3601506,-71.0933563,3,-23.81
1774902957.8675644,"[0, 0, 0, 0, 0, 0]","[1291, 1500, 1500, 1500]","[-25.08, 0.0, 0.0, 0.0]","[-0.367749375, 2.5474305664062498, 10.2249649140625]",0,4239.791015625,0,31.191641006469727,"[0.0, -0.09155273436, 9.73510742028]","[0, 0, 0]",0,3,0.0,0.0,4.241,0,0,0,4294967.295,3750040.832,0,80984,0,29.98728370666504,41.27085876464844,-0.3958393633365631,0,state.APOGEE,1244,-22,0,-23,9.789999603526667e-05,4713,4713,"[10.8, 0.5, 16.5, 10.0, 15.9, 17.0, 0, 0]","[3.646, 3.647, 3.647]",0.262,"[2.9984, 3.3088, 5.0048, 7.3616, 8.4704, 27.8272]","[0.034375, 0.608125, 0.005, 0.0, -0.00125, -0.00375]",0,0,29.5,"[1, 1, 1, 1, 1, 1]",49.3838777166468,42.3601509,-71.0933556,3,-23.815
1774902957.9195635,"[0, 0, 0, 0, 0, 0]","[1291, 1500, 1500, 1500]","[-25.08, 0.0, 0.0, 0.0]","[-0.36391865234375, 2.49456659375, 10.224198769531249]",0,4237.7890625,0,31.196012954711914,"[0.0, 5.2795410147599995, 8.0871582018]","[0, 0, 0]",0,3,0.0,0.0,4.238,0,0,0,4294967.295,3750040.832,0,81038,0,30.28794288635254,41.36191940307617,-0.3958393633365631,0,state.APOGEE,1245,-22,0,-23,0.00012228777632117271,4713,4713,"[10.4, 0.5, 15.5, 10.8, 15.5, 17.6, 0, 0]","[3.646, 3.647, 3.647]",0.262,"[3.0, 3.3120000000000003, 5.0048, 7.3696, 8.4672, 27.8288]","[0.036875, 0.5625, 0.00375, 0.000625, -0.00125, -0.003125]",0,0,29.5,"[1, 1, 1, 1, 1, 1]",49.60137866934626,42.3601509,-71.0933556,3,-23.815
1774902957.9790711,"[0, 0, 0, 0, 0, 0]","[1291, 1500, 1500, 1500]","[-25.08, 0.0, 0.0, 0.0]","[-0.367749375, 2.5183170742187495, 10.232626359374999]",0,4235.3857421875,0,31.200384902954102,"[0.0, -1.25122070292, -11.47460937312]","[0, 0, 0]",0,3,0.0,0.0,4.238,0,0,0,4294967.295,3750040.832,0,81098,0,30.394426345825195,41.4382209777832,-0.3958393633365631,0,state.APOGEE,1246,-22,0,-23,0.00015110000094864517,4713,4713,"[10.6, 0.5, 17.0, 10.4, 16.5, 16.5, 0, 0]","[3.646, 3.647, 3.647]",0.262,"[3.0, 3.3120000000000003, 5.0048, 7.3696, 8.4672, 27.8288]","[0.036875, 0.5625, 0.00375, 0.000625, -0.00125, -0.003125]",0,0,29.5,"[1, 1, 1, 1, 1, 1]",49.71145334740007,42.360151099999996,-71.0933546,3,-23.817
1774902958.0445888,"[0, 0, 0, 0, 0, 0]","[1291, 1500, 1500, 1500]","[-25.08, 0.0, 0.0, 0.0]","[-0.38307226562499996, 2.53976912109375, 10.20427901171875]",0,4232.98291015625,0,31.200384902954102,"[0.0, -0.03051757812, 3.99780273372]","[0, 0, 0]",0,3,0.0,0.0,4.234,0,0,0,4294967.295,3750040.832,0,81158,0,30.547622680664062,41.36375427246094,-0.3958393633365631,0,state.APOGEE,1247,-22,0,-23,0.00017868212307803333,4713,4713,"[10.6, 0.5, 16.5, 10.8, 15.0, 17.0, 0, 0]","[3.646, 3.647, 3.647]",0.262,"[2.9952, 3.3120000000000003, 5.0016, 7.3616, 8.4784, 27.8256]","[0.033125, 0.23500000000000001, -0.003125, -0.00125, -0.003125, 0.000625]",0,0,29.5,"[1, 1, 1, 1, 1, 1]",49.73219935715028,42.360151099999996,-71.0933546,3,-23.817
1774902958.0995905,"[0, 0, 0, 0, 0, 0]","[1291, 1500, 1500, 1500]","[-25.08, 0.0, 0.0, 0.0]","[-0.33710359375, 2.51525249609375, 10.238755515624998]",0,4230.580078125,0,31.213500747680666,"[0.0, -2.04467773404, 12.54272460732]","[0, 0, 0]",0,3,0.0,0.0,4.234,0,0,0,4294967.295,3750040.832,0,81218,0,30.699050903320312,41.49495315551758,-0.3958393633365631,0,state.APOGEE,1248,-22,0,-23,0.00020586173923220485,4713,4713,"[10.6, 0.5, 15.9, 10.2, 15.9, 16.5, 0, 0]","[3.646, 3.647, 3.647]",0.262,"[2.9952, 3.3120000000000003, 5.0016, 7.3616, 8.4784, 27.8256]","[0.033125, 0.23500000000000001, -0.003125, -0.00125, -0.003125, 0.000625]",0,0,29.5,"[1, 1, 1, 1, 1, 1]",49.905680019090674,42.360150999999995,-71.093353,3,-23.834
1774902958.153104,"[0, 0, 0, 0, 0, 0]","[1291, 1500, 1500, 1500]","[-25.08, 0.0, 0.0, 0.0]","[-0.3539587734375, 2.5114217734374997, 10.211940457031249]",0,4228.1787109375,0,31.213500747680666,"[0.0, 12.54272460732, 7.50732421752]","[0, 0, 0]",0,3,0.0,0.0,4.229,0,0,0,4294967.295,3750040.832,0,81272,0,30.81063461303711,41.43748092651367,-0.3958393633365631,0,state.APOGEE,1249,-23,0,-23,0.00023166091705206782,4713,4713,"[10.6, 0.5, 17.0, 10.6, 15.0, 17.6, 0, 0]","[3.646, 3.647, 3.647]",0.262,"[2.9952, 3.3104, 5.0048, 7.3664000000000005, 8.441600000000001, 27.8256]","[0.029375000000000002, 0.185, -0.001875, -0.005, -0.004375, 0.00125]",0,0,29.5,"[1, 1, 1, 1, 1, 1]",49.91882030904754,42.3601518,-71.0933519,3,-23.854
1774902958.2131133,"[0, 0, 0, 0, 0, 0]","[1291, 1500, 1500, 1500]","[-25.08, 0.0, 0.0, 0.0]","[-0.370813953125, 2.50912333984375, 10.22573105859375]",0,4225.77685546875,0,31.200384902954102,"[0.0, -7.1716308582, 1.00708007796]","[0, 0, 0]",0,3,0.0,0.0,4.225,0,0,0,4294967.295,3750040.832,0,81332,0,31.017101287841797,41.502586364746094,-0.3958393633365631,0,state.APOGEE,1250,-22,0,-23,0.0002570199721958488,4713,4713,"[10.4, 0.5, 16.5, 10.6, 15.0, 16.5, 0, 0]","[3.646, 3.647, 3.647]",0.262,"[2.9968000000000004, 3.3120000000000003, 5.0016, 7.3632, 8.4512, 27.8256]","[0.02875, 0.230625, -0.005, 0.0, -0.001875, -0.000625]",0,0,29.5,"[1, 1, 1, 1, 1, 1]",50.070872230207534,42.3601518,-71.0933519,3,-23.854
1774902958.2734249,"[0, 0, 0, 0, 0, 0]","[1291, 1500, 1500, 1500]","[-25.08, 0.0, 0.0, 0.0]","[-0.36851551953124995, 2.56428574609375, 10.214238890625]",0,4223.37353515625,0,31.20475685119629,"[0.0, -6.3781738270799995, 1.34277343728]","[0, 0, 0]",0,3,0.0,0.0,4.225,0,0,0,4294967.295,3750040.832,0,81392,0,30.896053314208984,41.567378997802734,-0.3958393633365631,0,state.APOGEE,1251,-22,0,-24,0.0002817590720951557,4713,4713,"[11.1, 0.5, 16.5, 10.6, 15.0, 16.5, 0, 0]","[3.646, 3.647, 3.647]",0.262,"[2.9968000000000004, 3.3120000000000003, 5.0016, 7.3632, 8.4512, 27.8256]","[0.02875, 0.230625, -0.005, 0.0, -0.001875, -0.000625]",0,0,29.5,"[1, 1, 1, 1, 1, 1]",50.058135377881705,42.3601527,-71.0933501,3,-23.878
1774902958.3334296,"[0, 0, 0, 0, 0, 0]","[1291, 1500, 1500, 1500]","[-25.08, 0.0, 0.0, 0.0]","[-0.35932178515625, 2.50912333984375, 10.238755515624998]",0,4220.97216796875,0,31.213500747680666,"[0.0, -7.7819824206, 0.09155273436]","[0, 0, 0]",0,3,0.0,0.0,4.221,0,0,0,4294967.295,3750040.832,0,81452,0,30.83536148071289,41.69438552856445,-0.3958393633365631,0,state.APOGEE,1252,-23,0,-23,0.00030550832161679864,4713,4713,"[10.6, 0.5, 17.0, 10.6, 17.0, 17.0, 0, 0]","[3.646, 3.647, 3.647]",0.262,"[2.9952, 3.3152000000000004, 5.0064, 7.364800000000001, 8.432, 27.8272]","[0.03375, 0.249375, -0.003125, 0.000625, -0.004375, -0.005625]",0,0,29.5,"[1, 1, 1, 1, 1, 1]",50.12221378597166,42.3601527,-71.0933501,3,-23.878
1774902958.390944,"[0, 0, 0, 0, 0, 0]","[1291, 1500, 1500, 1500]","[-25.08, 0.0, 0.0, 0.0]","[-0.39916130078124995, 2.4715822578124995, 10.2617398515625]",0,4218.97119140625,0,31.20475685119629,"[0.0, 4.85229492108, 10.10131835772]","[0, 0, 0]",0,3,0.0,0.0,4.221,0,0,0,4294967.295,3750040.832,0,81506,0,31.164066314697266,41.59499740600586,-0.3958393633365631,0,state.APOGEE,1253,-22,0,-23,0.0003251000016462058,4713,4713,"[10.6, 0.5, 16.5, 10.2, 15.9, 16.5, 0, 0]","[3.646, 3.647, 3.647]",0.262,"[2.9952, 3.3152000000000004, 5.0064, 7.364800000000001, 8.432, 27.8272]","[0.03375, 0.249375, -0.003125, 0.000625, -0.004375, -0.005625]",0,0,29.5,"[1, 1, 1, 1, 1, 1]",50.21323713367246,42.3601534,-71.0933496,3,-23.874
1774902958.4514651,"[0, 0, 0, 0, 0, 0]","[1291, 1500, 1500, 1500]","[-25.08, 0.0, 0.0, 0.0]","[-0.36085407421875, 2.5696487578125, 10.198916]",0,4216.56787109375,0,31.21787269592285,"[0.0, 0.88500976548, -4.7912597648399995]","[0, 0, 0]",0,3,0.0,0.0,4.218,0,0,0,4294967.295,3750040.832,0,81566,0,31.330978393554688,41.6450309753418,-0.3958393633365631,0,state.APOGEE,1254,-22,0,-23,0.00034740002593025565,4713,4713,"[10.8, 0.5, 15.9, 10.8, 15.5, 17.0, 0, 0]","[3.646, 3.647, 3.647]",0.262,"[2.9968000000000004, 3.3136, 5.0016, 7.3664000000000005, 8.475200000000001, 27.8256]","[0.03, 0.255, -0.0075, -0.000625, 0.001875, -0.0025]",0,0,29.5,"[1, 1, 1, 1, 1, 1]",50.33433550080623,42.3601534,-71.0933493,3,-23.879
1774902958.5124643,"[0, 0, 0, 0, 0, 0]","[1291, 1500, 1500, 1500]","[-25.08, 0.0, 0.0, 0.0]","[-0.34246660546874996, 2.52597851953125, 10.22726334765625]",0,4214.16552734375,0,31.200384902954102,"[0.0, 2.47192382772, 8.2397460924]","[0, 0, 0]",0,3,0.0,0.0,4.214,0,0,0,4294967.295,3750040.832,0,81626,0,31.597394943237305,41.63710403442383,-0.3958393633365631,0,state.APOGEE,1255,-22,0,-23,0.00036926305619999766,4713,4713,"[10.4, 0.5, 17.6, 10.4, 15.5, 17.0, 0, 0]","[3.646, 3.647, 3.647]",0.262,"[2.9968000000000004, 3.3136, 5.0016, 7.3664000000000005, 8.475200000000001, 27.8256]","[0.03, 0.255, -0.0075, -0.000625, 0.001875, -0.0025]",0,0,29.5,"[1, 1, 1, 1, 1, 1]",50.46338151307858,42.3601534,-71.0933493,3,-23.879
1774902958.5679836,"[0, 0, 0, 0, 0, 0]","[1291, 1500, 1500, 1500]","[-25.08, 0.0, 0.0, 0.0]","[-0.35549106249999995, 2.4853728593749995, 10.22726334765625]",0,4211.76416015625,0,31.21787269592285,"[0.0, -9.3078613266, -13.54980468528]","[0, 0, 0]",0,3,0.0,0.0,4.214,0,0,0,4294967.295,3750040.832,0,81686,0,31.533889770507812,41.765892028808594,-0.3958393633365631,0,state.APOGEE,1256,-22,0,-23,0.0003905000339727849,4713,4713,"[10.4, 0.5, 16.5, 10.8, 15.9, 16.5, 0, 0]","[3.646, 3.647, 3.647]",0.262,"[2.9984, 3.3120000000000003, 5.0, 7.3664000000000005, 8.4544, 27.8272]","[0.033125, 0.6175, 0.00625, 0.000625, 0.0, -0.000625]",0,0,29.5,"[1, 1, 1, 1, 1, 1]",50.525825313361594,42.360153,-71.093349,3,-23.901
1774902958.6209846,"[0, 0, 0, 0, 0, 0]","[1291, 1500, 1500, 1500]","[-25.08, 0.0, 0.0, 0.0]","[-0.33940202734374997, 2.5206155078125, 10.215005035156251]",0,4209.76318359375,0,31.23973243713379,"[0.0, 3.02124023388, 4.15039062432]","[0, 0, 0]",0,3,0.0,0.0,4.21,0,0,0,4294967.295,3750041.088,0,81740,0,31.61786460876465,41.77142333984375,-0.3958393633365631,0,state.APOGEE,1257,-22,0,-23,0.0004076592449564487,4713,4713,"[10.6, 0.5, 15.9, 10.8, 15.9, 16.5, 0, 0]","[3.646, 3.647, 3.647]",0.262,"[2.9984, 3.3120000000000003, 5.0, 7.3664000000000005, 8.4544, 27.8272]","[0.033125, 0.6175, 0.00625, 0.000625, 0.0, -0.000625]",0,0,29.5,"[1, 1, 1, 1, 1, 1]",50.5723627358111,42.360153,-71.093349,3,-23.901
1774902958.681497,"[0, 0, 0, 0, 0, 0]","[1291, 1500, 1500, 1500]","[-25.08, 0.0, 0.0, 0.0]","[-0.36468479687499994, 2.5060587617187498, 10.221900335937498]",0,4207.36181640625,0,31.200384902954102,"[0.0, -0.64086914052, 7.69042968624]","[0, 0, 0]",0,3,0.0,0.0,4.21,0,0,0,4294967.295,3750041.088,0,81800,0,31.719497680664062,41.72440719604492,-0.3958393633365631,0,state.APOGEE,1258,-23,0,-24,0.0004278999986127019,4713,4713,"[10.8, 0.5, 16.5, 10.8, 15.9, 17.6, 0, 0]","[3.646, 3.647, 3.647]",0.262,"[2.9936000000000003, 3.3104, 5.0032000000000005, 7.356800000000001, 8.448, 27.8288]","[0.029375000000000002, 0.623125, 0.004375, 0.003125, -0.00125, 0.001875]",0,0,29.5,"[1, 1, 1, 1, 1, 1]",50.58940437494339,42.3601534,-71.0933495,3,-23.945
1774902958.741676,"[0, 0, 0, 0, 0, 0]","[1291, 1500, 1500, 1500]","[-25.08, 0.0, 0.0, 0.0]","[-0.370813953125, 2.50146189453125, 10.22266648046875]",0,4204.96044921875,0,31.2353604888916,"[0.0, -6.19506835836, -2.92968749952]","[0, 0, 0]",0,3,0.0,0.0,4.206,0,0,0,4294967.295,3750041.088,0,81860,0,31.723079681396484,41.87710189819336,-0.3958393633365631,0,state.APOGEE,1259,-23,0,-24,0.00044724473264068365,4713,4713,"[10.8, 0.5, 17.6, 10.8, 15.5, 17.6, 0, 0]","[3.646, 3.647, 3.647]",0.262,"[2.9936000000000003, 3.3104, 5.0032000000000005, 7.356800000000001, 8.448, 27.8288]","[0.029375000000000002, 0.623125, 0.004375, 0.003125, -0.00125, 0.001875]",0,0,29.5,"[1, 1, 1, 1, 1, 1]",50.7031812216379,42.3601534,-71.0933495,3,-23.945
1774902958.8055398,"[0, 0, 0, 0, 0, 0]","[1291, 1500, 1500, 1500]","[-25.08, 0.0, 0.0, 0.0]","[-0.36085407421875, 2.52751080859375, 10.223432625]",0,4202.5595703125,0,31.2353604888916,"[0.0, 5.21850585852, 3.60107421816]","[0, 0, 0]",0,3,0.0,0.0,4.206,0,0,0,4294967.295,3750041.088,0,81920,0,31.757871627807617,41.87038803100586,-0.3958393633365631,0,state.APOGEE,1260,-23,0,-24,0.0004662932478822768,4713,4713,"[10.4, 0.5, 16.5, 10.6, 15.5, 15.9, 0, 0]","[3.646, 3.647, 3.647]",0.262,"[2.9952, 3.3120000000000003, 5.0032000000000005, 7.368, 8.4384, 27.8272]","[0.031875, 0.22062500000000002, -0.004375, -0.003125, 0.000625, 0.00125]",0,0,29.5,"[1, 1, 1, 1, 1, 1]",50.71586635019145,42.360153499999996,-71.0933493,3,-24.009
1774902958.8560545,"[0, 0, 0, 0, 0, 0]","[1291, 1500, 1500, 1500]","[-25.08, 0.0, 0.0, 0.0]","[-0.3478296171875, 2.4692838242187496, 10.231860214843751]",0,4200.16015625,0,31.222244644165038,"[0.0, -14.43481445076, -11.10839843568]","[0, 0, 0]",0,3,0.0,0.0,4.201,0,0,0,4294967.295,3750041.088,0,81974,0,31.952987670898438,42.00229263305664,-0.3958393633365631,0,state.APOGEE,1261,-22,0,-23,0.00048444842104800045,4713,4713,"[10.6, 0.5, 16.5, 10.4, 15.9, 17.0, 0, 0]","[3.646, 3.647, 3.647]",0.262,"[2.9952, 3.3120000000000003, 5.0032000000000005, 7.368, 8.4384, 27.8272]","[0.031875, 0.22062500000000002, -0.004375, -0.003125, 0.000625, 0.00125]",0,0,29.5,"[1, 1, 1, 1, 1, 1]",50.91129936051193,42.360154099999995,-71.0933486,3,-24.067
1774902958.9190538,"[0, 0, 0, 0, 0, 0]","[1291, 1500, 1500, 1500]","[-25.08, 0.0, 0.0, 0.0]","[-0.35012805078125, 2.5451321328125, 10.2127066015625]",0,4197.759765625,0,31.209128799438478,"[0.0, -0.27465820308, 3.051757812]","[0, 0, 0]",0,3,0.0,0.0,4.198,0,0,0,4294967.295,3750041.088,0,82034,0,32.183982849121094,42.03833770751953,-0.3958393633365631,0,state.APOGEE,1262,-22,0,-23,0.0005020999815315008,4713,4713,"[10.8, 0.5, 16.5, 10.8, 15.9, 17.0, 0, 0]","[3.646, 3.647, 3.647]",0.262,"[2.9984, 3.3120000000000003, 5.0048, 7.3616, 8.457600000000001, 27.8256]","[0.03625, 0.254375, -0.0025, -0.00375, -0.003125, -0.00125]",0,0,29.5,"[1, 1, 1, 1, 1, 1]",51.05488320742136,42.360154099999995,-71.0933486,3,-24.067
1774902958.975563,"[0, 0, 0, 0, 0, 0]","[1291, 1500, 1500, 1500]","[-25.08, 0.0, 0.0, 0.0]","[-0.36545094140624995, 2.54130141015625, 10.20887587890625]",0,4195.35888671875,0,31.226616592407225,"[0.0, -9.73510742028, -22.30834960572]","[0, 0, 0]",0,3,0.0,0.0,4.198,0,0,0,4294967.295,3750041.088,0,82094,0,31.797693252563477,42.139652252197266,-0.3958393633365631,0,state.APOGEE,1263,-22,0,-23,0.0005192480748519301,4713,4713,"[10.4, 0.5, 15.9, 10.6, 15.5, 16.5, 0, 0]","[3.646, 3.647, 3.647]",0.262,"[2.9952, 3.3104, 5.0048, 7.3632, 8.443200000000001, 27.8288]","[0.03375, 0.228125, -0.0025, 0.000625, -0.003125, -0.00375]",0,0,29.5,"[1, 1, 1, 1, 1, 1]",50.93356359739082,42.3601548,-71.0933478,3,-24.096
1774902959.0385711,"[0, 0, 0, 0, 0, 0]","[1291, 1500, 1500, 1500]","[-25.08, 0.0, 0.0, 0.0]","[-0.4045243125, 2.4784775585937497, 10.2356909375]",0,4192.958984375,0,31.21787269592285,"[0.0, 1.0681152342, 9.55200195156]","[0, 0, 0]",0,3,0.0,0.0,4.194,0,0,0,4294967.295,3750041.088,0,82154,0,32.0988883972168,42.07984924316406,-0.3958393633365631,0,state.APOGEE,1264,-22,0,-23,0.0005359000060707331,4713,4713,"[10.6, 0.5, 17.6, 11.1, 16.5, 17.0, 0, 0]","[3.646, 3.647, 3.647]",0.262,"[2.9952, 3.3104, 5.0048, 7.3632, 8.443200000000001, 27.8288]","[0.03375, 0.228125, -0.0025, 0.000625, -0.003125, -0.00375]",0,0,29.5,"[1, 1, 1, 1, 1, 1]",51.04194038000648,42.3601548,-71.0933478,3,-24.096
1774902959.0890803,"[0, 0, 0, 0, 0, 0]","[1291, 1500, 1500, 1500]","[-25.08, 0.0, 0.0, 0.0]","[-0.35932178515625, 2.5420675546875, 10.23952166015625]",0,4190.95947265625,0,31.191641006469727,"[0.0, -10.71166992012, 0.64086914052]","[0, 0, 0]",0,3,0.0,0.0,4.194,0,0,0,4294967.295,3750041.088,0,82208,0,32.239871978759766,42.335235595703125,-0.3958393633365631,0,state.APOGEE,1265,-22,0,-23,0.0005496999947354198,4713,4713,"[10.4, 0.5, 15.5, 10.6, 15.9, 17.0, 0, 0]","[3.646, 3.647, 3.647]",0.262,"[2.9968000000000004, 3.3120000000000003, 5.0032000000000005, 7.3712, 8.440000000000001, 27.8256]","[0.031875, 0.28250000000000003, -0.00125, -0.006875, -0.000625, -0.004375]",0,0,29.5,"[1, 1, 1, 1, 1, 1]",51.299742932770535,42.3601552,-71.09334679999999,3,-24.126
1774902959.149598,"[0, 0, 0, 0, 0, 0]","[1291, 1500, 1500, 1500]","[-25.08, 0.0, 0.0, 0.0]","[-0.36238636328125, 2.55202743359375, 10.20121443359375]",0,4188.56005859375,0,31.230988540649413,"[0.0, -2.5939941402, -4.39453124928]","[0, 0, 0]",0,3,0.0,0.0,4.19,0,0,0,4294967.295,3750041.088,0,82268,0,32.32353973388672,42.336387634277344,-0.3958393633365631,0,state.APOGEE,1266,-22,0,-227,0.0005653565167449415,4713,4713,"[10.8, 0.5, 17.6, 10.4, 15.5, 16.5, 0, 0]","[3.646, 3.647, 3.647]",0.262,"[2.9968000000000004, 3.3120000000000003, 5.0032000000000005, 7.3712, 8.440000000000001, 27.8256]","[0.031875, 0.28250000000000003, -0.00125, -0.006875, -0.000625, -0.004375]",0,0,29.5,"[1, 1, 1, 1, 1, 1]",51.34289587844841,42.3601555,-71.0933496,3,-23.881
1774902959.2095966,"[0, 0, 0, 0, 0, 0]","[1291, 1500, 1500, 1500]","[-25.08, 0.0, 0.0, 0.0]","[-0.36162021874999994, 2.50299418359375, 10.21806961328125]",0,4186.16064453125,0,31.222244644165038,"[0.0, 0.1525878906, -2.56347656208]","[0, 0, 0]",0,3,0.0,0.0,4.186,0,0,0,4294967.295,3750041.088,0,82328,0,32.28083038330078,42.396183013916016,-0.3958393633365631,0,state.APOGEE,1267,-22,0,-23,0.0005805419059470296,4713,4713,"[10.6, 0.5, 16.5, 10.6, 16.5, 17.0, 0, 0]","[3.646, 3.647, 3.647]",0.262,"[2.9952, 3.3104, 5.0016, 7.36, 8.4528, 27.824]","[0.03, 0.62, -0.004375, -0.000625, -0.00625, -0.00375]",0,0,29.5,"[1, 1, 1, 1, 1, 1]",51.364912427287045,42.3601555,-71.0933496,3,-23.881
1774902959.2720215,"[0, 0, 0, 0, 0, 0]","[1291, 1500, 1500, 1500]","[-25.08, 0.0, 0.0, 0.0]","[-0.38460455468749993, 2.4869051484374998, 10.2402878046875]",0,4183.76123046875,0,31.230988540649413,"[0.0, 3.44848632756, 0.06103515624]","[0, 0, 0]",0,3,0.0,0.0,4.186,0,0,0,4294967.295,3750041.088,0,82388,0,32.45203399658203,42.32477569580078,-0.3958393633365631,0,state.APOGEE,1268,-22,0,-23,0.0005952999927103519,4713,4713,"[10.2, 0.5, 17.0, 10.6, 15.0, 16.5, 0, 0]","[3.646, 3.647, 3.647]",0.262,"[2.9952, 3.3104, 5.0016, 7.36, 8.4528, 27.824]","[0.03, 0.62, -0.004375, -0.000625, -0.00625, -0.00375]",0,0,29.5,"[1, 1, 1, 1, 1, 1]",51.399576214604686,42.360155899999995,-71.093349,3,-23.873
1774902959.3230262,"[0, 0, 0, 0, 0, 0]","[1291, 1500, 1500, 1500]","[-25.08, 0.0, 0.0, 0.0]","[-0.34553118359374996, 2.5336399648437498, 10.215005035156251]",0,4181.36181640625,0,31.2353604888916,"[0.0, -7.53784179564, -1.25122070292]","[0, 0, 0]",0,3,0.0,0.0,4.181,0,0,0,4294967.295,3750041.088,0,82442,0,32.54947280883789,42.40738296508789,-0.3958393633365631,0,state.APOGEE,1269,-22,0,-23,0.0006100876489654183,4713,4713,"[10.6, 0.5, 17.0, 10.6, 15.5, 17.0, 0, 0]","[3.646, 3.647, 3.647]",0.262,"[2.9952, 3.3104, 5.0032000000000005, 7.364800000000001, 8.464, 27.8272]","[0.036875, 0.59375, -0.000625, -0.003125, 0.0025, 0.001875]",0,0,29.5,"[1, 1, 1, 1, 1, 1]",51.509062641406686,42.360155899999995,-71.093349,3,-23.873
1774902959.3865566,"[0, 0, 0, 0, 0, 0]","[1291, 1500, 1500, 1500]","[-25.08, 0.0, 0.0, 0.0]","[-0.35242648437499996, 2.503760328125, 10.195085277343749]",0,4178.96240234375,0,31.222244644165038,"[0.0, -10.34545898268, 7.87353515496]","[0, 0, 0]",0,3,0.0,0.0,4.181,0,0,0,4294967.295,3750041.088,0,82502,0,32.48737716674805,42.58563232421875,-0.3958393633365631,0,state.APOGEE,1270,-22,0,-24,0.0006241365917958319,4713,4713,"[10.6, 0.5, 16.5, 10.6, 15.9, 17.0, 0, 0]","[3.646, 3.647, 3.647]",0.262,"[2.9952, 3.3104, 5.0032000000000005, 7.364800000000001, 8.464, 27.8272]","[0.036875, 0.59375, -0.000625, -0.003125, 0.0025, 0.001875]",0,0,29.5,"[1, 1, 1, 1, 1, 1]",51.60727560886939,42.360155899999995,-71.0933476,3,-23.889
1774902959.4440758,"[0, 0, 0, 0, 0, 0]","[1291, 1500, 1500, 1500]","[-25.08, 0.0, 0.0, 0.0]","[-0.36468479687499994, 2.50299418359375, 10.228029492187499]",0,4176.56298828125,0,31.244104385375977,"[0.0, -10.71166992012, -2.19726562464]","[0, 0, 0]",0,3,0.0,0.0,4.177,0,0,0,4294967.295,3750041.088,0,82562,0,32.49041748046875,42.99279022216797,-0.3958393633365631,0,state.APOGEE,1271,-22,0,-23,0.0006372820935212076,4713,4713,"[10.4, 0.5, 17.0, 10.8, 15.9, 17.0, 0, 0]","[3.646, 3.647, 3.647]",0.262,"[2.9952, 3.3120000000000003, 5.0032000000000005, 7.3712, 8.4336, 27.824]","[0.03875, 0.601875, 0.0, -0.00125, -0.0025, 0.00125]",0,0,29.5,"[1, 1, 1, 1, 1, 1]",51.9058481847824,42.360155899999995,-71.0933476,3,-23.889
1774902959.504075,"[0, 0, 0, 0, 0, 0]","[1291, 1500, 1500, 1500]","[-25.08, 0.0, 0.0, 0.0]","[-0.36698323046875, 2.534406109375, 10.22726334765625]",0,4174.1640625,0,31.230988540649413,"[0.0, -2.04467773404, 4.8828124992]","[0, 0, 0]",0,3,0.0,0.0,4.177,0,0,0,4294967.295,3750041.088,0,82622,0,32.8129768371582,43.05027389526367,-0.3958393633365631,0,state.APOGEE,1272,-22,0,-23,0.0006505849887616932,4713,4713,"[10.6, 0.5, 16.5, 10.4, 17.0, 16.5, 0, 0]","[3.646, 3.647, 3.647]",0.262,"[2.9952, 3.3120000000000003, 5.0032000000000005, 7.3712, 8.4336, 27.824]","[0.03875, 0.601875, 0.0, -0.00125, -0.0025, 0.00125]",0,0,29.5,"[1, 1, 1, 1, 1, 1]",52.109193431443195,42.360156599999996,-71.093347,3,-23.909
1774902959.5575924,"[0, 0, 0, 0, 0, 0]","[1291, 1500, 1500, 1500]","[-25.08, 0.0, 0.0, 0.0]","[-0.367749375, 2.5129540624999995, 10.244884671874999]",0,4172.166015625,0,31.213500747680666,"[0.0, 0.88500976548, 3.41796874944]","[0, 0, 0]",0,3,0.0,0.0,4.173,0,0,0,4294967.295,3750041.088,0,82676,0,33.07493591308594,42.977027893066406,-0.3958393633365631,0,state.APOGEE,1273,-22,0,-23,0.0006605999660678208,4713,4713,"[10.6, 0.5, 15.9, 10.6, 15.9, 16.5, 0, 0]","[3.646, 3.647, 3.647]",0.262,"[2.9952, 3.3120000000000003, 5.0032000000000005, 7.356800000000001, 8.4384, 27.8288]","[0.03125, 0.241875, -0.000625, -0.003125, -0.004375, -0.001875]",0,0,29.5,"[1, 1, 1, 1, 1, 1]",52.1880077980276,42.360157099999995,-71.09334679999999,3,-23.896
1774902959.6195943,"[0, 0, 0, 0, 0, 0]","[1291, 1500, 1500, 1500]","[-25.08, 0.0, 0.0, 0.0]","[-0.38460455468749993, 2.52751080859375, 10.22266648046875]",0,4169.7685546875,0,31.222244644165038,"[0.0, -9.12475585788, -2.92968749952]","[0, 0, 0]",0,3,0.0,0.0,4.17,0,0,0,4294967.295,3750041.088,0,82736,0,33.1939697265625,43.154640197753906,-0.3958393633365631,0,state.APOGEE,1274,-22,0,-23,0.0006729672895744443,4713,4713,"[10.4, 0.5, 17.0, 10.6, 16.5, 16.5, 0, 0]","[3.646, 3.647, 3.647]",0.262,"[2.9968000000000004, 3.3088, 5.0016, 7.3632, 8.432, 27.8256]","[0.036875, 0.19062500000000002, -0.000625, -0.005, -0.004375, -0.0025]",0,0,29.5,"[1, 1, 1, 1, 1, 1]",52.37648662851643,42.360157099999995,-71.09334679999999,3,-23.896
1774902959.6811075,"[0, 0, 0, 0, 0, 0]","[1291, 1500, 1500, 1500]","[-25.08, 0.0, 0.0, 0.0]","[-0.36238636328125, 2.52444623046875, 10.206577445312499]",0,4167.37109375,0,31.21787269592285,"[0.0, -3.44848632756, 2.65502929644]","[0, 0, 0]",0,3,0.0,0.0,4.17,0,0,0,4294967.295,3750041.088,0,82796,0,33.40758514404297,43.18696975708008,-0.3958393633365631,0,state.APOGEE,1275,-22,0,-23,0.0006847999757155776,4713,4713,"[10.4, 0.5, 15.9, 10.6, 15.9, 16.5, 0, 0]","[3.646, 3.647, 3.647]",0.262,"[2.9968000000000004, 3.3088, 5.0016, 7.3632, 8.432, 27.8256]","[0.036875, 0.19062500000000002, -0.000625, -0.005, -0.004375, -0.0025]",0,0,29.5,"[1, 1, 1, 1, 1, 1]",52.50770655991831,42.360157099999995,-71.0933455,3,-23.914
1774902959.7396367,"[0, 0, 0, 0, 0, 0]","[1291, 1500, 1500, 1500]","[-25.08, 0.0, 0.0, 0.0]","[-0.37770925390624993, 2.4830744257812496, 10.237989371093748]",0,4164.9736328125,0,31.21787269592285,"[0.0, -10.89477538884, -15.5639648412]","[0, 0, 0]",0,3,0.0,0.0,4.166,0,0,0,4294967.295,3750041.088,0,82856,0,33.2415771484375,43.26630783081055,-0.3958393633365631,0,state.APOGEE,1276,-22,0,-23,0.000696230330504477,4713,4713,"[10.4, 0.5, 16.5, 10.6, 16.5, 17.6, 0, 0]","[3.646, 3.647, 3.647]",0.262,"[2.9952, 3.3120000000000003, 5.0032000000000005, 7.3632, 8.456000000000001, 27.8272]","[0.03625, 0.224375, -0.00125, -0.00125, 0.0, -0.010625]",0,0,29.5,"[1, 1, 1, 1, 1, 1]",52.48117006692694,42.360157099999995,-71.0933455,3,-23.914
1774902959.7917113,"[0, 0, 0, 0, 0, 0]","[1291, 1500, 1500, 1500]","[-25.08, 0.0, 0.0, 0.0]","[-0.370813953125, 2.53517225390625, 10.245650816406249]",0,4162.9755859375,0,31.244104385375977,"[0.0, -8.94165038916, 5.2795410147599995]","[0, 0, 0]",0,3,0.0,0.0,4.166,0,0,0,4294967.295,3750041.088,0,82910,0,33.0573844909668,43.32369613647461,-0.3958393633365631,0,state.APOGEE,1277,-22,0,-23,0.000705899961758405,4713,4713,"[10.8, 0.5, 16.5, 10.4, 15.9, 17.0, 0, 0]","[3.646, 3.647, 3.647]",0.262,"[2.9952, 3.3120000000000003, 5.0032000000000005, 7.3632, 8.456000000000001, 27.8272]","[0.03625, 0.224375, -0.00125, -0.00125, 0.0, -0.010625]",0,0,29.5,"[1, 1, 1, 1, 1, 1]",52.430268588271296,42.3601575,-71.0933455,3,-23.919
1774902959.853222,"[0, 0, 0, 0, 0, 0]","[1291, 1500, 1500, 1500]","[-25.08, 0.0, 0.0, 0.0]","[-0.35625720703125, 2.5183170742187495, 10.244884671874999]",0,4160.578125,0,31.213500747680666,"[0.0, -4.4250488273999995, -1.9836425778]","[0, 0, 0]",0,3,0.0,0.0,4.162,0,0,0,4294967.295,3750041.088,0,82970,0,33.191951751708984,43.47444534301758,-0.3958393633365631,0,state.APOGEE,1278,-22,0,-23,0.0007165283313952386,4713,4713,"[10.6, 0.5, 17.0, 10.6, 15.9, 17.0, 0, 0]","[3.646, 3.647, 3.647]",0.262,"[2.9952, 3.3120000000000003, 5.0048, 7.3632, 8.4496, 27.8256]","[0.02875, 0.243125, -0.005, 0.00125, -0.0025, -0.00375]",0,0,29.5,"[1, 1, 1, 1, 1, 1]",52.60690932782467,42.360157699999995,-71.0933445,3,-23.923
1774902959.9112208,"[0, 0, 0, 0, 0, 0]","[1291, 1500, 1500, 1500]","[-25.08, 0.0, 0.0, 0.0]","[-0.3662170859375, 2.5052926171875, 10.23645708203125]",0,4158.18115234375,0,31.226616592407225,"[0.0, 9.6130371078, 9.03320312352]","[0, 0, 0]",0,3,0.0,0.0,4.158,0,0,0,4294967.295,3750041.088,0,83030,0,33.043033599853516,43.25349807739258,-0.3958393633365631,0,state.APOGEE,1279,-22,0,-23,0.0007272000075317919,4713,4713,"[10.4, 0.5, 17.0, 10.8, 16.5, 16.5, 0, 0]","[3.646, 3.647, 3.647]",0.262,"[2.9952, 3.3120000000000003, 5.0048, 7.3632, 8.4496, 27.8256]","[0.02875, 0.243125, -0.005, 0.00125, -0.0025, -0.00375]",0,0,29.5,"[1, 1, 1, 1, 1, 1]",52.37215726332303,42.360157699999995,-71.0933445,3,-23.923
1774902959.971732,"[0, 0, 0, 0, 0, 0]","[1291, 1500, 1500, 1500]","[-25.08, 0.0, 0.0, 0.0]","[-0.37158009765624994, 2.51678478515625, 10.219601902343749]",0,4155.78515625,0,31.21787269592285,"[0.0, -3.02124023388, 3.78417968688]","[0, 0, 0]",0,3,0.0,0.0,4.158,0,0,0,4294967.295,3750041.088,0,83090,0,33.08389663696289,43.539127349853516,-0.3958393633365631,0,state.APOGEE,1280,-22,0,-23,0.0007374999113380909,4713,4713,"[10.6, 0.5, 16.5, 10.4, 15.9, 17.0, 0, 0]","[3.646, 3.647, 3.647]",0.262,"[2.9968000000000004, 3.3120000000000003, 5.0032000000000005, 7.368, 8.4384, 27.824]","[0.03375, 0.62625, 0.005, -0.004375, 0.000625, -0.00125]",0,0,29.5,"[1, 1, 1, 1, 1, 1]",52.59991699111333,42.3601582,-71.0933434,3,-23.924
1774902960.025735,"[0, 0, 0, 0, 0, 0]","[1291, 1500, 1500, 1500]","[-25.08, 0.0, 0.0, 0.0]","[-0.36545094140624995, 2.5183170742187495, 10.231860214843751]",0,4153.3896484375,0,31.23973243713379,"[0.0, 4.85229492108, -10.00976562336]","[0, 0, 0]",0,3,0.0,0.0,4.153,0,0,0,4294967.295,3750041.088,0,83144,0,33.1242561340332,43.57536315917969,-0.3958393633365631,0,state.APOGEE,1281,-22,0,-23,0.0007474000449292362,4713,4713,"[10.2, 0.5, 16.5, 10.6, 15.5, 16.5, 0, 0]","[3.646, 3.647, 3.647]",0.262,"[2.9968000000000004, 3.3120000000000003, 5.0032000000000005, 7.368, 8.4384, 27.824]","[0.03375, 0.62625, 0.005, -0.004375, 0.000625, -0.00125]",0,0,29.5,"[1, 1, 1, 1, 1, 1]",52.64633991094308,42.3601582,-71.0933434,3,-23.924
1774902960.08925,"[0, 0, 0, 0, 0, 0]","[1291, 1500, 1500, 1500]","[-25.08, 0.0, 0.0, 0.0]","[-0.3662170859375, 2.5443659882812497, 10.220368046875]",0,4150.99365234375,0,31.226616592407225,"[0.0, -5.7678222646799995, -2.71606445268]","[0, 0, 0]",0,3,0.0,0.0,4.153,0,0,0,4294967.295,3750041.088,0,83204,0,33.12088394165039,43.59305191040039,-0.3958393633365631,0,state.APOGEE,1282,-22,0,-23,0.0007571000023745,4713,4713,"[10.4, 0.5, 16.5, 10.6, 15.9, 15.9, 0, 0]","[3.646, 3.647, 3.647]",0.262,"[2.9952, 3.3136, 5.0016, 7.3616, 8.4672, 27.8272]","[0.033125, 0.6225, 0.0025, -0.004375, -0.0025, 0.001875]",0,0,29.5,"[1, 1, 1, 1, 1, 1]",52.65750842411692,42.3601587,-71.0933427,3,-23.906
1774902960.149782,"[0, 0, 0, 0, 0, 0]","[1291, 1500, 1500, 1500]","[-25.08, 0.0, 0.0, 0.0]","[-0.37311238671874997, 2.4960988828125, 10.221134191406248]",0,4148.59765625,0,31.222244644165038,"[0.0, -1.0681152342, 11.96289062304]","[0, 0, 0]",0,3,0.0,0.0,4.15,0,0,0,4294967.295,3750041.088,0,83264,0,33.48921585083008,43.61198806762695,-0.3958393633365631,0,state.APOGEE,1283,-22,0,-23,0.0007663000142201781,4713,4713,"[10.2, 0.5, 15.9, 10.4, 15.5, 16.5, 0, 0]","[3.646, 3.647, 3.647]",0.262,"[2.9952, 3.3136, 5.0016, 7.3616, 8.4672, 27.8272]","[0.033125, 0.6225, 0.0025, -0.004375, -0.0025, 0.001875]",0,0,29.5,"[1, 1, 1, 1, 1, 1]",52.85519438133066,42.3601587,-71.0933427,3,-23.906
1774902960.2057824,"[0, 0, 0, 0, 0, 0]","[1291, 1500, 1500, 1500]","[-25.08, 0.0, 0.0, 0.0]","[-0.3692816640625, 2.52291394140625, 10.202746722656249]",0,4146.2021484375,0,31.2353604888916,"[0.0, -12.11547851364, -12.42065429484]","[0, 0, 0]",0,3,0.0,0.0,4.146,0,0,0,4294967.295,3750041.088,0,83324,0,33.123592376708984,43.48078155517578,-0.3958393633365631,0,state.APOGEE,1284,-22,0,-23,0.0007755550905130804,4713,4713,"[10.8, 0.5, 16.5, 10.8, 15.9, 16.5, 0, 0]","[3.646, 3.647, 3.647]",0.262,"[2.9952, 3.3136, 5.0032000000000005, 7.3664000000000005, 8.4512, 27.8272]","[0.035, 0.62875, 0.0025, -0.003125, -0.0025, -0.0025]",0,0,29.5,"[1, 1, 1, 1, 1, 1]",52.57734841121758,42.3601588,-71.0933407,3,-23.894
1774902960.2629614,"[0, 0, 0, 0, 0, 0]","[1291, 1500, 1500, 1500]","[-25.08, 0.0, 0.0, 0.0]","[-0.3815399765625, 2.5022280390624996, 10.202746722656249]",0,4144.20556640625,0,31.226616592407225,"[0.0, -3.814697265, 13.2751464822]","[0, 0, 0]",0,3,0.0,0.0,4.146,0,0,0,4294967.295,3750041.088,0,83378,0,33.074134826660156,43.71916580200195,-0.3958393633365631,0,state.APOGEE,1285,-22,0,-23,0.0007827000226825476,4713,4713,"[10.4, 0.5, 15.9, 10.6, 16.5, 17.0, 0, 0]","[3.646, 3.647, 3.647]",0.262,"[2.9952, 3.3136, 5.0032000000000005, 7.3664000000000005, 8.4512, 27.8272]","[0.035, 0.62875, 0.0025, -0.003125, -0.0025, -0.0025]",0,0,29.5,"[1, 1, 1, 1, 1, 1]",52.72598381869918,42.3601591,-71.09333889999999,3,-23.865
1774902960.3209603,"[0, 0, 0, 0, 0, 0]","[1291, 1500, 1500, 1500]","[-25.08, 0.0, 0.0, 0.0]","[-0.3754108203125, 2.5183170742187495, 10.2372232265625]",0,4141.81103515625,0,31.274708023071287,"[0.0, -4.4250488273999995, -9.826660154639999]","[0, 0, 0]",0,3,0.0,0.0,4.142,0,0,0,4294967.295,3750041.088,0,83438,0,33.0091438293457,43.68441390991211,-0.3958393633365631,0,state.APOGEE,1286,-22,0,-23,0.0007912999717518687,4713,4713,"[10.4, 0.5, 17.0, 10.6, 15.9, 17.0, 0, 0]","[3.646, 3.647, 3.647]",0.262,"[2.9968000000000004, 3.3120000000000003, 5.0048, 7.368, 8.4464, 27.824]","[0.03375, 0.22875, -0.003125, -0.00125, -0.003125, -0.001875]",0,0,29.5,"[1, 1, 1, 1, 1, 1]",52.66847424927538,42.3601591,-71.09333889999999,3,-23.865
1774902960.380477,"[0, 0, 0, 0, 0, 0]","[1291, 1500, 1500, 1500]","[-25.08, 0.0, 0.0, 0.0]","[-0.37464467578124994, 2.5236800859374995, 10.215771179687499]",0,4139.4169921875,0,31.23973243713379,"[0.0, -3.63159179628, 10.28442382644]","[0, 0, 0]",0,3,0.0,0.0,4.142,0,0,0,4294967.295,3750041.088,0,83498,0,32.95055389404297,43.73202896118164,-0.3958393633365631,0,state.APOGEE,1287,-22,0,-23,0.0007995798951014876,4713,4713,"[10.4, 0.5, 15.9, 10.4, 15.9, 15.9, 0, 0]","[3.646, 3.647, 3.647]",0.262,"[2.9952, 3.3120000000000003, 5.0032000000000005, 7.36, 8.4496, 27.8272]","[0.035625000000000004, 0.1975, -0.001875, 0.0, -0.000625, 0.000625]",0,0,29.5,"[1, 1, 1, 1, 1, 1]",52.67419025435441,42.3601597,-71.09333819999999,3,-23.845
1774902960.4404833,"[0, 0, 0, 0, 0, 0]","[1291, 1500, 1500, 1500]","[-25.08, 0.0, 0.0, 0.0]","[-0.34399889453125, 2.5144863515624998, 10.22266648046875]",0,4137.02294921875,0,31.244104385375977,"[0.0, -3.02124023388, -10.559082029519999]","[0, 0, 0]",0,3,0.0,0.0,4.138,0,0,0,4294967.295,3750041.088,0,83558,0,32.96549606323242,43.97739028930664,-0.3958393633365631,0,state.APOGEE,1288,-22,0,-23,0.0008073191856965423,4713,4713,"[10.6, 0.5, 17.6, 10.6, 15.9, 17.0, 0, 0]","[3.646, 3.647, 3.647]",0.262,"[2.9952, 3.3120000000000003, 5.0032000000000005, 7.36, 8.4496, 27.8272]","[0.035625000000000004, 0.1975, -0.001875, 0.0, -0.000625, 0.000625]",0,0,29.5,"[1, 1, 1, 1, 1, 1]",52.86070263936835,42.3601597,-71.09333819999999,3,-23.845
1774902960.4939964,"[0, 0, 0, 0, 0, 0]","[1291, 1500, 1500, 1500]","[-25.08, 0.0, 0.0, 0.0]","[-0.38460455468749993, 2.53057538671875, 10.211174312499999]",0,4134.62890625,0,31.226616592407225,"[0.0, 7.04956054572, 14.221191403919999]","[0, 0, 0]",0,3,0.0,0.0,4.138,0,0,0,4294967.295,3750041.088,0,83612,0,33.237674713134766,43.98594665527344,-0.3958393633365631,0,state.APOGEE,1289,-22,0,-23,0.00081495544873178,4713,4713,"[10.8, 0.5, 16.5, 10.6, 15.5, 17.0, 0, 0]","[3.646, 3.647, 3.647]",0.262,"[2.9952, 3.3104, 5.0016, 7.3632, 8.4352, 27.8256]","[0.033125, 0.240625, -0.00375, 0.0, -0.00125, -0.000625]",0,0,29.5,"[1, 1, 1, 1, 1, 1]",53.00098896049873,42.3601598,-71.0933369,3,-23.85
1774902960.5565166,"[0, 0, 0, 0, 0, 0]","[1291, 1500, 1500, 1500]","[-25.08, 0.0, 0.0, 0.0]","[-0.36315250781249997, 2.48920358203125, 10.2402878046875]",0,4132.2353515625,0,31.248476333618164,"[0.0, -8.94165038916, 2.65502929644]","[0, 0, 0]",0,3,0.0,0.0,4.133,0,0,0,4294967.295,3750041.088,0,83672,0,33.33222198486328,44.03358459472656,-0.3958393633365631,0,state.APOGEE,1290,-22,0,-23,0.0008225999772548676,4713,4713,"[10.4, 0.5, 16.5, 10.6, 15.9, 16.5, 0, 0]","[3.646, 3.647, 3.647]",0.262,"[2.9952, 3.3104, 5.0016, 7.3632, 8.4352, 27.8256]","[0.033125, 0.240625, -0.00375, 0.0, -0.00125, -0.000625]",0,0,29.5,"[1, 1, 1, 1, 1, 1]",53.08231710332213,42.360160199999996,-71.0933359,3,-23.836
1774902960.6135156,"[0, 0, 0, 0, 0, 0]","[1291, 1500, 1500, 1500]","[-25.08, 0.0, 0.0, 0.0]","[-0.37617696484374996, 2.5267446640624995, 10.23032792578125]",0,4129.84130859375,0,31.21787269592285,"[0.0, 7.2326660144399995, 13.2751464822]","[0, 0, 0]",0,3,0.0,0.0,4.129,0,0,0,4294967.295,3750041.088,0,83732,0,33.49733352661133,44.1410026550293,-0.3958393633365631,0,state.APOGEE,1291,-22,0,-23,0.0008297999738715589,4713,4713,"[10.8, 0.5, 16.5, 10.8, 16.5, 15.9, 0, 0]","[3.646, 3.647, 3.647]",0.262,"[2.9968000000000004, 3.3136, 5.0048, 7.364800000000001, 8.4512, 27.8288]","[0.035625000000000004, 0.224375, -0.00125, -0.00125, -0.005, -0.004375]",0,0,29.5,"[1, 1, 1, 1, 1, 1]",53.24186717253058,42.360160199999996,-71.0933359,3,-23.836
1774902960.6750336,"[0, 0, 0, 0, 0, 0]","[1291, 1500, 1500, 1500]","[-25.08, 0.0, 0.0, 0.0]","[-0.36238636328125, 2.528276953125, 10.237989371093748]",0,4127.447265625,0,31.23973243713379,"[0.0, -7.9650878893199994, 11.81030273244]","[0, 0, 0]",0,3,0.0,0.0,4.129,0,0,0,4294967.295,3750041.088,0,83792,0,33.62583923339844,44.15441131591797,-0.3958393633365631,0,state.APOGEE,1292,-22,0,-23,0.0008367999689653516,4713,4713,"[11.1, 0.5, 16.5, 10.6, 16.5, 15.9, 0, 0]","[3.646, 3.647, 3.647]",0.262,"[2.9968000000000004, 3.3136, 5.0048, 7.364800000000001, 8.4512, 27.8288]","[0.035625000000000004, 0.224375, -0.00125, -0.00125, -0.005, -0.004375]",0,0,29.5,"[1, 1, 1, 1, 1, 1]",53.315173021135045,42.36016,-71.0933348,3,-23.834
1774902960.7311153,"[0, 0, 0, 0, 0, 0]","[1291, 1500, 1500, 1500]","[-25.08, 0.0, 0.0, 0.0]","[-0.38000768749999997, 2.491502015625, 10.2310940703125]",0,4125.45361328125,0,31.21787269592285,"[0.0, -6.5612792958, -2.53295898396]","[0, 0, 0]",0,3,0.0,0.0,4.126,0,0,0,4294967.295,3750041.088,0,83846,0,33.268192291259766,44.35368347167969,-0.3958393633365631,0,state.APOGEE,1293,-22,0,-23,0.0008423999533988535,4713,4713,"[10.6, 0.5, 17.0, 10.4, 15.9, 15.9, 0, 0]","[3.646, 3.647, 3.647]",0.262,"[2.9936000000000003, 3.3120000000000003, 5.0016, 7.3552, 8.456000000000001, 27.824]","[0.03, 0.634375, 0.003125, -0.000625, -0.000625, -0.008125]",0,0,29.5,"[1, 1, 1, 1, 1, 1]",53.28379432953622,42.36016,-71.0933348,3,-23.834
1774902960.7922685,"[0, 0, 0, 0, 0, 0]","[1291, 1500, 1500, 1500]","[-25.08, 0.0, 0.0, 0.0]","[-0.35932178515625, 2.5206155078125, 10.237989371093748]",0,4123.0615234375,0,31.226616592407225,"[0.0, -6.7443847645199995, -7.5988769518799995]","[0, 0, 0]",0,3,0.0,0.0,4.126,0,0,0,4294967.295,3750041.088,0,83906,0,33.63470458984375,44.40067672729492,-0.3958393633365631,0,state.APOGEE,1294,-22,0,-23,0.0008490000036545098,4713,4713,"[10.4, 0.5, 15.9, 10.6, 15.5, 17.0, 0, 0]","[3.646, 3.647, 3.647]",0.262,"[2.9936000000000003, 3.3120000000000003, 5.0016, 7.3552, 8.456000000000001, 27.824]","[0.03, 0.634375, 0.003125, -0.000625, -0.000625, -0.008125]",0,0,29.5,"[1, 1, 1, 1, 1, 1]",53.497846916639666,42.3601597,-71.09333409999999,3,-23.847
1774902960.8477805,"[0, 0, 0, 0, 0, 0]","[1291, 1500, 1500, 1500]","[-25.08, 0.0, 0.0, 0.0]","[-0.36315250781249997, 2.5236800859374995, 10.223432625]",0,4120.66943359375,0,31.244104385375977,"[0.0, 2.10571289028, -3.29589843696]","[0, 0, 0]",0,3,0.0,0.0,4.122,0,0,0,4294967.295,3750041.088,0,83966,0,33.97255325317383,44.51909255981445,-0.3958393633365631,0,state.APOGEE,1295,-22,0,-23,0.000855385500472039,4713,4713,"[10.8, 0.5, 16.5, 10.6, 16.5, 17.0, 0, 0]","[3.646, 3.647, 3.647]",0.262,"[2.9936000000000003, 3.3104, 5.0048, 7.364800000000001, 8.4464, 27.8272]","[0.03, 0.628125, 0.00125, -0.003125, -0.004375, 0.00125]",0,0,29.5,"[1, 1, 1, 1, 1, 1]",53.750068335597746,42.360159599999996,-71.0933335,3,-23.855
1774902960.9107828,"[0, 0, 0, 0, 0, 0]","[1291, 1500, 1500, 1500]","[-25.08, 0.0, 0.0, 0.0]","[-0.38383841015625, 2.5144863515624998, 10.232626359374999]",0,4118.27734375,0,31.248476333618164,"[0.0, 2.8991699214, -7.20214843632]","[0, 0, 0]",0,3,0.0,0.0,4.118,0,0,0,4294967.295,3750041.088,0,84026,0,33.890174865722656,44.513004302978516,-0.3958393633365631,0,state.APOGEE,1296,-22,0,-23,0.0008613138343207538,4713,4713,"[10.8, 0.5, 17.0, 10.4, 15.5, 16.5, 0, 0]","[3.646, 3.647, 3.647]",0.262,"[2.9936000000000003, 3.3104, 5.0048, 7.364800000000001, 8.4464, 27.8272]","[0.03, 0.628125, 0.00125, -0.003125, -0.004375, 0.00125]",0,0,29.5,"[1, 1, 1, 1, 1, 1]",53.70500529484474,42.360159599999996,-71.0933335,3,-23.855
1774902960.9642935,"[0, 0, 0, 0, 0, 0]","[1291, 1500, 1500, 1500]","[-25.08, 0.0, 0.0, 0.0]","[-0.38766913281249993, 2.5052926171875, 10.22573105859375]",0,4116.28369140625,0,31.244104385375977,"[0.0, -6.19506835836, -7.20214843632]","[0, 0, 0]",0,3,0.0,0.0,4.118,0,0,0,4294967.295,3750041.088,0,84080,0,33.73595428466797,44.59532165527344,-0.3958393633365631,0,state.APOGEE,1297,-22,0,-23,0.0008664000197313726,4713,4713,"[10.6, 0.5, 17.6, 10.8, 15.9, 15.9, 0, 0]","[3.646, 3.647, 3.647]",0.262,"[2.9936000000000003, 3.3104, 5.0032000000000005, 7.3632, 8.4544, 27.8256]","[0.03125, 0.23500000000000001, 0.00125, -0.0025, 0.000625, 0.00125]",0,0,29.5,"[1, 1, 1, 1, 1, 1]",53.688661698666124,42.3601598,-71.0933328,3,-23.869
1774902961.0222952,"[0, 0, 0, 0, 0, 0]","[1291, 1500, 1500, 1500]","[-25.08, 0.0, 0.0, 0.0]","[-0.35625720703125, 2.522147796875, 10.233392503906249]",0,4113.892578125,0,31.248476333618164,"[0.0, -0.09155273436, -8.51440429548]","[0, 0, 0]",0,3,0.0,0.0,4.114,0,0,0,4294967.295,3750041.088,0,84140,0,33.65729904174805,44.71370315551758,-0.3958393633365631,0,state.APOGEE,1298,-22,0,-23,0.0008722000056877732,4713,4713,"[10.6, 0.5, 16.5, 10.4, 15.9, 16.5, 0, 0]","[3.646, 3.647, 3.647]",0.262,"[2.9936000000000003, 3.3104, 5.0032000000000005, 7.3632, 8.4544, 27.8256]","[0.03125, 0.23500000000000001, 0.00125, -0.0025, 0.000625, 0.00125]",0,0,29.5,"[1, 1, 1, 1, 1, 1]",53.73602952238134,42.3601598,-71.0933328,3,-23.869
1774902961.082817,"[0, 0, 0, 0, 0, 0]","[1291, 1500, 1500, 1500]","[-25.08, 0.0, 0.0, 0.0]","[-0.3754108203125, 2.53134153125, 10.21730346875]",0,4111.50244140625,0,31.265964126586915,"[0.0, -2.65502929644, -7.20214843632]","[0, 0, 0]",0,3,0.0,0.0,4.114,0,0,0,4294967.295,3750041.088,0,84200,0,33.57400894165039,44.83210372924805,-0.3958393633365631,0,state.APOGEE,1299,-22,0,-23,0.0008777999901212752,4713,4713,"[10.8, 0.5, 16.5, 10.8, 15.9, 17.0, 0, 0]","[3.646, 3.647, 3.647]",0.262,"[2.9952, 3.3120000000000003, 5.0032000000000005, 7.3664000000000005, 8.448, 27.8272]","[0.0325, 0.241875, -0.004375, -0.004375, -0.0025, -0.00375]",0,0,29.5,"[1, 1, 1, 1, 1, 1]",53.78154491801781,42.3601599,-71.0933324,3,-23.882
1774902961.1418185,"[0, 0, 0, 0, 0, 0]","[1291, 1500, 1500, 1500]","[-25.08, 0.0, 0.0, 0.0]","[-0.36238636328125, 2.5298092421875, 10.2188357578125]",0,4109.1123046875,0,31.248476333618164,"[0.0, 7.2326660144399995, 1.15966796856]","[0, 0, 0]",0,3,0.0,0.0,4.11,0,0,0,4294967.295,3750041.088,0,84260,0,33.794960021972656,44.857696533203125,-0.3958393633365631,0,state.APOGEE,1300,-22,0,-23,0.0008832883322611451,4713,4713,"[11.1, 0.5, 16.5, 10.8, 15.9, 16.5, 0, 0]","[3.646, 3.647, 3.647]",0.262,"[2.9968000000000004, 3.3120000000000003, 5.0048, 7.368, 8.4464, 27.824]","[0.035, 0.231875, 0.000625, -0.00125, -0.00125, -0.00375]",0,0,29.5,"[1, 1, 1, 1, 1, 1]",53.907753417525086,42.3601599,-71.0933324,3,-23.882
1774902961.197329,"[0, 0, 0, 0, 0, 0]","[1291, 1500, 1500, 1500]","[-25.08, 0.0, 0.0, 0.0]","[-0.3600879296875, 2.51908321875, 10.22726334765625]",0,4106.7216796875,0,31.252848281860352,"[0.0, -14.25170898204, 3.78417968688]","[0, 0, 0]",0,3,0.0,0.0,4.11,0,0,0,4294967.295,3750041.088,0,84314,0,33.84477996826172,44.89018630981445,-0.3958393633365631,0,state.APOGEE,1301,-22,0,-23,0.0008885888382792473,4713,4713,"[11.1, 0.5, 15.9, 10.8, 15.9, 16.5, 0, 0]","[3.646, 3.647, 3.647]",0.262,"[2.9968000000000004, 3.3120000000000003, 5.0048, 7.368, 8.4464, 27.824]","[0.035, 0.231875, 0.000625, -0.00125, -0.00125, -0.00375]",0,0,29.5,"[1, 1, 1, 1, 1, 1]",53.9556243020843,42.3601594,-71.09333079999999,3,-23.907
1774902961.2574067,"[0, 0, 0, 0, 0, 0]","[1291, 1500, 1500, 1500]","[-25.08, 0.0, 0.0, 0.0]","[-0.35549106249999995, 2.5443659882812497, 10.210408167968751]",0,4104.33154296875,0,31.23973243713379,"[0.0, 3.08227539012, -5.340576171]","[0, 0, 0]",0,3,0.0,0.0,4.106,0,0,0,4294967.295,3750041.088,0,84374,0,33.9677848815918,44.85841751098633,-0.3958393633365631,0,state.APOGEE,1302,-22,0,-23,0.0008934106444939971,4713,4713,"[10.8, 0.5, 15.9, 10.8, 15.9, 16.5, 0, 0]","[3.646, 3.647, 3.647]",0.262,"[2.9952, 3.3104, 5.0032000000000005, 7.36, 8.432, 27.8272]","[0.03, 0.22125, -0.00375, -0.00125, -0.000625, -0.000625]",0,0,29.5,"[1, 1, 1, 1, 1, 1]",53.99274638091462,42.3601598,-71.0933299,3,-23.899
1774902961.3163004,"[0, 0, 0, 0, 0, 0]","[1291, 1500, 1500, 1500]","[-25.08, 0.0, 0.0, 0.0]","[-0.38000768749999997, 2.4960988828125, 10.24718310546875]",0,4101.94140625,0,31.283451919555663,"[0.0, -11.07788085756, -15.930175778639999]","[0, 0, 0]",0,3,0.0,0.0,4.102,0,0,0,4294967.295,3750041.088,0,84434,0,33.77098083496094,44.99388885498047,-0.3958393633365631,0,state.APOGEE,1303,-22,0,-23,0.0008982203435152769,4713,4713,"[10.4, 0.5, 17.6, 10.2, 15.9, 16.5, 0, 0]","[3.646, 3.647, 3.647]",0.262,"[2.9952, 3.3104, 5.0032000000000005, 7.36, 8.432, 27.8272]","[0.03, 0.22125, -0.00375, -0.00125, -0.000625, -0.000625]",0,0,29.5,"[1, 1, 1, 1, 1, 1]",53.99494705810177,42.3601598,-71.0933299,3,-23.899
1774902961.3758016,"[0, 0, 0, 0, 0, 0]","[1291, 1500, 1500, 1500]","[-25.08, 0.0, 0.0, 0.0]","[-0.36468479687499994, 2.5114217734374997, 10.23952166015625]",0,4099.55078125,0,31.270336074829103,"[0.0, 0.70190429676, 5.46264648348]","[0, 0, 0]",0,3,0.0,0.0,4.102,0,0,0,4294967.295,3750041.088,0,84494,0,33.87718200683594,44.92368698120117,-0.3958393633365631,0,state.APOGEE,1304,-22,0,-23,0.0009030999499373138,4713,4713,"[10.6, 0.5, 15.9, 10.6, 16.5, 16.5, 0, 0]","[3.646, 3.647, 3.647]",0.262,"[2.9952, 3.3136, 5.0048, 7.3632, 8.4528, 27.8256]","[0.038125, 0.33375, 0.000625, -0.003125, -0.0025, -0.001875]",0,0,29.5,"[1, 1, 1, 1, 1, 1]",53.995716745629224,42.3601598,-71.09332859999999,3,-23.897
1774902961.4298084,"[0, 0, 0, 0, 0, 0]","[1291, 1500, 1500, 1500]","[-25.08, 0.0, 0.0, 0.0]","[-0.3508941953125, 2.53057538671875, 10.221900335937498]",0,4097.560546875,0,31.2353604888916,"[0.0, -8.94165038916, -12.42065429484]","[0, 0, 0]",0,3,0.0,0.0,4.098,0,0,0,4294967.295,3750041.088,0,84548,0,33.58654022216797,44.77745056152344,-0.3958393633365631,0,state.APOGEE,1305,-22,0,-227,0.0009069000370800495,4713,4713,"[10.6, 0.5, 15.9, 10.8, 15.9, 16.5, 0, 0]","[3.646, 3.647, 3.647]",0.262,"[2.9952, 3.3136, 5.0048, 7.3632, 8.4528, 27.8256]","[0.038125, 0.33375, 0.000625, -0.003125, -0.0025, -0.001875]",0,0,29.5,"[1, 1, 1, 1, 1, 1]",53.74786198675184,42.3601598,-71.09332859999999,3,-23.897
1774902961.490317,"[0, 0, 0, 0, 0, 0]","[1291, 1500, 1500, 1500]","[-25.08, 0.0, 0.0, 0.0]","[-0.3692816640625, 2.4800098476562495, 10.207343589843749]",0,4095.171875,0,31.252848281860352,"[0.0, -4.5471191398799995, 10.5285644514]","[0, 0, 0]",0,3,0.0,0.0,4.098,0,0,0,4294967.295,3750041.088,0,84608,0,33.52944564819336,44.905006408691406,-0.3958393633365631,0,state.APOGEE,1306,-22,0,-227,0.0009113000705838203,4713,4713,"[10.6, 0.5, 17.0, 10.4, 15.9, 17.0, 0, 0]","[3.646, 3.647, 3.647]",0.262,"[2.9936000000000003, 3.3104, 5.0016, 7.364800000000001, 8.464, 27.8272]","[0.03375, 0.6175, 0.001875, 0.001875, -0.00625, -0.000625]",0,0,29.5,"[1, 1, 1, 1, 1, 1]",53.81303046148936,42.3601591,-71.0933277,3,-23.891
1774902961.550828,"[0, 0, 0, 0, 0, 0]","[1291, 1500, 1500, 1500]","[-25.08, 0.0, 0.0, 0.0]","[-0.37387853125, 2.5083571953125, 10.220368046875]",0,4092.783447265625,0,31.2353604888916,"[0.0, 4.85229492108, 0.06103515624]","[0, 0, 0]",0,3,0.0,0.0,4.094,0,0,0,4294967.295,3750041.088,0,84668,0,33.78240966796875,45.10398483276367,-0.3958393633365631,0,state.APOGEE,1307,-22,0,-227,0.0009156915475614369,4713,4713,"[10.6, 0.5, 15.9, 10.4, 15.5, 17.6, 0, 0]","[3.646, 3.647, 3.647]",0.262,"[2.9936000000000003, 3.3104, 5.0016, 7.364800000000001, 8.464, 27.8272]","[0.03375, 0.6175, 0.001875, 0.001875, -0.00625, -0.000625]",0,0,29.5,"[1, 1, 1, 1, 1, 1]",54.08050848271523,42.3601592,-71.0933285,3,-23.875
1774902961.6118243,"[0, 0, 0, 0, 0, 0]","[1291, 1500, 1500, 1500]","[-25.08, 0.0, 0.0, 0.0]","[-0.38307226562499996, 2.5144863515624998, 10.24411852734375]",0,4090.395751953125,0,31.252848281860352,"[0.0, 3.63159179628, 6.19506835836]","[0, 0, 0]",0,3,0.0,0.0,4.09,0,0,0,4294967.295,3750041.344,0,84728,0,34.048824310302734,45.09425354003906,-0.3958393633365631,0,state.APOGEE,1308,-22,0,-23,0.0009195160237140954,4713,4713,"[10.6, 0.5, 16.5, 10.4, 16.5, 17.0, 0, 0]","[3.646, 3.647, 3.647]",0.262,"[2.9968000000000004, 3.3120000000000003, 5.0032000000000005, 7.36, 8.4656, 27.8256]","[0.036875, 0.606875, 0.000625, -0.003125, -0.001875, -0.006875]",0,0,29.5,"[1, 1, 1, 1, 1, 1]",54.20291967869133,42.3601592,-71.0933285,3,-23.875
1774902961.6633348,"[0, 0, 0, 0, 0, 0]","[1291, 1500, 1500, 1500]","[-25.08, 0.0, 0.0, 0.0]","[-0.36698323046875, 2.5298092421875, 10.2035128671875]",0,4088.009033203125,0,31.248476333618164,"[0.0, -6.3781738270799995, -4.97436523356]","[0, 0, 0]",0,3,0.0,0.0,4.09,0,0,0,4294967.295,3750041.344,0,84782,0,34.00404357910156,45.207698822021484,-0.3958393633365631,0,state.APOGEE,1309,-22,0,-23,0.0009236999903805554,4713,4713,"[11.1, 0.5, 15.9, 10.6, 15.9, 16.5, 0, 0]","[3.646, 3.647, 3.647]",0.262,"[2.9968000000000004, 3.3120000000000003, 5.0032000000000005, 7.36, 8.4656, 27.8256]","[0.036875, 0.606875, 0.000625, -0.003125, -0.001875, -0.006875]",0,0,29.5,"[1, 1, 1, 1, 1, 1]",54.26329157355779,42.3601588,-71.093329,3,-23.89
1774902961.724476,"[0, 0, 0, 0, 0, 0]","[1291, 1500, 1500, 1500]","[-25.08, 0.0, 0.0, 0.0]","[-0.37311238671874997, 2.5098894843749995, 10.226497203124998]",0,4085.62109375,0,31.230988540649413,"[0.0, 4.85229492108, 2.83813476516]","[0, 0, 0]",0,3,0.0,0.0,4.086,0,0,0,4294967.295,3750041.344,0,84842,0,34.20914077758789,45.213809967041016,-0.3958393633365631,0,state.APOGEE,1310,-22,0,-23,0.0009274072363041341,4713,4713,"[10.8, 0.5, 17.0, 10.8, 15.9, 15.9, 0, 0]","[3.646, 3.647, 3.647]",0.262,"[2.9936000000000003, 3.3136, 5.0016, 7.3616, 8.4512, 27.8256]","[0.036875, 0.413125, 0.003125, -0.0025, 0.001875, -0.005625]",0,0,29.5,"[1, 1, 1, 1, 1, 1]",54.36746300982886,42.3601588,-71.093329,3,-23.89
1774902961.7870257,"[0, 0, 0, 0, 0, 0]","[1291, 1500, 1500, 1500]","[-25.08, 0.0, 0.0, 0.0]","[-0.36391865234375, 2.5183170742187495, 10.219601902343749]",0,4083.232666015625,0,31.252848281860352,"[0.0, -8.75854492044, -7.7819824206]","[0, 0, 0]",0,3,0.0,0.0,4.086,0,0,0,4294967.295,3750041.344,0,84902,0,33.978111267089844,45.41401672363281,-0.3958393633365631,0,state.APOGEE,1311,-22,0,-23,0.0009312931797467172,4713,4713,"[10.6, 0.5, 16.5, 11.1, 15.5, 16.5, 0, 0]","[3.646, 3.647, 3.647]",0.262,"[2.9936000000000003, 3.3136, 5.0016, 7.3616, 8.4512, 27.8256]","[0.036875, 0.413125, 0.003125, -0.0025, 0.001875, -0.005625]",0,0,29.5,"[1, 1, 1, 1, 1, 1]",54.400437837289125,42.360157799999996,-71.0933289,3,-23.922
1774902961.843526,"[0, 0, 0, 0, 0, 0]","[1291, 1500, 1500, 1500]","[-25.08, 0.0, 0.0, 0.0]","[-0.35319262890625003, 2.51525249609375, 10.22956178125]",0,4080.84619140625,0,31.244104385375977,"[0.0, 3.26538085884, 7.14111328008]","[0, 0, 0]",0,3,0.0,0.0,4.082,0,0,0,4294967.295,3750041.344,0,84962,0,34.051963806152344,45.44211196899414,-0.3958393633365631,0,state.APOGEE,1312,-22,0,-23,0.0009348934981971979,4713,4713,"[10.6, 0.5, 15.9, 10.8, 15.5, 17.0, 0, 0]","[3.646, 3.647, 3.647]",0.262,"[2.9952, 3.3136, 5.0032000000000005, 7.36, 8.443200000000001, 27.8256]","[0.035, 0.246875, -0.00125, -0.0025, -0.000625, -0.006875]",0,0,29.5,"[1, 1, 1, 1, 1, 1]",54.45647965638377,42.360157799999996,-71.0933289,3,-23.922
1774902961.8985364,"[0, 0, 0, 0, 0, 0]","[1291, 1500, 1500, 1500]","[-25.08, 0.0, 0.0, 0.0]","[-0.37004780859374997, 2.51065562890625, 10.216537324218748]",0,4078.857177734375,0,31.25722023010254,"[0.0, 6.80541992076, 7.69042968624]","[0, 0, 0]",0,3,0.0,0.0,4.082,0,0,0,4294967.295,3750041.344,0,85016,0,34.36821746826172,45.529502868652344,-0.3958393633365631,0,state.APOGEE,1313,-22,0,-23,0.0009378938120789826,4713,4713,"[10.8, 0.5, 17.6, 10.6, 15.9, 15.9, 0, 0]","[3.646, 3.647, 3.647]",0.262,"[2.9952, 3.3120000000000003, 5.0048, 7.3664000000000005, 8.443200000000001, 27.8304]","[0.0375, 0.24125, -0.0025, -0.005, -0.004375, 0.000625]",0,0,29.5,"[1, 1, 1, 1, 1, 1]",54.6727275172389,42.3601574,-71.0933281,3,-23.931
1774902961.958042,"[0, 0, 0, 0, 0, 0]","[1291, 1500, 1500, 1500]","[-25.08, 0.0, 0.0, 0.0]","[-0.36468479687499994, 2.52444623046875, 10.21806961328125]",0,4076.470703125,0,31.226616592407225,"[0.0, -1.6784667966, 17.76123046584]","[0, 0, 0]",0,3,0.0,0.0,4.078,0,0,0,4294967.295,3750041.344,0,85076,0,34.36851501464844,45.63080596923828,-0.3958393633365631,0,state.APOGEE,1314,-22,0,-23,0.0009411058854311705,4713,4713,"[10.6, 0.5, 17.0, 11.1, 16.5, 16.5, 0, 0]","[3.646, 3.647, 3.647]",0.262,"[2.9952, 3.3120000000000003, 5.0048, 7.3664000000000005, 8.443200000000001, 27.8304]","[0.0375, 0.24125, -0.0025, -0.005, -0.004375, 0.000625]",0,0,29.5,"[1, 1, 1, 1, 1, 1]",54.746040194387156,42.360157099999995,-71.09332719999999,3,-23.932
1774902962.021041,"[0, 0, 0, 0, 0, 0]","[1291, 1500, 1500, 1500]","[-25.08, 0.0, 0.0, 0.0]","[-0.36238636328125, 2.50912333984375, 10.224198769531249]",0,4074.0849609375,0,31.248476333618164,"[0.0, 2.10571289028, -10.95581054508]","[0, 0, 0]",0,3,0.0,0.0,4.074,0,0,0,4294967.295,3750041.344,0,85136,0,34.240970611572266,45.550235748291016,-0.3958393633365631,0,state.APOGEE,1315,-22,0,-23,0.0009443110902793705,4713,4713,"[10.6, 0.5, 16.5, 10.4, 15.0, 16.5, 0, 0]","[3.646, 3.647, 3.647]",0.262,"[2.9952, 3.3104, 5.0048, 7.368, 8.448, 27.8256]","[0.033125, 0.255, 0.0, -0.00125, -0.003125, 0.0]",0,0,29.5,"[1, 1, 1, 1, 1, 1]",54.62612959103949,42.360157099999995,-71.09332719999999,3,-23.932
1774902962.0785494,"[0, 0, 0, 0, 0, 0]","[1291, 1500, 1500, 1500]","[-25.08, 0.0, 0.0, 0.0]","[-0.35855564062499995, 2.5336399648437498, 10.2356909375]",0,4071.7001953125,0,31.248476333618164,"[0.0, -3.2043457026, -3.11279296824]","[0, 0, 0]",0,3,0.0,0.0,4.074,0,0,0,4294967.295,3750041.344,0,85196,0,34.2483024597168,45.47392272949219,-0.3958393633365631,0,state.APOGEE,1316,-22,0,-23,0.0009476000559516251,4713,4713,"[10.6, 0.5, 16.5, 10.4, 15.9, 17.0, 0, 0]","[3.646, 3.647, 3.647]",0.262,"[2.9952, 3.3104, 5.0048, 7.368, 8.448, 27.8256]","[0.033125, 0.255, 0.0, -0.00125, -0.003125, 0.0]",0,0,29.5,"[1, 1, 1, 1, 1, 1]",54.57446610809966,42.3601564,-71.0933247,3,-24.119
1774902962.131561,"[0, 0, 0, 0, 0, 0]","[1291, 1500, 1500, 1500]","[-25.08, 0.0, 0.0, 0.0]","[-0.3662170859375, 2.53057538671875, 10.24258623828125]",0,4069.712890625,0,31.261592178344728,"[0.0, 2.04467773404, 3.78417968688]","[0, 0, 0]",0,3,0.0,0.0,4.07,0,0,0,4294967.295,3750041.344,0,85250,0,34.27032470703125,45.58535385131836,-0.3958393633365631,0,state.APOGEE,1317,-21,0,-23,0.0009500049636699259,4713,4713,"[10.6, 0.5, 15.0, 10.6, 15.9, 17.0, 0, 0]","[3.646, 3.647, 3.647]",0.262,"[2.9968000000000004, 3.3104, 5.0064, 7.36, 8.4544, 27.8272]","[0.02875, 0.574375, 0.001875, 0.0, -0.005625, -0.001875]",0,0,29.5,"[1, 1, 1, 1, 1, 1]",54.66572571349233,42.3601564,-71.0933247,3,-24.119
1774902962.1920645,"[0, 0, 0, 0, 0, 0]","[1291, 1500, 1500, 1500]","[-25.08, 0.0, 0.0, 0.0]","[-0.367749375, 2.5183170742187495, 10.21730346875]",0,4067.328125,0,31.252848281860352,"[0.0, -0.4577636718, -1.95312499968]","[0, 0, 0]",0,3,0.0,0.0,4.07,0,0,0,4294967.295,3750041.344,0,85310,0,34.573673248291016,45.645782470703125,-0.3958393633365631,0,state.APOGEE,1318,-22,0,-23,0.0009531000396236777,4713,4713,"[10.6, 0.5, 15.9, 10.6, 15.9, 16.5, 0, 0]","[3.646, 3.647, 3.647]",0.262,"[2.9968000000000004, 3.3104, 5.0064, 7.36, 8.4544, 27.8272]","[0.02875, 0.574375, 0.001875, 0.0, -0.005625, -0.001875]",0,0,29.5,"[1, 1, 1, 1, 1, 1]",54.85619653994773,42.360156499999995,-71.0933242,3,-24.104
1774902962.2551157,"[0, 0, 0, 0, 0, 0]","[1291, 1500, 1500, 1500]","[-25.08, 0.0, 0.0, 0.0]","[-0.35472491796875, 2.5267446640624995, 10.21806961328125]",0,4064.943359375,0,31.244104385375977,"[0.0, 6.0119628896399995, 7.87353515496]","[0, 0, 0]",0,3,0.0,0.0,4.066,0,0,0,4294967.295,3750041.344,0,85370,0,34.651493072509766,45.62260055541992,-0.3958393633365631,0,state.APOGEE,1319,-22,0,-23,0.000955704424995929,4713,4713,"[10.2, 0.5, 17.6, 10.6, 15.5, 16.5, 0, 0]","[3.646, 3.647, 3.647]",0.262,"[2.9968000000000004, 3.3120000000000003, 5.0016, 7.3632, 8.443200000000001, 27.8272]","[0.035625000000000004, 0.609375, 0.00125, -0.00375, -0.0025, 0.000625]",0,0,29.5,"[1, 1, 1, 1, 1, 1]",54.877313009761146,42.3601564,-71.0933237,3,-24.111
1774902962.313564,"[0, 0, 0, 0, 0, 0]","[1291, 1500, 1500, 1500]","[-25.08, 0.0, 0.0, 0.0]","[-0.36698323046875, 2.5213816523437496, 10.216537324218748]",0,4062.55908203125,0,31.25722023010254,"[0.0, -1.0681152342, 2.1362304684]","[0, 0, 0]",0,3,0.0,0.0,4.062,0,0,0,4294967.295,3750041.344,0,85430,0,34.69575119018555,45.80998229980469,-0.3958393633365631,0,state.APOGEE,1320,-21,0,-23,0.000958500022534281,4713,4713,"[10.6, 0.5, 17.0, 10.8, 15.5, 18.2, 0, 0]","[3.646, 3.647, 3.647]",0.262,"[2.9968000000000004, 3.3120000000000003, 5.0016, 7.3632, 8.443200000000001, 27.8272]","[0.035625000000000004, 0.609375, 0.00125, -0.00375, -0.0025, 0.000625]",0,0,29.5,"[1, 1, 1, 1, 1, 1]",55.033537057712415,42.3601564,-71.0933237,3,-24.111
1774902962.3700726,"[0, 0, 0, 0, 0, 0]","[1291, 1500, 1500, 1500]","[-25.08, 0.0, 0.0, 0.0]","[-0.36698323046875, 2.503760328125, 10.233392503906249]",0,4060.17626953125,0,31.252848281860352,"[0.0, 3.87573242124, 13.64135741964]","[0, 0, 0]",0,3,0.0,0.0,4.062,0,0,0,4294967.295,3750041.344,0,85484,0,35.06982421875,46.003173828125,-0.3958393633365631,0,state.APOGEE,1321,-22,0,-23,0.0009611000423319638,4713,4713,"[10.4, 0.5, 17.0, 10.6, 15.5, 15.9, 0, 0]","[3.646, 3.647, 3.647]",0.262,"[2.9936000000000003, 3.3104, 5.0016, 7.368, 8.4496, 27.8288]","[0.036875, 0.56125, 0.0, 0.0025, -0.001875, 0.00375]",0,0,29.5,"[1, 1, 1, 1, 1, 1]",55.35345631730017,42.360156499999995,-71.0933216,3,-24.105
1774902962.4290788,"[0, 0, 0, 0, 0, 0]","[1291, 1500, 1500, 1500]","[-25.08, 0.0, 0.0, 0.0]","[-0.3723462421875, 2.5083571953125, 10.21806961328125]",0,4057.7919921875,0,31.283451919555663,"[0.0, -9.73510742028, -1.80053710908]","[0, 0, 0]",0,3,0.0,0.0,4.058,0,0,0,4294967.295,3750041.344,0,85544,0,35.4012451171875,46.1417236328125,-0.3958393633365631,0,state.APOGEE,1322,-22,0,-23,0.0009636000031605363,4713,4713,"[10.8, 0.5, 17.0, 10.6, 15.5, 17.0, 0, 0]","[3.646, 3.647, 3.647]",0.262,"[2.9936000000000003, 3.3104, 5.0016, 7.368, 8.4496, 27.8288]","[0.036875, 0.56125, 0.0, 0.0025, -0.001875, 0.00375]",0,0,29.5,"[1, 1, 1, 1, 1, 1]",55.61336489076436,42.360156499999995,-71.0933216,3,-24.105
1774902962.4885855,"[0, 0, 0, 0, 0, 0]","[1291, 1500, 1500, 1500]","[-25.08, 0.0, 0.0, 0.0]","[-0.3508941953125, 2.52291394140625, 10.23492479296875]",0,4055.4072265625,0,31.230988540649413,"[0.0, 7.65991210812, 12.57324218544]","[0, 0, 0]",0,3,0.0,0.0,4.058,0,0,0,4294967.295,3750041.344,0,85604,0,35.449790954589844,46.13195037841797,-0.3958393633365631,0,state.APOGEE,1323,-22,0,-23,0.0009660966461524367,4713,4713,"[10.6, 0.5, 15.9, 10.6, 15.5, 17.0, 0, 0]","[3.646, 3.647, 3.647]",0.262,"[2.9952, 3.3104, 5.0048, 7.36, 8.4288, 27.824]","[0.0325, 0.23750000000000002, -0.0025, -0.00125, -0.0025, -0.00125]",0,0,29.5,"[1, 1, 1, 1, 1, 1]",55.63003323637055,42.360157,-71.09331949999999,3,-24.089
1774902962.5460966,"[0, 0, 0, 0, 0, 0]","[1291, 1500, 1500, 1500]","[-25.08, 0.0, 0.0, 0.0]","[-0.37004780859374997, 2.5374706874999995, 10.2188357578125]",0,4053.026123046875,0,31.244104385375977,"[0.0, -7.9650878893199994, -3.11279296824]","[0, 0, 0]",0,3,0.0,0.0,4.054,0,0,0,4294967.295,3750041.344,0,85664,0,35.42690658569336,46.25830078125,-0.3958393633365631,0,state.APOGEE,1324,-22,0,-23,0.0009683968382887542,4713,4713,"[10.6, 0.5, 17.0, 10.4, 16.5, 16.5, 0, 0]","[3.646, 3.647, 3.647]",0.262,"[2.9952, 3.3088, 5.0032000000000005, 7.3712, 8.464, 27.8256]","[0.033125, 0.19, -0.00125, -0.00375, 0.0025, -0.00125]",0,0,29.5,"[1, 1, 1, 1, 1, 1]",55.70887705640998,42.360157,-71.09331949999999,3,-24.089
1774902962.6040967,"[0, 0, 0, 0, 0, 0]","[1291, 1500, 1500, 1500]","[-25.08, 0.0, 0.0, 0.0]","[-0.3692816640625, 2.51678478515625, 10.224198769531249]",0,4051.04150390625,0,31.248476333618164,"[0.0, -0.64086914052, -8.850097654799999]","[0, 0, 0]",0,3,0.0,0.0,4.054,0,0,0,4294967.295,3750041.344,0,85718,0,35.573421478271484,46.40556716918945,-0.3958393633365631,0,state.APOGEE,1325,-22,0,-23,0.0009703940595500171,4713,4713,"[10.8, 0.5, 16.5, 10.4, 15.9, 16.5, 0, 0]","[3.646, 3.647, 3.647]",0.262,"[2.9952, 3.3088, 5.0032000000000005, 7.3712, 8.464, 27.8256]","[0.033125, 0.19, -0.00125, -0.00375, 0.0025, -0.00125]",0,0,29.5,"[1, 1, 1, 1, 1, 1]",55.88476871196532,42.3601579,-71.0933177,3,-24.063
1774902962.6616096,"[0, 0, 0, 0, 0, 0]","[1291, 1500, 1500, 1500]","[-25.08, 0.0, 0.0, 0.0]","[-0.37004780859374997, 2.5420675546875, 10.233392503906249]",0,4048.658447265625,0,31.248476333618164,"[0.0, 10.58959960764, 5.82885742092]","[0, 0, 0]",0,3,0.0,0.0,4.05,0,0,0,4294967.295,3750041.344,0,85778,0,35.774837493896484,46.437286376953125,-0.3958393633365631,0,state.APOGEE,1326,-22,0,-23,0.0009723972762003541,4713,4713,"[10.2, 0.5, 15.9, 10.2, 15.9, 17.0, 0, 0]","[3.646, 3.647, 3.647]",0.262,"[2.9936000000000003, 3.3120000000000003, 5.0032000000000005, 7.364800000000001, 8.441600000000001, 27.8256]","[0.035, 0.22625, 0.000625, 0.0, -0.00125, -0.003125]",0,0,29.5,"[1, 1, 1, 1, 1, 1]",56.00503154624101,42.360158299999995,-71.09331499999999,3,-24.034
1774902962.7221248,"[0, 0, 0, 0, 0, 0]","[1291, 1500, 1500, 1500]","[-25.08, 0.0, 0.0, 0.0]","[-0.3754108203125, 2.5144863515624998, 10.23952166015625]",0,4046.276611328125,0,31.252848281860352,"[0.0, 6.80541992076, 12.3596191386]","[0, 0, 0]",0,3,0.0,0.0,4.046,0,0,0,4294967.295,3750041.344,0,85838,0,35.85874938964844,46.453758239746094,-0.3958393633365631,0,state.APOGEE,1327,-22,0,-23,0.0009743025293573737,4713,4713,"[10.2, 0.5, 16.5, 10.4, 15.9, 16.5, 0, 0]","[3.646, 3.647, 3.647]",0.262,"[2.9936000000000003, 3.3120000000000003, 5.0032000000000005, 7.364800000000001, 8.441600000000001, 27.8256]","[0.035, 0.22625, 0.000625, 0.0, -0.00125, -0.003125]",0,0,29.5,"[1, 1, 1, 1, 1, 1]",56.05750130929062,42.360158299999995,-71.09331499999999,3,-24.034
1774902962.7825565,"[0, 0, 0, 0, 0, 0]","[1291, 1500, 1500, 1500]","[-25.08, 0.0, 0.0, 0.0]","[-0.38996756640624997, 2.5458982773437495, 10.23032792578125]",0,4043.8955078125,0,31.222244644165038,"[0.0, -1.49536132788, 4.33349609304]","[0, 0, 0]",0,3,0.0,0.0,4.046,0,0,0,4294967.295,3750041.344,0,85898,0,36.07450866699219,46.57277297973633,-0.3958393633365631,0,state.APOGEE,1328,-22,0,-23,0.0009764999849721789,4713,4713,"[10.4, 0.5, 16.5, 10.8, 16.5, 17.0, 0, 0]","[3.646, 3.647, 3.647]",0.262,"[2.9968000000000004, 3.3104, 5.0016, 7.3616, 8.4304, 27.8256]","[0.035, 0.248125, -0.00625, -0.00625, -0.006875, -0.00375]",0,0,29.5,"[1, 1, 1, 1, 1, 1]",56.24665208674821,42.360158999999996,-71.0933123,3,-24.002
1774902962.8345618,"[0, 0, 0, 0, 0, 0]","[1291, 1500, 1500, 1500]","[-25.08, 0.0, 0.0, 0.0]","[-0.35012805078125, 2.5022280390624996, 10.221900335937498]",0,4041.51416015625,0,31.248476333618164,"[0.0, -6.3781738270799995, -1.95312499968]","[0, 0, 0]",0,3,0.0,0.0,4.042,0,0,0,4294967.295,3750041.344,0,85952,0,36.01777267456055,46.65480422973633,-0.3958393633365631,0,state.APOGEE,1329,-22,0,-23,0.0009783022105693817,4713,4713,"[10.6, 0.5, 16.5, 10.6, 15.9, 17.0, 0, 0]","[3.646, 3.647, 3.647]",0.262,"[2.9968000000000004, 3.3104, 5.0016, 7.3616, 8.4304, 27.8256]","[0.035, 0.248125, -0.00625, -0.00625, -0.006875, -0.00375]",0,0,29.5,"[1, 1, 1, 1, 1, 1]",56.27703827617741,42.360158999999996,-71.0933123,3,-24.002
1774902962.896064,"[0, 0, 0, 0, 0, 0]","[1291, 1500, 1500, 1500]","[-25.08, 0.0, 0.0, 0.0]","[-0.35242648437499996, 2.5328738203125, 10.211940457031249]",0,4039.133544921875,0,31.248476333618164,"[0.0, -2.65502929644, -8.14819335804]","[0, 0, 0]",0,3,0.0,0.0,4.042,0,0,0,4294967.295,3750041.344,0,86012,0,36.09377670288086,46.71461486816406,-0.3958393633365631,0,state.APOGEE,1330,-22,0,-23,0.0009803000139072537,4713,4713,"[10.2, 0.5, 16.5, 10.4, 15.9, 16.5, 0, 0]","[3.646, 3.647, 3.647]",0.262,"[2.9968000000000004, 3.3120000000000003, 5.0048, 7.3664000000000005, 8.4464, 27.8256]","[0.03375, 0.25375000000000003, -0.0025, -0.0025, -0.000625, -0.00375]",0,0,29.5,"[1, 1, 1, 1, 1, 1]",56.3561974767642,42.3601599,-71.09330969999999,3,-23.95
1774902962.9545774,"[0, 0, 0, 0, 0, 0]","[1291, 1500, 1500, 1500]","[-25.08, 0.0, 0.0, 0.0]","[-0.35778949609375, 2.50912333984375, 10.2356909375]",0,4036.754150390625,0,31.226616592407225,"[0.0, -0.64086914052, -4.0588378899599995]","[0, 0, 0]",0,3,0.0,0.0,4.038,0,0,0,4294967.295,3750041.344,0,86072,0,36.473350524902344,46.811126708984375,-0.3958393633365631,0,state.APOGEE,1331,-22,0,-23,0.0009821000276133418,4713,4713,"[10.6, 0.5, 15.9, 10.6, 17.0, 17.6, 0, 0]","[3.646, 3.647, 3.647]",0.262,"[2.9968000000000004, 3.3120000000000003, 5.0048, 7.3664000000000005, 8.4464, 27.8256]","[0.03375, 0.25375000000000003, -0.0025, -0.0025, -0.000625, -0.00375]",0,0,29.5,"[1, 1, 1, 1, 1, 1]",56.60874091318066,42.3601605,-71.0933067,3,-23.904
1774902963.0135772,"[0, 0, 0, 0, 0, 0]","[1291, 1500, 1500, 1500]","[-25.08, 0.0, 0.0, 0.0]","[-0.35778949609375, 2.51065562890625, 10.2310940703125]",0,4034.3740234375,0,31.2353604888916,"[0.0, 6.80541992076, 16.08276366924]","[0, 0, 0]",0,3,0.0,0.0,4.034,0,0,0,4294967.295,3750041.344,0,86132,0,36.549678802490234,46.868492126464844,-0.3958393633365631,0,state.APOGEE,1332,-22,0,-23,0.0009838000405579805,4713,4713,"[10.8, 0.5, 16.5, 10.6, 15.9, 16.5, 0, 0]","[3.646, 3.647, 3.647]",0.262,"[2.9952, 3.3120000000000003, 5.0032000000000005, 7.3616, 8.4304, 27.832]","[0.035, 0.633125, 0.000625, -0.000625, -0.003125, 0.00375]",0,0,29.5,"[1, 1, 1, 1, 1, 1]",56.68619462769552,42.3601605,-71.0933067,3,-23.904
1774902963.0690892,"[0, 0, 0, 0, 0, 0]","[1291, 1500, 1500, 1500]","[-25.08, 0.0, 0.0, 0.0]","[-0.3662170859375, 2.5129540624999995, 10.228795636718749]",0,4032.3896484375,0,31.23973243713379,"[0.0, -0.64086914052, 10.86425781072]","[0, 0, 0]",0,3,0.0,0.0,4.034,0,0,0,4294967.295,3750041.344,0,86186,0,36.78165054321289,46.913177490234375,-0.3958393633365631,0,state.APOGEE,1333,-22,0,-23,0.0009851985378190875,4713,4713,"[10.6, 0.5, 16.5, 10.6, 15.5, 17.0, 0, 0]","[3.646, 3.647, 3.647]",0.262,"[2.9952, 3.3120000000000003, 5.0032000000000005, 7.3616, 8.4304, 27.832]","[0.035, 0.633125, 0.000625, -0.000625, -0.003125, 0.00375]",0,0,29.5,"[1, 1, 1, 1, 1, 1]",56.830666369235516,42.360161,-71.0933036,3,-23.878
1774902963.1280866,"[0, 0, 0, 0, 0, 0]","[1291, 1500, 1500, 1500]","[-25.08, 0.0, 0.0, 0.0]","[-0.3784753984375, 2.50912333984375, 10.21806961328125]",0,4030.009765625,0,31.230988540649413,"[0.0, -0.88500976548, 2.288818359]","[0, 0, 0]",0,3,0.0,0.0,4.03,0,0,0,4294967.295,3750041.344,0,86246,0,37.06486129760742,46.90036392211914,-0.3958393633365631,0,state.APOGEE,1334,-22,0,-23,0.0009867000626400113,4713,4713,"[10.4, 0.5, 16.5, 10.6, 15.5, 17.0, 0, 0]","[3.646, 3.647, 3.647]",0.262,"[2.9936000000000003, 3.3120000000000003, 5.0048, 7.36, 8.4288, 27.8288]","[0.031875, 0.594375, -0.0025, -0.0025, -0.00125, -0.001875]",0,0,29.5,"[1, 1, 1, 1, 1, 1]",56.960496032558254,42.360161,-71.0933036,3,-23.878
1774902963.189608,"[0, 0, 0, 0, 0, 0]","[1291, 1500, 1500, 1500]","[-25.08, 0.0, 0.0, 0.0]","[-0.36085407421875, 2.5604550234375, 10.216537324218748]",0,4027.63037109375,0,31.244104385375977,"[0.0, 6.80541992076, 3.60107421816]","[0, 0, 0]",0,3,0.0,0.0,4.03,0,0,0,4294967.295,3750041.344,0,86306,0,37.21196365356445,46.808799743652344,-0.3958393633365631,0,state.APOGEE,1335,-22,0,-23,0.0009882999584078789,4713,4713,"[10.6, 0.5, 15.9, 10.6, 15.5, 17.0, 0, 0]","[3.646, 3.647, 3.647]",0.262,"[2.9936000000000003, 3.3120000000000003, 5.0048, 7.36, 8.4288, 27.8288]","[0.031875, 0.594375, -0.0025, -0.0025, -0.00125, -0.001875]",0,0,29.5,"[1, 1, 1, 1, 1, 1]",56.9694149277314,42.360161999999995,-71.0933013,3,-23.848
1774902963.2486365,"[0, 0, 0, 0, 0, 0]","[1291, 1500, 1500, 1500]","[-25.08, 0.0, 0.0, 0.0]","[-0.376943109375, 2.49992960546875, 10.233392503906249]",0,4025.2529296875,0,31.261592178344728,"[0.0, -5.7678222646799995, -8.14819335804]","[0, 0, 0]",0,3,0.0,0.0,4.026,0,0,0,4294967.295,3750041.344,0,86366,0,37.2241325378418,46.80882263183594,-0.3958393633365631,0,state.APOGEE,1336,-22,0,-23,0.0009896999690681696,4713,4713,"[11.1, 0.5, 17.0, 10.2, 15.5, 17.0, 0, 0]","[3.646, 3.647, 3.647]",0.262,"[2.9968000000000004, 3.3120000000000003, 5.0032000000000005, 7.368, 8.440000000000001, 27.8304]","[0.036875, 0.2325, 0.000625, -0.000625, -0.0025, -0.0025]",0,0,29.5,"[1, 1, 1, 1, 1, 1]",56.975439401749206,42.3601628,-71.09329919999999,3,-23.851
1774902963.3050716,"[0, 0, 0, 0, 0, 0]","[1291, 1500, 1500, 1500]","[-25.08, 0.0, 0.0, 0.0]","[-0.33174058203125, 2.5374706874999995, 10.214238890625]",0,4023.271484375,0,31.23973243713379,"[0.0, -3.38745117132, 4.36401367116]","[0, 0, 0]",0,3,0.0,0.0,4.026,0,0,0,4294967.295,3750041.344,0,86420,0,37.25885009765625,46.886600494384766,-0.3958393633365631,0,state.APOGEE,1337,-22,0,-23,0.000990899046882987,4713,4713,"[10.8, 0.5, 16.5, 10.8, 16.5, 17.6, 0, 0]","[3.646, 3.647, 3.647]",0.262,"[2.9968000000000004, 3.3120000000000003, 5.0032000000000005, 7.368, 8.440000000000001, 27.8304]","[0.036875, 0.2325, 0.000625, -0.000625, -0.0025, -0.0025]",0,0,29.5,"[1, 1, 1, 1, 1, 1]",57.04642573208649,42.3601628,-71.09329919999999,3,-23.851
1774902963.3625798,"[0, 0, 0, 0, 0, 0]","[1291, 1500, 1500, 1500]","[-25.08, 0.0, 0.0, 0.0]","[-0.37617696484374996, 2.52597851953125, 10.24182009375]",0,4020.89208984375,0,31.23973243713379,"[0.0, 0.1525878906, -8.33129882676]","[0, 0, 0]",0,3,0.0,0.0,4.022,0,0,0,4294967.295,3750041.344,0,86480,0,37.304901123046875,46.925682067871094,-0.3958393633365631,0,state.APOGEE,1338,-22,0,-23,0.0009920999873429537,4713,4713,"[10.8, 0.5, 16.5, 10.4, 16.5, 17.6, 0, 0]","[3.646, 3.647, 3.647]",0.262,"[2.9968000000000004, 3.3104, 5.0048, 7.3584000000000005, 8.441600000000001, 27.8272]","[0.033125, 0.23750000000000002, 0.001875, -0.0025, -0.00125, -0.00375]",0,0,29.5,"[1, 1, 1, 1, 1, 1]",57.09618447591027,42.3601631,-71.09329679999999,3,-23.854
1774902963.4225795,"[0, 0, 0, 0, 0, 0]","[1291, 1500, 1500, 1500]","[-25.08, 0.0, 0.0, 0.0]","[-0.3447650390625, 2.5336399648437498, 10.2188357578125]",0,4018.5146484375,0,31.296567764282226,"[0.0, 7.2326660144399995, -0.70190429676]","[0, 0, 0]",0,3,0.0,0.0,4.018,0,0,0,4294967.295,3750041.344,0,86540,0,37.50783920288086,47.01785659790039,-0.3958393633365631,0,state.APOGEE,1339,-22,0,-23,0.0009933006949722767,4713,4713,"[10.4, 0.5, 16.5, 10.4, 15.5, 16.5, 0, 0]","[3.646, 3.647, 3.647]",0.262,"[2.9952, 3.3104, 5.0048, 7.364800000000001, 8.4368, 27.824]","[0.035625000000000004, 0.2175, -0.00125, -0.00125, -0.0025, -0.003125]",0,0,29.5,"[1, 1, 1, 1, 1, 1]",57.259975712147956,42.3601631,-71.09329679999999,3,-23.854
1774902963.4870982,"[0, 0, 0, 0, 0, 0]","[1291, 1500, 1500, 1500]","[-25.08, 0.0, 0.0, 0.0]","[-0.34936190624999997, 2.5098894843749995, 10.24794925]",0,4016.13916015625,0,31.270336074829103,"[0.0, -10.10131835772, -3.6621093744]","[0, 0, 0]",0,3,0.0,0.0,4.018,0,0,0,4294967.295,3750041.344,0,86600,0,37.548709869384766,47.05204772949219,-0.3958393633365631,0,state.APOGEE,1340,-22,0,-23,0.0009945000056177378,4713,4713,"[10.8, 0.5, 15.5, 10.4, 15.5, 17.6, 0, 0]","[3.646, 3.647, 3.647]",0.262,"[2.9952, 3.3104, 5.0048, 7.364800000000001, 8.4368, 27.824]","[0.035625000000000004, 0.2175, -0.00125, -0.00125, -0.0025, -0.003125]",0,0,29.5,"[1, 1, 1, 1, 1, 1]",57.30372790663543,42.3601635,-71.0932952,3,-23.889
1774902963.5391011,"[0, 0, 0, 0, 0, 0]","[1291, 1500, 1500, 1500]","[-25.08, 0.0, 0.0, 0.0]","[-0.3570233515625, 2.5252123749999997, 10.221134191406248]",0,4013.761962890625,0,31.248476333618164,"[0.0, -6.5612792958, 5.31005859288]","[0, 0, 0]",0,3,0.0,0.0,4.014,0,0,0,4294967.295,3750041.344,0,86654,0,37.581207275390625,47.176177978515625,-0.3958393633365631,0,state.APOGEE,1341,-22,0,-23,0.0009957000147551298,4713,4713,"[10.8, 0.5, 16.5, 10.6, 15.9, 17.0, 0, 0]","[3.646, 3.647, 3.647]",0.262,"[2.9936000000000003, 3.3120000000000003, 5.0032000000000005, 7.364800000000001, 8.4304, 27.8304]","[0.026875, 0.275, -0.0025, -0.0025, -0.005, -0.0025]",0,0,29.5,"[1, 1, 1, 1, 1, 1]",57.40536032458278,42.3601635,-71.0932952,3,-23.889
1774902963.595607,"[0, 0, 0, 0, 0, 0]","[1291, 1500, 1500, 1500]","[-25.08, 0.0, 0.0, 0.0]","[-0.367749375, 2.5213816523437496, 10.232626359374999]",0,4011.384765625,0,31.252848281860352,"[0.0, 1.25122070292, 10.86425781072]","[0, 0, 0]",0,3,0.0,0.0,4.014,0,0,0,4294967.295,3750041.344,0,86714,0,37.76336669921875,47.191444396972656,-0.3958393633365631,0,state.APOGEE,1342,-22,0,-23,0.0009968996746465564,4713,4713,"[10.6, 0.5, 16.5, 10.8, 16.5, 17.0, 0, 0]","[3.646, 3.647, 3.647]",0.262,"[2.9936000000000003, 3.3120000000000003, 5.0032000000000005, 7.364800000000001, 8.4304, 27.8304]","[0.026875, 0.275, -0.0025, -0.0025, -0.005, -0.0025]",0,0,29.5,"[1, 1, 1, 1, 1, 1]",57.50563168968928,42.360163799999995,-71.0932936,3,-23.897
1774902963.6561146,"[0, 0, 0, 0, 0, 0]","[1291, 1500, 1500, 1500]","[-25.08, 0.0, 0.0, 0.0]","[-0.35012805078125, 2.5060587617187498, 10.2127066015625]",0,4009.009033203125,0,31.261592178344728,"[0.0, -20.35522460604, -2.19726562464]","[0, 0, 0]",0,3,0.0,0.0,4.01,0,0,0,4294967.295,3750041.344,0,86774,0,37.94035720825195,47.4129524230957,-0.3958393633365631,0,state.APOGEE,1343,-22,0,-23,0.0009978002635762095,4713,4713,"[10.4, 0.5, 15.9, 10.4, 15.9, 17.0, 0, 0]","[3.646, 3.647, 3.647]",0.262,"[2.9984, 3.3136, 5.0032000000000005, 7.36, 8.432, 27.8256]","[0.03625, 0.631875, 0.00625, -0.0025, -0.00125, -0.000625]",0,0,29.5,"[1, 1, 1, 1, 1, 1]",57.74503489645624,42.360163299999996,-71.0932926,3,-23.889
1774902963.7216394,"[0, 0, 0, 0, 0, 0]","[1291, 1500, 1500, 1500]","[-25.08, 0.0, 0.0, 0.0]","[-0.367749375, 2.54359984375, 10.20887587890625]",0,4006.633544921875,0,31.248476333618164,"[0.0, 7.5988769518799995, -5.340576171]","[0, 0, 0]",0,3,0.0,0.0,4.007,0,0,0,4294967.295,3750041.344,0,86834,0,37.78742980957031,47.35503005981445,-0.3958393633365631,0,state.APOGEE,1344,-22,0,-23,0.0009987002704292536,4713,4713,"[10.8, 0.5, 17.0, 10.8, 15.9, 16.5, 0, 0]","[3.646, 3.647, 3.647]",0.262,"[2.9984, 3.3136, 5.0032000000000005, 7.36, 8.432, 27.8256]","[0.03625, 0.631875, 0.00625, -0.0025, -0.00125, -0.000625]",0,0,29.5,"[1, 1, 1, 1, 1, 1]",57.63001821988447,42.360163299999996,-71.0932926,3,-23.889
1774902963.7701566,"[0, 0, 0, 0, 0, 0]","[1291, 1500, 1500, 1500]","[-25.08, 0.0, 0.0, 0.0]","[-0.36698323046875, 2.49992960546875, 10.238755515624998]",0,4004.65380859375,0,31.248476333618164,"[0.0, 4.48608398364, -4.97436523356]","[0, 0, 0]",0,3,0.0,0.0,4.007,0,0,0,4294967.295,3750041.344,0,86888,0,37.68927001953125,47.29869079589844,-0.3958393633365631,0,state.APOGEE,1345,-22,0,-23,0.0009995999280363321,4713,4713,"[10.4, 0.5, 16.5, 10.6, 15.9, 17.0, 0, 0]","[3.646, 3.647, 3.647]",0.262,"[2.9952, 3.3104, 5.0016, 7.3536, 8.4304, 27.8288]","[0.03375, 0.604375, 0.006875, -0.000625, -0.00625, -0.000625]",0,0,29.5,"[1, 1, 1, 1, 1, 1]",57.5429772577758,42.3601629,-71.0932921,3,-23.869
1774902963.8343282,"[0, 0, 0, 0, 0, 0]","[1291, 1500, 1500, 1500]","[-25.08, 0.0, 0.0, 0.0]","[-0.35549106249999995, 2.54130141015625, 10.208109734375]",0,4002.278076171875,0,31.261592178344728,"[0.0, -5.21850585852, 9.73510742028]","[0, 0, 0]",0,3,0.0,0.0,4.003,0,0,0,4294967.295,3750041.344,0,86948,0,37.92210388183594,47.413455963134766,-0.3958393633365631,0,state.APOGEE,1346,-22,0,-23,0.001000500051304698,4713,4713,"[10.8, 0.5, 17.0, 10.6, 15.9, 15.9, 0, 0]","[3.646, 3.647, 3.647]",0.262,"[2.9952, 3.3104, 5.0016, 7.3536, 8.4304, 27.8288]","[0.03375, 0.604375, 0.006875, -0.000625, -0.00625, -0.000625]",0,0,29.5,"[1, 1, 1, 1, 1, 1]",57.73640164574382,42.3601629,-71.0932921,3,-23.869
1774902963.8928373,"[0, 0, 0, 0, 0, 0]","[1291, 1500, 1500, 1500]","[-25.08, 0.0, 0.0, 0.0]","[-0.3723462421875, 2.528276953125, 10.2356909375]",0,3999.90234375,0,31.261592178344728,"[0.0, 3.08227539012, 8.63647460796]","[0, 0, 0]",0,3,0.0,0.0,4.003,0,0,0,4294967.295,3750041.344,0,87008,0,38.22727966308594,47.597774505615234,-0.3958393633365631,0,state.APOGEE,1347,-23,0,-23,0.0010012999409809709,4713,4713,"[10.4, 0.5, 17.0, 10.8, 15.9, 17.0, 0, 0]","[3.646, 3.647, 3.647]",0.262,"[2.9952, 3.3120000000000003, 5.0032000000000005, 7.3616, 8.4608, 27.8288]","[0.030625, 0.624375, 0.00125, 0.0, 0.00125, -0.0025]",0,0,29.5,"[1, 1, 1, 1, 1, 1]",58.01284614828086,42.3601621,-71.0932909,3,-23.863
1774902963.9503465,"[0, 0, 0, 0, 0, 0]","[1291, 1500, 1500, 1500]","[-25.08, 0.0, 0.0, 0.0]","[-0.35625720703125, 2.47234840234375, 10.23952166015625]",0,3997.528564453125,0,31.252848281860352,"[0.0, -4.97436523356, -5.1574707022799995]","[0, 0, 0]",0,3,0.0,0.0,3.999,0,0,0,4294967.295,3750041.344,0,87068,0,38.105812072753906,47.511104583740234,-0.3958393633365631,0,state.APOGEE,1348,-23,0,-24,0.0010023001814261079,4713,4713,"[10.4, 0.5, 16.5, 10.6, 16.5, 16.5, 0, 0]","[3.646, 3.647, 3.647]",0.262,"[2.9952, 3.3120000000000003, 5.0032000000000005, 7.3616, 8.4608, 27.8288]","[0.030625, 0.624375, 0.00125, 0.0, 0.00125, -0.0025]",0,0,29.5,"[1, 1, 1, 1, 1, 1]",57.89375851390844,42.3601619,-71.09329029999999,3,-23.862
1774902964.0043445,"[0, 0, 0, 0, 0, 0]","[1291, 1500, 1500, 1500]","[-25.08, 0.0, 0.0, 0.0]","[-0.35472491796875, 2.5336399648437498, 10.22573105859375]",0,3995.15478515625,0,31.261592178344728,"[0.0, -4.24194335868, -13.732910153999999]","[0, 0, 0]",0,3,0.0,0.0,3.999,0,0,0,4294967.295,3750041.344,0,87122,0,38.26598358154297,47.48152160644531,-0.3958393633365631,0,state.APOGEE,1349,-23,0,-24,0.0010033008875325322,4713,4713,"[10.8, 0.5, 16.5, 10.6, 15.9, 16.5, 0, 0]","[3.646, 3.647, 3.647]",0.262,"[2.9968000000000004, 3.3120000000000003, 5.0048, 7.364800000000001, 8.4352, 27.8256]","[0.026875, 0.245625, 0.00125, -0.004375, -0.00125, 0.0]",0,0,29.5,"[1, 1, 1, 1, 1, 1]",57.95248301180995,42.3601619,-71.09329029999999,3,-23.862
1774902964.0638518,"[0, 0, 0, 0, 0, 0]","[1291, 1500, 1500, 1500]","[-25.08, 0.0, 0.0, 0.0]","[-0.36085407421875, 2.5114217734374997, 10.214238890625]",0,3992.781005859375,0,31.252848281860352,"[0.0, 1.6784667966, -0.88500976548]","[0, 0, 0]",0,3,0.0,0.0,3.994,0,0,0,4294967.295,3750041.344,0,87182,0,37.88759231567383,47.44062805175781,-0.3958393633365631,0,state.APOGEE,1350,-23,0,-24,0.0010038003092631698,4713,4713,"[10.6, 0.5, 17.0, 10.6, 15.9, 17.6, 0, 0]","[3.646, 3.647, 3.647]",0.262,"[2.9952, 3.3104, 5.0016, 7.3696, 8.4656, 27.8288]","[0.03125, 0.2125, -0.003125, -0.001875, -0.003125, -0.000625]",0,0,29.5,"[1, 1, 1, 1, 1, 1]",57.738109984056905,42.360161999999995,-71.09328909999999,3,-23.887
1774902964.127852,"[0, 0, 0, 0, 0, 0]","[1291, 1500, 1500, 1500]","[-25.08, 0.0, 0.0, 0.0]","[-0.36391865234375, 2.4938004492187495, 10.223432625]",0,3990.4072265625,0,31.252848281860352,"[0.0, -2.47192382772, 4.51660156176]","[0, 0, 0]",0,3,0.0,0.0,3.99,0,0,0,4294967.295,3750041.344,0,87242,0,38.37128829956055,47.53463363647461,-0.3958393633365631,0,state.APOGEE,1351,-22,0,-23,0.0010042996145784855,4713,4713,"[10.8, 0.5, 17.0, 10.6, 16.5, 17.0, 0, 0]","[3.646, 3.647, 3.647]",0.262,"[2.9952, 3.3104, 5.0016, 7.3696, 8.4656, 27.8288]","[0.03125, 0.2125, -0.003125, -0.001875, -0.003125, -0.000625]",0,0,29.5,"[1, 1, 1, 1, 1, 1]",58.04072510720625,42.360161999999995,-71.09328909999999,3,-23.887
1774902964.184384,"[0, 0, 0, 0, 0, 0]","[1291, 1500, 1500, 1500]","[-25.08, 0.0, 0.0, 0.0]","[-0.36162021874999994, 2.54130141015625, 10.2341586484375]",0,3988.033447265625,0,31.279079971313475,"[0.0, -0.64086914052, 4.8828124992]","[0, 0, 0]",0,3,0.0,0.0,3.99,0,0,0,4294967.295,3750041.344,0,87302,0,38.34810256958008,47.715293884277344,-0.3958393633365631,0,state.APOGEE,1352,-22,0,-23,0.0010051000863313675,4713,4713,"[10.0, 0.5, 17.0, 11.1, 15.9, 17.0, 0, 0]","[3.646, 3.647, 3.647]",0.262,"[2.9952, 3.3104, 5.0032000000000005, 7.3616, 8.440000000000001, 27.8256]","[0.03, 0.21625, 0.001875, -0.004375, -0.00125, -0.000625]",0,0,29.5,"[1, 1, 1, 1, 1, 1]",58.15257523609366,42.3601627,-71.09328839999999,3,-23.939
1774902964.2389162,"[0, 0, 0, 0, 0, 0]","[1291, 1500, 1500, 1500]","[-25.08, 0.0, 0.0, 0.0]","[-0.35855564062499995, 2.5114217734374997, 10.2310940703125]",0,3986.056640625,0,31.244104385375977,"[0.0, -4.60815429612, -4.02832031184]","[0, 0, 0]",0,3,0.0,0.0,3.987,0,0,0,4294967.295,3750041.344,0,87356,0,38.42551803588867,47.72126770019531,-0.3958393633365631,0,state.APOGEE,1353,-22,0,-23,0.0010056000901386142,4713,4713,"[10.2, 0.5, 17.6, 10.6, 15.9, 17.0, 0, 0]","[3.646, 3.647, 3.647]",0.262,"[2.9952, 3.3104, 5.0032000000000005, 7.3616, 8.440000000000001, 27.8256]","[0.03, 0.21625, 0.001875, -0.004375, -0.00125, -0.000625]",0,0,29.5,"[1, 1, 1, 1, 1, 1]",58.19471770004832,42.3601627,-71.09328839999999,3,-23.939
1774902964.298018,"[0, 0, 0, 0, 0, 0]","[1291, 1500, 1500, 1500]","[-25.08, 0.0, 0.0, 0.0]","[-0.36698323046875, 2.54359984375, 10.21806961328125]",0,3983.684814453125,0,31.265964126586915,"[0.0, -2.65502929644, 9.918212889]","[0, 0, 0]",0,3,0.0,0.0,3.987,0,0,0,4294967.295,3750041.344,0,87416,0,38.63397216796875,47.72553634643555,-0.3958393633365631,0,state.APOGEE,1354,-22,0,-23,0.0010062006767839193,4713,4713,"[10.6, 0.5, 15.9, 10.8, 15.0, 16.5, 0, 0]","[3.646, 3.647, 3.647]",0.262,"[2.9968000000000004, 3.3120000000000003, 5.0016, 7.364800000000001, 8.456000000000001, 27.8256]","[0.0325, 0.251875, -0.004375, -0.000625, 0.001875, -0.00125]",0,0,29.5,"[1, 1, 1, 1, 1, 1]",58.30035021516151,42.3601631,-71.093288,3,-23.967
1774902964.3595238,"[0, 0, 0, 0, 0, 0]","[1291, 1500, 1500, 1500]","[-25.08, 0.0, 0.0, 0.0]","[-0.37004780859374997, 2.51065562890625, 10.221134191406248]",0,3981.312744140625,0,31.261592178344728,"[0.0, -8.14819335804, -4.0588378899599995]","[0, 0, 0]",0,3,0.0,0.0,3.983,0,0,0,4294967.295,3750041.344,0,87476,0,38.51432418823242,47.97638702392578,-0.3958393633365631,0,state.APOGEE,1355,-22,0,-23,0.001006699982099235,4713,4713,"[10.6, 0.5, 17.6, 10.8, 16.5, 17.6, 0, 0]","[3.646, 3.647, 3.647]",0.262,"[2.9968000000000004, 3.3120000000000003, 5.0016, 7.364800000000001, 8.456000000000001, 27.8256]","[0.0325, 0.251875, -0.004375, -0.000625, 0.001875, -0.00125]",0,0,29.5,"[1, 1, 1, 1, 1, 1]",58.41233610819729,42.3601624,-71.0932886,3,-23.979
1774902964.4225276,"[0, 0, 0, 0, 0, 0]","[1291, 1500, 1500, 1500]","[-25.08, 0.0, 0.0, 0.0]","[-0.35472491796875, 2.5359383984375, 10.2127066015625]",0,3978.94091796875,0,31.274708023071287,"[0.0, -1.0681152342, 7.3242187488]","[0, 0, 0]",0,3,0.0,0.0,3.979,0,0,0,4294967.295,3750041.344,0,87536,0,38.70264434814453,48.31085205078125,-0.3958393633365631,0,state.APOGEE,1356,-22,0,-23,0.0010069985873997211,4713,4713,"[10.6, 0.5, 16.5, 10.8, 16.5, 16.5, 0, 0]","[3.646, 3.647, 3.647]",0.262,"[2.9888000000000003, 3.3104, 5.0032000000000005, 7.368, 8.4656, 27.8256]","[0.035, 0.62125, 0.001875, 0.00125, -0.001875, 0.0]",0,0,29.5,"[1, 1, 1, 1, 1, 1]",58.732360766247425,42.3601624,-71.0932886,3,-23.979
1774902964.4720387,"[0, 0, 0, 0, 0, 0]","[1291, 1500, 1500, 1500]","[-25.08, 0.0, 0.0, 0.0]","[-0.36391865234375, 2.54130141015625, 10.232626359374999]",0,3976.964111328125,0,31.279079971313475,"[0.0, -2.41088867148, 5.31005859288]","[0, 0, 0]",0,3,0.0,0.0,3.979,0,0,0,4294967.295,3750041.344,0,87590,0,38.63465881347656,48.467044830322266,-0.3958393633365631,0,state.APOGEE,1357,-22,0,-23,0.001007499173283577,4713,4713,"[10.6, 0.5, 17.0, 10.6, 16.5, 16.5, 0, 0]","[3.646, 3.647, 3.647]",0.262,"[2.9888000000000003, 3.3104, 5.0032000000000005, 7.368, 8.4656, 27.8256]","[0.035, 0.62125, 0.001875, 0.00125, -0.001875, 0.0]",0,0,29.5,"[1, 1, 1, 1, 1, 1]",58.80600303581071,42.3601622,-71.0932885,3,-23.976
1774902964.53204,"[0, 0, 0, 0, 0, 0]","[1291, 1500, 1500, 1500]","[-25.08, 0.0, 0.0, 0.0]","[-0.36851551953124995, 2.5183170742187495, 10.22266648046875]",0,3974.593505859375,0,31.25722023010254,"[0.0, 2.288818359, 9.18579101412]","[0, 0, 0]",0,3,0.0,0.0,3.975,0,0,0,4294967.295,3750041.6,0,87650,0,38.649295806884766,48.722171783447266,-0.3958393633365631,0,state.APOGEE,1358,-22,0,-23,0.0010079999919980764,4713,4713,"[10.6, 0.5, 16.5, 10.4, 16.5, 17.0, 0, 0]","[3.646, 3.647, 3.647]",0.262,"[2.9952, 3.3120000000000003, 5.0032000000000005, 7.3552, 8.440000000000001, 27.820800000000002]","[0.03, 0.62875, -0.000625, 0.00125, -0.004375, 0.001875]",0,0,29.5,"[1, 1, 1, 1, 1, 1]",58.98762006202802,42.3601622,-71.0932885,3,-23.976
1774902964.5935454,"[0, 0, 0, 0, 0, 0]","[1291, 1500, 1500, 1500]","[-25.08, 0.0, 0.0, 0.0]","[-0.35932178515625, 2.5359383984375, 10.228795636718749]",0,3972.22314453125,0,31.25722023010254,"[0.0, 5.82885742092, 11.99340820116]","[0, 0, 0]",0,3,0.0,0.0,3.975,0,0,0,4294967.295,3750041.6,0,87710,0,38.82691955566406,48.503665924072266,-0.3958393633365631,0,state.APOGEE,1359,-22,0,-23,0.0010083999950438738,4713,4713,"[10.4, 0.5, 15.9, 10.8, 15.9, 17.0, 0, 0]","[3.646, 3.647, 3.647]",0.262,"[2.9952, 3.3120000000000003, 5.0032000000000005, 7.3552, 8.440000000000001, 27.820800000000002]","[0.03, 0.62875, -0.000625, 0.00125, -0.004375, 0.001875]",0,0,29.5,"[1, 1, 1, 1, 1, 1]",58.92414160163721,42.360161399999996,-71.0932881,3,-24.02
1774902964.6550686,"[0, 0, 0, 0, 0, 0]","[1291, 1500, 1500, 1500]","[-25.08, 0.0, 0.0, 0.0]","[-0.3754108203125, 2.4907358710937495, 10.24411852734375]",0,3969.85302734375,0,31.274708023071287,"[0.0, -6.19506835836, -0.70190429676]","[0, 0, 0]",0,3,0.0,0.0,3.971,0,0,0,4294967.295,3750041.6,0,87770,0,38.793338775634766,48.586692810058594,-0.3958393633365631,0,state.APOGEE,1360,-22,0,-23,0.0010087999980896711,4713,4713,"[10.2, 0.5, 17.0, 11.1, 15.5, 16.5, 0, 0]","[3.646, 3.647, 3.647]",0.262,"[2.9968000000000004, 3.3104, 5.0032000000000005, 7.364800000000001, 8.4384, 27.824]","[0.02875, 0.565625, 0.0025, -0.000625, -0.000625, 0.000625]",0,0,29.5,"[1, 1, 1, 1, 1, 1]",58.9644787203924,42.360160799999996,-71.09328839999999,3,-24.026
1774902964.7060683,"[0, 0, 0, 0, 0, 0]","[1291, 1500, 1500, 1500]","[-25.08, 0.0, 0.0, 0.0]","[-0.39456443359375, 2.5098894843749995, 10.23952166015625]",0,3967.48291015625,0,31.274708023071287,"[0.0, 1.12915039044, -6.103515624]","[0, 0, 0]",0,3,0.0,0.0,3.967,0,0,0,4294967.295,3750041.6,0,87824,0,38.96725082397461,48.553192138671875,-0.3958393633365631,0,state.APOGEE,1361,-22,0,-23,0.001009301864542067,4713,4713,"[10.8, 0.5, 17.0, 10.8, 17.0, 16.5, 0, 0]","[3.646, 3.647, 3.647]",0.262,"[2.9968000000000004, 3.3104, 5.0032000000000005, 7.364800000000001, 8.4384, 27.824]","[0.02875, 0.565625, 0.0025, -0.000625, -0.000625, 0.000625]",0,0,29.5,"[1, 1, 1, 1, 1, 1]",59.02594148636665,42.360160799999996,-71.09328839999999,3,-24.026
1774902964.7690916,"[0, 0, 0, 0, 0, 0]","[1291, 1500, 1500, 1500]","[-25.08, 0.0, 0.0, 0.0]","[-0.3478296171875, 2.51525249609375, 10.211940457031249]",0,3965.11279296875,0,31.265964126586915,"[0.0, 6.0119628896399995, 9.918212889]","[0, 0, 0]",0,3,0.0,0.0,3.967,0,0,0,4294967.295,3750041.6,0,87884,0,38.829036712646484,48.52511978149414,-0.3958393633365631,0,state.APOGEE,1362,-23,0,-24,0.0010094000026583672,4713,4713,"[10.8, 0.5, 17.6, 10.6, 16.5, 17.0, 0, 0]","[3.646, 3.647, 3.647]",0.262,"[2.9968000000000004, 3.3120000000000003, 5.0048, 7.3632, 8.456000000000001, 27.8256]","[0.035, 0.22312500000000002, -0.003125, -0.00375, -0.0025, -0.0025]",0,0,29.5,"[1, 1, 1, 1, 1, 1]",58.939785178562204,42.3601604,-71.09328889999999,3,-24.05
1774902964.8276584,"[0, 0, 0, 0, 0, 0]","[1291, 1500, 1500, 1500]","[-25.08, 0.0, 0.0, 0.0]","[-0.33480516015625, 2.51525249609375, 10.2310940703125]",0,3962.743896484375,0,31.270336074829103,"[0.0, 1.12915039044, -3.63159179628]","[0, 0, 0]",0,3,0.0,0.0,3.963,0,0,0,4294967.295,3750041.6,0,87944,0,38.849464416503906,48.56850814819336,-0.3958393633365631,0,state.APOGEE,1363,-23,0,-24,0.0010097000049427152,4713,4713,"[10.6, 0.5, 17.0, 10.6, 15.9, 17.0, 0, 0]","[3.646, 3.647, 3.647]",0.262,"[2.9968000000000004, 3.3120000000000003, 5.0048, 7.364800000000001, 8.4336, 27.832]","[0.036875, 0.20375000000000001, -0.005625, 0.0, -0.00125, -0.00375]",0,0,29.5,"[1, 1, 1, 1, 1, 1]",58.97924656605074,42.3601604,-71.09328889999999,3,-24.05
1774902964.8891716,"[0, 0, 0, 0, 0, 0]","[1291, 1500, 1500, 1500]","[-25.08, 0.0, 0.0, 0.0]","[-0.3600879296875, 2.52444623046875, 10.24794925]",0,3960.37548828125,0,31.261592178344728,"[0.0, -0.88500976548, 2.65502929644]","[0, 0, 0]",0,3,0.0,0.0,3.963,0,0,0,4294967.295,3750041.6,0,88004,0,39.11769104003906,48.555084228515625,-0.3958393633365631,0,state.APOGEE,1364,-23,0,-24,0.0010100000072270632,4713,4713,"[10.8, 0.5, 16.5, 10.2, 15.5, 17.0, 0, 0]","[3.646, 3.647, 3.647]",0.262,"[2.9968000000000004, 3.3120000000000003, 5.0048, 7.364800000000001, 8.4336, 27.832]","[0.036875, 0.20375000000000001, -0.005625, 0.0, -0.00125, -0.00375]",0,0,29.5,"[1, 1, 1, 1, 1, 1]",59.10035317413655,42.3601603,-71.09328769999999,3,-24.03
1774902964.9401748,"[0, 0, 0, 0, 0, 0]","[1291, 1500, 1500, 1500]","[-25.08, 0.0, 0.0, 0.0]","[-0.38690298828124997, 2.50682490625, 10.241053949218749]",0,3958.40185546875,0,31.25722023010254,"[0.0, -6.7443847645199995, 9.18579101412]","[0, 0, 0]",0,3,0.0,0.0,3.959,0,0,0,4294967.295,3750041.6,0,88058,0,39.29434585571289,48.70634078979492,-0.3958393633365631,0,state.APOGEE,1365,-23,0,-24,0.0010102000087499619,4713,4713,"[10.4, 0.5, 15.9, 10.8, 15.9, 16.5, 0, 0]","[3.646, 3.647, 3.647]",0.262,"[2.9952, 3.3120000000000003, 5.0048, 7.3712, 8.4384, 27.8256]","[0.033125, 0.2525, 0.0, -0.001875, -0.004375, -0.000625]",0,0,29.5,"[1, 1, 1, 1, 1, 1]",59.288683758984554,42.3601603,-71.09328769999999,3,-24.03
1774902965.0006824,"[0, 0, 0, 0, 0, 0]","[1291, 1500, 1500, 1500]","[-25.08, 0.0, 0.0, 0.0]","[-0.3539587734375, 2.5773102031249997, 10.331459003906248]",0,3956.03369140625,0,31.265964126586915,"[0.0, 1.31225585916, 6.4086914052]","[0, 0, 0]",0,3,0.0,0.0,3.959,0,0,0,4294967.295,3750041.6,0,88118,0,39.07251739501953,48.763710021972656,-0.3958393633365631,0,state.APOGEE,1366,-22,0,-24,0.0010106010595336556,4713,4713,"[10.6, 0.5, 16.5, 10.6, 15.0, 17.0, 0, 0]","[3.646, 3.647, 3.647]",0.262,"[2.9952, 3.3120000000000003, 5.0048, 7.3712, 8.4384, 27.8256]","[0.033125, 0.2525, 0.0, -0.001875, -0.004375, -0.000625]",0,0,29.5,"[1, 1, 1, 1, 1, 1]",59.220022114125776,42.360160099999995,-71.0932946,3,-23.331
1774902965.0601923,"[0, 0, 0, 0, 0, 0]","[1291, 1500, 1500, 1500]","[-25.08, 0.0, 0.0, 0.0]","[-0.42827479296875, 2.4470656328125, 9.834231203125]",0,3953.665283203125,0,31.25722023010254,"[0.0, -3.814697265, 7.87353515496]","[0, 0, 0]",0,3,0.0,0.0,3.955,0,0,0,4294967.295,3750041.6,0,88178,0,39.22480392456055,48.958404541015625,-0.3958393633365631,0,state.APOGEE,1367,-22,0,-23,0.0010106000117957592,4713,4713,"[10.6, 0.5, 17.0, 10.4, 15.9, 17.0, 0, 0]","[3.646, 3.647, 3.647]",0.262,"[2.9968000000000004, 3.3104, 5.0016, 7.3632, 8.456000000000001, 27.8256]","[0.034375, 0.22375, -0.000625, -0.00125, -0.004375, -0.00125]",0,0,29.5,"[1, 1, 1, 1, 1, 1]",59.42577942384848,42.3601592,-71.0932934,3,-23.26
1774902965.1211896,"[0, 0, 0, 0, 0, 0]","[1291, 1500, 1500, 1500]","[-25.08, 0.0, 0.0, 0.0]","[-0.32867600390624996, 2.5481967109375, 10.318434546875]",0,3951.2978515625,0,31.274708023071287,"[0.0, 10.77270507636, 5.82885742092]","[0, 0, 0]",0,3,0.0,0.0,3.951,0,0,0,4294967.295,3750041.6,0,88238,0,39.446407318115234,48.89734649658203,-0.3958393633365631,0,state.APOGEE,1368,-22,0,-23,0.0010107000125572085,4713,4713,"[10.6, 0.5, 15.5, 10.4, 15.5, 16.5, 0, 0]","[3.646, 3.647, 3.647]",0.262,"[2.9968000000000004, 3.3104, 5.0016, 7.3632, 8.456000000000001, 27.8256]","[0.034375, 0.22375, -0.000625, -0.00125, -0.004375, -0.00125]",0,0,29.5,"[1, 1, 1, 1, 1, 1]",59.49159563239933,42.3601592,-71.0932934,3,-23.26
1774902965.1747081,"[0, 0, 0, 0, 0, 0]","[1291, 1500, 1500, 1500]","[-25.08, 0.0, 0.0, 0.0]","[-0.36162021874999994, 2.53976912109375, 10.326862136718749]",0,3948.931396484375,0,31.274708023071287,"[0.0, -4.97436523356, 3.02124023388]","[0, 0, 0]",0,3,0.0,0.0,3.951,0,0,0,4294967.295,3750041.6,0,88292,0,39.691192626953125,49.032413482666016,-0.3958393633365631,0,state.APOGEE,1369,-22,0,-23,0.0010108000133186579,4713,4713,"[10.2, 0.5, 15.9, 10.6, 15.9, 16.5, 0, 0]","[3.646, 3.647, 3.647]",0.262,"[2.9936000000000003, 3.3104, 5.0032000000000005, 7.3616, 8.440000000000001, 27.819200000000002]","[0.035625000000000004, 0.634375, 0.001875, -0.000625, -0.0025, -0.0025]",0,0,29.5,"[1, 1, 1, 1, 1, 1]",59.701347697296896,42.3601582,-71.093294,3,-23.275
1774902965.2372339,"[0, 0, 0, 0, 0, 0]","[1291, 1500, 1500, 1500]","[-25.08, 0.0, 0.0, 0.0]","[-0.36545094140624995, 2.53976912109375, 10.128430703124998]",0,3946.56494140625,0,31.244104385375977,"[0.0, -3.2043457026, 3.9672851556]","[0, 0, 0]",0,3,0.0,0.0,3.947,0,0,0,4294967.295,3750041.6,0,88352,0,39.624122619628906,49.12763214111328,-0.3958393633365631,0,state.APOGEE,1370,-23,0,-23,0.001011001062579453,4713,4713,"[10.4, 0.5, 16.5, 10.6, 15.0, 17.0, 0, 0]","[3.646, 3.647, 3.647]",0.262,"[2.9936000000000003, 3.3104, 5.0032000000000005, 7.3616, 8.440000000000001, 27.819200000000002]","[0.035625000000000004, 0.634375, 0.001875, -0.000625, -0.0025, -0.0025]",0,0,29.5,"[1, 1, 1, 1, 1, 1]",59.73302534160813,42.3601582,-71.093294,3,-23.275
1774902965.2967484,"[0, 0, 0, 0, 0, 0]","[1291, 1500, 1500, 1500]","[-25.08, 0.0, 0.0, 0.0]","[-0.34399889453125, 2.48154213671875, 10.224198769531249]",0,3944.19873046875,0,31.270336074829103,"[0.0, 4.0588378899599995, -3.47900390568]","[0, 0, 0]",0,3,0.0,0.0,3.947,0,0,0,4294967.295,3750041.6,0,88412,0,39.64030456542969,49.249671936035156,-0.3958393633365631,0,state.APOGEE,1371,-22,0,-23,0.0010109000140801072,4713,4713,"[10.2, 0.5, 17.0, 10.8, 16.5, 15.5, 0, 0]","[3.646, 3.647, 3.647]",0.262,"[2.9968000000000004, 3.3120000000000003, 5.0048, 7.3696, 8.4336, 27.8272]","[0.038125, 0.63, 0.004375, 0.00125, -0.000625, 0.0]",0,0,29.5,"[1, 1, 1, 1, 1, 1]",59.82315961032792,42.3601579,-71.0932949,3,-23.303
1774902965.3569624,"[0, 0, 0, 0, 0, 0]","[1291, 1500, 1500, 1500]","[-25.08, 0.0, 0.0, 0.0]","[-0.38230612109375, 2.4807759921875, 10.283191898437499]",0,3941.833984375,0,31.270336074829103,"[0.0, -1.0681152342, 9.0026855454]","[0, 0, 0]",0,3,0.0,0.0,3.943,0,0,0,4294967.295,3750041.6,0,88472,0,39.99408721923828,49.1648063659668,-0.3958393633365631,0,state.APOGEE,1372,-23,0,-24,0.0010110000148415565,4713,4713,"[10.6, 0.5, 16.5, 10.8, 16.5, 16.5, 0, 0]","[3.646, 3.647, 3.647]",0.262,"[2.9968000000000004, 3.3120000000000003, 5.0048, 7.3696, 8.4336, 27.8272]","[0.038125, 0.63, 0.004375, 0.00125, -0.000625, 0.0]",0,0,29.5,"[1, 1, 1, 1, 1, 1]",59.93721490283255,42.3601582,-71.0932955,3,-23.363
1774902965.409962,"[0, 0, 0, 0, 0, 0]","[1291, 1500, 1500, 1500]","[-25.08, 0.0, 0.0, 0.0]","[-0.37464467578124994, 2.52291394140625, 10.202746722656249]",0,3939.86279296875,0,31.23973243713379,"[0.0, 0.33569335932, -1.25122070292]","[0, 0, 0]",0,3,0.0,0.0,3.939,0,0,0,4294967.295,3750041.6,0,88526,0,40.073326110839844,49.091880798339844,-0.3958393633365631,0,state.APOGEE,1373,-23,0,-24,0.0010110000148415565,4713,4713,"[10.4, 0.5, 16.5, 10.6, 16.5, 16.5, 0, 0]","[3.646, 3.647, 3.647]",0.262,"[2.9952, 3.3088, 5.0032000000000005, 7.3584000000000005, 8.464, 27.8272]","[0.036875, 0.22, -0.003125, -0.0025, 0.00125, -0.0025]",0,0,29.5,"[1, 1, 1, 1, 1, 1]",59.926966082927954,42.3601582,-71.0932955,3,-23.363
1774902965.4714754,"[0, 0, 0, 0, 0, 0]","[1291, 1500, 1500, 1500]","[-25.08, 0.0, 0.0, 0.0]","[-0.3723462421875, 2.5129540624999995, 10.211174312499999]",0,3937.496337890625,0,31.252848281860352,"[0.0, 0.51879882804, -10.95581054508]","[0, 0, 0]",0,3,0.0,0.0,3.939,0,0,0,4294967.295,3750041.6,0,88586,0,40.16793441772461,48.96674346923828,-0.3958393633365631,0,state.APOGEE,1374,-23,0,-24,0.0010111010633409023,4713,4713,"[10.4, 0.5, 16.5, 10.8, 15.5, 17.0, 0, 0]","[3.646, 3.647, 3.647]",0.262,"[2.9952, 3.3088, 5.0032000000000005, 7.3584000000000005, 8.464, 27.8272]","[0.036875, 0.22, -0.003125, -0.0025, 0.00125, -0.0025]",0,0,29.5,"[1, 1, 1, 1, 1, 1]",59.88966045030217,42.3601581,-71.093295,3,-23.433
1774902965.5284731,"[0, 0, 0, 0, 0, 0]","[1291, 1500, 1500, 1500]","[-25.08, 0.0, 0.0, 0.0]","[-0.3937982890625, 2.4938004492187495, 10.21347274609375]",0,3935.131103515625,0,31.244104385375977,"[0.0, -15.22827148188, 1.55639648412]","[0, 0, 0]",0,3,0.0,0.0,3.935,0,0,0,4294967.295,3750041.6,0,88646,0,40.39068603515625,49.05161666870117,-0.3958393633365631,0,state.APOGEE,1375,-24,0,-24,0.0010110000148415565,4713,4713,"[10.6, 0.5, 17.0, 10.6, 15.5, 17.6, 0, 0]","[3.646, 3.647, 3.647]",0.262,"[2.9968000000000004, 3.3136, 5.0016, 7.3632, 8.456000000000001, 27.824]","[0.035, 0.248125, -0.004375, -0.003125, -0.000625, 0.001875]",0,0,29.5,"[1, 1, 1, 1, 1, 1]",60.05521786352278,42.3601581,-71.093295,3,-23.433
1774902965.5879812,"[0, 0, 0, 0, 0, 0]","[1291, 1500, 1500, 1500]","[-25.08, 0.0, 0.0, 0.0]","[-0.36468479687499994, 2.5098894843749995, 10.219601902343749]",0,3932.766357421875,0,31.25722023010254,"[0.0, 2.288818359, 2.65502929644]","[0, 0, 0]",0,3,0.0,0.0,3.935,0,0,0,4294967.295,3750041.6,0,88706,0,40.49964141845703,49.10105895996094,-0.3958393633365631,0,state.APOGEE,1376,-24,0,-25,0.0010107988491654396,4713,4713,"[10.6, 0.5, 17.0, 10.8, 16.5, 16.5, 0, 0]","[3.646, 3.647, 3.647]",0.262,"[2.9952, 3.3120000000000003, 5.0032000000000005, 7.3664000000000005, 8.464, 27.8256]","[0.034375, 0.23125, 0.0025, -0.00625, -0.003125, 0.0]",0,0,29.5,"[1, 1, 1, 1, 1, 1]",60.141423809133656,42.3601569,-71.093296,3,-23.421
1774902965.641984,"[0, 0, 0, 0, 0, 0]","[1291, 1500, 1500, 1500]","[-25.08, 0.0, 0.0, 0.0]","[-0.3447650390625, 2.54896285546875, 10.207343589843749]",0,3930.79736328125,0,31.29219581604004,"[0.0, -4.60815429612, -1.80053710908]","[0, 0, 0]",0,3,0.0,0.0,3.931,0,0,0,4294967.295,3750041.6,0,88760,0,40.47721481323242,49.063621520996094,-0.3958393633365631,0,state.APOGEE,1377,-25,0,-26,0.0010109000140801072,4713,4713,"[10.6, 0.5, 16.5, 10.2, 15.0, 17.0, 0, 0]","[3.646, 3.647, 3.647]",0.262,"[2.9952, 3.3120000000000003, 5.0032000000000005, 7.3664000000000005, 8.464, 27.8256]","[0.034375, 0.23125, 0.0025, -0.00625, -0.003125, 0.0]",0,0,29.5,"[1, 1, 1, 1, 1, 1]",60.10561170924486,42.3601569,-71.093296,3,-23.421
1774902965.7044916,"[0, 0, 0, 0, 0, 0]","[1291, 1500, 1500, 1500]","[-25.08, 0.0, 0.0, 0.0]","[-0.37311238671874997, 2.4830744257812496, 10.22726334765625]",0,3928.434326171875,0,31.252848281860352,"[0.0, -4.85229492108, -3.47900390568]","[0, 0, 0]",0,3,0.0,0.0,3.931,0,0,0,4294967.295,3750041.6,0,88820,0,40.51811599731445,49.017826080322266,-0.3958393633365631,0,state.APOGEE,1378,-25,0,-26,0.0010108000133186579,4713,4713,"[10.6, 0.5, 17.0, 10.8, 15.9, 15.9, 0, 0]","[3.646, 3.647, 3.647]",0.262,"[2.9984, 3.3120000000000003, 5.0016, 7.36, 8.4672, 27.8272]","[0.035, 0.224375, -0.003125, -0.003125, 0.000625, -0.000625]",0,0,29.5,"[1, 1, 1, 1, 1, 1]",60.095360764679214,42.3601555,-71.0932972,3,-23.422
1774902965.7625299,"[0, 0, 0, 0, 0, 0]","[1291, 1500, 1500, 1500]","[-25.08, 0.0, 0.0, 0.0]","[-0.36545094140624995, 2.5252123749999997, 10.2310940703125]",0,3926.069580078125,0,31.279079971313475,"[0.0, -15.65551757556, -10.19287109208]","[0, 0, 0]",0,3,0.0,0.0,3.928,0,0,0,4294967.295,3750041.6,0,88880,0,40.18574523925781,49.144813537597656,-0.3958393633365631,0,state.APOGEE,1379,-24,0,-26,0.0010107000125572085,4713,4713,"[10.4, 0.5, 15.9, 10.4, 15.9, 17.6, 0, 0]","[3.646, 3.647, 3.647]",0.262,"[2.9984, 3.3120000000000003, 5.0016, 7.36, 8.4672, 27.8272]","[0.035, 0.224375, -0.003125, -0.003125, 0.000625, -0.000625]",0,0,29.5,"[1, 1, 1, 1, 1, 1]",60.01708315761284,42.3601551,-71.0932986,3,-23.437
1774902965.8224983,"[0, 0, 0, 0, 0, 0]","[1291, 1500, 1500, 1500]","[-25.08, 0.0, 0.0, 0.0]","[-0.36545094140624995, 2.5512612890624995, 10.2035128671875]",0,3923.705810546875,0,31.261592178344728,"[0.0, 3.32641601508, 12.756347654159999]","[0, 0, 0]",0,3,0.0,0.0,3.924,0,0,0,4294967.295,3750041.6,0,88940,0,40.2156982421875,49.276031494140625,-0.3958393633365631,0,state.APOGEE,1380,-24,0,-26,0.0010106000117957592,4713,4713,"[10.4, 0.5, 17.0, 10.8, 16.5, 17.6, 0, 0]","[3.646, 3.647, 3.647]",0.262,"[2.9952, 3.3120000000000003, 5.0032000000000005, 7.3664000000000005, 8.4496, 27.8272]","[0.035625000000000004, 0.464375, -0.0025, 0.000625, -0.0025, 0.00125]",0,0,29.5,"[1, 1, 1, 1, 1, 1]",60.11921602956875,42.3601551,-71.0932986,3,-23.437
1774902965.8780155,"[0, 0, 0, 0, 0, 0]","[1291, 1500, 1500, 1500]","[-25.08, 0.0, 0.0, 0.0]","[-0.39686286718749997, 2.4800098476562495, 10.23492479296875]",0,3921.343017578125,0,31.261592178344728,"[0.0, -0.09155273436, -2.19726562464]","[0, 0, 0]",0,3,0.0,0.0,3.924,0,0,0,4294967.295,3750041.6,0,88994,0,40.32889938354492,49.37636184692383,-0.3958393633365631,0,state.APOGEE,1381,-25,0,-26,0.0010106000117957592,4713,4713,"[10.8, 0.5, 17.0, 10.4, 15.9, 17.6, 0, 0]","[3.646, 3.647, 3.647]",0.262,"[2.9952, 3.3120000000000003, 5.0032000000000005, 7.3664000000000005, 8.4496, 27.8272]","[0.035625000000000004, 0.464375, -0.0025, 0.000625, -0.0025, 0.00125]",0,0,29.5,"[1, 1, 1, 1, 1, 1]",60.24110538177084,42.3601544,-71.0932996,3,-23.439
1774902965.9380233,"[0, 0, 0, 0, 0, 0]","[1291, 1500, 1500, 1500]","[-25.08, 0.0, 0.0, 0.0]","[-0.36085407421875, 2.51525249609375, 10.221134191406248]",0,3918.981689453125,0,31.261592178344728,"[0.0, 2.47192382772, 12.54272460732]","[0, 0, 0]",0,3,0.0,0.0,3.92,0,0,0,4294967.295,3750041.6,0,89054,0,40.494293212890625,49.43617248535156,-0.3958393633365631,0,state.APOGEE,1382,-25,0,-26,0.0010104000102728605,4713,4713,"[10.4, 0.5, 16.5, 10.6, 15.9, 17.0, 0, 0]","[3.646, 3.647, 3.647]",0.262,"[2.9952, 3.3120000000000003, 5.0048, 7.368, 8.4656, 27.8272]","[0.034375, 0.591875, 0.003125, 0.003125, 0.0025, -0.00625]",0,0,29.5,"[1, 1, 1, 1, 1, 1]",60.36123321636588,42.3601544,-71.0932996,3,-23.439
1774902965.9985282,"[0, 0, 0, 0, 0, 0]","[1291, 1500, 1500, 1500]","[-25.08, 0.0, 0.0, 0.0]","[-0.36162021874999994, 2.5405352656249995, 10.22573105859375]",0,3916.620361328125,0,31.274708023071287,"[0.0, -11.87133788868, 3.60107421816]","[0, 0, 0]",0,3,0.0,0.0,3.92,0,0,0,4294967.295,3750041.6,0,89114,0,40.53764343261719,49.52098846435547,-0.3958393633365631,0,state.APOGEE,1383,-26,0,-26,0.0010103000095114112,4713,4713,"[11.1, 0.5, 17.0, 10.6, 15.9, 16.5, 0, 0]","[3.646, 3.647, 3.647]",0.262,"[2.9952, 3.3120000000000003, 5.0048, 7.368, 8.4656, 27.8272]","[0.034375, 0.591875, 0.003125, 0.003125, 0.0025, -0.00625]",0,0,29.5,"[1, 1, 1, 1, 1, 1]",60.43864954319982,42.3601534,-71.0933008,3,-23.43
1774902966.0560288,"[0, 0, 0, 0, 0, 0]","[1291, 1500, 1500, 1500]","[-25.08, 0.0, 0.0, 0.0]","[-0.37158009765624994, 2.5298092421875, 10.215005035156251]",0,3914.257568359375,0,31.265964126586915,"[0.0, 1.31225585916, -1.58691406224]","[0, 0, 0]",0,3,0.0,0.0,3.915,0,0,0,4294967.295,3750041.856,0,89174,0,40.49673843383789,49.3275146484375,-0.3958393633365631,0,state.APOGEE,1384,-26,0,-26,0.0010101000079885125,4713,4713,"[10.8, 0.5, 17.6, 10.6, 15.5, 15.9, 0, 0]","[3.646, 3.647, 3.647]",0.262,"[2.9968000000000004, 3.3072000000000004, 5.0048, 7.3584000000000005, 8.427200000000001, 27.824]","[0.03125, 0.588125, 0.000625, -0.00125, -0.0025, -0.000625]",0,0,29.5,"[1, 1, 1, 1, 1, 1]",60.29023453745735,42.3601518,-71.093302,3,-23.419
1774902966.1130288,"[0, 0, 0, 0, 0, 0]","[1291, 1500, 1500, 1500]","[-25.08, 0.0, 0.0, 0.0]","[-0.35778949609375, 2.52904309765625, 10.211174312499999]",0,3912.2890625,0,31.244104385375977,"[0.0, -3.2043457026, -1.61743164036]","[0, 0, 0]",0,3,0.0,0.0,3.912,0,0,0,4294967.295,3750041.856,0,89228,0,40.71782302856445,49.42624282836914,-0.3958393633365631,0,state.APOGEE,1385,-26,0,-26,0.0010097980266436934,4713,4713,"[10.2, 0.5, 16.5, 10.6, 16.5, 16.5, 0, 0]","[3.646, 3.647, 3.647]",0.262,"[2.9968000000000004, 3.3072000000000004, 5.0048, 7.3584000000000005, 8.427200000000001, 27.824]","[0.03125, 0.588125, 0.000625, -0.00125, -0.0025, -0.000625]",0,0,29.5,"[1, 1, 1, 1, 1, 1]",60.463454070553695,42.3601518,-71.093302,3,-23.419
1774902966.170551,"[0, 0, 0, 0, 0, 0]","[1291, 1500, 1500, 1500]","[-25.08, 0.0, 0.0, 0.0]","[-0.37311238671874997, 2.4991634609374995, 10.228795636718749]",0,3909.927978515625,0,31.261592178344728,"[0.0, 3.44848632756, 8.42285156112]","[0, 0, 0]",0,3,0.0,0.0,3.912,0,0,0,4294967.295,3750041.856,0,89288,0,40.77519607543945,49.521480560302734,-0.3958393633365631,0,state.APOGEE,1386,-26,0,-227,0.0010100009385496378,4713,4713,"[10.4, 0.5, 17.0, 10.6, 15.9, 17.0, 0, 0]","[3.646, 3.647, 3.647]",0.262,"[2.9936000000000003, 3.3104, 5.0032000000000005, 7.368, 8.4624, 27.8272]","[0.030625, 0.254375, 0.0025, -0.0025, -0.010625, 0.000625]",0,0,29.5,"[1, 1, 1, 1, 1, 1]",60.55441743373294,42.3601501,-71.09330349999999,3,-23.391
1774902966.2300684,"[0, 0, 0, 0, 0, 0]","[1291, 1500, 1500, 1500]","[-25.08, 0.0, 0.0, 0.0]","[-0.36851551953124995, 2.51065562890625, 10.254078406249999]",0,3907.568359375,0,31.274708023071287,"[0.0, 1.92260742156, -0.12207031248]","[0, 0, 0]",0,3,0.0,0.0,3.908,0,0,0,4294967.295,3750041.856,0,89348,0,40.89948654174805,49.77962875366211,-0.3958393633365631,0,state.APOGEE,1387,-26,0,-227,0.0010100019862875342,4713,4713,"[10.4, 0.5, 17.6, 10.6, 15.9, 16.5, 0, 0]","[3.646, 3.647, 3.647]",0.262,"[2.9936000000000003, 3.3104, 5.0032000000000005, 7.368, 8.4624, 27.8272]","[0.030625, 0.254375, 0.0025, -0.0025, -0.010625, 0.000625]",0,0,29.5,"[1, 1, 1, 1, 1, 1]",60.785506775591685,42.3601501,-71.09330349999999,3,-23.391
1774902966.290577,"[0, 0, 0, 0, 0, 0]","[1291, 1500, 1500, 1500]","[-25.08, 0.0, 0.0, 0.0]","[-0.376943109375, 2.546664421875, 10.232626359374999]",0,3905.208984375,0,31.283451919555663,"[0.0, -4.60815429612, -6.103515624]","[0, 0, 0]",0,3,0.0,0.0,3.908,0,0,0,4294967.295,3750041.856,0,89408,0,40.98093795776367,49.67283630371094,-0.3958393633365631,0,state.APOGEE,1388,-25,0,-26,0.001009901869110763,4713,4713,"[10.8, 0.5, 16.5, 10.4, 15.9, 17.0, 0, 0]","[3.646, 3.647, 3.647]",0.262,"[2.9936000000000003, 3.3120000000000003, 5.0048, 7.356800000000001, 8.457600000000001, 27.8272]","[0.030625, 0.24875, -0.0025, -0.003125, -0.001875, -0.0025]",0,0,29.5,"[1, 1, 1, 1, 1, 1]",60.75451409062901,42.36015,-71.09330369999999,3,-23.377
1774902966.3435216,"[0, 0, 0, 0, 0, 0]","[1291, 1500, 1500, 1500]","[-25.08, 0.0, 0.0, 0.0]","[-0.33940202734374997, 2.50912333984375, 10.2372232265625]",0,3902.84814453125,0,31.29219581604004,"[0.0, -6.19506835836, 3.78417968688]","[0, 0, 0]",0,3,0.0,0.0,3.904,0,0,0,4294967.295,3750041.856,0,89462,0,41.051387786865234,49.76020812988281,-0.3958393633365631,0,state.APOGEE,1389,-26,0,-26,0.0010095000034198165,4713,4713,"[10.6, 0.5, 17.0, 10.4, 15.0, 17.6, 0, 0]","[3.646, 3.647, 3.647]",0.262,"[2.9968000000000004, 3.3104, 5.0032000000000005, 7.364800000000001, 8.4304, 27.8256]","[0.029375000000000002, 0.2425, -0.00125, -0.0025, -0.00375, -0.0025]",0,0,29.5,"[1, 1, 1, 1, 1, 1]",60.84637095316858,42.36015,-71.09330369999999,3,-23.377
1774902966.405041,"[0, 0, 0, 0, 0, 0]","[1291, 1500, 1500, 1500]","[-25.08, 0.0, 0.0, 0.0]","[-0.35778949609375, 2.5083571953125, 10.2188357578125]",0,3900.48779296875,0,31.25722023010254,"[0.0, -5.21850585852, -15.96069335676]","[0, 0, 0]",0,3,0.0,0.0,3.904,0,0,0,4294967.295,3750041.856,0,89522,0,40.903656005859375,49.845664978027344,-0.3958393633365631,0,state.APOGEE,1390,-26,0,-26,0.0010094009339809418,4713,4713,"[10.2, 0.5, 16.5, 10.8, 15.9, 17.0, 0, 0]","[3.646, 3.647, 3.647]",0.262,"[2.9968000000000004, 3.3104, 5.0032000000000005, 7.364800000000001, 8.4304, 27.8256]","[0.029375000000000002, 0.2425, -0.00125, -0.0025, -0.00375, -0.0025]",0,0,29.5,"[1, 1, 1, 1, 1, 1]",60.83120213511664,42.3601501,-71.0933036,3,-23.354
1774902966.4665468,"[0, 0, 0, 0, 0, 0]","[1291, 1500, 1500, 1500]","[-25.08, 0.0, 0.0, 0.0]","[-0.36391865234375, 2.51525249609375, 10.23032792578125]",0,3898.12841796875,0,31.261592178344728,"[0.0, -2.04467773404, 5.6457519521999995]","[0, 0, 0]",0,3,0.0,0.0,3.9,0,0,0,4294967.295,3750041.856,0,89582,0,41.162166595458984,49.76142501831055,-0.3958393633365631,0,state.APOGEE,1391,-26,0,-27,0.0010089999996125698,4713,4713,"[10.6, 0.5, 16.5, 10.4, 16.5, 17.6, 0, 0]","[3.646, 3.647, 3.647]",0.262,"[2.9952, 3.3120000000000003, 5.0032000000000005, 7.3696, 8.4464, 27.8256]","[0.031875, 0.249375, -0.0025, 0.0025, -0.0025, 0.000625]",0,0,29.5,"[1, 1, 1, 1, 1, 1]",60.90103148805602,42.3601501,-71.0933036,3,-23.328
1774902966.5265439,"[0, 0, 0, 0, 0, 0]","[1291, 1500, 1500, 1500]","[-25.08, 0.0, 0.0, 0.0]","[-0.38383841015625, 2.5114217734374997, 10.24182009375]",0,3895.7705078125,0,31.274708023071287,"[0.0, 4.48608398364, 8.63647460796]","[0, 0, 0]",0,3,0.0,0.0,3.896,0,0,0,4294967.295,3750041.856,0,89642,0,41.315677642822266,49.85664749145508,-0.3958393633365631,0,state.APOGEE,1392,-26,0,-27,0.001008900930173695,4713,4713,"[10.8, 0.5, 17.0, 10.6, 15.9, 17.0, 0, 0]","[3.646, 3.647, 3.647]",0.262,"[2.9952, 3.3120000000000003, 5.0032000000000005, 7.3696, 8.4464, 27.8256]","[0.031875, 0.249375, -0.0025, 0.0025, -0.0025, 0.000625]",0,0,29.5,"[1, 1, 1, 1, 1, 1]",61.03827751217019,42.3601501,-71.0933036,3,-23.328
1774902966.5800548,"[0, 0, 0, 0, 0, 0]","[1291, 1500, 1500, 1500]","[-25.08, 0.0, 0.0, 0.0]","[-0.34629732812499997, 2.5474305664062498, 10.22573105859375]",0,3893.80615234375,0,31.283451919555663,"[0.0, 11.1389160138, 10.49804687328]","[0, 0, 0]",0,3,0.0,0.0,3.896,0,0,0,4294967.295,3750041.856,0,89696,0,41.55149459838867,50.01520919799805,-0.3958393633365631,0,state.APOGEE,1393,-27,0,-28,0.0010085999965667725,4713,4713,"[10.6, 0.5, 16.5, 10.6, 17.0, 15.9, 0, 0]","[3.646, 3.647, 3.647]",0.262,"[2.9952, 3.3104, 5.0048, 7.3616, 8.432, 27.8256]","[0.029375000000000002, 0.601875, 0.000625, -0.000625, -0.004375, -0.005625]",0,0,29.5,"[1, 1, 1, 1, 1, 1]",61.25682896746502,42.3601501,-71.0933034,3,-23.309
1774902966.6390615,"[0, 0, 0, 0, 0, 0]","[1291, 1500, 1500, 1500]","[-25.08, 0.0, 0.0, 0.0]","[-0.36085407421875, 2.5114217734374997, 10.21730346875]",0,3891.447265625,0,31.274708023071287,"[0.0, 1.0681152342, -1.43432617164]","[0, 0, 0]",0,3,0.0,0.0,3.892,0,0,0,4294967.295,3750041.856,0,89756,0,41.70651626586914,50.017662048339844,-0.3958393633365631,0,state.APOGEE,1394,-26,0,-28,0.0010082999942824244,4713,4713,"[10.4, 0.5, 15.9, 10.4, 16.5, 17.0, 0, 0]","[3.646, 3.647, 3.647]",0.262,"[2.9952, 3.3104, 5.0048, 7.3616, 8.432, 27.8256]","[0.029375000000000002, 0.601875, 0.000625, -0.000625, -0.004375, -0.005625]",0,0,29.5,"[1, 1, 1, 1, 1, 1]",61.33387482274156,42.3601501,-71.0933034,3,-23.309
1774902966.7015738,"[0, 0, 0, 0, 0, 0]","[1291, 1500, 1500, 1500]","[-25.08, 0.0, 0.0, 0.0]","[-0.35625720703125, 2.51678478515625, 10.219601902343749]",0,3889.08837890625,0,31.283451919555663,"[0.0, -11.32202148252, -6.103515624]","[0, 0, 0]",0,3,0.0,0.0,3.892,0,0,0,4294967.295,3750041.856,0,89816,0,41.78277587890625,50.17578125,-0.3958393633365631,0,state.APOGEE,1395,-26,0,-28,0.0010081008076667786,4713,4713,"[10.4, 0.5, 16.5, 10.4, 15.9, 16.5, 0, 0]","[3.646, 3.647, 3.647]",0.262,"[2.9952, 3.3088, 5.0016, 7.368, 8.4768, 27.824]","[0.0325, 0.591875, 0.00125, -0.005625, 0.00125, -0.00125]",0,0,29.5,"[1, 1, 1, 1, 1, 1]",61.47404779256851,42.3601503,-71.0933026,3,-23.293
1774902966.75959,"[0, 0, 0, 0, 0, 0]","[1291, 1500, 1500, 1500]","[-25.08, 0.0, 0.0, 0.0]","[-0.37464467578124994, 2.51678478515625, 10.205045156249998]",0,3886.73095703125,0,31.265964126586915,"[0.0, -3.44848632756, 3.9672851556]","[0, 0, 0]",0,3,0.0,0.0,3.888,0,0,0,4294967.295,3750041.856,0,89876,0,42.13282775878906,50.07810974121094,-0.3958393633365631,0,state.APOGEE,1396,-26,0,-27,0.0010076999897137284,4713,4713,"[10.6, 0.5, 16.5, 10.4, 15.9, 15.9, 0, 0]","[3.646, 3.647, 3.647]",0.262,"[2.9952, 3.3088, 5.0016, 7.368, 8.4768, 27.824]","[0.0325, 0.591875, 0.00125, -0.005625, 0.00125, -0.00125]",0,0,29.5,"[1, 1, 1, 1, 1, 1]",61.58131938500245,42.3601509,-71.0933022,3,-23.266
1774902966.8129344,"[0, 0, 0, 0, 0, 0]","[1291, 1500, 1500, 1500]","[-25.08, 0.0, 0.0, 0.0]","[-0.3723462421875, 2.5098894843749995, 10.22266648046875]",0,3884.7666015625,0,31.265964126586915,"[0.0, -3.44848632756, -20.08056640296]","[0, 0, 0]",0,3,0.0,0.0,3.884,0,0,0,4294967.295,3750041.856,0,89930,0,41.95189666748047,50.208717346191406,-0.3958393633365631,0,state.APOGEE,1397,-27,0,-28,0.0010073992889374495,4713,4713,"[10.8, 0.5, 17.6, 10.4, 15.9, 16.5, 0, 0]","[3.646, 3.647, 3.647]",0.262,"[2.9968000000000004, 3.3120000000000003, 5.0032000000000005, 7.364800000000001, 8.459200000000001, 27.8256]","[0.035, 0.56, -0.000625, 0.003125, -0.0025, -0.000625]",0,0,29.5,"[1, 1, 1, 1, 1, 1]",61.577689347679936,42.3601509,-71.0933022,3,-23.266
1774902966.8721478,"[0, 0, 0, 0, 0, 0]","[1291, 1500, 1500, 1500]","[-25.08, 0.0, 0.0, 0.0]","[-0.37617696484374996, 2.51908321875, 10.221134191406248]",0,3882.4091796875,0,31.25722023010254,"[0.0, 8.57543945172, -5.1574707022799995]","[0, 0, 0]",0,3,0.0,0.0,3.884,0,0,0,4294967.295,3750041.856,0,89990,0,41.84599304199219,50.12446975708008,-0.3958393633365631,0,state.APOGEE,1398,-27,0,-28,0.0010075015015900135,4713,4713,"[10.4, 0.5, 16.5, 10.6, 15.9, 16.5, 0, 0]","[3.646, 3.647, 3.647]",0.262,"[2.9968000000000004, 3.3120000000000003, 5.0032000000000005, 7.364800000000001, 8.459200000000001, 27.8256]","[0.035, 0.56, -0.000625, 0.003125, -0.0025, -0.000625]",0,0,29.5,"[1, 1, 1, 1, 1, 1]",61.47137024157899,42.3601515,-71.0933012,3,-23.249
1774902966.9331534,"[0, 0, 0, 0, 0, 0]","[1291, 1500, 1500, 1500]","[-25.08, 0.0, 0.0, 0.0]","[-0.35778949609375, 2.5206155078125, 10.221900335937498]",0,3880.052978515625,0,31.274708023071287,"[0.0, 9.36889648284, -0.33569335932]","[0, 0, 0]",0,3,0.0,0.0,3.88,0,0,0,4294967.295,3750041.856,0,90050,0,42.00040817260742,50.11164855957031,-0.3958393633365631,0,state.APOGEE,1399,-27,0,-28,0.0010068992851302028,4713,4713,"[10.4, 0.5, 17.6, 10.4, 15.5, 16.5, 0, 0]","[3.646, 3.647, 3.647]",0.262,"[2.9952, 3.3104, 5.0032000000000005, 7.356800000000001, 8.456000000000001, 27.824]","[0.033125, 0.24625, -0.0025, -0.003125, -0.0025, -0.005625]",0,0,29.5,"[1, 1, 1, 1, 1, 1]",61.538312940305254,42.3601515,-71.0933012,3,-23.249
1774902966.994662,"[0, 0, 0, 0, 0, 0]","[1291, 1500, 1500, 1500]","[-25.08, 0.0, 0.0, 0.0]","[-0.37311238671874997, 2.51372020703125, 10.228029492187499]",0,3877.697509765625,0,31.265964126586915,"[0.0, -8.20922851428, -4.0588378899599995]","[0, 0, 0]",0,3,0.0,0.0,3.88,0,0,0,4294967.295,3750041.856,0,90110,0,41.920406341552734,50.21116638183594,-0.3958393633365631,0,state.APOGEE,1400,-27,0,-28,0.001006700680591166,4713,4713,"[10.6, 0.5, 15.9, 10.6, 15.0, 16.5, 0, 0]","[3.646, 3.647, 3.647]",0.262,"[2.9936000000000003, 3.3120000000000003, 5.0032000000000005, 7.364800000000001, 8.4336, 27.8256]","[0.03, 0.209375, -0.005, 0.000625, -0.00625, -0.0025]",0,0,29.5,"[1, 1, 1, 1, 1, 1]",61.56396592629409,42.3601515,-71.0933016,3,-23.234
1774902967.0471807,"[0, 0, 0, 0, 0, 0]","[1291, 1500, 1500, 1500]","[-25.08, 0.0, 0.0, 0.0]","[-0.3754108203125, 2.49533273828125, 10.223432625]",0,3875.342041015625,0,31.261592178344728,"[0.0, -0.09155273436, -3.26538085884]","[0, 0, 0]",0,3,0.0,0.0,3.876,0,0,0,4294967.295,3750041.856,0,90164,0,41.765037536621094,50.41286087036133,-0.3958393633365631,0,state.APOGEE,1401,-27,0,-28,0.001006400678306818,4713,4713,"[10.0, 0.5, 17.6, 10.8, 15.9, 16.5, 0, 0]","[3.646, 3.647, 3.647]",0.262,"[2.9936000000000003, 3.3120000000000003, 5.0032000000000005, 7.364800000000001, 8.4336, 27.8256]","[0.03, 0.209375, -0.005, 0.000625, -0.00625, -0.0025]",0,0,29.5,"[1, 1, 1, 1, 1, 1]",61.62017489841094,42.3601513,-71.09330109999999,3,-23.239
1774902967.1081803,"[0, 0, 0, 0, 0, 0]","[1291, 1500, 1500, 1500]","[-25.08, 0.0, 0.0, 0.0]","[-0.3570233515625, 2.5267446640624995, 10.206577445312499]",0,3872.986572265625,0,31.274708023071287,"[0.0, 3.08227539012, -2.19726562464]","[0, 0, 0]",0,3,0.0,0.0,3.872,0,0,0,4294967.295,3750041.856,0,90224,0,41.80623245239258,50.51601791381836,-0.3958393633365631,0,state.APOGEE,1402,-28,0,-28,0.0010059999767690897,4713,4713,"[10.6, 0.5, 17.6, 10.6, 15.9, 17.6, 0, 0]","[3.646, 3.647, 3.647]",0.262,"[2.9952, 3.3120000000000003, 5.0032000000000005, 7.36, 8.448, 27.8288]","[0.03125, 0.23375, 0.000625, -0.00125, -0.005, -0.000625]",0,0,29.5,"[1, 1, 1, 1, 1, 1]",61.70742457058768,42.3601513,-71.09330109999999,3,-23.239
1774902967.1706984,"[0, 0, 0, 0, 0, 0]","[1291, 1500, 1500, 1500]","[-25.08, 0.0, 0.0, 0.0]","[-0.36391865234375, 2.5083571953125, 10.21730346875]",0,3870.630859375,0,31.29219581604004,"[0.0, 3.44848632756, 2.83813476516]","[0, 0, 0]",0,3,0.0,0.0,3.872,0,0,0,4294967.295,3750041.856,0,90284,0,41.765350341796875,50.68751525878906,-0.3958393633365631,0,state.APOGEE,1403,-28,0,-28,0.0010056000901386142,4713,4713,"[10.6, 0.5, 15.9, 10.6, 15.5, 17.0, 0, 0]","[3.646, 3.647, 3.647]",0.262,"[2.9952, 3.3120000000000003, 5.0032000000000005, 7.36, 8.448, 27.8288]","[0.03125, 0.23375, 0.000625, -0.00125, -0.005, -0.000625]",0,0,29.5,"[1, 1, 1, 1, 1, 1]",61.79997051502399,42.3601515,-71.0933013,3,-23.249
1774902967.2282164,"[0, 0, 0, 0, 0, 0]","[1291, 1500, 1500, 1500]","[-25.08, 0.0, 0.0, 0.0]","[-0.3784753984375, 2.51525249609375, 10.21730346875]",0,3868.276611328125,0,31.29219581604004,"[0.0, 13.09204101348, 2.10571289028]","[0, 0, 0]",0,3,0.0,0.0,3.869,0,0,0,4294967.295,3750041.856,0,90344,0,41.85505294799805,50.76382827758789,-0.3958393633365631,0,state.APOGEE,1404,-28,0,-29,0.001005199970677495,4713,4713,"[10.8, 0.5, 16.5, 10.2, 15.5, 17.0, 0, 0]","[3.646, 3.647, 3.647]",0.262,"[2.9952, 3.3104, 5.0048, 7.364800000000001, 8.448, 27.8256]","[0.034375, 0.24875, -0.0025, -0.000625, -0.00125, -0.004375]",0,0,29.5,"[1, 1, 1, 1, 1, 1]",61.8928482186374,42.3601515,-71.0933013,3,-23.249
1774902967.2817285,"[0, 0, 0, 0, 0, 0]","[1291, 1500, 1500, 1500]","[-25.08, 0.0, 0.0, 0.0]","[-0.38383841015625, 2.51908321875, 10.22573105859375]",0,3866.315185546875,0,31.248476333618164,"[0.0, 3.87573242124, -3.29589843696]","[0, 0, 0]",0,3,0.0,0.0,3.869,0,0,0,4294967.295,3750041.856,0,90398,0,41.66567611694336,50.94961166381836,-0.3958393633365631,0,state.APOGEE,1405,-28,0,-29,0.0010050004348158836,4713,4713,"[10.6, 0.5, 16.5, 10.6, 15.5, 17.0, 0, 0]","[3.646, 3.647, 3.647]",0.262,"[2.9952, 3.3104, 5.0048, 7.364800000000001, 8.448, 27.8256]","[0.034375, 0.24875, -0.0025, -0.000625, -0.00125, -0.004375]",0,0,29.5,"[1, 1, 1, 1, 1, 1]",61.924429143381346,42.360152,-71.0933007,3,-23.247
1774902967.3425822,"[0, 0, 0, 0, 0, 0]","[1291, 1500, 1500, 1500]","[-25.08, 0.0, 0.0, 0.0]","[-0.36391865234375, 2.53057538671875, 10.223432625]",0,3863.96142578125,0,31.274708023071287,"[0.0, -1.9836425778, -0.67138671864]","[0, 0, 0]",0,3,0.0,0.0,3.865,0,0,0,4294967.295,3750041.856,0,90458,0,41.50788879394531,50.85194778442383,-0.3958393633365631,0,state.APOGEE,1406,-28,0,-29,0.0010044999653473496,4713,4713,"[10.2, 0.5, 16.5, 10.6, 15.5, 15.9, 0, 0]","[3.646, 3.647, 3.647]",0.262,"[2.9968000000000004, 3.3120000000000003, 5.0032000000000005, 7.3712, 8.4384, 27.8272]","[0.034375, 0.259375, 0.0, -0.0025, -0.004375, -0.0025]",0,0,29.5,"[1, 1, 1, 1, 1, 1]",61.7852297132577,42.360152,-71.0933007,3,-23.247
1774902967.4070952,"[0, 0, 0, 0, 0, 0]","[1291, 1500, 1500, 1500]","[-25.08, 0.0, 0.0, 0.0]","[-0.37464467578124994, 2.52291394140625, 10.21730346875]",0,3861.60791015625,0,31.279079971313475,"[0.0, 3.08227539012, -9.826660154639999]","[0, 0, 0]",0,3,0.0,0.0,3.865,0,0,0,4294967.295,3750041.856,0,90518,0,41.35741424560547,50.869659423828125,-0.3958393633365631,0,state.APOGEE,1407,-28,0,-29,0.0010040999623015523,4713,4713,"[10.6, 0.5, 17.0, 10.6, 16.5, 16.5, 0, 0]","[3.646, 3.647, 3.647]",0.262,"[2.9968000000000004, 3.3120000000000003, 5.0032000000000005, 7.3712, 8.4384, 27.8272]","[0.034375, 0.259375, 0.0, -0.0025, -0.004375, -0.0025]",0,0,29.5,"[1, 1, 1, 1, 1, 1]",61.72557388806134,42.3601525,-71.0932993,3,-23.237
1774902967.4636095,"[0, 0, 0, 0, 0, 0]","[1291, 1500, 1500, 1500]","[-25.08, 0.0, 0.0, 0.0]","[-0.35549106249999995, 2.51372020703125, 10.228029492187499]",0,3859.254150390625,0,31.270336074829103,"[0.0, 12.11547851364, 9.918212889]","[0, 0, 0]",0,3,0.0,0.0,3.861,0,0,0,4294967.295,3750041.856,0,90578,0,41.695556640625,50.750022888183594,-0.3958393633365631,0,state.APOGEE,1408,-28,0,-29,0.0010038000764325261,4713,4713,"[10.2, 0.5, 17.0, 10.4, 15.5, 16.5, 0, 0]","[3.646, 3.647, 3.647]",0.262,"[2.9968000000000004, 3.3136, 5.0048, 7.364800000000001, 8.456000000000001, 27.8256]","[0.038125, 0.625, 0.005, -0.0025, 0.004375, 0.003125]",0,0,29.5,"[1, 1, 1, 1, 1, 1]",61.80756718703313,42.3601524,-71.0932984,3,-23.269
1774902967.5196123,"[0, 0, 0, 0, 0, 0]","[1291, 1500, 1500, 1500]","[-25.08, 0.0, 0.0, 0.0]","[-0.35855564062499995, 2.522147796875, 10.23032792578125]",0,3856.9013671875,0,31.279079971313475,"[0.0, -0.4577636718, -10.74218749824]","[0, 0, 0]",0,3,0.0,0.0,3.856,0,0,0,4294967.295,3750041.856,0,90632,0,41.7248649597168,50.60851287841797,-0.3958393633365631,0,state.APOGEE,1409,-29,0,-29,0.0010034000733867288,4713,4713,"[10.4, 0.5, 16.5, 10.4, 15.9, 17.0, 0, 0]","[3.646, 3.647, 3.647]",0.262,"[2.9968000000000004, 3.3136, 5.0048, 7.364800000000001, 8.456000000000001, 27.8256]","[0.038125, 0.625, 0.005, -0.0025, 0.004375, 0.003125]",0,0,29.5,"[1, 1, 1, 1, 1, 1]",61.72883369922821,42.3601524,-71.0932984,3,-23.269
1774902967.5751276,"[0, 0, 0, 0, 0, 0]","[1291, 1500, 1500, 1500]","[-25.08, 0.0, 0.0, 0.0]","[-0.35549106249999995, 2.52291394140625, 10.231860214843751]",0,3854.549560546875,0,31.270336074829103,"[0.0, 3.44848632756, 2.65502929644]","[0, 0, 0]",0,3,0.0,0.0,3.856,0,0,0,4294967.295,3750041.856,0,90692,0,41.926265716552734,50.76171112060547,-0.3958393633365631,0,state.APOGEE,1410,-28,0,-29,0.001002999721094966,4713,4713,"[10.6, 0.5, 15.9, 10.8, 15.9, 16.5, 0, 0]","[3.646, 3.647, 3.647]",0.262,"[2.9984, 3.3104, 5.0032000000000005, 7.3664000000000005, 8.4368, 27.8256]","[0.035, 0.55625, 0.003125, 0.00125, -0.003125, 0.0]",0,0,29.5,"[1, 1, 1, 1, 1, 1]",61.92555720068234,42.3601526,-71.09329819999999,3,-23.296
1774902967.639131,"[0, 0, 0, 0, 0, 0]","[1291, 1500, 1500, 1500]","[-25.08, 0.0, 0.0, 0.0]","[-0.38307226562499996, 2.5183170742187495, 10.23492479296875]",0,3852.197509765625,0,31.283451919555663,"[0.0, -11.50512695124, -16.35742187232]","[0, 0, 0]",0,3,0.0,0.0,3.852,0,0,0,4294967.295,3750041.856,0,90752,0,41.94090270996094,51.046165466308594,-0.3958393633365631,0,state.APOGEE,1411,-28,0,-29,0.0010025997180491686,4713,4713,"[10.4, 0.5, 17.0, 10.6, 17.0, 17.0, 0, 0]","[3.646, 3.647, 3.647]",0.262,"[2.9984, 3.3104, 5.0032000000000005, 7.3664000000000005, 8.4368, 27.8256]","[0.035, 0.55625, 0.003125, 0.00125, -0.003125, 0.0]",0,0,29.5,"[1, 1, 1, 1, 1, 1]",62.11850501542922,42.3601526,-71.09329819999999,3,-23.296
1774902967.694638,"[0, 0, 0, 0, 0, 0]","[1291, 1500, 1500, 1500]","[-25.08, 0.0, 0.0, 0.0]","[-0.3784753984375, 2.4930343046875, 10.216537324218748]",0,3849.845703125,0,31.279079971313475,"[0.0, 4.0588378899599995, 2.47192382772]","[0, 0, 0]",0,3,0.0,0.0,3.852,0,0,0,4294967.295,3750041.856,0,90812,0,41.77643585205078,50.90272903442383,-0.3958393633365631,0,state.APOGEE,1412,-28,0,-29,0.001002400298602879,4713,4713,"[10.4, 0.5, 17.0, 10.6, 15.9, 16.5, 0, 0]","[3.646, 3.647, 3.647]",0.262,"[2.9952, 3.3120000000000003, 5.0016, 7.368, 8.4544, 27.824]","[0.036875, 0.255625, -0.005, -0.0025, -0.000625, -0.000625]",0,0,29.5,"[1, 1, 1, 1, 1, 1]",61.94629578182049,42.3601524,-71.0932977,3,-23.294
1774902967.7536945,"[0, 0, 0, 0, 0, 0]","[1291, 1500, 1500, 1500]","[-25.08, 0.0, 0.0, 0.0]","[-0.38230612109375, 2.5474305664062498, 10.2356909375]",0,3847.885986328125,0,31.270336074829103,"[0.0, -3.814697265, -0.70190429676]","[0, 0, 0]",0,3,0.0,0.0,3.849,0,0,0,4294967.295,3750041.856,0,90866,0,41.8369255065918,50.94419479370117,-0.3958393633365631,0,state.APOGEE,1413,-28,0,-29,0.0010020001791417599,4713,4713,"[10.6, 0.5, 17.0, 10.4, 15.5, 16.5, 0, 0]","[3.646, 3.647, 3.647]",0.262,"[2.9952, 3.3120000000000003, 5.0016, 7.368, 8.4544, 27.824]","[0.036875, 0.255625, -0.005, -0.0025, -0.000625, -0.000625]",0,0,29.5,"[1, 1, 1, 1, 1, 1]",62.00227248802104,42.360153,-71.093296,3,-23.235
1774902967.8086984,"[0, 0, 0, 0, 0, 0]","[1291, 1500, 1500, 1500]","[-25.08, 0.0, 0.0, 0.0]","[-0.3815399765625, 2.5045264726562495, 10.22573105859375]",0,3845.53466796875,0,31.28782386779785,"[0.0, -2.04467773404, 2.288818359]","[0, 0, 0]",0,3,0.0,0.0,3.845,0,0,0,4294967.295,3750041.856,0,90926,0,41.95747375488281,50.87339782714844,-0.3958393633365631,0,state.APOGEE,1414,-28,0,-29,0.001001299824565649,4713,4713,"[10.2, 0.5, 17.0, 10.4, 15.9, 15.9, 0, 0]","[3.646, 3.647, 3.647]",0.262,"[2.9968000000000004, 3.3104, 5.0032000000000005, 7.3616, 8.448, 27.832]","[0.03, 0.2025, -0.0025, -0.00125, -0.000625, -0.00375]",0,0,29.5,"[1, 1, 1, 1, 1, 1]",62.013439044738156,42.360153,-71.093296,3,-23.235
1774902967.871956,"[0, 0, 0, 0, 0, 0]","[1291, 1500, 1500, 1500]","[-25.08, 0.0, 0.0, 0.0]","[-0.35472491796875, 2.5543258671875, 10.1866576875]",0,3843.1845703125,0,31.300939712524414,"[0.0, 5.6457519521999995, -1.40380859352]","[0, 0, 0]",0,3,0.0,0.0,3.845,0,0,0,4294967.295,3750041.856,0,90986,0,41.841819763183594,50.91859436035156,-0.3958393633365631,0,state.APOGEE,1415,-28,0,-28,0.0010008999379351735,4713,4713,"[10.4, 0.5, 16.5, 10.6, 16.5, 17.0, 0, 0]","[3.646, 3.647, 3.647]",0.262,"[2.9968000000000004, 3.3072000000000004, 5.0032000000000005, 7.364800000000001, 8.4496, 27.8272]","[0.039375, 0.2325, -0.00375, 0.000625, -0.003125, -0.00375]",0,0,29.5,"[1, 1, 1, 1, 1, 1]",61.987831127355705,42.3601548,-71.0932929,3,-23.008
1774902967.9289546,"[0, 0, 0, 0, 0, 0]","[1291, 1500, 1500, 1500]","[-25.08, 0.0, 0.0, 0.0]","[-0.38537069921875, 2.4991634609374995, 10.237989371093748]",0,3840.83447265625,0,31.283451919555663,"[0.0, -1.25122070292, 3.60107421816]","[0, 0, 0]",0,3,0.0,0.0,3.841,0,0,0,4294967.295,3750041.856,0,91046,0,42.02215576171875,51.1316032409668,-0.3958393633365631,0,state.APOGEE,1416,-28,0,-29,0.0010006000520661473,4713,4713,"[10.2, 0.5, 17.0, 10.8, 15.9, 15.9, 0, 0]","[3.646, 3.647, 3.647]",0.262,"[2.9968000000000004, 3.3072000000000004, 5.0032000000000005, 7.364800000000001, 8.4496, 27.8272]","[0.039375, 0.2325, -0.00375, 0.000625, -0.003125, -0.00375]",0,0,29.5,"[1, 1, 1, 1, 1, 1]",62.21299415497421,42.3601548,-71.0932929,3,-23.008
1774902967.9834688,"[0, 0, 0, 0, 0, 0]","[1291, 1500, 1500, 1500]","[-25.08, 0.0, 0.0, 0.0]","[-0.38307226562499996, 2.52444623046875, 10.206577445312499]",0,3838.876220703125,0,31.274708023071287,"[0.0, -0.09155273436, 12.90893554476]","[0, 0, 0]",0,3,0.0,0.0,3.841,0,0,0,4294967.295,3750041.856,0,91100,0,42.1031608581543,51.06850814819336,-0.3958393633365631,0,state.APOGEE,1417,-28,0,-29,0.0010002999333664775,4713,4713,"[10.2, 0.5, 15.9, 10.8, 15.9, 16.5, 0, 0]","[3.646, 3.647, 3.647]",0.262,"[2.9936000000000003, 3.3120000000000003, 5.0048, 7.3616, 8.459200000000001, 27.8272]","[0.034375, 0.274375, -0.005, -0.000625, -0.00125, -0.00375]",0,0,29.5,"[1, 1, 1, 1, 1, 1]",62.21030820038166,42.360155,-71.0932923,3,-22.895
1774902968.0434766,"[0, 0, 0, 0, 0, 0]","[1291, 1500, 1500, 1500]","[-25.08, 0.0, 0.0, 0.0]","[-0.3815399765625, 2.5144863515624998, 10.224198769531249]",0,3836.526123046875,0,31.28782386779785,"[0.0, 4.0588378899599995, 8.42285156112]","[0, 0, 0]",0,3,0.0,0.0,3.837,0,0,0,4294967.295,3750041.856,0,91160,0,42.16785430908203,51.00870895385742,-0.3958393633365631,0,state.APOGEE,1418,-28,0,-28,0.0009999999310821295,4713,4713,"[10.6, 0.5, 15.9, 10.6, 15.5, 16.5, 0, 0]","[3.646, 3.647, 3.647]",0.262,"[2.9936000000000003, 3.3120000000000003, 5.0048, 7.3616, 8.459200000000001, 27.8272]","[0.034375, 0.274375, -0.005, -0.000625, -0.00125, -0.00375]",0,0,29.5,"[1, 1, 1, 1, 1, 1]",62.202180406466255,42.360155,-71.0932923,3,-22.895
1774902968.102824,"[0, 0, 0, 0, 0, 0]","[1291, 1500, 1500, 1500]","[-25.08, 0.0, 0.0, 0.0]","[-0.38383841015625, 2.52751080859375, 10.23492479296875]",0,3834.176513671875,0,31.261592178344728,"[0.0, 1.6784667966, 9.7656249984]","[0, 0, 0]",0,3,0.0,0.0,3.837,0,0,0,4294967.295,3750041.856,0,91220,0,42.19807815551758,51.34806823730469,-0.3958393633365631,0,state.APOGEE,1419,-28,0,-29,0.0009994999272748828,4713,4713,"[10.6, 0.5, 17.0, 10.6, 15.9, 16.5, 0, 0]","[3.646, 3.647, 3.647]",0.262,"[2.9952, 3.3104, 5.0048, 7.364800000000001, 8.440000000000001, 27.8256]","[0.02875, 0.626875, 0.005, -0.0025, 0.000625, -0.000625]",0,0,29.5,"[1, 1, 1, 1, 1, 1]",62.43778497752259,42.3601549,-71.0932904,3,-22.837
1774902968.16434,"[0, 0, 0, 0, 0, 0]","[1291, 1500, 1500, 1500]","[-25.08, 0.0, 0.0, 0.0]","[-0.37158009765624994, 2.51065562890625, 10.232626359374999]",0,3831.828125,0,31.261592178344728,"[0.0, -7.41577148316, -0.70190429676]","[0, 0, 0]",0,3,0.0,0.0,3.833,0,0,0,4294967.295,3750041.856,0,91280,0,42.08027267456055,51.50918197631836,-0.3958393633365631,0,state.APOGEE,1420,-28,0,-29,0.0009989000391215086,4713,4713,"[10.8, 0.5, 17.0, 10.8, 15.9, 15.9, 0, 0]","[3.646, 3.647, 3.647]",0.262,"[2.9952, 3.3104, 5.0048, 7.364800000000001, 8.440000000000001, 27.8256]","[0.02875, 0.626875, 0.005, -0.0025, 0.000625, -0.000625]",0,0,29.5,"[1, 1, 1, 1, 1, 1]",62.487546470878065,42.3601552,-71.0932888,3,-22.769
1774902968.2193518,"[0, 0, 0, 0, 0, 0]","[1291, 1500, 1500, 1500]","[-25.08, 0.0, 0.0, 0.0]","[-0.3784753984375, 2.53134153125, 10.23492479296875]",0,3829.47998046875,0,31.261592178344728,"[0.0, 6.0119628896399995, 8.81958007668]","[0, 0, 0]",0,3,0.0,0.0,3.829,0,0,0,4294967.295,3750041.856,0,91334,0,42.22451400756836,51.49284362792969,-0.3958393633365631,0,state.APOGEE,1421,-28,0,-29,0.0009983002673834562,4713,4713,"[10.4, 0.5, 17.0, 10.8, 15.9, 17.6, 0, 0]","[3.646, 3.647, 3.647]",0.262,"[2.9952, 3.3136, 5.0064, 7.364800000000001, 8.443200000000001, 27.8288]","[0.035, 0.5725, 0.005, -0.0025, 0.0, 0.004375]",0,0,29.5,"[1, 1, 1, 1, 1, 1]",62.544785557056485,42.3601552,-71.0932888,3,-22.769
1774902968.2803667,"[0, 0, 0, 0, 0, 0]","[1291, 1500, 1500, 1500]","[-25.08, 0.0, 0.0, 0.0]","[-0.3692816640625, 2.5336399648437498, 10.215771179687499]",0,3827.1318359375,0,31.279079971313475,"[0.0, 0.51879882804, -10.74218749824]","[0, 0, 0]",0,3,0.0,0.0,3.829,0,0,0,4294967.295,3750041.856,0,91394,0,42.31728744506836,51.44829559326172,-0.3958393633365631,0,state.APOGEE,1422,-29,0,-29,0.0009979000315070152,4713,4713,"[10.4, 0.5, 17.0, 10.6, 16.5, 17.0, 0, 0]","[3.646, 3.647, 3.647]",0.262,"[2.9952, 3.3136, 5.0064, 7.364800000000001, 8.443200000000001, 27.8288]","[0.035, 0.5725, 0.005, -0.0025, 0.0, 0.004375]",0,0,29.5,"[1, 1, 1, 1, 1, 1]",62.55952940223895,42.3601552,-71.093288,3,-22.695
1774902968.337486,"[0, 0, 0, 0, 0, 0]","[1291, 1500, 1500, 1500]","[-25.08, 0.0, 0.0, 0.0]","[-0.34859576171874995, 2.51372020703125, 10.2127066015625]",0,3824.78369140625,0,31.274708023071287,"[0.0, 4.85229492108, 8.2397460924]","[0, 0, 0]",0,3,0.0,0.0,3.825,0,0,0,4294967.295,3750041.856,0,91454,0,42.377994537353516,51.365901947021484,-0.3958393633365631,0,state.APOGEE,1423,-29,0,-29,0.0009974002605304122,4713,4713,"[10.6, 0.5, 16.5, 10.4, 16.5, 17.0, 0, 0]","[3.646, 3.647, 3.647]",0.262,"[2.9936000000000003, 3.3104, 5.0032000000000005, 7.364800000000001, 8.443200000000001, 27.8304]","[0.03375, 0.625625, 0.00125, -0.000625, 0.00125, 0.0025]",0,0,29.5,"[1, 1, 1, 1, 1, 1]",62.53464037580875,42.3601552,-71.093288,3,-22.695
1774902968.3975816,"[0, 0, 0, 0, 0, 0]","[1291, 1500, 1500, 1500]","[-25.08, 0.0, 0.0, 0.0]","[-0.3478296171875, 2.528276953125, 10.2127066015625]",0,3822.435302734375,0,31.283451919555663,"[0.0, 2.288818359, -0.51879882804]","[0, 0, 0]",0,3,0.0,0.0,3.825,0,0,0,4294967.295,3750041.856,0,91514,0,42.36395263671875,51.38420867919922,-0.3958393633365631,0,state.APOGEE,1424,-28,0,-29,0.0009969002567231655,4713,4713,"[10.8, 0.5, 16.5, 10.2, 15.9, 16.5, 0, 0]","[3.646, 3.647, 3.647]",0.262,"[2.9936000000000003, 3.3104, 5.0032000000000005, 7.364800000000001, 8.443200000000001, 27.8304]","[0.03375, 0.625625, 0.00125, -0.000625, 0.00125, 0.0025]",0,0,29.5,"[1, 1, 1, 1, 1, 1]",62.53989131766909,42.3601564,-71.0932867,3,-22.668
1774902968.4510887,"[0, 0, 0, 0, 0, 0]","[1291, 1500, 1500, 1500]","[-25.08, 0.0, 0.0, 0.0]","[-0.38843527734375, 2.5236800859374995, 10.214238890625]",0,3820.478515625,0,31.261592178344728,"[0.0, -6.9885253894799995, 13.45825195092]","[0, 0, 0]",0,3,0.0,0.0,3.822,0,0,0,4294967.295,3750041.856,0,91568,0,42.4610710144043,51.6307373046875,-0.3958393633365631,0,state.APOGEE,1425,-28,0,-29,0.0009967000223696232,4713,4713,"[10.2, 0.5, 15.9, 10.8, 17.0, 17.0, 0, 0]","[3.646, 3.647, 3.647]",0.262,"[2.9952, 3.3104, 5.0048, 7.364800000000001, 8.4384, 27.824]","[0.03125, 0.2575, 0.00125, -0.003125, -0.003125, -0.00375]",0,0,29.5,"[1, 1, 1, 1, 1, 1]",62.74619413793724,42.360157099999995,-71.09328529999999,3,-22.598
1774902968.5110874,"[0, 0, 0, 0, 0, 0]","[1291, 1500, 1500, 1500]","[-25.08, 0.0, 0.0, 0.0]","[-0.35166033984374995, 2.55509201171875, 10.215005035156251]",0,3818.130859375,0,31.28782386779785,"[0.0, 1.31225585916, -7.20214843632]","[0, 0, 0]",0,3,0.0,0.0,3.818,0,0,0,4294967.295,3750041.856,0,91628,0,42.511104583740234,51.71253204345703,-0.3958393633365631,0,state.APOGEE,1426,-28,0,-227,0.0009962000185623765,4713,4713,"[10.6, 0.5, 17.0, 10.2, 15.5, 17.0, 0, 0]","[3.646, 3.647, 3.647]",0.262,"[2.9952, 3.3104, 5.0032000000000005, 7.364800000000001, 8.4448, 27.8288]","[0.03375, 0.198125, -0.00125, -0.0025, 0.000625, -0.004375]",0,0,29.5,"[1, 1, 1, 1, 1, 1]",62.822969397895584,42.360157099999995,-71.09328529999999,3,-22.598
1774902968.571608,"[0, 0, 0, 0, 0, 0]","[1291, 1500, 1500, 1500]","[-25.08, 0.0, 0.0, 0.0]","[-0.38537069921875, 2.48920358203125, 10.2402878046875]",0,3815.78466796875,0,31.25722023010254,"[0.0, -2.41088867148, 6.0119628896399995]","[0, 0, 0]",0,3,0.0,0.0,3.818,0,0,0,4294967.295,3750041.856,0,91688,0,42.57764434814453,52.03965759277344,-0.3958393633365631,0,state.APOGEE,1427,-27,0,-29,0.0009957000147551298,4713,4713,"[10.6, 0.5, 17.0, 10.6, 16.5, 16.5, 0, 0]","[3.646, 3.647, 3.647]",0.262,"[2.9952, 3.3104, 5.0032000000000005, 7.364800000000001, 8.4448, 27.8288]","[0.03375, 0.198125, -0.00125, -0.0025, 0.000625, -0.004375]",0,0,29.5,"[1, 1, 1, 1, 1, 1]",63.0670533077535,42.3601575,-71.093284,3,-22.545
1774902968.6316147,"[0, 0, 0, 0, 0, 0]","[1291, 1500, 1500, 1500]","[-25.08, 0.0, 0.0, 0.0]","[-0.3723462421875, 2.53057538671875, 10.21806961328125]",0,3813.438232421875,0,31.270336074829103,"[0.0, 4.48608398364, -4.7912597648399995]","[0, 0, 0]",0,3,0.0,0.0,3.814,0,0,0,4294967.295,3750041.856,0,91748,0,42.571556091308594,51.981082916259766,-0.3958393633365631,0,state.APOGEE,1428,-27,0,-227,0.0009951998945325613,4713,4713,"[10.8, 0.5, 17.0, 10.6, 16.5, 15.9, 0, 0]","[3.646, 3.647, 3.647]",0.262,"[2.9968000000000004, 3.3104, 5.0032000000000005, 7.3616, 8.440000000000001, 27.8288]","[0.033125, 0.23625000000000002, -0.003125, -0.000625, -0.000625, -0.000625]",0,0,29.5,"[1, 1, 1, 1, 1, 1]",63.026071280618915,42.3601575,-71.093284,3,-22.545
1774902968.6881251,"[0, 0, 0, 0, 0, 0]","[1291, 1500, 1500, 1500]","[-25.08, 0.0, 0.0, 0.0]","[-0.37617696484374996, 2.522147796875, 10.23492479296875]",0,3811.091796875,0,31.265964126586915,"[0.0, -1.86157226532, -1.40380859352]","[0, 0, 0]",0,3,0.0,0.0,3.814,0,0,0,4294967.295,3750041.856,0,91802,0,42.76116943359375,52.03934860229492,-0.3958393633365631,0,state.APOGEE,1429,-28,0,-28,0.0009947000071406364,4713,4713,"[10.6, 0.5, 16.5, 10.8, 15.0, 16.5, 0, 0]","[3.646, 3.647, 3.647]",0.262,"[2.9968000000000004, 3.3104, 5.0032000000000005, 7.3616, 8.440000000000001, 27.8288]","[0.033125, 0.23625000000000002, -0.003125, -0.000625, -0.000625, -0.000625]",0,0,29.5,"[1, 1, 1, 1, 1, 1]",63.152641176297685,42.360157699999995,-71.0932835,3,-22.447
1774902968.7481608,"[0, 0, 0, 0, 0, 0]","[1291, 1500, 1500, 1500]","[-25.08, 0.0, 0.0, 0.0]","[-0.35012805078125, 2.5252123749999997, 10.21730346875]",0,3808.747314453125,0,31.265964126586915,"[0.0, -6.19506835836, -9.826660154639999]","[0, 0, 0]",0,3,0.0,0.0,3.809,0,0,0,4294967.295,3750041.856,0,91862,0,42.727256774902344,52.11751174926758,-0.3958393633365631,0,state.APOGEE,1430,-27,0,-29,0.000994300004094839,4713,4713,"[10.4, 0.5, 16.5, 11.1, 17.0, 16.5, 0, 0]","[3.646, 3.647, 3.647]",0.262,"[2.9968000000000004, 3.3104, 5.0064, 7.364800000000001, 8.4512, 27.8272]","[0.03125, 0.2475, -0.0025, -0.000625, 0.000625, -0.004375]",0,0,29.5,"[1, 1, 1, 1, 1, 1]",63.187533164726915,42.360157699999995,-71.0932835,3,-22.447
1774902968.8051639,"[0, 0, 0, 0, 0, 0]","[1291, 1500, 1500, 1500]","[-25.08, 0.0, 0.0, 0.0]","[-0.34629732812499997, 2.53517225390625, 10.238755515624998]",0,3806.40283203125,0,31.265964126586915,"[0.0, 4.60815429612, 1.34277343728]","[0, 0, 0]",0,3,0.0,0.0,3.809,0,0,0,4294967.295,3750041.856,0,91922,0,42.7098503112793,52.18708419799805,-0.3958393633365631,0,state.APOGEE,1431,-27,0,-28,0.0009940981399267912,4713,4713,"[10.2, 0.5, 16.5, 10.6, 15.5, 17.0, 0, 0]","[3.646, 3.647, 3.647]",0.262,"[2.9968000000000004, 3.3104, 5.0064, 7.364800000000001, 8.4512, 27.8272]","[0.03125, 0.2475, -0.0025, -0.000625, 0.000625, -0.004375]",0,0,29.5,"[1, 1, 1, 1, 1, 1]",63.22463351378568,42.3601568,-71.0932838,3,-22.425
1774902968.8651183,"[0, 0, 0, 0, 0, 0]","[1291, 1500, 1500, 1500]","[-25.08, 0.0, 0.0, 0.0]","[-0.34170046093749995, 2.5336399648437498, 10.221134191406248]",0,3804.05810546875,0,31.28782386779785,"[0.0, -7.1716308582, 3.78417968688]","[0, 0, 0]",0,3,0.0,0.0,3.806,0,0,0,4294967.295,3750041.856,0,91982,0,42.65369415283203,52.27801513671875,-0.3958393633365631,0,state.APOGEE,1432,-27,0,-28,0.000993399298749864,4713,4713,"[10.8, 0.5, 16.5, 10.6, 15.5, 16.5, 0, 0]","[3.646, 3.647, 3.647]",0.262,"[2.9952, 3.3120000000000003, 5.0064, 7.3632, 8.448, 27.8288]","[0.035, 0.565625, 0.00375, 0.003125, -0.00375, -0.00125]",0,0,29.5,"[1, 1, 1, 1, 1, 1]",63.25770061932155,42.3601564,-71.0932839,3,-22.432
1774902968.9201198,"[0, 0, 0, 0, 0, 0]","[1291, 1500, 1500, 1500]","[-25.08, 0.0, 0.0, 0.0]","[-0.3692816640625, 2.49533273828125, 10.2188357578125]",0,3802.104248046875,0,31.248476333618164,"[0.0, 6.43920898332, 9.0026855454]","[0, 0, 0]",0,3,0.0,0.0,3.802,0,0,0,4294967.295,3750041.856,0,92036,0,42.515533447265625,52.263187408447266,-0.3958393633365631,0,state.APOGEE,1433,-27,0,-28,0.00099280069116503,4713,4713,"[10.6, 0.5, 16.5, 10.6, 15.9, 16.5, 0, 0]","[3.646, 3.647, 3.647]",0.262,"[2.9952, 3.3120000000000003, 5.0064, 7.3632, 8.448, 27.8288]","[0.035, 0.565625, 0.00375, 0.003125, -0.00375, -0.00125]",0,0,29.5,"[1, 1, 1, 1, 1, 1]",63.18394596630957,42.3601564,-71.0932839,3,-22.432
1774902968.9793243,"[0, 0, 0, 0, 0, 0]","[1291, 1500, 1500, 1500]","[-25.08, 0.0, 0.0, 0.0]","[-0.34706347265625, 2.53517225390625, 10.232626359374999]",0,3799.759765625,0,31.270336074829103,"[0.0, -10.5285644514, -2.7465820308]","[0, 0, 0]",0,3,0.0,0.0,3.802,0,0,0,4294967.295,3750041.856,0,92096,0,42.40993118286133,52.410884857177734,-0.3958393633365631,0,state.APOGEE,1434,-27,0,-28,0.0009923006873577833,4713,4713,"[10.4, 0.5, 17.0, 10.6, 15.9, 17.0, 0, 0]","[3.646, 3.647, 3.647]",0.262,"[2.9968000000000004, 3.3120000000000003, 5.0048, 7.3616, 8.4656, 27.8272]","[0.04, 0.6218750000000001, 0.0025, -0.004375, 0.00125, -0.00375]",0,0,29.5,"[1, 1, 1, 1, 1, 1]",63.2317729048424,42.360156499999995,-71.09328459999999,3,-22.455
1774902969.0393262,"[0, 0, 0, 0, 0, 0]","[1291, 1500, 1500, 1500]","[-25.08, 0.0, 0.0, 0.0]","[-0.38613684374999996, 2.5045264726562495, 10.24258623828125]",0,3797.416748046875,0,31.248476333618164,"[0.0, 1.12915039044, 7.14111328008]","[0, 0, 0]",0,3,0.0,0.0,3.798,0,0,0,4294967.295,3750042.112,0,92156,0,42.46759796142578,52.462154388427734,-0.3958393633365631,0,state.APOGEE,1435,-28,0,-28,0.0009917999850586057,4713,4713,"[10.6, 0.5, 16.5, 10.6, 15.5, 16.5, 0, 0]","[3.646, 3.647, 3.647]",0.262,"[2.9968000000000004, 3.3120000000000003, 5.0048, 7.3616, 8.4656, 27.8272]","[0.04, 0.6218750000000001, 0.0025, -0.004375, 0.00125, -0.00375]",0,0,29.5,"[1, 1, 1, 1, 1, 1]",63.291920099224036,42.360156499999995,-71.09328459999999,3,-22.455
1774902969.0998383,"[0, 0, 0, 0, 0, 0]","[1291, 1500, 1500, 1500]","[-25.08, 0.0, 0.0, 0.0]","[-0.37924154296875, 2.5527935781249997, 10.207343589843749]",0,3795.07373046875,0,31.23973243713379,"[0.0, -3.08227539012, -8.6975097642]","[0, 0, 0]",0,3,0.0,0.0,3.798,0,0,0,4294967.295,3750042.112,0,92216,0,42.43337631225586,52.58484649658203,-0.3958393633365631,0,state.APOGEE,1436,-28,0,-29,0.0009914982365444303,4713,4713,"[10.6, 0.5, 17.6, 11.1, 15.5, 16.5, 0, 0]","[3.646, 3.647, 3.647]",0.262,"[2.9968000000000004, 3.3136, 5.0032000000000005, 7.3664000000000005, 8.440000000000001, 27.824]","[0.03625, 0.236875, -0.0025, 0.0025, -0.005, 0.003125]",0,0,29.5,"[1, 1, 1, 1, 1, 1]",63.35659497856468,42.3601558,-71.0932855,3,-22.45
1774902969.155352,"[0, 0, 0, 0, 0, 0]","[1291, 1500, 1500, 1500]","[-25.08, 0.0, 0.0, 0.0]","[-0.3754108203125, 2.50682490625, 10.23032792578125]",0,3793.119873046875,0,31.252848281860352,"[0.0, 5.46264648348, -8.66699218608]","[0, 0, 0]",0,3,0.0,0.0,3.794,0,0,0,4294967.295,3750042.112,0,92270,0,42.467132568359375,52.62078857421875,-0.3958393633365631,0,state.APOGEE,1437,-28,0,-29,0.0009908999782055616,4713,4713,"[10.8, 0.5, 17.6, 10.4, 16.5, 17.0, 0, 0]","[3.646, 3.647, 3.647]",0.262,"[2.9968000000000004, 3.3136, 5.0032000000000005, 7.3664000000000005, 8.440000000000001, 27.824]","[0.03625, 0.236875, -0.0025, 0.0025, -0.005, 0.003125]",0,0,29.5,"[1, 1, 1, 1, 1, 1]",63.395641556519756,42.360155,-71.0932861,3,-22.491
1774902969.2133512,"[0, 0, 0, 0, 0, 0]","[1291, 1500, 1500, 1500]","[-25.08, 0.0, 0.0, 0.0]","[-0.36315250781249997, 2.534406109375, 10.2310940703125]",0,3790.776611328125,0,31.248476333618164,"[0.0, 4.48608398364, 1.15966796856]","[0, 0, 0]",0,3,0.0,0.0,3.79,0,0,0,4294967.295,3750042.112,0,92330,0,42.5559196472168,52.66660690307617,-0.3958393633365631,0,state.APOGEE,1438,-28,0,-29,0.000990399974398315,4713,4713,"[10.6, 0.5, 16.5, 10.4, 16.5, 16.5, 0, 0]","[3.646, 3.647, 3.647]",0.262,"[2.9968000000000004, 3.3136, 5.0048, 7.3632, 8.459200000000001, 27.8256]","[0.03375, 0.228125, -0.0025, -0.004375, -0.000625, -0.001875]",0,0,29.5,"[1, 1, 1, 1, 1, 1]",63.46636067970933,42.360155,-71.0932861,3,-22.491
1774902969.2733724,"[0, 0, 0, 0, 0, 0]","[1291, 1500, 1500, 1500]","[-25.08, 0.0, 0.0, 0.0]","[-0.35778949609375, 2.5114217734374997, 10.215771179687499]",0,3788.435791015625,0,31.252848281860352,"[0.0, 2.53295898396, 3.44848632756]","[0, 0, 0]",0,3,0.0,0.0,3.79,0,0,0,4294967.295,3750042.112,0,92390,0,42.524169921875,52.61778259277344,-0.3958393633365631,0,state.APOGEE,1439,-28,0,-29,0.000989999040029943,4713,4713,"[10.4, 0.5, 17.0, 10.6, 16.5, 17.6, 0, 0]","[3.646, 3.647, 3.647]",0.262,"[2.9952, 3.3120000000000003, 5.0032000000000005, 7.364800000000001, 8.4304, 27.824]","[0.035625000000000004, 0.22062500000000002, -0.0025, -0.0025, -0.001875, -0.000625]",0,0,29.5,"[1, 1, 1, 1, 1, 1]",63.41983162223119,42.3601554,-71.0932869,3,-22.513
1774902969.3338845,"[0, 0, 0, 0, 0, 0]","[1291, 1500, 1500, 1500]","[-25.08, 0.0, 0.0, 0.0]","[-0.36238636328125, 2.5336399648437498, 10.2249649140625]",0,3786.09375,0,31.261592178344728,"[0.0, -3.44848632756, -8.51440429548]","[0, 0, 0]",0,3,0.0,0.0,3.786,0,0,0,4294967.295,3750042.112,0,92450,0,42.42499542236328,52.73128890991211,-0.3958393633365631,0,state.APOGEE,1440,-28,0,-29,0.0009892011294141412,4713,4713,"[10.6, 0.5, 15.9, 10.6, 15.9, 16.5, 0, 0]","[3.646, 3.647, 3.647]",0.262,"[2.9952, 3.3120000000000003, 5.0032000000000005, 7.364800000000001, 8.4304, 27.824]","[0.035625000000000004, 0.22062500000000002, -0.0025, -0.0025, -0.001875, -0.000625]",0,0,29.5,"[1, 1, 1, 1, 1, 1]",63.448865057717484,42.3601554,-71.0932869,3,-22.513
1774902969.3869786,"[0, 0, 0, 0, 0, 0]","[1291, 1500, 1500, 1500]","[-25.08, 0.0, 0.0, 0.0]","[-0.37004780859374997, 2.5075910507812496, 10.24718310546875]",0,3783.7509765625,0,31.25722023010254,"[0.0, -8.33129882676, 8.42285156112]","[0, 0, 0]",0,3,0.0,0.0,3.786,0,0,0,4294967.295,3750042.112,0,92504,0,42.50965881347656,52.72693634033203,-0.3958393633365631,0,state.APOGEE,1441,-28,0,-29,0.0009887011256068945,4713,4713,"[10.6, 0.5, 17.0, 10.8, 15.0, 17.0, 0, 0]","[3.646, 3.647, 3.647]",0.262,"[2.9968000000000004, 3.3120000000000003, 5.0016, 7.368, 8.4656, 27.8288]","[0.035, 0.23625000000000002, 0.00125, 0.0, -0.000625, -0.000625]",0,0,29.5,"[1, 1, 1, 1, 1, 1]",63.484700903782624,42.3601551,-71.0932875,3,-22.527
1774902969.4514947,"[0, 0, 0, 0, 0, 0]","[1291, 1500, 1500, 1500]","[-25.08, 0.0, 0.0, 0.0]","[-0.35625720703125, 2.5175509296875, 10.221134191406248]",0,3781.409912109375,0,31.274708023071287,"[0.0, -0.27465820308, -11.87133788868]","[0, 0, 0]",0,3,0.0,0.0,3.782,0,0,0,4294967.295,3750042.112,0,92564,0,42.442535400390625,52.67017364501953,-0.3958393633365631,0,state.APOGEE,1442,-28,0,-29,0.0009882999584078789,4713,4713,"[10.8, 0.5, 17.6, 10.4, 15.5, 16.5, 0, 0]","[3.646, 3.647, 3.647]",0.262,"[2.9968000000000004, 3.3120000000000003, 5.0016, 7.368, 8.4656, 27.8288]","[0.035, 0.23625000000000002, 0.00125, 0.0, -0.000625, -0.000625]",0,0,29.5,"[1, 1, 1, 1, 1, 1]",63.4167659587773,42.3601551,-71.0932875,3,-22.527
1774902969.5074933,"[0, 0, 0, 0, 0, 0]","[1291, 1500, 1500, 1500]","[-25.08, 0.0, 0.0, 0.0]","[-0.36545094140624995, 2.51065562890625, 10.22726334765625]",0,3779.069091796875,0,31.2353604888916,"[0.0, 1.49536132788, -6.46972656144]","[0, 0, 0]",0,3,0.0,0.0,3.779,0,0,0,4294967.295,3750042.112,0,92624,0,42.51270294189453,52.62014389038086,-0.3958393633365631,0,state.APOGEE,1443,-28,0,-29,0.0009877999546006322,4713,4713,"[10.6, 0.5, 16.5, 10.2, 16.5, 17.6, 0, 0]","[3.646, 3.647, 3.647]",0.262,"[2.9952, 3.3088, 5.0048, 7.3584000000000005, 8.4448, 27.8256]","[0.038125, 0.26125, -0.0025, 0.000625, -0.0025, -0.0025]",0,0,29.5,"[1, 1, 1, 1, 1, 1]",63.416116986198844,42.3601542,-71.09328839999999,3,-22.495
1774902969.5670104,"[0, 0, 0, 0, 0, 0]","[1291, 1500, 1500, 1500]","[-25.08, 0.0, 0.0, 0.0]","[-0.35932178515625, 2.53057538671875, 10.207343589843749]",0,3776.728271484375,0,31.25722023010254,"[0.0, -4.7912597648399995, -7.5988769518799995]","[0, 0, 0]",0,3,0.0,0.0,3.779,0,0,0,4294967.295,3750042.112,0,92684,0,42.40894317626953,52.69338607788086,-0.3958393633365631,0,state.APOGEE,1444,-27,0,-28,0.0009872999507933855,4713,4713,"[10.2, 0.5, 16.5, 10.6, 15.9, 18.2, 0, 0]","[3.646, 3.647, 3.647]",0.262,"[2.9952, 3.3088, 5.0048, 7.3584000000000005, 8.4448, 27.8256]","[0.038125, 0.26125, -0.0025, 0.000625, -0.0025, -0.0025]",0,0,29.5,"[1, 1, 1, 1, 1, 1]",63.416640348704064,42.3601538,-71.0932876,3,-22.502
1774902969.6210093,"[0, 0, 0, 0, 0, 0]","[1291, 1500, 1500, 1500]","[-25.08, 0.0, 0.0, 0.0]","[-0.37464467578124994, 2.53134153125, 10.226497203124998]",0,3774.7783203125,0,31.2353604888916,"[0.0, -13.45825195092, -2.53295898396]","[0, 0, 0]",0,3,0.0,0.0,3.775,0,0,0,4294967.295,3750042.112,0,92738,0,42.5249137878418,52.756736755371094,-0.3958393633365631,0,state.APOGEE,1445,-27,0,-28,0.0009867999469861388,4713,4713,"[10.4, 0.5, 16.5, 10.8, 15.9, 17.0, 0, 0]","[3.646, 3.647, 3.647]",0.262,"[2.9936000000000003, 3.3120000000000003, 5.0032000000000005, 7.3616, 8.457600000000001, 27.8288]","[0.035, 0.6275000000000001, 0.001875, 0.000625, -0.000625, -0.00125]",0,0,29.5,"[1, 1, 1, 1, 1, 1]",63.5112103756127,42.3601538,-71.0932876,3,-22.502
1774902969.6815283,"[0, 0, 0, 0, 0, 0]","[1291, 1500, 1500, 1500]","[-25.08, 0.0, 0.0, 0.0]","[-0.37311238671874997, 2.50299418359375, 10.224198769531249]",0,3772.439453125,0,31.248476333618164,"[0.0, 1.49536132788, 12.3596191386]","[0, 0, 0]",0,3,0.0,0.0,3.775,0,0,0,4294967.295,3750042.112,0,92798,0,42.73850631713867,52.78177261352539,-0.3958393633365631,0,state.APOGEE,1446,-27,0,-28,0.000986300059594214,4713,4713,"[10.2, 0.5, 17.0, 10.4, 16.5, 16.5, 0, 0]","[3.646, 3.647, 3.647]",0.262,"[2.9936000000000003, 3.3120000000000003, 5.0032000000000005, 7.3616, 8.457600000000001, 27.8288]","[0.035, 0.6275000000000001, 0.001875, 0.000625, -0.000625, -0.00125]",0,0,29.5,"[1, 1, 1, 1, 1, 1]",63.62533016539161,42.3601538,-71.0932867,3,-22.45
1774902969.7410426,"[0, 0, 0, 0, 0, 0]","[1291, 1500, 1500, 1500]","[-25.08, 0.0, 0.0, 0.0]","[-0.36391865234375, 2.50912333984375, 10.2249649140625]",0,3770.098876953125,0,31.226616592407225,"[0.0, 3.44848632756, 6.5612792958]","[0, 0, 0]",0,3,0.0,0.0,3.771,0,0,0,4294967.295,3750042.112,0,92858,0,42.83006286621094,52.86357116699219,-0.3958393633365631,0,state.APOGEE,1447,-27,0,-28,0.0009856013348326087,4713,4713,"[10.4, 0.5, 17.6, 10.6, 15.9, 16.5, 0, 0]","[3.646, 3.647, 3.647]",0.262,"[2.9936000000000003, 3.3120000000000003, 5.0048, 7.3664000000000005, 8.4464, 27.8272]","[0.03875, 0.629375, 0.001875, 0.000625, 0.0, 0.00125]",0,0,29.5,"[1, 1, 1, 1, 1, 1]",63.72062697626679,42.3601538,-71.0932867,3,-22.45
1774902969.805553,"[0, 0, 0, 0, 0, 0]","[1291, 1500, 1500, 1500]","[-25.08, 0.0, 0.0, 0.0]","[-0.37770925390624993, 2.51372020703125, 10.22726334765625]",0,3767.758056640625,0,31.230988540649413,"[0.0, -0.27465820308, -7.5988769518799995]","[0, 0, 0]",0,3,0.0,0.0,3.771,0,0,0,4294967.295,3750042.112,0,92918,0,42.902034759521484,52.86784362792969,-0.3958393633365631,0,state.APOGEE,1448,-27,0,-28,0.0009854956297203898,4713,4713,"[10.6, 0.5, 16.5, 10.8, 15.9, 16.5, 0, 0]","[3.646, 3.647, 3.647]",0.262,"[2.9936000000000003, 3.3120000000000003, 5.0048, 7.3664000000000005, 8.4464, 27.8272]","[0.03875, 0.629375, 0.001875, 0.000625, 0.0, 0.00125]",0,0,29.5,"[1, 1, 1, 1, 1, 1]",63.75637007344665,42.3601536,-71.0932866,3,-22.39
1774902969.8552215,"[0, 0, 0, 0, 0, 0]","[1291, 1500, 1500, 1500]","[-25.08, 0.0, 0.0, 0.0]","[-0.36468479687499994, 2.53057538671875, 10.216537324218748]",0,3765.419189453125,0,31.230988540649413,"[0.0, -7.9650878893199994, 0.06103515624]","[0, 0, 0]",0,3,0.0,0.0,3.766,0,0,0,4294967.295,3750042.112,0,92972,0,42.964202880859375,53.17898941040039,-0.3958393633365631,0,state.APOGEE,1449,-28,0,-28,0.000984601560048759,4713,4713,"[10.4, 0.5, 15.9, 10.8, 16.5, 16.5, 0, 0]","[3.646, 3.647, 3.647]",0.262,"[2.9952, 3.3104, 5.0032000000000005, 7.36, 8.464, 27.824]","[0.035625000000000004, 0.251875, -0.004375, -0.004375, -0.003125, -0.000625]",0,0,29.5,"[1, 1, 1, 1, 1, 1]",63.98744235786663,42.360152899999996,-71.0932864,3,-22.379
1774902969.9152231,"[0, 0, 0, 0, 0, 0]","[1291, 1500, 1500, 1500]","[-25.08, 0.0, 0.0, 0.0]","[-0.3662170859375, 2.5006957499999998, 10.2188357578125]",0,3763.0810546875,0,31.23973243713379,"[0.0, -1.6784667966, 13.45825195092]","[0, 0, 0]",0,3,0.0,0.0,3.763,0,0,0,4294967.295,3750042.112,0,93032,0,43.17780685424805,53.42621994018555,-0.3958393633365631,0,state.APOGEE,1450,-28,0,-29,0.0009841016726568341,4713,4713,"[10.4, 0.5, 16.5, 10.4, 15.5, 15.5, 0, 0]","[3.646, 3.647, 3.647]",0.262,"[2.9952, 3.3104, 5.0032000000000005, 7.36, 8.464, 27.824]","[0.035625000000000004, 0.251875, -0.004375, -0.004375, -0.003125, -0.000625]",0,0,29.5,"[1, 1, 1, 1, 1, 1]",64.24528793880387,42.360152899999996,-71.0932864,3,-22.379
1774902969.975741,"[0, 0, 0, 0, 0, 0]","[1291, 1500, 1500, 1500]","[-25.08, 0.0, 0.0, 0.0]","[-0.36851551953124995, 2.5060587617187498, 10.221900335937498]",0,3760.74365234375,0,31.21787269592285,"[0.0, -0.4577636718, -1.43432617164]","[0, 0, 0]",0,3,0.0,0.0,3.763,0,0,0,4294967.295,3750042.112,0,93092,0,43.144535064697266,53.398765563964844,-0.3958393633365631,0,state.APOGEE,1451,-28,0,-29,0.0009836000390350819,4713,4713,"[10.4, 0.5, 15.9, 10.4, 15.9, 16.5, 0, 0]","[3.646, 3.647, 3.647]",0.262,"[2.9968000000000004, 3.3120000000000003, 5.0048, 7.3664000000000005, 8.4528, 27.8272]","[0.035625000000000004, 0.251875, -0.0025, -0.000625, -0.000625, -0.00375]",0,0,29.5,"[1, 1, 1, 1, 1, 1]",64.21236781795511,42.3601527,-71.09328649999999,3,-22.338
1774902970.0387468,"[0, 0, 0, 0, 0, 0]","[1291, 1500, 1500, 1500]","[-25.08, 0.0, 0.0, 0.0]","[-0.34706347265625, 2.5045264726562495, 10.22266648046875]",0,3758.406494140625,0,31.226616592407225,"[0.0, -7.9650878893199994, -7.5988769518799995]","[0, 0, 0]",0,3,0.0,0.0,3.759,0,0,0,4294967.295,3750042.112,0,93152,0,43.360313415527344,53.41279220581055,-0.3958393633365631,0,state.APOGEE,1452,-28,0,-29,0.0009830016642808914,4713,4713,"[10.2, 0.5, 17.0, 10.8, 15.0, 17.0, 0, 0]","[3.646, 3.647, 3.647]",0.262,"[2.9952, 3.3104, 5.0032000000000005, 7.3632, 8.427200000000001, 27.8272]","[0.034375, 0.238125, -0.000625, 0.000625, 0.0, -0.003125]",0,0,29.5,"[1, 1, 1, 1, 1, 1]",64.31932028122273,42.3601527,-71.09328649999999,3,-22.338
1774902970.089256,"[0, 0, 0, 0, 0, 0]","[1291, 1500, 1500, 1500]","[-25.08, 0.0, 0.0, 0.0]","[-0.35625720703125, 2.5428336992187495, 10.214238890625]",0,3756.458740234375,0,31.213500747680666,"[0.0, 3.69262695252, -10.74218749824]","[0, 0, 0]",0,3,0.0,0.0,3.759,0,0,0,4294967.295,3750042.112,0,93206,0,43.422664642333984,53.40135192871094,-0.3958393633365631,0,state.APOGEE,1453,-28,0,-29,0.0009826000314205885,4713,4713,"[10.6, 0.5, 15.9, 10.6, 15.9, 16.5, 0, 0]","[3.646, 3.647, 3.647]",0.262,"[2.9952, 3.3104, 5.0032000000000005, 7.3632, 8.427200000000001, 27.8272]","[0.034375, 0.238125, -0.000625, 0.000625, 0.0, -0.003125]",0,0,29.5,"[1, 1, 1, 1, 1, 1]",64.34024524878866,42.3601521,-71.0932871,3,-22.433
1774902970.1527708,"[0, 0, 0, 0, 0, 0]","[1291, 1500, 1500, 1500]","[-25.08, 0.0, 0.0, 0.0]","[-0.36545094140624995, 2.503760328125, 10.238755515624998]",0,3754.12158203125,0,31.244104385375977,"[0.0, 0.70190429676, 5.2795410147599995]","[0, 0, 0]",0,3,0.0,0.0,3.755,0,0,0,4294967.295,3750042.112,0,93266,0,43.076202392578125,53.42333984375,-0.3958393633365631,0,state.APOGEE,1454,-28,0,-29,0.0009819017723202705,4713,4713,"[10.6, 0.5, 15.9, 10.8, 17.0, 17.0, 0, 0]","[3.646, 3.647, 3.647]",0.262,"[2.9968000000000004, 3.3120000000000003, 5.0016, 7.3616, 8.4608, 27.822400000000002]","[0.03375, 0.25, -0.0025, -0.003125, 0.0025, -0.001875]",0,0,29.5,"[1, 1, 1, 1, 1, 1]",64.19745027917098,42.3601508,-71.0932878,3,-22.464
1774902970.209779,"[0, 0, 0, 0, 0, 0]","[1291, 1500, 1500, 1500]","[-25.08, 0.0, 0.0, 0.0]","[-0.34859576171874995, 2.5328738203125, 10.202746722656249]",0,3751.784423828125,0,31.248476333618164,"[0.0, -0.09155273436, 1.73950195284]","[0, 0, 0]",0,3,0.0,0.0,3.751,0,0,0,4294967.295,3750042.112,0,93326,0,43.1210823059082,53.402591705322266,-0.3958393633365631,0,state.APOGEE,1455,-28,0,-29,0.000981598161160946,4713,4713,"[10.4, 0.5, 17.0, 10.6, 15.9, 17.0, 0, 0]","[3.646, 3.647, 3.647]",0.262,"[2.9968000000000004, 3.3120000000000003, 5.0016, 7.3616, 8.4608, 27.822400000000002]","[0.03375, 0.25, -0.0025, -0.003125, 0.0025, -0.001875]",0,0,29.5,"[1, 1, 1, 1, 1, 1]",64.20423977941506,42.3601508,-71.0932878,3,-22.464
1774902970.272806,"[0, 0, 0, 0, 0, 0]","[1291, 1500, 1500, 1500]","[-25.08, 0.0, 0.0, 0.0]","[-0.36545094140624995, 2.4991634609374995, 10.237989371093748]",0,3749.447021484375,0,31.248476333618164,"[0.0, -10.71166992012, -3.87573242124]","[0, 0, 0]",0,3,0.0,0.0,3.751,0,0,0,4294967.295,3750042.112,0,93386,0,43.13145446777344,53.735843658447266,-0.3958393633365631,0,state.APOGEE,1456,-28,0,-29,0.000981000019237399,4713,4713,"[10.4, 0.5, 16.5, 10.4, 15.5, 16.5, 0, 0]","[3.646, 3.647, 3.647]",0.262,"[2.9952, 3.3104, 5.0048, 7.3664000000000005, 8.4656, 27.8288]","[0.031875, 0.6225, 0.000625, -0.0025, 0.003125, -0.004375]",0,0,29.5,"[1, 1, 1, 1, 1, 1]",64.42605953657628,42.3601495,-71.0932897,3,-22.421
1774902970.3238049,"[0, 0, 0, 0, 0, 0]","[1291, 1500, 1500, 1500]","[-25.08, 0.0, 0.0, 0.0]","[-0.35472491796875, 2.5481967109375, 10.201980578125]",0,3747.500244140625,0,31.21787269592285,"[0.0, 3.69262695252, 8.63647460796]","[0, 0, 0]",0,3,0.0,0.0,3.747,0,0,0,4294967.295,3750042.112,0,93440,0,43.201019287109375,53.77237319946289,-0.3958393633365631,0,state.APOGEE,1457,-28,0,-29,0.0009805000154301524,4713,4713,"[10.8, 0.5, 16.5, 10.6, 16.5, 15.9, 0, 0]","[3.646, 3.647, 3.647]",0.262,"[2.9952, 3.3104, 5.0048, 7.3664000000000005, 8.4656, 27.8288]","[0.031875, 0.6225, 0.000625, -0.0025, 0.003125, -0.004375]",0,0,29.5,"[1, 1, 1, 1, 1, 1]",64.48106254868699,42.3601495,-71.0932897,3,-22.421
1774902970.3877718,"[0, 0, 0, 0, 0, 0]","[1291, 1500, 1500, 1500]","[-25.08, 0.0, 0.0, 0.0]","[-0.38230612109375, 2.48230828125, 10.233392503906249]",0,3745.164794921875,0,31.226616592407225,"[0.0, 8.81958007668, 16.6320800754]","[0, 0, 0]",0,3,0.0,0.0,3.747,0,0,0,4294967.295,3750042.112,0,93500,0,43.19304656982422,53.68450164794922,-0.3958393633365631,0,state.APOGEE,1458,-28,0,-29,0.0009800000116229057,4713,4713,"[10.6, 0.5, 15.9, 10.4, 15.5, 16.5, 0, 0]","[3.646, 3.647, 3.647]",0.262,"[2.9968000000000004, 3.3120000000000003, 5.0032000000000005, 7.3616, 8.456000000000001, 27.8256]","[0.031875, 0.576875, 0.001875, 0.003125, -0.004375, 0.0]",0,0,29.5,"[1, 1, 1, 1, 1, 1]",64.42024083033884,42.360149299999996,-71.0932904,3,-22.425
1774902970.4472759,"[0, 0, 0, 0, 0, 0]","[1291, 1500, 1500, 1500]","[-25.08, 0.0, 0.0, 0.0]","[-0.35012805078125, 2.54359984375, 10.215005035156251]",0,3742.82958984375,0,31.244104385375977,"[0.0, -0.21362304684, -6.07299804588]","[0, 0, 0]",0,3,0.0,0.0,3.743,0,0,0,4294967.295,3750042.112,0,93560,0,43.064544677734375,53.77669906616211,-0.3958393633365631,0,state.APOGEE,1459,-28,0,-29,0.0009794000070542097,4713,4713,"[10.6, 0.5, 16.5, 10.4, 16.5, 17.0, 0, 0]","[3.646, 3.647, 3.647]",0.262,"[2.9968000000000004, 3.3120000000000003, 5.0032000000000005, 7.3616, 8.456000000000001, 27.8256]","[0.031875, 0.576875, 0.001875, 0.003125, -0.004375, 0.0]",0,0,29.5,"[1, 1, 1, 1, 1, 1]",64.42276863358762,42.360149299999996,-71.0932904,3,-22.425
1774902970.5092804,"[0, 0, 0, 0, 0, 0]","[1291, 1500, 1500, 1500]","[-25.08, 0.0, 0.0, 0.0]","[-0.38383841015625, 2.50682490625, 10.2341586484375]",0,3740.494140625,0,31.248476333618164,"[0.0, -9.55200195156, -5.70678710844]","[0, 0, 0]",0,3,0.0,0.0,3.743,0,0,0,4294967.295,3750042.112,0,93620,0,42.972660064697266,53.93728256225586,-0.3958393633365631,0,state.APOGEE,1460,-28,0,-29,0.0009791915072128177,4713,4713,"[10.2, 0.5, 17.0, 10.6, 15.9, 15.9, 0, 0]","[3.646, 3.647, 3.647]",0.262,"[2.9952, 3.3056, 5.0032000000000005, 7.3632, 8.4624, 27.8304]","[0.03375, 0.591875, 0.003125, 0.00375, -0.001875, -0.00125]",0,0,29.5,"[1, 1, 1, 1, 1, 1]",64.48687465712919,42.36015,-71.0932897,3,-22.521
1774902970.5577943,"[0, 0, 0, 0, 0, 0]","[1291, 1500, 1500, 1500]","[-25.08, 0.0, 0.0, 0.0]","[-0.3478296171875, 2.52291394140625, 10.232626359374999]",0,3738.15869140625,0,31.244104385375977,"[0.0, 3.44848632756, -11.1389160138]","[0, 0, 0]",0,3,0.0,0.0,3.739,0,0,0,4294967.295,3750042.112,0,93674,0,42.91693878173828,53.987491607666016,-0.3958393633365631,0,state.APOGEE,1461,-29,0,-29,0.0009783977875486016,4713,4713,"[10.4, 0.5, 17.0, 10.6, 15.9, 17.0, 0, 0]","[3.646, 3.647, 3.647]",0.262,"[2.9952, 3.3056, 5.0032000000000005, 7.3632, 8.4624, 27.8304]","[0.03375, 0.591875, 0.003125, 0.00375, -0.001875, -0.00125]",0,0,29.5,"[1, 1, 1, 1, 1, 1]",64.49505851252609,42.360149799999995,-71.093289,3,-22.54
1774902970.620796,"[0, 0, 0, 0, 0, 0]","[1291, 1500, 1500, 1500]","[-25.08, 0.0, 0.0, 0.0]","[-0.3570233515625, 2.5198493632812498, 10.23032792578125]",0,3735.82421875,0,31.244104385375977,"[0.0, 2.47192382772, 2.1362304684]","[0, 0, 0]",0,3,0.0,0.0,3.736,0,0,0,4294967.295,3750042.112,0,93734,0,42.9004020690918,54.044864654541016,-0.3958393633365631,0,state.APOGEE,1462,-28,0,-29,0.0009776022052392364,4713,4713,"[10.4, 0.5, 17.0, 10.6, 15.5, 17.6, 0, 0]","[3.646, 3.647, 3.647]",0.262,"[2.9952, 3.3152000000000004, 5.0016, 7.368, 8.4304, 27.8256]","[0.03375, 0.225, -0.0025, 0.00125, 0.00125, 0.000625]",0,0,29.5,"[1, 1, 1, 1, 1, 1]",64.52540053730277,42.360149799999995,-71.093289,3,-22.54
1774902970.681306,"[0, 0, 0, 0, 0, 0]","[1291, 1500, 1500, 1500]","[-25.08, 0.0, 0.0, 0.0]","[-0.35242648437499996, 2.5198493632812498, 10.23032792578125]",0,3733.49072265625,0,31.222244644165038,"[0.0, -5.7678222646799995, 9.0026855454]","[0, 0, 0]",0,3,0.0,0.0,3.736,0,0,0,4294967.295,3750042.112,0,93794,0,42.82415771484375,54.26948165893555,-0.3958393633365631,0,state.APOGEE,1463,-28,0,-29,0.00097739533521235,4713,4713,"[10.4, 0.5, 17.0, 10.4, 15.5, 17.0, 0, 0]","[3.646, 3.647, 3.647]",0.262,"[2.9952, 3.3152000000000004, 5.0016, 7.368, 8.4304, 27.8256]","[0.03375, 0.225, -0.0025, 0.00125, 0.00125, 0.000625]",0,0,29.5,"[1, 1, 1, 1, 1, 1]",64.63954241535555,42.3601496,-71.0932888,3,-22.443
1774902970.737816,"[0, 0, 0, 0, 0, 0]","[1291, 1500, 1500, 1500]","[-25.08, 0.0, 0.0, 0.0]","[-0.35932178515625, 2.528276953125, 10.2188357578125]",0,3731.156982421875,0,31.248476333618164,"[0.0, -7.5988769518799995, -3.29589843696]","[0, 0, 0]",0,3,0.0,0.0,3.732,0,0,0,4294967.295,3750042.112,0,93854,0,42.8275146484375,54.536808013916016,-0.3958393633365631,0,state.APOGEE,1464,-28,0,-29,0.0009765999857336283,4713,4713,"[10.4, 0.5, 17.0, 10.4, 15.9, 16.5, 0, 0]","[3.646, 3.647, 3.647]",0.262,"[2.9968000000000004, 3.3088, 5.0048, 7.3632, 8.4464, 27.8288]","[0.035, 0.21125, -0.001875, -0.0025, -0.00375, 0.00125]",0,0,29.5,"[1, 1, 1, 1, 1, 1]",64.81730946636114,42.3601496,-71.0932888,3,-22.443
1774902970.7913299,"[0, 0, 0, 0, 0, 0]","[1291, 1500, 1500, 1500]","[-25.08, 0.0, 0.0, 0.0]","[-0.35625720703125, 2.5183170742187495, 10.23032792578125]",0,3729.21240234375,0,31.244104385375977,"[0.0, -4.4250488273999995, 25.39062499584]","[0, 0, 0]",0,3,0.0,0.0,3.732,0,0,0,4294967.295,3750042.112,0,93908,0,43.14570999145508,54.77305603027344,-0.3958393633365631,0,state.APOGEE,1465,-28,0,-29,0.0009761975961737335,4713,4713,"[10.2, 0.5, 15.9, 10.2, 15.9, 17.0, 0, 0]","[3.646, 3.647, 3.647]",0.262,"[2.9952, 3.3136, 5.0064, 7.368, 8.4304, 27.8256]","[0.036875, 0.243125, 0.0, -0.005, -0.00625, 0.000625]",0,0,29.5,"[1, 1, 1, 1, 1, 1]",65.11141442194571,42.3601494,-71.0932922,3,-21.948
1774902970.8525393,"[0, 0, 0, 0, 0, 0]","[1291, 1500, 1500, 1500]","[-25.08, 0.0, 0.0, 0.0]","[-0.35778949609375, 2.5443659882812497, 10.221134191406248]",0,3726.87890625,0,31.270336074829103,"[0.0, -8.20922851428, -4.60815429612]","[0, 0, 0]",0,3,0.0,0.0,3.728,0,0,0,4294967.295,3750042.112,0,93968,0,43.256805419921875,55.02583312988281,-0.3958393633365631,0,state.APOGEE,1466,-28,0,-29,0.0009756000363267958,4713,4713,"[10.4, 0.5, 17.6, 10.8, 15.5, 16.5, 0, 0]","[3.646, 3.647, 3.647]",0.262,"[2.9952, 3.3136, 5.0064, 7.368, 8.4304, 27.8256]","[0.036875, 0.243125, 0.0, -0.005, -0.00625, 0.000625]",0,0,29.5,"[1, 1, 1, 1, 1, 1]",65.32562450887737,42.360149799999995,-71.0932904,3,-21.926
1774902970.9125357,"[0, 0, 0, 0, 0, 0]","[1291, 1500, 1500, 1500]","[-25.08, 0.0, 0.0, 0.0]","[-0.3784753984375, 2.4623885234375, 10.25331226171875]",0,3724.5458984375,0,31.25722023010254,"[0.0, 2.288818359, -6.43920898332]","[0, 0, 0]",0,3,0.0,0.0,3.724,0,0,0,4294967.295,3750042.112,0,94028,0,43.08987045288086,54.89095687866211,-0.3958393633365631,0,state.APOGEE,1467,-28,0,-227,0.0009750024764798582,4713,4713,"[10.8, 0.5, 16.5, 10.6, 15.9, 16.5, 0, 0]","[3.646, 3.647, 3.647]",0.262,"[2.9952, 3.3136, 5.0032000000000005, 7.3632, 8.440000000000001, 27.8256]","[0.035625000000000004, 0.254375, -0.003125, -0.0075, -0.004375, 0.0]",0,0,29.5,"[1, 1, 1, 1, 1, 1]",65.1647247421503,42.360149799999995,-71.0932904,3,-21.926
1774902970.9730542,"[0, 0, 0, 0, 0, 0]","[1291, 1500, 1500, 1500]","[-25.08, 0.0, 0.0, 0.0]","[-0.3508941953125, 2.56581803515625, 10.216537324218748]",0,3722.214111328125,0,31.209128799438478,"[0.0, -5.21850585852, -13.18359374784]","[0, 0, 0]",0,3,0.0,0.0,3.724,0,0,0,4294967.295,3750042.112,0,94088,0,43.04433822631836,55.04537582397461,-0.3958393633365631,0,state.APOGEE,1468,-28,0,-29,0.0009745000279508531,4713,4713,"[10.6, 0.5, 16.5, 10.6, 16.5, 16.5, 0, 0]","[3.646, 3.647, 3.647]",0.262,"[2.9952, 3.3136, 5.0032000000000005, 7.3632, 8.440000000000001, 27.8256]","[0.035625000000000004, 0.254375, -0.003125, -0.0075, -0.004375, 0.0]",0,0,29.5,"[1, 1, 1, 1, 1, 1]",65.24681816775106,42.36015,-71.0932888,3,-21.888
1774902971.030052,"[0, 0, 0, 0, 0, 0]","[1291, 1500, 1500, 1500]","[-25.08, 0.0, 0.0, 0.0]","[-0.376943109375, 2.49992960546875, 10.23492479296875]",0,3719.88232421875,0,31.25722023010254,"[0.0, -5.7678222646799995, 12.17651366988]","[0, 0, 0]",0,3,0.0,0.0,3.72,0,0,0,4294967.295,3750042.112,0,94142,0,43.256534576416016,55.151702880859375,-0.3958393633365631,0,state.APOGEE,1469,-28,0,-29,0.0009739000233821571,4713,4713,"[10.4, 0.5, 17.0, 11.1, 16.5, 17.0, 0, 0]","[3.646, 3.647, 3.647]",0.262,"[2.9952, 3.3088, 5.0032000000000005, 7.3584000000000005, 8.427200000000001, 27.8272]","[0.03625, 0.58875, 0.005, -0.000625, -0.000625, -0.0025]",0,0,29.5,"[1, 1, 1, 1, 1, 1]",65.40820650822388,42.36015,-71.0932888,3,-21.888
1774902971.0875778,"[0, 0, 0, 0, 0, 0]","[1291, 1500, 1500, 1500]","[-25.08, 0.0, 0.0, 0.0]","[-0.35242648437499996, 2.5267446640624995, 10.2127066015625]",0,3717.550537109375,0,31.226616592407225,"[0.0, -10.71166992012, -5.340576171]","[0, 0, 0]",0,3,0.0,0.0,3.72,0,0,0,4294967.295,3750042.112,0,94202,0,43.065799713134766,55.358612060546875,-0.3958393633365631,0,state.APOGEE,1470,-28,0,-29,0.0009732999606058002,4713,4713,"[10.2, 0.5, 16.5, 10.6, 15.9, 16.5, 0, 0]","[3.646, 3.647, 3.647]",0.262,"[2.9952, 3.3088, 5.0032000000000005, 7.3584000000000005, 8.427200000000001, 27.8272]","[0.03625, 0.58875, 0.005, -0.000625, -0.000625, -0.0025]",0,0,29.5,"[1, 1, 1, 1, 1, 1]",65.46280432205546,42.3601508,-71.09328789999999,3,-21.839
1774902971.1490927,"[0, 0, 0, 0, 0, 0]","[1291, 1500, 1500, 1500]","[-25.08, 0.0, 0.0, 0.0]","[-0.35549106249999995, 2.5114217734374997, 10.2372232265625]",0,3715.21875,0,31.2353604888916,"[0.0, -0.09155273436, -0.09155273436]","[0, 0, 0]",0,3,0.0,0.0,3.716,0,0,0,4294967.295,3750042.112,0,94262,0,43.08470916748047,55.41842269897461,-0.3958393633365631,0,state.APOGEE,1471,-28,0,-29,0.0009728000732138753,4713,4713,"[10.2, 0.5, 15.9, 10.2, 15.5, 16.5, 0, 0]","[3.646, 3.647, 3.647]",0.262,"[2.9904, 3.3104, 5.0032000000000005, 7.3664000000000005, 8.4336, 27.8272]","[0.035625000000000004, 0.60875, 0.005, -0.000625, 0.0, 0.0025]",0,0,29.5,"[1, 1, 1, 1, 1, 1]",65.51038570915186,42.3601501,-71.0932875,3,-21.671
1774902971.2050974,"[0, 0, 0, 0, 0, 0]","[1291, 1500, 1500, 1500]","[-25.08, 0.0, 0.0, 0.0]","[-0.36391865234375, 2.5359383984375, 10.21730346875]",0,3712.8876953125,0,31.252848281860352,"[0.0, -2.83813476516, -2.53295898396]","[0, 0, 0]",0,3,0.0,0.0,3.716,0,0,0,4294967.295,3750042.112,0,94322,0,42.842369079589844,55.537452697753906,-0.3958393633365631,0,state.APOGEE,1472,-27,0,-29,0.000972591747995466,4713,4713,"[10.2, 0.5, 16.5, 10.6, 15.9, 15.9, 0, 0]","[3.646, 3.647, 3.647]",0.262,"[2.9904, 3.3104, 5.0032000000000005, 7.3664000000000005, 8.4336, 27.8272]","[0.035625000000000004, 0.60875, 0.005, -0.000625, 0.0, 0.0025]",0,0,29.5,"[1, 1, 1, 1, 1, 1]",65.48638941646564,42.3601501,-71.0932875,3,-21.671
1774902971.2641206,"[0, 0, 0, 0, 0, 0]","[1291, 1500, 1500, 1500]","[-25.08, 0.0, 0.0, 0.0]","[-0.3754108203125, 2.48460671484375, 10.2356909375]",0,3710.946044921875,0,31.244104385375977,"[0.0, -7.7819824206, 6.19506835836]","[0, 0, 0]",0,3,0.0,0.0,3.712,0,0,0,4294967.295,3750042.112,0,94376,0,42.88671875,55.584774017333984,-0.3958393633365631,0,state.APOGEE,1473,-28,0,-29,0.000971800007391721,4713,4713,"[10.6, 0.5, 15.9, 10.8, 15.9, 16.5, 0, 0]","[3.646, 3.647, 3.647]",0.262,"[2.9952, 3.3104, 5.0032000000000005, 7.3616, 8.432, 27.8256]","[0.034375, 0.566875, 0.0, -0.00125, -0.0025, 0.00125]",0,0,29.5,"[1, 1, 1, 1, 1, 1]",65.5365708688261,42.3601506,-71.0932864,3,-21.628
1774902971.3211217,"[0, 0, 0, 0, 0, 0]","[1291, 1500, 1500, 1500]","[-25.08, 0.0, 0.0, 0.0]","[-0.36085407421875, 2.5842055039062495, 10.20887587890625]",0,3708.6162109375,0,31.248476333618164,"[0.0, -5.4016113272399995, 6.19506835836]","[0, 0, 0]",0,3,0.0,0.0,3.709,0,0,0,4294967.295,3750042.112,0,94436,0,42.87118911743164,55.673831939697266,-0.3958393633365631,0,state.APOGEE,1474,-28,0,-29,0.0009712028549984097,4713,4713,"[10.6, 0.5, 17.0, 10.4, 15.9, 17.0, 0, 0]","[3.646, 3.647, 3.647]",0.262,"[2.9952, 3.3104, 5.0032000000000005, 7.3616, 8.432, 27.8256]","[0.034375, 0.566875, 0.0, -0.00125, -0.0025, 0.00125]",0,0,29.5,"[1, 1, 1, 1, 1, 1]",65.58918523345665,42.3601506,-71.0932864,3,-21.628
1774902971.380235,"[0, 0, 0, 0, 0, 0]","[1291, 1500, 1500, 1500]","[-25.08, 0.0, 0.0, 0.0]","[-0.36162021874999994, 2.4654531015625, 10.226497203124998]",0,3706.286376953125,0,31.244104385375977,"[0.0, -4.1809082024399995, -14.495849607]","[0, 0, 0]",0,3,0.0,0.0,3.709,0,0,0,4294967.295,3750042.112,0,94496,0,42.87453842163086,55.82398986816406,-0.3958393633365631,0,state.APOGEE,1475,-28,0,-29,0.0009706999990157783,4713,4713,"[10.6, 0.5, 16.5, 10.4, 16.5, 16.5, 0, 0]","[3.646, 3.647, 3.647]",0.262,"[2.9952, 3.3120000000000003, 5.0048, 7.3632, 8.4656, 27.824]","[0.035625000000000004, 0.213125, -0.003125, -0.00125, 0.004375, 0.0]",0,0,29.5,"[1, 1, 1, 1, 1, 1]",65.69044411279316,42.3601507,-71.0932849,3,-21.609
1774902971.4392374,"[0, 0, 0, 0, 0, 0]","[1291, 1500, 1500, 1500]","[-25.08, 0.0, 0.0, 0.0]","[-0.36468479687499994, 2.5075910507812496, 10.23032792578125]",0,3703.956298828125,0,31.270336074829103,"[0.0, 4.1198730462, -2.8991699214]","[0, 0, 0]",0,3,0.0,0.0,3.705,0,0,0,4294967.295,3750042.112,0,94556,0,42.79275131225586,55.7159423828125,-0.3958393633365631,0,state.APOGEE,1476,-28,0,-29,0.0009702969691716135,4713,4713,"[10.6, 0.5, 15.0, 10.8, 16.5, 16.5, 0, 0]","[3.646, 3.647, 3.647]",0.262,"[2.9968000000000004, 3.3120000000000003, 5.0048, 7.368, 8.4304, 27.8256]","[0.035, 0.208125, -0.005, -0.006875, -0.003125, -0.00375]",0,0,29.5,"[1, 1, 1, 1, 1, 1]",65.58419424326647,42.3601507,-71.0932849,3,-21.609
1774902971.4957542,"[0, 0, 0, 0, 0, 0]","[1291, 1500, 1500, 1500]","[-25.08, 0.0, 0.0, 0.0]","[-0.36238636328125, 2.54359984375, 10.216537324218748]",0,3702.0146484375,0,31.252848281860352,"[0.0, -5.21850585852, -1.0681152342]","[0, 0, 0]",0,3,0.0,0.0,3.705,0,0,0,4294967.295,3750042.112,0,94610,0,42.51845169067383,55.6807861328125,-0.3958393633365631,0,state.APOGEE,1477,-29,0,-29,0.0009696999914012849,4713,4713,"[10.2, 0.5, 16.5, 10.6, 15.5, 17.6, 0, 0]","[3.646, 3.647, 3.647]",0.262,"[2.9968000000000004, 3.3120000000000003, 5.0048, 7.368, 8.4304, 27.8256]","[0.035, 0.208125, -0.005, -0.006875, -0.003125, -0.00375]",0,0,29.5,"[1, 1, 1, 1, 1, 1]",65.44563190096277,42.3601509,-71.0932844,3,-21.552
1774902971.5532656,"[0, 0, 0, 0, 0, 0]","[1291, 1500, 1500, 1500]","[-25.08, 0.0, 0.0, 0.0]","[-0.36315250781249997, 2.491502015625, 10.231860214843751]",0,3699.686767578125,0,31.252848281860352,"[0.0, -2.47192382772, 2.288818359]","[0, 0, 0]",0,3,0.0,0.0,3.701,0,0,0,4294967.295,3750042.112,0,94670,0,42.566654205322266,55.978668212890625,-0.3958393633365631,0,state.APOGEE,1478,-28,0,-29,0.0009691999875940382,4713,4713,"[10.6, 0.5, 17.0, 10.6, 15.9, 17.0, 0, 0]","[3.646, 3.647, 3.647]",0.262,"[2.9952, 3.3136, 5.0032000000000005, 7.3616, 8.4448, 27.8256]","[0.04, 0.233125, -0.004375, -0.004375, -0.000625, -0.00375]",0,0,29.5,"[1, 1, 1, 1, 1, 1]",65.66520409344304,42.3601508,-71.0932835,3,-21.53
1774902971.6132643,"[0, 0, 0, 0, 0, 0]","[1291, 1500, 1500, 1500]","[-25.08, 0.0, 0.0, 0.0]","[-0.37924154296875, 2.4869051484374998, 10.232626359374999]",0,3697.358642578125,0,31.274708023071287,"[0.0, -0.09155273436, 6.95800781136]","[0, 0, 0]",0,3,0.0,0.0,3.697,0,0,0,4294967.295,3750042.112,0,94730,0,42.738155364990234,56.028099060058594,-0.3958393633365631,0,state.APOGEE,1479,-28,0,-29,0.0009684062679298222,4713,4713,"[10.4, 0.5, 15.9, 10.4, 16.5, 15.9, 0, 0]","[3.646, 3.647, 3.647]",0.262,"[2.9952, 3.3136, 5.0032000000000005, 7.3616, 8.4448, 27.8256]","[0.04, 0.233125, -0.004375, -0.004375, -0.000625, -0.00375]",0,0,29.5,"[1, 1, 1, 1, 1, 1]",65.76954955346673,42.3601508,-71.0932835,3,-21.53
1774902971.6737826,"[0, 0, 0, 0, 0, 0]","[1291, 1500, 1500, 1500]","[-25.08, 0.0, 0.0, 0.0]","[-0.3754108203125, 2.52751080859375, 10.215005035156251]",0,3695.030517578125,0,31.248476333618164,"[0.0, 8.45336913924, 13.30566406032]","[0, 0, 0]",0,3,0.0,0.0,3.697,0,0,0,4294967.295,3750042.112,0,94790,0,43.20231246948242,55.87242889404297,-0.3958393633365631,0,state.APOGEE,1480,-28,0,-29,0.0009679031791165471,4713,4713,"[10.6, 0.5, 17.0, 10.6, 15.9, 16.5, 0, 0]","[3.646, 3.647, 3.647]",0.262,"[2.9936000000000003, 3.3136, 5.0032000000000005, 7.368, 8.4464, 27.8256]","[0.031875, 0.263125, -0.006875, -0.00375, -0.00625, -0.00125]",0,0,29.5,"[1, 1, 1, 1, 1, 1]",65.86028118834759,42.3601506,-71.0932828,3,-21.545
1774902971.728304,"[0, 0, 0, 0, 0, 0]","[1291, 1500, 1500, 1500]","[-25.08, 0.0, 0.0, 0.0]","[-0.37770925390624993, 2.5045264726562495, 10.19661756640625]",0,3692.702392578125,0,31.244104385375977,"[0.0, 8.14819335804, -4.60815429612]","[0, 0, 0]",0,3,0.0,0.0,3.693,0,0,0,4294967.295,3750042.112,0,94844,0,43.23887634277344,55.83171081542969,-0.3958393633365631,0,state.APOGEE,1481,-29,0,-29,0.0009674967732280493,4713,4713,"[10.6, 0.5, 16.5, 10.8, 15.9, 15.9, 0, 0]","[3.646, 3.647, 3.647]",0.262,"[2.9936000000000003, 3.3136, 5.0032000000000005, 7.368, 8.4464, 27.8256]","[0.031875, 0.263125, -0.006875, -0.00375, -0.00625, -0.00125]",0,0,29.5,"[1, 1, 1, 1, 1, 1]",65.84877325913563,42.3601506,-71.0932828,3,-21.545
1774902971.789828,"[0, 0, 0, 0, 0, 0]","[1291, 1500, 1500, 1500]","[-25.08, 0.0, 0.0, 0.0]","[-0.38537069921875, 2.52751080859375, 10.22266648046875]",0,3690.374267578125,0,31.244104385375977,"[0.0, 4.0588378899599995, 10.5285644514]","[0, 0, 0]",0,3,0.0,0.0,3.693,0,0,0,4294967.295,3750042.112,0,94904,0,43.2578239440918,55.829864501953125,-0.3958393633365631,0,state.APOGEE,1482,-29,0,-30,0.000967093394137919,4713,4713,"[10.8, 0.5, 16.5, 10.8, 16.5, 16.5, 0, 0]","[3.646, 3.647, 3.647]",0.262,"[2.9952, 3.3120000000000003, 5.0032000000000005, 7.3616, 8.4304, 27.824]","[0.033125, 0.280625, 0.000625, 0.00125, -0.004375, -0.000625]",0,0,29.5,"[1, 1, 1, 1, 1, 1]",65.85554438022265,42.360150499999996,-71.09328359999999,3,-21.525
1774902971.8473392,"[0, 0, 0, 0, 0, 0]","[1291, 1500, 1500, 1500]","[-25.08, 0.0, 0.0, 0.0]","[-0.36315250781249997, 2.5236800859374995, 10.231860214843751]",0,3688.046142578125,0,31.25722023010254,"[0.0, 1.25122070292, 3.02124023388]","[0, 0, 0]",0,3,0.0,0.0,3.689,0,0,0,4294967.295,3750042.112,0,94964,0,43.37533187866211,56.01114273071289,-0.3958393633365631,0,state.APOGEE,1483,-29,0,-30,0.0009663965902291238,4713,4713,"[10.6, 0.5, 17.0, 10.6, 15.9, 17.0, 0, 0]","[3.646, 3.647, 3.647]",0.262,"[2.9952, 3.3120000000000003, 5.0032000000000005, 7.3616, 8.4304, 27.824]","[0.033125, 0.280625, 0.000625, 0.00125, -0.004375, -0.000625]",0,0,29.5,"[1, 1, 1, 1, 1, 1]",66.02464968712286,42.360149899999996,-71.0932849,3,-21.565
1774902971.9074328,"[0, 0, 0, 0, 0, 0]","[1291, 1500, 1500, 1500]","[-25.08, 0.0, 0.0, 0.0]","[-0.370813953125, 2.5083571953125, 10.21730346875]",0,3685.71875,0,31.252848281860352,"[0.0, 9.42993163908, 8.45336913924]","[0, 0, 0]",0,3,0.0,0.0,3.685,0,0,0,4294967.295,3750042.368,0,95024,0,43.18949890136719,56.011131286621094,-0.3958393633365631,0,state.APOGEE,1484,-30,0,-30,0.0009659931529313326,4713,4713,"[10.2, 0.5, 16.5, 10.6, 15.9, 17.6, 0, 0]","[3.646, 3.647, 3.647]",0.262,"[2.9968000000000004, 3.3120000000000003, 5.0032000000000005, 7.356800000000001, 8.4656, 27.8256]","[0.035, 0.630625, 0.00125, -0.00125, -0.003125, -0.0025]",0,0,29.5,"[1, 1, 1, 1, 1, 1]",65.94666899513952,42.360149899999996,-71.0932849,3,-21.565
1774902971.9639487,"[0, 0, 0, 0, 0, 0]","[1291, 1500, 1500, 1500]","[-25.08, 0.0, 0.0, 0.0]","[-0.35778949609375, 2.50912333984375, 10.211940457031249]",0,3683.7802734375,0,31.244104385375977,"[0.0, -1.0681152342, 3.41796874944]","[0, 0, 0]",0,3,0.0,0.0,3.685,0,0,0,4294967.295,3750042.368,0,95078,0,43.337684631347656,56.03851318359375,-0.3958393633365631,0,state.APOGEE,1485,-30,0,-30,0.0009652034495957196,4713,4713,"[10.6, 0.5, 15.9, 10.4, 15.9, 17.0, 0, 0]","[3.646, 3.647, 3.647]",0.262,"[2.9968000000000004, 3.3120000000000003, 5.0032000000000005, 7.356800000000001, 8.4656, 27.8256]","[0.035, 0.630625, 0.00125, -0.00125, -0.003125, -0.0025]",0,0,29.5,"[1, 1, 1, 1, 1, 1]",66.02690389962231,42.3601494,-71.0932856,3,-21.629
1774902972.0219502,"[0, 0, 0, 0, 0, 0]","[1291, 1500, 1500, 1500]","[-25.08, 0.0, 0.0, 0.0]","[-0.38766913281249993, 2.5129540624999995, 10.20121443359375]",0,3681.453857421875,0,31.25722023010254,"[0.0, 9.79614257652, 0.6103515624]","[0, 0, 0]",0,3,0.0,0.0,3.681,0,0,0,4294967.295,3750042.368,0,95138,0,43.44911575317383,55.840763092041016,-0.3958393633365631,0,state.APOGEE,1486,-30,0,-30,0.0009647035039961338,4713,4713,"[10.4, 0.5, 15.9, 10.4, 15.9, 16.5, 0, 0]","[3.646, 3.647, 3.647]",0.262,"[2.992, 3.3104, 5.0048, 7.3616, 8.4704, 27.8288]","[0.036875, 0.618125, 0.00125, -0.000625, -0.004375, 0.00125]",0,0,29.5,"[1, 1, 1, 1, 1, 1]",65.9435164855972,42.3601494,-71.0932856,3,-21.629
1774902972.081462,"[0, 0, 0, 0, 0, 0]","[1291, 1500, 1500, 1500]","[-25.08, 0.0, 0.0, 0.0]","[-0.37770925390624993, 2.5443659882812497, 10.21347274609375]",0,3679.127685546875,0,31.279079971313475,"[0.0, -1.25122070292, -2.38037109336]","[0, 0, 0]",0,3,0.0,0.0,3.681,0,0,0,4294967.295,3750042.368,0,95198,0,43.60015869140625,55.89999008178711,-0.3958393633365631,0,state.APOGEE,1487,-30,0,-30,0.0009641999495215714,4713,4713,"[10.2, 0.5, 16.5, 10.6, 15.9, 16.5, 0, 0]","[3.646, 3.647, 3.647]",0.262,"[2.992, 3.3104, 5.0048, 7.3616, 8.4704, 27.8288]","[0.036875, 0.618125, 0.00125, -0.000625, -0.004375, 0.00125]",0,0,29.5,"[1, 1, 1, 1, 1, 1]",66.04631683312317,42.3601488,-71.0932861,3,-21.69
1774902972.1414666,"[0, 0, 0, 0, 0, 0]","[1291, 1500, 1500, 1500]","[-25.08, 0.0, 0.0, 0.0]","[-0.3662170859375, 2.5336399648437498, 10.243352382812498]",0,3676.802978515625,0,31.248476333618164,"[0.0, 10.34545898268, 11.23046874816]","[0, 0, 0]",0,3,0.0,0.0,3.677,0,0,0,4294967.295,3750042.368,0,95258,0,43.879398345947266,56.0825080871582,-0.3958393633365631,0,state.APOGEE,1488,-29,0,-30,0.0009636000031605363,4713,4713,"[10.2, 0.5, 17.0, 10.8, 15.5, 15.9, 0, 0]","[3.646, 3.647, 3.647]",0.262,"[2.9952, 3.3088, 5.0032000000000005, 7.3584000000000005, 8.4336, 27.8272]","[0.030625, 0.2225, -0.000625, 0.00125, -0.000625, -0.001875]",0,0,29.5,"[1, 1, 1, 1, 1, 1]",66.28387118196352,42.3601488,-71.0932861,3,-21.69
1774902972.1959767,"[0, 0, 0, 0, 0, 0]","[1291, 1500, 1500, 1500]","[-25.08, 0.0, 0.0, 0.0]","[-0.3815399765625, 2.5006957499999998, 10.24258623828125]",0,3674.478515625,0,31.261592178344728,"[0.0, -14.25170898204, -4.76074218672]","[0, 0, 0]",0,3,0.0,0.0,3.677,0,0,0,4294967.295,3750042.368,0,95312,0,43.65311813354492,56.45584487915039,-0.3958393633365631,0,state.APOGEE,1489,-29,0,-29,0.0009631962748244405,4713,4713,"[10.4, 0.5, 17.0, 10.6, 15.5, 15.9, 0, 0]","[3.646, 3.647, 3.647]",0.262,"[2.9952, 3.3088, 5.0032000000000005, 7.3584000000000005, 8.4336, 27.8272]","[0.030625, 0.2225, -0.000625, 0.00125, -0.000625, -0.001875]",0,0,29.5,"[1, 1, 1, 1, 1, 1]",66.43375894187375,42.360148099999996,-71.0932871,3,-21.717
1774902972.2560077,"[0, 0, 0, 0, 0, 0]","[1291, 1500, 1500, 1500]","[-25.08, 0.0, 0.0, 0.0]","[-0.38230612109375, 2.5198493632812498, 10.223432625]",0,3672.154052734375,0,31.25722023010254,"[0.0, -1.43432617164, 10.681152342]","[0, 0, 0]",0,3,0.0,0.0,3.673,0,0,0,4294967.295,3750042.368,0,95372,0,44.00896453857422,56.72195053100586,-0.3958393633365631,0,state.APOGEE,1490,-28,0,-29,0.0009624999947845936,4713,4713,"[10.2, 0.5, 17.0, 10.6, 15.5, 17.0, 0, 0]","[3.646, 3.647, 3.647]",0.262,"[2.9968000000000004, 3.3104, 5.0032000000000005, 7.364800000000001, 8.473600000000001, 27.820800000000002]","[0.03625, 0.26, 0.000625, 0.0025, 0.0, -0.001875]",0,0,29.5,"[1, 1, 1, 1, 1, 1]",66.75622955578307,42.3601476,-71.09328719999999,3,-21.709
1774902972.3200066,"[0, 0, 0, 0, 0, 0]","[1291, 1500, 1500, 1500]","[-25.08, 0.0, 0.0, 0.0]","[-0.370813953125, 2.5022280390624996, 10.215005035156251]",0,3669.82958984375,0,31.279079971313475,"[0.0, -5.4016113272399995, -12.0544433574]","[0, 0, 0]",0,3,0.0,0.0,3.669,0,0,0,4294967.295,3750042.368,0,95432,0,43.98645782470703,56.74995803833008,-0.3958393633365631,0,state.APOGEE,1491,-29,0,-29,0.0009616113966330886,4713,4713,"[10.6, 0.5, 15.9, 10.6, 15.5, 16.5, 0, 0]","[3.646, 3.647, 3.647]",0.262,"[2.9952, 3.3104, 5.0048, 7.368, 8.4544, 27.8272]","[0.039375, 0.235625, -0.000625, -0.004375, 0.000625, 0.000625]",0,0,29.5,"[1, 1, 1, 1, 1, 1]",66.76523131094926,42.3601476,-71.09328719999999,3,-21.709
1774902972.375788,"[0, 0, 0, 0, 0, 0]","[1291, 1500, 1500, 1500]","[-25.08, 0.0, 0.0, 0.0]","[-0.3692816640625, 2.50682490625, 10.2341586484375]",0,3667.505126953125,0,31.283451919555663,"[0.0, 2.288818359, -12.023925779279999]","[0, 0, 0]",0,3,0.0,0.0,3.669,0,0,0,4294967.295,3750042.368,0,95492,0,43.891239166259766,56.69746398925781,-0.3958393633365631,0,state.APOGEE,1492,-29,0,-30,0.0009613961447030306,4713,4713,"[10.8, 0.5, 17.0, 10.4, 15.0, 17.0, 0, 0]","[3.646, 3.647, 3.647]",0.262,"[2.9952, 3.3104, 5.0048, 7.368, 8.4544, 27.8272]","[0.039375, 0.235625, -0.000625, -0.004375, 0.000625, 0.000625]",0,0,29.5,"[1, 1, 1, 1, 1, 1]",66.69136807345949,42.3601477,-71.09328529999999,3,-21.649
1774902972.4303668,"[0, 0, 0, 0, 0, 0]","[1291, 1500, 1500, 1500]","[-25.08, 0.0, 0.0, 0.0]","[-0.34093431640625, 2.5420675546875, 10.20581130078125]",0,3665.568115234375,0,31.261592178344728,"[0.0, 2.8991699214, 1.92260742156]","[0, 0, 0]",0,3,0.0,0.0,3.666,0,0,0,4294967.295,3750042.368,0,95546,0,44.02812576293945,56.6104850769043,-0.3958393633365631,0,state.APOGEE,1493,-29,0,-30,0.0009608999826014042,4713,4713,"[10.6, 0.5, 15.9, 10.8, 16.5, 15.9, 0, 0]","[3.646, 3.647, 3.647]",0.262,"[2.9952, 3.3120000000000003, 5.0016, 7.3616, 8.4448, 27.8272]","[0.035, 0.276875, -0.00375, -0.004375, -0.001875, -0.005625]",0,0,29.5,"[1, 1, 1, 1, 1, 1]",66.69129165755602,42.3601477,-71.09328529999999,3,-21.649
1774902972.4898732,"[0, 0, 0, 0, 0, 0]","[1291, 1500, 1500, 1500]","[-25.08, 0.0, 0.0, 0.0]","[-0.37464467578124994, 2.48920358203125, 10.215005035156251]",0,3663.24365234375,0,31.252848281860352,"[0.0, -0.09155273436, 2.1362304684]","[0, 0, 0]",0,3,0.0,0.0,3.666,0,0,0,4294967.295,3750042.368,0,95606,0,44.33513641357422,56.833885192871094,-0.3958393633365631,0,state.APOGEE,1494,-29,0,-30,0.0009603039943613112,4713,4713,"[10.6, 0.5, 17.6, 10.6, 15.9, 15.9, 0, 0]","[3.646, 3.647, 3.647]",0.262,"[2.9952, 3.3120000000000003, 5.0016, 7.3616, 8.4448, 27.8272]","[0.035, 0.276875, -0.00375, -0.004375, -0.001875, -0.005625]",0,0,29.5,"[1, 1, 1, 1, 1, 1]",66.96468656468353,42.3601478,-71.0932847,3,-21.522
1774902972.5502074,"[0, 0, 0, 0, 0, 0]","[1291, 1500, 1500, 1500]","[-25.08, 0.0, 0.0, 0.0]","[-0.37158009765624994, 2.5604550234375, 10.232626359374999]",0,3660.921142578125,0,31.283451919555663,"[0.0, 1.12915039044, 9.55200195156]","[0, 0, 0]",0,3,0.0,0.0,3.662,0,0,0,4294967.295,3750042.368,0,95666,0,44.49690628051758,56.772830963134766,-0.3958393633365631,0,state.APOGEE,1495,-28,0,-30,0.0009598000324331224,4713,4713,"[10.2, 0.5, 16.5, 10.4, 15.0, 16.5, 0, 0]","[3.646, 3.647, 3.647]",0.262,"[2.9968000000000004, 3.3120000000000003, 5.0032000000000005, 7.364800000000001, 8.4544, 27.8304]","[0.034375, 0.62875, 0.0, 0.0, -0.001875, 0.00125]",0,0,29.5,"[1, 1, 1, 1, 1, 1]",66.99238817117624,42.3601477,-71.09328359999999,3,-21.424
1774902972.6102076,"[0, 0, 0, 0, 0, 0]","[1291, 1500, 1500, 1500]","[-25.08, 0.0, 0.0, 0.0]","[-0.37158009765624994, 2.491502015625, 10.231860214843751]",0,3658.598388671875,0,31.265964126586915,"[0.0, -4.97436523356, -5.8898925771599995]","[0, 0, 0]",0,3,0.0,0.0,3.658,0,0,0,4294967.295,3750042.368,0,95726,0,44.430423736572266,56.73985290527344,-0.3958393633365631,0,state.APOGEE,1496,-28,0,-29,0.0009591040434315801,4713,4713,"[10.4, 0.5, 17.6, 10.6, 16.5, 15.9, 0, 0]","[3.646, 3.647, 3.647]",0.262,"[2.9968000000000004, 3.3120000000000003, 5.0032000000000005, 7.364800000000001, 8.4544, 27.8304]","[0.034375, 0.62875, 0.0, 0.0, -0.001875, 0.00125]",0,0,29.5,"[1, 1, 1, 1, 1, 1]",66.94325865587355,42.3601477,-71.09328359999999,3,-21.424
1774902972.6637154,"[0, 0, 0, 0, 0, 0]","[1291, 1500, 1500, 1500]","[-25.08, 0.0, 0.0, 0.0]","[-0.34246660546874996, 2.5359383984375, 10.2310940703125]",0,3656.6630859375,0,31.25722023010254,"[0.0, -14.67895507572, -6.83593749888]","[0, 0, 0]",0,3,0.0,0.0,3.658,0,0,0,4294967.295,3750042.368,0,95780,0,44.2581787109375,56.96305847167969,-0.3958393633365631,0,state.APOGEE,1497,-28,0,-29,0.0009587999666109681,4713,4713,"[10.6, 0.5, 17.0, 10.4, 15.9, 16.5, 0, 0]","[3.646, 3.647, 3.647]",0.262,"[2.9968000000000004, 3.3104, 5.0048, 7.3616, 8.456000000000001, 27.832]","[0.031875, 0.5575, 0.00125, 0.005, 0.000625, -0.00375]",0,0,29.5,"[1, 1, 1, 1, 1, 1]",67.01694102927983,42.3601473,-71.0932843,3,-21.425
1774902972.7272282,"[0, 0, 0, 0, 0, 0]","[1291, 1500, 1500, 1500]","[-25.08, 0.0, 0.0, 0.0]","[-0.38230612109375, 2.5052926171875, 10.216537324218748]",0,3654.34033203125,0,31.279079971313475,"[0.0, -3.63159179628, -1.25122070292]","[0, 0, 0]",0,3,0.0,0.0,3.654,0,0,0,4294967.295,3750042.368,0,95840,0,44.453521728515625,57.104034423828125,-0.3958393633365631,0,state.APOGEE,1498,-29,0,-30,0.0009582958300597966,4713,4713,"[10.6, 0.5, 17.0, 10.8, 15.9, 15.9, 0, 0]","[3.646, 3.647, 3.647]",0.262,"[2.9968000000000004, 3.3104, 5.0048, 7.3616, 8.456000000000001, 27.832]","[0.031875, 0.5575, 0.00125, 0.005, 0.000625, -0.00375]",0,0,29.5,"[1, 1, 1, 1, 1, 1]",67.1894125780974,42.3601473,-71.0932843,3,-21.425
1774902972.7887676,"[0, 0, 0, 0, 0, 0]","[1291, 1500, 1500, 1500]","[-25.08, 0.0, 0.0, 0.0]","[-0.35932178515625, 2.5052926171875, 10.237989371093748]",0,3652.017822265625,0,31.279079971313475,"[0.0, 0.70190429676, 9.918212889]","[0, 0, 0]",0,3,0.0,0.0,3.654,0,0,0,4294967.295,3750042.368,0,95900,0,44.445892333984375,57.22305679321289,-0.3958393633365631,0,state.APOGEE,1499,-28,0,-29,0.0009577000164426863,4713,4713,"[10.4, 0.5, 16.5, 10.8, 15.9, 17.0, 0, 0]","[3.646, 3.647, 3.647]",0.262,"[2.9952, 3.3152000000000004, 5.0048, 7.3584000000000005, 8.4528, 27.8288]","[0.035625000000000004, 0.629375, 0.003125, 0.003125, -0.004375, 0.00125]",0,0,29.5,"[1, 1, 1, 1, 1, 1]",67.26369675250879,42.360147,-71.0932847,3,-21.443
1774902972.8447697,"[0, 0, 0, 0, 0, 0]","[1291, 1500, 1500, 1500]","[-25.08, 0.0, 0.0, 0.0]","[-0.370813953125, 2.5390029765624997, 10.23032792578125]",0,3649.69677734375,0,31.29219581604004,"[0.0, -16.87622070036, -4.4250488273999995]","[0, 0, 0]",0,3,0.0,0.0,3.65,0,0,0,4294967.295,3750042.368,0,95960,0,44.23101043701172,57.41845703125,-0.3958393633365631,0,state.APOGEE,1500,-28,0,-29,0.0009573913994245231,4713,4713,"[10.6, 0.5, 17.0, 10.6, 16.5, 16.5, 0, 0]","[3.646, 3.647, 3.647]",0.262,"[2.9952, 3.3152000000000004, 5.0048, 7.3584000000000005, 8.4528, 27.8288]","[0.035625000000000004, 0.629375, 0.003125, 0.003125, -0.004375, 0.00125]",0,0,29.5,"[1, 1, 1, 1, 1, 1]",67.3033150914661,42.360147,-71.0932847,3,-21.443
1774902972.897654,"[0, 0, 0, 0, 0, 0]","[1291, 1500, 1500, 1500]","[-25.08, 0.0, 0.0, 0.0]","[-0.38766913281249993, 2.51218791796875, 10.214238890625]",0,3647.3759765625,0,31.261592178344728,"[0.0, -1.0681152342, 17.76123046584]","[0, 0, 0]",0,3,0.0,0.0,3.65,0,0,0,4294967.295,3750042.368,0,96014,0,44.571556091308594,57.575096130371094,-0.3958393633365631,0,state.APOGEE,1501,-28,0,-29,0.0009566957014612854,4713,4713,"[10.4, 0.5, 16.5, 10.8, 15.5, 15.5, 0, 0]","[3.646, 3.647, 3.647]",0.262,"[2.9968000000000004, 3.3104, 5.0016, 7.3632, 8.4448, 27.8272]","[0.030625, 0.244375, -0.003125, 0.0, 0.0, 0.0025]",0,0,29.5,"[1, 1, 1, 1, 1, 1]",67.54419021780086,42.360146199999996,-71.0932856,3,-21.574
1774902972.9591632,"[0, 0, 0, 0, 0, 0]","[1291, 1500, 1500, 1500]","[-25.08, 0.0, 0.0, 0.0]","[-0.36085407421875, 2.5213816523437496, 10.228029492187499]",0,3645.05517578125,0,31.261592178344728,"[0.0, -15.22827148188, -9.27734374848]","[0, 0, 0]",0,3,0.0,0.0,3.646,0,0,0,4294967.295,3750042.368,0,96074,0,44.42570877075195,57.68558120727539,-0.3958393633365631,0,state.APOGEE,1502,-29,0,-29,0.0009561000042594969,4713,4713,"[10.6, 0.5, 15.9, 10.4, 15.5, 17.0, 0, 0]","[3.646, 3.647, 3.647]",0.262,"[2.9952, 3.3120000000000003, 5.0032000000000005, 7.3616, 8.4448, 27.8288]","[0.035625000000000004, 0.2025, -0.0025, -0.000625, 0.00125, 0.001875]",0,0,29.5,"[1, 1, 1, 1, 1, 1]",67.55699203544732,42.3601455,-71.0932871,3,-21.693
1774902973.0201676,"[0, 0, 0, 0, 0, 0]","[1291, 1500, 1500, 1500]","[-25.08, 0.0, 0.0, 0.0]","[-0.35855564062499995, 2.534406109375, 10.221134191406248]",0,3642.734375,0,31.274708023071287,"[0.0, 6.80541992076, 13.2751464822]","[0, 0, 0]",0,3,0.0,0.0,3.643,0,0,0,4294967.295,3750042.368,0,96134,0,44.543182373046875,57.587921142578125,-0.3958393633365631,0,state.APOGEE,1503,-29,0,-30,0.000955308903940022,4713,4713,"[10.4, 0.5, 16.5, 10.8, 15.9, 16.5, 0, 0]","[3.646, 3.647, 3.647]",0.262,"[2.9952, 3.3120000000000003, 5.0032000000000005, 7.3616, 8.4448, 27.8288]","[0.035625000000000004, 0.2025, -0.0025, -0.000625, 0.00125, 0.001875]",0,0,29.5,"[1, 1, 1, 1, 1, 1]",67.54098924849418,42.3601455,-71.0932871,3,-21.693
1774902973.0776823,"[0, 0, 0, 0, 0, 0]","[1291, 1500, 1500, 1500]","[-25.08, 0.0, 0.0, 0.0]","[-0.376943109375, 2.4960988828125, 10.2310940703125]",0,3640.41357421875,0,31.244104385375977,"[0.0, -3.44848632756, -4.7912597648399995]","[0, 0, 0]",0,3,0.0,0.0,3.643,0,0,0,4294967.295,3750042.368,0,96194,0,44.52394485473633,57.77286148071289,-0.3958393633365631,0,state.APOGEE,1504,-29,0,-30,0.0009549000533297658,4713,4713,"[10.6, 0.5, 15.9, 10.6, 16.5, 17.0, 0, 0]","[3.646, 3.647, 3.647]",0.262,"[2.9968000000000004, 3.3136, 5.0016, 7.3632, 8.440000000000001, 27.8272]","[0.026875, 0.244375, -0.003125, -0.00625, 0.0, -0.001875]",0,0,29.5,"[1, 1, 1, 1, 1, 1]",67.65369086804048,42.3601448,-71.0932885,3,-21.82
1774902973.1336932,"[0, 0, 0, 0, 0, 0]","[1291, 1500, 1500, 1500]","[-25.08, 0.0, 0.0, 0.0]","[-0.3784753984375, 2.5336399648437498, 10.2127066015625]",0,3638.48095703125,0,31.25722023010254,"[0.0, 0.33569335932, 0.6103515624]","[0, 0, 0]",0,3,0.0,0.0,3.639,0,0,0,4294967.295,3750042.368,0,96248,0,44.524776458740234,57.75484848022461,-0.3958393633365631,0,state.APOGEE,1505,-29,0,-30,0.0009544000495225191,4713,4713,"[10.8, 0.5, 16.5, 10.4, 15.5, 15.9, 0, 0]","[3.646, 3.647, 3.647]",0.262,"[2.9968000000000004, 3.3136, 5.0016, 7.3632, 8.440000000000001, 27.8272]","[0.026875, 0.244375, -0.003125, -0.00625, 0.0, -0.001875]",0,0,29.5,"[1, 1, 1, 1, 1, 1]",67.64228185687398,42.3601448,-71.0932885,3,-21.82
1774902973.1961958,"[0, 0, 0, 0, 0, 0]","[1291, 1500, 1500, 1500]","[-25.08, 0.0, 0.0, 0.0]","[-0.3662170859375, 2.5129540624999995, 10.233392503906249]",0,3636.161865234375,0,31.23973243713379,"[0.0, -1.25122070292, 12.72583007604]","[0, 0, 0]",0,3,0.0,0.0,3.639,0,0,0,4294967.295,3750042.368,0,96308,0,44.703025817871094,57.90925598144531,-0.3958393633365631,0,state.APOGEE,1506,-29,0,-227,0.0009538046433590353,4713,4713,"[10.6, 0.5, 16.5, 10.6, 15.9, 17.0, 0, 0]","[3.646, 3.647, 3.647]",0.262,"[2.9952, 3.3120000000000003, 5.0048, 7.368, 8.4464, 27.8272]","[0.035625000000000004, 0.23500000000000001, -0.003125, -0.004375, -0.004375, 0.000625]",0,0,29.5,"[1, 1, 1, 1, 1, 1]",67.81484926467586,42.360144,-71.0932898,3,-21.974
1774902973.2542133,"[0, 0, 0, 0, 0, 0]","[1291, 1500, 1500, 1500]","[-25.08, 0.0, 0.0, 0.0]","[-0.3508941953125, 2.5129540624999995, 10.232626359374999]",0,3633.843017578125,0,31.25722023010254,"[0.0, -10.71166992012, -6.28662109272]","[0, 0, 0]",0,3,0.0,0.0,3.635,0,0,0,4294967.295,3750042.368,0,96368,0,44.53881072998047,57.814659118652344,-0.3958393633365631,0,state.APOGEE,1507,-29,0,-227,0.0009532999829389155,4713,4713,"[10.8, 0.5, 15.9, 10.2, 16.5, 16.5, 0, 0]","[3.646, 3.647, 3.647]",0.262,"[2.9952, 3.3120000000000003, 5.0048, 7.368, 8.4464, 27.8272]","[0.035625000000000004, 0.23500000000000001, -0.003125, -0.004375, -0.004375, 0.000625]",0,0,29.5,"[1, 1, 1, 1, 1, 1]",67.68695308426528,42.3601435,-71.0932904,3,-21.97
1774902973.3122144,"[0, 0, 0, 0, 0, 0]","[1291, 1500, 1500, 1500]","[-25.08, 0.0, 0.0, 0.0]","[-0.36698323046875, 2.5267446640624995, 10.21806961328125]",0,3631.52392578125,0,31.270336074829103,"[0.0, 7.8430175768399994, 14.61791991948]","[0, 0, 0]",0,3,0.0,0.0,3.631,0,0,0,4294967.295,3750042.368,0,96428,0,44.62637710571289,57.82443618774414,-0.3958393633365631,0,state.APOGEE,1508,-29,0,-227,0.0009527046931907535,4713,4713,"[10.4, 0.5, 16.5, 10.2, 17.0, 17.6, 0, 0]","[3.646, 3.647, 3.647]",0.262,"[2.992, 3.3120000000000003, 5.0048, 7.3632, 8.448, 27.8272]","[0.035625000000000004, 0.571875, 0.00125, -0.0025, 0.000625, -0.000625]",0,0,29.5,"[1, 1, 1, 1, 1, 1]",67.72870330941394,42.3601435,-71.0932904,3,-21.97
1774902973.3667548,"[0, 0, 0, 0, 0, 0]","[1291, 1500, 1500, 1500]","[-25.08, 0.0, 0.0, 0.0]","[-0.3754108203125, 2.52444623046875, 10.2341586484375]",0,3629.205078125,0,31.25722023010254,"[0.0, -1.86157226532, -13.54980468528]","[0, 0, 0]",0,3,0.0,0.0,3.631,0,0,0,4294967.295,3750042.368,0,96482,0,44.43260192871094,57.707618713378906,-0.3958393633365631,0,state.APOGEE,1509,-29,0,-30,0.0009521952015347779,4713,4713,"[10.4, 0.5, 16.5, 10.8, 15.9, 16.5, 0, 0]","[3.646, 3.647, 3.647]",0.262,"[2.992, 3.3120000000000003, 5.0048, 7.3632, 8.448, 27.8272]","[0.035625000000000004, 0.571875, 0.00125, -0.0025, 0.000625, -0.000625]",0,0,29.5,"[1, 1, 1, 1, 1, 1]",67.57417270466836,42.360143199999996,-71.0932907,3,-21.978
1774902973.4304602,"[0, 0, 0, 0, 0, 0]","[1291, 1500, 1500, 1500]","[-25.08, 0.0, 0.0, 0.0]","[-0.37158009765624994, 2.5075910507812496, 10.221900335937498]",0,3626.887451171875,0,31.244104385375977,"[0.0, -3.44848632756, 8.42285156112]","[0, 0, 0]",0,3,0.0,0.0,3.627,0,0,0,4294967.295,3750042.368,0,96542,0,44.58612060546875,57.96879196166992,-0.3958393633365631,0,state.APOGEE,1510,-29,0,-30,0.0009515999699942768,4713,4713,"[11.1, 0.5, 15.5, 10.6, 15.5, 17.6, 0, 0]","[3.646, 3.647, 3.647]",0.262,"[2.9968000000000004, 3.3120000000000003, 5.0016, 7.3632, 8.4544, 27.8272]","[0.03125, 0.626875, 0.004375, 0.00375, -0.004375, -0.00375]",0,0,29.5,"[1, 1, 1, 1, 1, 1]",67.8065239127402,42.360143199999996,-71.0932907,3,-21.978
1774902973.4879708,"[0, 0, 0, 0, 0, 0]","[1291, 1500, 1500, 1500]","[-25.08, 0.0, 0.0, 0.0]","[-0.34399889453125, 2.55509201171875, 10.21806961328125]",0,3624.5703125,0,31.25722023010254,"[0.0, -5.7678222646799995, -4.60815429612]","[0, 0, 0]",0,3,0.0,0.0,3.627,0,0,0,4294967.295,3750042.368,0,96602,0,44.669681549072266,57.97251892089844,-0.3958393633365631,0,state.APOGEE,1511,-29,0,-30,0.0009511951357126236,4713,4713,"[10.6, 0.5, 15.9, 10.6, 15.9, 15.9, 0, 0]","[3.646, 3.647, 3.647]",0.262,"[2.9968000000000004, 3.3120000000000003, 5.0016, 7.3632, 8.4544, 27.8272]","[0.03125, 0.626875, 0.004375, 0.00375, -0.004375, -0.00375]",0,0,29.5,"[1, 1, 1, 1, 1, 1]",67.84257148850836,42.360143099999995,-71.0932912,3,-21.982
1774902973.5459855,"[0, 0, 0, 0, 0, 0]","[1291, 1500, 1500, 1500]","[-25.08, 0.0, 0.0, 0.0]","[-0.34629732812499997, 2.5175509296875, 10.22573105859375]",0,3622.251220703125,0,31.265964126586915,"[0.0, -12.48168945108, 1.15966796856]","[0, 0, 0]",0,3,0.0,0.0,3.623,0,0,0,4294967.295,3750042.368,0,96662,0,44.676963806152344,58.067726135253906,-0.3958393633365631,0,state.APOGEE,1512,-29,0,-30,0.0009505950147286057,4713,4713,"[10.4, 0.5, 17.0, 10.8, 15.5, 15.5, 0, 0]","[3.646, 3.647, 3.647]",0.262,"[2.9952, 3.3120000000000003, 5.0032000000000005, 7.3664000000000005, 8.432, 27.8256]","[0.03125, 0.24375, 0.000625, -0.000625, -0.0025, 0.00125]",0,0,29.5,"[1, 1, 1, 1, 1, 1]",67.90749278785964,42.360143099999995,-71.0932912,3,-21.982
1774902973.6044881,"[0, 0, 0, 0, 0, 0]","[1291, 1500, 1500, 1500]","[-25.08, 0.0, 0.0, 0.0]","[-0.40682274609374997, 2.4577916562499995, 10.22956178125]",0,3620.3193359375,0,31.244104385375977,"[0.0, 4.6691894523599995, 0.6103515624]","[0, 0, 0]",0,3,0.0,0.0,3.623,0,0,0,4294967.295,3750042.368,0,96716,0,44.545623779296875,58.057289123535156,-0.3958393633365631,0,state.APOGEE,1513,-29,0,-30,0.0009500949527136981,4713,4713,"[10.4, 0.5, 17.6, 10.8, 15.5, 16.5, 0, 0]","[3.646, 3.647, 3.647]",0.262,"[2.9952, 3.3120000000000003, 5.0032000000000005, 7.3664000000000005, 8.432, 27.8256]","[0.03125, 0.24375, 0.000625, -0.000625, -0.0025, 0.00125]",0,0,29.5,"[1, 1, 1, 1, 1, 1]",67.84801493889401,42.3601427,-71.09329129999999,3,-21.999
1774902973.6600096,"[0, 0, 0, 0, 0, 0]","[1291, 1500, 1500, 1500]","[-25.08, 0.0, 0.0, 0.0]","[-0.37464467578124994, 2.53670454296875, 10.2127066015625]",0,3618.004150390625,0,31.279079971313475,"[0.0, -13.45825195092, -4.60815429612]","[0, 0, 0]",0,3,0.0,0.0,3.619,0,0,0,4294967.295,3750042.368,0,96776,0,44.766868591308594,58.220863342285156,-0.3958393633365631,0,state.APOGEE,1514,-28,0,-29,0.0009495000122115016,4713,4713,"[10.8, 0.5, 16.5, 10.8, 15.9, 15.9, 0, 0]","[3.646, 3.647, 3.647]",0.262,"[2.9968000000000004, 3.3120000000000003, 5.0032000000000005, 7.36, 8.441600000000001, 27.8272]","[0.02625, 0.25125000000000003, 0.0, -0.001875, 0.0, -0.0025]",0,0,29.5,"[1, 1, 1, 1, 1, 1]",68.04320563095646,42.3601423,-71.09328769999999,3,-22.351
1774902973.7200122,"[0, 0, 0, 0, 0, 0]","[1291, 1500, 1500, 1500]","[-25.08, 0.0, 0.0, 0.0]","[-0.36238636328125, 2.5428336992187495, 10.2188357578125]",0,3615.68798828125,0,31.265964126586915,"[0.0, -1.86157226532, -7.7819824206]","[0, 0, 0]",0,3,0.0,0.0,3.616,0,0,0,4294967.295,3750042.368,0,96836,0,44.59292984008789,58.17997741699219,-0.3958393633365631,0,state.APOGEE,1515,-28,0,-29,0.0009488051291555166,4713,4713,"[10.4, 0.5, 17.6, 10.4, 15.9, 17.0, 0, 0]","[3.646, 3.647, 3.647]",0.262,"[2.9968000000000004, 3.3120000000000003, 5.0032000000000005, 7.364800000000001, 8.4352, 27.8304]","[0.03, 0.23, -0.00375, 0.00125, -0.00125, -0.00375]",0,0,29.5,"[1, 1, 1, 1, 1, 1]",67.94704436084832,42.3601423,-71.09328769999999,3,-22.351
1774902973.7800407,"[0, 0, 0, 0, 0, 0]","[1291, 1500, 1500, 1500]","[-25.08, 0.0, 0.0, 0.0]","[-0.367749375, 2.53976912109375, 10.23032792578125]",0,3613.370849609375,0,31.252848281860352,"[0.0, 5.0354003897999995, 8.05664062368]","[0, 0, 0]",0,3,0.0,0.0,3.616,0,0,0,4294967.295,3750042.368,0,96896,0,44.45652389526367,57.973060607910156,-0.3958393633365631,0,state.APOGEE,1516,-28,0,-29,0.000948399945627898,4713,4713,"[10.8, 0.5, 15.5, 10.4, 17.0, 16.5, 0, 0]","[3.646, 3.647, 3.647]",0.262,"[2.9968000000000004, 3.3120000000000003, 5.0032000000000005, 7.364800000000001, 8.4352, 27.8304]","[0.03, 0.23, -0.00375, 0.00125, -0.00125, -0.00375]",0,0,29.5,"[1, 1, 1, 1, 1, 1]",67.75725300223907,42.3601424,-71.0932878,3,-22.29
1774902973.8340518,"[0, 0, 0, 0, 0, 0]","[1291, 1500, 1500, 1500]","[-25.08, 0.0, 0.0, 0.0]","[-0.34399889453125, 2.5236800859374995, 10.2341586484375]",0,3611.441162109375,0,31.261592178344728,"[0.0, -1.25122070292, -6.28662109272]","[0, 0, 0]",0,3,0.0,0.0,3.612,0,0,0,4294967.295,3750042.368,0,96950,0,44.41328430175781,57.82048797607422,-0.3958393633365631,0,state.APOGEE,1517,-28,0,-29,0.0009478104184381664,4713,4713,"[10.4, 0.5, 17.0, 11.1, 15.5, 15.9, 0, 0]","[3.646, 3.647, 3.647]",0.262,"[2.9968000000000004, 3.3120000000000003, 5.0032000000000005, 7.3616, 8.4672, 27.8272]","[0.03875, 0.253125, -0.00375, -0.00125, -0.003125, -0.001875]",0,0,29.5,"[1, 1, 1, 1, 1, 1]",67.64011799643785,42.3601424,-71.0932878,3,-22.29
1774902973.8973386,"[0, 0, 0, 0, 0, 0]","[1291, 1500, 1500, 1500]","[-25.08, 0.0, 0.0, 0.0]","[-0.38000768749999997, 2.49839731640625, 10.228795636718749]",0,3609.125732421875,0,31.261592178344728,"[0.0, -1.86157226532, 4.15039062432]","[0, 0, 0]",0,3,0.0,0.0,3.612,0,0,0,4294967.295,3750042.368,0,97010,0,44.43708801269531,57.94316864013672,-0.3958393633365631,0,state.APOGEE,1518,-28,0,-29,0.0009473999962210655,4713,4713,"[10.6, 0.5, 16.5, 10.4, 17.0, 15.9, 0, 0]","[3.646, 3.647, 3.647]",0.262,"[2.9968000000000004, 3.3120000000000003, 5.0032000000000005, 7.3616, 8.4672, 27.8272]","[0.03875, 0.253125, -0.00375, -0.00125, -0.003125, -0.001875]",0,0,29.5,"[1, 1, 1, 1, 1, 1]",67.72990601676386,42.3601421,-71.09328649999999,3,-22.205
1774902973.9558547,"[0, 0, 0, 0, 0, 0]","[1291, 1500, 1500, 1500]","[-25.08, 0.0, 0.0, 0.0]","[-0.3539587734375, 2.52291394140625, 10.23492479296875]",0,3606.810546875,0,31.252848281860352,"[0.0, 8.02612304556, 4.69970703048]","[0, 0, 0]",0,3,0.0,0.0,3.608,0,0,0,4294967.295,3750042.368,0,97070,0,44.475563049316406,57.93767166137695,-0.3958393633365631,0,state.APOGEE,1519,-29,0,-30,0.0009467999916523695,4713,4713,"[10.8, 0.5, 17.0, 11.1, 15.5, 17.6, 0, 0]","[3.646, 3.647, 3.647]",0.262,"[2.9952, 3.3104, 5.0016, 7.3632, 8.4304, 27.8288]","[0.03125, 0.25125000000000003, -0.003125, 0.000625, -0.0025, -0.0025]",0,0,29.5,"[1, 1, 1, 1, 1, 1]",67.7417683743518,42.3601421,-71.0932873,3,-22.176
1774902974.0138564,"[0, 0, 0, 0, 0, 0]","[1291, 1500, 1500, 1500]","[-25.08, 0.0, 0.0, 0.0]","[-0.36238636328125, 2.5022280390624996, 10.245650816406249]",0,3604.495361328125,0,31.270336074829103,"[0.0, -1.0681152342, -2.38037109336]","[0, 0, 0]",0,3,0.0,0.0,3.604,0,0,0,4294967.295,3750042.368,0,97130,0,44.408138275146484,57.940086364746094,-0.3958393633365631,0,state.APOGEE,1520,-29,0,-30,0.0009461107547394931,4713,4713,"[10.6, 0.5, 15.9, 10.4, 16.5, 17.0, 0, 0]","[3.646, 3.647, 3.647]",0.262,"[2.9952, 3.3104, 5.0016, 7.3632, 8.4304, 27.8288]","[0.03125, 0.25125000000000003, -0.003125, 0.000625, -0.0025, -0.0025]",0,0,29.5,"[1, 1, 1, 1, 1, 1]",67.7162669950433,42.3601421,-71.0932873,3,-22.176
1774902974.0723705,"[0, 0, 0, 0, 0, 0]","[1291, 1500, 1500, 1500]","[-25.08, 0.0, 0.0, 0.0]","[-0.35549106249999995, 2.51525249609375, 10.22266648046875]",0,3602.179931640625,0,31.248476333618164,"[0.0, 2.288818359, 14.40429687264]","[0, 0, 0]",0,3,0.0,0.0,3.604,0,0,0,4294967.295,3750042.368,0,97184,0,44.425357818603516,58.05248260498047,-0.3958393633365631,0,state.APOGEE,1521,-29,0,-30,0.0009455999825149775,4713,4713,"[10.4, 0.5, 16.5, 10.2, 15.9, 16.5, 0, 0]","[3.646, 3.647, 3.647]",0.262,"[2.9952, 3.3120000000000003, 5.0048, 7.368, 8.441600000000001, 27.8256]","[0.031875, 0.635625, -0.00125, -0.00125, -0.005, 0.00125]",0,0,29.5,"[1, 1, 1, 1, 1, 1]",67.79672046766888,42.3601416,-71.09328769999999,3,-22.178
1774902974.1303692,"[0, 0, 0, 0, 0, 0]","[1291, 1500, 1500, 1500]","[-25.08, 0.0, 0.0, 0.0]","[-0.367749375, 2.5060587617187498, 10.232626359374999]",0,3599.865966796875,0,31.265964126586915,"[0.0, -7.1716308582, -9.27734374848]","[0, 0, 0]",0,3,0.0,0.0,3.6,0,0,0,4294967.295,3750042.368,0,97244,0,44.42256546020508,58.157474517822266,-0.3958393633365631,0,state.APOGEE,1522,-29,0,-30,0.0009450999787077308,4713,4713,"[10.4, 0.5, 16.5, 11.1, 15.9, 17.6, 0, 0]","[3.646, 3.647, 3.647]",0.262,"[2.9952, 3.3120000000000003, 5.0048, 7.368, 8.441600000000001, 27.8256]","[0.031875, 0.635625, -0.00125, -0.00125, -0.005, 0.00125]",0,0,29.5,"[1, 1, 1, 1, 1, 1]",67.86434943011905,42.3601416,-71.09328769999999,3,-22.178
1774902974.1888883,"[0, 0, 0, 0, 0, 0]","[1291, 1500, 1500, 1500]","[-25.08, 0.0, 0.0, 0.0]","[-0.3723462421875, 2.522147796875, 10.23952166015625]",0,3597.552490234375,0,31.25722023010254,"[0.0, 3.87573242124, 7.1716308582]","[0, 0, 0]",0,3,0.0,0.0,3.6,0,0,0,4294967.295,3750042.368,0,97304,0,44.51018142700195,58.131832122802734,-0.3958393633365631,0,state.APOGEE,1523,-29,0,-30,0.000944600033108145,4713,4713,"[10.6, 0.5, 17.0, 10.6, 15.9, 15.9, 0, 0]","[3.646, 3.647, 3.647]",0.262,"[2.992, 3.3120000000000003, 5.0032000000000005, 7.364800000000001, 8.4512, 27.8272]","[0.038125, 0.624375, 0.00375, -0.0025, -0.000625, 0.0]",0,0,29.5,"[1, 1, 1, 1, 1, 1]",67.88253699959512,42.3601412,-71.09328789999999,3,-22.205
1774902974.2489092,"[0, 0, 0, 0, 0, 0]","[1291, 1500, 1500, 1500]","[-25.08, 0.0, 0.0, 0.0]","[-0.36162021874999994, 2.5144863515624998, 10.245650816406249]",0,3595.239013671875,0,31.244104385375977,"[0.0, -0.27465820308, 6.0119628896399995]","[0, 0, 0]",0,3,0.0,0.0,3.596,0,0,0,4294967.295,3750042.368,0,97364,0,44.33652877807617,58.17572021484375,-0.3958393633365631,0,state.APOGEE,1524,-29,0,-30,0.0009440000867471099,4713,4713,"[10.4, 0.5, 17.0, 10.6, 15.9, 16.5, 0, 0]","[3.646, 3.647, 3.647]",0.262,"[2.992, 3.3120000000000003, 5.0032000000000005, 7.364800000000001, 8.4512, 27.8272]","[0.038125, 0.624375, 0.00375, -0.0025, -0.000625, 0.0]",0,0,29.5,"[1, 1, 1, 1, 1, 1]",67.84204358569231,42.3601409,-71.09328789999999,3,-22.256
1774902974.3054194,"[0, 0, 0, 0, 0, 0]","[1291, 1500, 1500, 1500]","[-25.08, 0.0, 0.0, 0.0]","[-0.367749375, 2.5573904453125, 10.195085277343749]",0,3593.31103515625,0,31.270336074829103,"[0.0, 8.02612304556, 3.78417968688]","[0, 0, 0]",0,3,0.0,0.0,3.596,0,0,0,4294967.295,3750042.368,0,97418,0,44.4827766418457,58.12295150756836,-0.3958393633365631,0,state.APOGEE,1525,-29,0,-30,0.0009436887339688838,4713,4713,"[10.2, 0.5, 16.5, 10.2, 17.0, 16.5, 0, 0]","[3.646, 3.647, 3.647]",0.262,"[2.9968000000000004, 3.3120000000000003, 5.0048, 7.3632, 8.448, 27.824]","[0.033125, 0.21875, -0.000625, -0.000625, -0.003125, -0.00375]",0,0,29.5,"[1, 1, 1, 1, 1, 1]",67.86578177403932,42.3601409,-71.09328789999999,3,-22.256
1774902974.3619313,"[0, 0, 0, 0, 0, 0]","[1291, 1500, 1500, 1500]","[-25.08, 0.0, 0.0, 0.0]","[-0.36238636328125, 2.46775153515625, 10.2402878046875]",0,3590.99755859375,0,31.25722023010254,"[0.0, 12.3596191386, 2.68554687456]","[0, 0, 0]",0,3,0.0,0.0,3.592,0,0,0,4294967.295,3750042.368,0,97478,0,44.788272857666016,58.25846481323242,-0.3958393633365631,0,state.APOGEE,1526,-30,0,-30,0.0009428057237528265,4713,4713,"[10.4, 0.5, 16.5, 10.6, 15.5, 17.6, 0, 0]","[3.646, 3.647, 3.647]",0.262,"[2.9968000000000004, 3.3120000000000003, 5.0048, 7.3632, 8.448, 27.824]","[0.033125, 0.21875, -0.000625, -0.000625, -0.003125, -0.00375]",0,0,29.5,"[1, 1, 1, 1, 1, 1]",68.07622735369405,42.360140799999996,-71.0932881,3,-22.29
1774902974.4224286,"[0, 0, 0, 0, 0, 0]","[1291, 1500, 1500, 1500]","[-25.08, 0.0, 0.0, 0.0]","[-0.36851551953124995, 2.546664421875, 10.206577445312499]",0,3588.68505859375,0,31.25722023010254,"[0.0, -4.60815429612, -6.103515624]","[0, 0, 0]",0,3,0.0,0.0,3.589,0,0,0,4294967.295,3750042.368,0,97538,0,44.649688720703125,58.23406982421875,-0.3958393633365631,0,state.APOGEE,1527,-30,0,-30,0.0009423057781532407,4713,4713,"[10.8, 0.5, 15.9, 10.6, 15.5, 17.0, 0, 0]","[3.646, 3.647, 3.647]",0.262,"[2.9968000000000004, 3.3104, 5.0048, 7.3632, 8.4544, 27.824]","[0.03125, 0.26, -0.003125, -0.00125, -0.006875, -0.005625]",0,0,29.5,"[1, 1, 1, 1, 1, 1]",68.00500277866108,42.360140799999996,-71.0932881,3,-22.29
1774902974.4829507,"[0, 0, 0, 0, 0, 0]","[1291, 1500, 1500, 1500]","[-25.08, 0.0, 0.0, 0.0]","[-0.367749375, 2.528276953125, 10.22726334765625]",0,3586.37353515625,0,31.261592178344728,"[0.0, -5.4016113272399995, 2.68554687456]","[0, 0, 0]",0,3,0.0,0.0,3.589,0,0,0,4294967.295,3750042.368,0,97598,0,44.784244537353516,58.161434173583984,-0.3958393633365631,0,state.APOGEE,1528,-30,0,-30,0.0009418058325536549,4713,4713,"[10.4, 0.5, 17.0, 10.6, 15.9, 16.5, 0, 0]","[3.646, 3.647, 3.647]",0.262,"[2.9952, 3.3136, 5.0032000000000005, 7.3584000000000005, 8.4528, 27.8288]","[0.035, 0.231875, 0.00125, 0.00125, 0.000625, 0.000625]",0,0,29.5,"[1, 1, 1, 1, 1, 1]",68.01150247272454,42.3601404,-71.093289,3,-22.299
1774902974.5369596,"[0, 0, 0, 0, 0, 0]","[1291, 1500, 1500, 1500]","[-25.08, 0.0, 0.0, 0.0]","[-0.37464467578124994, 2.50299418359375, 10.2310940703125]",0,3584.061767578125,0,31.252848281860352,"[0.0, -2.65502929644, -2.56347656208]","[0, 0, 0]",0,3,0.0,0.0,3.585,0,0,0,4294967.295,3750042.368,0,97652,0,44.67746353149414,58.10942840576172,-0.3958393633365631,0,state.APOGEE,1529,-30,0,-30,0.0009413000661879778,4713,4713,"[10.2, 0.5, 16.5, 10.2, 15.5, 17.0, 0, 0]","[3.646, 3.647, 3.647]",0.262,"[2.9952, 3.3136, 5.0032000000000005, 7.3584000000000005, 8.4528, 27.8288]","[0.035, 0.231875, 0.00125, 0.00125, 0.000625, 0.000625]",0,0,29.5,"[1, 1, 1, 1, 1, 1]",67.93485717151611,42.3601404,-71.093289,3,-22.299
1774902974.597457,"[0, 0, 0, 0, 0, 0]","[1291, 1500, 1500, 1500]","[-25.08, 0.0, 0.0, 0.0]","[-0.37924154296875, 2.5252123749999997, 10.216537324218748]",0,3581.750244140625,0,31.248476333618164,"[0.0, 5.82885742092, 2.288818359]","[0, 0, 0]",0,3,0.0,0.0,3.585,0,0,0,4294967.295,3750042.368,0,97712,0,44.6295166015625,58.06853485107422,-0.3958393633365631,0,state.APOGEE,1530,-29,0,-30,0.000940705940593034,4713,4713,"[10.2, 0.5, 17.0, 10.8, 15.9, 16.5, 0, 0]","[3.646, 3.647, 3.647]",0.262,"[2.9968000000000004, 3.3120000000000003, 5.0064, 7.3632, 8.4624, 27.8288]","[0.03375, 0.226875, -0.003125, -0.00625, 0.000625, 0.001875]",0,0,29.5,"[1, 1, 1, 1, 1, 1]",67.88898356529776,42.3601397,-71.0932897,3,-22.35
1774902974.6559873,"[0, 0, 0, 0, 0, 0]","[1291, 1500, 1500, 1500]","[-25.08, 0.0, 0.0, 0.0]","[-0.3784753984375, 2.5252123749999997, 10.224198769531249]",0,3579.4384765625,0,31.252848281860352,"[0.0, -2.65502929644, 3.78417968688]","[0, 0, 0]",0,3,0.0,0.0,3.581,0,0,0,4294967.295,3750042.368,0,97772,0,44.43389129638672,58.11125564575195,-0.3958393633365631,0,state.APOGEE,1531,-29,0,-30,0.0009401999996043742,4713,4713,"[10.6, 0.5, 15.9, 10.6, 15.5, 16.5, 0, 0]","[3.646, 3.647, 3.647]",0.262,"[2.9968000000000004, 3.3120000000000003, 5.0064, 7.3632, 8.4624, 27.8288]","[0.03375, 0.226875, -0.003125, -0.00625, 0.000625, 0.001875]",0,0,29.5,"[1, 1, 1, 1, 1, 1]",67.83860340777554,42.3601394,-71.0932912,3,-22.378
1774902974.7169902,"[0, 0, 0, 0, 0, 0]","[1291, 1500, 1500, 1500]","[-25.08, 0.0, 0.0, 0.0]","[-0.33863588281249996, 2.534406109375, 10.22726334765625]",0,3577.1279296875,0,31.252848281860352,"[0.0, -1.25122070292, -4.60815429612]","[0, 0, 0]",0,3,0.0,0.0,3.577,0,0,0,4294967.295,3750042.368,0,97832,0,44.679866790771484,58.11980438232422,-0.3958393633365631,0,state.APOGEE,1532,-29,0,-30,0.0009395060478709638,4713,4713,"[10.8, 0.5, 15.9, 10.6, 15.9, 17.6, 0, 0]","[3.646, 3.647, 3.647]",0.262,"[2.9968000000000004, 3.3136, 5.0048, 7.3616, 8.4352, 27.8288]","[0.0375, 0.39937500000000004, 0.00375, 0.0025, -0.00125, 0.0]",0,0,29.5,"[1, 1, 1, 1, 1, 1]",67.94257986782836,42.3601394,-71.0932912,3,-22.378
1774902974.7710304,"[0, 0, 0, 0, 0, 0]","[1291, 1500, 1500, 1500]","[-25.08, 0.0, 0.0, 0.0]","[-0.35242648437499996, 2.491502015625, 10.22956178125]",0,3575.202880859375,0,31.244104385375977,"[0.0, 6.68334960828, 13.67187499776]","[0, 0, 0]",0,3,0.0,0.0,3.577,0,0,0,4294967.295,3750042.368,0,97886,0,44.78523635864258,58.00164031982422,-0.3958393633365631,0,state.APOGEE,1533,-29,0,-30,0.0009391999919898808,4713,4713,"[10.8, 0.5, 15.9, 10.4, 15.0, 17.0, 0, 0]","[3.646, 3.647, 3.647]",0.262,"[2.9968000000000004, 3.3136, 5.0048, 7.3616, 8.4352, 27.8288]","[0.0375, 0.39937500000000004, 0.00375, 0.0025, -0.00125, 0.0]",0,0,29.5,"[1, 1, 1, 1, 1, 1]",67.9080444134578,42.3601391,-71.0932914,3,-22.447
1774902974.8310292,"[0, 0, 0, 0, 0, 0]","[1291, 1500, 1500, 1500]","[-25.08, 0.0, 0.0, 0.0]","[-0.3539587734375, 2.50682490625, 10.232626359374999]",0,3572.893310546875,0,31.248476333618164,"[0.0, 7.7819824206, 5.2795410147599995]","[0, 0, 0]",0,3,0.0,0.0,3.573,0,0,0,4294967.295,3750042.368,0,97946,0,44.78859329223633,58.10051727294922,-0.3958393633365631,0,state.APOGEE,1534,-29,0,-30,0.0009386999881826341,4713,4713,"[10.2, 0.5, 16.5, 10.6, 15.9, 15.9, 0, 0]","[3.646, 3.647, 3.647]",0.262,"[2.9936000000000003, 3.3120000000000003, 5.0032000000000005, 7.3616, 8.448, 27.824]","[0.033125, 0.606875, 0.00375, 0.0, -0.0025, -0.000625]",0,0,29.5,"[1, 1, 1, 1, 1, 1]",67.9736437418922,42.3601391,-71.0932914,3,-22.447
1774902974.8908324,"[0, 0, 0, 0, 0, 0]","[1291, 1500, 1500, 1500]","[-25.08, 0.0, 0.0, 0.0]","[-0.34629732812499997, 2.52444623046875, 10.2127066015625]",0,3570.58349609375,0,31.244104385375977,"[0.0, 0.88500976548, 16.99829101284]","[0, 0, 0]",0,3,0.0,0.0,3.573,0,0,0,4294967.295,3750042.368,0,98006,0,45.31379318237305,58.30193328857422,-0.3958393633365631,0,state.APOGEE,1535,-29,0,-30,0.0009380999836139381,4713,4713,"[10.4, 0.5, 17.0, 10.4, 15.9, 17.0, 0, 0]","[3.646, 3.647, 3.647]",0.262,"[2.9936000000000003, 3.3120000000000003, 5.0032000000000005, 7.3616, 8.448, 27.824]","[0.033125, 0.606875, 0.00375, 0.0, -0.0025, -0.000625]",0,0,29.5,"[1, 1, 1, 1, 1, 1]",68.31497767595648,42.3601387,-71.09329149999999,3,-22.501
1774902974.951348,"[0, 0, 0, 0, 0, 0]","[1291, 1500, 1500, 1500]","[-25.08, 0.0, 0.0, 0.0]","[-0.36315250781249997, 2.5083571953125, 10.24182009375]",0,3568.273681640625,0,31.252848281860352,"[0.0, -6.7443847645199995, 3.02124023388]","[0, 0, 0]",0,3,0.0,0.0,3.569,0,0,0,4294967.295,3750042.624,0,98066,0,45.26643371582031,58.23725509643555,-0.3958393633365631,0,state.APOGEE,1536,-29,0,-30,0.0009376875241287053,4713,4713,"[10.6, 0.5, 16.5, 10.6, 15.9, 15.9, 0, 0]","[3.646, 3.647, 3.647]",0.262,"[2.9904, 3.3104, 5.0, 7.3664000000000005, 8.4384, 27.8272]","[0.033125, 0.615, 0.005, -0.003125, -0.004375, 0.00125]",0,0,29.5,"[1, 1, 1, 1, 1, 1]",68.25426696506003,42.3601382,-71.09329269999999,3,-22.507
1774902975.0053446,"[0, 0, 0, 0, 0, 0]","[1291, 1500, 1500, 1500]","[-25.08, 0.0, 0.0, 0.0]","[-0.3662170859375, 2.5336399648437498, 10.232626359374999]",0,3566.34912109375,0,31.2353604888916,"[0.0, -2.288818359, 6.19506835836]","[0, 0, 0]",0,3,0.0,0.0,3.569,0,0,0,4294967.295,3750042.624,0,98120,0,45.09781265258789,58.295326232910156,-0.3958393633365631,0,state.APOGEE,1537,-29,0,-30,0.0009372874046675861,4713,4713,"[10.6, 0.5, 16.5, 10.4, 15.9, 16.5, 0, 0]","[3.646, 3.647, 3.647]",0.262,"[2.9904, 3.3104, 5.0, 7.3664000000000005, 8.4384, 27.8272]","[0.033125, 0.615, 0.005, -0.003125, -0.004375, 0.00125]",0,0,29.5,"[1, 1, 1, 1, 1, 1]",68.22401113145422,42.3601382,-71.09329269999999,3,-22.507
1774902975.0644975,"[0, 0, 0, 0, 0, 0]","[1291, 1500, 1500, 1500]","[-25.08, 0.0, 0.0, 0.0]","[-0.35549106249999995, 2.52291394140625, 10.22573105859375]",0,3564.041015625,0,31.244104385375977,"[0.0, -4.1809082024399995, -1.0681152342]","[0, 0, 0]",0,3,0.0,0.0,3.565,0,0,0,4294967.295,3750042.624,0,98180,0,45.323326110839844,58.52543258666992,-0.3958393633365631,0,state.APOGEE,1538,-29,0,-30,0.000936599972192198,4713,4713,"[10.6, 0.5, 17.6, 10.8, 15.0, 18.2, 0, 0]","[3.646, 3.647, 3.647]",0.262,"[2.9968000000000004, 3.3088, 5.0032000000000005, 7.3664000000000005, 8.427200000000001, 27.8256]","[0.035, 0.23875000000000002, 0.00125, 0.0, -0.000625, 0.00125]",0,0,29.5,"[1, 1, 1, 1, 1, 1]",68.46279287301613,42.3601381,-71.0932933,3,-22.478
1774902975.1244984,"[0, 0, 0, 0, 0, 0]","[1291, 1500, 1500, 1500]","[-25.08, 0.0, 0.0, 0.0]","[-0.36468479687499994, 2.53134153125, 10.219601902343749]",0,3561.732177734375,0,31.230988540649413,"[0.0, 3.87573242124, -3.87573242124]","[0, 0, 0]",0,3,0.0,0.0,3.562,0,0,0,4294967.295,3750042.624,0,98240,0,45.220787048339844,58.51504135131836,-0.3958393633365631,0,state.APOGEE,1539,-29,0,-30,0.0009361000265926123,4713,4713,"[10.8, 0.5, 16.5, 10.8, 15.9, 16.5, 0, 0]","[3.646, 3.647, 3.647]",0.262,"[2.9968000000000004, 3.3088, 5.0032000000000005, 7.3664000000000005, 8.427200000000001, 27.8256]","[0.035, 0.23875000000000002, 0.00125, 0.0, -0.000625, 0.00125]",0,0,29.5,"[1, 1, 1, 1, 1, 1]",68.41518315555925,42.3601381,-71.0932933,3,-22.478
1774902975.1850183,"[0, 0, 0, 0, 0, 0]","[1291, 1500, 1500, 1500]","[-25.08, 0.0, 0.0, 0.0]","[-0.36851551953124995, 2.51908321875, 10.22266648046875]",0,3559.42236328125,0,31.248476333618164,"[0.0, -4.97436523356, 7.14111328008]","[0, 0, 0]",0,3,0.0,0.0,3.562,0,0,0,4294967.295,3750042.624,0,98300,0,45.075233459472656,58.624908447265625,-0.3958393633365631,0,state.APOGEE,1540,-28,0,-29,0.0009354999638162553,4713,4713,"[10.4, 0.5, 16.5, 10.4, 16.5, 17.0, 0, 0]","[3.646, 3.647, 3.647]",0.262,"[2.9968000000000004, 3.3120000000000003, 5.0032000000000005, 7.36, 8.4608, 27.8272]","[0.033125, 0.19375, -0.0025, -0.004375, 0.003125, -0.003125]",0,0,29.5,"[1, 1, 1, 1, 1, 1]",68.42842083908036,42.360138,-71.09329199999999,3,-22.476
1774902975.2385287,"[0, 0, 0, 0, 0, 0]","[1291, 1500, 1500, 1500]","[-25.08, 0.0, 0.0, 0.0]","[-0.36698323046875, 2.4960988828125, 10.209642023437498]",0,3557.114013671875,0,31.244104385375977,"[0.0, 8.02612304556, 8.850097654799999]","[0, 0, 0]",0,3,0.0,0.0,3.558,0,0,0,4294967.295,3750042.624,0,98354,0,45.15595245361328,58.596099853515625,-0.3958393633365631,0,state.APOGEE,1541,-28,0,-29,0.0009350000764243305,4713,4713,"[10.4, 0.5, 16.5, 10.4, 15.9, 16.5, 0, 0]","[3.646, 3.647, 3.647]",0.262,"[2.9952, 3.3104, 5.0016, 7.368, 8.4288, 27.8288]","[0.031875, 0.2475, -0.003125, -0.001875, -0.00125, -0.001875]",0,0,29.5,"[1, 1, 1, 1, 1, 1]",68.441791055541,42.360138,-71.09329199999999,3,-22.476
1774902975.2990546,"[0, 0, 0, 0, 0, 0]","[1291, 1500, 1500, 1500]","[-25.08, 0.0, 0.0, 0.0]","[-0.3815399765625, 2.528276953125, 10.22266648046875]",0,3554.806396484375,0,31.261592178344728,"[0.0, -5.9509277334, -5.12695312416]","[0, 0, 0]",0,3,0.0,0.0,3.558,0,0,0,4294967.295,3750042.624,0,98414,0,45.15225601196289,58.84207534790039,-0.3958393633365631,0,state.APOGEE,1542,-28,0,-29,0.0009344934951514006,4713,4713,"[10.4, 0.5, 16.5, 10.8, 16.5, 15.9, 0, 0]","[3.646, 3.647, 3.647]",0.262,"[2.9952, 3.3104, 5.0016, 7.368, 8.4288, 27.8288]","[0.031875, 0.2475, -0.003125, -0.001875, -0.00125, -0.001875]",0,0,29.5,"[1, 1, 1, 1, 1, 1]",68.59963932186741,42.3601378,-71.0932921,3,-22.401
1774902975.3625548,"[0, 0, 0, 0, 0, 0]","[1291, 1500, 1500, 1500]","[-25.08, 0.0, 0.0, 0.0]","[-0.37158009765624994, 2.5144863515624998, 10.237989371093748]",0,3552.500244140625,0,31.25722023010254,"[0.0, 7.7819824206, 12.90893554476]","[0, 0, 0]",0,3,0.0,0.0,3.554,0,0,0,4294967.295,3750042.624,0,98474,0,45.430274963378906,58.86585998535156,-0.3958393633365631,0,state.APOGEE,1543,-28,0,-29,0.0009337065857835114,4713,4713,"[10.4, 0.5, 17.0, 10.4, 17.0, 15.9, 0, 0]","[3.646, 3.647, 3.647]",0.262,"[2.9952, 3.3120000000000003, 5.0048, 7.36, 8.448, 27.824]","[0.033125, 0.254375, -0.00125, -0.00375, -0.001875, -0.00375]",0,0,29.5,"[1, 1, 1, 1, 1, 1]",68.72473021952213,42.3601378,-71.0932928,3,-22.325
1774902975.4217796,"[0, 0, 0, 0, 0, 0]","[1291, 1500, 1500, 1500]","[-25.08, 0.0, 0.0, 0.0]","[-0.35625720703125, 2.53057538671875, 10.21730346875]",0,3550.194091796875,0,31.261592178344728,"[0.0, -6.9885253894799995, -16.35742187232]","[0, 0, 0]",0,3,0.0,0.0,3.55,0,0,0,4294967.295,3750042.624,0,98534,0,45.17485427856445,59.1002197265625,-0.3958393633365631,0,state.APOGEE,1544,-30,0,-30,0.0009332066983915865,4713,4713,"[10.4, 0.5, 17.0, 10.4, 15.5, 16.5, 0, 0]","[3.646, 3.647, 3.647]",0.262,"[2.9952, 3.3120000000000003, 5.0048, 7.36, 8.448, 27.824]","[0.033125, 0.254375, -0.00125, -0.00375, -0.001875, -0.00375]",0,0,29.5,"[1, 1, 1, 1, 1, 1]",68.7759241399373,42.3601378,-71.0932928,3,-22.325
1774902975.4728205,"[0, 0, 0, 0, 0, 0]","[1291, 1500, 1500, 1500]","[-25.08, 0.0, 0.0, 0.0]","[-0.37004780859374997, 2.5359383984375, 10.215771179687499]",0,3548.2724609375,0,31.2353604888916,"[0.0, 1.12915039044, 0.06103515624]","[0, 0, 0]",0,3,0.0,0.0,3.55,0,0,0,4294967.295,3750042.624,0,98588,0,45.304561614990234,59.31059265136719,-0.3958393633365631,0,state.APOGEE,1545,-29,0,-227,0.0009329000022262335,4713,4713,"[10.4, 0.5, 16.5, 10.8, 15.5, 17.0, 0, 0]","[3.646, 3.647, 3.647]",0.262,"[2.9952, 3.3136, 5.0, 7.3616, 8.448, 27.8288]","[0.03625, 0.586875, 0.003125, -0.004375, -0.003125, -0.0025]",0,0,29.5,"[1, 1, 1, 1, 1, 1]",68.96289423516818,42.3601374,-71.09329249999999,3,-22.304
1774902975.5378304,"[0, 0, 0, 0, 0, 0]","[1291, 1500, 1500, 1500]","[-25.08, 0.0, 0.0, 0.0]","[-0.38996756640624997, 2.50146189453125, 10.2188357578125]",0,3545.96630859375,0,31.248476333618164,"[0.0, -3.57055664004, -9.24682617036]","[0, 0, 0]",0,3,0.0,0.0,3.546,0,0,0,4294967.295,3750042.624,0,98648,0,45.332916259765625,59.34907150268555,-0.3958393633365631,0,state.APOGEE,1546,-29,0,-227,0.0009322999976575375,4713,4713,"[10.8, 0.5, 16.5, 10.8, 15.9, 17.6, 0, 0]","[3.646, 3.647, 3.647]",0.262,"[2.9952, 3.3136, 5.0, 7.3616, 8.448, 27.8288]","[0.03625, 0.586875, 0.003125, -0.004375, -0.003125, -0.0025]",0,0,29.5,"[1, 1, 1, 1, 1, 1]",68.99884231967215,42.3601374,-71.09329249999999,3,-22.304
1774902975.5963442,"[0, 0, 0, 0, 0, 0]","[1291, 1500, 1500, 1500]","[-25.08, 0.0, 0.0, 0.0]","[-0.37924154296875, 2.53134153125, 10.215005035156251]",0,3543.66015625,0,31.244104385375977,"[0.0, -1.0681152342, -3.87573242124]","[0, 0, 0]",0,3,0.0,0.0,3.546,0,0,0,4294967.295,3750042.624,0,98708,0,45.30452346801758,59.30635452270508,-0.3958393633365631,0,state.APOGEE,1547,-28,0,-227,0.0009318931843154132,4713,4713,"[10.6, 0.5, 16.5, 11.1, 16.5, 16.5, 0, 0]","[3.646, 3.647, 3.647]",0.262,"[2.9968000000000004, 3.3104, 5.0032000000000005, 7.368, 8.4672, 27.8256]","[0.035, 0.628125, 0.0, 0.000625, -0.00125, 0.000625]",0,0,29.5,"[1, 1, 1, 1, 1, 1]",68.96013302484737,42.3601372,-71.0932926,3,-22.237
1774902975.6528711,"[0, 0, 0, 0, 0, 0]","[1291, 1500, 1500, 1500]","[-25.08, 0.0, 0.0, 0.0]","[-0.35625720703125, 2.558922734375, 10.2188357578125]",0,3541.35400390625,0,31.248476333618164,"[0.0, -0.4577636718, 5.09643554604]","[0, 0, 0]",0,3,0.0,0.0,3.542,0,0,0,4294967.295,3750042.624,0,98768,0,45.276222229003906,59.33442687988281,-0.3958393633365631,0,state.APOGEE,1548,-28,0,-227,0.0009311999892815948,4713,4713,"[10.6, 0.5, 15.9, 10.6, 15.5, 17.0, 0, 0]","[3.646, 3.647, 3.647]",0.262,"[2.9968000000000004, 3.3104, 5.0032000000000005, 7.368, 8.4672, 27.8256]","[0.035, 0.628125, 0.0, 0.000625, -0.00125, 0.000625]",0,0,29.5,"[1, 1, 1, 1, 1, 1]",68.96733564601297,42.3601374,-71.0932918,3,-22.178
1774902975.7078722,"[0, 0, 0, 0, 0, 0]","[1291, 1500, 1500, 1500]","[-25.08, 0.0, 0.0, 0.0]","[-0.38843527734375, 2.47541298046875, 10.249481539062499]",0,3539.04833984375,0,31.2353604888916,"[0.0, 4.24194335868, 1.73950195284]","[0, 0, 0]",0,3,0.0,0.0,3.539,0,0,0,4294967.295,3750042.624,0,98822,0,45.372764587402344,59.38650894165039,-0.3958393633365631,0,state.APOGEE,1549,-28,0,-29,0.0009306930587626994,4713,4713,"[10.6, 0.5, 16.5, 10.4, 15.5, 15.9, 0, 0]","[3.646, 3.647, 3.647]",0.262,"[2.9952, 3.3136, 5.0032000000000005, 7.356800000000001, 8.4656, 27.8272]","[0.035625000000000004, 0.55875, 0.004375, -0.00125, -0.00875, -0.001875]",0,0,29.5,"[1, 1, 1, 1, 1, 1]",69.03855813478677,42.3601374,-71.0932918,3,-22.178
1774902975.7669103,"[0, 0, 0, 0, 0, 0]","[1291, 1500, 1500, 1500]","[-25.08, 0.0, 0.0, 0.0]","[-0.35549106249999995, 2.5566243007812495, 10.1973837109375]",0,3536.744140625,0,31.248476333618164,"[0.0, -1.0681152342, 4.15039062432]","[0, 0, 0]",0,3,0.0,0.0,3.539,0,0,0,4294967.295,3750042.624,0,98882,0,45.575069427490234,59.52507400512695,-0.3958393633365631,0,state.APOGEE,1550,-28,0,-29,0.000930100039113313,4713,4713,"[10.8, 0.5, 17.0, 10.8, 15.5, 16.5, 0, 0]","[3.646, 3.647, 3.647]",0.262,"[2.9952, 3.3136, 5.0032000000000005, 7.356800000000001, 8.4656, 27.8272]","[0.035625000000000004, 0.55875, 0.004375, -0.00125, -0.00875, -0.001875]",0,0,29.5,"[1, 1, 1, 1, 1, 1]",69.20657006405216,42.3601376,-71.0932912,3,-22.111
1774902975.8299084,"[0, 0, 0, 0, 0, 0]","[1291, 1500, 1500, 1500]","[-25.08, 0.0, 0.0, 0.0]","[-0.38613684374999996, 2.5075910507812496, 10.21806961328125]",0,3534.439697265625,0,31.23973243713379,"[0.0, -1.6784667966, -6.83593749888]","[0, 0, 0]",0,3,0.0,0.0,3.535,0,0,0,4294967.295,3750042.624,0,98942,0,45.6135368347168,59.63859176635742,-0.3958393633365631,0,state.APOGEE,1551,-28,0,-29,0.0009296929347328842,4713,4713,"[10.6, 0.5, 17.0, 11.1, 15.5, 16.5, 0, 0]","[3.646, 3.647, 3.647]",0.262,"[2.9968000000000004, 3.3120000000000003, 5.0064, 7.3664000000000005, 8.4448, 27.824]","[0.03125, 0.23625000000000002, -0.0025, -0.00375, 0.000625, -0.000625]",0,0,29.5,"[1, 1, 1, 1, 1, 1]",69.29469878170158,42.3601376,-71.0932912,3,-22.111
1774902975.887435,"[0, 0, 0, 0, 0, 0]","[1291, 1500, 1500, 1500]","[-25.08, 0.0, 0.0, 0.0]","[-0.3754108203125, 2.52291394140625, 10.226497203124998]",0,3532.135498046875,0,31.226616592407225,"[0.0, 6.6223144520399995, 9.73510742028]","[0, 0, 0]",0,3,0.0,0.0,3.535,0,0,0,4294967.295,3750042.624,0,99002,0,45.385292053222656,59.65200424194336,-0.3958393633365631,0,state.APOGEE,1552,-27,0,-28,0.0009292858303524554,4713,4713,"[10.6, 0.5, 16.5, 10.6, 15.5, 17.0, 0, 0]","[3.646, 3.647, 3.647]",0.262,"[2.9952, 3.3120000000000003, 5.0032000000000005, 7.3632, 8.456000000000001, 27.8256]","[0.028125, 0.2, -0.00125, -0.0025, -0.000625, 0.00125]",0,0,29.5,"[1, 1, 1, 1, 1, 1]",69.2154017210914,42.360137699999996,-71.09329129999999,3,-21.995
1774902975.9407828,"[0, 0, 0, 0, 0, 0]","[1291, 1500, 1500, 1500]","[-25.08, 0.0, 0.0, 0.0]","[-0.37617696484374996, 2.5635196015624997, 10.20427901171875]",0,3530.215087890625,0,31.248476333618164,"[0.0, 8.57543945172, 5.6457519521999995]","[0, 0, 0]",0,3,0.0,0.0,3.531,0,0,0,4294967.295,3750042.624,0,99056,0,45.41623306274414,59.4378547668457,-0.3958393633365631,0,state.APOGEE,1553,-27,0,-28,0.000928599969483912,4713,4713,"[10.4, 0.5, 15.9, 10.2, 15.9, 18.2, 0, 0]","[3.646, 3.647, 3.647]",0.262,"[2.9952, 3.3120000000000003, 5.0032000000000005, 7.3632, 8.456000000000001, 27.8256]","[0.028125, 0.2, -0.00125, -0.0025, -0.000625, 0.00125]",0,0,29.5,"[1, 1, 1, 1, 1, 1]",69.08865243315383,42.360137699999996,-71.09329129999999,3,-21.995
1774902976.0013046,"[0, 0, 0, 0, 0, 0]","[1291, 1500, 1500, 1500]","[-25.08, 0.0, 0.0, 0.0]","[-0.36162021874999994, 2.51372020703125, 10.20887587890625]",0,3527.910888671875,0,31.248476333618164,"[0.0, 6.43920898332, -0.3051757812]","[0, 0, 0]",0,3,0.0,0.0,3.531,0,0,0,4294967.295,3750042.624,0,99116,0,45.61887741088867,59.34569549560547,-0.3958393633365631,0,state.APOGEE,1554,-26,0,-28,0.0009280000231228769,4713,4713,"[10.6, 0.5, 15.9, 10.6, 15.9, 17.6, 0, 0]","[3.646, 3.647, 3.647]",0.262,"[2.9968000000000004, 3.3104, 5.0016, 7.3616, 8.459200000000001, 27.8304]","[0.026875, 0.24, -0.006875, -0.005, -0.004375, -0.00375]",0,0,29.5,"[1, 1, 1, 1, 1, 1]",69.10796011694232,42.3601374,-71.0932906,3,-22.003
1774902976.06083,"[0, 0, 0, 0, 0, 0]","[1291, 1500, 1500, 1500]","[-25.08, 0.0, 0.0, 0.0]","[-0.36698323046875, 2.5206155078125, 10.228029492187499]",0,3525.6064453125,0,31.2353604888916,"[0.0, -7.1716308582, -5.8898925771599995]","[0, 0, 0]",0,3,0.0,0.0,3.527,0,0,0,4294967.295,3750042.624,0,99176,0,45.38788604736328,59.542850494384766,-0.3958393633365631,0,state.APOGEE,1555,-26,0,-27,0.0009275071788579226,4713,4713,"[10.6, 0.5, 17.0, 10.4, 16.5, 17.0, 0, 0]","[3.646, 3.647, 3.647]",0.262,"[2.9968000000000004, 3.3104, 5.0016, 7.3616, 8.459200000000001, 27.8304]","[0.026875, 0.24, -0.006875, -0.005, -0.004375, -0.00375]",0,0,29.5,"[1, 1, 1, 1, 1, 1]",69.14566338665236,42.360137099999996,-71.0932917,3,-22.0
1774902976.1208308,"[0, 0, 0, 0, 0, 0]","[1291, 1500, 1500, 1500]","[-25.08, 0.0, 0.0, 0.0]","[-0.370813953125, 2.53670454296875, 10.226497203124998]",0,3523.30322265625,0,31.2353604888916,"[0.0, -5.21850585852, -5.1574707022799995]","[0, 0, 0]",0,3,0.0,0.0,3.523,0,0,0,4294967.295,3750042.624,0,99236,0,45.53989028930664,59.5233039855957,-0.3958393633365631,0,state.APOGEE,1556,-26,0,-27,0.0009270073496736586,4713,4713,"[10.4, 0.5, 17.0, 10.6, 16.5, 16.5, 0, 0]","[3.646, 3.647, 3.647]",0.262,"[2.9952, 3.3136, 5.0048, 7.368, 8.4688, 27.822400000000002]","[0.03125, 0.226875, -0.00125, 0.00125, -0.004375, -0.000625]",0,0,29.5,"[1, 1, 1, 1, 1, 1]",69.191800964895,42.360137099999996,-71.0932917,3,-22.0
1774902976.175346,"[0, 0, 0, 0, 0, 0]","[1291, 1500, 1500, 1500]","[-25.08, 0.0, 0.0, 0.0]","[-0.3692816640625, 2.5114217734374997, 10.221134191406248]",0,3521.384521484375,0,31.2353604888916,"[0.0, 0.762939453, -8.117675779919999]","[0, 0, 0]",0,3,0.0,0.0,3.523,0,0,0,4294967.295,3750042.624,0,99290,0,45.43965148925781,59.517391204833984,-0.3958393633365631,0,state.APOGEE,1557,-26,0,-27,0.0009266000124625862,4713,4713,"[10.8, 0.5, 17.0, 10.6, 15.9, 17.0, 0, 0]","[3.646, 3.647, 3.647]",0.262,"[2.9952, 3.3136, 5.0048, 7.368, 8.4688, 27.822400000000002]","[0.03125, 0.226875, -0.00125, 0.00125, -0.004375, -0.000625]",0,0,29.5,"[1, 1, 1, 1, 1, 1]",69.14918504198023,42.360136399999995,-71.0932928,3,-22.09
1774902976.2378585,"[0, 0, 0, 0, 0, 0]","[1291, 1500, 1500, 1500]","[-25.08, 0.0, 0.0, 0.0]","[-0.37617696484374996, 2.5083571953125, 10.2188357578125]",0,3519.08203125,0,31.248476333618164,"[0.0, -0.27465820308, 12.54272460732]","[0, 0, 0]",0,3,0.0,0.0,3.519,0,0,0,4294967.295,3750042.624,0,99350,0,45.90196990966797,59.81159973144531,-0.3958393633365631,0,state.APOGEE,1558,-26,0,-27,0.0009261000086553395,4713,4713,"[10.6, 0.5, 16.5, 10.4, 15.9, 16.5, 0, 0]","[3.646, 3.647, 3.647]",0.262,"[2.9968000000000004, 3.3104, 5.0048, 7.3632, 8.4336, 27.822400000000002]","[0.036875, 0.625, 0.003125, -0.003125, -0.003125, 0.0]",0,0,29.5,"[1, 1, 1, 1, 1, 1]",69.51734386860291,42.360136399999995,-71.0932928,3,-22.09
1774902976.2953708,"[0, 0, 0, 0, 0, 0]","[1291, 1500, 1500, 1500]","[-25.08, 0.0, 0.0, 0.0]","[-0.34859576171874995, 2.5336399648437498, 10.2188357578125]",0,3516.779541015625,0,31.2353604888916,"[0.0, 8.57543945172, 15.35034179436]","[0, 0, 0]",0,3,0.0,0.0,3.519,0,0,0,4294967.295,3750042.624,0,99410,0,46.00270080566406,59.668758392333984,-0.3958393633365631,0,state.APOGEE,1559,-26,0,-27,0.0009256000630557537,4713,4713,"[10.4, 0.5, 17.0, 10.8, 16.5, 15.5, 0, 0]","[3.646, 3.647, 3.647]",0.262,"[2.9968000000000004, 3.3104, 5.0048, 7.3632, 8.4336, 27.822400000000002]","[0.036875, 0.625, 0.003125, -0.003125, -0.003125, 0.0]",0,0,29.5,"[1, 1, 1, 1, 1, 1]",69.46471257574657,42.3601362,-71.0932918,3,-22.056
1774902976.3558881,"[0, 0, 0, 0, 0, 0]","[1291, 1500, 1500, 1500]","[-25.08, 0.0, 0.0, 0.0]","[-0.37464467578124994, 2.54896285546875, 10.199682144531248]",0,3514.478759765625,0,31.261592178344728,"[0.0, -5.7678222646799995, 4.5471191398799995]","[0, 0, 0]",0,3,0.0,0.0,3.516,0,0,0,4294967.295,3750042.624,0,99470,0,46.152225494384766,59.83296585083008,-0.3958393633365631,0,state.APOGEE,1560,-27,0,-28,0.0009250925504602492,4713,4713,"[10.6, 0.5, 15.9, 10.4, 15.5, 16.5, 0, 0]","[3.646, 3.647, 3.647]",0.262,"[2.9936000000000003, 3.3120000000000003, 5.0032000000000005, 7.3616, 8.4624, 27.8288]","[0.031875, 0.631875, 0.0025, -0.000625, -0.00125, -0.000625]",0,0,29.5,"[1, 1, 1, 1, 1, 1]",69.62763783834764,42.3601363,-71.0932911,3,-22.017
1774902976.4115517,"[0, 0, 0, 0, 0, 0]","[1291, 1500, 1500, 1500]","[-25.08, 0.0, 0.0, 0.0]","[-0.36468479687499994, 2.52291394140625, 10.2188357578125]",0,3512.17822265625,0,31.244104385375977,"[0.0, 4.4250488273999995, 6.7443847645199995]","[0, 0, 0]",0,3,0.0,0.0,3.512,0,0,0,4294967.295,3750042.624,0,99524,0,46.08379364013672,59.87181091308594,-0.3958393633365631,0,state.APOGEE,1561,-28,0,-29,0.0009244924294762313,4713,4713,"[10.8, 0.5, 16.5, 10.4, 15.9, 16.5, 0, 0]","[3.646, 3.647, 3.647]",0.262,"[2.9936000000000003, 3.3120000000000003, 5.0032000000000005, 7.3616, 8.4624, 27.8288]","[0.031875, 0.631875, 0.0025, -0.000625, -0.00125, -0.000625]",0,0,29.5,"[1, 1, 1, 1, 1, 1]",69.62605104473711,42.3601363,-71.0932911,3,-22.017
1774902976.4697092,"[0, 0, 0, 0, 0, 0]","[1291, 1500, 1500, 1500]","[-25.08, 0.0, 0.0, 0.0]","[-0.36162021874999994, 2.534406109375, 10.224198769531249]",0,3509.87744140625,0,31.244104385375977,"[0.0, 2.47192382772, 7.87353515496]","[0, 0, 0]",0,3,0.0,0.0,3.512,0,0,0,4294967.295,3750042.624,0,99584,0,46.355682373046875,59.91819763183594,-0.3958393633365631,0,state.APOGEE,1562,-28,0,-29,0.000923900050111115,4713,4713,"[10.6, 0.5, 16.5, 10.4, 16.5, 17.0, 0, 0]","[3.646, 3.647, 3.647]",0.262,"[2.9952, 3.3120000000000003, 5.0032000000000005, 7.3632, 8.4608, 27.8256]","[0.038125, 0.59375, 0.00625, -0.003125, -0.00375, -0.0025]",0,0,29.5,"[1, 1, 1, 1, 1, 1]",69.7606444576887,42.360136399999995,-71.0932909,3,-21.949
1774902976.5327096,"[0, 0, 0, 0, 0, 0]","[1291, 1500, 1500, 1500]","[-25.08, 0.0, 0.0, 0.0]","[-0.36698323046875, 2.53823683203125, 10.21730346875]",0,3507.576904296875,0,31.2353604888916,"[0.0, -0.88500976548, -4.0588378899599995]","[0, 0, 0]",0,3,0.0,0.0,3.508,0,0,0,4294967.295,3750042.624,0,99644,0,46.21531295776367,60.208106994628906,-0.3958393633365631,0,state.APOGEE,1563,-27,0,-29,0.0009233076707459986,4713,4713,"[10.0, 0.5, 16.5, 10.6, 15.5, 17.6, 0, 0]","[3.646, 3.647, 3.647]",0.262,"[2.9952, 3.3120000000000003, 5.0032000000000005, 7.3632, 8.4608, 27.8256]","[0.038125, 0.59375, 0.00625, -0.003125, -0.00375, -0.0025]",0,0,29.5,"[1, 1, 1, 1, 1, 1]",69.89166564954839,42.360136399999995,-71.0932909,3,-21.949
1774902976.589226,"[0, 0, 0, 0, 0, 0]","[1291, 1500, 1500, 1500]","[-25.08, 0.0, 0.0, 0.0]","[-0.370813953125, 2.5213816523437496, 10.23492479296875]",0,3505.276123046875,0,31.248476333618164,"[0.0, 7.04956054572, 4.33349609304]","[0, 0, 0]",0,3,0.0,0.0,3.508,0,0,0,4294967.295,3750042.624,0,99704,0,46.352054595947266,60.32897186279297,-0.3958393633365631,0,state.APOGEE,1564,-27,0,-28,0.0009227999835275114,4713,4713,"[10.6, 0.5, 17.0, 10.8, 16.5, 17.0, 0, 0]","[3.646, 3.647, 3.647]",0.262,"[2.9984, 3.3104, 5.0032000000000005, 7.3632, 8.4608, 27.8288]","[0.031875, 0.245, -0.0025, -0.000625, -0.0025, 0.0]",0,0,29.5,"[1, 1, 1, 1, 1, 1]",70.02104938047543,42.3601363,-71.09329,3,-21.94
1774902976.654761,"[0, 0, 0, 0, 0, 0]","[1291, 1500, 1500, 1500]","[-25.08, 0.0, 0.0, 0.0]","[-0.35778949609375, 2.5236800859374995, 10.221900335937498]",0,3503.35888671875,0,31.2353604888916,"[0.0, -0.4577636718, -0.09155273436]","[0, 0, 0]",0,3,0.0,0.0,3.504,0,0,0,4294967.295,3750042.624,0,99758,0,46.33386993408203,60.28342056274414,-0.3958393633365631,0,state.APOGEE,1565,-27,0,-28,0.0009225844987668097,4713,4713,"[10.4, 0.5, 15.5, 10.6, 15.5, 17.0, 0, 0]","[3.646, 3.647, 3.647]",0.262,"[2.9984, 3.3104, 5.0032000000000005, 7.3632, 8.4608, 27.8288]","[0.031875, 0.245, -0.0025, -0.000625, -0.0025, 0.0]",0,0,29.5,"[1, 1, 1, 1, 1, 1]",69.9850449460882,42.3601363,-71.09329,3,-21.94
1774902976.7067602,"[0, 0, 0, 0, 0, 0]","[1291, 1500, 1500, 1500]","[-25.08, 0.0, 0.0, 0.0]","[-0.38690298828124997, 2.51908321875, 10.226497203124998]",0,3501.05859375,0,31.226616592407225,"[0.0, 1.31225585916, -0.48828124992]","[0, 0, 0]",0,3,0.0,0.0,3.504,0,0,0,4294967.295,3750042.624,0,99818,0,46.31373977661133,60.31332015991211,-0.3958393633365631,0,state.APOGEE,1566,-27,0,-28,0.0009219843777827919,4713,4713,"[10.8, 0.5, 15.5, 10.6, 16.5, 16.5, 0, 0]","[3.646, 3.647, 3.647]",0.262,"[2.9968000000000004, 3.3120000000000003, 5.0048, 7.364800000000001, 8.4352, 27.8256]","[0.031875, 0.224375, 0.0, -0.0025, 0.000625, -0.000625]",0,0,29.5,"[1, 1, 1, 1, 1, 1]",69.9964551645987,42.3601363,-71.093289,3,-21.945
1774902976.7677875,"[0, 0, 0, 0, 0, 0]","[1291, 1500, 1500, 1500]","[-25.08, 0.0, 0.0, 0.0]","[-0.370813953125, 2.5390029765624997, 10.2310940703125]",0,3498.759765625,0,31.21787269592285,"[0.0, 3.26538085884, 2.47192382772]","[0, 0, 0]",0,3,0.0,0.0,3.5,0,0,0,4294967.295,3750042.624,0,99878,0,46.30580139160156,60.258975982666016,-0.3958393633365631,0,state.APOGEE,1567,-27,0,-28,0.0009213077719323337,4713,4713,"[10.6, 0.5, 16.5, 10.6, 15.5, 17.0, 0, 0]","[3.646, 3.647, 3.647]",0.262,"[2.9952, 3.3136, 5.0048, 7.3632, 8.456000000000001, 27.8256]","[0.035, 0.228125, -0.003125, -0.0025, -0.0025, -0.004375]",0,0,29.5,"[1, 1, 1, 1, 1, 1]",69.95872678393724,42.3601361,-71.0932866,3,-21.995
1774902976.8237891,"[0, 0, 0, 0, 0, 0]","[1291, 1500, 1500, 1500]","[-25.08, 0.0, 0.0, 0.0]","[-0.38000768749999997, 2.4938004492187495, 10.211940457031249]",0,3496.4609375,0,31.23973243713379,"[0.0, -10.34545898268, -16.54052734104]","[0, 0, 0]",0,3,0.0,0.0,3.496,0,0,0,4294967.295,3750042.624,0,99938,0,46.324378967285156,60.38903045654297,-0.3958393633365631,0,state.APOGEE,1568,-27,0,-28,0.0009207078837789595,4713,4713,"[10.8, 0.5, 16.5, 10.4, 15.9, 17.6, 0, 0]","[3.646, 3.647, 3.647]",0.262,"[2.9952, 3.3136, 5.0048, 7.3632, 8.456000000000001, 27.8256]","[0.035, 0.228125, -0.003125, -0.0025, -0.0025, -0.004375]",0,0,29.5,"[1, 1, 1, 1, 1, 1]",70.04885724835708,42.3601361,-71.0932866,3,-21.995
1774902976.8772995,"[0, 0, 0, 0, 0, 0]","[1291, 1500, 1500, 1500]","[-25.08, 0.0, 0.0, 0.0]","[-0.36698323046875, 2.5428336992187495, 10.2188357578125]",0,3494.162109375,0,31.226616592407225,"[0.0, -2.04467773404, 4.8828124992]","[0, 0, 0]",0,3,0.0,0.0,3.496,0,0,0,4294967.295,3750042.624,0,99992,0,46.653263092041016,60.49717712402344,-0.3958393633365631,0,state.APOGEE,1569,-26,0,-28,0.0009202079963870347,4713,4713,"[10.4, 0.5, 16.5, 10.6, 15.5, 16.5, 0, 0]","[3.646, 3.647, 3.647]",0.262,"[2.9968000000000004, 3.3120000000000003, 5.0048, 7.3584000000000005, 8.440000000000001, 27.8272]","[0.031875, 0.284375, -0.004375, 0.000625, -0.003125, -0.00375]",0,0,29.5,"[1, 1, 1, 1, 1, 1]",70.24281349886145,42.3601361,-71.093285,3,-21.98
1774902976.9383018,"[0, 0, 0, 0, 0, 0]","[1291, 1500, 1500, 1500]","[-25.08, 0.0, 0.0, 0.0]","[-0.3692816640625, 2.53057538671875, 10.238755515624998]",0,3491.86328125,0,31.230988540649413,"[0.0, 5.6457519521999995, 0.42724609368]","[0, 0, 0]",0,3,0.0,0.0,3.493,0,0,0,4294967.295,3750042.624,0,100052,0,46.81890869140625,60.5564079284668,-0.3958393633365631,0,state.APOGEE,1570,-26,0,-27,0.0009198000770993531,4713,4713,"[10.6, 0.5, 17.0, 10.6, 15.9, 17.0, 0, 0]","[3.646, 3.647, 3.647]",0.262,"[2.9968000000000004, 3.3120000000000003, 5.0048, 7.3584000000000005, 8.440000000000001, 27.8272]","[0.031875, 0.284375, -0.004375, 0.000625, -0.003125, -0.00375]",0,0,29.5,"[1, 1, 1, 1, 1, 1]",70.3433943317639,42.3601361,-71.093285,3,-21.98
1774902976.9998217,"[0, 0, 0, 0, 0, 0]","[1291, 1500, 1500, 1500]","[-25.08, 0.0, 0.0, 0.0]","[-0.35932178515625, 2.5298092421875, 10.232626359374999]",0,3489.564697265625,0,31.23973243713379,"[0.0, 2.71606445268, 8.66699218608]","[0, 0, 0]",0,3,0.0,0.0,3.493,0,0,0,4294967.295,3750042.624,0,100112,0,47.11130142211914,60.59793472290039,-0.3958393633365631,0,state.APOGEE,1571,-26,0,-26,0.0009192000143229961,4713,4713,"[10.6, 0.5, 16.5, 10.4, 15.5, 17.0, 0, 0]","[3.646, 3.647, 3.647]",0.262,"[2.9968000000000004, 3.3088, 5.0048, 7.368, 8.440000000000001, 27.8304]","[0.034375, 0.6275000000000001, 0.00125, 0.003125, -0.005, -0.001875]",0,0,29.5,"[1, 1, 1, 1, 1, 1]",70.48103456684564,42.360136499999996,-71.0932845,3,-21.85
1774902977.0573323,"[0, 0, 0, 0, 0, 0]","[1291, 1500, 1500, 1500]","[-25.08, 0.0, 0.0, 0.0]","[-0.3662170859375, 2.5252123749999997, 10.2249649140625]",0,3487.267822265625,0,31.2353604888916,"[0.0, -4.1809082024399995, -5.340576171]","[0, 0, 0]",0,3,0.0,0.0,3.488,0,0,0,4294967.295,3750042.624,0,100172,0,47.1036376953125,60.81403350830078,-0.3958393633365631,0,state.APOGEE,1572,-26,0,-26,0.0009187918622046709,4713,4713,"[10.4, 0.5, 15.9, 10.8, 15.0, 16.5, 0, 0]","[3.646, 3.647, 3.647]",0.262,"[2.9968000000000004, 3.3088, 5.0048, 7.368, 8.440000000000001, 27.8304]","[0.034375, 0.6275000000000001, 0.00125, 0.003125, -0.005, -0.001875]",0,0,29.5,"[1, 1, 1, 1, 1, 1]",70.61415977974173,42.3601363,-71.09328479999999,3,-21.814
1774902977.1113317,"[0, 0, 0, 0, 0, 0]","[1291, 1500, 1500, 1500]","[-25.08, 0.0, 0.0, 0.0]","[-0.36085407421875, 2.5236800859374995, 10.2310940703125]",0,3485.35302734375,0,31.244104385375977,"[0.0, -3.2043457026, 9.0026855454]","[0, 0, 0]",0,3,0.0,0.0,3.485,0,0,0,4294967.295,3750042.624,0,100226,0,47.14625549316406,60.8568229675293,-0.3958393633365631,0,state.APOGEE,1573,-26,0,-26,0.0009182000067085028,4713,4713,"[10.8, 0.5, 17.0, 10.6, 15.5, 17.0, 0, 0]","[3.646, 3.647, 3.647]",0.262,"[2.9968000000000004, 3.3120000000000003, 5.0048, 7.3584000000000005, 8.4528, 27.8288]","[0.035, 0.60375, -0.000625, -0.000625, -0.003125, 0.003125]",0,0,29.5,"[1, 1, 1, 1, 1, 1]",70.65723986565953,42.3601363,-71.09328479999999,3,-21.814
1774902977.1718695,"[0, 0, 0, 0, 0, 0]","[1291, 1500, 1500, 1500]","[-25.08, 0.0, 0.0, 0.0]","[-0.36468479687499994, 2.5405352656249995, 10.215005035156251]",0,3483.05419921875,0,31.244104385375977,"[0.0, -7.7819824206, 14.58740234136]","[0, 0, 0]",0,3,0.0,0.0,3.485,0,0,0,4294967.295,3750042.624,0,100286,0,47.329036712646484,61.1845817565918,-0.3958393633365631,0,state.APOGEE,1574,-26,0,-26,0.0009177000029012561,4713,4713,"[10.6, 0.5, 15.9, 10.8, 15.9, 17.0, 0, 0]","[3.646, 3.647, 3.647]",0.262,"[2.9968000000000004, 3.3120000000000003, 5.0048, 7.3584000000000005, 8.4528, 27.8288]","[0.035, 0.60375, -0.000625, -0.000625, -0.003125, 0.003125]",0,0,29.5,"[1, 1, 1, 1, 1, 1]",70.93223190481345,42.360135799999995,-71.0932844,3,-21.946
1774902977.2323766,"[0, 0, 0, 0, 0, 0]","[1291, 1500, 1500, 1500]","[-25.08, 0.0, 0.0, 0.0]","[-0.3600879296875, 2.48460671484375, 10.2188357578125]",0,3480.7578125,0,31.23973243713379,"[0.0, -0.09155273436, 18.1579589814]","[0, 0, 0]",0,3,0.0,0.0,3.481,0,0,0,4294967.295,3750042.624,0,100346,0,47.364749908447266,61.22609329223633,-0.3958393633365631,0,state.APOGEE,1575,-26,0,-26,0.000917100056540221,4713,4713,"[10.2, 0.5, 15.9, 10.8, 15.9, 17.0, 0, 0]","[3.646, 3.647, 3.647]",0.262,"[2.9968000000000004, 3.3104, 5.0032000000000005, 7.3632, 8.4384, 27.8256]","[0.029375000000000002, 0.626875, 0.003125, -0.0025, -0.005625, 0.000625]",0,0,29.5,"[1, 1, 1, 1, 1, 1]",70.97169283100983,42.360135799999995,-71.0932844,3,-21.946
1774902977.293893,"[0, 0, 0, 0, 0, 0]","[1291, 1500, 1500, 1500]","[-25.08, 0.0, 0.0, 0.0]","[-0.35932178515625, 2.49456659375, 10.24718310546875]",0,3478.462646484375,0,31.248476333618164,"[0.0, -3.02124023388, -6.46972656144]","[0, 0, 0]",0,3,0.0,0.0,3.481,0,0,0,4294967.295,3750042.624,0,100406,0,47.22831726074219,61.238914489746094,-0.3958393633365631,0,state.APOGEE,1576,-26,0,-26,0.0009167916723527014,4713,4713,"[10.2, 0.5, 16.5, 10.2, 15.9, 16.5, 0, 0]","[3.646, 3.647, 3.647]",0.262,"[2.9968000000000004, 3.3104, 5.0032000000000005, 7.3632, 8.4384, 27.8256]","[0.029375000000000002, 0.626875, 0.003125, -0.0025, -0.005625, 0.000625]",0,0,29.5,"[1, 1, 1, 1, 1, 1]",70.92870996042876,42.360135199999995,-71.0932845,3,-21.979
1774902977.3459032,"[0, 0, 0, 0, 0, 0]","[1291, 1500, 1500, 1500]","[-25.08, 0.0, 0.0, 0.0]","[-0.34553118359374996, 2.5267446640624995, 10.200448289062498]",0,3476.54833984375,0,31.226616592407225,"[0.0, -2.04467773404, -0.88500976548]","[0, 0, 0]",0,3,0.0,0.0,3.477,0,0,0,4294967.295,3750042.624,0,100460,0,47.23636245727539,61.137691497802734,-0.3958393633365631,0,state.APOGEE,1577,-26,0,-27,0.000916199991479516,4713,4713,"[10.6, 0.5, 15.9, 10.6, 16.5, 15.9, 0, 0]","[3.646, 3.647, 3.647]",0.262,"[2.9952, 3.3072000000000004, 5.0032000000000005, 7.368, 8.440000000000001, 27.8256]","[0.02875, 0.25, -0.0025, 0.000625, -0.000625, -0.00125]",0,0,29.5,"[1, 1, 1, 1, 1, 1]",70.86798838086065,42.3601351,-71.09328479999999,3,-21.99
1774902977.406028,"[0, 0, 0, 0, 0, 0]","[1291, 1500, 1500, 1500]","[-25.08, 0.0, 0.0, 0.0]","[-0.37387853125, 2.4960988828125, 10.24718310546875]",0,3474.251708984375,0,31.230988540649413,"[0.0, 7.41577148316, 0.82397460924]","[0, 0, 0]",0,3,0.0,0.0,3.477,0,0,0,4294967.295,3750042.624,0,100520,0,47.39106750488281,61.0650520324707,-0.3958393633365631,0,state.APOGEE,1578,-26,0,-27,0.0009156915475614369,4713,4713,"[10.4, 0.5, 17.0, 10.6, 15.5, 16.5, 0, 0]","[3.646, 3.647, 3.647]",0.262,"[2.9936000000000003, 3.3104, 5.0048, 7.3616, 8.4368, 27.8256]","[0.033125, 0.21937500000000001, -0.00125, -0.000625, 0.000625, -0.000625]",0,0,29.5,"[1, 1, 1, 1, 1, 1]",70.8805209351646,42.3601351,-71.09328479999999,3,-21.99
1774902977.4652655,"[0, 0, 0, 0, 0, 0]","[1291, 1500, 1500, 1500]","[-25.08, 0.0, 0.0, 0.0]","[-0.37617696484374996, 2.5206155078125, 10.209642023437498]",0,3471.95654296875,0,31.230988540649413,"[0.0, 3.08227539012, 5.6457519521999995]","[0, 0, 0]",0,3,0.0,0.0,3.473,0,0,0,4294967.295,3750042.624,0,100580,0,47.26229476928711,60.917972564697266,-0.3958393633365631,0,state.APOGEE,1579,-26,0,-26,0.0009150999831035733,4713,4713,"[10.4, 0.5, 15.9, 10.6, 15.9, 17.0, 0, 0]","[3.646, 3.647, 3.647]",0.262,"[2.9936000000000003, 3.3104, 5.0048, 7.3616, 8.4368, 27.8256]","[0.033125, 0.21937500000000001, -0.00125, -0.000625, 0.000625, -0.000625]",0,0,29.5,"[1, 1, 1, 1, 1, 1]",70.73959091737302,42.3601349,-71.0932843,3,-22.034
1774902977.5252652,"[0, 0, 0, 0, 0, 0]","[1291, 1500, 1500, 1500]","[-25.08, 0.0, 0.0, 0.0]","[-0.36468479687499994, 2.5604550234375, 10.201980578125]",0,3469.661376953125,0,31.230988540649413,"[0.0, -3.2043457026, -3.08227539012]","[0, 0, 0]",0,3,0.0,0.0,3.47,0,0,0,4294967.295,3750042.624,0,100640,0,47.256771087646484,60.90156173706055,-0.3958393633365631,0,state.APOGEE,1580,-26,0,-26,0.0009145999792963266,4713,4713,"[10.8, 0.5, 16.5, 10.6, 16.5, 15.9, 0, 0]","[3.646, 3.647, 3.647]",0.262,"[2.9952, 3.3120000000000003, 5.0016, 7.3664000000000005, 8.4352, 27.8256]","[0.02875, 0.23125, -0.00375, -0.004375, -0.00125, -0.004375]",0,0,29.5,"[1, 1, 1, 1, 1, 1]",70.7271913913348,42.3601349,-71.0932843,3,-22.034
1774902977.5807805,"[0, 0, 0, 0, 0, 0]","[1291, 1500, 1500, 1500]","[-25.08, 0.0, 0.0, 0.0]","[-0.37158009765624994, 2.503760328125, 10.22726334765625]",0,3467.3662109375,0,31.226616592407225,"[0.0, -6.3781738270799995, -4.60815429612]","[0, 0, 0]",0,3,0.0,0.0,3.47,0,0,0,4294967.295,3750042.624,0,100694,0,47.00706100463867,60.84142303466797,-0.3958393633365631,0,state.APOGEE,1581,-26,0,-27,0.0009141914779320359,4713,4713,"[10.4, 0.5, 16.5, 10.4, 16.5, 17.0, 0, 0]","[3.646, 3.647, 3.647]",0.262,"[2.9952, 3.3120000000000003, 5.0016, 7.3664000000000005, 8.4352, 27.8256]","[0.02875, 0.23125, -0.00375, -0.004375, -0.00125, -0.004375]",0,0,29.5,"[1, 1, 1, 1, 1, 1]",70.59490062825861,42.3601345,-71.09328359999999,3,-22.098
1774902977.639786,"[0, 0, 0, 0, 0, 0]","[1291, 1500, 1500, 1500]","[-25.08, 0.0, 0.0, 0.0]","[-0.3754108203125, 2.53134153125, 10.207343589843749]",0,3465.071044921875,0,31.2353604888916,"[0.0, -5.58471679596, -1.40380859352]","[0, 0, 0]",0,3,0.0,0.0,3.466,0,0,0,4294967.295,3750042.624,0,100754,0,46.88954162597656,60.9091796875,-0.3958393633365631,0,state.APOGEE,1582,-27,0,-28,0.0009136000298894942,4713,4713,"[10.6, 0.5, 16.5, 10.6, 15.9, 17.6, 0, 0]","[3.646, 3.647, 3.647]",0.262,"[2.9952, 3.3104, 5.0048, 7.364800000000001, 8.456000000000001, 27.8272]","[0.02875, 0.259375, -0.000625, 0.0025, -0.001875, -0.003125]",0,0,29.5,"[1, 1, 1, 1, 1, 1]",70.59342634490768,42.3601345,-71.09328359999999,3,-22.098
1774902977.7021918,"[0, 0, 0, 0, 0, 0]","[1291, 1500, 1500, 1500]","[-25.08, 0.0, 0.0, 0.0]","[-0.36162021874999994, 2.5236800859374995, 10.23952166015625]",0,3462.776123046875,0,31.23973243713379,"[0.0, 5.6457519521999995, 10.89477538884]","[0, 0, 0]",0,3,0.0,0.0,3.466,0,0,0,4294967.295,3750042.624,0,100814,0,47.012550354003906,61.092891693115234,-0.3958393633365631,0,state.APOGEE,1583,-28,0,-29,0.0009130000835284591,4713,4713,"[10.4, 0.5, 16.5, 10.6, 15.5, 18.2, 0, 0]","[3.646, 3.647, 3.647]",0.262,"[2.9952, 3.3104, 5.0048, 7.364800000000001, 8.456000000000001, 27.8272]","[0.02875, 0.259375, -0.000625, 0.0025, -0.001875, -0.003125]",0,0,29.5,"[1, 1, 1, 1, 1, 1]",70.75583986579704,42.360133999999995,-71.0932844,3,-22.102
1774902977.7622125,"[0, 0, 0, 0, 0, 0]","[1291, 1500, 1500, 1500]","[-25.08, 0.0, 0.0, 0.0]","[-0.38996756640624997, 2.48230828125, 10.23952166015625]",0,3460.48291015625,0,31.23973243713379,"[0.0, -3.63159179628, -8.6975097642]","[0, 0, 0]",0,3,0.0,0.0,3.462,0,0,0,4294967.295,3750042.624,0,100874,0,46.9564094543457,61.332149505615234,-0.3958393633365631,0,state.APOGEE,1584,-28,0,-29,0.0009125000215135515,4713,4713,"[10.4, 0.5, 15.9, 10.4, 15.5, 16.5, 0, 0]","[3.646, 3.647, 3.647]",0.262,"[2.992, 3.3088, 5.0, 7.3584000000000005, 8.441600000000001, 27.822400000000002]","[0.03375, 0.58875, 0.0025, 0.00125, -0.00125, -0.005625]",0,0,29.5,"[1, 1, 1, 1, 1, 1]",70.886365615596,42.3601339,-71.0932837,3,-22.092
1774902977.8132064,"[0, 0, 0, 0, 0, 0]","[1291, 1500, 1500, 1500]","[-25.08, 0.0, 0.0, 0.0]","[-0.35012805078125, 2.54130141015625, 10.25637683984375]",0,3458.57177734375,0,31.2353604888916,"[0.0, 3.87573242124, 5.6457519521999995]","[0, 0, 0]",0,3,0.0,0.0,3.458,0,0,0,4294967.295,3750042.624,0,100928,0,47.25445556640625,61.22944259643555,-0.3958393633365631,0,state.APOGEE,1585,-27,0,-227,0.0009120000177063048,4713,4713,"[10.4, 0.5, 16.5, 10.6, 15.9, 16.5, 0, 0]","[3.646, 3.647, 3.647]",0.262,"[2.992, 3.3088, 5.0, 7.3584000000000005, 8.441600000000001, 27.822400000000002]","[0.03375, 0.58875, 0.0025, 0.00125, -0.00125, -0.005625]",0,0,29.5,"[1, 1, 1, 1, 1, 1]",70.93251732854358,42.3601339,-71.0932837,3,-22.092
1774902977.8737316,"[0, 0, 0, 0, 0, 0]","[1291, 1500, 1500, 1500]","[-25.08, 0.0, 0.0, 0.0]","[-0.3570233515625, 2.50146189453125, 10.228029492187499]",0,3456.2783203125,0,31.23973243713379,"[0.0, -3.02124023388, -8.51440429548]","[0, 0, 0]",0,3,0.0,0.0,3.458,0,0,0,4294967.295,3750042.624,0,100988,0,47.274871826171875,61.22092056274414,-0.3958393633365631,0,state.APOGEE,1586,-26,0,-227,0.0009115000138990581,4713,4713,"[10.8, 0.5, 15.9, 10.6, 16.5, 17.6, 0, 0]","[3.646, 3.647, 3.647]",0.262,"[2.9936000000000003, 3.3120000000000003, 5.0032000000000005, 7.3664000000000005, 8.464, 27.8304]","[0.031875, 0.6218750000000001, 0.000625, -0.006875, -0.005, -0.0025]",0,0,29.5,"[1, 1, 1, 1, 1, 1]",70.93479148056527,42.360134099999996,-71.09328289999999,3,-22.003
1774902977.9355319,"[0, 0, 0, 0, 0, 0]","[1291, 1500, 1500, 1500]","[-25.08, 0.0, 0.0, 0.0]","[-0.38230612109375, 2.49686502734375, 10.248715394531251]",0,3453.985107421875,0,31.248476333618164,"[0.0, 4.9133300773199995, 0.09155273436]","[0, 0, 0]",0,3,0.0,0.0,3.454,0,0,0,4294967.295,3750042.624,0,101048,0,47.27880859375,61.245933532714844,-0.3958393633365631,0,state.APOGEE,1587,-26,0,-227,0.0009110000100918114,4713,4713,"[10.6, 0.5, 16.5, 10.8, 15.5, 16.5, 0, 0]","[3.646, 3.647, 3.647]",0.262,"[2.9936000000000003, 3.3120000000000003, 5.0032000000000005, 7.3664000000000005, 8.464, 27.8304]","[0.031875, 0.6218750000000001, 0.000625, -0.006875, -0.005, -0.0025]",0,0,29.5,"[1, 1, 1, 1, 1, 1]",70.95200238488776,42.360134099999996,-71.09328289999999,3,-22.003
1774902977.9950488,"[0, 0, 0, 0, 0, 0]","[1291, 1500, 1500, 1500]","[-25.08, 0.0, 0.0, 0.0]","[-0.37464467578124994, 2.5022280390624996, 10.2249649140625]",0,3451.691650390625,0,31.248476333618164,"[0.0, -4.0588378899599995, 7.50732421752]","[0, 0, 0]",0,3,0.0,0.0,3.454,0,0,0,4294967.295,3750042.624,0,101108,0,47.22907257080078,61.41927719116211,-0.3958393633365631,0,state.APOGEE,1588,-27,0,-227,0.0009104000055231154,4713,4713,"[10.6, 0.5, 15.9, 10.6, 16.5, 15.9, 0, 0]","[3.646, 3.647, 3.647]",0.262,"[2.9984, 3.3104, 5.0048, 7.3632, 8.4448, 27.824]","[0.03375, 0.246875, 0.000625, -0.004375, 0.0, -0.00375]",0,0,29.5,"[1, 1, 1, 1, 1, 1]",71.04265547943027,42.3601344,-71.09328099999999,3,-21.885
1774902978.0490541,"[0, 0, 0, 0, 0, 0]","[1291, 1500, 1500, 1500]","[-25.08, 0.0, 0.0, 0.0]","[-0.34016817187500004, 2.5941653828124998, 10.20121443359375]",0,3449.400146484375,0,31.2353604888916,"[0.0, 5.21850585852, 9.918212889]","[0, 0, 0]",0,3,0.0,0.0,3.45,0,0,0,4294967.295,3750042.624,0,101162,0,47.50849533081055,61.14017868041992,-0.3958393633365631,0,state.APOGEE,1589,-27,0,-28,0.0009099000017158687,4713,4713,"[10.6, 0.5, 15.9, 10.6, 15.5, 16.5, 0, 0]","[3.646, 3.647, 3.647]",0.262,"[2.9984, 3.3104, 5.0048, 7.3632, 8.4448, 27.824]","[0.03375, 0.246875, 0.000625, -0.004375, 0.0, -0.00375]",0,0,29.5,"[1, 1, 1, 1, 1, 1]",70.97181474792838,42.3601344,-71.09328099999999,3,-21.885
1774902978.1073992,"[0, 0, 0, 0, 0, 0]","[1291, 1500, 1500, 1500]","[-25.08, 0.0, 0.0, 0.0]","[-0.3478296171875, 2.51218791796875, 10.233392503906249]",0,3447.108642578125,0,31.23973243713379,"[0.0, 9.36889648284, 4.69970703048]","[0, 0, 0]",0,3,0.0,0.0,3.447,0,0,0,4294967.295,3750042.624,0,101222,0,47.58051300048828,61.148704528808594,-0.3958393633365631,0,state.APOGEE,1590,-28,0,-28,0.0009093909175135195,4713,4713,"[10.4, 0.5, 16.5, 10.6, 16.5, 17.0, 0, 0]","[3.646, 3.647, 3.647]",0.262,"[2.9936000000000003, 3.3120000000000003, 5.0032000000000005, 7.3616, 8.4464, 27.8256]","[0.03375, 0.245625, -0.00375, -0.000625, -0.00375, 0.0]",0,0,29.5,"[1, 1, 1, 1, 1, 1]",71.00426863298085,42.360133999999995,-71.09328099999999,3,-21.91
1774902978.1679242,"[0, 0, 0, 0, 0, 0]","[1291, 1500, 1500, 1500]","[-25.08, 0.0, 0.0, 0.0]","[-0.36545094140624995, 2.5129540624999995, 10.22956178125]",0,3444.817138671875,0,31.248476333618164,"[0.0, 1.49536132788, 1.3732910154]","[0, 0, 0]",0,3,0.0,0.0,3.447,0,0,0,4294967.295,3750042.624,0,101282,0,47.51030731201172,61.29823684692383,-0.3958393633365631,0,state.APOGEE,1591,-29,0,-29,0.000908799993339926,4713,4713,"[10.8, 0.5, 16.5, 10.4, 15.5, 17.0, 0, 0]","[3.646, 3.647, 3.647]",0.262,"[2.9952, 3.3120000000000003, 5.0048, 7.3696, 8.427200000000001, 27.8304]","[0.031875, 0.2275, -0.003125, -0.0025, -0.005, -0.0025]",0,0,29.5,"[1, 1, 1, 1, 1, 1]",71.07144872681812,42.3601336,-71.0932814,3,-21.956
1774902978.2274299,"[0, 0, 0, 0, 0, 0]","[1291, 1500, 1500, 1500]","[-25.08, 0.0, 0.0, 0.0]","[-0.37158009765624994, 2.5443659882812497, 10.19814985546875]",0,3442.525634765625,0,31.2353604888916,"[0.0, 5.21850585852, 3.63159179628]","[0, 0, 0]",0,3,0.0,0.0,3.443,0,0,0,4294967.295,3750042.624,0,101342,0,47.51613235473633,61.24148941040039,-0.3958393633365631,0,state.APOGEE,1592,-28,0,-29,0.0009083907934837043,4713,4713,"[10.6, 0.5, 16.5, 10.6, 15.5, 16.5, 0, 0]","[3.646, 3.647, 3.647]",0.262,"[2.9952, 3.3120000000000003, 5.0048, 7.3696, 8.427200000000001, 27.8304]","[0.031875, 0.2275, -0.003125, -0.0025, -0.005, -0.0025]",0,0,29.5,"[1, 1, 1, 1, 1, 1]",71.03809697622867,42.3601336,-71.0932814,3,-21.956
1774902978.28195,"[0, 0, 0, 0, 0, 0]","[1291, 1500, 1500, 1500]","[-25.08, 0.0, 0.0, 0.0]","[-0.395330578125, 2.4524286445312495, 10.254844550781248]",0,3440.615966796875,0,31.226616592407225,"[0.0, -4.85229492108, 3.60107421816]","[0, 0, 0]",0,3,0.0,0.0,3.443,0,0,0,4294967.295,3750042.624,0,101396,0,47.626747131347656,61.44087219238281,-0.3958393633365631,0,state.APOGEE,1593,-27,0,-29,0.0009078092407435179,4713,4713,"[10.8, 0.5, 16.5, 11.1, 15.5, 16.5, 0, 0]","[3.646, 3.647, 3.647]",0.262,"[2.9968000000000004, 3.3104, 5.0016, 7.3584000000000005, 8.4448, 27.8272]","[0.038125, 0.246875, -0.00125, -0.000625, -0.0025, -0.000625]",0,0,29.5,"[1, 1, 1, 1, 1, 1]",71.20422926602846,42.3601336,-71.09328049999999,3,-21.865
1774902978.345958,"[0, 0, 0, 0, 0, 0]","[1291, 1500, 1500, 1500]","[-25.08, 0.0, 0.0, 0.0]","[-0.3662170859375, 2.5006957499999998, 10.2310940703125]",0,3438.325927734375,0,31.23973243713379,"[0.0, 2.288818359, 1.34277343728]","[0, 0, 0]",0,3,0.0,0.0,3.439,0,0,0,4294967.295,3750042.624,0,101456,0,47.64321517944336,61.43601608276367,-0.3958393633365631,0,state.APOGEE,1594,-26,0,-27,0.0009073092369362712,4713,4713,"[10.6, 0.5, 16.5, 11.1, 16.5, 16.5, 0, 0]","[3.646, 3.647, 3.647]",0.262,"[2.9968000000000004, 3.3104, 5.0016, 7.3584000000000005, 8.4448, 27.8272]","[0.038125, 0.246875, -0.00125, -0.000625, -0.0025, -0.000625]",0,0,29.5,"[1, 1, 1, 1, 1, 1]",71.20733837469449,42.3601336,-71.09328049999999,3,-21.865
1774902978.403481,"[0, 0, 0, 0, 0, 0]","[1291, 1500, 1500, 1500]","[-25.08, 0.0, 0.0, 0.0]","[-0.3600879296875, 2.5665841796874997, 10.207343589843749]",0,3436.0361328125,0,31.2353604888916,"[0.0, -1.6784667966, -8.850097654799999]","[0, 0, 0]",0,3,0.0,0.0,3.439,0,0,0,4294967.295,3750042.624,0,101516,0,47.496402740478516,61.41831970214844,-0.3958393633365631,0,state.APOGEE,1595,-25,0,-26,0.000906709348782897,4713,4713,"[10.6, 0.5, 15.9, 10.6, 15.9, 17.0, 0, 0]","[3.646, 3.647, 3.647]",0.262,"[2.9952, 3.3120000000000003, 5.0032000000000005, 7.3696, 8.4768, 27.8288]","[0.03, 0.260625, -0.00125, -0.003125, -0.003125, 0.0]",0,0,29.5,"[1, 1, 1, 1, 1, 1]",71.14150413190083,42.3601342,-71.0932794,3,-21.678
1774902978.4650023,"[0, 0, 0, 0, 0, 0]","[1291, 1500, 1500, 1500]","[-25.08, 0.0, 0.0, 0.0]","[-0.38230612109375, 2.53057538671875, 10.232626359374999]",0,3433.74462890625,0,31.244104385375977,"[0.0, 4.24194335868, 4.33349609304]","[0, 0, 0]",0,3,0.0,0.0,3.435,0,0,0,4294967.295,3750042.624,0,101576,0,47.39323425292969,61.686859130859375,-0.3958393633365631,0,state.APOGEE,1596,-26,0,-26,0.0009062000317499042,4713,4713,"[10.8, 0.5, 15.9, 10.4, 15.9, 17.0, 0, 0]","[3.646, 3.647, 3.647]",0.262,"[2.9952, 3.3120000000000003, 5.0032000000000005, 7.3696, 8.4768, 27.8288]","[0.03, 0.260625, -0.00125, -0.003125, -0.003125, 0.0]",0,0,29.5,"[1, 1, 1, 1, 1, 1]",71.271941160218,42.3601338,-71.09327979999999,3,-21.676
1774902978.5190032,"[0, 0, 0, 0, 0, 0]","[1291, 1500, 1500, 1500]","[-25.08, 0.0, 0.0, 0.0]","[-0.36315250781249997, 2.50912333984375, 10.208109734375]",0,3431.83544921875,0,31.21787269592285,"[0.0, -8.94165038916, -7.0190429676]","[0, 0, 0]",0,3,0.0,0.0,3.431,0,0,0,4294967.295,3750042.624,0,101630,0,47.3427848815918,61.726531982421875,-0.3958393633365631,0,state.APOGEE,1597,-28,0,-28,0.0009056188282556832,4713,4713,"[10.4, 0.5, 17.0, 10.6, 15.9, 17.0, 0, 0]","[3.646, 3.647, 3.647]",0.262,"[2.9984, 3.3104, 5.0032000000000005, 7.368, 8.4816, 27.8288]","[0.03375, 0.619375, 0.000625, -0.0025, -0.001875, 0.005]",0,0,29.5,"[1, 1, 1, 1, 1, 1]",71.27834735359049,42.3601338,-71.09327979999999,3,-21.676
1774902978.5795195,"[0, 0, 0, 0, 0, 0]","[1291, 1500, 1500, 1500]","[-25.08, 0.0, 0.0, 0.0]","[-0.38460455468749993, 2.5198493632812498, 10.224198769531249]",0,3429.5458984375,0,31.2353604888916,"[0.0, -0.88500976548, -3.29589843696]","[0, 0, 0]",0,3,0.0,0.0,3.431,0,0,0,4294967.295,3750042.624,0,101690,0,47.582374572753906,61.74299240112305,-0.3958393633365631,0,state.APOGEE,1598,-29,0,-29,0.0009052999666891992,4713,4713,"[10.2, 0.5, 17.0, 10.6, 16.5, 17.0, 0, 0]","[3.646, 3.647, 3.647]",0.262,"[2.9984, 3.3104, 5.0032000000000005, 7.368, 8.4816, 27.8288]","[0.03375, 0.619375, 0.000625, -0.0025, -0.001875, 0.005]",0,0,29.5,"[1, 1, 1, 1, 1, 1]",71.37693857056023,42.360133499999996,-71.09328,3,-21.685
1774902978.636546,"[0, 0, 0, 0, 0, 0]","[1291, 1500, 1500, 1500]","[-25.08, 0.0, 0.0, 0.0]","[-0.376943109375, 2.53134153125, 10.2310940703125]",0,3427.25732421875,0,31.248476333618164,"[0.0, -7.1716308582, 3.9672851556]","[0, 0, 0]",0,3,0.0,0.0,3.428,0,0,0,4294967.295,3750042.624,0,101750,0,47.69221496582031,61.80095672607422,-0.3958393633365631,0,state.APOGEE,1599,-28,0,-29,0.000904709508176893,4713,4713,"[11.1, 0.5, 15.9, 10.6, 15.9, 17.0, 0, 0]","[3.646, 3.647, 3.647]",0.262,"[2.9952, 3.3120000000000003, 5.0064, 7.3584000000000005, 8.4368, 27.8272]","[0.03, 0.58, -0.000625, -0.004375, -0.00125, -0.000625]",0,0,29.5,"[1, 1, 1, 1, 1, 1]",71.45374361731012,42.360133499999996,-71.09328,3,-21.685
1774902978.6960623,"[0, 0, 0, 0, 0, 0]","[1291, 1500, 1500, 1500]","[-25.08, 0.0, 0.0, 0.0]","[-0.35166033984374995, 2.5527935781249997, 10.20121443359375]",0,3424.969482421875,0,31.222244644165038,"[0.0, -12.84790038852, -7.1716308582]","[0, 0, 0]",0,3,0.0,0.0,3.428,0,0,0,4294967.295,3750042.624,0,101810,0,47.648277282714844,61.84184265136719,-0.3958393633365631,0,state.APOGEE,1600,-27,0,-28,0.0009042095625773072,4713,4713,"[10.4, 0.5, 17.0, 10.6, 15.9, 17.0, 0, 0]","[3.646, 3.647, 3.647]",0.262,"[2.9952, 3.3120000000000003, 5.0064, 7.3584000000000005, 8.4368, 27.8272]","[0.03, 0.58, -0.000625, -0.004375, -0.00125, -0.000625]",0,0,29.5,"[1, 1, 1, 1, 1, 1]",71.46316298594401,42.3601331,-71.0932804,3,-21.665
1774902978.7510893,"[0, 0, 0, 0, 0, 0]","[1291, 1500, 1500, 1500]","[-25.08, 0.0, 0.0, 0.0]","[-0.376943109375, 2.55585815625, 10.207343589843749]",0,3422.679931640625,0,31.244104385375977,"[0.0, -1.43432617164, 2.68554687456]","[0, 0, 0]",0,3,0.0,0.0,3.424,0,0,0,4294967.295,3750042.624,0,101864,0,47.590843200683594,61.799686431884766,-0.3958393633365631,0,state.APOGEE,1601,-26,0,-27,0.0009037000127136707,4713,4713,"[10.8, 0.5, 17.6, 10.6, 15.9, 17.6, 0, 0]","[3.646, 3.647, 3.647]",0.262,"[2.9952, 3.3120000000000003, 5.0016, 7.368, 8.443200000000001, 27.8256]","[0.03, 0.23500000000000001, -0.00125, -0.004375, -0.00375, -0.0025]",0,0,29.5,"[1, 1, 1, 1, 1, 1]",71.41560727625917,42.3601332,-71.0932788,3,-21.622
1774902978.810094,"[0, 0, 0, 0, 0, 0]","[1291, 1500, 1500, 1500]","[-25.08, 0.0, 0.0, 0.0]","[-0.37924154296875, 2.4516625, 10.22573105859375]",0,3420.390869140625,0,31.222244644165038,"[0.0, 3.5095214838, 6.4086914052]","[0, 0, 0]",0,3,0.0,0.0,3.42,0,0,0,4294967.295,3750042.624,0,101924,0,48.133460998535156,61.789310455322266,-0.3958393633365631,0,state.APOGEE,1602,-26,0,-27,0.000903200008906424,4713,4713,"[10.4, 0.5, 15.9, 11.1, 15.5, 15.9, 0, 0]","[3.646, 3.647, 3.647]",0.262,"[2.9952, 3.3120000000000003, 5.0016, 7.368, 8.443200000000001, 27.8256]","[0.03, 0.23500000000000001, -0.00125, -0.004375, -0.00375, -0.0025]",0,0,29.5,"[1, 1, 1, 1, 1, 1]",71.60966006656163,42.3601332,-71.0932788,3,-21.622
1774902978.8705318,"[0, 0, 0, 0, 0, 0]","[1291, 1500, 1500, 1500]","[-25.08, 0.0, 0.0, 0.0]","[-0.34323275000000003, 2.50912333984375, 10.22726334765625]",0,3418.102783203125,0,31.23973243713379,"[0.0, -1.86157226532, 8.05664062368]","[0, 0, 0]",0,3,0.0,0.0,3.42,0,0,0,4294967.295,3750042.624,0,101984,0,48.30830001831055,61.821048736572266,-0.3958393633365631,0,state.APOGEE,1603,-26,0,-26,0.0009026999468915164,4713,4713,"[10.6, 0.5, 17.6, 10.8, 15.9, 16.5, 0, 0]","[3.646, 3.647, 3.647]",0.262,"[2.9984, 3.3104, 5.0064, 7.3616, 8.4464, 27.8304]","[0.0375, 0.240625, -0.006875, -0.00375, -0.005625, -0.000625]",0,0,29.5,"[1, 1, 1, 1, 1, 1]",71.69419573312233,42.360133999999995,-71.0932766,3,-21.447
1774902978.9314744,"[0, 0, 0, 0, 0, 0]","[1291, 1500, 1500, 1500]","[-25.08, 0.0, 0.0, 0.0]","[-0.37924154296875, 2.53976912109375, 10.2035128671875]",0,3415.81494140625,0,31.248476333618164,"[0.0, 6.68334960828, -12.207031248]","[0, 0, 0]",0,3,0.0,0.0,3.416,0,0,0,4294967.295,3750042.624,0,102044,0,48.209407806396484,61.753318786621094,-0.3958393633365631,0,state.APOGEE,1604,-24,0,-26,0.0009022901649586856,4713,4713,"[10.4, 0.5, 15.9, 10.8, 16.5, 17.0, 0, 0]","[3.646, 3.647, 3.647]",0.262,"[2.9968000000000004, 3.3104, 5.0048, 7.3664000000000005, 8.4688, 27.8272]","[0.033125, 0.24, 0.0025, -0.003125, -0.00875, -0.000625]",0,0,29.5,"[1, 1, 1, 1, 1, 1]",71.61558135825993,42.360133999999995,-71.0932766,3,-21.447
1774902978.9890025,"[0, 0, 0, 0, 0, 0]","[1291, 1500, 1500, 1500]","[-25.08, 0.0, 0.0, 0.0]","[-0.36545094140624995, 2.5098894843749995, 10.221134191406248]",0,3413.908447265625,0,31.248476333618164,"[0.0, -4.36401367116, 6.04248046776]","[0, 0, 0]",0,3,0.0,0.0,3.416,0,0,0,4294967.295,3750042.624,0,102098,0,48.22142791748047,61.88800811767578,-0.3958393633365631,0,state.APOGEE,1605,-24,0,-25,0.0009018000564537942,4713,4713,"[10.4, 0.5, 16.5, 10.6, 15.9, 15.9, 0, 0]","[3.646, 3.647, 3.647]",0.262,"[2.9968000000000004, 3.3104, 5.0048, 7.3664000000000005, 8.4688, 27.8272]","[0.033125, 0.24, 0.0025, -0.003125, -0.00875, -0.000625]",0,0,29.5,"[1, 1, 1, 1, 1, 1]",71.70338434022258,42.3601348,-71.0932748,3,-21.231
1774902979.0480103,"[0, 0, 0, 0, 0, 0]","[1291, 1500, 1500, 1500]","[-25.08, 0.0, 0.0, 0.0]","[-0.3662170859375, 2.48920358203125, 10.23032792578125]",0,3411.6220703125,0,31.248476333618164,"[0.0, -6.5612792958, -5.31005859288]","[0, 0, 0]",0,3,0.0,0.0,3.412,0,0,0,4294967.295,3750042.624,0,102158,0,48.05052947998047,61.94293975830078,-0.3958393633365631,0,state.APOGEE,1606,-25,0,-25,0.0009012999944388866,4713,4713,"[10.6, 0.5, 17.0, 10.6, 15.9, 16.5, 0, 0]","[3.646, 3.647, 3.647]",0.262,"[2.9952, 3.3120000000000003, 5.0032000000000005, 7.3696, 8.4464, 27.8256]","[0.02625, 0.251875, 0.000625, -0.003125, 0.00125, -0.001875]",0,0,29.5,"[1, 1, 1, 1, 1, 1]",71.67433966722008,42.3601351,-71.0932737,3,-21.109
1774902979.1080968,"[0, 0, 0, 0, 0, 0]","[1291, 1500, 1500, 1500]","[-25.08, 0.0, 0.0, 0.0]","[-0.37311238671874997, 2.53517225390625, 10.233392503906249]",0,3409.336181640625,0,31.248476333618164,"[0.0, 10.95581054508, -0.88500976548]","[0, 0, 0]",0,3,0.0,0.0,3.412,0,0,0,4294967.295,3750042.624,0,102218,0,48.17563247680664,61.88434600830078,-0.3958393633365631,0,state.APOGEE,1607,-25,0,-26,0.0009006999898701906,4713,4713,"[10.6, 0.5, 17.0, 10.8, 15.9, 17.6, 0, 0]","[3.646, 3.647, 3.647]",0.262,"[2.9952, 3.3120000000000003, 5.0032000000000005, 7.3696, 8.4464, 27.8256]","[0.02625, 0.251875, 0.000625, -0.003125, 0.00125, -0.001875]",0,0,29.5,"[1, 1, 1, 1, 1, 1]",71.6841720946068,42.3601351,-71.0932737,3,-21.109
1774902979.1636188,"[0, 0, 0, 0, 0, 0]","[1291, 1500, 1500, 1500]","[-25.08, 0.0, 0.0, 0.0]","[-0.3754108203125, 2.4899697265625, 10.211940457031249]",0,3407.050048828125,0,31.230988540649413,"[0.0, -1.61743164036, 6.9885253894799995]","[0, 0, 0]",0,3,0.0,0.0,3.408,0,0,0,4294967.295,3750042.624,0,102278,0,48.50615310668945,61.870304107666016,-0.3958393633365631,0,state.APOGEE,1608,-25,0,-26,0.0009001999860629439,4713,4713,"[10.4, 0.5, 16.5, 10.6, 15.9, 16.5, 0, 0]","[3.646, 3.647, 3.647]",0.262,"[2.9968000000000004, 3.3088, 5.0032000000000005, 7.36, 8.441600000000001, 27.8256]","[0.031875, 0.6175, 0.001875, -0.000625, -0.005, -0.004375]",0,0,29.5,"[1, 1, 1, 1, 1, 1]",71.79807111702219,42.360135,-71.0932728,3,-21.062
1774902979.2206295,"[0, 0, 0, 0, 0, 0]","[1291, 1500, 1500, 1500]","[-25.08, 0.0, 0.0, 0.0]","[-0.35472491796875, 2.528276953125, 10.21806961328125]",0,3404.76416015625,0,31.23973243713379,"[0.0, -2.83813476516, 4.15039062432]","[0, 0, 0]",0,3,0.0,0.0,3.405,0,0,0,4294967.295,3750042.624,0,102332,0,48.728599548339844,61.88533020019531,-0.3958393633365631,0,state.APOGEE,1609,-25,0,-26,0.0008994201198220253,4713,4713,"[10.2, 0.5, 17.0, 10.6, 15.5, 17.0, 0, 0]","[3.646, 3.647, 3.647]",0.262,"[2.9968000000000004, 3.3088, 5.0032000000000005, 7.36, 8.441600000000001, 27.8256]","[0.031875, 0.6175, 0.001875, -0.000625, -0.005, -0.004375]",0,0,29.5,"[1, 1, 1, 1, 1, 1]",71.89008382327653,42.360135,-71.0932728,3,-21.062
1774902979.2813094,"[0, 0, 0, 0, 0, 0]","[1291, 1500, 1500, 1500]","[-25.08, 0.0, 0.0, 0.0]","[-0.37311238671874997, 2.528276953125, 10.223432625]",0,3402.47802734375,0,31.230988540649413,"[0.0, -0.27465820308, 3.78417968688]","[0, 0, 0]",0,3,0.0,0.0,3.405,0,0,0,4294967.295,3750042.624,0,102392,0,49.09366989135742,61.98299026489258,-0.3958393633365631,0,state.APOGEE,1610,-25,0,-26,0.0008990100468508899,4713,4713,"[10.8, 0.5, 17.0, 10.2, 16.5, 16.5, 0, 0]","[3.646, 3.647, 3.647]",0.262,"[2.992, 3.3120000000000003, 5.0048, 7.364800000000001, 8.4384, 27.8272]","[0.036875, 0.6062500000000001, -0.0025, -0.001875, -0.001875, -0.004375]",0,0,29.5,"[1, 1, 1, 1, 1, 1]",72.08576507415312,42.3601345,-71.0932732,3,-21.066
1774902979.3393228,"[0, 0, 0, 0, 0, 0]","[1291, 1500, 1500, 1500]","[-25.08, 0.0, 0.0, 0.0]","[-0.38766913281249993, 2.49992960546875, 10.2464169609375]",0,3400.192138671875,0,31.23973243713379,"[0.0, 0.33569335932, 4.51660156176]","[0, 0, 0]",0,3,0.0,0.0,3.401,0,0,0,4294967.295,3750042.88,0,102452,0,48.95173645019531,61.928680419921875,-0.3958393633365631,0,state.APOGEE,1611,-26,0,-26,0.0008985999738797545,4713,4713,"[10.2, 0.5, 17.0, 10.6, 15.9, 16.5, 0, 0]","[3.646, 3.647, 3.647]",0.262,"[2.992, 3.3120000000000003, 5.0048, 7.364800000000001, 8.4384, 27.8272]","[0.036875, 0.6062500000000001, -0.0025, -0.001875, -0.001875, -0.004375]",0,0,29.5,"[1, 1, 1, 1, 1, 1]",71.99976379339353,42.3601345,-71.0932732,3,-21.066
1774902979.3978386,"[0, 0, 0, 0, 0, 0]","[1291, 1500, 1500, 1500]","[-25.08, 0.0, 0.0, 0.0]","[-0.35625720703125, 2.53670454296875, 10.198916]",0,3397.90625,0,31.230988540649413,"[0.0, -1.86157226532, -6.28662109272]","[0, 0, 0]",0,3,0.0,0.0,3.401,0,0,0,4294967.295,3750042.88,0,102512,0,48.808006286621094,62.128257751464844,-0.3958393633365631,0,state.APOGEE,1612,-25,0,-26,0.0008981898427009583,4713,4713,"[10.2, 0.5, 17.6, 10.2, 15.9, 17.0, 0, 0]","[3.646, 3.647, 3.647]",0.262,"[2.9968000000000004, 3.3120000000000003, 5.0032000000000005, 7.3696, 8.457600000000001, 27.8304]","[0.035625000000000004, 0.5962500000000001, 0.000625, 0.001875, -0.003125, -0.00125]",0,0,29.5,"[1, 1, 1, 1, 1, 1]",72.06823461966522,42.360133999999995,-71.0932749,3,-21.089
1774902979.455206,"[0, 0, 0, 0, 0, 0]","[1291, 1500, 1500, 1500]","[-25.08, 0.0, 0.0, 0.0]","[-0.38766913281249993, 2.50299418359375, 10.215771179687499]",0,3396.002685546875,0,31.244104385375977,"[0.0, -3.57055664004, 3.63159179628]","[0, 0, 0]",0,3,0.0,0.0,3.397,0,0,0,4294967.295,3750042.88,0,102566,0,48.86522674560547,62.051612854003906,-0.3958393633365631,0,state.APOGEE,1613,-24,0,-25,0.0008976999670267105,4713,4713,"[10.4, 0.5, 17.0, 11.1, 15.5, 16.5, 0, 0]","[3.646, 3.647, 3.647]",0.262,"[2.9968000000000004, 3.3120000000000003, 5.0032000000000005, 7.3696, 8.457600000000001, 27.8304]","[0.035625000000000004, 0.5962500000000001, 0.000625, 0.001875, -0.003125, -0.00125]",0,0,29.5,"[1, 1, 1, 1, 1, 1]",72.04256979243088,42.360132799999995,-71.0932825,3,-20.859
1774902979.512204,"[0, 0, 0, 0, 0, 0]","[1291, 1500, 1500, 1500]","[-25.08, 0.0, 0.0, 0.0]","[-0.36085407421875, 2.4907358710937495, 10.23032792578125]",0,3393.718505859375,0,31.244104385375977,"[0.0, -5.21850585852, -1.0681152342]","[0, 0, 0]",0,3,0.0,0.0,3.393,0,0,0,4294967.295,3750042.88,0,102626,0,48.76509475708008,62.20968246459961,-0.3958393633365631,0,state.APOGEE,1614,-24,0,-25,0.0008970205672085285,4713,4713,"[10.6, 0.5, 17.0, 10.6, 15.9, 16.5, 0, 0]","[3.646, 3.647, 3.647]",0.262,"[2.9968000000000004, 3.3104, 5.0032000000000005, 7.36, 8.4688, 27.8272]","[0.035, 0.2325, 0.000625, -0.000625, -0.0025, -0.00125]",0,0,29.5,"[1, 1, 1, 1, 1, 1]",72.1022558319438,42.360132799999995,-71.0932825,3,-20.859
1774902979.5723813,"[0, 0, 0, 0, 0, 0]","[1291, 1500, 1500, 1500]","[-25.08, 0.0, 0.0, 0.0]","[-0.34016817187500004, 2.5512612890624995, 10.220368046875]",0,3391.434326171875,0,31.226616592407225,"[0.0, -2.22778320276, -5.92041015528]","[0, 0, 0]",0,3,0.0,0.0,3.393,0,0,0,4294967.295,3750042.88,0,102686,0,48.70711898803711,62.21331787109375,-0.3958393633365631,0,state.APOGEE,1615,-24,0,-25,0.0008970586932264268,4713,4713,"[10.8, 0.5, 16.5, 10.6, 15.0, 17.0, 0, 0]","[3.646, 3.647, 3.647]",0.262,"[2.9968000000000004, 3.3104, 5.0032000000000005, 7.36, 8.4688, 27.8272]","[0.035, 0.2325, 0.000625, -0.000625, -0.0025, -0.00125]",0,0,29.5,"[1, 1, 1, 1, 1, 1]",72.08313357254826,42.3601318,-71.0932828,3,-20.995
1774902979.6383836,"[0, 0, 0, 0, 0, 0]","[1291, 1500, 1500, 1500]","[-25.08, 0.0, 0.0, 0.0]","[-0.34016817187500004, 2.5198493632812498, 10.232626359374999]",0,3389.150146484375,0,31.23973243713379,"[0.0, -8.57543945172, 12.54272460732]","[0, 0, 0]",0,3,0.0,0.0,3.389,0,0,0,4294967.295,3750042.88,0,102746,0,48.867027282714844,62.538047790527344,-0.3958393633365631,0,state.APOGEE,1616,-24,0,-25,0.0008962895954027772,4713,4713,"[10.6, 0.5, 16.5, 10.6, 15.9, 17.6, 0, 0]","[3.646, 3.647, 3.647]",0.262,"[2.9952, 3.3104, 5.0032000000000005, 7.3664000000000005, 8.432, 27.8272]","[0.0325, 0.211875, -0.0025, -0.005625, 0.00125, -0.0025]",0,0,29.5,"[1, 1, 1, 1, 1, 1]",72.34078994022497,42.3601318,-71.0932828,3,-20.995
1774902979.6865668,"[0, 0, 0, 0, 0, 0]","[1291, 1500, 1500, 1500]","[-25.08, 0.0, 0.0, 0.0]","[-0.376943109375, 2.4869051484374998, 10.226497203124998]",0,3387.246826171875,0,31.244104385375977,"[0.0, 5.2795410147599995, 3.63159179628]","[0, 0, 0]",0,3,0.0,0.0,3.389,0,0,0,4294967.295,3750042.88,0,102800,0,48.632164001464844,62.45201873779297,-0.3958393633365631,0,state.APOGEE,1617,-24,0,-25,0.000895800010766834,4713,4713,"[10.8, 0.5, 15.9, 10.4, 16.5, 16.5, 0, 0]","[3.646, 3.647, 3.647]",0.262,"[2.9952, 3.3120000000000003, 5.0048, 7.3616, 8.4544, 27.8288]","[0.035, 0.2475, -0.004375, -0.003125, -0.003125, -0.00375]",0,0,29.5,"[1, 1, 1, 1, 1, 1]",72.2023555211254,42.3601315,-71.0932833,3,-21.104
1774902979.7480962,"[0, 0, 0, 0, 0, 0]","[1291, 1500, 1500, 1500]","[-25.08, 0.0, 0.0, 0.0]","[-0.3754108203125, 2.5612211679687498, 10.211174312499999]",0,3384.964111328125,0,31.23973243713379,"[0.0, -5.58471679596, -5.12695312416]","[0, 0, 0]",0,3,0.0,0.0,3.386,0,0,0,4294967.295,3750042.88,0,102860,0,48.586063385009766,62.680267333984375,-0.3958393633365631,0,state.APOGEE,1618,-24,0,-25,0.000895200006198138,4713,4713,"[10.4, 0.5, 16.5, 10.4, 15.0, 17.0, 0, 0]","[3.646, 3.647, 3.647]",0.262,"[2.9952, 3.3120000000000003, 5.0048, 7.3616, 8.4544, 27.8288]","[0.035, 0.2475, -0.004375, -0.003125, -0.003125, -0.00375]",0,0,29.5,"[1, 1, 1, 1, 1, 1]",72.32625453593845,42.3601315,-71.0932833,3,-21.104
1774902979.806615,"[0, 0, 0, 0, 0, 0]","[1291, 1500, 1500, 1500]","[-25.08, 0.0, 0.0, 0.0]","[-0.37924154296875, 2.5060587617187498, 10.22726334765625]",0,3382.681640625,0,31.21787269592285,"[0.0, 5.09643554604, -5.12695312416]","[0, 0, 0]",0,3,0.0,0.0,3.386,0,0,0,4294967.295,3750042.88,0,102920,0,48.64466094970703,62.83894729614258,-0.3958393633365631,0,state.APOGEE,1619,-24,0,-25,0.0008947000023908913,4713,4713,"[10.6, 0.5, 16.5, 10.4, 15.0, 17.0, 0, 0]","[3.646, 3.647, 3.647]",0.262,"[2.9952, 3.3104, 5.0032000000000005, 7.3616, 8.4624, 27.822400000000002]","[0.040625, 0.245625, -0.004375, -0.00625, -0.005, -0.00125]",0,0,29.5,"[1, 1, 1, 1, 1, 1]",72.44522678441645,42.3601311,-71.0932832,3,-21.177
1774902979.8669925,"[0, 0, 0, 0, 0, 0]","[1291, 1500, 1500, 1500]","[-25.08, 0.0, 0.0, 0.0]","[-0.3815399765625, 2.51372020703125, 10.22726334765625]",0,3380.399169921875,0,31.252848281860352,"[0.0, 15.1062011694, 11.5966796856]","[0, 0, 0]",0,3,0.0,0.0,3.382,0,0,0,4294967.295,3750042.88,0,102980,0,48.85676956176758,62.86518859863281,-0.3958393633365631,0,state.APOGEE,1620,-24,0,-25,0.0008941999985836446,4713,4713,"[10.6, 0.5, 16.5, 10.6, 16.5, 16.5, 0, 0]","[3.646, 3.647, 3.647]",0.262,"[2.9952, 3.3104, 5.0032000000000005, 7.3616, 8.4624, 27.822400000000002]","[0.040625, 0.245625, -0.004375, -0.00625, -0.005, -0.00125]",0,0,29.5,"[1, 1, 1, 1, 1, 1]",72.53767126665177,42.3601307,-71.0932845,3,-21.176
1774902979.922993,"[0, 0, 0, 0, 0, 0]","[1291, 1500, 1500, 1500]","[-25.08, 0.0, 0.0, 0.0]","[-0.3723462421875, 2.5428336992187495, 10.2310940703125]",0,3378.116943359375,0,31.230988540649413,"[0.0, -1.25122070292, -4.21142578056]","[0, 0, 0]",0,3,0.0,0.0,3.378,0,0,0,4294967.295,3750042.88,0,103034,0,48.785606384277344,62.936614990234375,-0.3958393633365631,0,state.APOGEE,1621,-25,0,-25,0.0008935106452554464,4713,4713,"[10.6, 0.5, 16.5, 10.4, 16.5, 16.5, 0, 0]","[3.646, 3.647, 3.647]",0.262,"[2.9936000000000003, 3.3088, 5.0048, 7.3664000000000005, 8.4672, 27.8256]","[0.036875, 0.598125, 0.00625, 0.000625, 0.0025, -0.006875]",0,0,29.5,"[1, 1, 1, 1, 1, 1]",72.55598043058168,42.3601307,-71.0932845,3,-21.176
1774902979.9796324,"[0, 0, 0, 0, 0, 0]","[1291, 1500, 1500, 1500]","[-25.08, 0.0, 0.0, 0.0]","[-0.38843527734375, 2.5098894843749995, 10.22266648046875]",0,3375.83447265625,0,31.222244644165038,"[0.0, 0.1525878906, 4.33349609304]","[0, 0, 0]",0,3,0.0,0.0,3.378,0,0,0,4294967.295,3750042.88,0,103094,0,48.65040969848633,62.882286071777344,-0.3958393633365631,0,state.APOGEE,1622,-25,0,-26,0.0008931999327614903,4713,4713,"[10.2, 0.5, 17.0, 10.8, 16.5, 16.5, 0, 0]","[3.646, 3.647, 3.647]",0.262,"[2.9936000000000003, 3.3088, 5.0048, 7.3664000000000005, 8.4672, 27.8256]","[0.036875, 0.598125, 0.00625, 0.000625, 0.0025, -0.006875]",0,0,29.5,"[1, 1, 1, 1, 1, 1]",72.47401466544717,42.360130399999996,-71.0932847,3,-21.203
1774902980.0436378,"[0, 0, 0, 0, 0, 0]","[1291, 1500, 1500, 1500]","[-25.08, 0.0, 0.0, 0.0]","[-0.36698323046875, 2.5198493632812498, 10.22266648046875]",0,3373.55224609375,0,31.226616592407225,"[0.0, -1.25122070292, 0.6103515624]","[0, 0, 0]",0,3,0.0,0.0,3.374,0,0,0,4294967.295,3750042.88,0,103154,0,48.35590362548828,62.84324264526367,-0.3958393633365631,0,state.APOGEE,1623,-25,0,-26,0.0008926999871619046,4713,4713,"[10.8, 0.5, 16.5, 10.4, 15.5, 16.5, 0, 0]","[3.646, 3.647, 3.647]",0.262,"[2.9936000000000003, 3.3104, 5.0048, 7.3616, 8.4512, 27.8272]","[0.038125, 0.609375, 0.00375, 0.0, 0.000625, -0.000625]",0,0,29.5,"[1, 1, 1, 1, 1, 1]",72.34431546485338,42.360130399999996,-71.0932847,3,-21.203
1774902980.1051502,"[0, 0, 0, 0, 0, 0]","[1291, 1500, 1500, 1500]","[-25.08, 0.0, 0.0, 0.0]","[-0.38000768749999997, 2.5175509296875, 10.224198769531249]",0,3371.27001953125,0,31.23973243713379,"[0.0, 3.44848632756, -2.38037109336]","[0, 0, 0]",0,3,0.0,0.0,3.374,0,0,0,4294967.295,3750042.88,0,103214,0,48.6302604675293,62.792564392089844,-0.3958393633365631,0,state.APOGEE,1624,-25,0,-26,0.0008922784472815692,4713,4713,"[10.6, 0.5, 15.9, 10.8, 15.5, 17.6, 0, 0]","[3.646, 3.647, 3.647]",0.262,"[2.9936000000000003, 3.3104, 5.0048, 7.3616, 8.4512, 27.8272]","[0.038125, 0.609375, 0.00375, 0.0, 0.000625, -0.000625]",0,0,29.5,"[1, 1, 1, 1, 1, 1]",72.4114477174712,42.360130399999996,-71.09328409999999,3,-21.265
1774902980.1556783,"[0, 0, 0, 0, 0, 0]","[1291, 1500, 1500, 1500]","[-25.08, 0.0, 0.0, 0.0]","[-0.3754108203125, 2.5206155078125, 10.233392503906249]",0,3369.36962890625,0,31.230988540649413,"[0.0, 3.69262695252, 4.8828124992]","[0, 0, 0]",0,3,0.0,0.0,3.37,0,0,0,4294967.295,3750042.88,0,103268,0,48.651527404785156,62.780677795410156,-0.3958393633365631,0,state.APOGEE,1625,-25,0,-26,0.0008917000377550721,4713,4713,"[10.8, 0.5, 15.9, 10.2, 15.9, 16.5, 0, 0]","[3.646, 3.647, 3.647]",0.262,"[2.9968000000000004, 3.3136, 5.0048, 7.364800000000001, 8.4672, 27.8288]","[0.03125, 0.55875, -0.00125, 0.0, -0.003125, -0.00125]",0,0,29.5,"[1, 1, 1, 1, 1, 1]",72.41177796478637,42.3601302,-71.09328459999999,3,-21.272
1774902980.2136753,"[0, 0, 0, 0, 0, 0]","[1291, 1500, 1500, 1500]","[-25.08, 0.0, 0.0, 0.0]","[-0.37617696484374996, 2.522147796875, 10.22266648046875]",0,3367.089111328125,0,31.2353604888916,"[0.0, -0.64086914052, 3.02124023388]","[0, 0, 0]",0,3,0.0,0.0,3.367,0,0,0,4294967.295,3750042.88,0,103328,0,48.40952682495117,62.64885330200195,-0.3958393633365631,0,state.APOGEE,1626,-25,0,-227,0.0008912000339478254,4713,4713,"[10.4, 0.5, 17.0, 10.4, 15.5, 17.6, 0, 0]","[3.646, 3.647, 3.647]",0.262,"[2.9968000000000004, 3.3136, 5.0048, 7.364800000000001, 8.4672, 27.8288]","[0.03125, 0.55875, -0.00125, 0.0, -0.003125, -0.00125]",0,0,29.5,"[1, 1, 1, 1, 1, 1]",72.24310743627346,42.3601302,-71.09328459999999,3,-21.272
1774902980.2737162,"[0, 0, 0, 0, 0, 0]","[1291, 1500, 1500, 1500]","[-25.08, 0.0, 0.0, 0.0]","[-0.35549106249999995, 2.5083571953125, 10.22266648046875]",0,3364.80859375,0,31.23973243713379,"[0.0, 3.32641601508, 6.04248046776]","[0, 0, 0]",0,3,0.0,0.0,3.367,0,0,0,4294967.295,3750042.88,0,103388,0,48.60884475708008,62.529197692871094,-0.3958393633365631,0,state.APOGEE,1627,-25,0,-26,0.0008907000301405787,4713,4713,"[10.6, 0.5, 17.0, 10.4, 15.9, 16.5, 0, 0]","[3.646, 3.647, 3.647]",0.262,"[2.9952, 3.3120000000000003, 5.0032000000000005, 7.3664000000000005, 8.4448, 27.8256]","[0.031875, 0.22, -0.00125, -0.0025, -0.005, -0.00125]",0,0,29.5,"[1, 1, 1, 1, 1, 1]",72.24138767277377,42.3601306,-71.0932832,3,-21.216
1774902980.3367178,"[0, 0, 0, 0, 0, 0]","[1291, 1500, 1500, 1500]","[-25.08, 0.0, 0.0, 0.0]","[-0.35855564062499995, 2.52904309765625, 10.215005035156251]",0,3362.528076171875,0,31.226616592407225,"[0.0, 1.6784667966, -6.103515624]","[0, 0, 0]",0,3,0.0,0.0,3.363,0,0,0,4294967.295,3750042.88,0,103448,0,48.66284942626953,62.6555290222168,-0.3958393633365631,0,state.APOGEE,1628,-25,0,-26,0.0008903889684006572,4713,4713,"[10.6, 0.5, 17.0, 10.8, 15.0, 17.0, 0, 0]","[3.646, 3.647, 3.647]",0.262,"[2.9968000000000004, 3.3104, 5.0016, 7.356800000000001, 8.441600000000001, 27.8256]","[0.035625000000000004, 0.22062500000000002, -0.004375, -0.000625, -0.00375, -0.004375]",0,0,29.5,"[1, 1, 1, 1, 1, 1]",72.33877470949604,42.3601306,-71.0932832,3,-21.216
1774902980.389169,"[0, 0, 0, 0, 0, 0]","[1291, 1500, 1500, 1500]","[-25.08, 0.0, 0.0, 0.0]","[-0.38307226562499996, 2.5175509296875, 10.2310940703125]",0,3360.24755859375,0,31.23973243713379,"[0.0, -4.97436523356, -11.32202148252]","[0, 0, 0]",0,3,0.0,0.0,3.363,0,0,0,4294967.295,3750042.88,0,103502,0,48.5317497253418,62.74810028076172,-0.3958393633365631,0,state.APOGEE,1629,-26,0,-26,0.0008897999650798738,4713,4713,"[10.4, 0.5, 16.5, 10.8, 15.9, 16.5, 0, 0]","[3.646, 3.647, 3.647]",0.262,"[2.9968000000000004, 3.3104, 5.0016, 7.356800000000001, 8.441600000000001, 27.8256]","[0.035625000000000004, 0.22062500000000002, -0.004375, -0.000625, -0.00375, -0.004375]",0,0,29.5,"[1, 1, 1, 1, 1, 1]",72.34853962471456,42.360130999999996,-71.0932821,3,-21.183
1774902980.447666,"[0, 0, 0, 0, 0, 0]","[1291, 1500, 1500, 1500]","[-25.08, 0.0, 0.0, 0.0]","[-0.37387853125, 2.52904309765625, 10.223432625]",0,3357.96875,0,31.248476333618164,"[0.0, 7.2326660144399995, -0.70190429676]","[0, 0, 0]",0,3,0.0,0.0,3.359,0,0,0,4294967.295,3750042.88,0,103562,0,48.72522735595703,62.76520538330078,-0.3958393633365631,0,state.APOGEE,1630,-26,0,-26,0.0008892111363820732,4713,4713,"[10.4, 0.5, 17.0, 11.1, 15.9, 16.5, 0, 0]","[3.646, 3.647, 3.647]",0.262,"[2.9968000000000004, 3.3120000000000003, 5.0032000000000005, 7.3664000000000005, 8.440000000000001, 27.8272]","[0.030625, 0.25, -0.004375, -0.000625, -0.0025, -0.003125]",0,0,29.5,"[1, 1, 1, 1, 1, 1]",72.42881875555318,42.3601315,-71.0932804,3,-21.085
1774902980.50818,"[0, 0, 0, 0, 0, 0]","[1291, 1500, 1500, 1500]","[-25.08, 0.0, 0.0, 0.0]","[-0.36315250781249997, 2.51908321875, 10.221900335937498]",0,3355.690185546875,0,31.213500747680666,"[0.0, 5.6457519521999995, 3.2043457026]","[0, 0, 0]",0,3,0.0,0.0,3.359,0,0,0,4294967.295,3750042.88,0,103622,0,48.97183609008789,62.873233795166016,-0.3958393633365631,0,state.APOGEE,1631,-26,0,-26,0.0008888888987712562,4713,4713,"[10.8, 0.5, 16.5, 10.8, 15.9, 16.5, 0, 0]","[3.646, 3.647, 3.647]",0.262,"[2.9968000000000004, 3.3120000000000003, 5.0032000000000005, 7.3664000000000005, 8.440000000000001, 27.8272]","[0.030625, 0.25, -0.004375, -0.000625, -0.0025, -0.003125]",0,0,29.5,"[1, 1, 1, 1, 1, 1]",72.58405922694764,42.3601315,-71.0932804,3,-21.085
1774902980.571704,"[0, 0, 0, 0, 0, 0]","[1291, 1500, 1500, 1500]","[-25.08, 0.0, 0.0, 0.0]","[-0.3508941953125, 2.53517225390625, 10.2249649140625]",0,3353.411376953125,0,31.23973243713379,"[0.0, -0.88500976548, -3.11279296824]","[0, 0, 0]",0,3,0.0,0.0,3.355,0,0,0,4294967.295,3750042.88,0,103682,0,48.798152923583984,63.006324768066406,-0.3958393633365631,0,state.APOGEE,1632,-26,0,-26,0.0008882888942025602,4713,4713,"[10.4, 0.5, 15.9, 10.6, 15.9, 17.0, 0, 0]","[3.646, 3.647, 3.647]",0.262,"[2.9936000000000003, 3.3120000000000003, 5.0048, 7.3616, 8.4448, 27.8288]","[0.034375, 0.260625, -0.001875, -0.000625, -0.003125, 0.000625]",0,0,29.5,"[1, 1, 1, 1, 1, 1]",72.60335121646446,42.3601314,-71.09327979999999,3,-21.087
1774902980.621707,"[0, 0, 0, 0, 0, 0]","[1291, 1500, 1500, 1500]","[-25.08, 0.0, 0.0, 0.0]","[-0.35778949609375, 2.5267446640624995, 10.20581130078125]",0,3351.512451171875,0,31.222244644165038,"[0.0, -1.25122070292, 0.09155273436]","[0, 0, 0]",0,3,0.0,0.0,3.351,0,0,0,4294967.295,3750042.88,0,103736,0,48.96687698364258,63.02608108520508,-0.3958393633365631,0,state.APOGEE,1633,-26,0,-26,0.000887800008058548,4713,4713,"[10.8, 0.5, 17.0, 10.6, 15.0, 17.0, 0, 0]","[3.646, 3.647, 3.647]",0.262,"[2.9936000000000003, 3.3120000000000003, 5.0048, 7.3616, 8.4448, 27.8288]","[0.034375, 0.260625, -0.001875, -0.000625, -0.003125, 0.000625]",0,0,29.5,"[1, 1, 1, 1, 1, 1]",72.67590879609405,42.3601314,-71.09327979999999,3,-21.087
1774902980.6817672,"[0, 0, 0, 0, 0, 0]","[1291, 1500, 1500, 1500]","[-25.08, 0.0, 0.0, 0.0]","[-0.38307226562499996, 2.5083571953125, 10.224198769531249]",0,3349.233642578125,0,31.230988540649413,"[0.0, 1.12915039044, 11.23046874816]","[0, 0, 0]",0,3,0.0,0.0,3.351,0,0,0,4294967.295,3750042.88,0,103796,0,49.29711151123047,62.88142776489258,-0.3958393633365631,0,state.APOGEE,1634,-25,0,-26,0.0008872112375684083,4713,4713,"[10.8, 0.5, 16.5, 10.4, 15.5, 17.0, 0, 0]","[3.646, 3.647, 3.647]",0.262,"[3.0, 3.3120000000000003, 5.0064, 7.3632, 8.4624, 27.832]","[0.035, 0.625625, -0.000625, -0.005, -0.000625, -0.006875]",0,0,29.5,"[1, 1, 1, 1, 1, 1]",72.70655255598258,42.3601308,-71.0932809,3,-21.166
1774902980.7422884,"[0, 0, 0, 0, 0, 0]","[1291, 1500, 1500, 1500]","[-25.08, 0.0, 0.0, 0.0]","[-0.36468479687499994, 2.5405352656249995, 10.215771179687499]",0,3346.955078125,0,31.226616592407225,"[0.0, -12.48168945108, -2.7465820308]","[0, 0, 0]",0,3,0.0,0.0,3.348,0,0,0,4294967.295,3750042.88,0,103856,0,49.19612121582031,63.05048370361328,-0.3958393633365631,0,state.APOGEE,1635,-25,0,-26,0.0008868000004440546,4713,4713,"[10.6, 0.5, 15.9, 10.6, 15.0, 16.5, 0, 0]","[3.646, 3.647, 3.647]",0.262,"[3.0, 3.3120000000000003, 5.0064, 7.3632, 8.4624, 27.832]","[0.035, 0.625625, -0.000625, -0.005, -0.000625, -0.006875]",0,0,29.5,"[1, 1, 1, 1, 1, 1]",72.77307844125622,42.3601308,-71.0932809,3,-21.166
1774902980.8018048,"[0, 0, 0, 0, 0, 0]","[1291, 1500, 1500, 1500]","[-25.08, 0.0, 0.0, 0.0]","[-0.35012805078125, 2.53976912109375, 10.226497203124998]",0,3344.676513671875,0,31.2353604888916,"[0.0, -3.44848632756, 6.22558593648]","[0, 0, 0]",0,3,0.0,0.0,3.348,0,0,0,4294967.295,3750042.88,0,103916,0,49.2633056640625,63.222015380859375,-0.3958393633365631,0,state.APOGEE,1636,-25,0,-26,0.0008864772389642894,4713,4713,"[10.4, 0.5, 16.5, 10.6, 16.5, 17.0, 0, 0]","[3.646, 3.647, 3.647]",0.262,"[2.9952, 3.3136, 5.0032000000000005, 7.3664000000000005, 8.443200000000001, 27.8256]","[0.03625, 0.625625, 0.005, 0.0, -0.004375, 0.0025]",0,0,29.5,"[1, 1, 1, 1, 1, 1]",72.90172524083019,42.3601303,-71.0932815,3,-21.211
1774902980.8560872,"[0, 0, 0, 0, 0, 0]","[1291, 1500, 1500, 1500]","[-25.08, 0.0, 0.0, 0.0]","[-0.36545094140624995, 2.51065562890625, 10.2341586484375]",0,3342.779296875,0,31.226616592407225,"[0.0, -7.90405273308, -1.95312499968]","[0, 0, 0]",0,3,0.0,0.0,3.344,0,0,0,4294967.295,3750042.88,0,103970,0,49.01401138305664,63.569149017333984,-0.3958393633365631,0,state.APOGEE,1637,-25,0,-26,0.0008859000517986715,4713,4713,"[10.4, 0.5, 18.2, 11.1, 15.9, 15.9, 0, 0]","[3.646, 3.647, 3.647]",0.262,"[2.9952, 3.3136, 5.0032000000000005, 7.3664000000000005, 8.443200000000001, 27.8256]","[0.03625, 0.625625, 0.005, 0.0, -0.004375, 0.0025]",0,0,29.5,"[1, 1, 1, 1, 1, 1]",73.02579512661897,42.3601301,-71.0932828,3,-21.119
1774902980.9200943,"[0, 0, 0, 0, 0, 0]","[1291, 1500, 1500, 1500]","[-25.08, 0.0, 0.0, 0.0]","[-0.34323275000000003, 2.53823683203125, 10.22726334765625]",0,3340.50244140625,0,31.2353604888916,"[0.0, 0.88500976548, 1.73950195284]","[0, 0, 0]",0,3,0.0,0.0,3.34,0,0,0,4294967.295,3750042.88,0,104030,0,49.0421028137207,63.58744430541992,-0.3958393633365631,0,state.APOGEE,1638,-25,0,-26,0.0008854000479914248,4713,4713,"[10.6, 0.5, 16.5, 10.6, 15.9, 16.5, 0, 0]","[3.646, 3.647, 3.647]",0.262,"[2.992, 3.3136, 5.0016, 7.36, 8.443200000000001, 27.824]","[0.0325, 0.6075, 0.005625, -0.0025, -0.004375, 0.00375]",0,0,29.5,"[1, 1, 1, 1, 1, 1]",73.04689395685534,42.3601301,-71.0932828,3,-21.119
1774902980.9771397,"[0, 0, 0, 0, 0, 0]","[1291, 1500, 1500, 1500]","[-25.08, 0.0, 0.0, 0.0]","[-0.35778949609375, 2.491502015625, 10.244884671874999]",0,3338.225341796875,0,31.23973243713379,"[0.0, -2.04467773404, -2.19726562464]","[0, 0, 0]",0,3,0.0,0.0,3.34,0,0,0,4294967.295,3750042.88,0,104090,0,48.981956481933594,63.73943328857422,-0.3958393633365631,0,state.APOGEE,1639,-25,0,-26,0.0008849999867379665,4713,4713,"[10.4, 0.5, 16.5, 10.6, 16.5, 16.5, 0, 0]","[3.646, 3.647, 3.647]",0.262,"[2.992, 3.3136, 5.0016, 7.36, 8.443200000000001, 27.824]","[0.0325, 0.6075, 0.005625, -0.0025, -0.004375, 0.00375]",0,0,29.5,"[1, 1, 1, 1, 1, 1]",73.11922408910425,42.3601295,-71.09328339999999,3,-21.149
1774902981.0381472,"[0, 0, 0, 0, 0, 0]","[1291, 1500, 1500, 1500]","[-25.08, 0.0, 0.0, 0.0]","[-0.3508941953125, 2.53670454296875, 10.199682144531248]",0,3335.94970703125,0,31.23973243713379,"[0.0, 6.68334960828, -1.77001953096]","[0, 0, 0]",0,3,0.0,0.0,3.336,0,0,0,4294967.295,3750042.88,0,104150,0,49.039955139160156,63.780303955078125,-0.3958393633365631,0,state.APOGEE,1640,-25,0,-26,0.0008844115654937923,4713,4713,"[10.6, 0.5, 15.9, 11.1, 15.9, 17.0, 0, 0]","[3.646, 3.647, 3.647]",0.262,"[2.9968000000000004, 3.3120000000000003, 5.0064, 7.3616, 8.4528, 27.8288]","[0.03625, 0.2475, -0.005, -0.00125, -0.00125, 0.0]",0,0,29.5,"[1, 1, 1, 1, 1, 1]",73.16457446488299,42.3601295,-71.09328339999999,3,-21.149
1774902981.0903323,"[0, 0, 0, 0, 0, 0]","[1291, 1500, 1500, 1500]","[-25.08, 0.0, 0.0, 0.0]","[-0.37004780859374997, 2.522147796875, 10.25331226171875]",0,3333.6748046875,0,31.226616592407225,"[0.0, 9.6130371078, 4.36401367116]","[0, 0, 0]",0,3,0.0,0.0,3.336,0,0,0,4294967.295,3750042.88,0,104204,0,49.32599639892578,63.84701156616211,-0.3958393633365631,0,state.APOGEE,1641,-24,0,-26,0.0008843535906635225,4713,4713,"[10.4, 0.5, 16.5, 10.6, 16.5, 17.0, 0, 0]","[3.646, 3.647, 3.647]",0.262,"[2.9968000000000004, 3.3120000000000003, 5.0064, 7.3616, 8.4528, 27.8288]","[0.03625, 0.2475, -0.005, -0.00125, -0.00125, 0.0]",0,0,29.5,"[1, 1, 1, 1, 1, 1]",73.30520898270466,42.3601287,-71.0932852,3,-21.297
1774902981.1535647,"[0, 0, 0, 0, 0, 0]","[1291, 1500, 1500, 1500]","[-25.08, 0.0, 0.0, 0.0]","[-0.35472491796875, 2.53823683203125, 10.2341586484375]",0,3331.39794921875,0,31.222244644165038,"[0.0, -2.83813476516, 0.42724609368]","[0, 0, 0]",0,3,0.0,0.0,3.332,0,0,0,4294967.295,3750042.88,0,104264,0,49.4428596496582,63.89467239379883,-0.3958393633365631,0,state.APOGEE,1642,-25,0,-26,0.0008834999753162265,4713,4713,"[10.6, 0.5, 15.9, 10.6, 17.0, 17.6, 0, 0]","[3.646, 3.647, 3.647]",0.262,"[2.9968000000000004, 3.3120000000000003, 5.0032000000000005, 7.364800000000001, 8.440000000000001, 27.8256]","[0.03, 0.179375, 0.0, -0.005, -0.005, -0.00125]",0,0,29.5,"[1, 1, 1, 1, 1, 1]",73.37506438602907,42.3601283,-71.09328649999999,3,-21.269
1774902981.212561,"[0, 0, 0, 0, 0, 0]","[1291, 1500, 1500, 1500]","[-25.08, 0.0, 0.0, 0.0]","[-0.35012805078125, 2.52597851953125, 10.220368046875]",0,3329.12158203125,0,31.21787269592285,"[0.0, 3.32641601508, -4.76074218672]","[0, 0, 0]",0,3,0.0,0.0,3.329,0,0,0,4294967.295,3750042.88,0,104324,0,49.546016693115234,63.87517547607422,-0.3958393633365631,0,state.APOGEE,1643,-26,0,-26,0.0008828233694657683,4713,4713,"[10.2, 0.5, 16.5, 10.4, 15.5, 17.0, 0, 0]","[3.646, 3.647, 3.647]",0.262,"[2.9968000000000004, 3.3136, 5.0048, 7.36, 8.4496, 27.8272]","[0.03125, 0.225625, -0.00125, 0.0025, -0.00625, 0.000625]",0,0,29.5,"[1, 1, 1, 1, 1, 1]",73.39922715613014,42.3601283,-71.09328649999999,3,-21.269
1774902981.2736092,"[0, 0, 0, 0, 0, 0]","[1291, 1500, 1500, 1500]","[-25.08, 0.0, 0.0, 0.0]","[-0.36085407421875, 2.5451321328125, 10.215771179687499]",0,3326.846435546875,0,31.2353604888916,"[0.0, -9.12475585788, 3.60107421816]","[0, 0, 0]",0,3,0.0,0.0,3.329,0,0,0,4294967.295,3750042.88,0,104384,0,49.32448959350586,64.17913055419922,-0.3958393633365631,0,state.APOGEE,1644,-26,0,-27,0.0008825882105156779,4713,4713,"[10.6, 0.5, 15.9, 10.6, 15.5, 16.5, 0, 0]","[3.646, 3.647, 3.647]",0.262,"[2.9968000000000004, 3.3136, 5.0048, 7.36, 8.4496, 27.8272]","[0.03125, 0.225625, -0.00125, 0.0025, -0.00625, 0.000625]",0,0,29.5,"[1, 1, 1, 1, 1, 1]",73.50771923580643,42.3601275,-71.0932881,3,-21.302
1774902981.323608,"[0, 0, 0, 0, 0, 0]","[1291, 1500, 1500, 1500]","[-25.08, 0.0, 0.0, 0.0]","[-0.37158009765624994, 2.5183170742187495, 10.21806961328125]",0,3324.95166015625,0,31.230988540649413,"[0.0, 4.48608398364, 14.0380859352]","[0, 0, 0]",0,3,0.0,0.0,3.325,0,0,0,4294967.295,3750042.88,0,104438,0,49.463043212890625,64.20684051513672,-0.3958393633365631,0,state.APOGEE,1645,-25,0,-26,0.0008820117800496519,4713,4713,"[10.6, 0.5, 17.0, 10.8, 15.5, 16.5, 0, 0]","[3.646, 3.647, 3.647]",0.262,"[2.9952, 3.3120000000000003, 5.0048, 7.3632, 8.4688, 27.8256]","[0.031875, 0.284375, -0.005625, 0.001875, -0.003125, -0.00375]",0,0,29.5,"[1, 1, 1, 1, 1, 1]",73.57239998271099,42.3601275,-71.0932881,3,-21.302
1774902981.3847935,"[0, 0, 0, 0, 0, 0]","[1291, 1500, 1500, 1500]","[-25.08, 0.0, 0.0, 0.0]","[-0.38843527734375, 2.53134153125, 10.23492479296875]",0,3322.67822265625,0,31.2353604888916,"[0.0, -6.92749023324, 9.03320312352]","[0, 0, 0]",0,3,0.0,0.0,3.325,0,0,0,4294967.295,3750042.88,0,104498,0,49.723026275634766,64.42477416992188,-0.3958393633365631,0,state.APOGEE,1646,-24,0,-26,0.0008815118344500661,4713,4713,"[10.6, 0.5, 17.0, 10.6, 15.9, 17.0, 0, 0]","[3.646, 3.647, 3.647]",0.262,"[2.9952, 3.3120000000000003, 5.0048, 7.3632, 8.4688, 27.8256]","[0.031875, 0.284375, -0.005625, 0.001875, -0.003125, -0.00375]",0,0,29.5,"[1, 1, 1, 1, 1, 1]",73.79445330118381,42.3601275,-71.09328649999999,3,-21.283
1774902981.4474883,"[0, 0, 0, 0, 0, 0]","[1291, 1500, 1500, 1500]","[-25.08, 0.0, 0.0, 0.0]","[-0.38307226562499996, 2.5144863515624998, 10.211174312499999]",0,3320.403564453125,0,31.222244644165038,"[0.0, 5.82885742092, 16.08276366924]","[0, 0, 0]",0,3,0.0,0.0,3.321,0,0,0,4294967.295,3750042.88,0,104558,0,49.853939056396484,64.35093688964844,-0.3958393633365631,0,state.APOGEE,1647,-24,0,-26,0.0008810118888504803,4713,4713,"[10.4, 0.5, 17.0, 11.1, 15.0, 17.6, 0, 0]","[3.646, 3.647, 3.647]",0.262,"[2.9984, 3.3120000000000003, 5.0064, 7.364800000000001, 8.4304, 27.8272]","[0.038125, 0.629375, 0.003125, 0.0025, 0.00125, -0.000625]",0,0,29.5,"[1, 1, 1, 1, 1, 1]",73.79469299877337,42.3601275,-71.09328649999999,3,-21.283
1774902981.5046284,"[0, 0, 0, 0, 0, 0]","[1291, 1500, 1500, 1500]","[-25.08, 0.0, 0.0, 0.0]","[-0.35855564062499995, 2.5458982773437495, 10.228795636718749]",0,3318.12890625,0,31.21787269592285,"[0.0, -6.19506835836, 5.82885742092]","[0, 0, 0]",0,3,0.0,0.0,3.321,0,0,0,4294967.295,3750042.88,0,104618,0,50.07982635498047,64.35338592529297,-0.3958393633365631,0,state.APOGEE,1648,-25,0,-26,0.0008807761478237808,4713,4713,"[10.4, 0.5, 15.9, 10.4, 16.5, 17.6, 0, 0]","[3.646, 3.647, 3.647]",0.262,"[2.9984, 3.3120000000000003, 5.0064, 7.364800000000001, 8.4304, 27.8272]","[0.038125, 0.629375, 0.003125, 0.0025, 0.00125, -0.000625]",0,0,29.5,"[1, 1, 1, 1, 1, 1]",73.87411523174205,42.3601277,-71.0932858,3,-21.182
1774902981.5601485,"[0, 0, 0, 0, 0, 0]","[1291, 1500, 1500, 1500]","[-25.08, 0.0, 0.0, 0.0]","[-0.3662170859375, 2.52597851953125, 10.215771179687499]",0,3315.85546875,0,31.213500747680666,"[0.0, 7.2326660144399995, 3.44848632756]","[0, 0, 0]",0,3,0.0,0.0,3.317,0,0,0,4294967.295,3750042.88,0,104672,0,50.08961868286133,64.32845306396484,-0.3958393633365631,0,state.APOGEE,1649,-26,0,-26,0.000880099949426949,4713,4713,"[10.6, 0.5, 15.9, 10.8, 15.9, 15.9, 0, 0]","[3.646, 3.647, 3.647]",0.262,"[2.9952, 3.3136, 5.0048, 7.364800000000001, 8.4368, 27.8256]","[0.034375, 0.5625, 0.005, 0.001875, -0.000625, 0.000625]",0,0,29.5,"[1, 1, 1, 1, 1, 1]",73.86248906027902,42.360127899999995,-71.0932854,3,-21.092
1774902981.6211503,"[0, 0, 0, 0, 0, 0]","[1291, 1500, 1500, 1500]","[-25.08, 0.0, 0.0, 0.0]","[-0.3754108203125, 2.5328738203125, 10.214238890625]",0,3313.582275390625,0,31.20475685119629,"[0.0, -6.5612792958, -11.50512695124]","[0, 0, 0]",0,3,0.0,0.0,3.313,0,0,0,4294967.295,3750042.88,0,104732,0,50.013641357421875,64.57320404052734,-0.3958393633365631,0,state.APOGEE,1650,-26,0,-27,0.000879512052051723,4713,4713,"[10.8, 0.5, 16.5, 10.6, 15.5, 16.5, 0, 0]","[3.646, 3.647, 3.647]",0.262,"[2.9952, 3.3136, 5.0048, 7.364800000000001, 8.4368, 27.8256]","[0.034375, 0.5625, 0.005, 0.001875, -0.000625, 0.000625]",0,0,29.5,"[1, 1, 1, 1, 1, 1]",73.98390336342182,42.360127899999995,-71.0932854,3,-21.092
1774902981.678667,"[0, 0, 0, 0, 0, 0]","[1291, 1500, 1500, 1500]","[-25.08, 0.0, 0.0, 0.0]","[-0.35855564062499995, 2.5175509296875, 10.21730346875]",0,3311.30908203125,0,31.21787269592285,"[0.0, -5.58471679596, 7.90405273308]","[0, 0, 0]",0,3,0.0,0.0,3.313,0,0,0,4294967.295,3750042.88,0,104792,0,49.88699722290039,64.73372650146484,-0.3958393633365631,0,state.APOGEE,1651,-26,0,-27,0.0008791000000201166,4713,4713,"[10.4, 0.5, 16.5, 10.6, 15.9, 15.9, 0, 0]","[3.646, 3.647, 3.647]",0.262,"[2.9936000000000003, 3.3136, 5.0032000000000005, 7.3664000000000005, 8.4288, 27.824]","[0.029375000000000002, 0.6325000000000001, 0.00125, 0.000625, -0.003125, -0.00125]",0,0,29.5,"[1, 1, 1, 1, 1, 1]",74.037833948732,42.360127999999996,-71.0932854,3,-20.972
1774902981.7381823,"[0, 0, 0, 0, 0, 0]","[1291, 1500, 1500, 1500]","[-25.08, 0.0, 0.0, 0.0]","[-0.36391865234375, 2.52444623046875, 10.20427901171875]",0,3309.037353515625,0,31.209128799438478,"[0.0, 5.6457519521999995, -0.70190429676]","[0, 0, 0]",0,3,0.0,0.0,3.31,0,0,0,4294967.295,3750042.88,0,104852,0,49.738983154296875,64.73188781738281,-0.3958393633365631,0,state.APOGEE,1652,-26,0,-27,0.0008786000544205308,4713,4713,"[10.2, 0.5, 16.5, 10.4, 16.5, 17.0, 0, 0]","[3.646, 3.647, 3.647]",0.262,"[2.9936000000000003, 3.3136, 5.0032000000000005, 7.3664000000000005, 8.4288, 27.824]","[0.029375000000000002, 0.6325000000000001, 0.00125, 0.000625, -0.003125, -0.00125]",0,0,29.5,"[1, 1, 1, 1, 1, 1]",73.98651123827402,42.360127999999996,-71.0932854,3,-20.972
1774902981.7956991,"[0, 0, 0, 0, 0, 0]","[1291, 1500, 1500, 1500]","[-25.08, 0.0, 0.0, 0.0]","[-0.36162021874999994, 2.5213816523437496, 10.20121443359375]",0,3307.14453125,0,31.200384902954102,"[0.0, -1.25122070292, 12.57324218544]","[0, 0, 0]",0,3,0.0,0.0,3.31,0,0,0,4294967.295,3750042.88,0,104906,0,49.93789291381836,64.90267944335938,-0.3958393633365631,0,state.APOGEE,1653,-25,0,-26,0.000878287828527391,4713,4713,"[10.6, 0.5, 17.0, 11.1, 15.9, 15.9, 0, 0]","[3.646, 3.647, 3.647]",0.262,"[2.9952, 3.3104, 5.0032000000000005, 7.3616, 8.432, 27.8256]","[0.033125, 0.24625, 0.000625, -0.0025, -0.00625, -0.003125]",0,0,29.5,"[1, 1, 1, 1, 1, 1]",74.15743762126732,42.360127899999995,-71.0932849,3,-20.939
1774902981.8562193,"[0, 0, 0, 0, 0, 0]","[1291, 1500, 1500, 1500]","[-25.08, 0.0, 0.0, 0.0]","[-0.3692816640625, 2.49456659375, 10.22573105859375]",0,3304.871337890625,0,31.213500747680666,"[0.0, -2.83813476516, -8.33129882676]","[0, 0, 0]",0,3,0.0,0.0,3.306,0,0,0,4294967.295,3750042.88,0,104966,0,49.78832244873047,64.86058807373047,-0.3958393633365631,0,state.APOGEE,1654,-24,0,-25,0.0008777877665124834,4713,4713,"[10.4, 0.5, 16.5, 10.4, 15.9, 18.2, 0, 0]","[3.646, 3.647, 3.647]",0.262,"[2.9968000000000004, 3.3120000000000003, 5.0048, 7.3664000000000005, 8.443200000000001, 27.8288]","[0.03375, 0.20375000000000001, 0.00125, -0.0025, -0.003125, 0.00125]",0,0,29.5,"[1, 1, 1, 1, 1, 1]",74.08143050696616,42.3601281,-71.09328359999999,3,-20.865
1774902981.9132178,"[0, 0, 0, 0, 0, 0]","[1291, 1500, 1500, 1500]","[-25.08, 0.0, 0.0, 0.0]","[-0.36698323046875, 2.53823683203125, 10.224198769531249]",0,3302.598876953125,0,31.18726905822754,"[0.0, -8.75854492044, -0.70190429676]","[0, 0, 0]",0,3,0.0,0.0,3.302,0,0,0,4294967.295,3750042.88,0,105026,0,49.94307327270508,65.08211517333984,-0.3958393633365631,0,state.APOGEE,1655,-25,0,-26,0.0008771999855525792,4713,4713,"[10.6, 0.5, 16.5, 10.2, 15.9, 16.5, 0, 0]","[3.646, 3.647, 3.647]",0.262,"[2.9968000000000004, 3.3120000000000003, 5.0048, 7.3664000000000005, 8.443200000000001, 27.8288]","[0.03375, 0.20375000000000001, 0.00125, -0.0025, -0.003125, 0.00125]",0,0,29.5,"[1, 1, 1, 1, 1, 1]",74.26793753249852,42.3601281,-71.09328359999999,3,-20.865
1774902981.9717622,"[0, 0, 0, 0, 0, 0]","[1291, 1500, 1500, 1500]","[-25.08, 0.0, 0.0, 0.0]","[-0.37464467578124994, 2.51372020703125, 10.224198769531249]",0,3300.327392578125,0,31.213500747680666,"[0.0, -6.19506835836, 1.58691406224]","[0, 0, 0]",0,3,0.0,0.0,3.302,0,0,0,4294967.295,3750042.88,0,105086,0,50.105690002441406,65.08763885498047,-0.3958393633365631,0,state.APOGEE,1656,-24,0,-26,0.0008767000399529934,4713,4713,"[10.6, 0.5, 17.0, 10.8, 15.5, 17.0, 0, 0]","[3.646, 3.647, 3.647]",0.262,"[2.9968000000000004, 3.3104, 5.0032000000000005, 7.3664000000000005, 8.456000000000001, 27.8288]","[0.029375000000000002, 0.245625, -0.00375, -0.000625, 0.00125, 0.0]",0,0,29.5,"[1, 1, 1, 1, 1, 1]",74.32581378949288,42.3601288,-71.0932809,3,-20.75
1774902982.0287614,"[0, 0, 0, 0, 0, 0]","[1291, 1500, 1500, 1500]","[-25.08, 0.0, 0.0, 0.0]","[-0.37924154296875, 2.5075910507812496, 10.20427901171875]",0,3298.435546875,0,31.200384902954102,"[0.0, -1.25122070292, 7.1716308582]","[0, 0, 0]",0,3,0.0,0.0,3.298,0,0,0,4294967.295,3750042.88,0,105140,0,50.208492279052734,65.09733581542969,-0.3958393633365631,0,state.APOGEE,1657,-25,0,-26,0.0008762123761698604,4713,4713,"[10.8, 0.5, 17.6, 10.6, 16.5, 16.5, 0, 0]","[3.646, 3.647, 3.647]",0.262,"[2.9968000000000004, 3.3104, 5.0032000000000005, 7.3664000000000005, 8.456000000000001, 27.8288]","[0.029375000000000002, 0.245625, -0.00375, -0.000625, 0.00125, 0.0]",0,0,29.5,"[1, 1, 1, 1, 1, 1]",74.36618877270871,42.3601288,-71.0932809,3,-20.75
1774902982.0861015,"[0, 0, 0, 0, 0, 0]","[1291, 1500, 1500, 1500]","[-25.08, 0.0, 0.0, 0.0]","[-0.34093431640625, 2.5298092421875, 10.207343589843749]",0,3296.165771484375,0,31.209128799438478,"[0.0, -1.00708007796, -6.2561035145999995]","[0, 0, 0]",0,3,0.0,0.0,3.298,0,0,0,4294967.295,3750042.88,0,105200,0,50.324771881103516,65.00943756103516,-0.3958393633365631,0,state.APOGEE,1658,-25,0,-26,0.0008758000330999494,4713,4713,"[10.2, 0.5, 16.5, 10.8, 15.9, 17.0, 0, 0]","[3.646, 3.647, 3.647]",0.262,"[2.9952, 3.3088, 5.0016, 7.36, 8.440000000000001, 27.8288]","[0.035, 0.23375, -0.005, 0.0, -0.000625, 0.0]",0,0,29.5,"[1, 1, 1, 1, 1, 1]",74.35245219545888,42.360129799999996,-71.0932785,3,-20.612
1774902982.1470973,"[0, 0, 0, 0, 0, 0]","[1291, 1500, 1500, 1500]","[-25.08, 0.0, 0.0, 0.0]","[-0.3907337109374999, 2.5183170742187495, 10.22726334765625]",0,3293.894775390625,0,31.18289710998535,"[0.0, -6.9885253894799995, 7.50732421752]","[0, 0, 0]",0,3,0.0,0.0,3.295,0,0,0,4294967.295,3750042.88,0,105260,0,50.26346206665039,65.00697326660156,-0.3958393633365631,0,state.APOGEE,1659,-24,0,-26,0.0008753000292927027,4713,4713,"[10.6, 0.5, 17.6, 10.6, 16.5, 17.0, 0, 0]","[3.646, 3.647, 3.647]",0.262,"[2.9952, 3.3088, 5.0016, 7.36, 8.440000000000001, 27.8288]","[0.035, 0.23375, -0.005, 0.0, -0.000625, 0.0]",0,0,29.5,"[1, 1, 1, 1, 1, 1]",74.33027438787981,42.360129799999996,-71.0932785,3,-20.612
1774902982.209613,"[0, 0, 0, 0, 0, 0]","[1291, 1500, 1500, 1500]","[-25.08, 0.0, 0.0, 0.0]","[-0.367749375, 2.5175509296875, 10.248715394531251]",0,3291.623779296875,0,31.20475685119629,"[0.0, 9.36889648284, 1.55639648412]","[0, 0, 0]",0,3,0.0,0.0,3.295,0,0,0,4294967.295,3750042.88,0,105320,0,50.27264404296875,64.97338104248047,-0.3958393633365631,0,state.APOGEE,1660,-24,0,-25,0.0008750624256208539,4713,4713,"[10.4, 0.5, 16.5, 10.6, 15.5, 15.9, 0, 0]","[3.646, 3.647, 3.647]",0.262,"[2.9952, 3.3120000000000003, 5.0032000000000005, 7.364800000000001, 8.4496, 27.8288]","[0.033125, 0.56125, 0.005625, -0.00125, 0.001875, 0.0025]",0,0,29.5,"[1, 1, 1, 1, 1, 1]",74.31316442574949,42.3601299,-71.09327809999999,3,-20.536
1774902982.2626588,"[0, 0, 0, 0, 0, 0]","[1291, 1500, 1500, 1500]","[-25.08, 0.0, 0.0, 0.0]","[-0.39303214453124996, 2.49839731640625, 10.221134191406248]",0,3289.35400390625,0,31.169781265258788,"[0.0, 2.8991699214, 4.8828124992]","[0, 0, 0]",0,3,0.0,0.0,3.29,0,0,0,4294967.295,3750043.136,0,105374,0,50.40550994873047,64.96570587158203,-0.3958393633365631,0,state.APOGEE,1661,-23,0,-24,0.0008742999634705484,4713,4713,"[10.6, 0.5, 16.5, 10.8, 15.9, 17.0, 0, 0]","[3.646, 3.647, 3.647]",0.262,"[2.9952, 3.3120000000000003, 5.0032000000000005, 7.364800000000001, 8.4496, 27.8288]","[0.033125, 0.56125, 0.005625, -0.00125, 0.001875, 0.0025]",0,0,29.5,"[1, 1, 1, 1, 1, 1]",74.35350111559873,42.3601294,-71.09327859999999,3,-20.592
1774902982.3236558,"[0, 0, 0, 0, 0, 0]","[1291, 1500, 1500, 1500]","[-25.08, 0.0, 0.0, 0.0]","[-0.3692816640625, 2.52751080859375, 10.231860214843751]",0,3287.08447265625,0,31.1654093170166,"[0.0, 2.47192382772, 9.55200195156]","[0, 0, 0]",0,3,0.0,0.0,3.287,0,0,0,4294967.295,3750043.136,0,105434,0,50.600521087646484,64.84669494628906,-0.3958393633365631,0,state.APOGEE,1662,-27,0,-25,0.0008737125899642706,4713,4713,"[10.2, 0.5, 16.5, 10.8, 15.5, 16.5, 0, 0]","[3.646, 3.647, 3.647]",0.262,"[2.9952, 3.3136, 5.0032000000000005, 7.3632, 8.441600000000001, 27.824]","[0.03125, 0.625, 0.000625, 0.0, -0.00125, -0.000625]",0,0,29.5,"[1, 1, 1, 1, 1, 1]",74.34858774123313,42.3601294,-71.09327859999999,3,-20.592
1774902982.3821855,"[0, 0, 0, 0, 0, 0]","[1291, 1500, 1500, 1500]","[-25.08, 0.0, 0.0, 0.0]","[-0.3723462421875, 2.5321076757812495, 10.22573105859375]",0,3284.81494140625,0,31.174153213500976,"[0.0, -8.14819335804, -17.27294921592]","[0, 0, 0]",0,3,0.0,0.0,3.287,0,0,0,4294967.295,3750043.136,0,105494,0,50.33196258544922,65.01759338378906,-0.3958393633365631,0,state.APOGEE,1663,-30,0,-30,0.0008733000140637159,4713,4713,"[10.6, 0.5, 16.5, 10.4, 15.5, 15.9, 0, 0]","[3.646, 3.647, 3.647]",0.262,"[2.9952, 3.3136, 5.0032000000000005, 7.3632, 8.441600000000001, 27.824]","[0.03125, 0.625, 0.000625, 0.0, -0.00125, -0.000625]",0,0,29.5,"[1, 1, 1, 1, 1, 1]",74.35978087365481,42.3601287,-71.0932821,3,-20.389
1774902982.443192,"[0, 0, 0, 0, 0, 0]","[1291, 1500, 1500, 1500]","[-25.08, 0.0, 0.0, 0.0]","[-0.33863588281249996, 2.5443659882812497, 10.205045156249998]",0,3282.546875,0,31.196012954711914,"[0.0, -5.340576171, -4.94384765544]","[0, 0, 0]",0,3,0.0,0.0,3.283,0,0,0,4294967.295,3750043.136,0,105554,0,50.468143463134766,65.13349914550781,-0.3958393633365631,0,state.APOGEE,1664,-23,0,-27,0.0008728000102564692,4713,4713,"[11.1, 0.5, 15.9, 10.8, 15.9, 15.9, 0, 0]","[3.646, 3.647, 3.647]",0.262,"[2.9952, 3.3120000000000003, 5.0064, 7.3584000000000005, 8.443200000000001, 27.8256]","[0.033125, 0.236875, -0.005, -0.00125, -0.00125, -0.00125]",0,0,29.5,"[1, 1, 1, 1, 1, 1]",74.4752443461066,42.3601287,-71.0932821,3,-20.389
1774902982.4992726,"[0, 0, 0, 0, 0, 0]","[1291, 1500, 1500, 1500]","[-25.08, 0.0, 0.0, 0.0]","[-0.35242648437499996, 2.51065562890625, 10.2464169609375]",0,3280.6572265625,0,31.191641006469727,"[0.0, 1.31225585916, 3.60107421816]","[0, 0, 0]",0,3,0.0,0.0,3.283,0,0,0,4294967.295,3750043.136,0,105608,0,50.6422233581543,65.1574478149414,-0.3958393633365631,0,state.APOGEE,1665,-22,0,-227,0.0008725872612558305,4713,4713,"[10.2, 0.5, 15.0, 10.4, 16.5, 15.9, 0, 0]","[3.646, 3.647, 3.647]",0.262,"[2.9952, 3.3120000000000003, 5.0064, 7.3584000000000005, 8.443200000000001, 27.8256]","[0.033125, 0.236875, -0.005, -0.00125, -0.00125, -0.00125]",0,0,29.5,"[1, 1, 1, 1, 1, 1]",74.54820338311012,42.3601284,-71.0932827,3,-20.401
1774902982.5547931,"[0, 0, 0, 0, 0, 0]","[1291, 1500, 1500, 1500]","[-25.08, 0.0, 0.0, 0.0]","[-0.38996756640624997, 2.4869051484374998, 10.257142984375]",0,3278.3876953125,0,31.169781265258788,"[0.0, -6.0119628896399995, -9.24682617036]","[0, 0, 0]",0,3,0.0,0.0,3.279,0,0,0,4294967.295,3750043.136,0,105668,0,50.57323455810547,65.262451171875,-0.3958393633365631,0,state.APOGEE,1666,-23,0,-227,0.0008720871992409229,4713,4713,"[10.4, 0.5, 17.0, 10.6, 15.5, 17.0, 0, 0]","[3.646, 3.647, 3.647]",0.262,"[2.9952, 3.3104, 5.0032000000000005, 7.3696, 8.4624, 27.824]","[0.035, 0.24375, 0.000625, 0.000625, 0.000625, -0.00125]",0,0,29.5,"[1, 1, 1, 1, 1, 1]",74.58777213215568,42.360127999999996,-71.0932833,3,-20.396
1774902982.6147923,"[0, 0, 0, 0, 0, 0]","[1291, 1500, 1500, 1500]","[-25.08, 0.0, 0.0, 0.0]","[-0.35625720703125, 2.5458982773437495, 10.237989371093748]",0,3276.11865234375,0,31.174153213500976,"[0.0, 7.7819824206, 9.0026855454]","[0, 0, 0]",0,3,0.0,0.0,3.276,0,0,0,4294967.295,3750043.136,0,105728,0,50.6891975402832,65.1666259765625,-0.3958393633365631,0,state.APOGEE,1667,-23,0,-24,0.0008714128634892404,4713,4713,"[10.8, 0.5, 17.6, 10.2, 16.5, 17.0, 0, 0]","[3.646, 3.647, 3.647]",0.262,"[2.9952, 3.3104, 5.0032000000000005, 7.3616, 8.443200000000001, 27.8272]","[0.030625, 0.224375, -0.00125, -0.000625, 0.0025, -0.00375]",0,0,29.5,"[1, 1, 1, 1, 1, 1]",74.56951366108112,42.360127999999996,-71.0932833,3,-20.396
1774902982.6740217,"[0, 0, 0, 0, 0, 0]","[1291, 1500, 1500, 1500]","[-25.08, 0.0, 0.0, 0.0]","[-0.37924154296875, 2.58727008203125, 10.228029492187499]",0,3273.850830078125,0,31.1654093170166,"[0.0, -1.43432617164, -4.24194335868]","[0, 0, 0]",0,3,0.0,0.0,3.276,0,0,0,4294967.295,3750043.136,0,105788,0,50.62358093261719,65.0067138671875,-0.3958393633365631,0,state.APOGEE,1668,-22,0,-227,0.0008709999965503812,4713,4713,"[10.4, 0.5, 17.0, 10.8, 17.0, 16.5, 0, 0]","[3.646, 3.647, 3.647]",0.262,"[2.9952, 3.3104, 5.0032000000000005, 7.3616, 8.443200000000001, 27.8272]","[0.030625, 0.224375, -0.00125, -0.000625, 0.0025, -0.00375]",0,0,29.5,"[1, 1, 1, 1, 1, 1]",74.45192089365987,42.3601275,-71.09328289999999,3,-20.48
1774902982.730026,"[0, 0, 0, 0, 0, 0]","[1291, 1500, 1500, 1500]","[-25.08, 0.0, 0.0, 0.0]","[-0.38307226562499996, 2.5213816523437496, 10.223432625]",0,3271.58447265625,0,31.1654093170166,"[0.0, -1.86157226532, 8.81958007668]","[0, 0, 0]",0,3,0.0,0.0,3.272,0,0,0,4294967.295,3750043.136,0,105842,0,50.61017608642578,65.15544891357422,-0.3958393633365631,0,state.APOGEE,1669,-23,0,-24,0.0008704999927431345,4713,4713,"[10.6, 0.5, 17.0, 10.2, 15.9, 16.5, 0, 0]","[3.646, 3.647, 3.647]",0.262,"[2.9968000000000004, 3.3120000000000003, 5.0032000000000005, 7.3632, 8.443200000000001, 27.8288]","[0.034375, 0.228125, 0.000625, -0.001875, -0.0025, -0.00375]",0,0,29.5,"[1, 1, 1, 1, 1, 1]",74.5362105540631,42.3601275,-71.09328289999999,3,-20.48
1774902982.7886446,"[0, 0, 0, 0, 0, 0]","[1291, 1500, 1500, 1500]","[-25.08, 0.0, 0.0, 0.0]","[-0.37004780859374997, 2.4715822578124995, 10.248715394531251]",0,3269.318359375,0,31.174153213500976,"[0.0, -11.50512695124, -16.35742187232]","[0, 0, 0]",0,3,0.0,0.0,3.272,0,0,0,4294967.295,3750043.136,0,105902,0,50.34892654418945,65.36054992675781,-0.3958393633365631,0,state.APOGEE,1670,-23,0,-24,0.0008700869511812925,4713,4713,"[10.8, 0.5, 16.5, 10.6, 15.9, 17.0, 0, 0]","[3.646, 3.647, 3.647]",0.262,"[2.9968000000000004, 3.3120000000000003, 5.0032000000000005, 7.3632, 8.443200000000001, 27.8288]","[0.034375, 0.228125, 0.000625, -0.001875, -0.0025, -0.00375]",0,0,29.5,"[1, 1, 1, 1, 1, 1]",74.5716812776465,42.360127,-71.0932844,3,-20.415
1774902982.8506525,"[0, 0, 0, 0, 0, 0]","[1291, 1500, 1500, 1500]","[-25.08, 0.0, 0.0, 0.0]","[-0.33250672656249997, 2.55585815625, 10.18895612109375]",0,3267.05078125,0,31.161037368774416,"[0.0, -9.55200195156, 0.27465820308]","[0, 0, 0]",0,3,0.0,0.0,3.268,0,0,0,4294967.295,3750043.136,0,105962,0,50.59121322631836,65.40757751464844,-0.3958393633365631,0,state.APOGEE,1671,-24,0,-24,0.0008695868891663849,4713,4713,"[10.4, 0.5, 16.5, 10.2, 16.5, 16.5, 0, 0]","[3.646, 3.647, 3.647]",0.262,"[2.9952, 3.3120000000000003, 5.0048, 7.364800000000001, 8.441600000000001, 27.824]","[0.03625, 0.27125, 0.000625, -0.00125, -0.003125, -0.0025]",0,0,29.5,"[1, 1, 1, 1, 1, 1]",74.68063095541925,42.3601265,-71.0932833,3,-20.476
1774902982.908162,"[0, 0, 0, 0, 0, 0]","[1291, 1500, 1500, 1500]","[-25.08, 0.0, 0.0, 0.0]","[-0.35932178515625, 2.50146189453125, 10.22956178125]",0,3264.78369140625,0,31.178525161743163,"[0.0, -11.68823241996, -5.73730468656]","[0, 0, 0]",0,3,0.0,0.0,3.264,0,0,0,4294967.295,3750043.136,0,106022,0,50.59884262084961,65.51566314697266,-0.3958393633365631,0,state.APOGEE,1672,-24,0,-24,0.0008691869443282485,4713,4713,"[10.4, 0.5, 16.5, 10.6, 15.5, 16.5, 0, 0]","[3.646, 3.647, 3.647]",0.262,"[2.9952, 3.3120000000000003, 5.0048, 7.364800000000001, 8.441600000000001, 27.824]","[0.03625, 0.27125, 0.000625, -0.00125, -0.003125, -0.0025]",0,0,29.5,"[1, 1, 1, 1, 1, 1]",74.747873671588,42.3601265,-71.0932833,3,-20.476
1774902982.962818,"[0, 0, 0, 0, 0, 0]","[1291, 1500, 1500, 1500]","[-25.08, 0.0, 0.0, 0.0]","[-0.3784753984375, 2.4777114140625, 10.228029492187499]",0,3262.895263671875,0,31.161037368774416,"[0.0, 3.08227539012, -4.24194335868]","[0, 0, 0]",0,3,0.0,0.0,3.264,0,0,0,4294967.295,3750043.136,0,106076,0,50.65734100341797,65.45227813720703,-0.3958393633365631,0,state.APOGEE,1673,-24,0,-24,0.0008686130749993026,4713,4713,"[10.6, 0.5, 15.9, 10.4, 15.9, 15.5, 0, 0]","[3.646, 3.647, 3.647]",0.262,"[2.9984, 3.3120000000000003, 5.0032000000000005, 7.36, 8.459200000000001, 27.8256]","[0.03125, 0.601875, 0.005625, -0.003125, -0.000625, -0.000625]",0,0,29.5,"[1, 1, 1, 1, 1, 1]",74.72940364184876,42.3601264,-71.0932832,3,-20.425
1774902983.0228183,"[0, 0, 0, 0, 0, 0]","[1291, 1500, 1500, 1500]","[-25.08, 0.0, 0.0, 0.0]","[-0.37770925390624993, 2.52751080859375, 10.215771179687499]",0,3260.62939453125,0,31.174153213500976,"[0.0, -5.21850585852, 3.78417968688]","[0, 0, 0]",0,3,0.0,0.0,3.261,0,0,0,4294967.295,3750043.136,0,106136,0,50.62374496459961,65.62684631347656,-0.3958393633365631,0,state.APOGEE,1674,-24,0,-24,0.0008681131876073778,4713,4713,"[10.6, 0.5, 16.5, 10.4, 15.0, 17.0, 0, 0]","[3.646, 3.647, 3.647]",0.262,"[2.9984, 3.3120000000000003, 5.0032000000000005, 7.36, 8.459200000000001, 27.8256]","[0.03125, 0.601875, 0.005625, -0.003125, -0.000625, -0.000625]",0,0,29.5,"[1, 1, 1, 1, 1, 1]",74.82269368497418,42.3601264,-71.0932832,3,-20.425
1774902983.0833416,"[0, 0, 0, 0, 0, 0]","[1291, 1500, 1500, 1500]","[-25.08, 0.0, 0.0, 0.0]","[-0.36698323046875, 2.5298092421875, 10.23492479296875]",0,3258.363525390625,0,31.18289710998535,"[0.0, -2.41088867148, 4.9133300773199995]","[0, 0, 0]",0,3,0.0,0.0,3.261,0,0,0,4294967.295,3750043.136,0,106196,0,50.71257019042969,65.4656982421875,-0.3958393633365631,0,state.APOGEE,1675,-23,0,-24,0.0008676999714225531,4713,4713,"[10.6, 0.5, 16.5, 10.8, 16.5, 17.6, 0, 0]","[3.646, 3.647, 3.647]",0.262,"[2.9952, 3.3136, 5.0032000000000005, 7.3632, 8.457600000000001, 27.8256]","[0.031875, 0.62125, 0.003125, 0.000625, -0.0025, -0.00125]",0,0,29.5,"[1, 1, 1, 1, 1, 1]",74.75581668249276,42.3601263,-71.093284,3,-20.301
1774902983.1463363,"[0, 0, 0, 0, 0, 0]","[1291, 1500, 1500, 1500]","[-25.08, 0.0, 0.0, 0.0]","[-0.37770925390624993, 2.5114217734374997, 10.207343589843749]",0,3256.09912109375,0,31.1654093170166,"[0.0, 0.88500976548, -11.32202148252]","[0, 0, 0]",0,3,0.0,0.0,3.257,0,0,0,4294967.295,3750043.136,0,106256,0,51.11878204345703,65.3240966796875,-0.3958393633365631,0,state.APOGEE,1676,-23,0,-24,0.0008671999676153064,4713,4713,"[10.8, 0.5, 16.5, 10.6, 15.5, 17.6, 0, 0]","[3.646, 3.647, 3.647]",0.262,"[2.9952, 3.3136, 5.0032000000000005, 7.3632, 8.457600000000001, 27.8256]","[0.031875, 0.62125, 0.003125, 0.000625, -0.0025, -0.00125]",0,0,29.5,"[1, 1, 1, 1, 1, 1]",74.80775242473354,42.3601263,-71.093284,3,-20.301
1774902983.196849,"[0, 0, 0, 0, 0, 0]","[1291, 1500, 1500, 1500]","[-25.08, 0.0, 0.0, 0.0]","[-0.36391865234375, 2.51525249609375, 10.223432625]",0,3254.21240234375,0,31.143549575805665,"[0.0, -1.0681152342, 5.2795410147599995]","[0, 0, 0]",0,3,0.0,0.0,3.257,0,0,0,4294967.295,3750043.136,0,106310,0,51.40257263183594,65.61029052734375,-0.3958393633365631,0,state.APOGEE,1677,-24,0,-24,0.0008666132926009595,4713,4713,"[10.6, 0.5, 15.9, 10.6, 15.9, 16.5, 0, 0]","[3.646, 3.647, 3.647]",0.262,"[2.9968000000000004, 3.3104, 5.0016, 7.3664000000000005, 8.4368, 27.8304]","[0.033125, 0.22062500000000002, -0.0025, -0.00375, 0.004375, -0.000625]",0,0,29.5,"[1, 1, 1, 1, 1, 1]",75.07165226608994,42.360126,-71.0932826,3,-20.34
1774902983.2578745,"[0, 0, 0, 0, 0, 0]","[1291, 1500, 1500, 1500]","[-25.08, 0.0, 0.0, 0.0]","[-0.3539587734375, 2.5213816523437496, 10.2310940703125]",0,3251.946533203125,0,31.169781265258788,"[0.0, 0.762939453, 2.31933593712]","[0, 0, 0]",0,3,0.0,0.0,3.253,0,0,0,4294967.295,3750043.136,0,106370,0,51.26923370361328,65.60971069335938,-0.3958393633365631,0,state.APOGEE,1678,-24,0,-25,0.0008664732449688017,4713,4713,"[10.4, 0.5, 17.0, 10.4, 15.9, 16.5, 0, 0]","[3.646, 3.647, 3.647]",0.262,"[2.9968000000000004, 3.3104, 5.0016, 7.3664000000000005, 8.4368, 27.8304]","[0.033125, 0.22062500000000002, -0.0025, -0.00375, 0.004375, -0.000625]",0,0,29.5,"[1, 1, 1, 1, 1, 1]",75.02681098292406,42.3601254,-71.0932816,3,-20.421
1774902983.3218756,"[0, 0, 0, 0, 0, 0]","[1291, 1500, 1500, 1500]","[-25.08, 0.0, 0.0, 0.0]","[-0.35012805078125, 2.5075910507812496, 10.224198769531249]",0,3249.68115234375,0,31.161037368774416,"[0.0, -2.65502929644, 10.86425781072]","[0, 0, 0]",0,3,0.0,0.0,3.249,0,0,0,4294967.295,3750043.136,0,106430,0,51.300994873046875,65.52847290039062,-0.3958393633365631,0,state.APOGEE,1679,-24,0,-25,0.000865626847371459,4713,4713,"[10.2, 0.5, 17.0, 10.6, 15.5, 16.5, 0, 0]","[3.646, 3.647, 3.647]",0.262,"[2.9968000000000004, 3.3104, 5.0032000000000005, 7.36, 8.4384, 27.8272]","[0.031875, 0.2475, -0.000625, -0.0075, 0.000625, -0.000625]",0,0,29.5,"[1, 1, 1, 1, 1, 1]",74.98953158713225,42.3601254,-71.0932816,3,-20.421
1774902983.381393,"[0, 0, 0, 0, 0, 0]","[1291, 1500, 1500, 1500]","[-25.08, 0.0, 0.0, 0.0]","[-0.38613684374999996, 2.5198493632812498, 10.2035128671875]",0,3247.4169921875,0,31.15229347229004,"[0.0, 1.25122070292, 5.6457519521999995]","[0, 0, 0]",0,3,0.0,0.0,3.249,0,0,0,4294967.295,3750043.136,0,106490,0,51.23597717285156,65.91604614257812,-0.3958393633365631,0,state.APOGEE,1680,-24,0,-25,0.0008653999539092183,4713,4713,"[10.8, 0.5, 16.5, 10.8, 15.9, 16.5, 0, 0]","[3.646, 3.647, 3.647]",0.262,"[2.9952, 3.3088, 5.0, 7.3664000000000005, 8.4336, 27.8304]","[0.03, 0.2425, -0.0025, -0.005, -0.00125, -0.00125]",0,0,29.5,"[1, 1, 1, 1, 1, 1]",75.19669796049347,42.3601253,-71.0932823,3,-20.341
1774902983.4303904,"[0, 0, 0, 0, 0, 0]","[1291, 1500, 1500, 1500]","[-25.08, 0.0, 0.0, 0.0]","[-0.37311238671874997, 2.5175509296875, 10.2402878046875]",0,3245.154296875,0,31.161037368774416,"[0.0, -8.57543945172, -11.1389160138]","[0, 0, 0]",0,3,0.0,0.0,3.245,0,0,0,4294967.295,3750043.136,0,106544,0,51.15027618408203,66.03033447265625,-0.3958393633365631,0,state.APOGEE,1681,-23,0,-24,0.000864986446686089,4713,4713,"[10.6, 0.5, 16.5, 10.6, 15.9, 17.6, 0, 0]","[3.646, 3.647, 3.647]",0.262,"[2.9952, 3.3088, 5.0, 7.3664000000000005, 8.4336, 27.8304]","[0.03, 0.2425, -0.0025, -0.005, -0.00125, -0.00125]",0,0,29.5,"[1, 1, 1, 1, 1, 1]",75.23623312443841,42.3601253,-71.0932823,3,-20.341
1774902983.4907815,"[0, 0, 0, 0, 0, 0]","[1291, 1500, 1500, 1500]","[-25.08, 0.0, 0.0, 0.0]","[-0.395330578125, 2.5267446640624995, 10.216537324218748]",0,3242.89208984375,0,31.13480567932129,"[0.0, -0.09155273436, -4.76074218672]","[0, 0, 0]",0,3,0.0,0.0,3.245,0,0,0,4294967.295,3750043.136,0,106604,0,51.10206604003906,66.07733917236328,-0.3958393633365631,0,state.APOGEE,1682,-23,0,-24,0.0008643135661259294,4713,4713,"[10.8, 0.5, 16.5, 10.2, 15.9, 17.0, 0, 0]","[3.646, 3.647, 3.647]",0.262,"[2.9984, 3.3104, 5.0048, 7.3616, 8.4704, 27.824]","[0.03, 0.24625, -0.0025, -0.00125, -0.00125, -0.005]",0,0,29.5,"[1, 1, 1, 1, 1, 1]",75.2483606655593,42.3601251,-71.0932813,3,-20.395
1774902983.5517874,"[0, 0, 0, 0, 0, 0]","[1291, 1500, 1500, 1500]","[-25.08, 0.0, 0.0, 0.0]","[-0.37770925390624993, 2.51065562890625, 10.2249649140625]",0,3240.6279296875,0,31.161037368774416,"[0.0, -4.1809082024399995, -5.92041015528]","[0, 0, 0]",0,3,0.0,0.0,3.242,0,0,0,4294967.295,3750043.136,0,106664,0,51.139312744140625,66.13836669921875,-0.3958393633365631,0,state.APOGEE,1683,-23,0,-23,0.0008637136197648942,4713,4713,"[10.4, 0.5, 17.6, 10.8, 15.9, 16.5, 0, 0]","[3.646, 3.647, 3.647]",0.262,"[2.9984, 3.3104, 5.0048, 7.3616, 8.4704, 27.824]","[0.03, 0.24625, -0.0025, -0.00125, -0.00125, -0.005]",0,0,29.5,"[1, 1, 1, 1, 1, 1]",75.29671639224757,42.360125,-71.09328049999999,3,-20.376
1774902983.6132948,"[0, 0, 0, 0, 0, 0]","[1291, 1500, 1500, 1500]","[-25.08, 0.0, 0.0, 0.0]","[-0.370813953125, 2.5129540624999995, 10.231860214843751]",0,3238.364501953125,0,31.15229347229004,"[0.0, 1.55639648412, -0.09155273436]","[0, 0, 0]",0,3,0.0,0.0,3.238,0,0,0,4294967.295,3750043.136,0,106724,0,50.987369537353516,66.37825012207031,-0.3958393633365631,0,state.APOGEE,1684,-24,0,-24,0.0008632136159576476,4713,4713,"[10.4, 0.5, 17.0, 10.6, 15.5, 16.5, 0, 0]","[3.646, 3.647, 3.647]",0.262,"[2.9952, 3.3104, 5.0032000000000005, 7.3632, 8.459200000000001, 27.822400000000002]","[0.036875, 0.6275000000000001, -0.000625, -0.00375, -0.003125, -0.004375]",0,0,29.5,"[1, 1, 1, 1, 1, 1]",75.39017207406975,42.360125,-71.09328049999999,3,-20.376
1774902983.6648133,"[0, 0, 0, 0, 0, 0]","[1291, 1500, 1500, 1500]","[-25.08, 0.0, 0.0, 0.0]","[-0.37387853125, 2.46468695703125, 10.2356909375]",0,3236.479248046875,0,31.169781265258788,"[0.0, -4.97436523356, -3.87573242124]","[0, 0, 0]",0,3,0.0,0.0,3.238,0,0,0,4294967.295,3750043.136,0,106778,0,51.10807418823242,66.43977355957031,-0.3958393633365631,0,state.APOGEE,1685,-25,0,-25,0.0008629136718809605,4713,4713,"[10.8, 0.5, 17.6, 10.6, 15.5, 16.5, 0, 0]","[3.646, 3.647, 3.647]",0.262,"[2.9952, 3.3104, 5.0032000000000005, 7.3632, 8.459200000000001, 27.822400000000002]","[0.036875, 0.6275000000000001, -0.000625, -0.00375, -0.003125, -0.004375]",0,0,29.5,"[1, 1, 1, 1, 1, 1]",75.46561098287128,42.3601251,-71.0932802,3,-20.293
1774902983.7278178,"[0, 0, 0, 0, 0, 0]","[1291, 1500, 1500, 1500]","[-25.08, 0.0, 0.0, 0.0]","[-0.34706347265625, 2.5252123749999997, 10.219601902343749]",0,3234.217041015625,0,31.15229347229004,"[0.0, 12.72583007604, 9.582519529679999]","[0, 0, 0]",0,3,0.0,0.0,3.234,0,0,0,4294967.295,3750043.136,0,106838,0,51.35526657104492,66.29512786865234,-0.3958393633365631,0,state.APOGEE,1686,-26,0,-26,0.0008624137844890356,4713,4713,"[10.6, 0.5, 17.0, 10.6, 15.5, 17.0, 0, 0]","[3.646, 3.647, 3.647]",0.262,"[2.9952, 3.3072000000000004, 5.0064, 7.368, 8.443200000000001, 27.8256]","[0.035, 0.594375, -0.0025, -0.003125, -0.0025, -0.0025]",0,0,29.5,"[1, 1, 1, 1, 1, 1]",75.45970507498778,42.3601251,-71.0932802,3,-20.293
1774902983.78484,"[0, 0, 0, 0, 0, 0]","[1291, 1500, 1500, 1500]","[-25.08, 0.0, 0.0, 0.0]","[-0.3662170859375, 2.49839731640625, 10.2402878046875]",0,3231.95458984375,0,31.147921524047852,"[0.0, 1.73950195284, -4.39453124928]","[0, 0, 0]",0,3,0.0,0.0,3.234,0,0,0,4294967.295,3750043.136,0,106898,0,51.53501510620117,66.34578704833984,-0.3958393633365631,0,state.APOGEE,1687,-27,0,-28,0.0008620999869890511,4713,4713,"[9.8, 0.5, 16.5, 10.8, 15.5, 15.9, 0, 0]","[3.646, 3.647, 3.647]",0.262,"[2.9952, 3.3072000000000004, 5.0064, 7.368, 8.443200000000001, 27.8256]","[0.035, 0.594375, -0.0025, -0.003125, -0.0025, -0.0025]",0,0,29.5,"[1, 1, 1, 1, 1, 1]",75.54788189877041,42.3601251,-71.0932789,3,-20.27
1774902983.844843,"[0, 0, 0, 0, 0, 0]","[1291, 1500, 1500, 1500]","[-25.08, 0.0, 0.0, 0.0]","[-0.36851551953124995, 2.52751080859375, 10.207343589843749]",0,3229.6923828125,0,31.178525161743163,"[0.0, 1.73950195284, -6.6223144520399995]","[0, 0, 0]",0,3,0.0,0.0,3.23,0,0,0,4294967.295,3750043.136,0,106958,0,51.475833892822266,66.33599853515625,-0.3958393633365631,0,state.APOGEE,1688,-27,0,-28,0.0008614999824203551,4713,4713,"[10.6, 0.5, 18.2, 10.4, 15.5, 15.9, 0, 0]","[3.646, 3.647, 3.647]",0.262,"[2.9936000000000003, 3.3088, 5.0048, 7.3616, 8.4384, 27.822400000000002]","[0.035, 0.61375, 0.00375, -0.005, -0.00125, -0.0025]",0,0,29.5,"[1, 1, 1, 1, 1, 1]",75.52292245477022,42.3601251,-71.0932789,3,-20.27
1774902983.898352,"[0, 0, 0, 0, 0, 0]","[1291, 1500, 1500, 1500]","[-25.08, 0.0, 0.0, 0.0]","[-0.3478296171875, 2.54896285546875, 10.198916]",0,3227.430419921875,0,31.13480567932129,"[0.0, 1.31225585916, 6.5612792958]","[0, 0, 0]",0,3,0.0,0.0,3.23,0,0,0,4294967.295,3750043.136,0,107012,0,51.74588394165039,66.26100158691406,-0.3958393633365631,0,state.APOGEE,1689,-25,0,-26,0.0008609138894826174,4713,4713,"[10.6, 0.5, 16.5, 10.8, 16.5, 15.9, 0, 0]","[3.646, 3.647, 3.647]",0.262,"[2.9936000000000003, 3.3088, 5.0048, 7.3616, 8.4384, 27.822400000000002]","[0.035, 0.61375, 0.00375, -0.005, -0.00125, -0.0025]",0,0,29.5,"[1, 1, 1, 1, 1, 1]",75.56674985832342,42.3601251,-71.0932777,3,-20.245
1774902983.9610326,"[0, 0, 0, 0, 0, 0]","[1291, 1500, 1500, 1500]","[-25.08, 0.0, 0.0, 0.0]","[-0.35778949609375, 2.5045264726562495, 10.21347274609375]",0,3225.170166015625,0,31.1654093170166,"[0.0, 8.81958007668, 19.653320309279998]","[0, 0, 0]",0,3,0.0,0.0,3.227,0,0,0,4294967.295,3750043.136,0,107072,0,52.1563606262207,66.27200317382812,-0.3958393633365631,0,state.APOGEE,1690,-23,0,-24,0.0008604999165982008,4713,4713,"[10.4, 0.5, 16.5, 10.8, 15.9, 15.9, 0, 0]","[3.646, 3.647, 3.647]",0.262,"[2.9952, 3.3136, 5.0032000000000005, 7.3632, 8.4448, 27.8256]","[0.03375, 0.23625000000000002, -0.004375, -0.004375, -0.003125, -0.000625]",0,0,29.5,"[1, 1, 1, 1, 1, 1]",75.70745500950343,42.3601252,-71.0932765,3,-20.196
1774902984.0186114,"[0, 0, 0, 0, 0, 0]","[1291, 1500, 1500, 1500]","[-25.08, 0.0, 0.0, 0.0]","[-0.3754108203125, 2.534406109375, 10.241053949218749]",0,3222.90966796875,0,31.1654093170166,"[0.0, -3.63159179628, 6.19506835836]","[0, 0, 0]",0,3,0.0,0.0,3.223,0,0,0,4294967.295,3750043.136,0,107132,0,52.29949188232422,66.51065826416016,-0.3958393633365631,0,state.APOGEE,1691,-24,0,-24,0.0008601720328442752,4713,4713,"[10.6, 0.5, 16.5, 10.6, 15.9, 16.5, 0, 0]","[3.646, 3.647, 3.647]",0.262,"[2.9968000000000004, 3.3136, 5.0048, 7.3632, 8.4384, 27.824]","[0.034375, 0.17125, -0.0025, -0.001875, 0.00125, -0.003125]",0,0,29.5,"[1, 1, 1, 1, 1, 1]",75.89236161421343,42.3601252,-71.0932765,3,-20.196
1774902984.0811381,"[0, 0, 0, 0, 0, 0]","[1291, 1500, 1500, 1500]","[-25.08, 0.0, 0.0, 0.0]","[-0.37924154296875, 2.534406109375, 10.21730346875]",0,3220.649169921875,0,31.15229347229004,"[0.0, 4.6691894523599995, 3.814697265]","[0, 0, 0]",0,3,0.0,0.0,3.223,0,0,0,4294967.295,3750043.136,0,107192,0,52.25220489501953,66.55155181884766,-0.3958393633365631,0,state.APOGEE,1692,-24,0,-24,0.0008596859988756478,4713,4713,"[10.6, 0.5, 15.9, 10.4, 15.9, 17.0, 0, 0]","[3.646, 3.647, 3.647]",0.262,"[2.9968000000000004, 3.3136, 5.0048, 7.3632, 8.4384, 27.824]","[0.034375, 0.17125, -0.0025, -0.001875, 0.00125, -0.003125]",0,0,29.5,"[1, 1, 1, 1, 1, 1]",75.90066775251478,42.360125499999995,-71.0932752,3,-20.151
1774902984.1381354,"[0, 0, 0, 0, 0, 0]","[1291, 1500, 1500, 1500]","[-25.08, 0.0, 0.0, 0.0]","[-0.37617696484374996, 2.44017033203125, 10.26557057421875]",0,3218.765625,0,31.139177627563477,"[0.0, 1.92260742156, 10.5285644514]","[0, 0, 0]",0,3,0.0,0.0,3.219,0,0,0,4294967.295,3750043.136,0,107246,0,52.36872863769531,66.54730224609375,-0.3958393633365631,0,state.APOGEE,1693,-24,0,-25,0.0008592858794145286,4713,4713,"[10.6, 0.5, 16.5, 10.4, 15.9, 17.6, 0, 0]","[3.646, 3.647, 3.647]",0.262,"[2.9968000000000004, 3.3104, 5.0016, 7.3632, 8.4368, 27.8256]","[0.02875, 0.248125, -0.00125, -0.005, -0.003125, -0.00375]",0,0,29.5,"[1, 1, 1, 1, 1, 1]",75.93604267196443,42.360125499999995,-71.0932752,3,-20.151
1774902984.1956499,"[0, 0, 0, 0, 0, 0]","[1291, 1500, 1500, 1500]","[-25.08, 0.0, 0.0, 0.0]","[-0.36698323046875, 2.5328738203125, 10.201980578125]",0,3216.505126953125,0,31.156665420532228,"[0.0, 13.33618163844, -0.67138671864]","[0, 0, 0]",0,3,0.0,0.0,3.219,0,0,0,4294967.295,3750043.136,0,107306,0,52.288780212402344,66.71028137207031,-0.3958393633365631,0,state.APOGEE,1694,-25,0,-26,0.0008586999610997736,4713,4713,"[10.4, 0.5, 17.0, 10.4, 14.6, 16.5, 0, 0]","[3.646, 3.647, 3.647]",0.262,"[2.9968000000000004, 3.3104, 5.0016, 7.3632, 8.4368, 27.8256]","[0.02875, 0.248125, -0.00125, -0.005, -0.003125, -0.00375]",0,0,29.5,"[1, 1, 1, 1, 1, 1]",76.00440856966489,42.3601257,-71.0932754,3,-20.076
1774902984.2521684,"[0, 0, 0, 0, 0, 0]","[1291, 1500, 1500, 1500]","[-25.08, 0.0, 0.0, 0.0]","[-0.36468479687499994, 2.50299418359375, 10.21347274609375]",0,3214.24658203125,0,31.178525161743163,"[0.0, -9.3078613266, -9.79614257652]","[0, 0, 0]",0,3,0.0,0.0,3.215,0,0,0,4294967.295,3750043.136,0,107366,0,52.25937271118164,66.86354064941406,-0.3958393633365631,0,state.APOGEE,1695,-24,0,-25,0.000858199957292527,4713,4713,"[11.1, 0.5, 17.0, 10.4, 15.9, 16.5, 0, 0]","[3.646, 3.647, 3.647]",0.262,"[2.9968000000000004, 3.3136, 5.0032000000000005, 7.368, 8.4384, 27.8256]","[0.031875, 0.251875, -0.001875, -0.0025, -0.000625, -0.0025]",0,0,29.5,"[1, 1, 1, 1, 1, 1]",76.08376861346291,42.360125,-71.0932761,3,-20.17
1774902984.3126879,"[0, 0, 0, 0, 0, 0]","[1291, 1500, 1500, 1500]","[-25.08, 0.0, 0.0, 0.0]","[-0.3754108203125, 2.54130141015625, 10.211940457031249]",0,3211.988037109375,0,31.178525161743163,"[0.0, 8.02612304556, 4.33349609304]","[0, 0, 0]",0,3,0.0,0.0,3.211,0,0,0,4294967.295,3750043.136,0,107426,0,52.648773193359375,66.97525024414062,-0.3958393633365631,0,state.APOGEE,1696,-24,0,-24,0.0008576142718084157,4713,4713,"[10.4, 0.5, 17.0, 10.4, 16.5, 17.6, 0, 0]","[3.646, 3.647, 3.647]",0.262,"[2.9968000000000004, 3.3136, 5.0032000000000005, 7.368, 8.4384, 27.8256]","[0.031875, 0.251875, -0.001875, -0.0025, -0.000625, -0.0025]",0,0,29.5,"[1, 1, 1, 1, 1, 1]",76.27290587269395,42.360125,-71.0932761,3,-20.17
1774902984.367201,"[0, 0, 0, 0, 0, 0]","[1291, 1500, 1500, 1500]","[-25.08, 0.0, 0.0, 0.0]","[-0.36085407421875, 2.5183170742187495, 10.23492479296875]",0,3210.105712890625,0,31.1654093170166,"[0.0, 0.94604492172, 0.27465820308]","[0, 0, 0]",0,3,0.0,0.0,3.211,0,0,0,4294967.295,3750043.136,0,107480,0,52.947017669677734,66.87887573242188,-0.3958393633365631,0,state.APOGEE,1697,-24,0,-24,0.0008573142695240676,4713,4713,"[10.4, 0.5, 16.5, 10.6, 15.5, 15.9, 0, 0]","[3.646, 3.647, 3.647]",0.262,"[2.9952, 3.3120000000000003, 5.0, 7.3632, 8.4672, 27.8272]","[0.033125, 0.5925, 0.000625, 0.003125, -0.00625, 0.005625]",0,0,29.5,"[1, 1, 1, 1, 1, 1]",76.31355202747051,42.360124299999995,-71.0932756,3,-20.329
1774902984.4261987,"[0, 0, 0, 0, 0, 0]","[1291, 1500, 1500, 1500]","[-25.08, 0.0, 0.0, 0.0]","[-0.370813953125, 2.516018640625, 10.23492479296875]",0,3207.84716796875,0,31.174153213500976,"[0.0, -0.88500976548, -2.19726562464]","[0, 0, 0]",0,3,0.0,0.0,3.208,0,0,0,4294967.295,3750043.136,0,107540,0,53.012325286865234,67.01498413085938,-0.3958393633365631,0,state.APOGEE,1698,-24,0,-24,0.0008568999473936856,4713,4713,"[10.6, 0.5, 15.5, 10.4, 15.9, 16.5, 0, 0]","[3.646, 3.647, 3.647]",0.262,"[2.9952, 3.3120000000000003, 5.0, 7.3632, 8.4672, 27.8272]","[0.033125, 0.5925, 0.000625, 0.003125, -0.00625, 0.005625]",0,0,29.5,"[1, 1, 1, 1, 1, 1]",76.4121564419899,42.360124299999995,-71.0932756,3,-20.329
1774902984.4868634,"[0, 0, 0, 0, 0, 0]","[1291, 1500, 1500, 1500]","[-25.08, 0.0, 0.0, 0.0]","[-0.3907337109374999, 2.503760328125, 10.106212511718748]",0,3205.588623046875,0,31.1654093170166,"[0.0, -1.61743164036, -10.16235351396]","[0, 0, 0]",0,3,0.0,0.0,3.208,0,0,0,4294967.295,3750043.136,0,107600,0,52.95707321166992,67.02291107177734,-0.3958393633365631,0,state.APOGEE,1699,-24,0,-25,0.0008564855670556426,4713,4713,"[10.4, 0.5, 15.9, 10.6, 15.9, 17.6, 0, 0]","[3.646, 3.647, 3.647]",0.262,"[2.992, 3.3136, 5.0064, 7.3632, 8.4688, 27.824]","[0.035, 0.633125, 0.004375, -0.00125, 0.0, -0.00375]",0,0,29.5,"[1, 1, 1, 1, 1, 1]",76.39895548421941,42.3601238,-71.0932768,3,-20.379
1774902984.5468535,"[0, 0, 0, 0, 0, 0]","[1291, 1500, 1500, 1500]","[-25.08, 0.0, 0.0, 0.0]","[-0.35242648437499996, 2.52444623046875, 10.21806961328125]",0,3203.330078125,0,31.15229347229004,"[0.0, -9.73510742028, -0.33569335932]","[0, 0, 0]",0,3,0.0,0.0,3.204,0,0,0,4294967.295,3750043.136,0,107660,0,53.0928955078125,67.34576416015625,-0.3958393633365631,0,state.APOGEE,1700,-24,0,-25,0.0008560000569559634,4713,4713,"[10.4, 0.5, 16.5, 10.4, 16.5, 17.6, 0, 0]","[3.646, 3.647, 3.647]",0.262,"[2.992, 3.3136, 5.0064, 7.3632, 8.4688, 27.824]","[0.035, 0.633125, 0.004375, -0.00125, 0.0, -0.00375]",0,0,29.5,"[1, 1, 1, 1, 1, 1]",76.62629245444914,42.3601232,-71.0932773,3,-20.413
1774902984.6053622,"[0, 0, 0, 0, 0, 0]","[1291, 1500, 1500, 1500]","[-25.08, 0.0, 0.0, 0.0]","[-0.34629732812499997, 2.5022280390624996, 10.2372232265625]",0,3201.07177734375,0,31.143549575805665,"[0.0, 3.69262695252, -0.70190429676]","[0, 0, 0]",0,3,0.0,0.0,3.204,0,0,0,4294967.295,3750043.136,0,107714,0,53.368080139160156,67.3539810180664,-0.3958393633365631,0,state.APOGEE,1701,-24,0,-25,0.0008555855602025986,4713,4713,"[10.6, 0.5, 17.0, 10.6, 15.5, 17.0, 0, 0]","[3.646, 3.647, 3.647]",0.262,"[2.9968000000000004, 3.3136, 5.0032000000000005, 7.3696, 8.4352, 27.824]","[0.040625, 0.556875, 0.0025, 0.000625, 0.0, 0.000625]",0,0,29.5,"[1, 1, 1, 1, 1, 1]",76.71819764884579,42.3601232,-71.0932773,3,-20.413
1774902984.6608746,"[0, 0, 0, 0, 0, 0]","[1291, 1500, 1500, 1500]","[-25.08, 0.0, 0.0, 0.0]","[-0.35319262890625003, 2.5213816523437496, 10.2341586484375]",0,3198.81494140625,0,31.161037368774416,"[0.0, 1.6784667966, -0.09155273436]","[0, 0, 0]",0,3,0.0,0.0,3.2,0,0,0,4294967.295,3750043.136,0,107774,0,53.384857177734375,67.4485855102539,-0.3958393633365631,0,state.APOGEE,1702,-24,0,-24,0.000855085498187691,4713,4713,"[10.4, 0.5, 16.5, 10.4, 16.5, 16.5, 0, 0]","[3.646, 3.647, 3.647]",0.262,"[2.9968000000000004, 3.3136, 5.0032000000000005, 7.3696, 8.4352, 27.824]","[0.040625, 0.556875, 0.0025, 0.000625, 0.0, 0.000625]",0,0,29.5,"[1, 1, 1, 1, 1, 1]",76.77704233024158,42.360123,-71.0932773,3,-20.364
1774902984.7208812,"[0, 0, 0, 0, 0, 0]","[1291, 1500, 1500, 1500]","[-25.08, 0.0, 0.0, 0.0]","[-0.392266, 2.5114217734374997, 10.21347274609375]",0,3196.55810546875,0,31.139177627563477,"[0.0, -1.49536132788, -5.340576171]","[0, 0, 0]",0,3,0.0,0.0,3.196,0,0,0,4294967.295,3750043.136,0,107834,0,53.63815689086914,67.3857421875,-0.3958393633365631,0,state.APOGEE,1703,-24,0,-24,0.0008544145384803414,4713,4713,"[10.4, 0.5, 17.6, 10.6, 15.5, 17.0, 0, 0]","[3.646, 3.647, 3.647]",0.262,"[2.9968000000000004, 3.3120000000000003, 5.0032000000000005, 7.3616, 8.4352, 27.8288]","[0.033125, 0.23125, -0.000625, -0.0025, -0.003125, -0.005]",0,0,29.5,"[1, 1, 1, 1, 1, 1]",76.82192747909582,42.360123,-71.0932773,3,-20.364
1774902984.7809308,"[0, 0, 0, 0, 0, 0]","[1291, 1500, 1500, 1500]","[-25.08, 0.0, 0.0, 0.0]","[-0.37770925390624993, 2.53057538671875, 10.245650816406249]",0,3194.30126953125,0,31.15229347229004,"[0.0, -4.5471191398799995, 3.44848632756]","[0, 0, 0]",0,3,0.0,0.0,3.196,0,0,0,4294967.295,3750043.136,0,107894,0,53.96099853515625,67.33082580566406,-0.3958393633365631,0,state.APOGEE,1704,-23,0,-24,0.000854185433126986,4713,4713,"[10.6, 0.5, 16.5, 10.8, 15.9, 16.5, 0, 0]","[3.646, 3.647, 3.647]",0.262,"[2.9952, 3.3120000000000003, 5.0032000000000005, 7.368, 8.4608, 27.8288]","[0.039375, 0.196875, -0.003125, 0.0025, 0.000625, 0.0]",0,0,29.5,"[1, 1, 1, 1, 1, 1]",76.89417644183546,42.360123,-71.0932765,3,-20.36
1774902984.8349316,"[0, 0, 0, 0, 0, 0]","[1291, 1500, 1500, 1500]","[-25.08, 0.0, 0.0, 0.0]","[-0.37311238671874997, 2.522147796875, 10.23952166015625]",0,3192.420654296875,0,31.15229347229004,"[0.0, 3.814697265, -10.559082029519999]","[0, 0, 0]",0,3,0.0,0.0,3.193,0,0,0,4294967.295,3750043.136,0,107948,0,54.1236686706543,67.18338012695312,-0.3958393633365631,0,state.APOGEE,1705,-23,0,-24,0.0008536999230273068,4713,4713,"[10.6, 0.5, 17.6, 10.4, 15.5, 15.5, 0, 0]","[3.646, 3.647, 3.647]",0.262,"[2.9952, 3.3120000000000003, 5.0032000000000005, 7.368, 8.4608, 27.8288]","[0.039375, 0.196875, -0.003125, 0.0025, 0.000625, 0.0]",0,0,29.5,"[1, 1, 1, 1, 1, 1]",76.86445852541702,42.360123,-71.0932765,3,-20.36
1774902984.8954473,"[0, 0, 0, 0, 0, 0]","[1291, 1500, 1500, 1500]","[-25.08, 0.0, 0.0, 0.0]","[-0.35778949609375, 2.52751080859375, 10.228029492187499]",0,3190.1640625,0,31.147921524047852,"[0.0, 5.82885742092, 7.50732421752]","[0, 0, 0]",0,3,0.0,0.0,3.193,0,0,0,4294967.295,3750043.136,0,108008,0,54.32264709472656,67.20170593261719,-0.3958393633365631,0,state.APOGEE,1706,-24,0,-24,0.0008533000363968313,4713,4713,"[10.4, 0.5, 16.5, 11.1, 15.9, 16.5, 0, 0]","[3.646, 3.647, 3.647]",0.262,"[2.9952, 3.3120000000000003, 5.0032000000000005, 7.3664000000000005, 8.4624, 27.8256]","[0.033125, 0.245, -0.003125, 0.00125, -0.000625, -0.00125]",0,0,29.5,"[1, 1, 1, 1, 1, 1]",76.9388464864059,42.360122499999996,-71.0932771,3,-20.339
1774902984.9579594,"[0, 0, 0, 0, 0, 0]","[1291, 1500, 1500, 1500]","[-25.08, 0.0, 0.0, 0.0]","[-0.3692816640625, 2.5328738203125, 10.241053949218749]",0,3187.908935546875,0,31.139177627563477,"[0.0, -8.14819335804, 10.10131835772]","[0, 0, 0]",0,3,0.0,0.0,3.189,0,0,0,4294967.295,3750043.136,0,108068,0,54.506690979003906,67.42266082763672,-0.3958393633365631,0,state.APOGEE,1707,-24,0,-25,0.0008527999743819237,4713,4713,"[10.4, 0.5, 16.5, 10.6, 15.0, 16.5, 0, 0]","[3.646, 3.647, 3.647]",0.262,"[2.9952, 3.3120000000000003, 5.0032000000000005, 7.3664000000000005, 8.4624, 27.8256]","[0.033125, 0.245, -0.003125, 0.00125, -0.000625, -0.00125]",0,0,29.5,"[1, 1, 1, 1, 1, 1]",77.11982202793492,42.3601223,-71.0932766,3,-20.397
1774902985.019243,"[0, 0, 0, 0, 0, 0]","[1291, 1500, 1500, 1500]","[-25.08, 0.0, 0.0, 0.0]","[-0.35472491796875, 2.5420675546875, 10.233392503906249]",0,3185.653564453125,0,31.143549575805665,"[0.0, -1.43432617164, 11.41357421688]","[0, 0, 0]",0,3,0.0,0.0,3.185,0,0,0,4294967.295,3750043.136,0,108128,0,54.63695526123047,67.54472351074219,-0.3958393633365631,0,state.APOGEE,1708,-24,0,-25,0.000852044322527945,4713,4713,"[10.6, 0.5, 15.5, 10.4, 15.9, 16.5, 0, 0]","[3.646, 3.647, 3.647]",0.262,"[2.9952, 3.3120000000000003, 5.0016, 7.36, 8.4288, 27.8272]","[0.031875, 0.23625000000000002, -0.0025, 0.001875, -0.001875, -0.00375]",0,0,29.5,"[1, 1, 1, 1, 1, 1]",77.22854622819126,42.3601223,-71.0932766,3,-20.397
1774902985.071755,"[0, 0, 0, 0, 0, 0]","[1291, 1500, 1500, 1500]","[-25.08, 0.0, 0.0, 0.0]","[-0.367749375, 2.497631171875, 10.226497203124998]",0,3183.396728515625,0,31.143549575805665,"[0.0, -3.57055664004, -7.9345703112]","[0, 0, 0]",0,3,0.0,0.0,3.185,0,0,0,4294967.295,3750043.136,0,108182,0,54.583892822265625,67.6229476928711,-0.3958393633365631,0,state.APOGEE,1709,-24,0,-25,0.0008517999667674303,4713,4713,"[10.4, 0.5, 17.0, 10.6, 16.5, 17.6, 0, 0]","[3.646, 3.647, 3.647]",0.262,"[2.9952, 3.3120000000000003, 5.0016, 7.36, 8.4288, 27.8272]","[0.031875, 0.23625000000000002, -0.0025, 0.001875, -0.001875, -0.00375]",0,0,29.5,"[1, 1, 1, 1, 1, 1]",77.25457217919889,42.360122,-71.0932765,3,-20.405
1774902985.13075,"[0, 0, 0, 0, 0, 0]","[1291, 1500, 1500, 1500]","[-25.08, 0.0, 0.0, 0.0]","[-0.34859576171874995, 2.5428336992187495, 10.28089346484375]",0,3181.14111328125,0,31.169781265258788,"[0.0, 9.79614257652, 11.5966796856]","[0, 0, 0]",0,3,0.0,0.0,3.181,0,0,0,4294967.295,3750043.392,0,108242,0,54.619319915771484,67.64427185058594,-0.3958393633365631,0,state.APOGEE,1710,-24,0,-24,0.0008514851215295494,4713,4713,"[10.4, 0.5, 15.9, 10.4, 15.9, 17.0, 0, 0]","[3.646, 3.647, 3.647]",0.262,"[2.9952, 3.3104, 5.0032000000000005, 7.368, 8.440000000000001, 27.8272]","[0.039375, 0.49062500000000003, -0.003125, -0.005, -0.004375, -0.000625]",0,0,29.5,"[1, 1, 1, 1, 1, 1]",77.27754920754799,42.360122,-71.0932765,3,-20.405
1774902985.189268,"[0, 0, 0, 0, 0, 0]","[1291, 1500, 1500, 1500]","[-25.08, 0.0, 0.0, 0.0]","[-0.389201421875, 2.51908321875, 10.232626359374999]",0,3178.88623046875,0,31.1654093170166,"[0.0, 0.57983398428, -2.34985351524]","[0, 0, 0]",0,3,0.0,0.0,3.181,0,0,0,4294967.295,3750043.392,0,108302,0,54.62113952636719,67.5674057006836,-0.3958393633365631,0,state.APOGEE,1711,-23,0,-24,0.0008508999599143863,4713,4713,"[10.2, 0.5, 15.9, 10.2, 15.0, 16.5, 0, 0]","[3.646, 3.647, 3.647]",0.262,"[2.9952, 3.3104, 5.0032000000000005, 7.368, 8.440000000000001, 27.8272]","[0.039375, 0.49062500000000003, -0.003125, -0.005, -0.004375, -0.000625]",0,0,29.5,"[1, 1, 1, 1, 1, 1]",77.23594089877797,42.3601214,-71.0932761,3,-20.449
1774902985.2487838,"[0, 0, 0, 0, 0, 0]","[1291, 1500, 1500, 1500]","[-25.08, 0.0, 0.0, 0.0]","[-0.34859576171874995, 2.5390029765624997, 10.208109734375]",0,3176.633056640625,0,31.143549575805665,"[0.0, 9.6130371078, 11.444091795]","[0, 0, 0]",0,3,0.0,0.0,3.178,0,0,0,4294967.295,3750043.392,0,108362,0,54.9048957824707,67.73762512207031,-0.3958393633365631,0,state.APOGEE,1712,-24,0,-24,0.0008505850564688444,4713,4713,"[10.4, 0.5, 16.5, 10.6, 15.5, 17.0, 0, 0]","[3.646, 3.647, 3.647]",0.262,"[2.9968000000000004, 3.3136, 5.0016, 7.3632, 8.4448, 27.8272]","[0.035625000000000004, 0.6218750000000001, 0.0025, 0.0, -0.00125, 0.000625]",0,0,29.5,"[1, 1, 1, 1, 1, 1]",77.41936435141156,42.360121299999996,-71.0932723,3,-20.833
1774902985.3072915,"[0, 0, 0, 0, 0, 0]","[1291, 1500, 1500, 1500]","[-25.08, 0.0, 0.0, 0.0]","[-0.39303214453124996, 2.50912333984375, 10.215771179687499]",0,3174.755126953125,0,31.161037368774416,"[0.0, -4.7912597648399995, 4.5471191398799995]","[0, 0, 0]",0,3,0.0,0.0,3.178,0,0,0,4294967.295,3750043.392,0,108416,0,55.02383041381836,67.81626892089844,-0.3958393633365631,0,state.APOGEE,1713,-24,0,-24,0.0008502700366079807,4713,4713,"[10.6, 0.5, 16.5, 10.6, 15.5, 17.0, 0, 0]","[3.646, 3.647, 3.647]",0.262,"[2.9968000000000004, 3.3136, 5.0016, 7.3632, 8.4448, 27.8272]","[0.035625000000000004, 0.6218750000000001, 0.0025, 0.0, -0.00125, 0.000625]",0,0,29.5,"[1, 1, 1, 1, 1, 1]",77.49991210813285,42.360121299999996,-71.0932723,3,-20.833
1774902985.3648098,"[0, 0, 0, 0, 0, 0]","[1291, 1500, 1500, 1500]","[-25.08, 0.0, 0.0, 0.0]","[-0.37924154296875, 2.5252123749999997, 10.22726334765625]",0,3172.500244140625,0,31.15229347229004,"[0.0, -5.7678222646799995, 0.42724609368]","[0, 0, 0]",0,3,0.0,0.0,3.174,0,0,0,4294967.295,3750043.392,0,108476,0,55.15565872192383,67.99510192871094,-0.3958393633365631,0,state.APOGEE,1714,-24,0,-24,0.0008495150250382721,4713,4713,"[10.2, 0.5, 15.9, 10.4, 15.5, 16.5, 0, 0]","[3.646, 3.647, 3.647]",0.262,"[2.9968000000000004, 3.3136, 5.0048, 7.3632, 8.425600000000001, 27.8288]","[0.036875, 0.60375, -0.000625, -0.000625, -0.0025, -0.0025]",0,0,29.5,"[1, 1, 1, 1, 1, 1]",77.63865583289548,42.3601211,-71.0932723,3,-20.856
1774902985.42281,"[0, 0, 0, 0, 0, 0]","[1291, 1500, 1500, 1500]","[-25.08, 0.0, 0.0, 0.0]","[-0.367749375, 2.51065562890625, 10.228029492187499]",0,3170.246337890625,0,31.147921524047852,"[0.0, -8.88061523292, -5.70678710844]","[0, 0, 0]",0,3,0.0,0.0,3.17,0,0,0,4294967.295,3750043.392,0,108536,0,55.08726501464844,68.09701538085938,-0.3958393633365631,0,state.APOGEE,1715,-24,0,-25,0.0008490150794386864,4713,4713,"[10.8, 0.5, 16.5, 10.6, 15.5, 17.0, 0, 0]","[3.646, 3.647, 3.647]",0.262,"[2.9968000000000004, 3.3136, 5.0048, 7.3632, 8.425600000000001, 27.8288]","[0.036875, 0.60375, -0.000625, -0.000625, -0.0025, -0.0025]",0,0,29.5,"[1, 1, 1, 1, 1, 1]",77.6725140649963,42.3601211,-71.0932723,3,-20.856
1774902985.4837153,"[0, 0, 0, 0, 0, 0]","[1291, 1500, 1500, 1500]","[-25.08, 0.0, 0.0, 0.0]","[-0.35012805078125, 2.5252123749999997, 10.21806961328125]",0,3167.9931640625,0,31.147921524047852,"[0.0, -3.814697265, 0.97656249984]","[0, 0, 0]",0,3,0.0,0.0,3.17,0,0,0,4294967.295,3750043.392,0,108596,0,55.04640579223633,68.08355712890625,-0.3958393633365631,0,state.APOGEE,1716,-24,0,-25,0.0008485151338391006,4713,4713,"[10.4, 0.5, 16.5, 10.4, 15.0, 17.0, 0, 0]","[3.646, 3.647, 3.647]",0.262,"[2.9968000000000004, 3.3120000000000003, 5.0032000000000005, 7.364800000000001, 8.4368, 27.824]","[0.02875, 0.2475, -0.005, -0.00125, -0.003125, -0.004375]",0,0,29.5,"[1, 1, 1, 1, 1, 1]",77.65240037300701,42.3601209,-71.0932729,3,-20.871
1774902985.5397072,"[0, 0, 0, 0, 0, 0]","[1291, 1500, 1500, 1500]","[-25.08, 0.0, 0.0, 0.0]","[-0.34170046093749995, 2.53057538671875, 10.221134191406248]",0,3166.115478515625,0,31.147921524047852,"[0.0, -10.34545898268, -8.33129882676]","[0, 0, 0]",0,3,0.0,0.0,3.166,0,0,0,4294967.295,3750043.392,0,108650,0,54.84950256347656,68.25251770019531,-0.3958393633365631,0,state.APOGEE,1717,-24,0,-24,0.0008485544822178781,4713,4713,"[10.4, 0.5, 16.5, 10.8, 15.9, 17.0, 0, 0]","[3.646, 3.647, 3.647]",0.262,"[2.9968000000000004, 3.3120000000000003, 5.0032000000000005, 7.364800000000001, 8.4368, 27.824]","[0.02875, 0.2475, -0.005, -0.00125, -0.003125, -0.004375]",0,0,29.5,"[1, 1, 1, 1, 1, 1]",77.68324519170852,42.3601209,-71.0932729,3,-20.871
1774902985.5972178,"[0, 0, 0, 0, 0, 0]","[1291, 1500, 1500, 1500]","[-25.08, 0.0, 0.0, 0.0]","[-0.36851551953124995, 2.5060587617187498, 10.2372232265625]",0,3163.862548828125,0,31.147921524047852,"[0.0, 7.1716308582, 12.90893554476]","[0, 0, 0]",0,3,0.0,0.0,3.166,0,0,0,4294967.295,3750043.392,0,108710,0,55.23765563964844,68.3514175415039,-0.3958393633365631,0,state.APOGEE,1718,-23,0,-24,0.0008477999945171177,4713,4713,"[10.8, 0.5, 15.9, 10.8, 15.5, 17.0, 0, 0]","[3.646, 3.647, 3.647]",0.262,"[2.9968000000000004, 3.3120000000000003, 5.0016, 7.36, 8.4528, 27.8304]","[0.034375, 0.20125, -0.0025, -0.0025, 0.0, -0.00375]",0,0,29.5,"[1, 1, 1, 1, 1, 1]",77.85746410060615,42.3601205,-71.0932717,3,-20.94
1774902985.656728,"[0, 0, 0, 0, 0, 0]","[1291, 1500, 1500, 1500]","[-25.08, 0.0, 0.0, 0.0]","[-0.35855564062499995, 2.50682490625, 10.21347274609375]",0,3161.611083984375,0,31.156665420532228,"[0.0, -19.74487304364, -6.9885253894799995]","[0, 0, 0]",0,3,0.0,0.0,3.163,0,0,0,4294967.295,3750043.392,0,108770,0,55.204715728759766,68.5516128540039,-0.3958393633365631,0,state.APOGEE,1719,-23,0,-24,0.0008473999914713204,4713,4713,"[10.4, 0.5, 16.5, 10.4, 15.5, 16.5, 0, 0]","[3.646, 3.647, 3.647]",0.262,"[2.9952, 3.3120000000000003, 5.0048, 7.3664000000000005, 8.464, 27.8288]","[0.03, 0.21625, -0.001875, -0.0025, -0.00625, -0.005]",0,0,29.5,"[1, 1, 1, 1, 1, 1]",77.95592401626774,42.360120599999995,-71.09327139999999,3,-20.868
1774902985.7167373,"[0, 0, 0, 0, 0, 0]","[1291, 1500, 1500, 1500]","[-25.08, 0.0, 0.0, 0.0]","[-0.37387853125, 2.5328738203125, 10.228029492187499]",0,3159.35986328125,0,31.147921524047852,"[0.0, 7.8430175768399994, -1.58691406224]","[0, 0, 0]",0,3,0.0,0.0,3.159,0,0,0,4294967.295,3750043.392,0,108830,0,55.3109130859375,68.6285400390625,-0.3958393633365631,0,state.APOGEE,1720,-23,0,-24,0.0008467306033708155,4713,4713,"[10.8, 0.5, 16.5, 10.6, 15.5, 15.9, 0, 0]","[3.646, 3.647, 3.647]",0.262,"[2.9952, 3.3120000000000003, 5.0048, 7.3664000000000005, 8.464, 27.8288]","[0.03, 0.21625, -0.001875, -0.0025, -0.00625, -0.005]",0,0,29.5,"[1, 1, 1, 1, 1, 1]",78.03021878349803,42.360120599999995,-71.09327139999999,3,-20.868
1774902985.7717779,"[0, 0, 0, 0, 0, 0]","[1291, 1500, 1500, 1500]","[-25.08, 0.0, 0.0, 0.0]","[-0.35778949609375, 2.5052926171875, 10.228795636718749]",0,3157.108642578125,0,31.174153213500976,"[0.0, -6.19506835836, -1.80053710908]","[0, 0, 0]",0,3,0.0,0.0,3.159,0,0,0,4294967.295,3750043.392,0,108884,0,55.55464172363281,68.59999084472656,-0.3958393633365631,0,state.APOGEE,1721,-24,0,-24,0.0008464846177957952,4713,4713,"[10.2, 0.5, 16.5, 10.8, 15.5, 17.0, 0, 0]","[3.646, 3.647, 3.647]",0.262,"[2.9936000000000003, 3.3104, 5.0048, 7.3664000000000005, 8.4336, 27.8272]","[0.031875, 0.28375, -0.001875, -0.00125, -0.00375, -0.008125]",0,0,29.5,"[1, 1, 1, 1, 1, 1]",78.08960550564267,42.3601209,-71.0932711,3,-20.726
1774902985.8317745,"[0, 0, 0, 0, 0, 0]","[1291, 1500, 1500, 1500]","[-25.08, 0.0, 0.0, 0.0]","[-0.37617696484374996, 2.51908321875, 10.238755515624998]",0,3154.857421875,0,31.156665420532228,"[0.0, 4.0588378899599995, 10.10131835772]","[0, 0, 0]",0,3,0.0,0.0,3.155,0,0,0,4294967.295,3750043.392,0,108944,0,55.73561477661133,68.59449768066406,-0.3958393633365631,0,state.APOGEE,1722,-24,0,-24,0.0008459000382572412,4713,4713,"[10.6, 0.5, 16.5, 10.4, 15.0, 17.0, 0, 0]","[3.646, 3.647, 3.647]",0.262,"[2.9936000000000003, 3.3104, 5.0048, 7.3664000000000005, 8.4336, 27.8272]","[0.031875, 0.28375, -0.001875, -0.00125, -0.00375, -0.008125]",0,0,29.5,"[1, 1, 1, 1, 1, 1]",78.14237099206656,42.3601209,-71.0932711,3,-20.726
1774902985.8912902,"[0, 0, 0, 0, 0, 0]","[1291, 1500, 1500, 1500]","[-25.08, 0.0, 0.0, 0.0]","[-0.3723462421875, 2.5336399648437498, 10.228029492187499]",0,3152.60595703125,0,31.15229347229004,"[0.0, -4.97436523356, -6.65283203016]","[0, 0, 0]",0,3,0.0,0.0,3.155,0,0,0,4294967.295,3750043.392,0,109004,0,55.73077392578125,68.78002166748047,-0.3958393633365631,0,state.APOGEE,1723,-24,0,-24,0.0008452309411950409,4713,4713,"[10.6, 0.5, 15.9, 10.6, 15.5, 16.5, 0, 0]","[3.646, 3.647, 3.647]",0.262,"[2.9968000000000004, 3.3120000000000003, 5.0048, 7.36, 8.441600000000001, 27.8256]","[0.038125, 0.629375, 0.004375, 0.00125, -0.003125, -0.004375]",0,0,29.5,"[1, 1, 1, 1, 1, 1]",78.24030442840869,42.3601209,-71.0932703,3,-20.727
1774902985.953301,"[0, 0, 0, 0, 0, 0]","[1291, 1500, 1500, 1500]","[-25.08, 0.0, 0.0, 0.0]","[-0.34706347265625, 2.52597851953125, 10.3138376796875]",0,3150.354736328125,0,31.161037368774416,"[0.0, 4.48608398364, 2.288818359]","[0, 0, 0]",0,3,0.0,0.0,3.151,0,0,0,4294967.295,3750043.392,0,109064,0,55.909629821777344,68.8233413696289,-0.3958393633365631,0,state.APOGEE,1724,-24,0,-24,0.0008449999731965363,4713,4713,"[10.8, 0.5, 17.0, 10.6, 15.9, 16.5, 0, 0]","[3.646, 3.647, 3.647]",0.262,"[2.9968000000000004, 3.3120000000000003, 5.0048, 7.36, 8.441600000000001, 27.8256]","[0.038125, 0.629375, 0.004375, 0.00125, -0.003125, -0.004375]",0,0,29.5,"[1, 1, 1, 1, 1, 1]",78.31812004865648,42.3601208,-71.0932694,3,-20.743
1774902986.004705,"[0, 0, 0, 0, 0, 0]","[1291, 1500, 1500, 1500]","[-25.08, 0.0, 0.0, 0.0]","[-0.35778949609375, 2.53670454296875, 10.250247683593749]",0,3148.478759765625,0,31.174153213500976,"[0.0, -4.24194335868, 0.79345703112]","[0, 0, 0]",0,3,0.0,0.0,3.151,0,0,0,4294967.295,3750043.392,0,109118,0,56.04683303833008,68.7790298461914,-0.3958393633365631,0,state.APOGEE,1725,-23,0,-24,0.0008447689469903708,4713,4713,"[10.4, 0.5, 16.5, 10.4, 15.5, 17.0, 0, 0]","[3.646, 3.647, 3.647]",0.262,"[2.9936000000000003, 3.3120000000000003, 5.0032000000000005, 7.3584000000000005, 8.457600000000001, 27.8288]","[0.034375, 0.56, 0.004375, 0.00125, -0.00125, 0.0]",0,0,29.5,"[1, 1, 1, 1, 1, 1]",78.3365061661338,42.3601208,-71.0932694,3,-20.743
1774902986.065214,"[0, 0, 0, 0, 0, 0]","[1291, 1500, 1500, 1500]","[-25.08, 0.0, 0.0, 0.0]","[-0.36315250781249997, 2.51678478515625, 10.23952166015625]",0,3146.2275390625,0,31.15229347229004,"[0.0, -3.99780273372, 10.681152342]","[0, 0, 0]",0,3,0.0,0.0,3.148,0,0,0,4294967.295,3750043.392,0,109178,0,56.186317443847656,68.74425506591797,-0.3958393633365631,0,state.APOGEE,1726,-23,0,-24,0.0008442000253126025,4713,4713,"[10.8, 0.5, 17.0, 10.0, 15.9, 17.0, 0, 0]","[3.646, 3.647, 3.647]",0.262,"[2.9936000000000003, 3.3120000000000003, 5.0032000000000005, 7.3584000000000005, 8.457600000000001, 27.8288]","[0.034375, 0.56, 0.004375, 0.00125, -0.00125, 0.0]",0,0,29.5,"[1, 1, 1, 1, 1, 1]",78.3608851754593,42.360121299999996,-71.0932682,3,-20.661
1774902986.1292133,"[0, 0, 0, 0, 0, 0]","[1291, 1500, 1500, 1500]","[-25.08, 0.0, 0.0, 0.0]","[-0.37004780859374997, 2.546664421875, 10.2356909375]",0,3143.97705078125,0,31.169781265258788,"[0.0, -9.67407226404, 6.04248046776]","[0, 0, 0]",0,3,0.0,0.0,3.144,0,0,0,4294967.295,3750043.392,0,109238,0,56.3807373046875,68.9310302734375,-0.3958393633365631,0,state.APOGEE,1727,-23,0,-24,0.0008436156786046922,4713,4713,"[10.6, 0.5, 16.5, 10.6, 15.9, 17.0, 0, 0]","[3.646, 3.647, 3.647]",0.262,"[2.9952, 3.3104, 5.0064, 7.364800000000001, 8.4624, 27.8272]","[0.033125, 0.544375, 0.0, -0.003125, 0.005, -0.004375]",0,0,29.5,"[1, 1, 1, 1, 1, 1]",78.51916148477822,42.360121299999996,-71.0932682,3,-20.661
1774902986.185733,"[0, 0, 0, 0, 0, 0]","[1291, 1500, 1500, 1500]","[-25.08, 0.0, 0.0, 0.0]","[-0.37158009765624994, 2.52597851953125, 10.228795636718749]",0,3141.7275390625,0,31.161037368774416,"[0.0, -4.1809082024399995, 5.31005859288]","[0, 0, 0]",0,3,0.0,0.0,3.144,0,0,0,4294967.295,3750043.392,0,109298,0,56.32732009887695,69.04398345947266,-0.3958393633365631,0,state.APOGEE,1728,-24,0,-24,0.0008432999602518976,4713,4713,"[10.6, 0.5, 15.9, 10.2, 15.5, 15.9, 0, 0]","[3.646, 3.647, 3.647]",0.262,"[2.9952, 3.3104, 5.0064, 7.364800000000001, 8.4624, 27.8272]","[0.033125, 0.544375, 0.0, -0.003125, 0.005, -0.004375]",0,0,29.5,"[1, 1, 1, 1, 1, 1]",78.56250141263084,42.360121799999995,-71.0932668,3,-20.605
1774902986.2392502,"[0, 0, 0, 0, 0, 0]","[1291, 1500, 1500, 1500]","[-25.08, 0.0, 0.0, 0.0]","[-0.35242648437499996, 2.5198493632812498, 10.22573105859375]",0,3139.478271484375,0,31.1654093170166,"[0.0, -3.814697265, -1.9836425778]","[0, 0, 0]",0,3,0.0,0.0,3.14,0,0,0,4294967.295,3750043.392,0,109352,0,56.525115966796875,69.03646087646484,-0.3958393633365631,0,state.APOGEE,1729,-24,0,-24,0.0008428000146523118,4713,4713,"[10.4, 0.5, 17.0, 10.6, 15.5, 15.9, 0, 0]","[3.646, 3.647, 3.647]",0.262,"[2.9968000000000004, 3.3152000000000004, 5.0032000000000005, 7.36, 8.4336, 27.8272]","[0.02875, 0.258125, -0.00125, -0.004375, -0.0025, -0.00125]",0,0,29.5,"[1, 1, 1, 1, 1, 1]",78.61867715708571,42.360121799999995,-71.0932668,3,-20.605
1774902986.3017602,"[0, 0, 0, 0, 0, 0]","[1291, 1500, 1500, 1500]","[-25.08, 0.0, 0.0, 0.0]","[-0.367749375, 2.53517225390625, 10.208109734375]",0,3137.22900390625,0,31.1654093170166,"[0.0, 4.48608398364, -1.77001953096]","[0, 0, 0]",0,3,0.0,0.0,3.14,0,0,0,4294967.295,3750043.392,0,109412,0,56.779014587402344,68.87288665771484,-0.3958393633365631,0,state.APOGEE,1730,-24,0,-24,0.0008423842373304069,4713,4713,"[10.4, 0.5, 17.0, 10.6, 17.6, 16.5, 0, 0]","[3.646, 3.647, 3.647]",0.262,"[2.9968000000000004, 3.3120000000000003, 5.0048, 7.3664000000000005, 8.4544, 27.8256]","[0.03625, 0.20125, -0.0025, -0.003125, -0.0025, 0.0]",0,0,29.5,"[1, 1, 1, 1, 1, 1]",78.61076336596557,42.3601222,-71.09326539999999,3,-20.542
