timestamp,pyros,servos,servos_deg,accelerometer,barometer,barofilteredalt,barofilteredvelo,temp,gyro,magnetometer,heading,gps_fix,lat,lon,gpsalt,pdop,hdop,vdop,gps_horiz_prec,gps_vert_prec,gps_num_sat,flight_time,last_rec,yaw_gyro_int,pitch_gyro_int,roll_gyro_int,batt_voltage,state,pktnum,rssi,armed_pyros,fired_pyros,badpackets,rxrssi,accel_integrated_velo,baro_max_alt,gps_max_alt,pyro_resistances,cell_voltages,total_current,converter_voltages,converter_currents,bms_protections_enabled,bms_protection_status,bms_temp,enabled_status,angleFromVertical,gnd_lat,gnd_lon,gnd_fix,gnd_alt
1774904386.6801126,"[1, 1, 1, 1, 1, 1]","[1291, 1500, 1500, 1500]","[-25.08, 0.0, 0.0, 0.0]","[0.0, 0.0, 0.0]",0,0.0,0,31.506421279907226,"[0.0, -1.55639648412, -8.72802734232]","[0, 0, 0]",0,3,0.0,0.0,0.0,0,0,0,4294967.295,3750000.64,0,16649,0,0.0,0.0,0.0,0,state.PRE_FLIGHT,274,-34,0,-30,0.0,0,0,"[10.6, 0.5, 15.9, 10.6, 16.5, 15.5, 0, 0]","[3.638, 3.639, 3.639]",0.187,"[2.9952, 3.3120000000000003, 5.0, 7.368, 8.464, 27.8288]","[0.02625, 0.283125, -0.004375, -0.004375, -0.00125, 0.000625]",0,0,29.5,"[1, 1, 1, 1, 1, 1]",0.0,0.0,0.0,0,0.0
1774904386.7331264,"[0, 0, 0, 0, 0, 0]","[1291, 1500, 1500, 1500]","[-25.08, 0.0, 0.0, 0.0]","[0.0, 0.0, 0.0]",0,0.2497200071811676,0,31.016763076782226,"[-26.42822265192, -8.81958007668, -4.24194335868]","[0, 0, 0]",0,3,0.0,0.0,0.0,0,0,0,4294967.295,3750000.64,0,24455,0,60.65007400512695,82.73694610595703,0.8133010268211365,0,state.PRE_FLIGHT,275,-34,0,-34,0.0,0,0,"[10.6, 0.5, 17.0, 10.6, 15.0, 16.5, 0, 0]","[3.638, 3.639, 3.639]",0.187,"[2.9968000000000004, 3.3136, 5.0032000000000005, 7.3616, 8.427200000000001, 27.822400000000002]","[0.031875, 0.23375, -0.00375, -0.0025, -0.003125, 0.0]",0,0,29.5,"[1, 1, 1, 1, 1, 1]",86.44732149255496,0.0,0.0,0,0.0
1774904386.7956626,"[0, 0, 0, 0, 0, 0]","[1291, 1500, 1500, 1500]","[-25.08, 0.0, 0.0, 0.0]","[0.0, 0.0, 0.0]",0,1.2118200063705444,0,31.069226455688476,"[-44.189453117759996, 4.9133300773199995, -5.9509277334]","[0, 0, 0]",0,3,0.0,0.0,0.0,0,0,0,4294967.295,3750000.64,0,24515,0,60.49110794067383,82.8687515258789,3.124718427658081,0,state.PRE_FLIGHT,276,-35,0,-35,0.0,0,1,"[10.6, 0.5, 15.9, 10.6, 16.5, 16.5, 0, 0]","[3.638, 3.639, 3.639]",0.187,"[2.9968000000000004, 3.3136, 5.0032000000000005, 7.3616, 8.427200000000001, 27.822400000000002]","[0.031875, 0.23375, -0.00375, -0.0025, -0.003125, 0.0]",0,0,29.5,"[1, 1, 1, 1, 1, 1]",86.49431701901308,0.0,0.0,0,0.0
1774904386.8476324,"[0, 0, 0, 0, 0, 0]","[1291, 1500, 1500, 1500]","[-25.08, 0.0, 0.0, 0.0]","[0.0, 0.0, 0.0]",0,2.570729970932007,0,31.073598403930664,"[-40.71044921208, -9.0026855454, -0.9155273436]","[0, 0, 0]",0,3,0.0,0.0,0.0,0,0,0,4294967.295,3750000.64,0,24569,0,60.253631591796875,82.94686126708984,5.478965759277344,0,state.PRE_FLIGHT,277,-35,0,-227,0.0,0,2,"[10.8, 0.5, 15.9, 10.4, 16.5, 17.0, 0, 0]","[3.638, 3.639, 3.639]",0.187,"[2.9968000000000004, 3.3136, 5.0032000000000005, 7.3616, 8.427200000000001, 27.822400000000002]","[0.031875, 0.23375, -0.00375, -0.0025, -0.003125, 0.0]",0,0,29.5,"[1, 1, 1, 1, 1, 1]",86.50717301521266,0.0,0.0,0,0.0
1774904386.9106255,"[0, 0, 0, 0, 0, 0]","[1291, 1500, 1500, 1500]","[-25.08, 0.0, 0.0, 0.0]","[0.0, 0.0, 0.0]",0,4.897819995880127,0,31.11294593811035,"[-16.54052734104, -0.57983398428, 2.80761718704]","[0, 0, 0]",0,3,0.0,0.0,0.003,0,0,0,4294967.295,3750000.64,0,24629,0,60.269798278808594,83.04513549804688,7.159881114959717,0,state.PRE_FLIGHT,278,-35,0,-227,0.0,3,4,"[10.8, 0.5, 16.5, 10.6, 15.9, 16.5, 0, 0]","[3.638, 3.639, 3.639]",0.187,"[2.9984, 3.3104, 5.0032000000000005, 7.364800000000001, 8.464, 27.8288]","[0.03375, 0.618125, -0.0025, 0.00125, -0.0025, 0.000625]",0,0,29.5,"[1, 1, 1, 1, 1, 1]",86.55736069601966,0.0,0.0,0,0.0
1774904386.9671812,"[0, 0, 0, 0, 0, 0]","[1291, 1500, 1500, 1500]","[-25.08, 0.0, 0.0, 0.0]","[0.0, 0.0, 0.0]",0,8.012160301208496,0,31.121689834594726,"[16.54052734104, -10.04028320148, 4.69970703048]","[0, 0, 0]",0,3,0.0,0.0,0.003,0,0,0,4294967.295,3750000.64,0,24689,0,60.21154022216797,83.26547241210938,6.994447708129883,0,state.PRE_FLIGHT,279,-35,0,-35,0.0,3,8,"[10.8, 0.5, 16.5, 10.8, 15.5, 17.0, 0, 0]","[3.638, 3.639, 3.639]",0.187,"[2.9984, 3.3104, 5.0032000000000005, 7.364800000000001, 8.464, 27.8288]","[0.03375, 0.618125, -0.0025, 0.00125, -0.0025, 0.000625]",0,0,29.5,"[1, 1, 1, 1, 1, 1]",86.66009960841642,0.0,0.0,0,0.0
1774904387.0277176,"[0, 0, 0, 0, 0, 0]","[1291, 1500, 1500, 1500]","[-25.08, 0.0, 0.0, 0.0]","[0.0, 0.0, 0.0]",0,11.881739616394043,0,31.126061782836913,"[40.71044921208, 2.5939941402, -12.45117187296]","[0, 0, 0]",0,3,0.0,0.0,0.008,0,0,0,4294967.295,3750000.64,0,24749,0,60.33391571044922,83.31611633300781,5.071864128112793,0,state.PRE_FLIGHT,280,-35,0,-35,0.0,8,11,"[10.6, 0.5, 15.5, 10.6, 17.0, 15.9, 0, 0]","[3.638, 3.639, 3.639]",0.187,"[2.9952, 3.3120000000000003, 5.0032000000000005, 7.36, 8.4512, 27.8272]","[0.028125, 0.626875, -0.001875, -0.000625, -0.008125, 0.004375]",0,0,29.5,"[1, 1, 1, 1, 1, 1]",86.69751896347725,0.0,0.0,0,0.0
1774904387.0832558,"[0, 0, 0, 0, 0, 0]","[1291, 1500, 1500, 1500]","[-25.08, 0.0, 0.0, 0.0]","[0.0, 0.0, 0.0]",0,16.515369415283203,0,31.121689834594726,"[42.78564452424, -7.65991210812, -9.67407226404]","[0, 0, 0]",0,3,0.0,0.0,0.015,0,0,0,4294967.295,3750000.64,0,24803,0,60.37102508544922,83.5176010131836,2.6859025955200195,0,state.PRE_FLIGHT,281,-35,0,-35,0.0,15,16,"[10.4, 0.5, 16.5, 10.8, 15.5, 15.5, 0, 0]","[3.638, 3.639, 3.639]",0.187,"[2.9952, 3.3120000000000003, 5.0032000000000005, 7.36, 8.4512, 27.8272]","[0.028125, 0.626875, -0.001875, -0.000625, -0.008125, 0.004375]",0,0,29.5,"[1, 1, 1, 1, 1, 1]",86.80039177171712,0.0,0.0,0,0.0
1774904387.1412709,"[0, 0, 0, 0, 0, 0]","[1291, 1500, 1500, 1500]","[-25.08, 0.0, 0.0, 0.0]","[0.0, 0.0, 0.0]",0,21.922189712524414,0,31.126061782836913,"[21.6674804652, -0.57983398428, -10.2233886702]","[0, 0, 0]",0,3,0.0,0.0,0.015,0,0,0,4294967.295,3750000.64,0,24863,0,60.03501510620117,83.5011215209961,0.7632938027381897,0,state.PRE_FLIGHT,282,-36,0,-35,0.0,15,21,"[10.4, 0.5, 17.0, 10.4, 15.5, 15.5, 0, 0]","[3.638, 3.639, 3.639]",0.187,"[2.9952, 3.3104, 5.0048, 7.3616, 8.4464, 27.8256]","[0.035, 0.233125, -0.000625, -0.004375, -0.000625, -0.000625]",0,0,29.5,"[1, 1, 1, 1, 1, 1]",86.75922901232373,0.0,0.0,0,0.0
1774904387.2057798,"[0, 0, 0, 0, 0, 0]","[1291, 1500, 1500, 1500]","[-25.08, 0.0, 0.0, 0.0]","[0.0, 0.0, 0.0]",0,28.11149024963379,0,31.143549575805665,"[-11.16943359192, -15.77758788804, 3.57055664004]","[0, 0, 0]",0,3,0.0,0.0,0.024,0,0,0,4294967.295,3750000.64,0,24923,0,60.163185119628906,83.56400299072266,0.597888708114624,0,state.PRE_FLIGHT,283,-36,0,-35,0.0,24,28,"[10.6, 0.5, 16.5, 10.8, 16.5, 16.5, 0, 0]","[3.638, 3.639, 3.639]",0.187,"[2.9968000000000004, 3.3120000000000003, 5.0032000000000005, 7.368, 8.443200000000001, 27.8304]","[0.035625000000000004, 0.2, -0.003125, -0.004375, -0.00125, -0.001875]",0,0,29.5,"[1, 1, 1, 1, 1, 1]",86.80296016558101,0.0,0.0,0,0.0
1774904387.2623186,"[0, 0, 0, 0, 0, 0]","[1291, 1500, 1500, 1500]","[-25.08, 0.0, 0.0, 0.0]","[0.0, 0.0, 0.0]",0,35.092288970947266,0,31.121689834594726,"[-37.9943847594, 5.340576171, 0.94604492172]","[0, 0, 0]",0,3,0.0,0.0,0.024,0,0,0,4294967.295,3750000.64,0,24983,0,60.40427780151367,83.50843811035156,2.2787961959838867,0,state.PRE_FLIGHT,284,-35,0,-36,0.0,24,35,"[10.0, 0.5, 17.0, 10.4, 15.5, 17.6, 0, 0]","[3.638, 3.639, 3.639]",0.187,"[2.9968000000000004, 3.3120000000000003, 5.0032000000000005, 7.368, 8.443200000000001, 27.8304]","[0.035625000000000004, 0.2, -0.003125, -0.004375, -0.00125, -0.001875]",0,0,29.5,"[1, 1, 1, 1, 1, 1]",86.79915730084556,0.0,0.0,0,0.0
1774904387.3151114,"[0, 0, 0, 0, 0, 0]","[1291, 1500, 1500, 1500]","[-25.08, 0.0, 0.0, 0.0]","[0.0, 0.0, 0.0]",0,41.52069854736328,0,31.13480567932129,"[-44.89135741452, -4.1198730462, 2.288818359]","[0, 0, 0]",0,3,0.0,0.0,0.036,0,0,0,4294967.295,3750000.64,0,25037,0,60.64723587036133,83.41302490234375,4.615511894226074,0,state.PRE_FLIGHT,285,-35,0,-35,0.0,36,41,"[10.4, 0.5, 16.5, 10.8, 15.9, 17.0, 0, 0]","[3.638, 3.639, 3.639]",0.187,"[2.9952, 3.3120000000000003, 5.0016, 7.3632, 8.4672, 27.8304]","[0.0375, 0.23500000000000001, 0.0, -0.003125, -0.005, -0.001875]",0,0,29.5,"[1, 1, 1, 1, 1, 1]",86.7765690095961,0.0,0.0,0,0.0
1774904387.3754623,"[0, 0, 0, 0, 0, 0]","[1291, 1500, 1500, 1500]","[-25.08, 0.0, 0.0, 0.0]","[0.0, 0.0, 0.0]",0,49.975921630859375,0,31.147921524047852,"[-30.79223632308, 2.34985351524, -2.5939941402]","[0, 0, 0]",0,3,0.0,0.0,0.049,0,0,0,4294967.295,3750000.64,0,25097,0,60.60758590698242,83.58271789550781,6.92692232131958,0,state.PRE_FLIGHT,286,-34,0,-34,0.0,49,49,"[10.2, 0.5, 16.5, 10.0, 15.9, 16.5, 0, 0]","[3.638, 3.639, 3.639]",0.187,"[2.9952, 3.3120000000000003, 5.0016, 7.3632, 8.4672, 27.8304]","[0.0375, 0.23500000000000001, 0.0, -0.003125, -0.005, -0.001875]",0,0,29.5,"[1, 1, 1, 1, 1, 1]",86.85547482552029,0.0,0.0,0,0.0
1774904387.4354644,"[0, 0, 0, 0, 0, 0]","[1291, 1500, 1500, 1500]","[-25.08, 0.0, 0.0, 0.0]","[0.0, 0.0, 0.0]",0,59.248138427734375,0,31.147921524047852,"[0.0, -13.21411132596, 15.28930663812]","[0, 0, 0]",0,3,0.0,0.0,0.049,0,0,0,4294967.295,3750000.64,0,25157,0,60.82300567626953,83.86467742919922,7.7411417961120605,0,state.PRE_FLIGHT,287,-35,0,-35,0.0,49,59,"[10.4, 0.5, 16.5, 10.8, 15.9, 15.9, 0, 0]","[3.638, 3.639, 3.639]",0.187,"[2.9952, 3.3104, 5.0016, 7.3616, 8.4464, 27.824]","[0.033125, 0.23500000000000001, -0.0025, -0.000625, -0.0025, 0.0]",0,0,29.5,"[1, 1, 1, 1, 1, 1]",87.01333470149001,0.0,0.0,0,0.0
1774904387.4955182,"[0, 0, 0, 0, 0, 0]","[1291, 1500, 1500, 1500]","[-25.08, 0.0, 0.0, 0.0]","[0.0, 0.0, 0.0]",0,69.34603881835938,0,31.126061782836913,"[30.79223632308, -7.65991210812, -9.3078613266]","[0, 0, 0]",0,3,0.0,0.0,0.065,0,0,0,4294967.295,3750000.64,0,25217,0,60.7057991027832,83.95560455322266,6.619015216827393,0,state.PRE_FLIGHT,288,-35,0,-35,0.0,65,69,"[10.4, 0.5, 15.9, 10.6, 15.9, 16.5, 0, 0]","[3.638, 3.639, 3.639]",0.187,"[2.9952, 3.3104, 5.0016, 7.3616, 8.4464, 27.824]","[0.033125, 0.23500000000000001, -0.0025, -0.000625, -0.0025, 0.0]",0,0,29.5,"[1, 1, 1, 1, 1, 1]",87.046687513618,0.0,0.0,0,0.0
1774904387.5540686,"[0, 0, 0, 0, 0, 0]","[1291, 1500, 1500, 1500]","[-25.08, 0.0, 0.0, 0.0]","[0.0, 0.0, 0.0]",0,80.27855682373047,0,31.143549575805665,"[44.89135741452, -2.96020507764, -5.9509277334]","[0, 0, 0]",0,3,0.0,0.0,0.065,0,0,0,4294967.295,3750000.64,0,25271,0,60.49982452392578,83.88373565673828,4.362362861633301,0,state.PRE_FLIGHT,289,-35,0,-35,0.0,65,80,"[10.2, 0.5, 15.9, 10.4, 15.9, 17.6, 0, 0]","[3.638, 3.639, 3.639]",0.187,"[2.9968000000000004, 3.3104, 5.0032000000000005, 7.368, 8.440000000000001, 27.8256]","[0.03375, 0.61625, -0.0025, -0.000625, -0.003125, 0.0]",0,0,29.5,"[1, 1, 1, 1, 1, 1]",86.99252701553823,0.0,0.0,0,0.0
1774904387.6120658,"[0, 0, 0, 0, 0, 0]","[1291, 1500, 1500, 1500]","[-25.08, 0.0, 0.0, 0.0]","[0.0, 0.0, 0.0]",0,92.05455780029297,0,31.13480567932129,"[34.66796874432, 5.5236816397199995, -3.32641601508]","[0, 0, 0]",0,3,0.0,0.0,0.086,0,0,0,4294967.295,3750000.64,0,25331,0,60.76471710205078,83.65609741210938,1.9099695682525635,0,state.PRE_FLIGHT,290,-35,0,-34,0.0,86,92,"[10.4, 0.5, 16.5, 10.6, 15.5, 17.0, 0, 0]","[3.638, 3.639, 3.639]",0.187,"[2.9968000000000004, 3.3104, 5.0032000000000005, 7.368, 8.440000000000001, 27.8256]","[0.03375, 0.61625, -0.0025, -0.000625, -0.003125, 0.0]",0,0,29.5,"[1, 1, 1, 1, 1, 1]",86.9064802284087,0.0,0.0,0,0.0
1774904387.6702898,"[0, 0, 0, 0, 0, 0]","[1291, 1500, 1500, 1500]","[-25.08, 0.0, 0.0, 0.0]","[0.0, 0.0, 0.0]",0,104.68331146240234,0,31.147921524047852,"[5.61523437408, 2.96020507764, 0.39672851556]","[0, 0, 0]",0,3,0.0,0.0,0.086,0,0,0,4294967.295,3750000.64,0,25391,0,60.501956939697266,83.69087982177734,0.7878274917602539,0,state.PRE_FLIGHT,291,-36,0,-36,0.0,86,104,"[10.8, 0.5, 16.5, 10.4, 15.9, 16.5, 0, 0]","[3.638, 3.639, 3.639]",0.187,"[2.9936000000000003, 3.3136, 5.0032000000000005, 7.364800000000001, 8.4288, 27.8272]","[0.033125, 0.623125, -0.004375, -0.000625, -0.010625, 0.004375]",0,0,29.5,"[1, 1, 1, 1, 1, 1]",86.89818743713391,0.0,0.0,0,0.0
1774904387.729298,"[0, 0, 0, 0, 0, 0]","[1291, 1500, 1500, 1500]","[-25.08, 0.0, 0.0, 0.0]","[0.0, 0.0, 0.0]",0,118.174560546875,0,31.13480567932129,"[-26.42822265192, -1.3732910154, -6.68334960828]","[0, 0, 0]",0,3,0.0,0.0,0.106,0,0,0,4294967.295,3750000.64,0,25451,0,60.33534622192383,83.77326965332031,1.6020100116729736,0,state.PRE_FLIGHT,292,-36,0,-36,0.0,106,118,"[10.2, 0.5, 17.0, 10.4, 15.5, 17.0, 0, 0]","[3.638, 3.639, 3.639]",0.187,"[2.9936000000000003, 3.3136, 5.0032000000000005, 7.364800000000001, 8.4288, 27.8272]","[0.033125, 0.623125, -0.004375, -0.000625, -0.010625, 0.004375]",0,0,29.5,"[1, 1, 1, 1, 1, 1]",86.92283334307513,0.0,0.0,0,0.0
1774904387.7858253,"[0, 0, 0, 0, 0, 0]","[1291, 1500, 1500, 1500]","[-25.08, 0.0, 0.0, 0.0]","[0.0, 0.0, 0.0]",0,130.08311462402344,0,31.139177627563477,"[-42.78564452424, 3.57055664004, 8.392333983]","[0, 0, 0]",0,3,0.0,0.0,0.127,0,0,0,4294967.295,3750000.64,0,25505,0,60.49060821533203,83.6615219116211,3.5932085514068604,0,state.PRE_FLIGHT,293,-36,0,-36,0.0,127,130,"[10.4, 0.5, 16.5, 10.6, 15.0, 16.5, 0, 0]","[3.638, 3.639, 3.639]",0.187,"[2.9968000000000004, 3.3136, 5.0016, 7.3584000000000005, 8.459200000000001, 27.8288]","[0.034375, 0.226875, -0.000625, -0.001875, -0.003125, 0.001875]",0,0,29.5,"[1, 1, 1, 1, 1, 1]",86.88270650262928,0.0,0.0,0,0.0
1774904387.8433664,"[0, 0, 0, 0, 0, 0]","[1291, 1500, 1500, 1500]","[-25.08, 0.0, 0.0, 0.0]","[0.0, 0.0, 0.0]",0,145.17572021484375,0,31.121689834594726,"[-40.71044921208, -2.16674804652, -14.709472653839999]","[0, 0, 0]",0,3,0.0,0.0,0.127,0,0,0,4294967.295,3750000.64,0,25565,0,60.36943817138672,83.69815063476562,6.20978307723999,0,state.PRE_FLIGHT,294,-38,0,-37,0.0,127,145,"[10.6, 0.5, 17.6, 10.6, 16.5, 17.0, 0, 0]","[3.638, 3.639, 3.639]",0.187,"[2.9968000000000004, 3.3136, 5.0016, 7.3584000000000005, 8.459200000000001, 27.8288]","[0.034375, 0.226875, -0.000625, -0.001875, -0.003125, 0.001875]",0,0,29.5,"[1, 1, 1, 1, 1, 1]",86.8890802632407,0.0,0.0,0,0.0
1774904387.903427,"[0, 0, 0, 0, 0, 0]","[1291, 1500, 1500, 1500]","[-25.08, 0.0, 0.0, 0.0]","[0.0, 0.0, 0.0]",0,161.06976318359375,0,31.147921524047852,"[-16.54052734104, 0.4577636718, -0.54931640616]","[0, 0, 0]",0,3,0.0,0.0,0.153,0,0,0,4294967.295,3750000.64,0,25625,0,60.43966293334961,83.6419906616211,7.890702724456787,0,state.PRE_FLIGHT,295,-37,0,-37,0.0,153,161,"[10.6, 0.5, 17.6, 10.8, 15.0, 17.0, 0, 0]","[3.638, 3.639, 3.639]",0.187,"[2.9968000000000004, 3.3088, 5.0048, 7.3632, 8.4448, 27.8272]","[0.031875, 0.24625, -0.00625, 0.0, -0.003125, -0.004375]",0,0,29.5,"[1, 1, 1, 1, 1, 1]",86.86821491263997,0.0,0.0,0,0.0
1774904387.9635005,"[0, 0, 0, 0, 0, 0]","[1291, 1500, 1500, 1500]","[-25.08, 0.0, 0.0, 0.0]","[0.0, 0.0, 0.0]",0,177.67825317382812,0,31.13480567932129,"[16.54052734104, -2.16674804652, 0.21362304684]","[0, 0, 0]",0,3,0.0,0.0,0.153,0,0,0,4294967.295,3750000.64,0,25685,0,60.35145568847656,83.9288558959961,7.72527551651001,0,state.PRE_FLIGHT,296,-36,0,-36,0.0,153,177,"[10.2, 0.5, 17.0, 10.8, 15.0, 17.0, 0, 0]","[3.638, 3.639, 3.639]",0.187,"[2.9952, 3.3104, 5.0048, 7.3696, 8.432, 27.8288]","[0.035625000000000004, 0.229375, 0.000625, 0.0, -0.0025, 0.0025]",0,0,29.5,"[1, 1, 1, 1, 1, 1]",87.00098392090995,0.0,0.0,0,0.0
1774904388.0190427,"[0, 0, 0, 0, 0, 0]","[1291, 1500, 1500, 1500]","[-25.08, 0.0, 0.0, 0.0]","[0.0, 0.0, 0.0]",0,192.05194091796875,0,31.117317886352538,"[37.9943847594, -7.65991210812, 4.1198730462]","[0, 0, 0]",0,3,0.0,0.0,0.18,0,0,0,4294967.295,3750000.64,0,25739,0,60.446258544921875,84.0805892944336,6.1251044273376465,0,state.PRE_FLIGHT,297,-36,0,-36,0.0,180,192,"[10.2, 0.5, 15.9, 10.8, 15.9, 15.9, 0, 0]","[3.638, 3.639, 3.639]",0.187,"[2.9952, 3.3104, 5.0048, 7.3696, 8.432, 27.8288]","[0.035625000000000004, 0.229375, 0.000625, 0.0, -0.0025, 0.0025]",0,0,29.5,"[1, 1, 1, 1, 1, 1]",87.08424442027618,0.0,0.0,0,0.0
1774904388.0785687,"[0, 0, 0, 0, 0, 0]","[1291, 1500, 1500, 1500]","[-25.08, 0.0, 0.0, 0.0]","[0.0, 0.0, 0.0]",0,209.93174743652344,0,31.13480567932129,"[44.189453117759996, 3.32641601508, -3.32641601508]","[0, 0, 0]",0,3,0.0,0.0,0.209,0,0,0,4294967.295,3750000.64,0,25799,0,60.58879089355469,83.91275024414062,3.5084848403930664,0,state.PRE_FLIGHT,298,-36,0,-36,0.0,209,209,"[10.4, 0.5, 15.9, 10.6, 15.5, 17.6, 0, 0]","[3.638, 3.639, 3.639]",0.187,"[2.9968000000000004, 3.3104, 5.0048, 7.364800000000001, 8.4608, 27.8272]","[0.026875, 0.225625, 0.001875, 0.00125, 0.00125, -0.00375]",0,0,29.5,"[1, 1, 1, 1, 1, 1]",87.0149790446197,0.0,0.0,0,0.0
1774904388.1375813,"[0, 0, 0, 0, 0, 0]","[1291, 1500, 1500, 1500]","[-25.08, 0.0, 0.0, 0.0]","[0.0, 0.0, 0.0]",0,228.49191284179688,0,31.13480567932129,"[26.42822265192, -5.8898925771599995, -5.7678222646799995]","[0, 0, 0]",0,3,0.0,0.0,0.209,0,0,0,4294967.295,3750000.64,0,25859,0,60.2326545715332,83.8779525756836,1.3747698068618774,0,state.PRE_FLIGHT,299,-37,0,-36,0.0,209,228,"[10.2, 0.5, 17.0, 10.6, 15.9, 16.5, 0, 0]","[3.638, 3.639, 3.639]",0.187,"[2.9968000000000004, 3.3104, 5.0048, 7.364800000000001, 8.4608, 27.8272]","[0.026875, 0.225625, 0.001875, 0.00125, 0.00125, -0.00375]",0,0,29.5,"[1, 1, 1, 1, 1, 1]",86.9648910696886,0.0,0.0,0,0.0
1774904388.198109,"[0, 0, 0, 0, 0, 0]","[1291, 1500, 1500, 1500]","[-25.08, 0.0, 0.0, 0.0]","[0.0, 0.0, 0.0]",0,247.72256469726562,0,31.121689834594726,"[-5.61523437408, -0.39672851556, 0.762939453]","[0, 0, 0]",0,3,0.0,0.0,0.241,0,0,0,4294967.295,3750000.64,0,25919,0,60.16640090942383,83.87492370605469,0.8809625506401062,0,state.PRE_FLIGHT,300,-40,0,-38,0.0,241,247,"[10.2, 0.5, 16.5, 10.6, 16.5, 16.5, 0, 0]","[3.638, 3.639, 3.639]",0.187,"[2.9968000000000004, 3.3104, 5.0032000000000005, 7.36, 8.441600000000001, 27.8304]","[0.03375, 0.26937500000000003, -0.00125, -0.005, -0.00125, -0.00375]",0,0,29.5,"[1, 1, 1, 1, 1, 1]",86.9572507425909,0.0,0.0,0,0.0
1774904388.2516487,"[0, 0, 0, 0, 0, 0]","[1291, 1500, 1500, 1500]","[-25.08, 0.0, 0.0, 0.0]","[0.0, 0.0, 0.0]",0,267.6134338378906,0,31.13480567932129,"[-34.66796874432, -5.340576171, -5.1879882804]","[0, 0, 0]",0,3,0.0,0.0,0.241,0,0,0,4294967.295,3750000.64,0,25973,0,59.79139709472656,83.88023376464844,2.246079206466675,0,state.PRE_FLIGHT,301,-41,0,-40,0.0,241,267,"[10.8, 0.5, 16.5, 10.6, 15.5, 16.5, 0, 0]","[3.638, 3.639, 3.639]",0.187,"[2.9968000000000004, 3.3104, 5.0032000000000005, 7.36, 8.441600000000001, 27.8304]","[0.03375, 0.26937500000000003, -0.00125, -0.005, -0.00125, -0.00375]",0,0,29.5,"[1, 1, 1, 1, 1, 1]",86.9252171030863,0.0,0.0,0,0.0
1774904388.3116543,"[0, 0, 0, 0, 0, 0]","[1291, 1500, 1500, 1500]","[-25.08, 0.0, 0.0, 0.0]","[0.0, 0.0, 0.0]",0,288.1545104980469,0,31.117317886352538,"[-44.89135741452, -6.8664550769999995, -15.441894528719999]","[0, 0, 0]",0,3,0.0,0.0,0.274,0,0,0,4294967.295,3750000.64,0,26033,0,59.84663772583008,83.97236633300781,4.80069637298584,0,state.PRE_FLIGHT,302,-40,0,-40,0.0,274,288,"[10.6, 0.5, 17.0, 10.4, 16.5, 15.9, 0, 0]","[3.638, 3.639, 3.639]",0.187,"[2.9968000000000004, 3.3136, 5.0032000000000005, 7.364800000000001, 8.427200000000001, 27.824]","[0.03375, 0.625625, -0.00625, -0.00125, 0.00125, -0.005625]",0,0,29.5,"[1, 1, 1, 1, 1, 1]",86.97640020069342,0.0,0.0,0,0.0
1774904388.3729546,"[0, 0, 0, 0, 0, 0]","[1291, 1500, 1500, 1500]","[-25.08, 0.0, 0.0, 0.0]","[0.0, 0.0, 0.0]",0,309.335205078125,0,31.143549575805665,"[-30.79223632308, -4.1198730462, -5.55419921784]","[0, 0, 0]",0,3,0.0,0.0,0.309,0,0,0,4294967.295,3750000.64,0,26093,0,59.91561508178711,84.05474090576172,7.112092018127441,0,state.PRE_FLIGHT,303,-38,0,-38,0.0,309,309,"[10.6, 0.5, 16.5, 10.6, 16.5, 15.9, 0, 0]","[3.638, 3.639, 3.639]",0.187,"[2.9968000000000004, 3.3136, 5.0032000000000005, 7.364800000000001, 8.427200000000001, 27.824]","[0.03375, 0.625625, -0.00625, -0.00125, 0.00125, -0.005625]",0,0,29.5,"[1, 1, 1, 1, 1, 1]",87.02379752705383,0.0,0.0,0,0.0
1774904388.4349604,"[0, 0, 0, 0, 0, 0]","[1291, 1500, 1500, 1500]","[-25.08, 0.0, 0.0, 0.0]","[0.0, 0.0, 0.0]",0,331.145751953125,0,31.1304337310791,"[0.0, -8.6975097642, -8.72802734232]","[0, 0, 0]",0,3,0.0,0.0,0.309,0,0,0,4294967.295,3750000.64,0,26153,0,59.704742431640625,84.23417663574219,7.9263105392456055,0,state.PRE_FLIGHT,304,-36,0,-36,0.0,309,331,"[10.6, 0.5, 17.6, 10.4, 15.9, 18.2, 0, 0]","[3.638, 3.639, 3.639]",0.187,"[2.9952, 3.3136, 5.0032000000000005, 7.364800000000001, 8.459200000000001, 27.8304]","[0.03125, 0.601875, -0.00625, 0.00125, -0.005, 0.00125]",0,0,29.5,"[1, 1, 1, 1, 1, 1]",87.0950572141326,0.0,0.0,0,0.0
1774904388.4875996,"[0, 0, 0, 0, 0, 0]","[1291, 1500, 1500, 1500]","[-25.08, 0.0, 0.0, 0.0]","[0.0, 0.0, 0.0]",0,349.7969970703125,0,31.126061782836913,"[26.42822265192, 1.9836425778, -5.9509277334]","[0, 0, 0]",0,3,0.0,0.0,0.346,0,0,0,4294967.295,3750000.64,0,26207,0,59.827754974365234,84.29953002929688,7.091763019561768,0,state.PRE_FLIGHT,305,-36,0,-36,0.0,346,349,"[10.8, 0.5, 16.5, 10.6, 15.9, 15.9, 0, 0]","[3.638, 3.639, 3.639]",0.187,"[2.9952, 3.3136, 5.0032000000000005, 7.364800000000001, 8.459200000000001, 27.8304]","[0.03125, 0.601875, -0.00625, 0.00125, -0.005, 0.00125]",0,0,29.5,"[1, 1, 1, 1, 1, 1]",87.13847177110648,0.0,0.0,0,0.0
1774904388.5481431,"[0, 0, 0, 0, 0, 0]","[1291, 1500, 1500, 1500]","[-25.08, 0.0, 0.0, 0.0]","[0.0, 0.0, 0.0]",0,372.74383544921875,0,31.108573989868162,"[44.189453117759996, 5.70678710844, 2.4414062496]","[0, 0, 0]",0,3,0.0,0.0,0.346,0,0,0,4294967.295,3750000.64,0,26267,0,59.892459869384766,84.37519836425781,4.780360221862793,0,state.PRE_FLIGHT,306,-36,0,-36,0.0,346,372,"[10.6, 0.5, 17.6, 10.4, 15.9, 16.5, 0, 0]","[3.638, 3.639, 3.639]",0.187,"[2.9952, 3.3104, 5.0032000000000005, 7.356800000000001, 8.432, 27.8256]","[0.035625000000000004, 0.6218750000000001, 0.00125, 0.00125, -0.0025, 0.00375]",0,0,29.5,"[1, 1, 1, 1, 1, 1]",87.18185500261114,0.0,0.0,0,0.0
1774904388.6071439,"[0, 0, 0, 0, 0, 0]","[1291, 1500, 1500, 1500]","[-25.08, 0.0, 0.0, 0.0]","[0.0, 0.0, 0.0]",0,396.3021240234375,0,31.1304337310791,"[37.9943847594, -10.46752929516, -9.49096679532]","[0, 0, 0]",0,3,0.0,0.0,0.384,0,0,0,4294967.295,3750000.64,0,26327,0,59.7264518737793,84.43016052246094,2.225731611251831,0,state.PRE_FLIGHT,307,-36,0,-36,0.0,384,396,"[10.4, 0.5, 17.0, 10.8, 15.9, 17.0, 0, 0]","[3.638, 3.639, 3.639]",0.187,"[2.9952, 3.3104, 5.0032000000000005, 7.356800000000001, 8.432, 27.8256]","[0.035625000000000004, 0.6218750000000001, 0.00125, 0.00125, -0.0025, 0.00375]",0,0,29.5,"[1, 1, 1, 1, 1, 1]",87.19538317667958,0.0,0.0,0,0.0
1774904388.6696775,"[0, 0, 0, 0, 0, 0]","[1291, 1500, 1500, 1500]","[-25.08, 0.0, 0.0, 0.0]","[0.0, 0.0, 0.0]",0,420.4654541015625,0,31.121689834594726,"[11.16943359192, 2.77709960892, 8.605957029839999]","[0, 0, 0]",0,3,0.0,0.0,0.384,0,0,0,4294967.295,3750000.64,0,26387,0,59.77072525024414,84.46126556396484,0.8130632042884827,0,state.PRE_FLIGHT,308,-36,0,-36,0.0,384,420,"[10.8, 0.5, 17.0, 10.4, 15.5, 16.5, 0, 0]","[3.638, 3.639, 3.639]",0.187,"[2.9936000000000003, 3.3136, 5.0064, 7.3664000000000005, 8.440000000000001, 27.8256]","[0.034375, 0.25375000000000003, 0.0, 0.000625, 0.00125, -0.005625]",0,0,29.5,"[1, 1, 1, 1, 1, 1]",87.21470478507983,0.0,0.0,0,0.0
1774904388.7196767,"[0, 0, 0, 0, 0, 0]","[1291, 1500, 1500, 1500]","[-25.08, 0.0, 0.0, 0.0]","[0.0, 0.0, 0.0]",0,445.204833984375,0,31.1304337310791,"[-21.6674804652, -9.85717773276, 11.19995117004]","[0, 0, 0]",0,3,0.0,0.0,0.428,0,0,0,4294967.295,3750000.64,0,26441,0,59.723876953125,84.43208312988281,1.3607944250106812,0,state.PRE_FLIGHT,309,-36,0,-36,0.0,428,445,"[10.6, 0.5, 15.5, 10.6, 15.5, 15.5, 0, 0]","[3.638, 3.639, 3.639]",0.187,"[2.9936000000000003, 3.3120000000000003, 5.0032000000000005, 7.3664000000000005, 8.4688, 27.8288]","[0.035, 0.229375, -0.003125, -0.00375, -0.0025, 0.00125]",0,0,29.5,"[1, 1, 1, 1, 1, 1]",87.1961329818406,0.0,0.0,0,0.0
1774904388.780203,"[0, 0, 0, 0, 0, 0]","[1291, 1500, 1500, 1500]","[-25.08, 0.0, 0.0, 0.0]","[0.0, 0.0, 0.0]",0,470.3236999511719,0,31.139177627563477,"[-42.78564452424, -2.16674804652, -5.9509277334]","[0, 0, 0]",0,3,0.0,0.0,0.47,0,0,0,4294967.295,3750000.64,0,26501,0,59.55756759643555,84.41194152832031,3.494577407836914,0,state.PRE_FLIGHT,310,-36,0,-36,0.0,470,470,"[10.4, 0.5, 17.6, 10.4, 15.0, 16.5, 0, 0]","[3.638, 3.639, 3.639]",0.187,"[2.9936000000000003, 3.3120000000000003, 5.0032000000000005, 7.3664000000000005, 8.4688, 27.8288]","[0.035, 0.229375, -0.003125, -0.00375, -0.0025, 0.00125]",0,0,29.5,"[1, 1, 1, 1, 1, 1]",87.17202345564418,0.0,0.0,0,0.0
1774904388.8438935,"[0, 0, 0, 0, 0, 0]","[1291, 1500, 1500, 1500]","[-25.08, 0.0, 0.0, 0.0]","[0.0, 0.0, 0.0]",0,495.3337707519531,0,31.1304337310791,"[-40.71044921208, -0.57983398428, 4.6691894523599995]","[0, 0, 0]",0,3,0.0,0.0,0.47,0,0,0,4294967.295,3750000.64,0,26561,0,59.76174545288086,84.39668273925781,6.111153602600098,0,state.PRE_FLIGHT,311,-36,0,-36,0.0,470,495,"[10.4, 0.5, 17.0, 10.6, 15.0, 17.0, 0, 0]","[3.638, 3.639, 3.639]",0.187,"[2.9936000000000003, 3.3104, 5.0048, 7.3584000000000005, 8.448, 27.8272]","[0.033125, 0.2425, -0.000625, -0.000625, -0.005, -0.004375]",0,0,29.5,"[1, 1, 1, 1, 1, 1]",87.18154623369952,0.0,0.0,0,0.0
1774904388.9004138,"[0, 0, 0, 0, 0, 0]","[1291, 1500, 1500, 1500]","[-25.08, 0.0, 0.0, 0.0]","[0.0, 0.0, 0.0]",0,520.181640625,0,31.121689834594726,"[-16.54052734104, -4.7302246086, -20.66040038724]","[0, 0, 0]",0,3,0.0,0.0,0.511,0,0,0,4294967.295,3750000.64,0,26621,0,59.5523681640625,84.31552124023438,7.792069911956787,0,state.PRE_FLIGHT,312,-35,0,-36,0.0,511,520,"[10.6, 0.5, 15.9, 10.4, 15.0, 15.9, 0, 0]","[3.638, 3.639, 3.639]",0.187,"[2.9936000000000003, 3.3104, 5.0048, 7.3584000000000005, 8.448, 27.8272]","[0.033125, 0.2425, -0.000625, -0.000625, -0.005, -0.004375]",0,0,29.5,"[1, 1, 1, 1, 1, 1]",87.12290128796015,0.0,0.0,0,0.0
1774904388.957792,"[0, 0, 0, 0, 0, 0]","[1291, 1500, 1500, 1500]","[-25.08, 0.0, 0.0, 0.0]","[0.0, 0.0, 0.0]",0,540.7656860351562,0,31.108573989868162,"[11.16943359192, -0.33569335932, 0.39672851556]","[0, 0, 0]",0,3,0.0,0.0,0.511,0,0,0,4294967.295,3750000.64,0,26675,0,59.716644287109375,84.16096496582031,7.838841438293457,0,state.PRE_FLIGHT,313,-35,0,-35,0.0,511,540,"[10.8, 0.5, 17.0, 11.1, 15.9, 15.9, 0, 0]","[3.638, 3.639, 3.639]",0.187,"[2.9952, 3.3136, 5.0, 7.3616, 8.4512, 27.8272]","[0.04, 0.626875, -0.00125, -0.00125, -0.00375, -0.000625]",0,0,29.5,"[1, 1, 1, 1, 1, 1]",87.05931339896259,0.0,0.0,0,0.0
1774904389.0143275,"[0, 0, 0, 0, 0, 0]","[1291, 1500, 1500, 1500]","[-25.08, 0.0, 0.0, 0.0]","[0.0, 0.0, 0.0]",0,565.3206787109375,0,31.126061782836913,"[37.9943847594, 4.36401367116, 0.39672851556]","[0, 0, 0]",0,3,0.0,0.0,0.548,0,0,0,4294967.295,3750000.64,0,26735,0,59.6845703125,83.9870376586914,6.157986640930176,0,state.PRE_FLIGHT,314,-35,0,-35,0.0,548,565,"[10.4, 0.5, 16.5, 10.6, 16.5, 17.6, 0, 0]","[3.638, 3.639, 3.639]",0.187,"[2.9952, 3.3136, 5.0, 7.3616, 8.4512, 27.8272]","[0.04, 0.626875, -0.00125, -0.00125, -0.00375, -0.000625]",0,0,29.5,"[1, 1, 1, 1, 1, 1]",86.96905118142853,0.0,0.0,0,0.0
1774904389.074869,"[0, 0, 0, 0, 0, 0]","[1291, 1500, 1500, 1500]","[-25.08, 0.0, 0.0, 0.0]","[0.0, 0.0, 0.0]",0,589.7180786132812,0,31.13480567932129,"[44.189453117759996, -0.21362304684, -2.96020507764]","[0, 0, 0]",0,3,0.0,0.0,0.589,0,0,0,4294967.295,3750000.64,0,26795,0,59.873809814453125,84.0682144165039,3.541369915008545,0,state.PRE_FLIGHT,315,-35,0,-35,0.0,589,589,"[10.2, 0.5, 17.0, 10.6, 15.9, 17.0, 0, 0]","[3.638, 3.639, 3.639]",0.187,"[2.9968000000000004, 3.3104, 5.0016, 7.3632, 8.4544, 27.8256]","[0.028125, 0.596875, -0.004375, 0.001875, -0.003125, 0.001875]",0,0,29.5,"[1, 1, 1, 1, 1, 1]",87.0267816896986,0.0,0.0,0,0.0
1774904389.1378837,"[0, 0, 0, 0, 0, 0]","[1291, 1500, 1500, 1500]","[-25.08, 0.0, 0.0, 0.0]","[0.0, 0.0, 0.0]",0,613.959716796875,0,31.126061782836913,"[26.42822265192, -10.2233886702, 14.00756835708]","[0, 0, 0]",0,3,0.0,0.0,0.589,0,0,0,4294967.295,3750000.64,0,26855,0,59.769134521484375,84.1957778930664,1.407580852508545,0,state.PRE_FLIGHT,316,-36,0,-35,0.0,589,613,"[10.2, 0.5, 16.5, 10.6, 15.5, 17.0, 0, 0]","[3.638, 3.639, 3.639]",0.187,"[2.9968000000000004, 3.3104, 5.0016, 7.3632, 8.4544, 27.8256]","[0.028125, 0.596875, -0.004375, 0.001875, -0.003125, 0.001875]",0,0,29.5,"[1, 1, 1, 1, 1, 1]",87.0813922446765,0.0,0.0,0,0.0
1774904389.1884136,"[0, 0, 0, 0, 0, 0]","[1291, 1500, 1500, 1500]","[-25.08, 0.0, 0.0, 0.0]","[0.0, 0.0, 0.0]",0,634.0426025390625,0,31.13480567932129,"[0.0, 5.1574707022799995, 4.85229492108]","[0, 0, 0]",0,3,0.0,0.0,0.63,0,0,0,4294967.295,3750000.64,0,26909,0,59.954437255859375,84.24703979492188,0.7690042853355408,0,state.PRE_FLIGHT,317,-35,0,-227,0.0,630,634,"[10.4, 0.5, 16.5, 10.4, 17.0, 16.5, 0, 0]","[3.638, 3.639, 3.639]",0.187,"[2.9968000000000004, 3.3136, 5.0032000000000005, 7.364800000000001, 8.432, 27.824]","[0.026875, 0.5593750000000001, -0.00125, -0.0025, -0.005, -0.00125]",0,0,29.5,"[1, 1, 1, 1, 1, 1]",87.12318781252709,0.0,0.0,0,0.0
1774904389.2479515,"[0, 0, 0, 0, 0, 0]","[1291, 1500, 1500, 1500]","[-25.08, 0.0, 0.0, 0.0]","[0.0, 0.0, 0.0]",0,658.0020141601562,0,31.15229347229004,"[-30.79223632308, -2.53295898396, -11.535644529359999]","[0, 0, 0]",0,3,0.0,0.0,0.63,0,0,0,4294967.295,3750000.64,0,26969,0,59.79573440551758,84.30320739746094,1.8911408185958862,0,state.PRE_FLIGHT,318,-34,0,-34,0.0,630,658,"[10.6, 0.5, 16.5, 10.4, 16.5, 16.5, 0, 0]","[3.638, 3.639, 3.639]",0.187,"[2.9968000000000004, 3.3136, 5.0032000000000005, 7.364800000000001, 8.432, 27.824]","[0.026875, 0.5593750000000001, -0.00125, -0.0025, -0.005, -0.00125]",0,0,29.5,"[1, 1, 1, 1, 1, 1]",87.1375623348067,0.0,0.0,0,0.0
1774904389.3099492,"[0, 0, 0, 0, 0, 0]","[1291, 1500, 1500, 1500]","[-25.08, 0.0, 0.0, 0.0]","[0.0, 0.0, 0.0]",0,681.809326171875,0,31.139177627563477,"[-44.89135741452, 9.49096679532, 2.4414062496]","[0, 0, 0]",0,3,0.0,0.0,0.669,0,0,0,4294967.295,3750000.64,0,27029,0,59.621829986572266,84.21588134765625,4.343523025512695,0,state.PRE_FLIGHT,319,-34,0,-34,0.0,669,681,"[10.4, 0.5, 15.9, 10.4, 15.5, 17.0, 0, 0]","[3.638, 3.639, 3.639]",0.187,"[2.9952, 3.3136, 5.0064, 7.3632, 8.4672, 27.8288]","[0.031875, 0.231875, -0.00375, 0.000625, -0.006875, 0.000625]",0,0,29.5,"[1, 1, 1, 1, 1, 1]",87.07864187505949,0.0,0.0,0,0.0
1774904389.3679032,"[0, 0, 0, 0, 0, 0]","[1291, 1500, 1500, 1500]","[-25.08, 0.0, 0.0, 0.0]","[0.0, 0.0, 0.0]",0,705.466064453125,0,31.126061782836913,"[-34.66796874432, 6.1340332021199995, -11.71874999808]","[0, 0, 0]",0,3,0.0,0.0,0.669,0,0,0,4294967.295,3750000.64,0,27089,0,59.367881774902344,84.08404541015625,6.795948505401611,0,state.PRE_FLIGHT,320,-34,0,-33,0.0,669,705,"[10.8, 0.5, 17.0, 10.6, 15.9, 15.9, 0, 0]","[3.638, 3.639, 3.639]",0.187,"[2.9968000000000004, 3.3104, 5.0048, 7.364800000000001, 8.441600000000001, 27.8256]","[0.033125, 0.2325, -0.00125, -0.005, 0.004375, -0.004375]",0,0,29.5,"[1, 1, 1, 1, 1, 1]",86.989648438481,0.0,0.0,0,0.0
1774904389.421905,"[0, 0, 0, 0, 0, 0]","[1291, 1500, 1500, 1500]","[-25.08, 0.0, 0.0, 0.0]","[0.0, 0.0, 0.0]",0,728.9740600585938,0,31.121689834594726,"[-5.61523437408, 0.03051757812, 9.88769531088]","[0, 0, 0]",0,3,0.0,0.0,0.713,0,0,0,4294967.295,3750000.64,0,27143,0,59.38889694213867,84.2573471069336,7.7178053855896,0,state.PRE_FLIGHT,321,-34,0,-34,0.0,713,728,"[10.6, 0.5, 17.0, 10.2, 15.9, 17.0, 0, 0]","[3.638, 3.639, 3.639]",0.187,"[2.9968000000000004, 3.3104, 5.0048, 7.364800000000001, 8.441600000000001, 27.8256]","[0.033125, 0.2325, -0.00125, -0.005, 0.004375, -0.004375]",0,0,29.5,"[1, 1, 1, 1, 1, 1]",87.07942291554798,0.0,0.0,0,0.0
1774904389.4834483,"[0, 0, 0, 0, 0, 0]","[1291, 1500, 1500, 1500]","[-25.08, 0.0, 0.0, 0.0]","[0.0, 0.0, 0.0]",0,752.3341674804688,0,31.11294593811035,"[26.42822265192, 1.80053710908, -7.20214843632]","[0, 0, 0]",0,3,0.0,0.0,0.748,0,0,0,4294967.295,3750000.64,0,27203,0,59.36262130737305,84.1822738647461,6.903602123260498,0,state.PRE_FLIGHT,322,-34,0,-34,0.0,748,752,"[10.8, 0.5, 16.5, 10.8, 15.5, 17.0, 0, 0]","[3.638, 3.639, 3.639]",0.187,"[2.9952, 3.3120000000000003, 5.0016, 7.3664000000000005, 8.4624, 27.8272]","[0.03125, 0.229375, -0.001875, -0.003125, -0.00125, -0.00375]",0,0,29.5,"[1, 1, 1, 1, 1, 1]",87.03904426710444,0.0,0.0,0,0.0
1774904389.546511,"[0, 0, 0, 0, 0, 0]","[1291, 1500, 1500, 1500]","[-25.08, 0.0, 0.0, 0.0]","[0.0, 0.0, 0.0]",0,775.5477294921875,0,31.147921524047852,"[44.189453117759996, 2.77709960892, -6.5002441395599995]","[0, 0, 0]",0,3,0.0,0.0,0.748,0,0,0,4294967.295,3750000.64,0,27263,0,59.25246047973633,84.18898010253906,4.592199802398682,0,state.PRE_FLIGHT,323,-33,0,-34,0.0,748,775,"[10.4, 0.5, 16.5, 10.6, 15.5, 15.9, 0, 0]","[3.638, 3.639, 3.639]",0.187,"[2.9952, 3.3120000000000003, 5.0016, 7.3664000000000005, 8.4624, 27.8272]","[0.03125, 0.229375, -0.001875, -0.003125, -0.00125, -0.00375]",0,0,29.5,"[1, 1, 1, 1, 1, 1]",87.03284477797105,0.0,0.0,0,0.0
1774904389.6025062,"[0, 0, 0, 0, 0, 0]","[1291, 1500, 1500, 1500]","[-25.08, 0.0, 0.0, 0.0]","[0.0, 0.0, 0.0]",0,798.6165161132812,0,31.15229347229004,"[37.9943847594, 9.79614257652, 8.392333983]","[0, 0, 0]",0,3,0.0,0.0,0.787,0,0,0,4294967.295,3750000.64,0,27323,0,59.14532470703125,84.3055648803711,2.037571430206299,0,state.PRE_FLIGHT,324,-33,0,-34,0.0,787,798,"[11.1, 0.5, 16.5, 10.8, 15.9, 17.0, 0, 0]","[3.638, 3.639, 3.639]",0.187,"[2.9936000000000003, 3.3104, 5.0032000000000005, 7.3584000000000005, 8.448, 27.8272]","[0.0425, 0.245, -0.00625, -0.001875, -0.003125, 0.00125]",0,0,29.5,"[1, 1, 1, 1, 1, 1]",87.08308455815573,0.0,0.0,0,0.0
1774904389.6600442,"[0, 0, 0, 0, 0, 0]","[1291, 1500, 1500, 1500]","[-25.08, 0.0, 0.0, 0.0]","[0.0, 0.0, 0.0]",0,817.730712890625,0,31.126061782836913,"[16.54052734104, -7.4768066393999995, -8.72802734232]","[0, 0, 0]",0,3,0.0,0.0,0.787,0,0,0,4294967.295,3750000.64,0,27377,0,58.81837463378906,84.4278335571289,0.5964955687522888,0,state.PRE_FLIGHT,325,-34,0,-34,0.0,787,817,"[10.2, 0.5, 16.5, 10.6, 15.5, 15.9, 0, 0]","[3.638, 3.639, 3.639]",0.187,"[2.9936000000000003, 3.3104, 5.0032000000000005, 7.3584000000000005, 8.448, 27.8272]","[0.0425, 0.245, -0.00625, -0.001875, -0.003125, 0.00125]",0,0,29.5,"[1, 1, 1, 1, 1, 1]",87.11832682781433,0.0,0.0,0,0.0
1774904389.7170455,"[0, 0, 0, 0, 0, 0]","[1291, 1500, 1500, 1500]","[-25.08, 0.0, 0.0, 0.0]","[0.0, 0.0, 0.0]",0,840.537353515625,0,31.139177627563477,"[-16.54052734104, -8.88061523292, 2.07519531216]","[0, 0, 0]",0,3,0.0,0.0,0.825,0,0,0,4294967.295,3750000.64,0,27437,0,58.93190383911133,84.4901123046875,0.7618952989578247,0,state.PRE_FLIGHT,326,-34,0,-34,0.0,825,840,"[10.8, 0.5, 15.9, 10.6, 15.9, 15.5, 0, 0]","[3.638, 3.639, 3.639]",0.187,"[2.9968000000000004, 3.3120000000000003, 5.0032000000000005, 7.364800000000001, 8.456000000000001, 27.8304]","[0.033125, 0.27187500000000003, -0.004375, -0.001875, 0.0025, -0.0025]",0,0,29.5,"[1, 1, 1, 1, 1, 1]",87.15980438633483,0.0,0.0,0,0.0
1774904389.778572,"[0, 0, 0, 0, 0, 0]","[1291, 1500, 1500, 1500]","[-25.08, 0.0, 0.0, 0.0]","[0.0, 0.0, 0.0]",0,863.2022705078125,0,31.147921524047852,"[-40.71044921208, -7.4768066393999995, -6.1340332021199995]","[0, 0, 0]",0,3,0.0,0.0,0.863,0,0,0,4294967.295,3750000.64,0,27497,0,59.06376266479492,84.5340576171875,2.684495687484741,0,state.PRE_FLIGHT,327,-35,0,-35,0.0,863,863,"[10.4, 0.5, 17.0, 10.4, 15.9, 17.0, 0, 0]","[3.638, 3.639, 3.639]",0.187,"[2.9968000000000004, 3.3120000000000003, 5.0032000000000005, 7.364800000000001, 8.456000000000001, 27.8304]","[0.033125, 0.27187500000000003, -0.004375, -0.001875, 0.0025, -0.0025]",0,0,29.5,"[1, 1, 1, 1, 1, 1]",87.1931850734766,0.0,0.0,0,0.0
1774904389.8397028,"[0, 0, 0, 0, 0, 0]","[1291, 1500, 1500, 1500]","[-25.08, 0.0, 0.0, 0.0]","[0.0, 0.0, 0.0]",0,885.7278442382812,0,31.161037368774416,"[-42.78564452424, 11.444091795, 6.7138671864]","[0, 0, 0]",0,3,0.0,0.0,0.863,0,0,0,4294967.295,3750000.64,0,27557,0,58.993892669677734,84.49559783935547,5.321781158447266,0,state.PRE_FLIGHT,328,-35,0,-35,0.0,863,885,"[10.8, 0.5, 16.5, 10.4, 15.9, 15.5, 0, 0]","[3.638, 3.639, 3.639]",0.187,"[2.9952, 3.3120000000000003, 5.0016, 7.3664000000000005, 8.4368, 27.822400000000002]","[0.030625, 0.619375, -0.001875, 0.000625, -0.004375, 0.001875]",0,0,29.5,"[1, 1, 1, 1, 1, 1]",87.16772669388124,0.0,0.0,0,0.0
1774904389.8952265,"[0, 0, 0, 0, 0, 0]","[1291, 1500, 1500, 1500]","[-25.08, 0.0, 0.0, 0.0]","[0.0, 0.0, 0.0]",0,908.114501953125,0,31.143549575805665,"[-21.6674804652, -8.27026367052, 1.525878906]","[0, 0, 0]",0,3,0.0,0.0,0.9,0,0,0,4294967.295,3750000.64,0,27611,0,58.79373550415039,84.61412811279297,6.990592002868652,0,state.PRE_FLIGHT,329,-35,0,-35,0.0,900,908,"[10.4, 0.5, 17.0, 10.4, 16.5, 16.5, 0, 0]","[3.638, 3.639, 3.639]",0.187,"[2.9952, 3.3120000000000003, 5.0016, 7.3664000000000005, 8.4368, 27.822400000000002]","[0.030625, 0.619375, -0.001875, 0.000625, -0.004375, 0.001875]",0,0,29.5,"[1, 1, 1, 1, 1, 1]",87.21247749233454,0.0,0.0,0,0.0
1774904389.9537482,"[0, 0, 0, 0, 0, 0]","[1291, 1500, 1500, 1500]","[-25.08, 0.0, 0.0, 0.0]","[0.0, 0.0, 0.0]",0,930.3636474609375,0,31.143549575805665,"[11.16943359192, -9.24682617036, 18.4631347626]","[0, 0, 0]",0,3,0.0,0.0,0.9,0,0,0,4294967.295,3750000.64,0,27671,0,59.06288528442383,84.80455017089844,7.156008243560791,0,state.PRE_FLIGHT,330,-35,0,-35,0.0,900,930,"[10.6, 0.5, 16.5, 10.6, 16.5, 17.6, 0, 0]","[3.638, 3.639, 3.639]",0.187,"[2.9952, 3.3136, 5.0032000000000005, 7.3632, 8.4384, 27.8288]","[0.035625000000000004, 0.58875, -0.005, 0.00125, -0.004375, -0.001875]",0,0,29.5,"[1, 1, 1, 1, 1, 1]",87.33172938323538,0.0,0.0,0,0.0
1774904390.0108385,"[0, 0, 0, 0, 0, 0]","[1291, 1500, 1500, 1500]","[-25.08, 0.0, 0.0, 0.0]","[0.0, 0.0, 0.0]",0,952.476806640625,0,31.139177627563477,"[37.9943847594, -10.65063476388, -3.14331054636]","[0, 0, 0]",0,3,0.0,0.0,0.941,0,0,0,4294967.295,3750000.64,0,27731,0,59.03786087036133,85.01510620117188,5.475092887878418,0,state.PRE_FLIGHT,331,-35,0,-34,0.0,941,952,"[10.6, 0.5, 15.9, 10.8, 15.9, 17.0, 0, 0]","[3.638, 3.639, 3.639]",0.187,"[2.9952, 3.3136, 5.0032000000000005, 7.3632, 8.4384, 27.8288]","[0.035625000000000004, 0.58875, -0.005, 0.00125, -0.004375, -0.001875]",0,0,29.5,"[1, 1, 1, 1, 1, 1]",87.43779428513987,0.0,0.0,0,0.0
1774904390.0698872,"[0, 0, 0, 0, 0, 0]","[1291, 1500, 1500, 1500]","[-25.08, 0.0, 0.0, 0.0]","[0.0, 0.0, 0.0]",0,974.455322265625,0,31.169781265258788,"[44.189453117759996, 9.06372070164, 2.80761718704]","[0, 0, 0]",0,3,0.0,0.0,0.974,0,0,0,4294967.295,3750000.64,0,27791,0,58.95698928833008,84.99434661865234,2.858518123626709,0,state.PRE_FLIGHT,332,-34,0,-34,0.0,974,974,"[10.4, 0.5, 15.9, 10.6, 16.5, 17.6, 0, 0]","[3.638, 3.639, 3.639]",0.187,"[2.9952, 3.3088, 5.0016, 7.3616, 8.4496, 27.8256]","[0.0325, 0.22875, -0.003125, -0.004375, -0.0025, -0.003125]",0,0,29.5,"[1, 1, 1, 1, 1, 1]",87.421089498518,0.0,0.0,0,0.0
1774904390.123883,"[0, 0, 0, 0, 0, 0]","[1291, 1500, 1500, 1500]","[-25.08, 0.0, 0.0, 0.0]","[0.0, 0.0, 0.0]",0,992.6685791015625,0,31.143549575805665,"[30.79223632308, 1.19018554668, -5.55419921784]","[0, 0, 0]",0,3,0.0,0.0,0.974,0,0,0,4294967.295,3750000.64,0,27845,0,58.974769592285156,85.07050323486328,0.8170425891876221,0,state.PRE_FLIGHT,333,-34,0,-34,0.0,974,992,"[10.6, 0.5, 16.5, 10.6, 15.9, 16.5, 0, 0]","[3.638, 3.639, 3.639]",0.187,"[2.9952, 3.3088, 5.0016, 7.3616, 8.4496, 27.8256]","[0.0325, 0.22875, -0.003125, -0.004375, -0.0025, -0.003125]",0,0,29.5,"[1, 1, 1, 1, 1, 1]",87.46156404647809,0.0,0.0,0,0.0
1774904390.1859632,"[0, 0, 0, 0, 0, 0]","[1291, 1500, 1500, 1500]","[-25.08, 0.0, 0.0, 0.0]","[0.0, 0.0, 0.0]",0,1014.402587890625,0,31.139177627563477,"[0.0, -0.762939453, 4.85229492108]","[0, 0, 0]",0,3,0.0,0.0,1.01,0,0,0,4294967.295,3750000.64,0,27905,0,59.421226501464844,85.02835083007812,0.0028231278993189335,0,state.PRE_FLIGHT,334,-32,0,-33,0.0,1010,1014,"[10.4, 0.5, 15.9, 10.8, 15.5, 16.5, 0, 0]","[3.638, 3.639, 3.639]",0.187,"[2.9984, 3.3104, 5.0048, 7.3664000000000005, 8.4384, 27.8288]","[0.038125, 0.248125, -0.001875, -0.00375, -0.003125, 0.001875]",0,0,29.5,"[1, 1, 1, 1, 1, 1]",87.47316384177006,0.0,0.0,0,0.0
1774904390.243978,"[0, 0, 0, 0, 0, 0]","[1291, 1500, 1500, 1500]","[-25.08, 0.0, 0.0, 0.0]","[0.0, 0.0, 0.0]",0,1036.0054931640625,0,31.156665420532228,"[-30.79223632308, -3.14331054636, -14.31274413828]","[0, 0, 0]",0,3,0.0,0.0,1.01,0,0,0,4294967.295,3750000.64,0,27965,0,59.35380935668945,85.21698760986328,1.1249552965164185,0,state.PRE_FLIGHT,335,-32,0,-32,0.0,1010,1036,"[10.4, 0.5, 15.9, 10.8, 16.5, 16.5, 0, 0]","[3.638, 3.639, 3.639]",0.187,"[2.9952, 3.3120000000000003, 5.0048, 7.3712, 8.464, 27.8272]","[0.035, 0.245, -0.00125, -0.0025, -0.0025, -0.00625]",0,0,29.5,"[1, 1, 1, 1, 1, 1]",87.56402734537215,0.0,0.0,0,0.0
1774904390.3042579,"[0, 0, 0, 0, 0, 0]","[1291, 1500, 1500, 1500]","[-25.08, 0.0, 0.0, 0.0]","[0.0, 0.0, 0.0]",0,1057.477783203125,0,31.18726905822754,"[-44.89135741452, 0.21362304684, 0.94604492172]","[0, 0, 0]",0,3,0.0,0.0,1.046,0,0,0,4294967.295,3750000.64,0,28025,0,59.50790786743164,85.37081146240234,3.577345132827759,0,state.PRE_FLIGHT,336,-31,0,-32,0.0,1046,1057,"[10.8, 0.5, 17.0, 10.8, 15.5, 16.5, 0, 0]","[3.638, 3.639, 3.639]",0.187,"[2.9952, 3.3120000000000003, 5.0048, 7.3712, 8.464, 27.8272]","[0.035, 0.245, -0.00125, -0.0025, -0.0025, -0.00625]",0,0,29.5,"[1, 1, 1, 1, 1, 1]",87.65295813585823,0.0,0.0,0,0.0
1774904390.361459,"[0, 0, 0, 0, 0, 0]","[1291, 1500, 1500, 1500]","[-25.08, 0.0, 0.0, 0.0]","[0.0, 0.0, 0.0]",0,1075.2724609375,0,31.1654093170166,"[-37.9943847594, -5.340576171, -1.28173828104]","[0, 0, 0]",0,3,0.0,0.0,1.046,0,0,0,4294967.295,3750000.64,0,28079,0,59.333335876464844,85.54035949707031,5.86289119720459,0,state.PRE_FLIGHT,337,-30,0,-31,0.0,1046,1075,"[10.6, 0.5, 16.5, 10.8, 15.5, 17.0, 0, 0]","[3.638, 3.639, 3.639]",0.187,"[2.9968000000000004, 3.3104, 5.0032000000000005, 7.36, 8.475200000000001, 27.8272]","[0.02875, 0.27625, -0.00125, -0.0025, -0.0025, -0.003125]",0,0,29.5,"[1, 1, 1, 1, 1, 1]",87.72709351749656,0.0,0.0,0,0.0
1774904390.4194655,"[0, 0, 0, 0, 0, 0]","[1291, 1500, 1500, 1500]","[-25.08, 0.0, 0.0, 0.0]","[0.0, 0.0, 0.0]",0,1096.5087890625,0,31.169781265258788,"[-11.16943359192, 2.16674804652, 12.14599609176]","[0, 0, 0]",0,3,0.0,0.0,1.082,0,0,0,4294967.295,3750000.64,0,28139,0,59.41849136352539,85.86078643798828,7.275549411773682,0,state.PRE_FLIGHT,338,-28,0,-29,0.0,1082,1096,"[10.4, 0.5, 15.9, 10.4, 16.5, 16.5, 0, 0]","[3.638, 3.639, 3.639]",0.187,"[2.9968000000000004, 3.3104, 5.0032000000000005, 7.36, 8.475200000000001, 27.8272]","[0.02875, 0.27625, -0.00125, -0.0025, -0.0025, -0.003125]",0,0,29.5,"[1, 1, 1, 1, 1, 1]",87.89547692843894,0.0,0.0,0,0.0
1774904390.4790087,"[0, 0, 0, 0, 0, 0]","[1291, 1500, 1500, 1500]","[-25.08, 0.0, 0.0, 0.0]","[0.0, 0.0, 0.0]",0,1117.617919921875,0,31.161037368774416,"[21.6674804652, 3.14331054636, 0.39672851556]","[0, 0, 0]",0,3,0.0,0.0,1.117,0,0,0,4294967.295,3750000.64,0,28199,0,59.43100357055664,85.79178619384766,6.781779766082764,0,state.PRE_FLIGHT,339,-27,0,-27,0.0,1117,1117,"[10.2, 0.5, 15.9, 10.6, 15.5, 17.0, 0, 0]","[3.638, 3.639, 3.639]",0.187,"[2.9936000000000003, 3.3104, 5.0064, 7.368, 8.4512, 27.8256]","[0.036875, 0.619375, -0.00125, 0.00125, -0.00375, -0.0025]",0,0,29.5,"[1, 1, 1, 1, 1, 1]",87.8612322421067,0.0,0.0,0,0.0
1774904390.5385392,"[0, 0, 0, 0, 0, 0]","[1291, 1500, 1500, 1500]","[-25.08, 0.0, 0.0, 0.0]","[0.0, 0.0, 0.0]",0,1138.6019287109375,0,31.178525161743163,"[42.78564452424, -7.4768066393999995, -8.91113281104]","[0, 0, 0]",0,3,0.0,0.0,1.117,0,0,0,4294967.295,3750000.64,0,28259,0,59.27809524536133,86.05973052978516,4.647993087768555,0,state.PRE_FLIGHT,340,-28,0,-28,0.0,1117,1138,"[10.4, 0.5, 16.5, 10.6, 15.9, 16.5, 0, 0]","[3.638, 3.639, 3.639]",0.187,"[2.9936000000000003, 3.3104, 5.0064, 7.368, 8.4512, 27.8256]","[0.036875, 0.619375, -0.00125, 0.00125, -0.00375, -0.0025]",0,0,29.5,"[1, 1, 1, 1, 1, 1]",87.98820114522785,0.0,0.0,0,0.0
1774904390.5950658,"[0, 0, 0, 0, 0, 0]","[1291, 1500, 1500, 1500]","[-25.08, 0.0, 0.0, 0.0]","[0.0, 0.0, 0.0]",0,1159.4622802734375,0,31.178525161743163,"[40.71044921208, 0.03051757812, 5.06591796792]","[0, 0, 0]",0,3,0.0,0.0,1.152,0,0,0,4294967.295,3750000.64,0,28313,0,59.5636100769043,85.98811340332031,2.2937445640563965,0,state.PRE_FLIGHT,341,-29,0,-29,0.0,1152,1159,"[10.8, 0.5, 16.5, 10.6, 17.0, 17.0, 0, 0]","[3.638, 3.639, 3.639]",0.187,"[2.9968000000000004, 3.3120000000000003, 5.0, 7.3664000000000005, 8.457600000000001, 27.824]","[0.03, 0.6025, 0.00125, -0.000625, -0.005625, 0.005]",0,0,29.5,"[1, 1, 1, 1, 1, 1]",87.96888755066873,0.0,0.0,0,0.0
1774904390.654601,"[0, 0, 0, 0, 0, 0]","[1291, 1500, 1500, 1500]","[-25.08, 0.0, 0.0, 0.0]","[0.0, 0.0, 0.0]",0,1180.2017822265625,0,31.191641006469727,"[16.54052734104, 5.1574707022799995, 10.070800779599999]","[0, 0, 0]",0,3,0.0,0.0,1.152,0,0,0,4294967.295,3750000.64,0,28373,0,59.520263671875,86.06684112548828,0.6128377318382263,0,state.PRE_FLIGHT,342,-32,0,-30,0.0,1152,1180,"[10.4, 0.5, 18.2, 10.6, 15.9, 16.5, 0, 0]","[3.638, 3.639, 3.639]",0.187,"[2.9968000000000004, 3.3120000000000003, 5.0, 7.3664000000000005, 8.457600000000001, 27.824]","[0.03, 0.6025, 0.00125, -0.000625, -0.005625, 0.005]",0,0,29.5,"[1, 1, 1, 1, 1, 1]",88.00613376674336,0.0,0.0,0,0.0
1774904390.7126045,"[0, 0, 0, 0, 0, 0]","[1291, 1500, 1500, 1500]","[-25.08, 0.0, 0.0, 0.0]","[0.0, 0.0, 0.0]",0,1200.82177734375,0,31.169781265258788,"[-16.54052734104, 39.27612304044, 17.15087890344]","[0, 0, 0]",0,3,0.0,0.0,1.187,0,0,0,4294967.295,3750000.64,0,28433,0,59.79522705078125,85.9020767211914,0.778226375579834,0,state.PRE_FLIGHT,343,-36,0,-34,0.0,1187,1200,"[10.4, 0.5, 16.5, 10.8, 15.0, 16.5, 0, 0]","[3.638, 3.639, 3.639]",0.187,"[2.9936000000000003, 3.3104, 5.0048, 7.3632, 8.4352, 27.8288]","[0.034375, 0.614375, -0.00125, -0.000625, -0.00625, 0.00125]",0,0,29.5,"[1, 1, 1, 1, 1, 1]",87.93968106378203,0.0,0.0,0,0.0
1774904390.7731335,"[0, 0, 0, 0, 0, 0]","[1291, 1500, 1500, 1500]","[-25.08, 0.0, 0.0, 0.0]","[0.0, 0.0, 0.0]",0,1221.3240966796875,0,31.200384902954102,"[-40.71044921208, -2.16674804652, 3.93676757748]","[0, 0, 0]",0,3,0.0,0.0,1.221,0,0,0,4294967.295,3750000.64,0,28493,0,60.21211624145508,85.71044158935547,2.70082426071167,0,state.PRE_FLIGHT,344,-41,0,-37,0.0,1221,1221,"[10.4, 0.5, 16.5, 10.6, 15.5, 16.5, 0, 0]","[3.638, 3.639, 3.639]",0.187,"[2.9936000000000003, 3.3104, 5.0048, 7.3632, 8.4352, 27.8288]","[0.034375, 0.614375, -0.00125, -0.000625, -0.00625, 0.00125]",0,0,29.5,"[1, 1, 1, 1, 1, 1]",87.8704883046164,0.0,0.0,0,0.0
1774904390.82814,"[0, 0, 0, 0, 0, 0]","[1291, 1500, 1500, 1500]","[-25.08, 0.0, 0.0, 0.0]","[0.0, 0.0, 0.0]",0,1238.32080078125,0,31.191641006469727,"[-44.189453117759996, 4.36401367116, 7.65991210812]","[0, 0, 0]",0,3,0.0,0.0,1.221,0,0,0,4294967.295,3750000.64,0,28547,0,60.5369758605957,85.50251770019531,5.080883026123047,0,state.PRE_FLIGHT,345,-40,0,-40,0.0,1221,1238,"[10.6, 0.5, 16.5, 10.8, 16.5, 15.5, 0, 0]","[3.638, 3.639, 3.639]",0.187,"[2.9952, 3.3120000000000003, 5.0, 7.3616, 8.4688, 27.824]","[0.0375, 0.25, -0.00125, 0.000625, -0.003125, -0.003125]",0,0,29.5,"[1, 1, 1, 1, 1, 1]",87.78958313343477,0.0,0.0,0,0.0
1774904390.8866885,"[0, 0, 0, 0, 0, 0]","[1291, 1500, 1500, 1500]","[-25.08, 0.0, 0.0, 0.0]","[0.0, 0.0, 0.0]",0,1258.612548828125,0,31.191641006469727,"[-26.42822265192, -4.5471191398799995, 4.48608398364]","[0, 0, 0]",0,3,0.0,0.0,1.255,0,0,0,4294967.295,3750000.64,0,28607,0,60.37253952026367,86.04026794433594,7.214727401733398,0,state.PRE_FLIGHT,346,-39,0,-40,0.0,1255,1258,"[10.4, 0.5, 16.5, 10.2, 15.5, 17.0, 0, 0]","[3.638, 3.639, 3.639]",0.187,"[2.9968000000000004, 3.3120000000000003, 5.0032000000000005, 7.3712, 8.443200000000001, 27.8288]","[0.031875, 0.181875, -0.001875, -0.00625, -0.0025, -0.00375]",0,0,29.5,"[1, 1, 1, 1, 1, 1]",88.04365043271572,0.0,0.0,0,0.0
1774904390.9482052,"[0, 0, 0, 0, 0, 0]","[1291, 1500, 1500, 1500]","[-25.08, 0.0, 0.0, 0.0]","[0.0, 0.0, 0.0]",0,1278.791748046875,0,31.18289710998535,"[5.61523437408, 16.9372558566, 4.48608398364]","[0, 0, 0]",0,3,0.0,0.0,1.255,0,0,0,4294967.295,3750000.64,0,28667,0,60.18913650512695,86.06160736083984,7.708447456359863,0,state.PRE_FLIGHT,347,-42,0,-40,0.0,1255,1278,"[10.4, 0.5, 17.0, 10.6, 15.5, 17.0, 0, 0]","[3.638, 3.639, 3.639]",0.187,"[2.9968000000000004, 3.3120000000000003, 5.0032000000000005, 7.3712, 8.443200000000001, 27.8288]","[0.031875, 0.181875, -0.001875, -0.00625, -0.0025, -0.00375]",0,0,29.5,"[1, 1, 1, 1, 1, 1]",88.04323456635294,0.0,0.0,0,0.0
1774904391.0107548,"[0, 0, 0, 0, 0, 0]","[1291, 1500, 1500, 1500]","[-25.08, 0.0, 0.0, 0.0]","[0.0, 0.0, 0.0]",0,1298.8597412109375,0,31.20475685119629,"[34.66796874432, 10.28442382644, 154.113769506]","[0, 0, 0]",0,3,0.0,0.0,1.288,0,0,0,4294967.295,3750000.64,0,28727,0,61.62319564819336,85.80583190917969,6.295804500579834,0,state.PRE_FLIGHT,348,-41,0,-42,0.0,1288,1298,"[10.4, 0.5, 17.6, 10.6, 15.5, 17.0, 0, 0]","[3.638, 3.639, 3.639]",0.187,"[2.9952, 3.3120000000000003, 5.0016, 7.3632, 8.4464, 27.8288]","[0.03625, 0.22187500000000002, -0.000625, -0.00375, -0.005625, 0.000625]",0,0,29.5,"[1, 1, 1, 1, 1, 1]",88.00802440261212,0.0,0.0,0,0.0
1774904391.061278,"[0, 0, 0, 0, 0, 0]","[1291, 1500, 1500, 1500]","[-25.08, 0.0, 0.0, 0.0]","[0.0, 0.0, 0.0]",0,1318.818603515625,0,31.200384902954102,"[44.89135741452, -5.5236816397199995, -8.5449218736]","[0, 0, 0]",0,3,0.0,0.0,1.288,0,0,0,4294967.295,3750000.64,0,28781,0,61.69343948364258,85.93704986572266,3.959052562713623,0,state.PRE_FLIGHT,349,-42,0,-41,0.0,1288,1318,"[10.4, 0.5, 17.0, 10.4, 15.9, 17.0, 0, 0]","[3.638, 3.639, 3.639]",0.187,"[2.9952, 3.3120000000000003, 5.0016, 7.3632, 8.4464, 27.8288]","[0.03625, 0.22187500000000002, -0.000625, -0.00375, -0.005625, 0.000625]",0,0,29.5,"[1, 1, 1, 1, 1, 1]",88.0746455581571,0.0,0.0,0,0.0
1774904391.1212835,"[0, 0, 0, 0, 0, 0]","[1291, 1500, 1500, 1500]","[-25.08, 0.0, 0.0, 0.0]","[0.0, 0.0, 0.0]",0,1338.6695556640625,0,31.200384902954102,"[30.79223632308, 1.9836425778, 12.87841796664]","[0, 0, 0]",0,3,0.0,0.0,1.322,0,0,0,4294967.295,3750000.64,0,28841,0,61.581153869628906,85.38711547851562,1.6476536989212036,0,state.PRE_FLIGHT,350,-36,0,-34,0.0,1322,1338,"[11.1, 0.5, 16.5, 10.4, 15.9, 17.0, 0, 0]","[3.638, 3.639, 3.639]",0.187,"[2.9952, 3.3104, 5.0048, 7.3616, 8.4512, 27.832]","[0.031875, 0.241875, -0.000625, -0.001875, -0.003125, -0.00375]",0,0,29.5,"[1, 1, 1, 1, 1, 1]",87.80650097113391,0.0,0.0,0,0.0
1774904391.1804533,"[0, 0, 0, 0, 0, 0]","[1291, 1500, 1500, 1500]","[-25.08, 0.0, 0.0, 0.0]","[0.0, 0.0, 0.0]",0,1358.4140625,0,31.18726905822754,"[0.0, 2.5939941402, -4.7912597648399995]","[0, 0, 0]",0,3,0.0,0.0,1.358,0,0,0,4294967.295,3750000.64,0,28901,0,61.49540328979492,86.0230941772461,0.8334399461746216,0,state.PRE_FLIGHT,351,-36,0,-35,0.0,1358,1358,"[10.4, 0.5, 16.5, 10.4, 15.5, 17.0, 0, 0]","[3.638, 3.639, 3.639]",0.187,"[2.9952, 3.3104, 5.0048, 7.3616, 8.4512, 27.832]","[0.031875, 0.241875, -0.000625, -0.001875, -0.003125, -0.00375]",0,0,29.5,"[1, 1, 1, 1, 1, 1]",88.10328131993174,0.0,0.0,0,0.0
1774904391.2434602,"[0, 0, 0, 0, 0, 0]","[1291, 1500, 1500, 1500]","[-25.08, 0.0, 0.0, 0.0]","[0.0, 0.0, 0.0]",0,1378.0538330078125,0,31.196012954711914,"[-30.79223632308, -4.5471191398799995, 21.8200683558]","[0, 0, 0]",0,3,0.0,0.0,1.358,0,0,0,4294967.295,3750000.64,0,28961,0,61.780181884765625,85.7569580078125,1.9555397033691406,0,state.PRE_FLIGHT,352,-35,0,-35,0.0,1358,1378,"[10.4, 0.5, 17.0, 10.8, 15.5, 16.5, 0, 0]","[3.638, 3.639, 3.639]",0.187,"[2.992, 3.3104, 5.0032000000000005, 7.3696, 8.4624, 27.8256]","[0.038125, 0.618125, -0.0025, 0.0, -0.00125, -0.005]",0,0,29.5,"[1, 1, 1, 1, 1, 1]",87.99507816291741,0.0,0.0,0,0.0
1774904391.2979913,"[0, 0, 0, 0, 0, 0]","[1291, 1500, 1500, 1500]","[-25.08, 0.0, 0.0, 0.0]","[0.0, 0.0, 0.0]",0,1394.34130859375,0,31.18726905822754,"[-44.189453117759996, 0.762939453, 12.512207029199999]","[0, 0, 0]",0,3,0.0,0.0,1.387,0,0,0,4294967.295,3750000.64,0,29015,0,62.00626754760742,85.8650894165039,4.096471786499023,0,state.PRE_FLIGHT,353,-34,0,-33,0.0,1387,1394,"[10.6, 0.5, 16.5, 10.8, 15.9, 15.9, 0, 0]","[3.638, 3.639, 3.639]",0.187,"[2.992, 3.3104, 5.0032000000000005, 7.3696, 8.4624, 27.8256]","[0.038125, 0.618125, -0.0025, 0.0, -0.00125, -0.005]",0,0,29.5,"[1, 1, 1, 1, 1, 1]",88.06049032092974,0.0,0.0,0,0.0
1774904391.354674,"[0, 0, 0, 0, 0, 0]","[1291, 1500, 1500, 1500]","[-25.08, 0.0, 0.0, 0.0]","[0.0, 0.0, 0.0]",0,1413.792724609375,0,31.200384902954102,"[-37.9943847594, 3.32641601508, 4.85229492108]","[0, 0, 0]",0,3,0.0,0.0,1.387,0,0,0,4294967.295,3750000.64,0,29075,0,62.346866607666016,85.50985717773438,6.651095390319824,0,state.PRE_FLIGHT,354,-33,0,-33,0.0,1387,1413,"[10.8, 0.5, 17.0, 10.2, 17.0, 15.9, 0, 0]","[3.638, 3.639, 3.639]",0.187,"[2.9968000000000004, 3.3120000000000003, 5.0016, 7.364800000000001, 8.443200000000001, 27.8288]","[0.033125, 0.62625, -0.000625, -0.00125, -0.000625, -0.00125]",0,0,29.5,"[1, 1, 1, 1, 1, 1]",87.91771952883433,0.0,0.0,0,0.0
1774904391.4146729,"[0, 0, 0, 0, 0, 0]","[1291, 1500, 1500, 1500]","[-25.08, 0.0, 0.0, 0.0]","[0.0, 0.0, 0.0]",0,1433.1431884765625,0,31.209128799438478,"[-11.16943359192, -13.21411132596, -10.58959960764]","[0, 0, 0]",0,3,0.0,0.0,1.42,0,0,0,4294967.295,3750000.64,0,29135,0,62.33340072631836,85.80345153808594,8.063760757446289,0,state.PRE_FLIGHT,355,-33,0,-32,0.0,1420,1433,"[10.6, 0.5, 16.5, 10.6, 15.0, 15.9, 0, 0]","[3.638, 3.639, 3.639]",0.187,"[2.9968000000000004, 3.3120000000000003, 5.0016, 7.364800000000001, 8.443200000000001, 27.8288]","[0.033125, 0.62625, -0.000625, -0.00125, -0.000625, -0.00125]",0,0,29.5,"[1, 1, 1, 1, 1, 1]",88.0528011211265,0.0,0.0,0,0.0
1774904391.4752119,"[0, 0, 0, 0, 0, 0]","[1291, 1500, 1500, 1500]","[-25.08, 0.0, 0.0, 0.0]","[0.0, 0.0, 0.0]",0,1452.394287109375,0,31.200384902954102,"[21.6674804652, 8.6975097642, -1.64794921848]","[0, 0, 0]",0,3,0.0,0.0,1.452,0,0,0,4294967.295,3750000.64,0,29195,0,62.284507751464844,86.32837677001953,7.5699968338012695,0,state.PRE_FLIGHT,356,-33,0,-32,0.0,1452,1452,"[10.8, 0.5, 16.5, 10.6, 16.5, 17.0, 0, 0]","[3.638, 3.639, 3.639]",0.187,"[2.9968000000000004, 3.3120000000000003, 5.0016, 7.3616, 8.4528, 27.824]","[0.031875, 0.62375, 0.001875, 0.00375, -0.003125, -0.00375]",0,0,29.5,"[1, 1, 1, 1, 1, 1]",88.29331230937775,0.0,0.0,0,0.0
1774904391.5307283,"[0, 0, 0, 0, 0, 0]","[1291, 1500, 1500, 1500]","[-25.08, 0.0, 0.0, 0.0]","[0.0, 0.0, 0.0]",0,1468.361328125,0,31.222244644165038,"[40.71044921208, 4.36401367116, 1.31225585916]","[0, 0, 0]",0,3,0.0,0.0,1.452,0,0,0,4294967.295,3750000.64,0,29249,0,62.276702880859375,86.07626342773438,5.76008415222168,0,state.PRE_FLIGHT,357,-33,0,-32,0.0,1452,1468,"[10.4, 0.5, 16.5, 10.8, 16.5, 17.0, 0, 0]","[3.638, 3.639, 3.639]",0.187,"[2.9968000000000004, 3.3120000000000003, 5.0016, 7.3616, 8.4528, 27.824]","[0.031875, 0.62375, 0.001875, 0.00375, -0.003125, -0.00375]",0,0,29.5,"[1, 1, 1, 1, 1, 1]",88.17578804931802,0.0,0.0,0,0.0
1774904391.5922687,"[0, 0, 0, 0, 0, 0]","[1291, 1500, 1500, 1500]","[-25.08, 0.0, 0.0, 0.0]","[0.0, 0.0, 0.0]",0,1487.433837890625,0,31.21787269592285,"[42.78564452424, 2.16674804652, -4.08935546808]","[0, 0, 0]",0,3,0.0,0.0,1.484,0,0,0,4294967.295,3750000.64,0,29309,0,62.415889739990234,85.64285278320312,3.1227543354034424,0,state.PRE_FLIGHT,358,-32,0,-32,0.0,1484,1487,"[10.6, 0.5, 16.5, 10.6, 15.9, 17.6, 0, 0]","[3.638, 3.639, 3.639]",0.187,"[2.9952, 3.3120000000000003, 5.0032000000000005, 7.364800000000001, 8.4368, 27.8256]","[0.036875, 0.225625, 0.00125, -0.00375, -0.001875, -0.000625]",0,0,29.5,"[1, 1, 1, 1, 1, 1]",87.98394998672518,0.0,0.0,0,0.0
1774904391.65081,"[0, 0, 0, 0, 0, 0]","[1291, 1500, 1500, 1500]","[-25.08, 0.0, 0.0, 0.0]","[0.0, 0.0, 0.0]",0,1506.40966796875,0,31.21787269592285,"[21.6674804652, -0.57983398428, -6.1340332021199995]","[0, 0, 0]",0,3,0.0,0.0,1.484,0,0,0,4294967.295,3750000.64,0,29369,0,61.99991989135742,85.99259185791016,1.2001556158065796,0,state.PRE_FLIGHT,359,-32,0,-32,0.0,1484,1506,"[10.8, 0.5, 17.0, 10.4, 15.9, 16.5, 0, 0]","[3.638, 3.639, 3.639]",0.187,"[2.9968000000000004, 3.3136, 5.0, 7.368, 8.4544, 27.8272]","[0.03, 0.21937500000000001, -0.003125, -0.001875, -0.003125, -0.00375]",0,0,29.5,"[1, 1, 1, 1, 1, 1]",88.11982701925112,0.0,0.0,0,0.0
1774904391.71381,"[0, 0, 0, 0, 0, 0]","[1291, 1500, 1500, 1500]","[-25.08, 0.0, 0.0, 0.0]","[0.0, 0.0, 0.0]",0,1525.290771484375,0,31.20475685119629,"[-44.98291014888, 2.5939941402, -4.63867187424]","[0, 0, 0]",0,3,0.0,0.0,1.515,0,0,0,4294967.295,3750000.64,0,29429,0,62.007511138916016,85.95352172851562,2.2163689136505127,0,state.PRE_FLIGHT,360,-33,0,-227,0.0,1515,1525,"[10.8, 0.5, 15.9, 10.2, 15.5, 15.9, 0, 0]","[3.638, 3.639, 3.639]",0.187,"[2.9968000000000004, 3.3136, 5.0, 7.368, 8.4544, 27.8272]","[0.03, 0.21937500000000001, -0.003125, -0.001875, -0.003125, -0.00375]",0,0,29.5,"[1, 1, 1, 1, 1, 1]",88.10199324391237,0.0,0.0,0,0.0
1774904391.765339,"[0, 0, 0, 0, 0, 0]","[1291, 1500, 1500, 1500]","[-25.08, 0.0, 0.0, 0.0]","[0.0, 0.0, 0.0]",0,1544.0782470703125,0,31.2353604888916,"[-44.98291014888, -6.8664550769999995, -5.7678222646799995]","[0, 0, 0]",0,3,0.0,0.0,1.515,0,0,0,4294967.295,3750000.64,0,29483,0,62.19084548950195,86.06723022460938,4.645445823669434,0,state.PRE_FLIGHT,361,-33,0,-32,0.0,1515,1544,"[10.8, 0.5, 16.5, 10.4, 15.0, 15.5, 0, 0]","[3.638, 3.639, 3.639]",0.187,"[2.9968000000000004, 3.3120000000000003, 5.0032000000000005, 7.364800000000001, 8.4336, 27.8288]","[0.03, 0.25, -0.00625, -0.005625, 0.001875, 0.000625]",0,0,29.5,"[1, 1, 1, 1, 1, 1]",88.16638029880424,0.0,0.0,0,0.0
1774904391.8233442,"[0, 0, 0, 0, 0, 0]","[1291, 1500, 1500, 1500]","[-25.08, 0.0, 0.0, 0.0]","[0.0, 0.0, 0.0]",0,1562.7734375,0,31.226616592407225,"[-44.98291014888, -6.8664550769999995, 7.1105957019599995]","[0, 0, 0]",0,3,0.0,0.0,1.547,0,0,0,4294967.295,3750000.64,0,29543,0,62.28178787231445,86.0275650024414,7.344420433044434,0,state.PRE_FLIGHT,362,-32,0,-32,0.0,1547,1562,"[10.6, 0.5, 16.5, 10.2, 15.9, 17.0, 0, 0]","[3.638, 3.639, 3.639]",0.187,"[2.9968000000000004, 3.3120000000000003, 5.0032000000000005, 7.364800000000001, 8.4336, 27.8288]","[0.03, 0.25, -0.00625, -0.005625, 0.001875, 0.000625]",0,0,29.5,"[1, 1, 1, 1, 1, 1]",88.15348760531704,0.0,0.0,0,0.0
1774904391.885975,"[0, 0, 0, 0, 0, 0]","[1291, 1500, 1500, 1500]","[-25.08, 0.0, 0.0, 0.0]","[0.0, 0.0, 0.0]",0,1581.37744140625,0,31.230988540649413,"[-44.98291014888, -1.55639648412, -5.37109374912]","[0, 0, 0]",0,3,0.0,0.0,1.578,0,0,0,4294967.295,3750000.64,0,29603,0,62.229007720947266,86.29244232177734,10.043395042419434,0,state.PRE_FLIGHT,363,-30,0,-31,0.0,1578,1581,"[10.6, 0.5, 15.5, 10.6, 15.9, 17.0, 0, 0]","[3.638, 3.639, 3.639]",0.187,"[2.9952, 3.3136, 5.0032000000000005, 7.3632, 8.4672, 27.8256]","[0.035, 0.24875, -0.0025, -0.0025, -0.00125, -0.0025]",0,0,29.5,"[1, 1, 1, 1, 1, 1]",88.27344930478294,0.0,0.0,0,0.0
1774904391.9429836,"[0, 0, 0, 0, 0, 0]","[1291, 1500, 1500, 1500]","[-25.08, 0.0, 0.0, 0.0]","[0.0, 0.0, 0.0]",0,1599.890869140625,0,31.222244644165038,"[-44.98291014888, -3.14331054636, -6.68334960828]","[0, 0, 0]",0,3,0.0,0.0,1.578,0,0,0,4294967.295,3750000.64,0,29663,0,62.13164520263672,86.45906829833984,12.742369651794434,0,state.PRE_FLIGHT,364,-30,0,-29,0.0,1578,1599,"[10.0, 0.5, 15.9, 10.2, 15.5, 16.5, 0, 0]","[3.638, 3.639, 3.639]",0.187,"[2.9952, 3.3136, 5.0032000000000005, 7.3632, 8.4672, 27.8256]","[0.035, 0.24875, -0.0025, -0.0025, -0.00125, -0.0025]",0,0,29.5,"[1, 1, 1, 1, 1, 1]",88.34564467505639,0.0,0.0,0,0.0
1774904391.9970508,"[0, 0, 0, 0, 0, 0]","[1291, 1500, 1500, 1500]","[-25.08, 0.0, 0.0, 0.0]","[0.0, 0.0, 0.0]",0,1615.2506103515625,0,31.248476333618164,"[-44.98291014888, 5.5236816397199995, 4.48608398364]","[0, 0, 0]",0,3,0.0,0.0,1.609,0,0,0,4294967.295,3750000.896,0,29717,0,62.26040267944336,86.62646484375,15.171446800231934,0,state.PRE_FLIGHT,365,-29,0,-29,0.0,1609,1615,"[10.8, 0.5, 15.9, 10.6, 15.5, 17.0, 0, 0]","[3.638, 3.639, 3.639]",0.187,"[2.9984, 3.3152000000000004, 5.0032000000000005, 7.364800000000001, 8.443200000000001, 27.8288]","[0.033125, 0.6175, 0.00125, 0.0025, 0.00125, -0.004375]",0,0,29.5,"[1, 1, 1, 1, 1, 1]",88.43048595756002,0.0,0.0,0,0.0
1774904392.0575905,"[0, 0, 0, 0, 0, 0]","[1291, 1500, 1500, 1500]","[-25.08, 0.0, 0.0, 0.0]","[0.0, 0.0, 0.0]",0,1633.6019287109375,0,31.25722023010254,"[-44.98291014888, -1.92260742156, -6.8664550769999995]","[0, 0, 0]",0,3,0.0,0.0,1.609,0,0,0,4294967.295,3750000.896,0,29777,0,62.146244049072266,86.78699493408203,17.870420455932617,0,state.PRE_FLIGHT,366,-29,0,-28,0.0,1609,1633,"[10.8, 0.5, 17.0, 10.6, 15.9, 17.0, 0, 0]","[3.638, 3.639, 3.639]",0.187,"[2.9984, 3.3152000000000004, 5.0032000000000005, 7.364800000000001, 8.443200000000001, 27.8288]","[0.033125, 0.6175, 0.00125, 0.0025, 0.00125, -0.004375]",0,0,29.5,"[1, 1, 1, 1, 1, 1]",88.49944658184722,0.0,0.0,0,0.0
1774904392.1175818,"[0, 0, 0, 0, 0, 0]","[1291, 1500, 1500, 1500]","[-25.08, 0.0, 0.0, 0.0]","[0.0, 0.0, 0.0]",0,1651.865966796875,0,31.248476333618164,"[-44.98291014888, 2.77709960892, -2.22778320276]","[0, 0, 0]",0,3,0.0,0.0,1.639,0,0,0,4294967.295,3750000.896,0,29837,0,61.89942169189453,86.6685562133789,20.56934928894043,0,state.PRE_FLIGHT,367,-31,0,-30,0.0,1639,1651,"[10.4, 0.5, 16.5, 10.8, 15.5, 15.9, 0, 0]","[3.638, 3.639, 3.639]",0.187,"[2.9936000000000003, 3.3136, 5.0048, 7.3664000000000005, 8.4496, 27.8288]","[0.03375, 0.615, -0.000625, 0.001875, -0.001875, 0.00375]",0,0,29.5,"[1, 1, 1, 1, 1, 1]",88.43150886468177,0.0,0.0,0,0.0
1774904392.1771228,"[0, 0, 0, 0, 0, 0]","[1291, 1500, 1500, 1500]","[-25.08, 0.0, 0.0, 0.0]","[0.0, 0.0, 0.0]",0,1670.0445556640625,0,31.248476333618164,"[-44.98291014888, -18.89038085628, 3.57055664004]","[0, 0, 0]",0,3,0.0,0.0,1.67,0,0,0,4294967.295,3750000.896,0,29897,0,61.87833786010742,86.96150207519531,23.268367767333984,0,state.PRE_FLIGHT,368,-30,0,-30,0.0,1670,1670,"[10.2, 0.5, 15.5, 10.8, 15.5, 17.0, 0, 0]","[3.638, 3.639, 3.639]",0.187,"[2.9936000000000003, 3.3136, 5.0048, 7.3664000000000005, 8.4496, 27.8288]","[0.03375, 0.615, -0.000625, 0.001875, -0.001875, 0.00375]",0,0,29.5,"[1, 1, 1, 1, 1, 1]",88.56834034360149,0.0,0.0,0,0.0
1774904392.2311196,"[0, 0, 0, 0, 0, 0]","[1291, 1500, 1500, 1500]","[-25.08, 0.0, 0.0, 0.0]","[0.0, 0.0, 0.0]",0,1688.1373291015625,0,31.25722023010254,"[-44.98291014888, 0.39672851556, 0.94604492172]","[0, 0, 0]",0,3,0.0,0.0,1.67,0,0,0,4294967.295,3750000.896,0,29951,0,61.88777160644531,87.05638885498047,25.697444915771484,0,state.PRE_FLIGHT,369,-30,0,-30,0.0,1670,1688,"[10.6, 0.5, 17.0, 10.4, 15.9, 16.5, 0, 0]","[3.638, 3.639, 3.639]",0.187,"[2.9952, 3.3104, 5.0, 7.36, 8.448, 27.824]","[0.035, 0.228125, 0.000625, -0.005, -0.000625, -0.005]",0,0,29.5,"[1, 1, 1, 1, 1, 1]",88.61344477514982,0.0,0.0,0,0.0
1774904392.2936552,"[0, 0, 0, 0, 0, 0]","[1291, 1500, 1500, 1500]","[-25.08, 0.0, 0.0, 0.0]","[0.0, 0.0, 0.0]",0,1706.145751953125,0,31.25722023010254,"[-44.98291014888, -16.9372558566, -12.63427734168]","[0, 0, 0]",0,3,0.0,0.0,1.7,0,0,0,4294967.295,3750000.896,0,30011,0,61.820335388183594,87.4891357421875,28.396419525146484,0,state.PRE_FLIGHT,370,-32,0,-31,0.0,1700,1706,"[10.4, 0.5, 17.6, 10.8, 17.0, 17.0, 0, 0]","[3.638, 3.639, 3.639]",0.187,"[2.9952, 3.3104, 5.0, 7.36, 8.448, 27.824]","[0.035, 0.228125, 0.000625, -0.005, -0.000625, -0.005]",0,0,29.5,"[1, 1, 1, 1, 1, 1]",88.81456953870293,0.0,0.0,0,0.0
1774904392.354183,"[0, 0, 0, 0, 0, 0]","[1291, 1500, 1500, 1500]","[-25.08, 0.0, 0.0, 0.0]","[0.0, 0.0, 0.0]",0,1724.0703125,0,31.265964126586915,"[-44.98291014888, -8.6975097642, -6.1340332021199995]","[0, 0, 0]",0,3,0.0,0.0,1.7,0,0,0,4294967.295,3750000.896,0,30071,0,61.76543426513672,88.06221771240234,31.095348358154297,0,state.PRE_FLIGHT,371,-30,0,-30,0.0,1700,1724,"[10.6, 0.5, 16.5, 10.8, 15.5, 17.0, 0, 0]","[3.638, 3.639, 3.639]",0.187,"[2.9936000000000003, 3.3136, 5.0048, 7.368, 8.4336, 27.8272]","[0.035, 0.23875000000000002, -0.001875, -0.001875, -0.004375, -0.003125]",0,0,29.5,"[1, 1, 1, 1, 1, 1]",89.08340504794572,0.0,0.0,0,0.0
1774904392.4103107,"[0, 0, 0, 0, 0, 0]","[1291, 1500, 1500, 1500]","[-25.08, 0.0, 0.0, 0.0]","[0.0, 0.0, 0.0]",0,1741.911376953125,0,31.265964126586915,"[-44.98291014888, 12.42065429484, 0.762939453]","[0, 0, 0]",0,3,0.0,0.0,1.733,0,0,0,4294967.295,3750000.896,0,30131,0,61.59543991088867,87.86629486083984,33.794368743896484,0,state.PRE_FLIGHT,372,-30,0,-29,0.0,1733,1741,"[10.6, 0.5, 16.5, 10.6, 15.5, 17.6, 0, 0]","[3.638, 3.639, 3.639]",0.187,"[2.9968000000000004, 3.3136, 5.0032000000000005, 7.364800000000001, 8.4656, 27.8256]","[0.030625, 0.2175, -0.0025, -0.004375, -0.0025, 0.001875]",0,0,29.5,"[1, 1, 1, 1, 1, 1]",88.98519033270318,0.0,0.0,0,0.0
1774904392.4648592,"[0, 0, 0, 0, 0, 0]","[1291, 1500, 1500, 1500]","[-25.08, 0.0, 0.0, 0.0]","[0.0, 0.0, 0.0]",0,1756.7156982421875,0,31.265964126586915,"[-44.98291014888, 5.70678710844, -6.8664550769999995]","[0, 0, 0]",0,3,0.0,0.0,1.733,0,0,0,4294967.295,3750000.896,0,30185,0,61.73207473754883,87.33700561523438,36.22353744506836,0,state.PRE_FLIGHT,373,-30,0,-30,0.0,1733,1756,"[10.6, 0.5, 17.0, 10.6, 17.0, 16.5, 0, 0]","[3.638, 3.639, 3.639]",0.187,"[2.9968000000000004, 3.3136, 5.0032000000000005, 7.364800000000001, 8.4656, 27.8256]","[0.030625, 0.2175, -0.0025, -0.004375, -0.0025, 0.001875]",0,0,29.5,"[1, 1, 1, 1, 1, 1]",88.73917081191544,0.0,0.0,0,0.0
1774904392.529407,"[0, 0, 0, 0, 0, 0]","[1291, 1500, 1500, 1500]","[-25.08, 0.0, 0.0, 0.0]","[0.0, 0.0, 0.0]",0,1774.4052734375,0,31.270336074829103,"[-44.98291014888, -8.0871582018, -30.15136718256]","[0, 0, 0]",0,3,0.0,0.0,1.759,0,0,0,4294967.295,3750000.896,0,30245,0,61.63473892211914,87.35838317871094,38.922420501708984,0,state.PRE_FLIGHT,374,-30,0,-30,0.0,1759,1774,"[10.4, 0.5, 16.5, 10.6, 15.9, 15.9, 0, 0]","[3.638, 3.639, 3.639]",0.187,"[2.9952, 3.3120000000000003, 5.0032000000000005, 7.364800000000001, 8.4656, 27.8272]","[0.035625000000000004, 0.23500000000000001, -0.0025, -0.004375, -0.004375, 0.00125]",0,0,29.5,"[1, 1, 1, 1, 1, 1]",88.74533649785624,0.0,0.0,0,0.0
1774904392.584923,"[0, 0, 0, 0, 0, 0]","[1291, 1500, 1500, 1500]","[-25.08, 0.0, 0.0, 0.0]","[0.0, 0.0, 0.0]",0,1792.012939453125,0,31.279079971313475,"[-44.98291014888, 14.8010253882, 24.99389648028]","[0, 0, 0]",0,3,0.0,0.0,1.789,0,0,0,4294967.295,3750000.896,0,30305,0,61.97929382324219,87.4877700805664,41.621395111083984,0,state.PRE_FLIGHT,375,-30,0,-30,0.0,1789,1792,"[10.6, 0.5, 16.5, 10.6, 16.5, 17.0, 0, 0]","[3.638, 3.639, 3.639]",0.187,"[2.9952, 3.3120000000000003, 5.0032000000000005, 7.364800000000001, 8.4656, 27.8272]","[0.035625000000000004, 0.23500000000000001, -0.0025, -0.004375, -0.004375, 0.00125]",0,0,29.5,"[1, 1, 1, 1, 1, 1]",88.82007267889851,0.0,0.0,0,0.0
1774904392.644936,"[0, 0, 0, 0, 0, 0]","[1291, 1500, 1500, 1500]","[-25.08, 0.0, 0.0, 0.0]","[0.0, 0.0, 0.0]",0,1809.5394287109375,0,31.296567764282226,"[-44.98291014888, -1.55639648412, -7.04956054572]","[0, 0, 0]",0,3,0.0,0.0,1.789,0,0,0,4294967.295,3750000.896,0,30365,0,62.38667297363281,87.02576446533203,44.320369720458984,0,state.PRE_FLIGHT,376,-30,0,-29,0.0,1789,1809,"[10.8, 0.5, 17.0, 10.6, 15.0, 16.5, 0, 0]","[3.638, 3.639, 3.639]",0.187,"[2.9952, 3.3104, 5.0032000000000005, 7.3632, 8.441600000000001, 27.8304]","[0.034375, 0.28125, -0.00125, -0.003125, -0.00375, 0.0]",0,0,29.5,"[1, 1, 1, 1, 1, 1]",88.62192160344733,0.0,0.0,0,0.0
1774904392.703469,"[0, 0, 0, 0, 0, 0]","[1291, 1500, 1500, 1500]","[-25.08, 0.0, 0.0, 0.0]","[0.0, 0.0, 0.0]",0,1824.0831298828125,0,31.279079971313475,"[-44.98291014888, 1.9836425778, 1.92260742156]","[0, 0, 0]",0,3,0.0,0.0,1.818,0,0,0,4294967.295,3750000.896,0,30419,0,62.137752532958984,86.77406311035156,46.749446868896484,0,state.PRE_FLIGHT,377,-30,0,-29,0.0,1818,1824,"[10.6, 0.5, 16.5, 10.0, 17.0, 15.9, 0, 0]","[3.638, 3.639, 3.639]",0.187,"[2.9952, 3.3104, 5.0032000000000005, 7.3632, 8.441600000000001, 27.8304]","[0.034375, 0.28125, -0.00125, -0.003125, -0.00375, 0.0]",0,0,29.5,"[1, 1, 1, 1, 1, 1]",88.49298946545431,0.0,0.0,0,0.0
1774904392.7620068,"[0, 0, 0, 0, 0, 0]","[1291, 1500, 1500, 1500]","[-25.08, 0.0, 0.0, 0.0]","[0.0, 0.0, 0.0]",0,1841.4617919921875,0,31.300939712524414,"[-44.98291014888, -10.2233886702, 0.39672851556]","[0, 0, 0]",0,3,0.0,0.0,1.818,0,0,0,4294967.295,3750000.896,0,30479,0,62.04434585571289,87.03776550292969,49.448421478271484,0,state.PRE_FLIGHT,378,-29,0,-29,0.0,1818,1841,"[10.6, 0.5, 15.9, 10.8, 15.9, 16.5, 0, 0]","[3.638, 3.639, 3.639]",0.187,"[2.9936000000000003, 3.3120000000000003, 5.0048, 7.3696, 8.4352, 27.8256]","[0.029375000000000002, 0.6175, -0.0025, 0.0, -0.0025, -0.0025]",0,0,29.5,"[1, 1, 1, 1, 1, 1]",88.61182265347803,0.0,0.0,0,0.0
1774904392.8190048,"[0, 0, 0, 0, 0, 0]","[1291, 1500, 1500, 1500]","[-25.08, 0.0, 0.0, 0.0]","[0.0, 0.0, 0.0]",0,1858.760986328125,0,31.305311660766602,"[-44.98291014888, 1.19018554668, 5.98144531152]","[0, 0, 0]",0,3,0.0,0.0,1.847,0,0,0,4294967.295,3750000.896,0,30539,0,62.12001037597656,87.0981674194336,52.147396087646484,0,state.PRE_FLIGHT,379,-27,0,-27,0.0,1847,1858,"[10.4, 0.5, 17.0, 10.6, 16.5, 17.0, 0, 0]","[3.638, 3.639, 3.639]",0.187,"[2.9936000000000003, 3.3120000000000003, 5.0048, 7.3696, 8.4352, 27.8256]","[0.029375000000000002, 0.6175, -0.0025, 0.0, -0.0025, -0.0025]",0,0,29.5,"[1, 1, 1, 1, 1, 1]",88.64349507845596,0.0,0.0,0,0.0
1774904392.8791678,"[0, 0, 0, 0, 0, 0]","[1291, 1500, 1500, 1500]","[-25.08, 0.0, 0.0, 0.0]","[0.0, 0.0, 0.0]",0,1875.9808349609375,0,31.305311660766602,"[-44.98291014888, -6.31713867084, -7.99560546744]","[0, 0, 0]",0,3,0.0,0.0,1.875,0,0,0,4294967.295,3750000.896,0,30599,0,62.164306640625,87.1646728515625,54.846370697021484,0,state.PRE_FLIGHT,380,-27,0,-26,0.0,1875,1875,"[10.6, 0.5, 17.0, 10.6, 15.9, 16.5, 0, 0]","[3.638, 3.639, 3.639]",0.187,"[2.9984, 3.3104, 5.0048, 7.3616, 8.4352, 27.8272]","[0.033125, 0.593125, -0.00625, 0.000625, 0.001875, 0.0]",0,0,29.5,"[1, 1, 1, 1, 1, 1]",88.6765016893645,0.0,0.0,0,0.0
1774904392.9331672,"[0, 0, 0, 0, 0, 0]","[1291, 1500, 1500, 1500]","[-25.08, 0.0, 0.0, 0.0]","[0.0, 0.0, 0.0]",0,1893.121826171875,0,31.300939712524414,"[-44.98291014888, -5.340576171, 11.38305663876]","[0, 0, 0]",0,3,0.0,0.0,1.875,0,0,0,4294967.295,3750000.896,0,30653,0,62.00556945800781,87.43748474121094,57.275447845458984,0,state.PRE_FLIGHT,381,-29,0,-28,0.0,1875,1893,"[11.1, 0.5, 16.5, 10.6, 16.5, 17.0, 0, 0]","[3.638, 3.639, 3.639]",0.187,"[2.9984, 3.3104, 5.0048, 7.3616, 8.4352, 27.8272]","[0.033125, 0.593125, -0.00625, 0.000625, 0.001875, 0.0]",0,0,29.5,"[1, 1, 1, 1, 1, 1]",88.79750456897608,0.0,0.0,0,0.0
1774904392.9952292,"[0, 0, 0, 0, 0, 0]","[1291, 1500, 1500, 1500]","[-25.08, 0.0, 0.0, 0.0]","[0.0, 0.0, 0.0]",0,1910.1846923828125,0,31.30968360900879,"[-44.98291014888, -0.39672851556, -4.82177734296]","[0, 0, 0]",0,3,0.0,0.0,1.904,0,0,0,4294967.295,3750000.896,0,30713,0,62.01218032836914,87.5180435180664,59.974422454833984,0,state.PRE_FLIGHT,382,-28,0,-28,0.0,1904,1910,"[10.6, 0.5, 17.0, 11.1, 15.9, 16.5, 0, 0]","[3.638, 3.639, 3.639]",0.187,"[2.9968000000000004, 3.3120000000000003, 5.0016, 7.3632, 8.440000000000001, 27.8288]","[0.02875, 0.51875, -0.003125, 0.000625, -0.004375, 0.0025]",0,0,29.5,"[1, 1, 1, 1, 1, 1]",88.83554198150493,0.0,0.0,0,0.0
1774904393.0527403,"[0, 0, 0, 0, 0, 0]","[1291, 1500, 1500, 1500]","[-25.08, 0.0, 0.0, 0.0]","[0.0, 0.0, 0.0]",0,1927.1695556640625,0,31.318427505493165,"[-44.98291014888, 3.93676757748, 7.8430175768399994]","[0, 0, 0]",0,3,0.0,0.0,1.904,0,0,0,4294967.295,3750000.896,0,30773,0,62.02652359008789,87.3978042602539,62.673397064208984,0,state.PRE_FLIGHT,383,-27,0,-27,0.0,1904,1927,"[10.6, 0.5, 16.5, 10.4, 15.9, 17.0, 0, 0]","[3.638, 3.639, 3.639]",0.187,"[2.9968000000000004, 3.3120000000000003, 5.0016, 7.3632, 8.440000000000001, 27.8288]","[0.02875, 0.51875, -0.003125, 0.000625, -0.004375, 0.0025]",0,0,29.5,"[1, 1, 1, 1, 1, 1]",88.77973417245794,0.0,0.0,0,0.0
1774904393.113742,"[0, 0, 0, 0, 0, 0]","[1291, 1500, 1500, 1500]","[-25.08, 0.0, 0.0, 0.0]","[0.0, 0.0, 0.0]",0,1944.0770263671875,0,31.305311660766602,"[-44.98291014888, -5.09643554604, -1.46484374976]","[0, 0, 0]",0,3,0.0,0.0,1.932,0,0,0,4294967.295,3750000.896,0,30833,0,62.17696762084961,87.34466552734375,65.37232971191406,0,state.PRE_FLIGHT,384,-27,0,-27,0.0,1932,1944,"[10.4, 0.5, 16.5, 10.4, 15.5, 17.0, 0, 0]","[3.638, 3.639, 3.639]",0.187,"[2.9952, 3.3136, 5.0016, 7.3664000000000005, 8.4672, 27.8272]","[0.03375, 0.259375, -0.000625, 0.000625, -0.0025, -0.003125]",0,0,29.5,"[1, 1, 1, 1, 1, 1]",88.76099039244525,0.0,0.0,0,0.0
1774904393.1692667,"[0, 0, 0, 0, 0, 0]","[1291, 1500, 1500, 1500]","[-25.08, 0.0, 0.0, 0.0]","[0.0, 0.0, 0.0]",0,1958.1083984375,0,31.314055557250978,"[-44.98291014888, 1.00708007796, 16.784667966]","[0, 0, 0]",0,3,0.0,0.0,1.932,0,0,0,4294967.295,3750000.896,0,30887,0,62.690853118896484,87.52959442138672,67.80158996582031,0,state.PRE_FLIGHT,385,-29,0,-28,0.0,1932,1958,"[10.6, 0.5, 15.9, 10.8, 15.5, 17.0, 0, 0]","[3.638, 3.639, 3.639]",0.187,"[2.9952, 3.3120000000000003, 5.0016, 7.364800000000001, 8.4512, 27.8272]","[0.033125, 0.2475, 0.000625, -0.00125, -0.001875, -0.0025]",0,0,29.5,"[1, 1, 1, 1, 1, 1]",88.86687641983912,0.0,0.0,0,0.0
1774904393.229265,"[0, 0, 0, 0, 0, 0]","[1291, 1500, 1500, 1500]","[-25.08, 0.0, 0.0, 0.0]","[0.0, 0.0, 0.0]",0,1974.8753662109375,0,31.335915298461913,"[-44.98291014888, -11.99340820116, -4.08935546808]","[0, 0, 0]",0,3,0.0,0.0,1.96,0,0,0,4294967.295,3750000.896,0,30947,0,62.7381706237793,87.86406707763672,70.50042724609375,0,state.PRE_FLIGHT,386,-30,0,-29,0.0,1960,1974,"[11.1, 0.5, 15.5, 10.4, 16.5, 17.6, 0, 0]","[3.638, 3.639, 3.639]",0.187,"[2.9952, 3.3120000000000003, 5.0016, 7.364800000000001, 8.4512, 27.8272]","[0.033125, 0.2475, 0.000625, -0.00125, -0.001875, -0.0025]",0,0,29.5,"[1, 1, 1, 1, 1, 1]",89.02179908279209,0.0,0.0,0,0.0
1774904393.2867968,"[0, 0, 0, 0, 0, 0]","[1291, 1500, 1500, 1500]","[-25.08, 0.0, 0.0, 0.0]","[0.0, 0.0, 0.0]",0,1991.566650390625,0,31.327171401977537,"[-44.98291014888, 2.5939941402, 4.48608398364]","[0, 0, 0]",0,3,0.0,0.0,1.988,0,0,0,4294967.295,3750000.896,0,31007,0,62.89448547363281,87.89087677001953,73.19940185546875,0,state.PRE_FLIGHT,387,-29,0,-30,0.0,1988,1991,"[10.6, 0.5, 17.0, 10.4, 16.5, 16.5, 0, 0]","[3.638, 3.639, 3.639]",0.187,"[2.9968000000000004, 3.3120000000000003, 5.0048, 7.3584000000000005, 8.427200000000001, 27.832]","[0.031875, 0.24875, -0.00125, -0.003125, -0.001875, -0.004375]",0,0,29.5,"[1, 1, 1, 1, 1, 1]",89.0391909344657,0.0,0.0,0,0.0
1774904393.346812,"[0, 0, 0, 0, 0, 0]","[1291, 1500, 1500, 1500]","[-25.08, 0.0, 0.0, 0.0]","[0.0, 0.0, 0.0]",0,2008.18212890625,0,31.3402872467041,"[-44.98291014888, 5.340576171, -5.7678222646799995]","[0, 0, 0]",0,3,0.0,0.0,1.988,0,0,0,4294967.295,3750000.896,0,31067,0,62.881046295166016,87.82311248779297,75.89837646484375,0,state.PRE_FLIGHT,388,-29,0,-28,0.0,1988,2008,"[10.4, 0.5, 17.0, 10.6, 15.5, 17.6, 0, 0]","[3.638, 3.639, 3.639]",0.187,"[2.9968000000000004, 3.3120000000000003, 5.0048, 7.3584000000000005, 8.427200000000001, 27.832]","[0.031875, 0.24875, -0.00125, -0.003125, -0.001875, -0.004375]",0,0,29.5,"[1, 1, 1, 1, 1, 1]",89.00787811395864,0.0,0.0,0,0.0
1774904393.4044755,"[0, 0, 0, 0, 0, 0]","[1291, 1500, 1500, 1500]","[-25.08, 0.0, 0.0, 0.0]","[0.0, 0.0, 0.0]",0,2024.722900390625,0,31.349031143188476,"[-44.98291014888, 11.01684570132, -12.08496093552]","[0, 0, 0]",0,3,0.0,0.0,2.016,0,0,0,4294967.295,3750000.896,0,31121,0,63.06309127807617,87.53471374511719,78.32745361328125,0,state.PRE_FLIGHT,389,-29,0,-29,0.0,2016,2024,"[10.2, 0.5, 15.5, 10.6, 15.5, 16.5, 0, 0]","[3.638, 3.639, 3.639]",0.187,"[2.9968000000000004, 3.3120000000000003, 5.0016, 7.368, 8.4352, 27.8272]","[0.033125, 0.58625, 0.000625, 0.000625, -0.0025, -0.000625]",0,0,29.5,"[1, 1, 1, 1, 1, 1]",88.88347681302534,0.0,0.0,0,0.0
1774904393.4610164,"[0, 0, 0, 0, 0, 0]","[1291, 1500, 1500, 1500]","[-25.08, 0.0, 0.0, 0.0]","[0.0, 0.0, 0.0]",0,2041.188720703125,0,31.335915298461913,"[-44.98291014888, -1.3732910154, 4.48608398364]","[0, 0, 0]",0,3,0.0,0.0,2.016,0,0,0,4294967.295,3750000.896,0,31181,0,62.94130325317383,87.09040069580078,81.02642822265625,0,state.PRE_FLIGHT,390,-29,0,-28,0.0,2016,2041,"[10.2, 0.5, 15.9, 10.6, 15.0, 16.5, 0, 0]","[3.638, 3.639, 3.639]",0.187,"[2.9968000000000004, 3.3120000000000003, 5.0016, 7.368, 8.4352, 27.8272]","[0.033125, 0.58625, 0.000625, 0.000625, -0.0025, -0.000625]",0,0,29.5,"[1, 1, 1, 1, 1, 1]",88.67686559891018,0.0,0.0,0,0.0
1774904393.5211265,"[0, 0, 0, 0, 0, 0]","[1291, 1500, 1500, 1500]","[-25.08, 0.0, 0.0, 0.0]","[0.0, 0.0, 0.0]",0,2057.580810546875,0,31.34465919494629,"[-44.98291014888, -0.39672851556, -6.5002441395599995]","[0, 0, 0]",0,3,0.0,0.0,2.043,0,0,0,4294967.295,3750000.896,0,31241,0,62.937007904052734,86.85726165771484,83.72540283203125,0,state.PRE_FLIGHT,391,-30,0,-29,0.0,2043,2057,"[10.8, 0.5, 17.0, 10.2, 16.5, 16.5, 0, 0]","[3.638, 3.639, 3.639]",0.187,"[2.9968000000000004, 3.3120000000000003, 5.0032000000000005, 7.364800000000001, 8.4496, 27.8256]","[0.038125, 0.604375, -0.003125, -0.000625, 0.00125, -0.00125]",0,0,29.5,"[1, 1, 1, 1, 1, 1]",88.5707175630358,0.0,0.0,0,0.0
1774904393.581486,"[0, 0, 0, 0, 0, 0]","[1291, 1500, 1500, 1500]","[-25.08, 0.0, 0.0, 0.0]","[0.0, 0.0, 0.0]",0,2073.898681640625,0,31.34465919494629,"[-44.98291014888, -28.16772460476, 4.3029785149199995]","[0, 0, 0]",0,3,0.0,0.0,2.073,0,0,0,4294967.295,3750000.896,0,31301,0,62.85398864746094,87.65072631835938,86.42437744140625,0,state.PRE_FLIGHT,392,-30,0,-30,0.0,2073,2073,"[10.6, 0.5, 16.5, 10.4, 16.5, 16.5, 0, 0]","[3.638, 3.639, 3.639]",0.187,"[2.9968000000000004, 3.3120000000000003, 5.0032000000000005, 7.364800000000001, 8.4496, 27.8256]","[0.038125, 0.604375, -0.003125, -0.000625, 0.00125, -0.00125]",0,0,29.5,"[1, 1, 1, 1, 1, 1]",88.92835905987471,0.0,0.0,0,0.0
1774904393.635498,"[0, 0, 0, 0, 0, 0]","[1291, 1500, 1500, 1500]","[-25.08, 0.0, 0.0, 0.0]","[0.0, 0.0, 0.0]",0,2087.441162109375,0,31.357775039672852,"[-44.98291014888, -7.04956054572, 7.29370117068]","[0, 0, 0]",0,3,0.0,0.0,2.073,0,0,0,4294967.295,3750000.896,0,31355,0,62.5675163269043,87.82149505615234,88.85345458984375,0,state.PRE_FLIGHT,393,-29,0,-28,0.0,2073,2087,"[10.6, 0.5, 17.0, 11.3, 15.9, 17.0, 0, 0]","[3.638, 3.639, 3.639]",0.187,"[2.9936000000000003, 3.3136, 5.0, 7.3616, 8.4464, 27.8256]","[0.0325, 0.551875, -0.004375, -0.000625, -0.003125, -0.00375]",0,0,29.5,"[1, 1, 1, 1, 1, 1]",88.99654662720049,0.0,0.0,0,0.0
1774904393.6960251,"[0, 0, 0, 0, 0, 0]","[1291, 1500, 1500, 1500]","[-25.08, 0.0, 0.0, 0.0]","[0.0, 0.0, 0.0]",0,2103.625,0,31.366518936157227,"[44.98291014888, 1.19018554668, 3.2043457026]","[0, 0, 0]",0,3,0.0,0.0,2.098,0,0,0,4294967.295,3750000.896,0,31415,0,62.5821418762207,87.84406280517578,89.75311279296875,0,state.PRE_FLIGHT,394,-29,0,-28,0.0,2098,2103,"[10.8, 0.5, 15.9, 10.6, 15.0, 15.9, 0, 0]","[3.638, 3.639, 3.639]",0.187,"[2.9936000000000003, 3.3136, 5.0, 7.3616, 8.4464, 27.8256]","[0.0325, 0.551875, -0.004375, -0.000625, -0.003125, -0.00375]",0,0,29.5,"[1, 1, 1, 1, 1, 1]",89.00742623931423,0.0,0.0,0,0.0
1774904393.7565467,"[0, 0, 0, 0, 0, 0]","[1291, 1500, 1500, 1500]","[-25.08, 0.0, 0.0, 0.0]","[0.0, 0.0, 0.0]",0,2119.736572265625,0,31.357775039672852,"[44.98291014888, -3.75366210876, 0.03051757812]","[0, 0, 0]",0,3,0.0,0.0,2.098,0,0,0,4294967.295,3750000.896,0,31475,0,62.89277267456055,87.84528350830078,87.05413818359375,0,state.PRE_FLIGHT,395,-30,0,-29,0.0,2098,2119,"[10.4, 0.5, 15.9, 10.6, 15.9, 17.0, 0, 0]","[3.638, 3.639, 3.639]",0.187,"[2.9952, 3.3136, 5.0048, 7.36, 8.448, 27.8256]","[0.03625, 0.23375, 0.000625, -0.000625, -0.005, 0.0]",0,0,29.5,"[1, 1, 1, 1, 1, 1]",89.01837131383903,0.0,0.0,0,0.0
1774904393.8195436,"[0, 0, 0, 0, 0, 0]","[1291, 1500, 1500, 1500]","[-25.08, 0.0, 0.0, 0.0]","[0.0, 0.0, 0.0]",0,2135.776123046875,0,31.384006729125975,"[44.98291014888, -6.8664550769999995, 10.8337402326]","[0, 0, 0]",0,3,0.0,0.0,2.125,0,0,0,4294967.295,3750000.896,0,31535,0,63.022499084472656,88.21759033203125,84.35511779785156,0,state.PRE_FLIGHT,396,-29,0,-29,0.0,2125,2135,"[10.8, 0.5, 16.5, 10.8, 15.9, 15.9, 0, 0]","[3.638, 3.639, 3.639]",0.187,"[2.9968000000000004, 3.3088, 5.0032000000000005, 7.368, 8.4528, 27.8304]","[0.031875, 0.185, -0.0025, -0.000625, 0.00125, -0.00375]",0,0,29.5,"[1, 1, 1, 1, 1, 1]",89.19153022536365,0.0,0.0,0,0.0
1774904393.8692186,"[0, 0, 0, 0, 0, 0]","[1291, 1500, 1500, 1500]","[-25.08, 0.0, 0.0, 0.0]","[0.0, 0.0, 0.0]",0,2149.08740234375,0,31.388378677368163,"[44.98291014888, 0.21362304684, -7.62939453]","[0, 0, 0]",0,3,0.0,0.0,2.125,0,0,0,4294967.295,3750000.896,0,31589,0,62.883888244628906,88.21326446533203,81.92599487304688,0,state.PRE_FLIGHT,397,-27,0,-26,0.0,2125,2149,"[10.2, 0.5, 16.5, 10.8, 15.9, 17.6, 0, 0]","[3.638, 3.639, 3.639]",0.187,"[2.9968000000000004, 3.3088, 5.0032000000000005, 7.368, 8.4528, 27.8304]","[0.031875, 0.185, -0.0025, -0.000625, 0.00125, -0.00375]",0,0,29.5,"[1, 1, 1, 1, 1, 1]",89.18571906082546,0.0,0.0,0,0.0
1774904393.9294026,"[0, 0, 0, 0, 0, 0]","[1291, 1500, 1500, 1500]","[-25.08, 0.0, 0.0, 0.0]","[0.0, 0.0, 0.0]",0,2164.995849609375,0,31.366518936157227,"[44.98291014888, -10.2233886702, -27.55737304236]","[0, 0, 0]",0,3,0.0,0.0,2.151,0,0,0,4294967.295,3750000.896,0,31649,0,62.11909484863281,88.20413208007812,79.22706604003906,0,state.PRE_FLIGHT,398,-27,0,-227,0.0,2151,2164,"[10.2, 0.5, 16.5, 10.8, 15.9, 16.5, 0, 0]","[3.638, 3.639, 3.639]",0.187,"[2.9968000000000004, 3.3120000000000003, 5.0032000000000005, 7.368, 8.4304, 27.8272]","[0.035, 0.22625, 0.000625, -0.0025, -0.001875, 0.0]",0,0,29.5,"[1, 1, 1, 1, 1, 1]",89.16029628679432,0.0,0.0,0,0.0
1774904393.9954796,"[0, 0, 0, 0, 0, 0]","[1291, 1500, 1500, 1500]","[-25.08, 0.0, 0.0, 0.0]","[0.0, 0.0, 0.0]",0,2180.8330078125,0,31.4102384185791,"[44.98291014888, -11.01684570132, -4.2724609368]","[0, 0, 0]",0,3,0.0,0.0,2.178,0,0,0,4294967.295,3750000.896,0,31709,0,61.781314849853516,88.1033935546875,76.52813720703125,0,state.PRE_FLIGHT,399,-27,0,-27,0.0,2178,2180,"[10.6, 0.5, 16.5, 10.4, 15.9, 17.0, 0, 0]","[3.638, 3.639, 3.639]",0.187,"[2.9968000000000004, 3.3120000000000003, 5.0032000000000005, 7.368, 8.4304, 27.8272]","[0.035, 0.22625, 0.000625, -0.0025, -0.001875, 0.0]",0,0,29.5,"[1, 1, 1, 1, 1, 1]",89.10333928660904,0.0,0.0,0,0.0
1774904394.0500124,"[0, 0, 0, 0, 0, 0]","[1291, 1500, 1500, 1500]","[-25.08, 0.0, 0.0, 0.0]","[0.0, 0.0, 0.0]",0,2196.599609375,0,31.388378677368163,"[44.98291014888, 1.80053710908, 2.99072265576]","[0, 0, 0]",0,3,0.0,0.0,2.178,0,0,0,4294967.295,3750000.896,0,31769,0,61.97843551635742,88.1766128540039,73.82916259765625,0,state.PRE_FLIGHT,400,-25,0,-227,0.0,2178,2196,"[10.6, 0.5, 17.0, 10.6, 15.9, 15.5, 0, 0]","[3.638, 3.639, 3.639]",0.187,"[2.9968000000000004, 3.3120000000000003, 5.0048, 7.36, 8.459200000000001, 27.8288]","[0.030625, 0.245, -0.000625, -0.00125, -0.00375, -0.00125]",0,0,29.5,"[1, 1, 1, 1, 1, 1]",89.1434783939203,0.0,0.0,0,0.0
1774904394.103013,"[0, 0, 0, 0, 0, 0]","[1291, 1500, 1500, 1500]","[-25.08, 0.0, 0.0, 0.0]","[0.0, 0.0, 0.0]",0,2212.296142578125,0,31.39712257385254,"[44.98291014888, -1.19018554668, -2.5939941402]","[0, 0, 0]",0,3,0.0,0.0,2.204,0,0,0,4294967.295,3750000.896,0,31823,0,62.259822845458984,88.05838775634766,71.40008544921875,0,state.PRE_FLIGHT,401,-24,0,-24,0.0,2204,2212,"[11.1, 0.5, 16.5, 10.6, 15.9, 16.5, 0, 0]","[3.638, 3.639, 3.639]",0.187,"[2.9968000000000004, 3.3120000000000003, 5.0048, 7.36, 8.459200000000001, 27.8288]","[0.030625, 0.245, -0.000625, -0.00125, -0.00375, -0.00125]",0,0,29.5,"[1, 1, 1, 1, 1, 1]",89.09638725142844,0.0,0.0,0,0.0
1774904394.163534,"[0, 0, 0, 0, 0, 0]","[1291, 1500, 1500, 1500]","[-25.08, 0.0, 0.0, 0.0]","[0.0, 0.0, 0.0]",0,2227.9228515625,0,31.401494522094726,"[44.98291014888, 10.46752929516, 3.57055664004]","[0, 0, 0]",0,3,0.0,0.0,2.204,0,0,0,4294967.295,3750000.896,0,31883,0,62.25373840332031,88.1810302734375,68.70101928710938,0,state.PRE_FLIGHT,402,-25,0,-24,0.0,2204,2227,"[10.2, 0.5, 17.0, 10.6, 15.5, 17.0, 0, 0]","[3.638, 3.639, 3.639]",0.187,"[2.9968000000000004, 3.3104, 5.0016, 7.364800000000001, 8.440000000000001, 27.8304]","[0.034375, 0.26375, -0.00625, -0.0025, 0.000625, -0.003125]",0,0,29.5,"[1, 1, 1, 1, 1, 1]",89.15327774188628,0.0,0.0,0,0.0
1774904394.223535,"[0, 0, 0, 0, 0, 0]","[1291, 1500, 1500, 1500]","[-25.08, 0.0, 0.0, 0.0]","[0.0, 0.0, 0.0]",0,2243.47998046875,0,31.405866470336914,"[44.98291014888, -10.8337402326, -6.83593749888]","[0, 0, 0]",0,3,0.0,0.0,2.23,0,0,0,4294967.295,3750000.896,0,31943,0,62.24425506591797,88.30859375,66.00213623046875,0,state.PRE_FLIGHT,403,-26,0,-26,0.0,2230,2243,"[10.6, 0.5, 15.9, 10.8, 15.5, 16.5, 0, 0]","[3.638, 3.639, 3.639]",0.187,"[2.9968000000000004, 3.3104, 5.0016, 7.364800000000001, 8.440000000000001, 27.8304]","[0.034375, 0.26375, -0.00625, -0.0025, 0.000625, -0.003125]",0,0,29.5,"[1, 1, 1, 1, 1, 1]",89.2123962046394,0.0,0.0,0,0.0
1774904394.286752,"[0, 0, 0, 0, 0, 0]","[1291, 1500, 1500, 1500]","[-25.08, 0.0, 0.0, 0.0]","[0.0, 0.0, 0.0]",0,2258.96826171875,0,31.418982315063477,"[44.98291014888, 1.3732910154, 8.20922851428]","[0, 0, 0]",0,3,0.0,0.0,2.256,0,0,0,4294967.295,3750000.896,0,32003,0,62.292171478271484,88.12120819091797,63.30316162109375,0,state.PRE_FLIGHT,404,-25,0,-24,0.0,2256,2258,"[10.6, 0.5, 17.0, 10.4, 15.9, 17.0, 0, 0]","[3.638, 3.639, 3.639]",0.187,"[2.9968000000000004, 3.3088, 5.0016, 7.3664000000000005, 8.4528, 27.8288]","[0.03, 0.62375, 0.0, 0.0025, 0.001875, -0.00125]",0,0,29.5,"[1, 1, 1, 1, 1, 1]",89.12655400734754,0.0,0.0,0,0.0
1774904394.3377538,"[0, 0, 0, 0, 0, 0]","[1291, 1500, 1500, 1500]","[-25.08, 0.0, 0.0, 0.0]","[0.0, 0.0, 0.0]",0,2271.82275390625,0,31.423354263305665,"[44.98291014888, -6.1340332021199995, -4.45556640552]","[0, 0, 0]",0,3,0.0,0.0,2.256,0,0,0,4294967.295,3750000.896,0,32057,0,62.22874450683594,88.29452514648438,60.87408447265625,0,state.PRE_FLIGHT,405,-26,0,-26,0.0,2256,2271,"[10.6, 0.5, 17.0, 10.8, 15.9, 15.9, 0, 0]","[3.638, 3.639, 3.639]",0.187,"[2.9968000000000004, 3.3088, 5.0016, 7.3664000000000005, 8.4528, 27.8288]","[0.03, 0.62375, 0.0, 0.0025, 0.001875, -0.00125]",0,0,29.5,"[1, 1, 1, 1, 1, 1]",89.20543814678314,0.0,0.0,0,0.0
1774904394.3968248,"[0, 0, 0, 0, 0, 0]","[1291, 1500, 1500, 1500]","[-25.08, 0.0, 0.0, 0.0]","[0.0, 0.0, 0.0]",0,2287.185546875,0,31.405866470336914,"[44.98291014888, -5.09643554604, 0.21362304684]","[0, 0, 0]",0,3,0.0,0.0,2.282,0,0,0,4294967.295,3750000.896,0,32117,0,62.268733978271484,88.30305480957031,58.17510986328125,0,state.PRE_FLIGHT,406,-26,0,-26,0.0,2282,2287,"[10.4, 0.5, 17.0, 10.4, 15.5, 17.6, 0, 0]","[3.638, 3.639, 3.639]",0.187,"[2.9952, 3.3152000000000004, 5.0032000000000005, 7.3616, 8.448, 27.8272]","[0.0325, 0.6025, -0.004375, -0.000625, -0.003125, -0.00125]",0,0,29.5,"[1, 1, 1, 1, 1, 1]",89.21045920562455,0.0,0.0,0,0.0
1774904394.4623508,"[0, 0, 0, 0, 0, 0]","[1291, 1500, 1500, 1500]","[-25.08, 0.0, 0.0, 0.0]","[0.0, 0.0, 0.0]",0,2302.480224609375,0,31.440842056274413,"[44.98291014888, -1.80053710908, -2.96020507764]","[0, 0, 0]",0,3,0.0,0.0,2.282,0,0,0,4294967.295,3750000.896,0,32177,0,62.49150466918945,88.41168975830078,55.47613525390625,0,state.PRE_FLIGHT,407,-26,0,-25,0.0,2282,2302,"[10.4, 0.5, 17.0, 10.4, 15.9, 17.0, 0, 0]","[3.638, 3.639, 3.639]",0.187,"[2.9952, 3.3152000000000004, 5.0032000000000005, 7.3616, 8.448, 27.8272]","[0.0325, 0.6025, -0.004375, -0.000625, -0.003125, -0.00125]",0,0,29.5,"[1, 1, 1, 1, 1, 1]",89.26646498161435,0.0,0.0,0,0.0
1774904394.5198824,"[0, 0, 0, 0, 0, 0]","[1291, 1500, 1500, 1500]","[-25.08, 0.0, 0.0, 0.0]","[0.0, 0.0, 0.0]",0,2317.70703125,0,31.427726211547853,"[44.98291014888, -6.8664550769999995, 16.235351559839998]","[0, 0, 0]",0,3,0.0,0.0,2.307,0,0,0,4294967.295,3750000.896,0,32237,0,62.809471130371094,88.60823059082031,52.77716064453125,0,state.PRE_FLIGHT,408,-26,0,-25,0.0,2307,2317,"[10.6, 0.5, 15.9, 10.6, 15.9, 17.0, 0, 0]","[3.638, 3.639, 3.639]",0.187,"[2.9984, 3.3088, 5.0048, 7.3616, 8.441600000000001, 27.8288]","[0.035625000000000004, 0.24125, 0.0025, 0.0, -0.003125, -0.0025]",0,0,29.5,"[1, 1, 1, 1, 1, 1]",89.364079203075,0.0,0.0,0,0.0
1774904394.5714264,"[0, 0, 0, 0, 0, 0]","[1291, 1500, 1500, 1500]","[-25.08, 0.0, 0.0, 0.0]","[0.0, 0.0, 0.0]",0,2332.86669921875,0,31.440842056274413,"[44.98291014888, 0.39672851556, -0.54931640616]","[0, 0, 0]",0,3,0.0,0.0,2.332,0,0,0,4294967.295,3750000.896,0,32291,0,62.63943099975586,88.5610122680664,50.34803771972656,0,state.PRE_FLIGHT,409,-26,0,-26,0.0,2332,2332,"[10.4, 0.5, 17.0, 10.2, 15.9, 16.5, 0, 0]","[3.638, 3.639, 3.639]",0.187,"[2.9984, 3.3088, 5.0048, 7.3616, 8.441600000000001, 27.8288]","[0.035625000000000004, 0.24125, 0.0025, 0.0, -0.003125, -0.0025]",0,0,29.5,"[1, 1, 1, 1, 1, 1]",89.33871236861076,0.0,0.0,0,0.0
1774904394.6354434,"[0, 0, 0, 0, 0, 0]","[1291, 1500, 1500, 1500]","[-25.08, 0.0, 0.0, 0.0]","[0.0, 0.0, 0.0]",0,2347.959228515625,0,31.4452140045166,"[44.98291014888, 5.5236816397199995, 6.34765624896]","[0, 0, 0]",0,3,0.0,0.0,2.332,0,0,0,4294967.295,3750000.896,0,32351,0,62.71691131591797,88.54511260986328,47.64915466308594,0,state.PRE_FLIGHT,410,-25,0,-25,0.0,2332,2347,"[10.2, 0.5, 17.6, 10.6, 16.5, 15.5, 0, 0]","[3.638, 3.639, 3.639]",0.187,"[2.9952, 3.3136, 5.0048, 7.3664000000000005, 8.4544, 27.8256]","[0.040625, 0.25375000000000003, -0.00125, 0.003125, -0.000625, -0.0025]",0,0,29.5,"[1, 1, 1, 1, 1, 1]",89.33315477809505,0.0,0.0,0,0.0
1774904394.6919682,"[0, 0, 0, 0, 0, 0]","[1291, 1500, 1500, 1500]","[-25.08, 0.0, 0.0, 0.0]","[0.0, 0.0, 0.0]",0,2362.985595703125,0,31.436470108032225,"[44.98291014888, -9.24682617036, -12.45117187296]","[0, 0, 0]",0,3,0.0,0.0,2.357,0,0,0,4294967.295,3750000.896,0,32411,0,62.7014045715332,88.41935729980469,44.95013427734375,0,state.PRE_FLIGHT,411,-27,0,-26,0.0,2357,2362,"[10.4, 0.5, 16.5, 10.4, 15.9, 16.5, 0, 0]","[3.638, 3.639, 3.639]",0.187,"[2.9984, 3.3120000000000003, 5.0048, 7.3632, 8.4448, 27.8304]","[0.036875, 0.21625, -0.00375, -0.00125, -0.004375, -0.000625]",0,0,29.5,"[1, 1, 1, 1, 1, 1]",89.27514597653106,0.0,0.0,0,0.0
1774904394.7525227,"[0, 0, 0, 0, 0, 0]","[1291, 1500, 1500, 1500]","[-25.08, 0.0, 0.0, 0.0]","[0.0, 0.0, 0.0]",0,2377.9453125,0,31.46707374572754,"[44.98291014888, 5.70678710844, 9.88769531088]","[0, 0, 0]",0,3,0.0,0.0,2.357,0,0,0,4294967.295,3750000.896,0,32471,0,62.814308166503906,88.63359832763672,42.25120544433594,0,state.PRE_FLIGHT,412,-29,0,-27,0.0,2357,2377,"[10.4, 0.5, 17.6, 10.6, 15.9, 17.0, 0, 0]","[3.638, 3.639, 3.639]",0.187,"[2.9984, 3.3120000000000003, 5.0048, 7.3632, 8.4448, 27.8304]","[0.036875, 0.21625, -0.00375, -0.00125, -0.004375, -0.000625]",0,0,29.5,"[1, 1, 1, 1, 1, 1]",89.37577096192344,0.0,0.0,0,0.0
1774904394.8055186,"[0, 0, 0, 0, 0, 0]","[1291, 1500, 1500, 1500]","[-25.08, 0.0, 0.0, 0.0]","[0.0, 0.0, 0.0]",0,2390.36181640625,0,31.4452140045166,"[44.98291014888, 0.21362304684, -7.04956054572]","[0, 0, 0]",0,3,0.0,0.0,2.382,0,0,0,4294967.295,3750000.896,0,32525,0,62.65153884887695,88.79817199707031,39.82208251953125,0,state.PRE_FLIGHT,413,-29,0,-28,0.0,2382,2390,"[10.4, 0.5, 17.0, 10.6, 15.9, 16.5, 0, 0]","[3.638, 3.639, 3.639]",0.187,"[2.9984, 3.3136, 5.0064, 7.3584000000000005, 8.4464, 27.8272]","[0.034375, 0.27875, -0.005, -0.004375, -0.003125, -0.0025]",0,0,29.5,"[1, 1, 1, 1, 1, 1]",89.44791097058517,0.0,0.0,0,0.0
1774904394.865071,"[0, 0, 0, 0, 0, 0]","[1291, 1500, 1500, 1500]","[-25.08, 0.0, 0.0, 0.0]","[0.0, 0.0, 0.0]",0,2405.200927734375,0,31.449585952758788,"[44.98291014888, -1.00708007796, -1.46484374976]","[0, 0, 0]",0,3,0.0,0.0,2.382,0,0,0,4294967.295,3750000.896,0,32585,0,62.589603424072266,89.02888488769531,37.12306213378906,0,state.PRE_FLIGHT,414,-32,0,-31,0.0,2382,2405,"[10.6, 0.5, 17.6, 10.8, 15.9, 16.5, 0, 0]","[3.638, 3.639, 3.639]",0.187,"[2.9984, 3.3136, 5.0064, 7.3584000000000005, 8.4464, 27.8272]","[0.034375, 0.27875, -0.005, -0.004375, -0.003125, -0.0025]",0,0,29.5,"[1, 1, 1, 1, 1, 1]",89.55295346566118,0.0,0.0,0,0.0
1774904394.9257908,"[0, 0, 0, 0, 0, 0]","[1291, 1500, 1500, 1500]","[-25.08, 0.0, 0.0, 0.0]","[0.0, 0.0, 0.0]",0,2419.97509765625,0,31.440842056274413,"[44.98291014888, -3.57055664004, -6.31713867084]","[0, 0, 0]",0,3,0.0,0.0,2.407,0,0,0,4294967.295,3750000.896,0,32645,0,62.610923767089844,88.85191345214844,34.42413330078125,0,state.PRE_FLIGHT,415,-32,0,-32,0.0,2407,2419,"[10.6, 0.5, 16.5, 10.8, 15.9, 17.0, 0, 0]","[3.638, 3.639, 3.639]",0.187,"[2.9952, 3.3104, 5.0048, 7.3664000000000005, 8.4352, 27.8288]","[0.035, 0.628125, 0.00125, -0.00125, -0.003125, -0.004375]",0,0,29.5,"[1, 1, 1, 1, 1, 1]",89.47187302522315,0.0,0.0,0,0.0
1774904394.9853399,"[0, 0, 0, 0, 0, 0]","[1291, 1500, 1500, 1500]","[-25.08, 0.0, 0.0, 0.0]","[0.0, 0.0, 0.0]",0,2434.684326171875,0,31.480189590454103,"[44.98291014888, 0.21362304684, -2.77709960892]","[0, 0, 0]",0,3,0.0,0.0,2.432,0,0,0,4294967.295,3750000.896,0,32705,0,62.61975860595703,89.00691223144531,31.725112915039062,0,state.PRE_FLIGHT,416,-33,0,-33,0.0,2432,2434,"[10.6, 0.5, 17.0, 10.4, 15.0, 17.6, 0, 0]","[3.638, 3.639, 3.639]",0.187,"[2.9952, 3.3104, 5.0048, 7.3664000000000005, 8.4352, 27.8288]","[0.035, 0.628125, 0.00125, -0.00125, -0.003125, -0.004375]",0,0,29.5,"[1, 1, 1, 1, 1, 1]",89.54330333051034,0.0,0.0,0,0.0
1774904395.0398848,"[0, 0, 0, 0, 0, 0]","[1291, 1500, 1500, 1500]","[-25.08, 0.0, 0.0, 0.0]","[0.0, 0.0, 0.0]",0,2446.892333984375,0,31.46707374572754,"[44.98291014888, -3.14331054636, 5.61523437408]","[0, 0, 0]",0,3,0.0,0.0,2.432,0,0,0,4294967.295,3750000.896,0,32759,0,62.532901763916016,89.22942352294922,29.29608154296875,0,state.PRE_FLIGHT,417,-33,0,-32,0.0,2432,2446,"[10.8, 0.5, 16.5, 10.4, 16.5, 16.5, 0, 0]","[3.638, 3.639, 3.639]",0.187,"[2.9952, 3.3104, 5.0048, 7.364800000000001, 8.456000000000001, 27.8272]","[0.03625, 0.626875, -0.0025, 0.00125, -0.006875, 0.000625]",0,0,29.5,"[1, 1, 1, 1, 1, 1]",89.64458837563139,0.0,0.0,0,0.0
1774904395.1034017,"[0, 0, 0, 0, 0, 0]","[1291, 1500, 1500, 1500]","[-25.08, 0.0, 0.0, 0.0]","[0.0, 0.0, 0.0]",0,2461.482666015625,0,31.46270179748535,"[44.98291014888, 1.9836425778, 11.56616210748]","[0, 0, 0]",0,3,0.0,0.0,2.456,0,0,0,4294967.295,3750000.896,0,32819,0,62.69222640991211,89.30755615234375,26.597105026245117,0,state.PRE_FLIGHT,418,-40,0,-35,0.0,2456,2461,"[10.6, 0.5, 17.0, 11.1, 15.5, 15.9, 0, 0]","[3.638, 3.639, 3.639]",0.187,"[2.9952, 3.3104, 5.0048, 7.364800000000001, 8.456000000000001, 27.8272]","[0.03625, 0.626875, -0.0025, 0.00125, -0.006875, 0.000625]",0,0,29.5,"[1, 1, 1, 1, 1, 1]",89.68233356317795,0.0,0.0,0,0.0
1774904395.1639247,"[0, 0, 0, 0, 0, 0]","[1291, 1500, 1500, 1500]","[-25.08, 0.0, 0.0, 0.0]","[0.0, 0.0, 0.0]",0,2476.009521484375,0,31.475817642211915,"[44.98291014888, -8.88061523292, 0.21362304684]","[0, 0, 0]",0,3,0.0,0.0,2.456,0,0,0,4294967.295,3750000.896,0,32879,0,62.51646041870117,89.50165557861328,23.898130416870117,0,state.PRE_FLIGHT,419,-43,0,-51,0.0,2456,2476,"[10.4, 0.5, 17.0, 10.8, 15.5, 16.5, 0, 0]","[3.638, 3.639, 3.639]",0.187,"[2.9952, 3.3104, 5.0048, 7.3616, 8.457600000000001, 27.8304]","[0.035, 0.62875, 0.001875, -0.00375, -0.005, 0.0025]",0,0,29.5,"[1, 1, 1, 1, 1, 1]",89.77001943829133,0.0,0.0,0,0.0
1774904395.2209249,"[0, 0, 0, 0, 0, 0]","[1291, 1500, 1500, 1500]","[-25.08, 0.0, 0.0, 0.0]","[0.0, 0.0, 0.0]",0,2490.472412109375,0,31.48893348693848,"[44.98291014888, -5.340576171, -8.5449218736]","[0, 0, 0]",0,3,0.0,0.0,2.48,0,0,0,4294967.295,3750000.896,0,32939,0,62.52409362792969,89.39482879638672,21.199155807495117,0,state.PRE_FLIGHT,420,-42,0,-40,0.0,2480,2490,"[10.8, 0.5, 16.5, 10.8, 15.9, 17.6, 0, 0]","[3.638, 3.639, 3.639]",0.187,"[2.9952, 3.3104, 5.0048, 7.3616, 8.457600000000001, 27.8304]","[0.035, 0.62875, 0.001875, -0.00375, -0.005, 0.0025]",0,0,29.5,"[1, 1, 1, 1, 1, 1]",89.72079287576307,0.0,0.0,0,0.0
1774904395.2784598,"[0, 0, 0, 0, 0, 0]","[1291, 1500, 1500, 1500]","[-25.08, 0.0, 0.0, 0.0]","[0.0, 0.0, 0.0]",0,2504.8720703125,0,31.46707374572754,"[44.98291014888, -6.68334960828, -0.54931640616]","[0, 0, 0]",0,3,0.0,0.0,2.504,0,0,0,4294967.295,3750000.896,0,32993,0,62.70472717285156,89.4742660522461,18.770078659057617,0,state.PRE_FLIGHT,421,-41,0,-41,0.0,2504,2504,"[10.6, 0.5, 16.5, 10.4, 15.9, 17.0, 0, 0]","[3.638, 3.639, 3.639]",0.187,"[2.9968000000000004, 3.3088, 5.0032000000000005, 7.3616, 8.4352, 27.8288]","[0.03, 0.23875000000000002, 0.0, 0.0025, -0.003125, -0.000625]",0,0,29.5,"[1, 1, 1, 1, 1, 1]",89.75891357581622,0.0,0.0,0,0.0
1774904395.3364742,"[0, 0, 0, 0, 0, 0]","[1291, 1500, 1500, 1500]","[-25.08, 0.0, 0.0, 0.0]","[0.0, 0.0, 0.0]",0,2519.20849609375,0,31.475817642211915,"[44.98291014888, -4.1198730462, -7.04956054572]","[0, 0, 0]",0,3,0.0,0.0,2.504,0,0,0,4294967.295,3750000.896,0,33053,0,62.826805114746094,89.63905334472656,16.071102142333984,0,state.PRE_FLIGHT,422,-38,0,-40,0.0,2504,2519,"[10.6, 0.5, 16.5, 10.6, 16.5, 16.5, 0, 0]","[3.638, 3.639, 3.639]",0.187,"[2.9984, 3.3104, 5.0048, 7.3712, 8.4608, 27.8256]","[0.034375, 0.19875, -0.0025, -0.000625, 0.0, -0.004375]",0,0,29.5,"[1, 1, 1, 1, 1, 1]",89.83516310380475,0.0,0.0,0,0.0
1774904395.3941371,"[0, 0, 0, 0, 0, 0]","[1291, 1500, 1500, 1500]","[-25.08, 0.0, 0.0, 0.0]","[0.0, 0.0, 0.0]",0,2533.481689453125,0,31.46707374572754,"[44.98291014888, -7.4768066393999995, -10.04028320148]","[0, 0, 0]",0,3,0.0,0.0,2.528,0,0,0,4294967.295,3750000.896,0,33113,0,62.749908447265625,89.60549926757812,13.372127532958984,0,state.PRE_FLIGHT,423,-36,0,-35,0.0,2528,2533,"[10.8, 0.5, 16.5, 10.8, 15.9, 15.9, 0, 0]","[3.638, 3.639, 3.639]",0.187,"[2.9984, 3.3104, 5.0048, 7.3712, 8.4608, 27.8256]","[0.034375, 0.19875, -0.0025, -0.000625, 0.0, -0.004375]",0,0,29.5,"[1, 1, 1, 1, 1, 1]",89.81936897273314,0.0,0.0,0,0.0
1774904395.453681,"[0, 0, 0, 0, 0, 0]","[1291, 1500, 1500, 1500]","[-25.08, 0.0, 0.0, 0.0]","[0.0, 0.0, 0.0]",0,2547.692626953125,0,31.48456153869629,"[44.98291014888, -3.75366210876, 11.93237304492]","[0, 0, 0]",0,3,0.0,0.0,2.528,0,0,0,4294967.295,3750000.896,0,33173,0,62.959835052490234,89.7843246459961,10.673152923583984,0,state.PRE_FLIGHT,424,-44,0,-42,0.0,2528,2547,"[10.8, 0.5, 17.6, 10.6, 15.9, 17.0, 0, 0]","[3.638, 3.639, 3.639]",0.187,"[2.992, 3.3104, 5.0016, 7.364800000000001, 8.4384, 27.8272]","[0.033125, 0.244375, 0.0, -0.005, -0.004375, -0.00125]",0,0,29.5,"[1, 1, 1, 1, 1, 1]",89.90195093411579,0.0,0.0,0,0.0
1774904395.5122144,"[0, 0, 0, 0, 0, 0]","[1291, 1500, 1500, 1500]","[-25.08, 0.0, 0.0, 0.0]","[0.0, 0.0, 0.0]",0,2559.4873046875,0,31.48456153869629,"[44.98291014888, -9.24682617036, -3.5095214838]","[0, 0, 0]",0,3,0.0,0.0,2.552,0,0,0,4294967.295,3750000.896,0,33227,0,63.117801666259766,89.70864868164062,8.244075775146484,0,state.PRE_FLIGHT,425,-42,0,-42,0.0,2552,2559,"[10.0, 0.5, 17.0, 10.8, 15.5, 15.9, 0, 0]","[3.638, 3.639, 3.639]",0.187,"[2.992, 3.3104, 5.0016, 7.364800000000001, 8.4384, 27.8272]","[0.033125, 0.244375, 0.0, -0.005, -0.004375, -0.00125]",0,0,29.5,"[1, 1, 1, 1, 1, 1]",89.86826373645172,0.0,0.0,0,0.0
1774904395.5677545,"[0, 0, 0, 0, 0, 0]","[1291, 1500, 1500, 1500]","[-25.08, 0.0, 0.0, 0.0]","[0.0, 0.0, 0.0]",0,2573.58447265625,0,31.46270179748535,"[44.98291014888, 7.1105957019599995, 5.06591796792]","[0, 0, 0]",0,3,0.0,0.0,2.552,0,0,0,4294967.295,3750000.896,0,33287,0,63.11354446411133,89.91797637939453,5.544966220855713,0,state.PRE_FLIGHT,426,-49,0,-47,0.0,2552,2573,"[10.6, 0.5, 16.5, 10.8, 15.5, 16.5, 0, 0]","[3.638, 3.639, 3.639]",0.187,"[2.9968000000000004, 3.3120000000000003, 5.0048, 7.3632, 8.4656, 27.8288]","[0.038125, 0.250625, -0.004375, 0.000625, 0.0025, -0.00375]",0,0,29.5,"[1, 1, 1, 1, 1, 1]",89.96290697013714,0.0,0.0,0,0.0
1774904395.631755,"[0, 0, 0, 0, 0, 0]","[1291, 1500, 1500, 1500]","[-25.08, 0.0, 0.0, 0.0]","[0.0, 0.0, 0.0]",0,2587.619384765625,0,31.48456153869629,"[44.98291014888, -4.3029785149199995, 0.762939453]","[0, 0, 0]",0,3,0.0,0.0,2.575,0,0,0,4294967.295,3750000.896,0,33347,0,63.15378952026367,90.0608139038086,2.8461263179779053,0,state.PRE_FLIGHT,427,-56,0,-53,0.0,2575,2587,"[10.8, 0.5, 16.5, 10.4, 15.0, 16.5, 0, 0]","[3.638, 3.639, 3.639]",0.187,"[2.9968000000000004, 3.3120000000000003, 5.0048, 7.3632, 8.4656, 27.8288]","[0.038125, 0.250625, -0.004375, 0.000625, 0.0025, -0.00375]",0,0,29.5,"[1, 1, 1, 1, 1, 1]",90.02746338985244,0.0,0.0,0,0.0
1774904395.6923015,"[0, 0, 0, 0, 0, 0]","[1291, 1500, 1500, 1500]","[-25.08, 0.0, 0.0, 0.0]","[0.0, 0.0, 0.0]",0,2601.59326171875,0,31.48893348693848,"[0.0, 2.34985351524, 1.12915039044]","[0, 0, 0]",0,3,0.0,0.0,2.599,0,0,0,4294967.295,3750000.896,0,33407,0,63.15314483642578,90.22195434570312,0.5969807505607605,0,state.PRE_FLIGHT,428,-50,0,-53,0.0,2599,2601,"[10.6, 0.5, 16.5, 10.6, 15.9, 16.5, 0, 0]","[3.638, 3.639, 3.639]",0.187,"[3.0, 3.3120000000000003, 5.0032000000000005, 7.3664000000000005, 8.4448, 27.8288]","[0.043750000000000004, 0.600625, -0.000625, 0.000625, -0.0075, -0.000625]",0,0,29.5,"[1, 1, 1, 1, 1, 1]",90.10023600896119,0.0,0.0,0,0.0
1774904395.746311,"[0, 0, 0, 0, 0, 0]","[1291, 1500, 1500, 1500]","[-25.08, 0.0, 0.0, 0.0]","[0.0, 0.0, 0.0]",0,2615.50537109375,0,31.480189590454103,"[0.0, -0.762939453, 9.155273436]","[0, 0, 0]",0,3,0.0,0.0,2.599,0,0,0,4294967.295,3750000.896,0,33461,0,63.70167541503906,90.2242660522461,0.5969807505607605,0,state.PRE_FLIGHT,429,-63,0,-53,0.0,2599,2615,"[10.2, 0.5, 16.5, 10.2, 15.9, 15.9, 0, 0]","[3.638, 3.639, 3.639]",0.187,"[3.0, 3.3120000000000003, 5.0032000000000005, 7.3664000000000005, 8.4448, 27.8288]","[0.043750000000000004, 0.600625, -0.000625, 0.000625, -0.0075, -0.000625]",0,0,29.5,"[1, 1, 1, 1, 1, 1]",90.09935974382752,0.0,0.0,0,0.0
1774904395.801831,"[0, 0, 0, 0, 0, 0]","[1291, 1500, 1500, 1500]","[-25.08, 0.0, 0.0, 0.0]","[0.0, 0.0, 0.0]",0,2629.357177734375,0,31.48893348693848,"[0.0, 5.5236816397199995, 12.87841796664]","[0, 0, 0]",0,3,0.0,0.0,2.622,0,0,0,4294967.295,3750000.896,0,33521,0,63.779212951660156,90.36524963378906,0.5969807505607605,0,state.PRE_FLIGHT,430,-45,0,-49,0.0,2622,2629,"[11.3, 0.5, 17.0, 10.6, 16.5, 17.0, 0, 0]","[3.638, 3.639, 3.639]",0.187,"[2.9968000000000004, 3.3120000000000003, 5.0032000000000005, 7.3616, 8.4512, 27.8304]","[0.034375, 0.625, -0.00125, -0.000625, -0.005, 0.0025]",0,0,29.5,"[1, 1, 1, 1, 1, 1]",90.1613778595903,0.0,0.0,0,0.0
1774904395.861363,"[0, 0, 0, 0, 0, 0]","[1291, 1500, 1500, 1500]","[-25.08, 0.0, 0.0, 0.0]","[0.0, 0.0, 0.0]",0,2643.14794921875,0,31.49767738342285,"[0.0, -8.88061523292, -12.08496093552]","[0, 0, 0]",0,3,0.0,0.0,2.622,0,0,0,4294967.295,3750000.896,0,33581,0,63.6275520324707,90.45801544189453,0.5969807505607605,0,state.PRE_FLIGHT,431,-43,0,-45,0.0,2622,2643,"[10.6, 0.5, 16.5, 10.8, 15.9, 16.5, 0, 0]","[3.638, 3.639, 3.639]",0.187,"[2.9968000000000004, 3.3120000000000003, 5.0032000000000005, 7.3616, 8.4512, 27.8304]","[0.034375, 0.625, -0.00125, -0.000625, -0.005, 0.0025]",0,0,29.5,"[1, 1, 1, 1, 1, 1]",90.20345073690926,0.0,0.0,0,0.0
1774904395.923618,"[0, 0, 0, 0, 0, 0]","[1291, 1500, 1500, 1500]","[-25.08, 0.0, 0.0, 0.0]","[0.0, 0.0, 0.0]",0,2656.87890625,0,31.48893348693848,"[0.0, 5.5236816397199995, 4.1198730462]","[0, 0, 0]",0,3,0.0,0.0,2.645,0,0,0,4294967.295,3750000.896,0,33641,0,63.980953216552734,90.41773986816406,0.5969807505607605,0,state.PRE_FLIGHT,432,-40,0,-40,0.0,2645,2656,"[10.4, 0.5, 16.5, 10.4, 15.5, 16.5, 0, 0]","[3.638, 3.639, 3.639]",0.187,"[2.9968000000000004, 3.3120000000000003, 5.0032000000000005, 7.3616, 8.4512, 27.8272]","[0.029375000000000002, 0.49375, -0.000625, 0.000625, -0.008125, 0.003125]",0,0,29.5,"[1, 1, 1, 1, 1, 1]",90.18324859835866,0.0,0.0,0,0.0
1774904395.9811697,"[0, 0, 0, 0, 0, 0]","[1291, 1500, 1500, 1500]","[-25.08, 0.0, 0.0, 0.0]","[0.0, 0.0, 0.0]",0,2668.27490234375,0,31.506421279907226,"[0.0, -1.9836425778, -8.72802734232]","[0, 0, 0]",0,3,0.0,0.0,2.668,0,0,0,4294967.295,3750000.896,0,33695,0,63.91416931152344,90.58258819580078,0.5969807505607605,0,state.PRE_FLIGHT,433,-36,0,-37,0.0,2668,2668,"[10.2, 0.5, 15.9, 10.6, 16.5, 17.0, 0, 0]","[3.638, 3.639, 3.639]",0.187,"[2.9968000000000004, 3.3120000000000003, 5.0032000000000005, 7.3616, 8.4512, 27.8272]","[0.029375000000000002, 0.49375, -0.000625, 0.000625, -0.008125, 0.003125]",0,0,29.5,"[1, 1, 1, 1, 1, 1]",90.25617041551297,0.0,0.0,0,0.0
1774904396.0397208,"[0, 0, 0, 0, 0, 0]","[1291, 1500, 1500, 1500]","[-25.08, 0.0, 0.0, 0.0]","[0.0, 0.0, 0.0]",0,2681.8955078125,0,31.493305435180662,"[0.0, 1.80053710908, 9.52148437344]","[0, 0, 0]",0,3,0.0,0.0,2.668,0,0,0,4294967.295,3750000.896,0,33755,0,64.06614685058594,90.43000030517578,0.5969807505607605,0,state.PRE_FLIGHT,434,-36,0,-36,0.0,2668,2681,"[11.1, 0.5, 16.5, 10.6, 15.5, 17.0, 0, 0]","[3.638, 3.639, 3.639]",0.187,"[2.9936000000000003, 3.3120000000000003, 5.0032000000000005, 7.364800000000001, 8.4672, 27.8272]","[0.035, 0.230625, -0.003125, -0.001875, -0.005625, -0.001875]",0,0,29.5,"[1, 1, 1, 1, 1, 1]",90.18805198815896,0.0,0.0,0,0.0
1774904396.0982468,"[0, 0, 0, 0, 0, 0]","[1291, 1500, 1500, 1500]","[-25.08, 0.0, 0.0, 0.0]","[0.0, 0.0, 0.0]",0,2695.456298828125,0,31.502049331665038,"[0.0, -7.4768066393999995, -4.08935546808]","[0, 0, 0]",0,3,0.0,0.0,2.69,0,0,0,4294967.295,3750000.896,0,33815,0,63.923919677734375,90.55455017089844,0.5969807505607605,0,state.PRE_FLIGHT,435,-36,0,-36,0.0,2690,2695,"[10.2, 0.5, 17.0, 10.8, 15.9, 17.0, 0, 0]","[3.638, 3.639, 3.639]",0.187,"[2.9968000000000004, 3.3104, 5.0016, 7.3696, 8.4448, 27.8256]","[0.034375, 0.218125, -0.003125, -0.0025, -0.005, -0.003125]",0,0,29.5,"[1, 1, 1, 1, 1, 1]",90.24375734591716,0.0,0.0,0,0.0
1774904396.1567738,"[0, 0, 0, 0, 0, 0]","[1291, 1500, 1500, 1500]","[-25.08, 0.0, 0.0, 0.0]","[0.0, 0.0, 0.0]",0,2708.958251953125,0,31.502049331665038,"[0.0, 7.65991210812, 12.32910156048]","[0, 0, 0]",0,3,0.0,0.0,2.69,0,0,0,4294967.295,3750000.896,0,33875,0,64.15432739257812,90.61558532714844,0.5969807505607605,0,state.PRE_FLIGHT,436,-37,0,-36,0.0,2690,2708,"[10.6, 0.5, 16.5, 10.6, 15.9, 17.0, 0, 0]","[3.638, 3.639, 3.639]",0.187,"[2.9968000000000004, 3.3104, 5.0016, 7.3696, 8.4448, 27.8256]","[0.034375, 0.218125, -0.003125, -0.0025, -0.005, -0.003125]",0,0,29.5,"[1, 1, 1, 1, 1, 1]",90.2683594036152,0.0,0.0,0,0.0
1774904396.2117703,"[0, 0, 0, 0, 0, 0]","[1291, 1500, 1500, 1500]","[-25.08, 0.0, 0.0, 0.0]","[0.0, 0.0, 0.0]",0,2720.16455078125,0,31.48893348693848,"[0.0, -10.2233886702, -3.11279296824]","[0, 0, 0]",0,3,0.0,0.0,2.713,0,0,0,4294967.295,3750000.896,0,33929,0,64.05138397216797,90.78456115722656,0.5969807505607605,0,state.PRE_FLIGHT,437,-44,0,-227,0.0,2713,2720,"[10.0, 0.5, 17.0, 10.6, 15.5, 17.0, 0, 0]","[3.638, 3.639, 3.639]",0.187,"[2.9952, 3.3120000000000003, 5.0032000000000005, 7.3664000000000005, 8.4288, 27.832]","[0.028125, 0.26375, -0.0025, -0.003125, -0.00125, 0.000625]",0,0,29.5,"[1, 1, 1, 1, 1, 1]",90.34328776155309,0.0,0.0,0,0.0
1774904396.2703016,"[0, 0, 0, 0, 0, 0]","[1291, 1500, 1500, 1500]","[-25.08, 0.0, 0.0, 0.0]","[0.0, 0.0, 0.0]",0,2733.55859375,0,31.49767738342285,"[0.0, -1.00708007796, 6.16455078024]","[0, 0, 0]",0,3,0.0,0.0,2.713,0,0,0,4294967.295,3750000.896,0,33989,0,63.946434020996094,90.775390625,0.5969807505607605,0,state.PRE_FLIGHT,438,-53,0,-51,0.0,2713,2733,"[10.8, 0.5, 16.5, 10.6, 15.9, 16.5, 0, 0]","[3.638, 3.639, 3.639]",0.187,"[2.9952, 3.3120000000000003, 5.0032000000000005, 7.3664000000000005, 8.4288, 27.832]","[0.028125, 0.26375, -0.0025, -0.003125, -0.00125, 0.000625]",0,0,29.5,"[1, 1, 1, 1, 1, 1]",90.3405518878799,0.0,0.0,0,0.0
1774904396.3303056,"[0, 0, 0, 0, 0, 0]","[1291, 1500, 1500, 1500]","[-25.08, 0.0, 0.0, 0.0]","[0.0, 0.0, 0.0]",0,2746.8935546875,0,31.493305435180662,"[0.0, -8.0871582018, 8.605957029839999]","[0, 0, 0]",0,3,0.0,0.0,2.735,0,0,0,4294967.295,3750000.896,0,34049,0,64.15696716308594,91.00547790527344,0.5969807505607605,0,state.PRE_FLIGHT,439,-40,0,-227,0.0,2735,2746,"[10.2, 0.5, 15.9, 10.8, 15.9, 17.6, 0, 0]","[3.638, 3.639, 3.639]",0.187,"[2.9968000000000004, 3.3136, 5.0016, 7.3632, 8.464, 27.8272]","[0.035, 0.228125, -0.004375, -0.001875, -0.0025, -0.0025]",0,0,29.5,"[1, 1, 1, 1, 1, 1]",90.43827681036873,0.0,0.0,0,0.0
1774904396.3935084,"[0, 0, 0, 0, 0, 0]","[1291, 1500, 1500, 1500]","[-25.08, 0.0, 0.0, 0.0]","[0.0, 0.0, 0.0]",0,2760.169677734375,0,31.49767738342285,"[0.0, 6.1340332021199995, 15.47241210684]","[0, 0, 0]",0,3,0.0,0.0,2.757,0,0,0,4294967.295,3750000.896,0,34109,0,64.4359130859375,90.691162109375,0.5969807505607605,0,state.PRE_FLIGHT,440,-34,0,-227,0.0,2757,2760,"[10.6, 0.5, 16.5, 10.6, 15.9, 17.0, 0, 0]","[3.638, 3.639, 3.639]",0.187,"[2.9968000000000004, 3.3136, 5.0016, 7.3632, 8.464, 27.8272]","[0.035, 0.228125, -0.004375, -0.001875, -0.0025, -0.0025]",0,0,29.5,"[1, 1, 1, 1, 1, 1]",90.2982446591557,0.0,0.0,0,0.0
1774904396.4438775,"[0, 0, 0, 0, 0, 0]","[1291, 1500, 1500, 1500]","[-25.08, 0.0, 0.0, 0.0]","[0.0, 0.0, 0.0]",0,2773.388427734375,0,31.49767738342285,"[0.0, -6.8664550769999995, 7.1105957019599995]","[0, 0, 0]",0,3,0.0,0.0,2.757,0,0,0,4294967.295,3750000.896,0,34163,0,64.6265640258789,90.61788940429688,0.5969807505607605,0,state.PRE_FLIGHT,441,-32,0,-32,0.0,2757,2773,"[10.6, 0.5, 16.5, 10.8, 15.5, 16.5, 0, 0]","[3.638, 3.639, 3.639]",0.187,"[2.9968000000000004, 3.3104, 5.0032000000000005, 7.3664000000000005, 8.4464, 27.8288]","[0.03625, 0.628125, 0.000625, 0.000625, -0.00875, 0.004375]",0,0,29.5,"[1, 1, 1, 1, 1, 1]",90.2647714756136,0.0,0.0,0,0.0
1774904396.5039403,"[0, 0, 0, 0, 0, 0]","[1291, 1500, 1500, 1500]","[-25.08, 0.0, 0.0, 0.0]","[0.0, 0.0, 0.0]",0,2786.548828125,0,31.493305435180662,"[0.0, -6.5002441395599995, 11.93237304492]","[0, 0, 0]",0,3,0.0,0.0,2.779,0,0,0,4294967.295,3750000.896,0,34223,0,64.77458190917969,90.50314331054688,0.5969807505607605,0,state.PRE_FLIGHT,442,-32,0,-32,0.0,2779,2786,"[10.6, 0.5, 16.5, 10.4, 16.5, 17.6, 0, 0]","[3.638, 3.639, 3.639]",0.187,"[2.9968000000000004, 3.3104, 5.0032000000000005, 7.3664000000000005, 8.4464, 27.8288]","[0.03625, 0.628125, 0.000625, 0.000625, -0.00875, 0.004375]",0,0,29.5,"[1, 1, 1, 1, 1, 1]",90.21442769151449,0.0,0.0,0,0.0
1774904396.5634868,"[0, 0, 0, 0, 0, 0]","[1291, 1500, 1500, 1500]","[-25.08, 0.0, 0.0, 0.0]","[0.0, 0.0, 0.0]",0,2799.65185546875,0,31.49767738342285,"[0.0, -1.00708007796, 2.4414062496]","[0, 0, 0]",0,3,0.0,0.0,2.779,0,0,0,4294967.295,3750000.896,0,34283,0,64.82801055908203,90.4537124633789,0.5969807505607605,0,state.PRE_FLIGHT,443,-33,0,-32,0.0,2779,2799,"[10.2, 0.5, 15.9, 10.4, 15.9, 17.0, 0, 0]","[3.638, 3.639, 3.639]",0.187,"[2.9968000000000004, 3.3136, 5.0032000000000005, 7.364800000000001, 8.457600000000001, 27.8272]","[0.033125, 0.625625, 0.0025, -0.005, -0.003125, 0.0]",0,0,29.5,"[1, 1, 1, 1, 1, 1]",90.19297899705055,0.0,0.0,0,0.0
1774904396.62749,"[0, 0, 0, 0, 0, 0]","[1291, 1500, 1500, 1500]","[-25.08, 0.0, 0.0, 0.0]","[0.0, 0.0, 0.0]",0,2812.697021484375,0,31.506421279907226,"[0.0, 8.88061523292, 7.1105957019599995]","[0, 0, 0]",0,3,0.0,0.0,2.801,0,0,0,4294967.295,3750000.896,0,34343,0,64.81643676757812,90.3829116821289,0.5969807505607605,0,state.PRE_FLIGHT,444,-35,0,-34,0.0,2801,2812,"[10.4, 0.5, 16.5, 10.6, 15.5, 16.5, 0, 0]","[3.638, 3.639, 3.639]",0.187,"[2.9968000000000004, 3.3136, 5.0032000000000005, 7.364800000000001, 8.457600000000001, 27.8272]","[0.033125, 0.625625, 0.0025, -0.005, -0.003125, 0.0]",0,0,29.5,"[1, 1, 1, 1, 1, 1]",90.16293547127209,0.0,0.0,0,0.0
1774904396.6800249,"[0, 0, 0, 0, 0, 0]","[1291, 1500, 1500, 1500]","[-25.08, 0.0, 0.0, 0.0]","[0.0, 0.0, 0.0]",0,2823.5244140625,0,31.49767738342285,"[0.0, -6.5002441395599995, -3.90624999936]","[0, 0, 0]",0,3,0.0,0.0,2.823,0,0,0,4294967.295,3750000.896,0,34397,0,64.90852355957031,90.61605072021484,0.5969807505607605,0,state.PRE_FLIGHT,445,-36,0,-35,0.0,2823,2823,"[10.4, 0.5, 15.9, 10.8, 15.5, 16.5, 0, 0]","[3.638, 3.639, 3.639]",0.187,"[2.9952, 3.3136, 5.0032000000000005, 7.36, 8.4336, 27.8256]","[0.035, 0.23625000000000002, -0.005, -0.0025, -0.00375, 0.00125]",0,0,29.5,"[1, 1, 1, 1, 1, 1]",90.2612412365164,0.0,0.0,0,0.0
1774904396.7380362,"[0, 0, 0, 0, 0, 0]","[1291, 1500, 1500, 1500]","[-25.08, 0.0, 0.0, 0.0]","[0.0, 0.0, 0.0]",0,2836.465576171875,0,31.506421279907226,"[0.0, 0.03051757812, -0.54931640616]","[0, 0, 0]",0,3,0.0,0.0,2.823,0,0,0,4294967.295,3750000.896,0,34457,0,64.70283508300781,90.7576675415039,0.5969807505607605,0,state.PRE_FLIGHT,446,-34,0,-34,0.0,2823,2836,"[10.4, 0.5, 16.5, 10.8, 15.5, 17.0, 0, 0]","[3.638, 3.639, 3.639]",0.187,"[2.9952, 3.3136, 5.0032000000000005, 7.36, 8.4336, 27.8256]","[0.035, 0.23625000000000002, -0.005, -0.0025, -0.00375, 0.00125]",0,0,29.5,"[1, 1, 1, 1, 1, 1]",90.3237535737209,0.0,0.0,0,0.0
1774904396.7985723,"[0, 0, 0, 0, 0, 0]","[1291, 1500, 1500, 1500]","[-25.08, 0.0, 0.0, 0.0]","[0.0, 0.0, 0.0]",0,2849.349609375,0,31.49767738342285,"[0.0, 4.36401367116, 3.93676757748]","[0, 0, 0]",0,3,0.0,0.0,2.845,0,0,0,4294967.295,3750000.896,0,34517,0,64.72298431396484,90.58306884765625,0.5969807505607605,0,state.PRE_FLIGHT,447,-34,0,-34,0.0,2845,2849,"[10.6, 0.5, 17.0, 10.6, 15.5, 16.5, 0, 0]","[3.638, 3.639, 3.639]",0.187,"[2.9952, 3.3120000000000003, 5.0048, 7.3664000000000005, 8.4608, 27.8272]","[0.035, 0.253125, -0.00125, -0.005, 0.0, -0.003125]",0,0,29.5,"[1, 1, 1, 1, 1, 1]",90.24896405897758,0.0,0.0,0,0.0
1774904396.8618197,"[0, 0, 0, 0, 0, 0]","[1291, 1500, 1500, 1500]","[-25.08, 0.0, 0.0, 0.0]","[0.0, 0.0, 0.0]",0,2862.177001953125,0,31.510793228149414,"[0.0, -6.68334960828, -2.41088867148]","[0, 0, 0]",0,3,0.0,0.0,2.845,0,0,0,4294967.295,3750000.896,0,34577,0,64.82275390625,90.78144073486328,0.5969807505607605,0,state.PRE_FLIGHT,448,-35,0,-34,0.0,2845,2862,"[10.6, 0.5, 16.5, 10.4, 15.5, 17.0, 0, 0]","[3.638, 3.639, 3.639]",0.187,"[2.9952, 3.3120000000000003, 5.0032000000000005, 7.364800000000001, 8.448, 27.8256]","[0.031875, 0.22625, -0.00125, -0.001875, 0.000625, -0.004375]",0,0,29.5,"[1, 1, 1, 1, 1, 1]",90.33243201642648,0.0,0.0,0,0.0
1774904396.916784,"[0, 0, 0, 0, 0, 0]","[1291, 1500, 1500, 1500]","[-25.08, 0.0, 0.0, 0.0]","[0.0, 0.0, 0.0]",0,2874.948486328125,0,31.48893348693848,"[0.0, 4.5471191398799995, 10.65063476388]","[0, 0, 0]",0,3,0.0,0.0,2.866,0,0,0,4294967.295,3750000.896,0,34631,0,64.92572784423828,91.04117584228516,0.5969807505607605,0,state.PRE_FLIGHT,449,-32,0,-33,0.0,2866,2874,"[10.6, 0.5, 16.5, 10.6, 15.9, 16.5, 0, 0]","[3.638, 3.639, 3.639]",0.187,"[2.9952, 3.3120000000000003, 5.0032000000000005, 7.364800000000001, 8.448, 27.8256]","[0.031875, 0.22625, -0.00125, -0.001875, 0.000625, -0.004375]",0,0,29.5,"[1, 1, 1, 1, 1, 1]",90.44122284749547,0.0,0.0,0,0.0
1774904396.9723158,"[0, 0, 0, 0, 0, 0]","[1291, 1500, 1500, 1500]","[-25.08, 0.0, 0.0, 0.0]","[0.0, 0.0, 0.0]",0,2887.66357421875,0,31.510793228149414,"[0.0, 0.39672851556, 7.8430175768399994]","[0, 0, 0]",0,3,0.0,0.0,2.887,0,0,0,4294967.295,3750000.896,0,34691,0,65.1707992553711,90.9581527709961,0.5969807505607605,0,state.PRE_FLIGHT,450,-32,0,-32,0.0,2887,2887,"[10.8, 0.5, 17.0, 10.8, 15.9, 15.9, 0, 0]","[3.638, 3.639, 3.639]",0.187,"[2.9936000000000003, 3.3120000000000003, 5.0032000000000005, 7.3632, 8.4352, 27.8272]","[0.03125, 0.22625, -0.00125, -0.000625, 0.003125, -0.003125]",0,0,29.5,"[1, 1, 1, 1, 1, 1]",90.402326963981,0.0,0.0,0,0.0
1774904397.036887,"[0, 0, 0, 0, 0, 0]","[1291, 1500, 1500, 1500]","[-25.08, 0.0, 0.0, 0.0]","[0.0, 0.0, 0.0]",0,2900.32275390625,0,31.506421279907226,"[0.0, 5.340576171, -12.08496093552]","[0, 0, 0]",0,3,0.0,0.0,2.887,0,0,0,4294967.295,3750000.896,0,34751,0,65.32489776611328,91.06861114501953,0.5969807505607605,0,state.PRE_FLIGHT,451,-32,0,-32,0.0,2887,2900,"[10.6, 0.5, 16.5, 10.2, 15.5, 15.9, 0, 0]","[3.638, 3.639, 3.639]",0.187,"[2.9936000000000003, 3.3120000000000003, 5.0032000000000005, 7.3632, 8.4352, 27.8272]","[0.03125, 0.22625, -0.00125, -0.000625, 0.003125, -0.003125]",0,0,29.5,"[1, 1, 1, 1, 1, 1]",90.44609413634149,0.0,0.0,0,0.0
1774904397.0924177,"[0, 0, 0, 0, 0, 0]","[1291, 1500, 1500, 1500]","[-25.08, 0.0, 0.0, 0.0]","[0.0, 0.0, 0.0]",0,2912.926513671875,0,31.510793228149414,"[0.0, -12.969970701, 2.10571289028]","[0, 0, 0]",0,3,0.0,0.0,2.908,0,0,0,4294967.295,3750000.896,0,34811,0,65.42134857177734,91.3402099609375,0.5969807505607605,0,state.PRE_FLIGHT,452,-32,0,-32,0.0,2908,2912,"[10.6, 0.5, 17.0, 10.6, 15.9, 17.0, 0, 0]","[3.638, 3.639, 3.639]",0.187,"[2.9952, 3.3104, 5.0016, 7.3632, 8.4448, 27.8256]","[0.034375, 0.27875, 0.001875, -0.004375, -0.0025, -0.006875]",0,0,29.5,"[1, 1, 1, 1, 1, 1]",90.55740754393791,0.0,0.0,0,0.0
1774904397.1464329,"[0, 0, 0, 0, 0, 0]","[1291, 1500, 1500, 1500]","[-25.08, 0.0, 0.0, 0.0]","[0.0, 0.0, 0.0]",0,2923.3876953125,0,31.51953712463379,"[0.0, -12.3596191386, -12.84790038852]","[0, 0, 0]",0,3,0.0,0.0,2.908,0,0,0,4294967.295,3750000.896,0,34865,0,65.6503677368164,91.63286590576172,0.5969807505607605,0,state.PRE_FLIGHT,453,-30,0,-31,0.0,2908,2923,"[10.6, 0.5, 16.5, 10.2, 15.5, 16.5, 0, 0]","[3.638, 3.639, 3.639]",0.187,"[2.9952, 3.3104, 5.0016, 7.3632, 8.4448, 27.8256]","[0.034375, 0.27875, 0.001875, -0.004375, -0.0025, -0.006875]",0,0,29.5,"[1, 1, 1, 1, 1, 1]",90.67316101901336,0.0,0.0,0,0.0
1774904397.2109454,"[0, 0, 0, 0, 0, 0]","[1291, 1500, 1500, 1500]","[-25.08, 0.0, 0.0, 0.0]","[0.0, 0.0, 0.0]",0,2935.8896484375,0,31.53702491760254,"[0.0, 0.21362304684, 11.93237304492]","[0, 0, 0]",0,3,0.0,0.0,2.929,0,0,0,4294967.295,3750000.896,0,34925,0,65.68671417236328,91.56144714355469,0.5969807505607605,0,state.PRE_FLIGHT,454,-30,0,-30,0.0,2929,2935,"[10.4, 0.5, 16.5, 10.6, 15.9, 17.0, 0, 0]","[3.638, 3.639, 3.639]",0.187,"[2.9968000000000004, 3.3120000000000003, 5.0048, 7.3664000000000005, 8.4448, 27.8256]","[0.035, 0.58625, -0.00375, 0.0, -0.003125, -0.003125]",0,0,29.5,"[1, 1, 1, 1, 1, 1]",90.6428218054076,0.0,0.0,0,0.0
1774904397.2664998,"[0, 0, 0, 0, 0, 0]","[1291, 1500, 1500, 1500]","[-25.08, 0.0, 0.0, 0.0]","[0.0, 0.0, 0.0]",0,2948.3369140625,0,31.51953712463379,"[0.0, -9.06372070164, 8.20922851428]","[0, 0, 0]",0,3,0.0,0.0,2.929,0,0,0,4294967.295,3750000.896,0,34985,0,65.74015045166016,91.60604095458984,0.5969807505607605,0,state.PRE_FLIGHT,455,-30,0,-30,0.0,2929,2948,"[10.2, 0.5, 17.0, 10.6, 16.5, 15.9, 0, 0]","[3.638, 3.639, 3.639]",0.187,"[2.9968000000000004, 3.3120000000000003, 5.0048, 7.3664000000000005, 8.4448, 27.8256]","[0.035, 0.58625, -0.00375, 0.0, -0.003125, -0.003125]",0,0,29.5,"[1, 1, 1, 1, 1, 1]",90.65981118944629,0.0,0.0,0,0.0
1774904397.3265142,"[0, 0, 0, 0, 0, 0]","[1291, 1500, 1500, 1500]","[-25.08, 0.0, 0.0, 0.0]","[0.0, 0.0, 0.0]",0,2960.7294921875,0,31.532652969360353,"[0.0, 0.57983398428, 3.93676757748]","[0, 0, 0]",0,3,0.0,0.0,2.95,0,0,0,4294967.295,3750000.896,0,35045,0,65.73588562011719,91.60543823242188,0.5969807505607605,0,state.PRE_FLIGHT,456,-31,0,-30,0.0,2950,2960,"[10.6, 0.5, 15.9, 10.4, 15.5, 18.2, 0, 0]","[3.638, 3.639, 3.639]",0.187,"[2.9936000000000003, 3.3120000000000003, 5.0016, 7.3584000000000005, 8.4656, 27.8288]","[0.0375, 0.60375, -0.003125, 0.00125, -0.004375, -0.000625]",0,0,29.5,"[1, 1, 1, 1, 1, 1]",90.65967256596238,0.0,0.0,0,0.0
1774904397.3800552,"[0, 0, 0, 0, 0, 0]","[1291, 1500, 1500, 1500]","[-25.08, 0.0, 0.0, 0.0]","[0.0, 0.0, 0.0]",0,2971.014892578125,0,31.5151651763916,"[0.0, 7.4768066393999995, 5.43212890536]","[0, 0, 0]",0,3,0.0,0.0,2.971,0,0,0,4294967.295,3750000.896,0,35099,0,65.44640350341797,91.72648620605469,0.5969807505607605,0,state.PRE_FLIGHT,457,-32,0,-31,0.0,2971,2971,"[10.2, 0.5, 17.0, 10.8, 15.5, 17.0, 0, 0]","[3.638, 3.639, 3.639]",0.187,"[2.9936000000000003, 3.3120000000000003, 5.0016, 7.3584000000000005, 8.4656, 27.8288]","[0.0375, 0.60375, -0.003125, 0.00125, -0.004375, -0.000625]",0,0,29.5,"[1, 1, 1, 1, 1, 1]",90.71734162714974,0.0,0.0,0,0.0
1774904397.4402528,"[0, 0, 0, 0, 0, 0]","[1291, 1500, 1500, 1500]","[-25.08, 0.0, 0.0, 0.0]","[0.0, 0.0, 0.0]",0,2983.30712890625,0,31.506421279907226,"[0.0, -5.5236816397199995, 5.43212890536]","[0, 0, 0]",0,3,0.0,0.0,2.971,0,0,0,4294967.295,3750000.896,0,35159,0,65.29655456542969,91.87357330322266,0.5969807505607605,0,state.PRE_FLIGHT,458,-32,0,-32,0.0,2971,2983,"[10.4, 0.5, 15.9, 10.4, 16.5, 17.0, 0, 0]","[3.638, 3.639, 3.639]",0.187,"[2.9968000000000004, 3.3152000000000004, 5.0032000000000005, 7.3616, 8.4352, 27.832]","[0.031875, 0.22875, 0.00125, -0.000625, -0.005, 0.001875]",0,0,29.5,"[1, 1, 1, 1, 1, 1]",90.7828917753596,0.0,0.0,0,0.0
1774904397.502049,"[0, 0, 0, 0, 0, 0]","[1291, 1500, 1500, 1500]","[-25.08, 0.0, 0.0, 0.0]","[0.0, 0.0, 0.0]",0,2995.54541015625,0,31.51953712463379,"[0.0, -1.12915039044, -3.11279296824]","[0, 0, 0]",0,3,0.0,0.0,2.991,0,0,0,4294967.295,3750000.896,0,35219,0,65.45066833496094,91.85895538330078,0.5969807505607605,0,state.PRE_FLIGHT,459,-32,0,-32,0.0,2991,2995,"[10.8, 0.5, 16.5, 10.4, 16.5, 15.9, 0, 0]","[3.638, 3.639, 3.639]",0.187,"[2.9968000000000004, 3.3152000000000004, 5.0032000000000005, 7.3616, 8.4352, 27.832]","[0.031875, 0.22875, 0.00125, -0.000625, -0.005, 0.001875]",0,0,29.5,"[1, 1, 1, 1, 1, 1]",90.77224028034519,0.0,0.0,0,0.0
1774904397.5625927,"[0, 0, 0, 0, 0, 0]","[1291, 1500, 1500, 1500]","[-25.08, 0.0, 0.0, 0.0]","[0.0, 0.0, 0.0]",0,3007.730224609375,0,31.5501407623291,"[0.0, 1.55639648412, -10.40649413892]","[0, 0, 0]",0,3,0.0,0.0,2.991,0,0,0,4294967.295,3750000.896,0,35279,0,65.8043441772461,91.79181671142578,0.5969807505607605,0,state.PRE_FLIGHT,460,-32,0,-32,0.0,2991,3007,"[10.6, 0.5, 16.5, 10.4, 15.9, 16.5, 0, 0]","[3.638, 3.639, 3.639]",0.187,"[2.9984, 3.3120000000000003, 5.0048, 7.3664000000000005, 8.4656, 27.8288]","[0.033125, 0.239375, -0.00125, -0.00125, -0.00125, -0.00125]",0,0,29.5,"[1, 1, 1, 1, 1, 1]",90.73428342378143,0.0,0.0,0,0.0
1774904397.6145942,"[0, 0, 0, 0, 0, 0]","[1291, 1500, 1500, 1500]","[-25.08, 0.0, 0.0, 0.0]","[0.0, 0.0, 0.0]",0,3019.861328125,0,31.545768814086912,"[0.0, 9.24682617036, 2.07519531216]","[0, 0, 0]",0,3,0.0,0.0,3.011,0,0,0,4294967.295,3750000.896,0,35333,0,65.63743591308594,91.84103393554688,0.5969807505607605,0,state.PRE_FLIGHT,461,-33,0,-32,0.0,3011,3019,"[10.4, 0.5, 17.0, 10.4, 16.5, 17.0, 0, 0]","[3.638, 3.639, 3.639]",0.187,"[2.9936000000000003, 3.3136, 5.0016, 7.364800000000001, 8.4464, 27.8256]","[0.03, 0.2475, -0.00125, -0.0025, -0.005, -0.00375]",0,0,29.5,"[1, 1, 1, 1, 1, 1]",90.75933520614788,0.0,0.0,0,0.0
1774904397.6740572,"[0, 0, 0, 0, 0, 0]","[1291, 1500, 1500, 1500]","[-25.08, 0.0, 0.0, 0.0]","[0.0, 0.0, 0.0]",0,3031.93896484375,0,31.5501407623291,"[0.0, 1.00708007796, 9.70458984216]","[0, 0, 0]",0,3,0.0,0.0,3.031,0,0,0,4294967.295,3750000.896,0,35393,0,65.74885559082031,91.81050109863281,0.5969807505607605,0,state.PRE_FLIGHT,462,-32,0,-32,0.0,3031,3031,"[10.2, 0.5, 17.6, 10.4, 15.5, 15.9, 0, 0]","[3.638, 3.639, 3.639]",0.187,"[2.9936000000000003, 3.3136, 5.0016, 7.364800000000001, 8.4464, 27.8256]","[0.03, 0.2475, -0.00125, -0.0025, -0.005, -0.00375]",0,0,29.5,"[1, 1, 1, 1, 1, 1]",90.74353702544052,0.0,0.0,0,0.0
1774904397.7390735,"[0, 0, 0, 0, 0, 0]","[1291, 1500, 1500, 1500]","[-25.08, 0.0, 0.0, 0.0]","[0.0, 0.0, 0.0]",0,3043.962646484375,0,31.532652969360353,"[0.0, -1.80053710908, 5.7983398428]","[0, 0, 0]",0,3,0.0,0.0,3.031,0,0,0,4294967.295,3750000.896,0,35453,0,65.78578186035156,91.89900207519531,0.5969807505607605,0,state.PRE_FLIGHT,463,-31,0,-31,0.0,3031,3043,"[10.8, 0.5, 16.5, 10.8, 15.5, 16.5, 0, 0]","[3.638, 3.639, 3.639]",0.187,"[2.9952, 3.3104, 5.0048, 7.3616, 8.4512, 27.8272]","[0.035625000000000004, 0.265625, -0.003125, 0.000625, -0.00375, -0.00125]",0,0,29.5,"[1, 1, 1, 1, 1, 1]",90.77875588339332,0.0,0.0,0,0.0
1774904397.7945945,"[0, 0, 0, 0, 0, 0]","[1291, 1500, 1500, 1500]","[-25.08, 0.0, 0.0, 0.0]","[0.0, 0.0, 0.0]",0,3055.9345703125,0,31.541396865844728,"[0.0, 4.9133300773199995, 5.24902343664]","[0, 0, 0]",0,3,0.0,0.0,3.051,0,0,0,4294967.295,3750000.896,0,35513,0,65.8392105102539,91.90510559082031,0.5969807505607605,0,state.PRE_FLIGHT,464,-32,0,-31,0.0,3051,3055,"[10.8, 0.5, 17.0, 10.6, 15.9, 15.5, 0, 0]","[3.638, 3.639, 3.639]",0.187,"[2.9952, 3.3104, 5.0048, 7.3616, 8.4512, 27.8272]","[0.035625000000000004, 0.265625, -0.003125, 0.000625, -0.00375, -0.00125]",0,0,29.5,"[1, 1, 1, 1, 1, 1]",90.77963767702514,0.0,0.0,0,0.0
1774904397.8480656,"[0, 0, 0, 0, 0, 0]","[1291, 1500, 1500, 1500]","[-25.08, 0.0, 0.0, 0.0]","[0.0, 0.0, 0.0]",0,3065.8681640625,0,31.5501407623291,"[0.0, -0.39672851556, -2.22778320276]","[0, 0, 0]",0,3,0.0,0.0,3.051,0,0,0,4294967.295,3750000.896,0,35567,0,65.8268051147461,92.0429458618164,0.5969807505607605,0,state.PRE_FLIGHT,465,-31,0,-31,0.0,3051,3065,"[10.6, 0.5, 16.5, 10.6, 15.9, 17.0, 0, 0]","[3.638, 3.639, 3.639]",0.187,"[2.9952, 3.3136, 5.0048, 7.368, 8.456000000000001, 27.824]","[0.031875, 0.5825, -0.001875, 0.000625, -0.005625, 0.0]",0,0,29.5,"[1, 1, 1, 1, 1, 1]",90.83643115495276,0.0,0.0,0,0.0
1774904397.9079223,"[0, 0, 0, 0, 0, 0]","[1291, 1500, 1500, 1500]","[-25.08, 0.0, 0.0, 0.0]","[0.0, 0.0, 0.0]",0,3077.740234375,0,31.541396865844728,"[0.0, 5.340576171, 8.605957029839999]","[0, 0, 0]",0,3,0.0,0.0,3.071,0,0,0,4294967.295,3750000.896,0,35627,0,65.77793884277344,92.01858520507812,0.5969807505607605,0,state.PRE_FLIGHT,466,-30,0,-30,0.0,3071,3077,"[10.6, 0.5, 15.5, 10.2, 15.5, 16.5, 0, 0]","[3.638, 3.639, 3.639]",0.187,"[2.9952, 3.3136, 5.0048, 7.368, 8.456000000000001, 27.824]","[0.031875, 0.5825, -0.001875, 0.000625, -0.005625, 0.0]",0,0,29.5,"[1, 1, 1, 1, 1, 1]",90.82803095160097,0.0,0.0,0,0.0
1774904397.9741404,"[0, 0, 0, 0, 0, 0]","[1291, 1500, 1500, 1500]","[-25.08, 0.0, 0.0, 0.0]","[0.0, 0.0, 0.0]",0,3089.560546875,0,31.528281021118165,"[0.0, -4.1198730462, -5.9509277334]","[0, 0, 0]",0,3,0.0,0.0,3.071,0,0,0,4294967.295,3750000.896,0,35687,0,65.61128234863281,92.06681823730469,0.5969807505607605,0,state.PRE_FLIGHT,467,-30,0,-30,0.0,3071,3089,"[10.4, 0.5, 15.9, 10.4, 15.9, 17.0, 0, 0]","[3.638, 3.639, 3.639]",0.187,"[2.9936000000000003, 3.3056, 5.0048, 7.368, 8.440000000000001, 27.8256]","[0.035625000000000004, 0.620625, -0.003125, 0.00125, -0.003125, 0.00375]",0,0,29.5,"[1, 1, 1, 1, 1, 1]",90.85328758198006,0.0,0.0,0,0.0
1774904398.0286717,"[0, 0, 0, 0, 0, 0]","[1291, 1500, 1500, 1500]","[-25.08, 0.0, 0.0, 0.0]","[0.0, 0.0, 0.0]",0,3101.328857421875,0,31.545768814086912,"[0.0, 5.09643554604, 12.87841796664]","[0, 0, 0]",0,3,0.0,0.0,3.091,0,0,0,4294967.295,3750000.896,0,35747,0,65.78034210205078,92.08511352539062,0.5969807505607605,0,state.PRE_FLIGHT,468,-30,0,-30,0.0,3091,3101,"[10.4, 0.5, 17.6, 10.4, 15.9, 16.5, 0, 0]","[3.638, 3.639, 3.639]",0.187,"[2.9936000000000003, 3.3056, 5.0048, 7.368, 8.440000000000001, 27.8256]","[0.035625000000000004, 0.620625, -0.003125, 0.00125, -0.003125, 0.00375]",0,0,29.5,"[1, 1, 1, 1, 1, 1]",90.85523149512466,0.0,0.0,0,0.0
1774904398.0829766,"[0, 0, 0, 0, 0, 0]","[1291, 1500, 1500, 1500]","[-25.08, 0.0, 0.0, 0.0]","[0.0, 0.0, 0.0]",0,3113.04248046875,0,31.5501407623291,"[0.0, -12.42065429484, -7.04956054572]","[0, 0, 0]",0,3,0.0,0.0,3.111,0,0,0,4294967.295,3750000.896,0,35801,0,65.55156707763672,92.42671203613281,0.5969807505607605,0,state.PRE_FLIGHT,469,-32,0,-31,0.0,3111,3113,"[10.4, 0.5, 15.9, 10.8, 15.5, 17.0, 0, 0]","[3.638, 3.639, 3.639]",0.187,"[2.9952, 3.3120000000000003, 5.0032000000000005, 7.3616, 8.440000000000001, 27.8272]","[0.031875, 0.553125, -0.000625, -0.003125, -0.006875, 0.005]",0,0,29.5,"[1, 1, 1, 1, 1, 1]",91.00410439298592,0.0,0.0,0,0.0
1774904398.1469848,"[0, 0, 0, 0, 0, 0]","[1291, 1500, 1500, 1500]","[-25.08, 0.0, 0.0, 0.0]","[0.0, 0.0, 0.0]",0,3124.707275390625,0,31.563256607055663,"[0.0, 1.55639648412, 13.06152343536]","[0, 0, 0]",0,3,0.0,0.0,3.111,0,0,0,4294967.295,3750000.896,0,35861,0,65.70535278320312,92.33942413330078,0.5969807505607605,0,state.PRE_FLIGHT,470,-34,0,-33,0.0,3111,3124,"[10.8, 0.5, 16.5, 10.4, 16.5, 16.5, 0, 0]","[3.638, 3.639, 3.639]",0.187,"[2.9952, 3.3120000000000003, 5.0032000000000005, 7.3616, 8.440000000000001, 27.8272]","[0.031875, 0.553125, -0.000625, -0.003125, -0.006875, 0.005]",0,0,29.5,"[1, 1, 1, 1, 1, 1]",90.96228524476115,0.0,0.0,0,0.0
1774904398.2075214,"[0, 0, 0, 0, 0, 0]","[1291, 1500, 1500, 1500]","[-25.08, 0.0, 0.0, 0.0]","[0.0, 0.0, 0.0]",0,3136.3173828125,0,31.558884658813476,"[0.0, 4.1198730462, -11.35253906064]","[0, 0, 0]",0,3,0.0,0.0,3.13,0,0,0,4294967.295,3750000.896,0,35921,0,65.7572021484375,92.18437957763672,0.5969807505607605,0,state.PRE_FLIGHT,471,-34,0,-33,0.0,3130,3136,"[10.4, 0.5, 17.0, 10.6, 15.9, 17.0, 0, 0]","[3.638, 3.639, 3.639]",0.187,"[2.9936000000000003, 3.3120000000000003, 5.0048, 7.36, 8.4656, 27.820800000000002]","[0.031875, 0.2425, -0.00125, -0.004375, 0.00125, 0.000625]",0,0,29.5,"[1, 1, 1, 1, 1, 1]",90.89673486513072,0.0,0.0,0,0.0
1774904398.265055,"[0, 0, 0, 0, 0, 0]","[1291, 1500, 1500, 1500]","[-25.08, 0.0, 0.0, 0.0]","[0.0, 0.0, 0.0]",0,3147.87548828125,0,31.558884658813476,"[0.0, 1.3732910154, 10.25390624832]","[0, 0, 0]",0,3,0.0,0.0,3.13,0,0,0,4294967.295,3750000.896,0,35981,0,65.85122680664062,92.22160339355469,0.5969807505607605,0,state.PRE_FLIGHT,472,-34,0,-34,0.0,3130,3147,"[10.6, 0.5, 15.9, 10.6, 15.5, 17.0, 0, 0]","[3.638, 3.639, 3.639]",0.187,"[2.9968000000000004, 3.3136, 5.0048, 7.3664000000000005, 8.4336, 27.8288]","[0.038125, 0.201875, 0.0, -0.003125, 0.0, -0.001875]",0,0,29.5,"[1, 1, 1, 1, 1, 1]",90.90868467932107,0.0,0.0,0,0.0
1774904398.3190439,"[0, 0, 0, 0, 0, 0]","[1291, 1500, 1500, 1500]","[-25.08, 0.0, 0.0, 0.0]","[0.0, 0.0, 0.0]",0,3157.470703125,0,31.56762855529785,"[0.0, -7.90405273308, -12.63427734168]","[0, 0, 0]",0,3,0.0,0.0,3.149,0,0,0,4294967.295,3750000.896,0,36035,0,65.5733413696289,92.1900863647461,0.5969807505607605,0,state.PRE_FLIGHT,473,-33,0,-33,0.0,3149,3157,"[11.1, 0.5, 17.0, 10.4, 15.0, 15.9, 0, 0]","[3.638, 3.639, 3.639]",0.187,"[2.9968000000000004, 3.3136, 5.0048, 7.3664000000000005, 8.4336, 27.8288]","[0.038125, 0.201875, 0.0, -0.003125, 0.0, -0.001875]",0,0,29.5,"[1, 1, 1, 1, 1, 1]",90.90547943678972,0.0,0.0,0,0.0
1774904398.3805795,"[0, 0, 0, 0, 0, 0]","[1291, 1500, 1500, 1500]","[-25.08, 0.0, 0.0, 0.0]","[0.0, 0.0, 0.0]",0,3168.934326171875,0,31.56762855529785,"[0.0, -4.1198730462, -10.77270507636]","[0, 0, 0]",0,3,0.0,0.0,3.168,0,0,0,4294967.295,3750000.896,0,36095,0,65.71282196044922,92.23157501220703,0.5969807505607605,0,state.PRE_FLIGHT,474,-32,0,-32,0.0,3168,3168,"[10.4, 0.5, 15.9, 10.8, 15.9, 17.0, 0, 0]","[3.638, 3.639, 3.639]",0.187,"[2.9952, 3.3104, 5.0016, 7.3664000000000005, 8.4656, 27.8272]","[0.03375, 0.23125, 0.001875, -0.00375, -0.003125, -0.0075]",0,0,29.5,"[1, 1, 1, 1, 1, 1]",90.91767717567798,0.0,0.0,0,0.0
1774904398.4384677,"[0, 0, 0, 0, 0, 0]","[1291, 1500, 1500, 1500]","[-25.08, 0.0, 0.0, 0.0]","[0.0, 0.0, 0.0]",0,3180.349365234375,0,31.593860244750978,"[0.0, -12.78686523228, -6.31713867084]","[0, 0, 0]",0,3,0.0,0.0,3.168,0,0,0,4294967.295,3750000.896,0,36155,0,65.64871215820312,92.23462677001953,0.5969807505607605,0,state.PRE_FLIGHT,475,-33,0,-32,0.0,3168,3180,"[10.4, 0.5, 16.5, 10.6, 15.9, 16.5, 0, 0]","[3.638, 3.639, 3.639]",0.187,"[2.9952, 3.3104, 5.0016, 7.3664000000000005, 8.4656, 27.8272]","[0.03375, 0.23125, 0.001875, -0.00375, -0.003125, -0.0075]",0,0,29.5,"[1, 1, 1, 1, 1, 1]",90.9212098323724,0.0,0.0,0,0.0
1774904398.4965382,"[0, 0, 0, 0, 0, 0]","[1291, 1500, 1500, 1500]","[-25.08, 0.0, 0.0, 0.0]","[0.0, 0.0, 0.0]",0,3191.709228515625,0,31.57200050354004,"[0.0, 7.4768066393999995, 8.97216796728]","[0, 0, 0]",0,3,0.0,0.0,3.187,0,0,0,4294967.295,3750000.896,0,36215,0,65.75067138671875,92.45311737060547,0.5969807505607605,0,state.PRE_FLIGHT,476,-32,0,-31,0.0,3187,3191,"[10.4, 0.5, 16.5, 10.4, 15.5, 17.0, 0, 0]","[3.638, 3.639, 3.639]",0.187,"[2.9968000000000004, 3.3120000000000003, 5.0032000000000005, 7.3616, 8.440000000000001, 27.8256]","[0.0325, 0.2425, -0.005625, -0.000625, -0.00375, 0.000625]",0,0,29.5,"[1, 1, 1, 1, 1, 1]",91.00725943700579,0.0,0.0,0,0.0
1774904398.5570817,"[0, 0, 0, 0, 0, 0]","[1291, 1500, 1500, 1500]","[-25.08, 0.0, 0.0, 0.0]","[0.0, 0.0, 0.0]",0,3201.139892578125,0,31.576372451782227,"[0.0, 7.29370117068, 5.61523437408]","[0, 0, 0]",0,3,0.0,0.0,3.187,0,0,0,4294967.295,3750000.896,0,36269,0,65.76644134521484,92.54395294189453,0.5969807505607605,0,state.PRE_FLIGHT,477,-32,0,-227,0.0,3187,3201,"[10.4, 0.5, 16.5, 10.6, 15.5, 17.6, 0, 0]","[3.638, 3.639, 3.639]",0.187,"[2.9968000000000004, 3.3120000000000003, 5.0032000000000005, 7.3616, 8.440000000000001, 27.8256]","[0.0325, 0.2425, -0.005625, -0.000625, -0.00375, 0.000625]",0,0,29.5,"[1, 1, 1, 1, 1, 1]",91.0438985065166,0.0,0.0,0,0.0
1774904398.6140733,"[0, 0, 0, 0, 0, 0]","[1291, 1500, 1500, 1500]","[-25.08, 0.0, 0.0, 0.0]","[0.0, 0.0, 0.0]",0,3212.408447265625,0,31.56762855529785,"[0.0, 0.39672851556, 10.070800779599999]","[0, 0, 0]",0,3,0.0,0.0,3.206,0,0,0,4294967.295,3750000.896,0,36329,0,66.20893096923828,92.6043930053711,0.5969807505607605,0,state.PRE_FLIGHT,478,-32,0,-227,0.0,3206,3212,"[10.6, 0.5, 16.5, 10.6, 16.5, 16.5, 0, 0]","[3.638, 3.639, 3.639]",0.187,"[2.9952, 3.3120000000000003, 5.0016, 7.364800000000001, 8.459200000000001, 27.8256]","[0.035625000000000004, 0.275, 0.000625, -0.004375, -0.0025, -0.001875]",0,0,29.5,"[1, 1, 1, 1, 1, 1]",91.05031616526578,0.0,0.0,0,0.0
1774904398.670617,"[0, 0, 0, 0, 0, 0]","[1291, 1500, 1500, 1500]","[-25.08, 0.0, 0.0, 0.0]","[0.0, 0.0, 0.0]",0,3223.62841796875,0,31.580744400024415,"[0.0, -5.340576171, -2.5939941402]","[0, 0, 0]",0,3,0.0,0.0,3.206,0,0,0,4294967.295,3750000.896,0,36389,0,66.5919189453125,92.81561279296875,0.5969807505607605,0,state.PRE_FLIGHT,479,-33,0,-227,0.0,3206,3223,"[10.6, 0.5, 16.5, 11.1, 15.9, 17.6, 0, 0]","[3.638, 3.639, 3.639]",0.187,"[2.9952, 3.3120000000000003, 5.0016, 7.364800000000001, 8.459200000000001, 27.8256]","[0.035625000000000004, 0.275, 0.000625, -0.004375, -0.0025, -0.001875]",0,0,29.5,"[1, 1, 1, 1, 1, 1]",91.11819995258563,0.0,0.0,0,0.0
1774904398.730621,"[0, 0, 0, 0, 0, 0]","[1291, 1500, 1500, 1500]","[-25.08, 0.0, 0.0, 0.0]","[0.0, 0.0, 0.0]",0,3234.79345703125,0,31.58948829650879,"[0.0, 4.1198730462, 8.605957029839999]","[0, 0, 0]",0,3,0.0,0.0,3.225,0,0,0,4294967.295,3750000.896,0,36449,0,66.70880889892578,92.58490753173828,0.5969807505607605,0,state.PRE_FLIGHT,480,-34,0,-227,0.0,3225,3234,"[10.4, 0.5, 16.5, 10.8, 15.0, 17.0, 0, 0]","[3.638, 3.639, 3.639]",0.187,"[2.9952, 3.3136, 5.0032000000000005, 7.3632, 8.4512, 27.8272]","[0.038125, 0.633125, -0.0025, 0.0025, -0.008125, 0.000625]",0,0,29.5,"[1, 1, 1, 1, 1, 1]",91.02179100747638,0.0,0.0,0,0.0
1774904398.7861583,"[0, 0, 0, 0, 0, 0]","[1291, 1500, 1500, 1500]","[-25.08, 0.0, 0.0, 0.0]","[0.0, 0.0, 0.0]",0,3245.91259765625,0,31.585116348266602,"[0.0, -1.9836425778, 11.19995117004]","[0, 0, 0]",0,3,0.0,0.0,3.244,0,0,0,4294967.295,3750000.896,0,36503,0,66.79320526123047,92.58866119384766,0.5969807505607605,0,state.PRE_FLIGHT,481,-35,0,-34,0.0,3244,3245,"[10.4, 0.5, 17.0, 10.4, 15.9, 17.0, 0, 0]","[3.638, 3.639, 3.639]",0.187,"[2.9952, 3.3136, 5.0032000000000005, 7.3632, 8.4512, 27.8272]","[0.038125, 0.633125, -0.0025, 0.0025, -0.008125, 0.000625]",0,0,29.5,"[1, 1, 1, 1, 1, 1]",91.0197711267443,0.0,0.0,0,0.0
1774904398.8491716,"[0, 0, 0, 0, 0, 0]","[1291, 1500, 1500, 1500]","[-25.08, 0.0, 0.0, 0.0]","[0.0, 0.0, 0.0]",0,3256.97998046875,0,31.60260414123535,"[0.0, -3.69262695252, -1.8310546872]","[0, 0, 0]",0,3,0.0,0.0,3.244,0,0,0,4294967.295,3750000.896,0,36563,0,66.76663970947266,92.52396392822266,0.5969807505607605,0,state.PRE_FLIGHT,482,-33,0,-34,0.0,3244,3256,"[10.6, 0.5, 16.5, 10.4, 17.0, 17.0, 0, 0]","[3.638, 3.639, 3.639]",0.187,"[2.9952, 3.3136, 5.0016, 7.36, 8.4336, 27.8272]","[0.038125, 0.58, -0.003125, -0.000625, -0.005625, 0.001875]",0,0,29.5,"[1, 1, 1, 1, 1, 1]",90.99537381971871,0.0,0.0,0,0.0
1774904398.9057107,"[0, 0, 0, 0, 0, 0]","[1291, 1500, 1500, 1500]","[-25.08, 0.0, 0.0, 0.0]","[0.0, 0.0, 0.0]",0,3267.99560546875,0,31.58948829650879,"[0.0, 7.4768066393999995, 6.53076171768]","[0, 0, 0]",0,3,0.0,0.0,3.262,0,0,0,4294967.295,3750000.896,0,36623,0,67.01355743408203,92.6936264038086,0.5969807505607605,0,state.PRE_FLIGHT,483,-30,0,-32,0.0,3262,3267,"[10.6, 0.5, 16.5, 10.6, 16.5, 17.0, 0, 0]","[3.638, 3.639, 3.639]",0.187,"[2.9952, 3.3136, 5.0016, 7.36, 8.4336, 27.8272]","[0.038125, 0.58, -0.003125, -0.000625, -0.005625, 0.001875]",0,0,29.5,"[1, 1, 1, 1, 1, 1]",91.05156854787353,0.0,0.0,0,0.0
1774904398.9654713,"[0, 0, 0, 0, 0, 0]","[1291, 1500, 1500, 1500]","[-25.08, 0.0, 0.0, 0.0]","[0.0, 0.0, 0.0]",0,3278.96240234375,0,31.593860244750978,"[0.0, -4.6691894523599995, 6.34765624896]","[0, 0, 0]",0,3,0.0,0.0,3.262,0,0,0,4294967.295,3750000.896,0,36683,0,67.26597595214844,92.93838500976562,0.5969807505607605,0,state.PRE_FLIGHT,484,-32,0,-31,0.0,3262,3278,"[10.4, 0.5, 15.9, 10.6, 15.5, 17.0, 0, 0]","[3.638, 3.639, 3.639]",0.187,"[2.9984, 3.3120000000000003, 5.0032000000000005, 7.3616, 8.4608, 27.822400000000002]","[0.034375, 0.226875, -0.003125, -0.00125, -0.00625, -0.0025]",0,0,29.5,"[1, 1, 1, 1, 1, 1]",91.13512662480677,0.0,0.0,0,0.0
1774904399.0189898,"[0, 0, 0, 0, 0, 0]","[1291, 1500, 1500, 1500]","[-25.08, 0.0, 0.0, 0.0]","[0.0, 0.0, 0.0]",0,3288.06396484375,0,31.593860244750978,"[0.0, 0.57983398428, 7.8430175768399994]","[0, 0, 0]",0,3,0.0,0.0,3.28,0,0,0,4294967.295,3750000.896,0,36737,0,67.41017150878906,93.0259017944336,0.5969807505607605,0,state.PRE_FLIGHT,485,-32,0,-32,0.0,3280,3288,"[10.6, 0.5, 15.9, 10.4, 15.5, 16.5, 0, 0]","[3.638, 3.639, 3.639]",0.187,"[2.9984, 3.3120000000000003, 5.0032000000000005, 7.3616, 8.4608, 27.822400000000002]","[0.034375, 0.226875, -0.003125, -0.00125, -0.00625, -0.0025]",0,0,29.5,"[1, 1, 1, 1, 1, 1]",91.16188335099064,0.0,0.0,0,0.0
1774904399.0785315,"[0, 0, 0, 0, 0, 0]","[1291, 1500, 1500, 1500]","[-25.08, 0.0, 0.0, 0.0]","[0.0, 0.0, 0.0]",0,3298.939208984375,0,31.606976089477538,"[0.0, 6.5612792958, 1.34277343728]","[0, 0, 0]",0,3,0.0,0.0,3.298,0,0,0,4294967.295,3750000.896,0,36797,0,67.47119140625,92.97584533691406,0.5969807505607605,0,state.PRE_FLIGHT,486,-35,0,-33,0.0,3298,3298,"[10.6, 0.5, 15.9, 10.8, 15.9, 15.9, 0, 0]","[3.638, 3.639, 3.639]",0.187,"[2.9952, 3.3120000000000003, 5.0032000000000005, 7.3664000000000005, 8.4656, 27.824]","[0.030625, 0.24625, -0.0025, -0.00125, -0.000625, -0.001875]",0,0,29.5,"[1, 1, 1, 1, 1, 1]",91.13975154571894,0.0,0.0,0,0.0
1774904399.1395504,"[0, 0, 0, 0, 0, 0]","[1291, 1500, 1500, 1500]","[-25.08, 0.0, 0.0, 0.0]","[0.0, 0.0, 0.0]",0,3309.765869140625,0,31.628835830688477,"[0.0, 5.70678710844, 3.17382812448]","[0, 0, 0]",0,3,0.0,0.0,3.298,0,0,0,4294967.295,3750000.896,0,36857,0,67.71072387695312,92.95571899414062,0.5969807505607605,0,state.PRE_FLIGHT,487,-35,0,-35,0.0,3298,3309,"[10.6, 0.5, 16.5, 10.4, 15.9, 16.5, 0, 0]","[3.638, 3.639, 3.639]",0.187,"[2.9952, 3.3120000000000003, 5.0032000000000005, 7.3616, 8.441600000000001, 27.8288]","[0.031875, 0.2425, -0.004375, -0.005, 0.00125, 0.0]",0,0,29.5,"[1, 1, 1, 1, 1, 1]",91.1206282042058,0.0,0.0,0,0.0
1774904399.1990688,"[0, 0, 0, 0, 0, 0]","[1291, 1500, 1500, 1500]","[-25.08, 0.0, 0.0, 0.0]","[0.0, 0.0, 0.0]",0,3320.540771484375,0,31.606976089477538,"[0.0, -0.57983398428, 2.25830078088]","[0, 0, 0]",0,3,0.0,0.0,3.316,0,0,0,4294967.295,3750000.896,0,36917,0,67.64448547363281,93.0265121459961,0.5969807505607605,0,state.PRE_FLIGHT,488,-36,0,-35,0.0,3316,3320,"[10.2, 0.5, 17.0, 10.6, 15.5, 15.9, 0, 0]","[3.638, 3.639, 3.639]",0.187,"[2.9952, 3.3120000000000003, 5.0032000000000005, 7.3616, 8.441600000000001, 27.8288]","[0.031875, 0.2425, -0.004375, -0.005, 0.00125, 0.0]",0,0,29.5,"[1, 1, 1, 1, 1, 1]",91.15068334200717,0.0,0.0,0,0.0
1774904399.254606,"[0, 0, 0, 0, 0, 0]","[1291, 1500, 1500, 1500]","[-25.08, 0.0, 0.0, 0.0]","[0.0, 0.0, 0.0]",0,3331.269775390625,0,31.62446388244629,"[0.0, -5.8898925771599995, 2.62451171832]","[0, 0, 0]",0,3,0.0,0.0,3.316,0,0,0,4294967.295,3750000.896,0,36971,0,67.96632385253906,93.21517944335938,0.5969807505607605,0,state.PRE_FLIGHT,489,-36,0,-36,0.0,3316,3331,"[10.6, 0.5, 15.5, 10.4, 15.5, 17.0, 0, 0]","[3.638, 3.639, 3.639]",0.187,"[2.9952, 3.3104, 5.0048, 7.3584000000000005, 8.4608, 27.8256]","[0.031875, 0.276875, -0.00375, -0.00375, 0.001875, -0.00375]",0,0,29.5,"[1, 1, 1, 1, 1, 1]",91.20563539568742,0.0,0.0,0,0.0
1774904399.3126185,"[0, 0, 0, 0, 0, 0]","[1291, 1500, 1500, 1500]","[-25.08, 0.0, 0.0, 0.0]","[0.0, 0.0, 0.0]",0,3341.947021484375,0,31.58948829650879,"[0.0, 3.57055664004, 1.89208984344]","[0, 0, 0]",0,3,0.0,0.0,3.334,0,0,0,4294967.295,3750000.896,0,37031,0,68.06819152832031,93.37651062011719,0.5969807505607605,0,state.PRE_FLIGHT,490,-36,0,-35,0.0,3334,3341,"[10.6, 0.5, 17.0, 10.6, 15.0, 17.0, 0, 0]","[3.638, 3.639, 3.639]",0.187,"[2.9952, 3.3104, 5.0048, 7.3584000000000005, 8.4608, 27.8256]","[0.031875, 0.276875, -0.00375, -0.00375, 0.001875, -0.00375]",0,0,29.5,"[1, 1, 1, 1, 1, 1]",91.26050809625835,0.0,0.0,0,0.0
1774904399.373873,"[0, 0, 0, 0, 0, 0]","[1291, 1500, 1500, 1500]","[-25.08, 0.0, 0.0, 0.0]","[0.0, 0.0, 0.0]",0,3352.57568359375,0,31.606976089477538,"[0.0, 7.3547363269199995, 1.92260742156]","[0, 0, 0]",0,3,0.0,0.0,3.352,0,0,0,4294967.295,3750000.896,0,37091,0,68.13134002685547,93.36358642578125,0.5969807505607605,0,state.PRE_FLIGHT,491,-36,0,-35,0.0,3352,3352,"[10.8, 0.5, 16.5, 10.4, 15.5, 15.9, 0, 0]","[3.638, 3.639, 3.639]",0.187,"[2.9968000000000004, 3.3136, 5.0016, 7.368, 8.4448, 27.832]","[0.03875, 0.628125, -0.001875, 0.000625, 0.00125, -0.00625]",0,0,29.5,"[1, 1, 1, 1, 1, 1]",91.25224956611623,0.0,0.0,0,0.0
1774904399.4321103,"[0, 0, 0, 0, 0, 0]","[1291, 1500, 1500, 1500]","[-25.08, 0.0, 0.0, 0.0]","[0.0, 0.0, 0.0]",0,3363.158447265625,0,31.606976089477538,"[0.0, -4.48608398364, -4.45556640552]","[0, 0, 0]",0,3,0.0,0.0,3.352,0,0,0,4294967.295,3750000.896,0,37151,0,68.10993957519531,93.33181762695312,0.5969807505607605,0,state.PRE_FLIGHT,492,-36,0,-36,0.0,3352,3363,"[10.4, 0.5, 16.5, 10.8, 16.5, 16.5, 0, 0]","[3.638, 3.639, 3.639]",0.187,"[2.9968000000000004, 3.3136, 5.0016, 7.368, 8.4448, 27.832]","[0.03875, 0.628125, -0.001875, 0.000625, 0.00125, -0.00625]",0,0,29.5,"[1, 1, 1, 1, 1, 1]",91.24158815862482,0.0,0.0,0,0.0
1774904399.486649,"[0, 0, 0, 0, 0, 0]","[1291, 1500, 1500, 1500]","[-25.08, 0.0, 0.0, 0.0]","[0.0, 0.0, 0.0]",0,3371.936767578125,0,31.598232192993166,"[0.0, -9.24682617036, -1.64794921848]","[0, 0, 0]",0,3,0.0,0.0,3.37,0,0,0,4294967.295,3750000.896,0,37205,0,68.3283462524414,93.38166046142578,0.5969807505607605,0,state.PRE_FLIGHT,493,-36,0,-36,0.0,3370,3371,"[10.2, 0.5, 17.0, 10.4, 15.9, 16.5, 0, 0]","[3.638, 3.639, 3.639]",0.187,"[2.9968000000000004, 3.3120000000000003, 5.0048, 7.368, 8.432, 27.8304]","[0.03125, 0.59375, -0.0025, 0.0, -0.0075, -0.000625]",0,0,29.5,"[1, 1, 1, 1, 1, 1]",91.24817719019367,0.0,0.0,0,0.0
1774904399.5461879,"[0, 0, 0, 0, 0, 0]","[1291, 1500, 1500, 1500]","[-25.08, 0.0, 0.0, 0.0]","[0.0, 0.0, 0.0]",0,3382.43115234375,0,31.6200919342041,"[0.0, 1.19018554668, -3.90624999936]","[0, 0, 0]",0,3,0.0,0.0,3.37,0,0,0,4294967.295,3750000.896,0,37265,0,68.0164794921875,93.41703796386719,0.5969807505607605,0,state.PRE_FLIGHT,494,-36,0,-36,0.0,3370,3382,"[10.4, 0.5, 16.5, 10.6, 15.9, 15.9, 0, 0]","[3.638, 3.639, 3.639]",0.187,"[2.9968000000000004, 3.3120000000000003, 5.0048, 7.368, 8.432, 27.8304]","[0.03125, 0.59375, -0.0025, 0.0, -0.0075, -0.000625]",0,0,29.5,"[1, 1, 1, 1, 1, 1]",91.27848161344782,0.0,0.0,0,0.0
1774904399.6067173,"[0, 0, 0, 0, 0, 0]","[1291, 1500, 1500, 1500]","[-25.08, 0.0, 0.0, 0.0]","[0.0, 0.0, 0.0]",0,3392.873779296875,0,31.606976089477538,"[0.0, -1.19018554668, 0.57983398428]","[0, 0, 0]",0,3,0.0,0.0,3.387,0,0,0,4294967.295,3750000.896,0,37325,0,68.13001251220703,93.5366439819336,0.5969807505607605,0,state.PRE_FLIGHT,495,-35,0,-35,0.0,3387,3392,"[10.6, 0.5, 16.5, 10.6, 15.9, 16.5, 0, 0]","[3.638, 3.639, 3.639]",0.187,"[2.9936000000000003, 3.3136, 5.0, 7.3632, 8.456000000000001, 27.8256]","[0.03375, 0.62375, 0.003125, -0.00625, -0.000625, 0.0025]",0,0,29.5,"[1, 1, 1, 1, 1, 1]",91.31668541869776,0.0,0.0,0,0.0
1774904399.671249,"[0, 0, 0, 0, 0, 0]","[1291, 1500, 1500, 1500]","[-25.08, 0.0, 0.0, 0.0]","[0.0, 0.0, 0.0]",0,3403.267578125,0,31.62446388244629,"[0.0, 1.00708007796, 4.3029785149199995]","[0, 0, 0]",0,3,0.0,0.0,3.387,0,0,0,4294967.295,3750000.896,0,37385,0,68.01924896240234,93.72950744628906,0.5969807505607605,0,state.PRE_FLIGHT,496,-33,0,-33,0.0,3387,3403,"[10.4, 0.5, 16.5, 10.4, 15.5, 16.5, 0, 0]","[3.638, 3.639, 3.639]",0.187,"[2.9936000000000003, 3.3136, 5.0, 7.3632, 8.456000000000001, 27.8256]","[0.03375, 0.62375, 0.003125, -0.00625, -0.000625, 0.0025]",0,0,29.5,"[1, 1, 1, 1, 1, 1]",91.39508857270287,0.0,0.0,0,0.0
1774904399.7232575,"[0, 0, 0, 0, 0, 0]","[1291, 1500, 1500, 1500]","[-25.08, 0.0, 0.0, 0.0]","[0.0, 0.0, 0.0]",0,3411.8935546875,0,31.606976089477538,"[0.0, -2.77709960892, 3.93676757748]","[0, 0, 0]",0,3,0.0,0.0,3.404,0,0,0,4294967.295,3750000.896,0,37439,0,68.20855712890625,93.87236022949219,0.5969807505607605,0,state.PRE_FLIGHT,497,-33,0,-32,0.0,3404,3411,"[10.6, 0.5, 15.9, 10.6, 15.9, 17.0, 0, 0]","[3.638, 3.639, 3.639]",0.187,"[2.9952, 3.3120000000000003, 5.0048, 7.3616, 8.432, 27.824]","[0.03375, 0.263125, -0.00125, -0.004375, -0.0025, -0.004375]",0,0,29.5,"[1, 1, 1, 1, 1, 1]",91.43658941881246,0.0,0.0,0,0.0
1774904399.7827814,"[0, 0, 0, 0, 0, 0]","[1291, 1500, 1500, 1500]","[-25.08, 0.0, 0.0, 0.0]","[0.0, 0.0, 0.0]",0,3422.201904296875,0,31.633207778930664,"[0.0, -1.55639648412, 4.85229492108]","[0, 0, 0]",0,3,0.0,0.0,3.422,0,0,0,4294967.295,3750000.896,0,37499,0,68.47620391845703,93.8625717163086,0.5969807505607605,0,state.PRE_FLIGHT,498,-33,0,-32,0.0,3422,3422,"[10.4, 0.5, 17.0, 10.6, 17.0, 18.2, 0, 0]","[3.638, 3.639, 3.639]",0.187,"[2.9952, 3.3120000000000003, 5.0032000000000005, 7.368, 8.456000000000001, 27.8256]","[0.035, 0.2125, -0.003125, -0.003125, -0.00875, -0.00625]",0,0,29.5,"[1, 1, 1, 1, 1, 1]",91.41620076131704,0.0,0.0,0,0.0
1774904399.8407853,"[0, 0, 0, 0, 0, 0]","[1291, 1500, 1500, 1500]","[-25.08, 0.0, 0.0, 0.0]","[0.0, 0.0, 0.0]",0,3432.45849609375,0,31.633207778930664,"[0.0, -6.8664550769999995, -1.64794921848]","[0, 0, 0]",0,3,0.0,0.0,3.422,0,0,0,4294967.295,3750000.896,0,37559,0,68.69776153564453,93.89614868164062,0.5969807505607605,0,state.PRE_FLIGHT,499,-34,0,-33,0.0,3422,3432,"[10.4, 0.5, 16.5, 10.4, 15.9, 15.9, 0, 0]","[3.638, 3.639, 3.639]",0.187,"[2.9952, 3.3120000000000003, 5.0032000000000005, 7.368, 8.456000000000001, 27.8256]","[0.035, 0.2125, -0.003125, -0.003125, -0.00875, -0.00625]",0,0,29.5,"[1, 1, 1, 1, 1, 1]",91.41447570753587,0.0,0.0,0,0.0
1774904399.9053192,"[0, 0, 0, 0, 0, 0]","[1291, 1500, 1500, 1500]","[-25.08, 0.0, 0.0, 0.0]","[0.0, 0.0, 0.0]",0,3442.672607421875,0,31.633207778930664,"[0.0, 8.6975097642, 14.73999023196]","[0, 0, 0]",0,3,0.0,0.0,3.439,0,0,0,4294967.295,3750000.896,0,37619,0,68.89096069335938,93.97240447998047,0.5969807505607605,0,state.PRE_FLIGHT,500,-34,0,-33,0.0,3439,3442,"[10.6, 0.5, 16.5, 10.6, 15.5, 17.0, 0, 0]","[3.638, 3.639, 3.639]",0.187,"[2.9968000000000004, 3.3104, 5.0016, 7.36, 8.4656, 27.8272]","[0.03, 0.245, 0.0, 0.0025, 0.000625, -0.0025]",0,0,29.5,"[1, 1, 1, 1, 1, 1]",91.42964007916032,0.0,0.0,0,0.0
1774904399.9598753,"[0, 0, 0, 0, 0, 0]","[1291, 1500, 1500, 1500]","[-25.08, 0.0, 0.0, 0.0]","[0.0, 0.0, 0.0]",0,3452.834716796875,0,31.611348037719726,"[0.0, -7.4768066393999995, -4.45556640552]","[0, 0, 0]",0,3,0.0,0.0,3.439,0,0,0,4294967.295,3750000.896,0,37673,0,68.96076965332031,94.11908721923828,0.5969807505607605,0,state.PRE_FLIGHT,501,-34,0,-33,0.0,3439,3452,"[10.2, 0.5, 16.5, 10.4, 15.9, 16.5, 0, 0]","[3.638, 3.639, 3.639]",0.187,"[2.9968000000000004, 3.3104, 5.0016, 7.36, 8.4656, 27.8272]","[0.03, 0.245, 0.0, 0.0025, 0.000625, -0.0025]",0,0,29.5,"[1, 1, 1, 1, 1, 1]",91.47767181135085,0.0,0.0,0,0.0
1774904400.0154133,"[0, 0, 0, 0, 0, 0]","[1291, 1500, 1500, 1500]","[-25.08, 0.0, 0.0, 0.0]","[0.0, 0.0, 0.0]",0,3462.951171875,0,31.628835830688477,"[0.0, -6.68334960828, -7.81249999872]","[0, 0, 0]",0,3,0.0,0.0,3.456,0,0,0,4294967.295,3750000.896,0,37733,0,68.97296905517578,94.2314224243164,0.5969807505607605,0,state.PRE_FLIGHT,502,-34,0,-32,0.0,3456,3462,"[10.6, 0.5, 16.5, 11.1, 15.0, 16.5, 0, 0]","[3.638, 3.639, 3.639]",0.187,"[2.9968000000000004, 3.3104, 5.0032000000000005, 7.3632, 8.457600000000001, 27.8288]","[0.02875, 0.2625, -0.00625, -0.003125, 0.0025, -0.00375]",0,0,29.5,"[1, 1, 1, 1, 1, 1]",91.5170671986584,0.0,0.0,0,0.0
1774904400.0789425,"[0, 0, 0, 0, 0, 0]","[1291, 1500, 1500, 1500]","[-25.08, 0.0, 0.0, 0.0]","[0.0, 0.0, 0.0]",0,3473.021728515625,0,31.637579727172852,"[0.0, 1.3732910154, -0.9155273436]","[0, 0, 0]",0,3,0.0,0.0,3.473,0,0,0,4294967.295,3750000.896,0,37793,0,69.23145294189453,94.17402648925781,0.5969807505607605,0,state.PRE_FLIGHT,503,-34,0,-33,0.0,3473,3473,"[11.1, 0.5, 16.5, 10.8, 15.9, 17.0, 0, 0]","[3.638, 3.639, 3.639]",0.187,"[2.9968000000000004, 3.3104, 5.0032000000000005, 7.3632, 8.457600000000001, 27.8288]","[0.02875, 0.2625, -0.00625, -0.003125, 0.0025, -0.00375]",0,0,29.5,"[1, 1, 1, 1, 1, 1]",91.4789390099092,0.0,0.0,0,0.0
1774904400.1349473,"[0, 0, 0, 0, 0, 0]","[1291, 1500, 1500, 1500]","[-25.08, 0.0, 0.0, 0.0]","[0.0, 0.0, 0.0]",0,3483.040771484375,0,31.646323623657228,"[0.0, -6.5002441395599995, 4.6691894523599995]","[0, 0, 0]",0,3,0.0,0.0,3.473,0,0,0,4294967.295,3750000.896,0,37853,0,69.58329772949219,94.21736145019531,0.5969807505607605,0,state.PRE_FLIGHT,504,-33,0,-33,0.0,3473,3483,"[10.6, 0.5, 16.5, 10.6, 15.9, 16.5, 0, 0]","[3.638, 3.639, 3.639]",0.187,"[2.9936000000000003, 3.3136, 5.0032000000000005, 7.3664000000000005, 8.4304, 27.824]","[0.03125, 0.593125, -0.00375, -0.00125, -0.006875, -0.001875]",0,0,29.5,"[1, 1, 1, 1, 1, 1]",91.47003969510415,0.0,0.0,0,0.0
1774904400.189232,"[0, 0, 0, 0, 0, 0]","[1291, 1500, 1500, 1500]","[-25.08, 0.0, 0.0, 0.0]","[0.0, 0.0, 0.0]",0,3491.35888671875,0,31.62446388244629,"[0.0, 15.35034179436, -2.77709960892]","[0, 0, 0]",0,3,0.0,0.0,3.489,0,0,0,4294967.295,3750000.896,0,37907,0,69.5048599243164,94.22262573242188,0.5969807505607605,0,state.PRE_FLIGHT,505,-33,0,-33,0.0,3489,3491,"[10.6, 0.5, 15.9, 10.8, 16.5, 17.6, 0, 0]","[3.638, 3.639, 3.639]",0.187,"[2.9936000000000003, 3.3136, 5.0032000000000005, 7.3664000000000005, 8.4304, 27.824]","[0.03125, 0.593125, -0.00375, -0.00125, -0.006875, -0.001875]",0,0,29.5,"[1, 1, 1, 1, 1, 1]",91.47728486900836,0.0,0.0,0,0.0
1774904400.2537606,"[0, 0, 0, 0, 0, 0]","[1291, 1500, 1500, 1500]","[-25.08, 0.0, 0.0, 0.0]","[0.0, 0.0, 0.0]",0,3501.29248046875,0,31.64195167541504,"[0.0, -4.1198730462, -9.67407226404]","[0, 0, 0]",0,3,0.0,0.0,3.489,0,0,0,4294967.295,3750000.896,0,37967,0,69.5454330444336,94.4075698852539,0.5969807505607605,0,state.PRE_FLIGHT,506,-33,0,-32,0.0,3489,3501,"[10.6, 0.5, 15.5, 10.8, 15.5, 17.6, 0, 0]","[3.638, 3.639, 3.639]",0.187,"[2.992, 3.3104, 5.0016, 7.364800000000001, 8.4368, 27.8272]","[0.035625000000000004, 0.625, 0.000625, -0.0025, -0.00375, 0.000625]",0,0,29.5,"[1, 1, 1, 1, 1, 1]",91.53895567092705,0.0,0.0,0,0.0
1774904400.3237884,"[0, 0, 0, 0, 0, 0]","[1291, 1500, 1500, 1500]","[-25.08, 0.0, 0.0, 0.0]","[0.0, 0.0, 0.0]",0,3511.18017578125,0,31.668183364868163,"[0.0, -1.3732910154, -2.38037109336]","[0, 0, 0]",0,3,0.0,0.0,3.506,0,0,0,4294967.295,3750000.896,0,38027,0,69.50821685791016,94.58394622802734,0.5969807505607605,0,state.PRE_FLIGHT,507,-32,0,-32,0.0,3506,3511,"[10.6, 0.5, 16.5, 10.8, 15.5, 17.0, 0, 0]","[3.638, 3.639, 3.639]",0.187,"[2.992, 3.3104, 5.0016, 7.364800000000001, 8.4368, 27.8272]","[0.035625000000000004, 0.625, 0.000625, -0.0025, -0.00375, 0.000625]",0,0,29.5,"[1, 1, 1, 1, 1, 1]",91.6032138678177,0.0,0.0,0,0.0
1774904400.3943348,"[0, 0, 0, 0, 0, 0]","[1291, 1500, 1500, 1500]","[-25.08, 0.0, 0.0, 0.0]","[0.0, 0.0, 0.0]",0,3521.022216796875,0,31.64195167541504,"[0.0, -4.5471191398799995, 3.75366210876]","[0, 0, 0]",0,3,0.0,0.0,3.506,0,0,0,4294967.295,3750000.896,0,38087,0,69.67703247070312,94.68223571777344,0.5969807505607605,0,state.PRE_FLIGHT,508,-32,0,-31,0.0,3506,3521,"[10.8, 0.5, 15.9, 10.6, 15.0, 17.0, 0, 0]","[3.638, 3.639, 3.639]",0.187,"[2.9968000000000004, 3.3120000000000003, 5.0032000000000005, 7.3616, 8.4624, 27.8272]","[0.03375, 0.23500000000000001, -0.0025, 0.0025, -0.00125, -0.00125]",0,0,29.5,"[1, 1, 1, 1, 1, 1]",91.62460298033601,0.0,0.0,0,0.0
1774904400.4263353,"[0, 0, 0, 0, 0, 0]","[1291, 1500, 1500, 1500]","[-25.08, 0.0, 0.0, 0.0]","[0.0, 0.0, 0.0]",0,3530.818603515625,0,31.650695571899416,"[0.0, -2.96020507764, 2.62451171832]","[0, 0, 0]",0,3,0.0,0.0,3.524,0,0,0,4294967.295,3750000.896,0,38141,0,69.80431365966797,94.71361541748047,0.5969807505607605,0,state.PRE_FLIGHT,509,-31,0,-31,0.0,3524,3530,"[10.2, 0.5, 15.5, 10.4, 17.0, 16.5, 0, 0]","[3.638, 3.639, 3.639]",0.187,"[2.9968000000000004, 3.3120000000000003, 5.0032000000000005, 7.3616, 8.4624, 27.8272]","[0.03375, 0.23500000000000001, -0.0025, 0.0025, -0.00125, -0.00125]",0,0,29.5,"[1, 1, 1, 1, 1, 1]",91.62565301690849,0.0,0.0,0,0.0
1774904400.4890888,"[0, 0, 0, 0, 0, 0]","[1291, 1500, 1500, 1500]","[-25.08, 0.0, 0.0, 0.0]","[0.0, 0.0, 0.0]",0,3540.56640625,0,31.650695571899416,"[0.0, 2.77709960892, 12.14599609176]","[0, 0, 0]",0,3,0.0,0.0,3.538,0,0,0,4294967.295,3750000.896,0,38201,0,70.25289916992188,94.79499816894531,0.5969807505607605,0,state.PRE_FLIGHT,510,-32,0,-31,0.0,3538,3540,"[10.6, 0.5, 16.5, 10.8, 15.5, 17.0, 0, 0]","[3.638, 3.639, 3.639]",0.187,"[2.9952, 3.3136, 5.0032000000000005, 7.3664000000000005, 8.4352, 27.8288]","[0.035, 0.24125, -0.00375, 0.0025, -0.003125, -0.0025]",0,0,29.5,"[1, 1, 1, 1, 1, 1]",91.61840644038806,0.0,0.0,0,0.0
1774904400.548627,"[0, 0, 0, 0, 0, 0]","[1291, 1500, 1500, 1500]","[-25.08, 0.0, 0.0, 0.0]","[0.0, 0.0, 0.0]",0,3550.271240234375,0,31.633207778930664,"[0.0, -8.27026367052, -13.21411132596]","[0, 0, 0]",0,3,0.0,0.0,3.538,0,0,0,4294967.295,3750000.896,0,38261,0,70.08866119384766,94.94811248779297,0.5969807505607605,0,state.PRE_FLIGHT,511,-33,0,-32,0.0,3538,3550,"[10.2, 0.5, 15.9, 10.2, 16.5, 16.5, 0, 0]","[3.638, 3.639, 3.639]",0.187,"[2.9952, 3.3120000000000003, 5.0048, 7.3696, 8.456000000000001, 27.8304]","[0.030625, 0.22625, -0.005625, -0.00625, -0.000625, -0.00125]",0,0,29.5,"[1, 1, 1, 1, 1, 1]",91.68330524663736,0.0,0.0,0,0.0
1774904400.6091547,"[0, 0, 0, 0, 0, 0]","[1291, 1500, 1500, 1500]","[-25.08, 0.0, 0.0, 0.0]","[0.0, 0.0, 0.0]",0,3559.927490234375,0,31.64195167541504,"[0.0, 1.3732910154, 11.38305663876]","[0, 0, 0]",0,3,0.0,0.0,3.555,0,0,0,4294967.295,3750000.896,0,38321,0,70.27996063232422,94.9927749633789,0.5969807505607605,0,state.PRE_FLIGHT,512,-33,0,-32,0.0,3555,3559,"[10.6, 0.5, 17.0, 10.6, 15.9, 16.5, 0, 0]","[3.638, 3.639, 3.639]",0.187,"[2.9952, 3.3120000000000003, 5.0048, 7.3696, 8.456000000000001, 27.8304]","[0.030625, 0.22625, -0.005625, -0.00625, -0.000625, -0.00125]",0,0,29.5,"[1, 1, 1, 1, 1, 1]",91.68279533536682,0.0,0.0,0,0.0
1774904400.6576712,"[0, 0, 0, 0, 0, 0]","[1291, 1500, 1500, 1500]","[-25.08, 0.0, 0.0, 0.0]","[0.0, 0.0, 0.0]",0,3567.937744140625,0,31.633207778930664,"[0.0, 5.09643554604, 10.46752929516]","[0, 0, 0]",0,3,0.0,0.0,3.555,0,0,0,4294967.295,3750000.896,0,38375,0,70.31372833251953,95.05120086669922,0.5969807505607605,0,state.PRE_FLIGHT,513,-32,0,-32,0.0,3555,3567,"[10.6, 0.5, 16.5, 10.2, 15.9, 16.5, 0, 0]","[3.638, 3.639, 3.639]",0.187,"[2.9968000000000004, 3.3120000000000003, 5.0032000000000005, 7.3632, 8.457600000000001, 27.8272]","[0.0325, 0.231875, -0.000625, -0.0025, -0.00125, -0.00125]",0,0,29.5,"[1, 1, 1, 1, 1, 1]",91.6996422868166,0.0,0.0,0,0.0
1774904400.718671,"[0, 0, 0, 0, 0, 0]","[1291, 1500, 1500, 1500]","[-25.08, 0.0, 0.0, 0.0]","[0.0, 0.0, 0.0]",0,3577.511474609375,0,31.633207778930664,"[0.0, -9.0026855454, 0.21362304684]","[0, 0, 0]",0,3,0.0,0.0,3.571,0,0,0,4294967.295,3750000.896,0,38435,0,70.33905792236328,95.19649505615234,0.5969807505607605,0,state.PRE_FLIGHT,514,-32,0,-32,0.0,3571,3577,"[10.6, 0.5, 17.6, 10.4, 15.0, 16.5, 0, 0]","[3.638, 3.639, 3.639]",0.187,"[2.9968000000000004, 3.3120000000000003, 5.0032000000000005, 7.3632, 8.457600000000001, 27.8272]","[0.0325, 0.231875, -0.000625, -0.0025, -0.00125, -0.00125]",0,0,29.5,"[1, 1, 1, 1, 1, 1]",91.74625274298552,0.0,0.0,0,0.0
1774904400.7787917,"[0, 0, 0, 0, 0, 0]","[1291, 1500, 1500, 1500]","[-25.08, 0.0, 0.0, 0.0]","[0.0, 0.0, 0.0]",0,3587.03662109375,0,31.633207778930664,"[0.0, 5.8898925771599995, 10.46752929516]","[0, 0, 0]",0,3,0.0,0.0,3.587,0,0,0,4294967.295,3750000.896,0,38495,0,70.60852813720703,95.06160736083984,0.5969807505607605,0,state.PRE_FLIGHT,515,-32,0,-31,0.0,3587,3587,"[10.6, 0.5, 17.0, 10.8, 17.0, 17.0, 0, 0]","[3.638, 3.639, 3.639]",0.187,"[2.9952, 3.3104, 5.0032000000000005, 7.3616, 8.432, 27.8272]","[0.035625000000000004, 0.255625, 0.000625, -0.000625, -0.000625, -0.00625]",0,0,29.5,"[1, 1, 1, 1, 1, 1]",91.67861365548006,0.0,0.0,0,0.0
1774904400.839815,"[0, 0, 0, 0, 0, 0]","[1291, 1500, 1500, 1500]","[-25.08, 0.0, 0.0, 0.0]","[0.0, 0.0, 0.0]",0,3596.51611328125,0,31.650695571899416,"[0.0, -1.19018554668, -7.44628906128]","[0, 0, 0]",0,3,0.0,0.0,3.587,0,0,0,4294967.295,3750000.896,0,38555,0,70.29114532470703,95.15744018554688,0.5969807505607605,0,state.PRE_FLIGHT,516,-31,0,-30,0.0,3587,3596,"[10.2, 0.5, 15.9, 10.4, 16.5, 17.0, 0, 0]","[3.638, 3.639, 3.639]",0.187,"[2.9952, 3.3104, 5.0032000000000005, 7.3616, 8.432, 27.8272]","[0.035625000000000004, 0.255625, 0.000625, -0.000625, -0.000625, -0.00625]",0,0,29.5,"[1, 1, 1, 1, 1, 1]",91.73721732095362,0.0,0.0,0,0.0
1774904400.89934,"[0, 0, 0, 0, 0, 0]","[1291, 1500, 1500, 1500]","[-25.08, 0.0, 0.0, 0.0]","[0.0, 0.0, 0.0]",0,3604.380126953125,0,31.633207778930664,"[0.0, -5.340576171, -7.62939453]","[0, 0, 0]",0,3,0.0,0.0,3.601,0,0,0,4294967.295,3750000.896,0,38609,0,70.31787872314453,95.23760223388672,0.5969807505607605,0,state.PRE_FLIGHT,517,-32,0,-31,0.0,3601,3604,"[10.6, 0.5, 17.0, 10.4, 15.5, 15.5, 0, 0]","[3.638, 3.639, 3.639]",0.187,"[2.9984, 3.3120000000000003, 5.0032000000000005, 7.368, 8.4368, 27.8288]","[0.03625, 0.64125, -0.000625, -0.00375, -0.00375, 0.0025]",0,0,29.5,"[1, 1, 1, 1, 1, 1]",91.76185393931979,0.0,0.0,0,0.0
1774904400.9599323,"[0, 0, 0, 0, 0, 0]","[1291, 1500, 1500, 1500]","[-25.08, 0.0, 0.0, 0.0]","[0.0, 0.0, 0.0]",0,3613.777099609375,0,31.628835830688477,"[0.0, -8.6975097642, -7.2326660144399995]","[0, 0, 0]",0,3,0.0,0.0,3.601,0,0,0,4294967.295,3750000.896,0,38669,0,70.3959732055664,95.47198486328125,0.5969807505607605,0,state.PRE_FLIGHT,518,-32,0,-32,0.0,3601,3613,"[10.6, 0.5, 15.9, 10.6, 15.0, 17.0, 0, 0]","[3.638, 3.639, 3.639]",0.187,"[2.9984, 3.3120000000000003, 5.0032000000000005, 7.368, 8.4368, 27.8288]","[0.03625, 0.64125, -0.000625, -0.00375, -0.00375, 0.0025]",0,0,29.5,"[1, 1, 1, 1, 1, 1]",91.83347141053541,0.0,0.0,0,0.0
1774904401.0200408,"[0, 0, 0, 0, 0, 0]","[1291, 1500, 1500, 1500]","[-25.08, 0.0, 0.0, 0.0]","[0.0, 0.0, 0.0]",0,3623.12841796875,0,31.64195167541504,"[0.0, 1.55639648412, 6.34765624896]","[0, 0, 0]",0,3,0.0,0.0,3.618,0,0,0,4294967.295,3750000.896,0,38729,0,70.82200622558594,95.56048583984375,0.5969807505607605,0,state.PRE_FLIGHT,519,-34,0,-32,0.0,3618,3623,"[10.6, 0.5, 16.5, 10.8, 15.9, 17.6, 0, 0]","[3.638, 3.639, 3.639]",0.187,"[2.9968000000000004, 3.3136, 5.0032000000000005, 7.36, 8.4496, 27.822400000000002]","[0.035625000000000004, 0.633125, -0.00125, -0.0025, -0.0075, 0.0025]",0,0,29.5,"[1, 1, 1, 1, 1, 1]",91.82408342103905,0.0,0.0,0,0.0
1774904401.0811956,"[0, 0, 0, 0, 0, 0]","[1291, 1500, 1500, 1500]","[-25.08, 0.0, 0.0, 0.0]","[0.0, 0.0, 0.0]",0,3632.43408203125,0,31.637579727172852,"[0.0, 1.80053710908, 5.61523437408]","[0, 0, 0]",0,3,0.0,0.0,3.632,0,0,0,4294967.295,3750000.896,0,38789,0,71.11773681640625,95.53972625732422,0.5969807505607605,0,state.PRE_FLIGHT,520,-34,0,-34,0.0,3632,3632,"[10.4, 0.5, 17.0, 10.6, 15.9, 16.5, 0, 0]","[3.638, 3.639, 3.639]",0.187,"[2.9968000000000004, 3.3136, 5.0032000000000005, 7.36, 8.4496, 27.822400000000002]","[0.035625000000000004, 0.633125, -0.00125, -0.0025, -0.0075, 0.0025]",0,0,29.5,"[1, 1, 1, 1, 1, 1]",91.79029065308117,0.0,0.0,0,0.0
1774904401.1261792,"[0, 0, 0, 0, 0, 0]","[1291, 1500, 1500, 1500]","[-25.08, 0.0, 0.0, 0.0]","[0.0, 0.0, 0.0]",0,3641.694091796875,0,31.611348037719726,"[0.0, 6.1340332021199995, 14.55688476324]","[0, 0, 0]",0,3,0.0,0.0,3.632,0,0,0,4294967.295,3750000.896,0,38843,0,71.50825500488281,95.61032104492188,0.5969807505607605,0,state.PRE_FLIGHT,521,-34,0,-33,0.0,3632,3641,"[10.6, 0.5, 17.0, 10.4, 15.9, 16.5, 0, 0]","[3.638, 3.639, 3.639]",0.187,"[2.9952, 3.3120000000000003, 5.0016, 7.36, 8.4368, 27.8272]","[0.035, 0.248125, 0.0, 0.00125, -0.003125, 0.000625]",0,0,29.5,"[1, 1, 1, 1, 1, 1]",91.77685707032768,0.0,0.0,0,0.0
1774904401.1887114,"[0, 0, 0, 0, 0, 0]","[1291, 1500, 1500, 1500]","[-25.08, 0.0, 0.0, 0.0]","[0.0, 0.0, 0.0]",0,3650.908203125,0,31.62446388244629,"[0.0, -6.31713867084, 11.7492675762]","[0, 0, 0]",0,3,0.0,0.0,3.649,0,0,0,4294967.295,3750000.896,0,38903,0,71.57111358642578,95.70311737060547,0.5969807505607605,0,state.PRE_FLIGHT,522,-32,0,-33,0.0,3649,3650,"[11.1, 0.5, 16.5, 10.4, 15.9, 17.0, 0, 0]","[3.638, 3.639, 3.639]",0.187,"[2.9952, 3.3120000000000003, 5.0016, 7.36, 8.4368, 27.8272]","[0.035, 0.248125, 0.0, 0.00125, -0.003125, 0.000625]",0,0,29.5,"[1, 1, 1, 1, 1, 1]",91.80023208091087,0.0,0.0,0,0.0
1774904401.2507205,"[0, 0, 0, 0, 0, 0]","[1291, 1500, 1500, 1500]","[-25.08, 0.0, 0.0, 0.0]","[0.0, 0.0, 0.0]",0,3660.079833984375,0,31.62446388244629,"[0.0, 3.99780273372, -0.33569335932]","[0, 0, 0]",0,3,0.0,0.0,3.649,0,0,0,4294967.295,3750000.896,0,38963,0,71.51832580566406,95.67442321777344,0.5969807505607605,0,state.PRE_FLIGHT,523,-34,0,-33,0.0,3649,3660,"[10.6, 0.5, 17.0, 10.6, 15.5, 17.0, 0, 0]","[3.638, 3.639, 3.639]",0.187,"[2.9952, 3.3104, 5.0016, 7.3664000000000005, 8.4512, 27.8256]","[0.03, 0.246875, -0.000625, -0.003125, 0.0025, -0.001875]",0,0,29.5,"[1, 1, 1, 1, 1, 1]",91.79615473128493,0.0,0.0,0,0.0
1774904401.311243,"[0, 0, 0, 0, 0, 0]","[1291, 1500, 1500, 1500]","[-25.08, 0.0, 0.0, 0.0]","[0.0, 0.0, 0.0]",0,3669.20556640625,0,31.633207778930664,"[0.0, -2.41088867148, 13.79394531024]","[0, 0, 0]",0,3,0.0,0.0,3.664,0,0,0,4294967.295,3750000.896,0,39023,0,71.75025939941406,95.60604095458984,0.5969807505607605,0,state.PRE_FLIGHT,524,-36,0,-35,0.0,3664,3669,"[10.2, 0.5, 15.5, 10.8, 17.0, 15.9, 0, 0]","[3.638, 3.639, 3.639]",0.187,"[2.9952, 3.3088, 5.0032000000000005, 7.3696, 8.4384, 27.8304]","[0.035, 0.229375, -0.0025, -0.005625, -0.00125, -0.003125]",0,0,29.5,"[1, 1, 1, 1, 1, 1]",91.75305871096633,0.0,0.0,0,0.0
1774904401.3586624,"[0, 0, 0, 0, 0, 0]","[1291, 1500, 1500, 1500]","[-25.08, 0.0, 0.0, 0.0]","[0.0, 0.0, 0.0]",0,3676.77392578125,0,31.628835830688477,"[0.0, 4.36401367116, 9.88769531088]","[0, 0, 0]",0,3,0.0,0.0,3.664,0,0,0,4294967.295,3750000.896,0,39077,0,71.8237075805664,95.66763305664062,0.5969807505607605,0,state.PRE_FLIGHT,525,-41,0,-39,0.0,3664,3676,"[10.6, 0.5, 17.0, 10.8, 15.5, 16.5, 0, 0]","[3.638, 3.639, 3.639]",0.187,"[2.9952, 3.3088, 5.0032000000000005, 7.3696, 8.4384, 27.8304]","[0.035, 0.229375, -0.0025, -0.005625, -0.00125, -0.003125]",0,0,29.5,"[1, 1, 1, 1, 1, 1]",91.76536922506817,0.0,0.0,0,0.0
1774904401.418669,"[0, 0, 0, 0, 0, 0]","[1291, 1500, 1500, 1500]","[-25.08, 0.0, 0.0, 0.0]","[0.0, 0.0, 0.0]",0,3685.8173828125,0,31.62446388244629,"[0.0, -8.88061523292, -4.82177734296]","[0, 0, 0]",0,3,0.0,0.0,3.679,0,0,0,4294967.295,3750000.896,0,39137,0,71.85113525390625,95.92157745361328,0.5969807505607605,0,state.PRE_FLIGHT,526,-41,0,-42,0.0,3679,3685,"[10.8, 0.5, 16.5, 10.8, 16.5, 15.9, 0, 0]","[3.638, 3.639, 3.639]",0.187,"[2.9968000000000004, 3.3120000000000003, 5.0032000000000005, 7.3632, 8.457600000000001, 27.8288]","[0.03, 0.23375, -0.00125, -0.005, -0.00125, -0.00125]",0,0,29.5,"[1, 1, 1, 1, 1, 1]",91.84152934132165,0.0,0.0,0,0.0
1774904401.4816036,"[0, 0, 0, 0, 0, 0]","[1291, 1500, 1500, 1500]","[-25.08, 0.0, 0.0, 0.0]","[0.0, 0.0, 0.0]",0,3694.815185546875,0,31.6200919342041,"[0.0, 11.81030273244, -10.9863281232]","[0, 0, 0]",0,3,0.0,0.0,3.694,0,0,0,4294967.295,3750000.896,0,39197,0,71.75347137451172,95.58647155761719,0.5969807505607605,0,state.PRE_FLIGHT,527,-38,0,-40,0.0,3694,3694,"[10.4, 0.5, 17.0, 10.4, 15.5, 17.0, 0, 0]","[3.638, 3.639, 3.639]",0.187,"[2.9968000000000004, 3.3120000000000003, 5.0032000000000005, 7.3632, 8.457600000000001, 27.8288]","[0.03, 0.23375, -0.00125, -0.005, -0.00125, -0.00125]",0,0,29.5,"[1, 1, 1, 1, 1, 1]",91.74665963903395,0.0,0.0,0,0.0
1774904401.5421295,"[0, 0, 0, 0, 0, 0]","[1291, 1500, 1500, 1500]","[-25.08, 0.0, 0.0, 0.0]","[0.0, 0.0, 0.0]",0,3703.7705078125,0,31.615719985961913,"[0.0, -7.65991210812, 16.96777343472]","[0, 0, 0]",0,3,0.0,0.0,3.694,0,0,0,4294967.295,3750000.896,0,39257,0,72.03575897216797,95.86905670166016,0.5969807505607605,0,state.PRE_FLIGHT,528,-35,0,-36,0.0,3694,3703,"[10.8, 0.5, 17.0, 10.6, 15.9, 17.0, 0, 0]","[3.638, 3.639, 3.639]",0.187,"[2.9968000000000004, 3.3120000000000003, 5.0032000000000005, 7.3616, 8.440000000000001, 27.8272]","[0.03, 0.279375, -0.005, -0.003125, -0.00125, 0.0]",0,0,29.5,"[1, 1, 1, 1, 1, 1]",91.80728998691853,0.0,0.0,0,0.0
1774904401.6046507,"[0, 0, 0, 0, 0, 0]","[1291, 1500, 1500, 1500]","[-25.08, 0.0, 0.0, 0.0]","[0.0, 0.0, 0.0]",0,3712.679931640625,0,31.628835830688477,"[0.0, -0.03051757812, 6.34765624896]","[0, 0, 0]",0,3,0.0,0.0,3.709,0,0,0,4294967.295,3750000.896,0,39311,0,72.27714538574219,95.94812774658203,0.5969807505607605,0,state.PRE_FLIGHT,529,-33,0,-33,0.0,3709,3712,"[10.8, 0.5, 17.6, 10.6, 15.9, 15.9, 0, 0]","[3.638, 3.639, 3.639]",0.187,"[2.9968000000000004, 3.3120000000000003, 5.0032000000000005, 7.3616, 8.440000000000001, 27.8272]","[0.03, 0.279375, -0.005, -0.003125, -0.00125, 0.0]",0,0,29.5,"[1, 1, 1, 1, 1, 1]",91.80773689533201,0.0,0.0,0,0.0
1774904401.666193,"[0, 0, 0, 0, 0, 0]","[1291, 1500, 1500, 1500]","[-25.08, 0.0, 0.0, 0.0]","[0.0, 0.0, 0.0]",0,3721.546630859375,0,31.628835830688477,"[0.0, -8.0871582018, -5.7678222646799995]","[0, 0, 0]",0,3,0.0,0.0,3.709,0,0,0,4294967.295,3750000.896,0,39371,0,72.35896301269531,96.01285552978516,0.5969807505607605,0,state.PRE_FLIGHT,530,-34,0,-33,0.0,3709,3721,"[10.4, 0.5, 16.5, 10.4, 15.0, 16.5, 0, 0]","[3.638, 3.639, 3.639]",0.187,"[2.9984, 3.3120000000000003, 5.0032000000000005, 7.3664000000000005, 8.4688, 27.8304]","[0.030625, 0.62375, -0.001875, -0.003125, -0.003125, -0.000625]",0,0,29.5,"[1, 1, 1, 1, 1, 1]",91.81917373198061,0.0,0.0,0,0.0
1774904401.7261775,"[0, 0, 0, 0, 0, 0]","[1291, 1500, 1500, 1500]","[-25.08, 0.0, 0.0, 0.0]","[0.0, 0.0, 0.0]",0,3730.364501953125,0,31.60260414123535,"[0.0, 0.03051757812, 13.4277343728]","[0, 0, 0]",0,3,0.0,0.0,3.724,0,0,0,4294967.295,3750000.896,0,39431,0,72.64661407470703,96.16461944580078,0.5969807505607605,0,state.PRE_FLIGHT,531,-34,0,-33,0.0,3724,3730,"[10.6, 0.5, 16.5, 10.8, 15.5, 15.9, 0, 0]","[3.638, 3.639, 3.639]",0.187,"[2.9984, 3.3120000000000003, 5.0032000000000005, 7.3664000000000005, 8.4688, 27.8304]","[0.030625, 0.62375, -0.001875, -0.003125, -0.003125, -0.000625]",0,0,29.5,"[1, 1, 1, 1, 1, 1]",91.83545468784563,0.0,0.0,0,0.0
1774904401.7737243,"[0, 0, 0, 0, 0, 0]","[1291, 1500, 1500, 1500]","[-25.08, 0.0, 0.0, 0.0]","[0.0, 0.0, 0.0]",0,3739.142822265625,0,31.628835830688477,"[0.0, 9.49096679532, -1.09863281232]","[0, 0, 0]",0,3,0.0,0.0,3.739,0,0,0,4294967.295,3750000.896,0,39491,0,72.53411865234375,96.08940887451172,0.5969807505607605,0,state.PRE_FLIGHT,532,-35,0,-34,0.0,3739,3739,"[10.8, 0.5, 16.5, 10.4, 15.0, 17.0, 0, 0]","[3.638, 3.639, 3.639]",0.187,"[2.9952, 3.3104, 5.0048, 7.36, 8.441600000000001, 27.8272]","[0.038125, 0.59375, -0.00375, 0.005625, -0.00875, -0.0025]",0,0,29.5,"[1, 1, 1, 1, 1, 1]",91.82453149448939,0.0,0.0,0,0.0
1774904401.8347244,"[0, 0, 0, 0, 0, 0]","[1291, 1500, 1500, 1500]","[-25.08, 0.0, 0.0, 0.0]","[0.0, 0.0, 0.0]",0,3746.421630859375,0,31.598232192993166,"[0.0, -2.96020507764, 0.21362304684]","[0, 0, 0]",0,3,0.0,0.0,3.739,0,0,0,4294967.295,3750000.896,0,39545,0,72.5851821899414,96.20283508300781,0.5969807505607605,0,state.PRE_FLIGHT,533,-36,0,-35,0.0,3739,3746,"[10.8, 0.5, 17.0, 10.6, 15.0, 17.0, 0, 0]","[3.638, 3.639, 3.639]",0.187,"[2.9952, 3.3104, 5.0048, 7.36, 8.441600000000001, 27.8272]","[0.038125, 0.59375, -0.00375, 0.005625, -0.00875, -0.0025]",0,0,29.5,"[1, 1, 1, 1, 1, 1]",91.85313032665302,0.0,0.0,0,0.0
1774904401.8972805,"[0, 0, 0, 0, 0, 0]","[1291, 1500, 1500, 1500]","[-25.08, 0.0, 0.0, 0.0]","[0.0, 0.0, 0.0]",0,3755.11767578125,0,31.615719985961913,"[0.0, 2.16674804652, 0.21362304684]","[0, 0, 0]",0,3,0.0,0.0,3.753,0,0,0,4294967.295,3750000.896,0,39605,0,72.72046661376953,96.33953094482422,0.5969807505607605,0,state.PRE_FLIGHT,534,-36,0,-36,0.0,3753,3755,"[10.6, 0.5, 15.9, 10.6, 15.9, 17.0, 0, 0]","[3.638, 3.639, 3.639]",0.187,"[2.9968000000000004, 3.3136, 5.0032000000000005, 7.3632, 8.448, 27.817600000000002]","[0.030625, 0.6275000000000001, -0.00125, -0.00125, -0.00125, 0.004375]",0,0,29.5,"[1, 1, 1, 1, 1, 1]",91.87955223211922,0.0,0.0,0,0.0
1774904401.9565265,"[0, 0, 0, 0, 0, 0]","[1291, 1500, 1500, 1500]","[-25.08, 0.0, 0.0, 0.0]","[0.0, 0.0, 0.0]",0,3763.77099609375,0,31.62446388244629,"[0.0, -2.77709960892, -1.28173828104]","[0, 0, 0]",0,3,0.0,0.0,3.753,0,0,0,4294967.295,3750000.896,0,39665,0,72.55963134765625,96.57699584960938,0.5969807505607605,0,state.PRE_FLIGHT,535,-35,0,-35,0.0,3753,3763,"[10.2, 0.5, 15.9, 10.6, 15.9, 15.9, 0, 0]","[3.638, 3.639, 3.639]",0.187,"[2.9968000000000004, 3.3136, 5.0032000000000005, 7.3632, 8.448, 27.817600000000002]","[0.030625, 0.6275000000000001, -0.00125, -0.00125, -0.00125, 0.004375]",0,0,29.5,"[1, 1, 1, 1, 1, 1]",91.96727176904018,0.0,0.0,0,0.0
1774904402.016042,"[0, 0, 0, 0, 0, 0]","[1291, 1500, 1500, 1500]","[-25.08, 0.0, 0.0, 0.0]","[0.0, 0.0, 0.0]",0,3772.378662109375,0,31.606976089477538,"[0.0, -7.2326660144399995, -3.29589843696]","[0, 0, 0]",0,3,0.0,0.0,3.768,0,0,0,4294967.295,3750000.896,0,39725,0,72.75129699707031,96.63130950927734,0.5969807505607605,0,state.PRE_FLIGHT,536,-34,0,-34,0.0,3768,3772,"[10.4, 0.5, 16.5, 10.2, 15.5, 15.9, 0, 0]","[3.638, 3.639, 3.639]",0.187,"[2.9952, 3.3120000000000003, 5.0048, 7.3632, 8.4336, 27.8272]","[0.03125, 0.2625, -0.000625, 0.0, -0.00125, 0.000625]",0,0,29.5,"[1, 1, 1, 1, 1, 1]",91.96231224120157,0.0,0.0,0,0.0
1774904402.0626006,"[0, 0, 0, 0, 0, 0]","[1291, 1500, 1500, 1500]","[-25.08, 0.0, 0.0, 0.0]","[0.0, 0.0, 0.0]",0,3779.520263671875,0,31.615719985961913,"[0.0, 0.03051757812, -7.99560546744]","[0, 0, 0]",0,3,0.0,0.0,3.768,0,0,0,4294967.295,3750000.896,0,39779,0,72.8029556274414,96.80741119384766,0.5969807505607605,0,state.PRE_FLIGHT,537,-33,0,-33,0.0,3768,3779,"[10.6, 0.5, 16.5, 10.6, 15.9, 16.5, 0, 0]","[3.638, 3.639, 3.639]",0.187,"[2.9968000000000004, 3.3120000000000003, 5.0032000000000005, 7.364800000000001, 8.464, 27.8288]","[0.033125, 0.23750000000000002, -0.000625, -0.004375, 0.0025, -0.004375]",0,0,29.5,"[1, 1, 1, 1, 1, 1]",92.00835018901711,0.0,0.0,0,0.0
1774904402.1255872,"[0, 0, 0, 0, 0, 0]","[1291, 1500, 1500, 1500]","[-25.08, 0.0, 0.0, 0.0]","[0.0, 0.0, 0.0]",0,3788.048583984375,0,31.60260414123535,"[0.0, -4.9133300773199995, 4.85229492108]","[0, 0, 0]",0,3,0.0,0.0,3.78,0,0,0,4294967.295,3750000.896,0,39839,0,72.77244567871094,96.84705352783203,0.5969807505607605,0,state.PRE_FLIGHT,538,-32,0,-32,0.0,3780,3788,"[10.8, 0.5, 15.9, 10.4, 15.5, 17.0, 0, 0]","[3.638, 3.639, 3.639]",0.187,"[2.9968000000000004, 3.3120000000000003, 5.0032000000000005, 7.364800000000001, 8.464, 27.8288]","[0.033125, 0.23750000000000002, -0.000625, -0.004375, 0.0025, -0.004375]",0,0,29.5,"[1, 1, 1, 1, 1, 1]",92.02347151880667,0.0,0.0,0,0.0
1774904402.186133,"[0, 0, 0, 0, 0, 0]","[1291, 1500, 1500, 1500]","[-25.08, 0.0, 0.0, 0.0]","[0.0, 0.0, 0.0]",0,3796.534423828125,0,31.62446388244629,"[0.0, 0.21362304684, 12.14599609176]","[0, 0, 0]",0,3,0.0,0.0,3.796,0,0,0,4294967.295,3750000.896,0,39899,0,72.98667907714844,96.81288146972656,0.5969807505607605,0,state.PRE_FLIGHT,539,-32,0,-32,0.0,3796,3796,"[10.4, 0.5, 15.9, 10.6, 16.5, 17.0, 0, 0]","[3.638, 3.639, 3.639]",0.187,"[2.9968000000000004, 3.3104, 5.0032000000000005, 7.36, 8.4448, 27.8256]","[0.031875, 0.258125, -0.006875, 0.00375, -0.005625, -0.000625]",0,0,29.5,"[1, 1, 1, 1, 1, 1]",91.98911387189398,0.0,0.0,0,0.0
1774904402.2411404,"[0, 0, 0, 0, 0, 0]","[1291, 1500, 1500, 1500]","[-25.08, 0.0, 0.0, 0.0]","[0.0, 0.0, 0.0]",0,3804.974365234375,0,31.62446388244629,"[0.0, -15.96069335676, 1.525878906]","[0, 0, 0]",0,3,0.0,0.0,3.796,0,0,0,4294967.295,3750000.896,0,39959,0,72.90425872802734,96.85990142822266,0.5969807505607605,0,state.PRE_FLIGHT,540,-33,0,-32,0.0,3796,3804,"[10.8, 0.5, 16.5, 10.6, 15.5, 17.0, 0, 0]","[3.638, 3.639, 3.639]",0.187,"[2.9968000000000004, 3.3104, 5.0032000000000005, 7.36, 8.4448, 27.8256]","[0.031875, 0.258125, -0.006875, 0.00375, -0.005625, -0.000625]",0,0,29.5,"[1, 1, 1, 1, 1, 1]",92.01219944026427,0.0,0.0,0,0.0
1774904402.3071969,"[0, 0, 0, 0, 0, 0]","[1291, 1500, 1500, 1500]","[-25.08, 0.0, 0.0, 0.0]","[0.0, 0.0, 0.0]",0,3813.374755859375,0,31.6200919342041,"[0.0, -6.8664550769999995, -2.77709960892]","[0, 0, 0]",0,3,0.0,0.0,3.81,0,0,0,4294967.295,3750000.896,0,40013,0,72.63924407958984,96.75916290283203,0.5969807505607605,0,state.PRE_FLIGHT,541,-33,0,-32,0.0,3810,3813,"[10.4, 0.5, 15.5, 10.6, 15.5, 15.9, 0, 0]","[3.638, 3.639, 3.639]",0.187,"[2.9968000000000004, 3.3120000000000003, 5.0032000000000005, 7.3664000000000005, 8.427200000000001, 27.8256]","[0.039375, 0.6025, -0.00375, -0.003125, -0.006875, -0.00125]",0,0,29.5,"[1, 1, 1, 1, 1, 1]",92.01258627383802,0.0,0.0,0,0.0
1774904402.366311,"[0, 0, 0, 0, 0, 0]","[1291, 1500, 1500, 1500]","[-25.08, 0.0, 0.0, 0.0]","[0.0, 0.0, 0.0]",0,3821.7294921875,0,31.633207778930664,"[0.0, -11.01684570132, -3.90624999936]","[0, 0, 0]",0,3,0.0,0.0,3.81,0,0,0,4294967.295,3750000.896,0,40073,0,72.73200225830078,96.83545684814453,0.5969807505607605,0,state.PRE_FLIGHT,542,-33,0,-32,0.0,3810,3821,"[10.8, 0.5, 17.0, 10.8, 15.5, 17.6, 0, 0]","[3.638, 3.639, 3.639]",0.187,"[2.9968000000000004, 3.3120000000000003, 5.0032000000000005, 7.3664000000000005, 8.427200000000001, 27.8256]","[0.039375, 0.6025, -0.00375, -0.003125, -0.006875, -0.00125]",0,0,29.5,"[1, 1, 1, 1, 1, 1]",92.024659210878,0.0,0.0,0,0.0
1774904402.4273107,"[0, 0, 0, 0, 0, 0]","[1291, 1500, 1500, 1500]","[-25.08, 0.0, 0.0, 0.0]","[0.0, 0.0, 0.0]",0,3830.038330078125,0,31.615719985961913,"[0.0, -0.21362304684, 6.34765624896]","[0, 0, 0]",0,3,0.0,0.0,3.824,0,0,0,4294967.295,3750000.896,0,40133,0,72.91574096679688,96.91419982910156,0.5969807505607605,0,state.PRE_FLIGHT,543,-33,0,-32,0.0,3824,3830,"[10.6, 0.5, 15.9, 10.4, 15.5, 17.6, 0, 0]","[3.638, 3.639, 3.639]",0.187,"[2.9952, 3.3104, 5.0064, 7.3696, 8.457600000000001, 27.8288]","[0.035, 0.61375, -0.0025, 0.003125, -0.00125, 0.00375]",0,0,29.5,"[1, 1, 1, 1, 1, 1]",92.02673412410842,0.0,0.0,0,0.0
1774904402.4871063,"[0, 0, 0, 0, 0, 0]","[1291, 1500, 1500, 1500]","[-25.08, 0.0, 0.0, 0.0]","[0.0, 0.0, 0.0]",0,3838.3076171875,0,31.62446388244629,"[0.0, 1.80053710908, -8.72802734232]","[0, 0, 0]",0,3,0.0,0.0,3.838,0,0,0,4294967.295,3750000.896,0,40193,0,72.59835815429688,96.84214782714844,0.5969807505607605,0,state.PRE_FLIGHT,544,-32,0,-32,0.0,3838,3838,"[10.2, 0.5, 17.0, 10.8, 15.5, 18.2, 0, 0]","[3.638, 3.639, 3.639]",0.187,"[2.9952, 3.3104, 5.0064, 7.3696, 8.457600000000001, 27.8288]","[0.035, 0.61375, -0.0025, 0.003125, -0.00125, 0.00375]",0,0,29.5,"[1, 1, 1, 1, 1, 1]",92.04184050046423,0.0,0.0,0,0.0
1774904402.5326025,"[0, 0, 0, 0, 0, 0]","[1291, 1500, 1500, 1500]","[-25.08, 0.0, 0.0, 0.0]","[0.0, 0.0, 0.0]",0,3845.165771484375,0,31.637579727172852,"[0.0, 1.80053710908, 2.80761718704]","[0, 0, 0]",0,3,0.0,0.0,3.838,0,0,0,4294967.295,3750000.896,0,40247,0,72.50968170166016,96.88365173339844,0.5969807505607605,0,state.PRE_FLIGHT,545,-32,0,-32,0.0,3838,3845,"[10.6, 0.5, 17.0, 10.4, 15.0, 17.0, 0, 0]","[3.638, 3.639, 3.639]",0.187,"[2.9952, 3.3104, 5.0048, 7.3616, 8.4528, 27.824]","[0.035, 0.560625, -0.004375, -0.00125, -0.004375, 0.0025]",0,0,29.5,"[1, 1, 1, 1, 1, 1]",92.06431778075256,0.0,0.0,0,0.0
1774904402.5931425,"[0, 0, 0, 0, 0, 0]","[1291, 1500, 1500, 1500]","[-25.08, 0.0, 0.0, 0.0]","[0.0, 0.0, 0.0]",0,3853.35595703125,0,31.6550675201416,"[0.0, -2.96020507764, 3.38745117132]","[0, 0, 0]",0,3,0.0,0.0,3.851,0,0,0,4294967.295,3750000.896,0,40307,0,72.57037353515625,96.79638671875,0.5969807505607605,0,state.PRE_FLIGHT,546,-32,0,-32,0.0,3851,3853,"[10.6, 0.5, 16.5, 10.6, 15.5, 16.5, 0, 0]","[3.638, 3.639, 3.639]",0.187,"[2.9952, 3.3104, 5.0048, 7.3616, 8.4528, 27.824]","[0.035, 0.560625, -0.004375, -0.00125, -0.004375, 0.0025]",0,0,29.5,"[1, 1, 1, 1, 1, 1]",92.03140496013656,0.0,0.0,0,0.0
1774904402.6531565,"[0, 0, 0, 0, 0, 0]","[1291, 1500, 1500, 1500]","[-25.08, 0.0, 0.0, 0.0]","[0.0, 0.0, 0.0]",0,3861.50634765625,0,31.650695571899416,"[0.0, -1.55639648412, 4.85229492108]","[0, 0, 0]",0,3,0.0,0.0,3.851,0,0,0,4294967.295,3750000.896,0,40367,0,72.5792465209961,96.88792419433594,0.5969807505607605,0,state.PRE_FLIGHT,547,-31,0,-31,0.0,3851,3861,"[10.8, 0.5, 16.5, 10.2, 15.5, 17.6, 0, 0]","[3.638, 3.639, 3.639]",0.187,"[2.9984, 3.3104, 5.0032000000000005, 7.3616, 8.448, 27.817600000000002]","[0.033125, 0.21125, -0.005, -0.00125, -0.003125, 0.000625]",0,0,29.5,"[1, 1, 1, 1, 1, 1]",92.05762969948931,0.0,0.0,0,0.0
1774904402.715675,"[0, 0, 0, 0, 0, 0]","[1291, 1500, 1500, 1500]","[-25.08, 0.0, 0.0, 0.0]","[0.0, 0.0, 0.0]",0,3869.611083984375,0,31.646323623657228,"[0.0, 0.762939453, 10.65063476388]","[0, 0, 0]",0,3,0.0,0.0,3.865,0,0,0,4294967.295,3750000.896,0,40427,0,72.57160949707031,96.80615997314453,0.5969807505607605,0,state.PRE_FLIGHT,548,-30,0,-30,0.0,3865,3869,"[10.6, 0.5, 16.5, 10.8, 15.5, 16.5, 0, 0]","[3.638, 3.639, 3.639]",0.187,"[2.9968000000000004, 3.3104, 5.0032000000000005, 7.3696, 8.456000000000001, 27.832]","[0.035, 0.20875, -0.003125, -0.0025, 0.001875, -0.000625]",0,0,29.5,"[1, 1, 1, 1, 1, 1]",92.0341737756678,0.0,0.0,0,0.0
1774904402.7632105,"[0, 0, 0, 0, 0, 0]","[1291, 1500, 1500, 1500]","[-25.08, 0.0, 0.0, 0.0]","[0.0, 0.0, 0.0]",0,3877.670166015625,0,31.6550675201416,"[0.0, -12.23754882612, -7.99560546744]","[0, 0, 0]",0,3,0.0,0.0,3.865,0,0,0,4294967.295,3750000.896,0,40481,0,72.30886840820312,97.12606811523438,0.5969807505607605,0,state.PRE_FLIGHT,549,-30,0,-30,0.0,3865,3877,"[10.6, 0.5, 16.5, 10.6, 16.5, 17.0, 0, 0]","[3.638, 3.639, 3.639]",0.187,"[2.9968000000000004, 3.3104, 5.0032000000000005, 7.3696, 8.456000000000001, 27.832]","[0.035, 0.20875, -0.003125, -0.0025, 0.001875, -0.000625]",0,0,29.5,"[1, 1, 1, 1, 1, 1]",92.16044278386215,0.0,0.0,0,0.0
1774904402.8242025,"[0, 0, 0, 0, 0, 0]","[1291, 1500, 1500, 1500]","[-25.08, 0.0, 0.0, 0.0]","[0.0, 0.0, 0.0]",0,3885.689453125,0,31.650695571899416,"[0.0, 5.09643554604, 1.31225585916]","[0, 0, 0]",0,3,0.0,0.0,3.879,0,0,0,4294967.295,3750000.896,0,40541,0,72.46302795410156,96.84285736083984,0.5969807505607605,0,state.PRE_FLIGHT,550,-30,0,-30,0.0,3879,3885,"[10.4, 0.5, 16.5, 10.4, 15.0, 17.0, 0, 0]","[3.638, 3.639, 3.639]",0.187,"[2.9968000000000004, 3.3136, 5.0032000000000005, 7.368, 8.4304, 27.8288]","[0.033125, 0.2325, -0.0025, -0.001875, -0.005, -0.0025]",0,0,29.5,"[1, 1, 1, 1, 1, 1]",92.0574416298968,0.0,0.0,0,0.0
1774904402.8833976,"[0, 0, 0, 0, 0, 0]","[1291, 1500, 1500, 1500]","[-25.08, 0.0, 0.0, 0.0]","[0.0, 0.0, 0.0]",0,3893.666259765625,0,31.663811416625975,"[0.0, 0.762939453, 0.21362304684]","[0, 0, 0]",0,3,0.0,0.0,3.892,0,0,0,4294967.295,3750000.896,0,40601,0,72.45879364013672,96.91426086425781,0.5969807505607605,0,state.PRE_FLIGHT,551,-30,0,-30,0.0,3892,3893,"[10.4, 0.5, 16.5, 10.4, 15.0, 17.0, 0, 0]","[3.638, 3.639, 3.639]",0.187,"[2.9968000000000004, 3.3136, 5.0032000000000005, 7.368, 8.4304, 27.8288]","[0.033125, 0.2325, -0.0025, -0.001875, -0.005, -0.0025]",0,0,29.5,"[1, 1, 1, 1, 1, 1]",92.07930244114476,0.0,0.0,0,0.0
1774904402.9433944,"[0, 0, 0, 0, 0, 0]","[1291, 1500, 1500, 1500]","[-25.08, 0.0, 0.0, 0.0]","[0.0, 0.0, 0.0]",0,3901.603271484375,0,31.6550675201416,"[0.0, -10.04028320148, 13.06152343536]","[0, 0, 0]",0,3,0.0,0.0,3.892,0,0,0,4294967.295,3750000.896,0,40661,0,72.27729797363281,97.02229309082031,0.5969807505607605,0,state.PRE_FLIGHT,552,-31,0,-30,0.0,3892,3901,"[10.8, 0.5, 16.5, 11.1, 15.5, 17.0, 0, 0]","[3.638, 3.639, 3.639]",0.187,"[2.9952, 3.3120000000000003, 5.0048, 7.356800000000001, 8.456000000000001, 27.8256]","[0.035, 0.2425, -0.0025, -0.00125, -0.000625, -0.003125]",0,0,29.5,"[1, 1, 1, 1, 1, 1]",92.13280452913898,0.0,0.0,0,0.0
1774904403.0049999,"[0, 0, 0, 0, 0, 0]","[1291, 1500, 1500, 1500]","[-25.08, 0.0, 0.0, 0.0]","[0.0, 0.0, 0.0]",0,3908.180908203125,0,31.681299209594727,"[0.0, 1.19018554668, 8.605957029839999]","[0, 0, 0]",0,3,0.0,0.0,3.905,0,0,0,4294967.295,3750000.896,0,40715,0,72.15837860107422,97.24478912353516,0.5969807505607605,0,state.PRE_FLIGHT,553,-31,0,-31,0.0,3905,3908,"[10.4, 0.5, 16.5, 10.4, 15.9, 15.5, 0, 0]","[3.638, 3.639, 3.639]",0.187,"[2.9952, 3.3120000000000003, 5.0048, 7.356800000000001, 8.456000000000001, 27.8256]","[0.035, 0.2425, -0.0025, -0.00125, -0.000625, -0.003125]",0,0,29.5,"[1, 1, 1, 1, 1, 1]",92.21434931554883,0.0,0.0,0,0.0
1774904403.064533,"[0, 0, 0, 0, 0, 0]","[1291, 1500, 1500, 1500]","[-25.08, 0.0, 0.0, 0.0]","[0.0, 0.0, 0.0]",0,3916.038818359375,0,31.659439468383788,"[0.0, -8.45336913924, 5.7983398428]","[0, 0, 0]",0,3,0.0,0.0,3.905,0,0,0,4294967.295,3750000.896,0,40775,0,72.18218994140625,97.44131469726562,0.5969807505607605,0,state.PRE_FLIGHT,554,-31,0,-31,0.0,3905,3916,"[10.6, 0.5, 16.5, 10.8, 16.5, 17.0, 0, 0]","[3.638, 3.639, 3.639]",0.187,"[2.9952, 3.3120000000000003, 5.0032000000000005, 7.3664000000000005, 8.4288, 27.8272]","[0.031875, 0.348125, -0.001875, -0.00125, -0.0025, -0.00125]",0,0,29.5,"[1, 1, 1, 1, 1, 1]",92.27117614349594,0.0,0.0,0,0.0
1774904403.1245406,"[0, 0, 0, 0, 0, 0]","[1291, 1500, 1500, 1500]","[-25.08, 0.0, 0.0, 0.0]","[0.0, 0.0, 0.0]",0,3923.85400390625,0,31.67255531311035,"[0.0, -7.4768066393999995, -6.5002441395599995]","[0, 0, 0]",0,3,0.0,0.0,3.918,0,0,0,4294967.295,3750000.896,0,40835,0,72.2209243774414,97.47428131103516,0.5969807505607605,0,state.PRE_FLIGHT,555,-31,0,-30,0.0,3918,3923,"[10.4, 0.5, 15.9, 10.6, 15.0, 17.0, 0, 0]","[3.638, 3.639, 3.639]",0.187,"[2.9952, 3.3120000000000003, 5.0032000000000005, 7.3664000000000005, 8.4288, 27.8272]","[0.031875, 0.348125, -0.001875, -0.00125, -0.0025, -0.00125]",0,0,29.5,"[1, 1, 1, 1, 1, 1]",92.27638494744454,0.0,0.0,0,0.0
1774904403.1856036,"[0, 0, 0, 0, 0, 0]","[1291, 1500, 1500, 1500]","[-25.08, 0.0, 0.0, 0.0]","[0.0, 0.0, 0.0]",0,3931.62646484375,0,31.685671157836914,"[0.0, 9.49096679532, 8.392333983]","[0, 0, 0]",0,3,0.0,0.0,3.931,0,0,0,4294967.295,3750000.896,0,40895,0,72.2081069946289,97.21060180664062,0.5969807505607605,0,state.PRE_FLIGHT,556,-32,0,-30,0.0,3931,3931,"[11.1, 0.5, 15.9, 10.6, 16.5, 17.0, 0, 0]","[3.638, 3.639, 3.639]",0.187,"[2.9984, 3.3120000000000003, 5.0048, 7.3632, 8.4496, 27.8256]","[0.033125, 0.6218750000000001, -0.00125, 0.0, -0.004375, 0.004375]",0,0,29.5,"[1, 1, 1, 1, 1, 1]",92.19800349058092,0.0,0.0,0,0.0
1774904403.2326152,"[0, 0, 0, 0, 0, 0]","[1291, 1500, 1500, 1500]","[-25.08, 0.0, 0.0, 0.0]","[0.0, 0.0, 0.0]",0,3938.072998046875,0,31.690043106079102,"[0.0, 1.3732910154, -6.1340332021199995]","[0, 0, 0]",0,3,0.0,0.0,3.931,0,0,0,4294967.295,3750000.896,0,40949,0,72.31886291503906,97.35095977783203,0.5969807505607605,0,state.PRE_FLIGHT,557,-32,0,-227,0.0,3931,3938,"[10.6, 0.5, 16.5, 10.8, 15.9, 16.5, 0, 0]","[3.638, 3.639, 3.639]",0.187,"[2.9984, 3.3120000000000003, 5.0048, 7.3632, 8.4496, 27.8256]","[0.033125, 0.6218750000000001, -0.00125, 0.0, -0.004375, 0.004375]",0,0,29.5,"[1, 1, 1, 1, 1, 1]",92.22706992485453,0.0,0.0,0,0.0
1774904403.294692,"[0, 0, 0, 0, 0, 0]","[1291, 1500, 1500, 1500]","[-25.08, 0.0, 0.0, 0.0]","[0.0, 0.0, 0.0]",0,3945.769287109375,0,31.690043106079102,"[0.0, 0.64086914052, -3.32641601508]","[0, 0, 0]",0,3,0.0,0.0,3.943,0,0,0,4294967.295,3750000.896,0,41009,0,72.107666015625,97.47914123535156,0.5969807505607605,0,state.PRE_FLIGHT,558,-32,0,-31,0.0,3943,3945,"[10.4, 0.5, 16.5, 10.4, 17.0, 17.6, 0, 0]","[3.638, 3.639, 3.639]",0.187,"[2.9968000000000004, 3.3136, 5.0048, 7.3616, 8.4528, 27.8304]","[0.036875, 0.5856250000000001, -0.005, 0.00125, -0.005, 0.004375]",0,0,29.5,"[1, 1, 1, 1, 1, 1]",92.29190239174758,0.0,0.0,0,0.0
1774904403.3582225,"[0, 0, 0, 0, 0, 0]","[1291, 1500, 1500, 1500]","[-25.08, 0.0, 0.0, 0.0]","[0.0, 0.0, 0.0]",0,3953.4228515625,0,31.685671157836914,"[0.0, 1.3732910154, -0.54931640616]","[0, 0, 0]",0,3,0.0,0.0,3.943,0,0,0,4294967.295,3750000.896,0,41069,0,71.9227294921875,97.4352035522461,0.5969807505607605,0,state.PRE_FLIGHT,559,-32,0,-32,0.0,3943,3953,"[10.4, 0.5, 17.0, 10.6, 15.9, 15.9, 0, 0]","[3.638, 3.639, 3.639]",0.187,"[2.9968000000000004, 3.3136, 5.0048, 7.3616, 8.4528, 27.8304]","[0.036875, 0.5856250000000001, -0.005, 0.00125, -0.005, 0.004375]",0,0,29.5,"[1, 1, 1, 1, 1, 1]",92.3012874971216,0.0,0.0,0,0.0
1774904403.4182186,"[0, 0, 0, 0, 0, 0]","[1291, 1500, 1500, 1500]","[-25.08, 0.0, 0.0, 0.0]","[0.0, 0.0, 0.0]",0,3961.036865234375,0,31.67692726135254,"[0.0, 4.9133300773199995, 4.3029785149199995]","[0, 0, 0]",0,3,0.0,0.0,3.955,0,0,0,4294967.295,3750000.896,0,41129,0,72.06922149658203,97.5517807006836,0.5969807505607605,0,state.PRE_FLIGHT,560,-32,0,-32,0.0,3955,3961,"[10.8, 0.5, 15.9, 10.4, 15.9, 16.5, 0, 0]","[3.638, 3.639, 3.639]",0.187,"[2.9952, 3.3104, 5.0032000000000005, 7.3616, 8.4512, 27.8288]","[0.033125, 0.24125, 0.00125, 0.000625, -0.0025, -0.005]",0,0,29.5,"[1, 1, 1, 1, 1, 1]",92.3188570476205,0.0,0.0,0,0.0
1774904403.4790058,"[0, 0, 0, 0, 0, 0]","[1291, 1500, 1500, 1500]","[-25.08, 0.0, 0.0, 0.0]","[0.0, 0.0, 0.0]",0,3968.605224609375,0,31.711902847290037,"[0.0, 10.2233886702, 9.88769531088]","[0, 0, 0]",0,3,0.0,0.0,3.955,0,0,0,4294967.295,3750000.896,0,41183,0,72.25486755371094,97.47702026367188,0.5969807505607605,0,state.PRE_FLIGHT,561,-32,0,-32,0.0,3955,3968,"[10.4, 0.5, 15.9, 10.2, 16.5, 16.5, 0, 0]","[3.638, 3.639, 3.639]",0.187,"[2.9952, 3.3104, 5.0032000000000005, 7.3616, 8.4512, 27.8288]","[0.033125, 0.24125, 0.00125, 0.000625, -0.0025, -0.005]",0,0,29.5,"[1, 1, 1, 1, 1, 1]",92.27300508332331,0.0,0.0,0,0.0
1774904403.5253558,"[0, 0, 0, 0, 0, 0]","[1291, 1500, 1500, 1500]","[-25.08, 0.0, 0.0, 0.0]","[0.0, 0.0, 0.0]",0,3976.136962890625,0,31.690043106079102,"[0.0, -0.762939453, -2.01416015592]","[0, 0, 0]",0,3,0.0,0.0,3.969,0,0,0,4294967.295,3750000.896,0,41243,0,72.20570373535156,97.31102752685547,0.5969807505607605,0,state.PRE_FLIGHT,562,-33,0,-32,0.0,3969,3976,"[10.2, 0.5, 16.5, 10.8, 16.5, 16.5, 0, 0]","[3.638, 3.639, 3.639]",0.187,"[2.9968000000000004, 3.3136, 5.0048, 7.368, 8.4336, 27.8288]","[0.03125, 0.263125, -0.0025, -0.0025, -0.0025, -0.0025]",0,0,29.5,"[1, 1, 1, 1, 1, 1]",92.2287577038438,0.0,0.0,0,0.0
1774904403.5859013,"[0, 0, 0, 0, 0, 0]","[1291, 1500, 1500, 1500]","[-25.08, 0.0, 0.0, 0.0]","[0.0, 0.0, 0.0]",0,3983.622802734375,0,31.698787002563478,"[0.0, 3.75366210876, -2.22778320276]","[0, 0, 0]",0,3,0.0,0.0,3.982,0,0,0,4294967.295,3750000.896,0,41303,0,72.31710052490234,97.324462890625,0.5969807505607605,0,state.PRE_FLIGHT,563,-34,0,-33,0.0,3982,3983,"[10.4, 0.5, 17.0, 10.4, 15.9, 16.5, 0, 0]","[3.638, 3.639, 3.639]",0.187,"[2.9968000000000004, 3.3104, 5.0048, 7.3616, 8.4672, 27.8288]","[0.033125, 0.231875, -0.00625, -0.003125, -0.005625, -0.00125]",0,0,29.5,"[1, 1, 1, 1, 1, 1]",92.2192964290939,0.0,0.0,0,0.0
1774904403.6479053,"[0, 0, 0, 0, 0, 0]","[1291, 1500, 1500, 1500]","[-25.08, 0.0, 0.0, 0.0]","[0.0, 0.0, 0.0]",0,3991.0693359375,0,31.703158950805665,"[0.0, -0.762939453, 13.06152343536]","[0, 0, 0]",0,3,0.0,0.0,3.982,0,0,0,4294967.295,3750000.896,0,41363,0,72.51578521728516,97.41480255126953,0.5969807505607605,0,state.PRE_FLIGHT,564,-35,0,-34,0.0,3982,3991,"[10.4, 0.5, 15.9, 11.1, 16.5, 16.5, 0, 0]","[3.638, 3.639, 3.639]",0.187,"[2.9968000000000004, 3.3104, 5.0048, 7.3616, 8.4672, 27.8288]","[0.033125, 0.231875, -0.00625, -0.003125, -0.005625, -0.00125]",0,0,29.5,"[1, 1, 1, 1, 1, 1]",92.22206977884133,0.0,0.0,0,0.0
1774904403.7050796,"[0, 0, 0, 0, 0, 0]","[1291, 1500, 1500, 1500]","[-25.08, 0.0, 0.0, 0.0]","[0.0, 0.0, 0.0]",0,3997.24462890625,0,31.690043106079102,"[0.0, 1.80053710908, 2.07519531216]","[0, 0, 0]",0,3,0.0,0.0,3.994,0,0,0,4294967.295,3750000.896,0,41417,0,72.38050842285156,97.4696044921875,0.5969807505607605,0,state.PRE_FLIGHT,565,-34,0,-34,0.0,3994,3997,"[9.8, 0.5, 17.0, 10.6, 15.5, 18.2, 0, 0]","[3.638, 3.639, 3.639]",0.187,"[2.9952, 3.3120000000000003, 5.0016, 7.3616, 8.4672, 27.8272]","[0.0425, 0.28500000000000003, 0.0, -0.0025, -0.000625, -0.004375]",0,0,29.5,"[1, 1, 1, 1, 1, 1]",92.25518849737169,0.0,0.0,0,0.0
1774904403.7652197,"[0, 0, 0, 0, 0, 0]","[1291, 1500, 1500, 1500]","[-25.08, 0.0, 0.0, 0.0]","[0.0, 0.0, 0.0]",0,4004.61474609375,0,31.685671157836914,"[0.0, -1.19018554668, -4.2724609368]","[0, 0, 0]",0,3,0.0,0.0,3.994,0,0,0,4294967.295,3750000.896,0,41477,0,72.2215347290039,97.5544204711914,0.5969807505607605,0,state.PRE_FLIGHT,566,-34,0,-33,0.0,3994,4004,"[10.8, 0.5, 16.5, 10.2, 15.5, 16.5, 0, 0]","[3.638, 3.639, 3.639]",0.187,"[2.9952, 3.3120000000000003, 5.0016, 7.3616, 8.4672, 27.8272]","[0.0425, 0.28500000000000003, 0.0, -0.0025, -0.000625, -0.004375]",0,0,29.5,"[1, 1, 1, 1, 1, 1]",92.3005879896478,0.0,0.0,0,0.0
1774904403.8272293,"[0, 0, 0, 0, 0, 0]","[1291, 1500, 1500, 1500]","[-25.08, 0.0, 0.0, 0.0]","[0.0, 0.0, 0.0]",0,4011.942138671875,0,31.707530899047853,"[0.0, -4.5471191398799995, 0.21362304684]","[0, 0, 0]",0,3,0.0,0.0,4.007,0,0,0,4294967.295,3750000.896,0,41537,0,72.18217468261719,97.5342788696289,0.5969807505607605,0,state.PRE_FLIGHT,567,-33,0,-33,0.0,4007,4011,"[10.6, 0.5, 15.9, 10.2, 17.0, 16.5, 0, 0]","[3.638, 3.639, 3.639]",0.187,"[3.0, 3.3120000000000003, 5.0048, 7.3664000000000005, 8.4448, 27.8272]","[0.033125, 0.62125, -0.004375, 0.00125, 0.0025, -0.003125]",0,0,29.5,"[1, 1, 1, 1, 1, 1]",92.29940414862185,0.0,0.0,0,0.0
1774904403.886742,"[0, 0, 0, 0, 0, 0]","[1291, 1500, 1500, 1500]","[-25.08, 0.0, 0.0, 0.0]","[0.0, 0.0, 0.0]",0,4019.22998046875,0,31.707530899047853,"[0.0, -4.5471191398799995, -2.5939941402]","[0, 0, 0]",0,3,0.0,0.0,4.019,0,0,0,4294967.295,3750000.896,0,41597,0,72.25023651123047,97.66059875488281,0.5969807505607605,0,state.PRE_FLIGHT,568,-34,0,-34,0.0,4019,4019,"[10.6, 0.5, 16.5, 10.6, 16.5, 16.5, 0, 0]","[3.638, 3.639, 3.639]",0.187,"[3.0, 3.3120000000000003, 5.0048, 7.3664000000000005, 8.4448, 27.8272]","[0.033125, 0.62125, -0.004375, 0.00125, 0.0025, -0.003125]",0,0,29.5,"[1, 1, 1, 1, 1, 1]",92.32910244489439,0.0,0.0,0,0.0
1774904403.9337423,"[0, 0, 0, 0, 0, 0]","[1291, 1500, 1500, 1500]","[-25.08, 0.0, 0.0, 0.0]","[0.0, 0.0, 0.0]",0,4026.478271484375,0,31.703158950805665,"[0.0, -7.1105957019599995, 4.48608398364]","[0, 0, 0]",0,3,0.0,0.0,4.019,0,0,0,4294967.295,3750000.896,0,41651,0,72.22177124023438,97.88493347167969,0.5969807505607605,0,state.PRE_FLIGHT,569,-34,0,-33,0.0,4019,4026,"[11.1, 0.5, 17.0, 10.4, 16.5, 15.5, 0, 0]","[3.638, 3.639, 3.639]",0.187,"[2.9952, 3.3088, 5.0016, 7.3632, 8.4544, 27.824]","[0.03375, 0.61625, -0.003125, 0.000625, -0.008125, 0.00125]",0,0,29.5,"[1, 1, 1, 1, 1, 1]",92.40064454108419,0.0,0.0,0,0.0
1774904403.9992256,"[0, 0, 0, 0, 0, 0]","[1291, 1500, 1500, 1500]","[-25.08, 0.0, 0.0, 0.0]","[0.0, 0.0, 0.0]",0,4033.683837890625,0,31.703158950805665,"[0.0, -2.77709960892, -2.41088867148]","[0, 0, 0]",0,3,0.0,0.0,4.031,0,0,0,4294967.295,3750000.896,0,41711,0,72.19525146484375,97.88442993164062,0.5969807505607605,0,state.PRE_FLIGHT,570,-34,0,-33,0.0,4031,4033,"[10.4, 0.5, 16.5, 10.8, 15.5, 16.5, 0, 0]","[3.638, 3.639, 3.639]",0.187,"[2.9952, 3.3088, 5.0016, 7.3632, 8.4544, 27.824]","[0.03375, 0.61625, -0.003125, 0.000625, -0.008125, 0.00125]",0,0,29.5,"[1, 1, 1, 1, 1, 1]",92.40395903849688,0.0,0.0,0,0.0
1774904404.0552182,"[0, 0, 0, 0, 0, 0]","[1291, 1500, 1500, 1500]","[-25.08, 0.0, 0.0, 0.0]","[0.0, 0.0, 0.0]",0,4040.849853515625,0,31.69441505432129,"[0.0, 0.39672851556, 11.19995117004]","[0, 0, 0]",0,3,0.0,0.0,4.031,0,0,0,4294967.295,3750000.896,0,41771,0,72.2630844116211,98.0303726196289,0.5969807505607605,0,state.PRE_FLIGHT,571,-33,0,-32,0.0,4031,4040,"[10.6, 0.5, 15.9, 10.6, 15.5, 17.0, 0, 0]","[3.638, 3.639, 3.639]",0.187,"[2.9968000000000004, 3.3136, 5.0032000000000005, 7.3616, 8.4496, 27.832]","[0.04, 0.62, -0.000625, 0.000625, -0.005625, -0.000625]",0,0,29.5,"[1, 1, 1, 1, 1, 1]",92.43916231360312,0.0,0.0,0,0.0
1774904404.1173341,"[0, 0, 0, 0, 0, 0]","[1291, 1500, 1500, 1500]","[-25.08, 0.0, 0.0, 0.0]","[0.0, 0.0, 0.0]",0,4047.97314453125,0,31.720646743774413,"[0.0, -3.93676757748, -7.81249999872]","[0, 0, 0]",0,3,0.0,0.0,4.043,0,0,0,4294967.295,3750000.896,0,41831,0,72.19161224365234,97.93802642822266,0.5969807505607605,0,state.PRE_FLIGHT,572,-32,0,-33,0.0,4043,4047,"[10.2, 0.5, 16.5, 10.4, 15.0, 17.0, 0, 0]","[3.638, 3.639, 3.639]",0.187,"[2.9968000000000004, 3.3136, 5.0032000000000005, 7.3616, 8.4496, 27.832]","[0.04, 0.62, -0.000625, 0.000625, -0.005625, -0.000625]",0,0,29.5,"[1, 1, 1, 1, 1, 1]",92.42068481703784,0.0,0.0,0,0.0
1774904404.1748765,"[0, 0, 0, 0, 0, 0]","[1291, 1500, 1500, 1500]","[-25.08, 0.0, 0.0, 0.0]","[0.0, 0.0, 0.0]",0,4053.877197265625,0,31.716274795532225,"[0.0, 5.8898925771599995, 0.03051757812]","[0, 0, 0]",0,3,0.0,0.0,4.043,0,0,0,4294967.295,3750000.896,0,41885,0,71.97850799560547,98.10267639160156,0.5969807505607605,0,state.PRE_FLIGHT,573,-33,0,-32,0.0,4043,4053,"[10.6, 0.5, 16.5, 10.8, 15.9, 17.0, 0, 0]","[3.638, 3.639, 3.639]",0.187,"[2.9968000000000004, 3.3104, 5.0064, 7.36, 8.4528, 27.824]","[0.0325, 0.258125, -0.004375, -0.000625, -0.005, -0.000625]",0,0,29.5,"[1, 1, 1, 1, 1, 1]",92.49920042660239,0.0,0.0,0,0.0
1774904404.2358792,"[0, 0, 0, 0, 0, 0]","[1291, 1500, 1500, 1500]","[-25.08, 0.0, 0.0, 0.0]","[0.0, 0.0, 0.0]",0,4060.92724609375,0,31.707530899047853,"[0.0, -7.4768066393999995, 1.12915039044]","[0, 0, 0]",0,3,0.0,0.0,4.055,0,0,0,4294967.295,3750000.896,0,41945,0,72.24215698242188,98.14663696289062,0.5969807505607605,0,state.PRE_FLIGHT,574,-33,0,-32,0.0,4055,4060,"[10.8, 0.5, 15.9, 10.8, 15.5, 15.9, 0, 0]","[3.638, 3.639, 3.639]",0.187,"[2.9952, 3.3104, 5.0064, 7.368, 8.448, 27.824]","[0.03125, 0.18812500000000001, -0.004375, -0.00375, -0.003125, -0.0025]",0,0,29.5,"[1, 1, 1, 1, 1, 1]",92.47708884153099,0.0,0.0,0,0.0
1774904404.2874198,"[0, 0, 0, 0, 0, 0]","[1291, 1500, 1500, 1500]","[-25.08, 0.0, 0.0, 0.0]","[0.0, 0.0, 0.0]",0,4067.9345703125,0,31.711902847290037,"[0.0, 3.75366210876, -5.7678222646799995]","[0, 0, 0]",0,3,0.0,0.0,4.066,0,0,0,4294967.295,3750000.896,0,42005,0,72.14268493652344,98.32914733886719,0.5969807505607605,0,state.PRE_FLIGHT,575,-33,0,-32,0.0,4066,4067,"[10.8, 0.5, 16.5, 10.8, 16.5, 16.5, 0, 0]","[3.638, 3.639, 3.639]",0.187,"[2.9952, 3.3104, 5.0064, 7.368, 8.448, 27.824]","[0.03125, 0.18812500000000001, -0.004375, -0.00375, -0.003125, -0.0025]",0,0,29.5,"[1, 1, 1, 1, 1, 1]",92.5459644109191,0.0,0.0,0,0.0
1774904404.3564227,"[0, 0, 0, 0, 0, 0]","[1291, 1500, 1500, 1500]","[-25.08, 0.0, 0.0, 0.0]","[0.0, 0.0, 0.0]",0,4074.905517578125,0,31.7250186920166,"[0.0, -3.32641601508, -13.94653320084]","[0, 0, 0]",0,3,0.0,0.0,4.066,0,0,0,4294967.295,3750000.896,0,42065,0,72.03007507324219,98.50003051757812,0.5969807505607605,0,state.PRE_FLIGHT,576,-32,0,-32,0.0,4066,4074,"[10.6, 0.5, 17.0, 10.8, 16.5, 17.6, 0, 0]","[3.638, 3.639, 3.639]",0.187,"[2.9968000000000004, 3.3120000000000003, 5.0016, 7.3664000000000005, 8.464, 27.8272]","[0.03625, 0.2325, -0.0025, -0.000625, -0.005, -0.00125]",0,0,29.5,"[1, 1, 1, 1, 1, 1]",92.61370781555308,0.0,0.0,0,0.0
1774904404.401505,"[0, 0, 0, 0, 0, 0]","[1291, 1500, 1500, 1500]","[-25.08, 0.0, 0.0, 0.0]","[0.0, 0.0, 0.0]",0,4080.678466796875,0,31.711902847290037,"[0.0, 0.57983398428, -8.91113281104]","[0, 0, 0]",0,3,0.0,0.0,4.077,0,0,0,4294967.295,3750000.896,0,42119,0,72.34281921386719,98.54864501953125,0.5969807505607605,0,state.PRE_FLIGHT,577,-32,0,-32,0.0,4077,4080,"[10.6, 0.5, 17.0, 10.4, 16.5, 16.5, 0, 0]","[3.638, 3.639, 3.639]",0.187,"[2.9968000000000004, 3.3120000000000003, 5.0016, 7.3664000000000005, 8.464, 27.8272]","[0.03625, 0.2325, -0.0025, -0.000625, -0.005, -0.00125]",0,0,29.5,"[1, 1, 1, 1, 1, 1]",92.58425002335771,0.0,0.0,0,0.0
1774904404.462055,"[0, 0, 0, 0, 0, 0]","[1291, 1500, 1500, 1500]","[-25.08, 0.0, 0.0, 0.0]","[0.0, 0.0, 0.0]",0,4087.5732421875,0,31.7250186920166,"[0.0, 14.1906738258, 6.16455078024]","[0, 0, 0]",0,3,0.0,0.0,4.077,0,0,0,4294967.295,3750000.896,0,42179,0,72.23233795166016,98.57917022705078,0.5969807505607605,0,state.PRE_FLIGHT,578,-33,0,-31,0.0,4077,4087,"[10.6, 0.5, 16.5, 10.8, 15.9, 16.5, 0, 0]","[3.638, 3.639, 3.639]",0.187,"[2.9952, 3.3104, 5.0048, 7.3616, 8.4448, 27.8272]","[0.036875, 0.255, 0.000625, -0.001875, -0.00375, 0.0]",0,0,29.5,"[1, 1, 1, 1, 1, 1]",92.6091311319844,0.0,0.0,0,0.0
1774904404.526445,"[0, 0, 0, 0, 0, 0]","[1291, 1500, 1500, 1500]","[-25.08, 0.0, 0.0, 0.0]","[0.0, 0.0, 0.0]",0,4094.425048828125,0,31.72939064025879,"[0.0, 1.80053710908, 3.17382812448]","[0, 0, 0]",0,3,0.0,0.0,4.088,0,0,0,4294967.295,3750000.896,0,42239,0,72.02510070800781,98.58406829833984,0.5969807505607605,0,state.PRE_FLIGHT,579,-36,0,-33,0.0,4088,4094,"[10.6, 0.5, 17.0, 10.6, 15.9, 17.0, 0, 0]","[3.638, 3.639, 3.639]",0.187,"[2.9952, 3.3104, 5.0048, 7.3616, 8.4448, 27.8272]","[0.036875, 0.255, 0.000625, -0.001875, -0.00375, 0.0]",0,0,29.5,"[1, 1, 1, 1, 1, 1]",92.6400813133842,0.0,0.0,0,0.0
1774904404.5815232,"[0, 0, 0, 0, 0, 0]","[1291, 1500, 1500, 1500]","[-25.08, 0.0, 0.0, 0.0]","[0.0, 0.0, 0.0]",0,4101.24072265625,0,31.7250186920166,"[0.0, -1.55639648412, -8.5449218736]","[0, 0, 0]",0,3,0.0,0.0,4.1,0,0,0,4294967.295,3750000.896,0,42299,0,71.96861267089844,98.74219512939453,0.5969807505607605,0,state.PRE_FLIGHT,580,-35,0,-35,0.0,4100,4101,"[10.6, 0.5, 17.0, 10.2, 16.5, 16.5, 0, 0]","[3.638, 3.639, 3.639]",0.187,"[2.9968000000000004, 3.3104, 5.0032000000000005, 7.368, 8.4512, 27.8256]","[0.03, 0.628125, -0.0025, 0.0, -0.006875, 0.000625]",0,0,29.5,"[1, 1, 1, 1, 1, 1]",92.69654897237301,0.0,0.0,0,0.0
1774904404.642533,"[0, 0, 0, 0, 0, 0]","[1291, 1500, 1500, 1500]","[-25.08, 0.0, 0.0, 0.0]","[0.0, 0.0, 0.0]",0,4108.01025390625,0,31.738134536743164,"[0.0, 0.03051757812, 11.01684570132]","[0, 0, 0]",0,3,0.0,0.0,4.1,0,0,0,4294967.295,3750000.896,0,42353,0,72.1158218383789,98.68557739257812,0.5969807505607605,0,state.PRE_FLIGHT,581,-35,0,-34,0.0,4100,4108,"[10.8, 0.5, 16.5, 10.6, 15.9, 16.5, 0, 0]","[3.638, 3.639, 3.639]",0.187,"[2.9968000000000004, 3.3104, 5.0032000000000005, 7.368, 8.4512, 27.8256]","[0.03, 0.628125, -0.0025, 0.0, -0.006875, 0.000625]",0,0,29.5,"[1, 1, 1, 1, 1, 1]",92.65803651939562,0.0,0.0,0,0.0
1774904404.7037678,"[0, 0, 0, 0, 0, 0]","[1291, 1500, 1500, 1500]","[-25.08, 0.0, 0.0, 0.0]","[0.0, 0.0, 0.0]",0,4114.7431640625,0,31.733762588500976,"[0.0, 8.27026367052, 10.25390624832]","[0, 0, 0]",0,3,0.0,0.0,4.112,0,0,0,4294967.295,3750000.896,0,42413,0,72.26567077636719,98.57139587402344,0.5969807505607605,0,state.PRE_FLIGHT,582,-36,0,-35,0.0,4112,4114,"[10.4, 0.5, 16.5, 10.6, 17.0, 17.6, 0, 0]","[3.638, 3.639, 3.639]",0.187,"[2.9968000000000004, 3.3136, 5.0032000000000005, 7.3632, 8.432, 27.824]","[0.02875, 0.635, -0.004375, -0.00125, -0.0075, 0.004375]",0,0,29.5,"[1, 1, 1, 1, 1, 1]",92.60204646623205,0.0,0.0,0,0.0
1774904404.7653356,"[0, 0, 0, 0, 0, 0]","[1291, 1500, 1500, 1500]","[-25.08, 0.0, 0.0, 0.0]","[0.0, 0.0, 0.0]",0,4121.43701171875,0,31.738134536743164,"[0.0, -0.39672851556, -16.1743164036]","[0, 0, 0]",0,3,0.0,0.0,4.112,0,0,0,4294967.295,3750000.896,0,42473,0,72.2208023071289,98.63426208496094,0.5969807505607605,0,state.PRE_FLIGHT,583,-35,0,-35,0.0,4112,4121,"[10.6, 0.5, 16.5, 10.4, 15.9, 16.5, 0, 0]","[3.638, 3.639, 3.639]",0.187,"[2.9968000000000004, 3.3136, 5.0032000000000005, 7.3632, 8.432, 27.824]","[0.02875, 0.635, -0.004375, -0.00125, -0.0075, 0.004375]",0,0,29.5,"[1, 1, 1, 1, 1, 1]",92.62742177024784,0.0,0.0,0,0.0
1774904404.8243618,"[0, 0, 0, 0, 0, 0]","[1291, 1500, 1500, 1500]","[-25.08, 0.0, 0.0, 0.0]","[0.0, 0.0, 0.0]",0,4128.087890625,0,31.72939064025879,"[0.0, 1.19018554668, -9.85717773276]","[0, 0, 0]",0,3,0.0,0.0,4.123,0,0,0,4294967.295,3750000.896,0,42533,0,72.01327514648438,98.66785430908203,0.5969807505607605,0,state.PRE_FLIGHT,584,-35,0,-34,0.0,4123,4128,"[10.0, 0.5, 17.0, 10.8, 16.5, 16.5, 0, 0]","[3.638, 3.639, 3.639]",0.187,"[2.9952, 3.3136, 5.0048, 7.36, 8.4624, 27.8256]","[0.034375, 0.631875, -0.00125, 0.001875, -0.00125, 0.00125]",0,0,29.5,"[1, 1, 1, 1, 1, 1]",92.66736963445187,0.0,0.0,0,0.0
1774904404.8698714,"[0, 0, 0, 0, 0, 0]","[1291, 1500, 1500, 1500]","[-25.08, 0.0, 0.0, 0.0]","[0.0, 0.0, 0.0]",0,4133.6015625,0,31.742506484985352,"[0.0, -7.29370117068, 0.03051757812]","[0, 0, 0]",0,3,0.0,0.0,4.123,0,0,0,4294967.295,3750000.896,0,42587,0,72.16393280029297,98.863525390625,0.5969807505607605,0,state.PRE_FLIGHT,585,-35,0,-35,0.0,4123,4133,"[10.4, 0.5, 17.0, 10.6, 15.5, 15.9, 0, 0]","[3.638, 3.639, 3.639]",0.187,"[2.9952, 3.3136, 5.0048, 7.36, 8.4624, 27.8256]","[0.034375, 0.631875, -0.00125, 0.001875, -0.00125, 0.00125]",0,0,29.5,"[1, 1, 1, 1, 1, 1]",92.70503936857955,0.0,0.0,0,0.0
1774904404.930881,"[0, 0, 0, 0, 0, 0]","[1291, 1500, 1500, 1500]","[-25.08, 0.0, 0.0, 0.0]","[0.0, 0.0, 0.0]",0,4140.17919921875,0,31.738134536743164,"[0.0, -0.762939453, 2.99072265576]","[0, 0, 0]",0,3,0.0,0.0,4.134,0,0,0,4294967.295,3750000.896,0,42647,0,72.1090087890625,98.63648986816406,0.5969807505607605,0,state.PRE_FLIGHT,586,-35,0,-34,0.0,4134,4140,"[10.6, 0.5, 16.5, 10.4, 15.9, 16.5, 0, 0]","[3.638, 3.639, 3.639]",0.187,"[2.9952, 3.3104, 5.0032000000000005, 7.364800000000001, 8.4352, 27.8288]","[0.038125, 0.22312500000000002, -0.003125, -0.005625, -0.00375, -0.0025]",0,0,29.5,"[1, 1, 1, 1, 1, 1]",92.64409264870125,0.0,0.0,0,0.0
1774904404.9918675,"[0, 0, 0, 0, 0, 0]","[1291, 1500, 1500, 1500]","[-25.08, 0.0, 0.0, 0.0]","[0.0, 0.0, 0.0]",0,4146.71728515625,0,31.768738174438475,"[0.0, -11.99340820116, 1.31225585916]","[0, 0, 0]",0,3,0.0,0.0,4.145,0,0,0,4294967.295,3750000.896,0,42707,0,72.18834686279297,98.98198699951172,0.5969807505607605,0,state.PRE_FLIGHT,587,-34,0,-34,0.0,4145,4146,"[10.4, 0.5, 17.6, 11.1, 17.0, 16.5, 0, 0]","[3.638, 3.639, 3.639]",0.187,"[2.9968000000000004, 3.3104, 5.0048, 7.368, 8.4704, 27.8256]","[0.02875, 0.21625, -0.004375, -0.003125, -0.00125, -0.0025]",0,0,29.5,"[1, 1, 1, 1, 1, 1]",92.73729211399083,0.0,0.0,0,0.0
1774904405.052396,"[0, 0, 0, 0, 0, 0]","[1291, 1500, 1500, 1500]","[-25.08, 0.0, 0.0, 0.0]","[0.0, 0.0, 0.0]",0,4153.2158203125,0,31.759994277954103,"[0.0, 8.88061523292, 5.6457519521999995]","[0, 0, 0]",0,3,0.0,0.0,4.145,0,0,0,4294967.295,3750000.896,0,42767,0,72.49169921875,98.80804443359375,0.5969807505607605,0,state.PRE_FLIGHT,588,-35,0,-34,0.0,4145,4153,"[10.6, 0.5, 15.9, 10.4, 15.5, 15.5, 0, 0]","[3.638, 3.639, 3.639]",0.187,"[2.9968000000000004, 3.3104, 5.0048, 7.368, 8.4704, 27.8256]","[0.02875, 0.21625, -0.004375, -0.003125, -0.00125, -0.0025]",0,0,29.5,"[1, 1, 1, 1, 1, 1]",92.64035659886207,0.0,0.0,0,0.0
1774904405.1129344,"[0, 0, 0, 0, 0, 0]","[1291, 1500, 1500, 1500]","[-25.08, 0.0, 0.0, 0.0]","[0.0, 0.0, 0.0]",0,4159.67431640625,0,31.755622329711915,"[0.0, 1.9836425778, 3.75366210876]","[0, 0, 0]",0,3,0.0,0.0,4.156,0,0,0,4294967.295,3750000.896,0,42821,0,72.59093475341797,99.00689697265625,0.5969807505607605,0,state.PRE_FLIGHT,589,-35,0,-35,0.0,4156,4159,"[10.6, 0.5, 16.5, 10.4, 15.5, 17.0, 0, 0]","[3.638, 3.639, 3.639]",0.187,"[2.9968000000000004, 3.3104, 5.0032000000000005, 7.364800000000001, 8.443200000000001, 27.824]","[0.02875, 0.241875, -0.003125, -0.00375, -0.003125, -0.000625]",0,0,29.5,"[1, 1, 1, 1, 1, 1]",92.68468653935678,0.0,0.0,0,0.0
1774904405.173496,"[0, 0, 0, 0, 0, 0]","[1291, 1500, 1500, 1500]","[-25.08, 0.0, 0.0, 0.0]","[0.0, 0.0, 0.0]",0,4166.09375,0,31.742506484985352,"[0.0, -3.93676757748, 0.03051757812]","[0, 0, 0]",0,3,0.0,0.0,4.156,0,0,0,4294967.295,3750000.896,0,42881,0,72.85694885253906,99.08184051513672,0.5969807505607605,0,state.PRE_FLIGHT,590,-35,0,-34,0.0,4156,4166,"[10.6, 0.5, 15.9, 10.4, 15.5, 17.0, 0, 0]","[3.638, 3.639, 3.639]",0.187,"[2.9968000000000004, 3.3104, 5.0032000000000005, 7.364800000000001, 8.443200000000001, 27.824]","[0.02875, 0.241875, -0.003125, -0.00375, -0.003125, -0.000625]",0,0,29.5,"[1, 1, 1, 1, 1, 1]",92.6667160036336,0.0,0.0,0,0.0
1774904405.2334826,"[0, 0, 0, 0, 0, 0]","[1291, 1500, 1500, 1500]","[-25.08, 0.0, 0.0, 0.0]","[0.0, 0.0, 0.0]",0,4172.47314453125,0,31.751250381469728,"[0.0, 3.14331054636, -4.08935546808]","[0, 0, 0]",0,3,0.0,0.0,4.167,0,0,0,4294967.295,3750000.896,0,42941,0,72.74018096923828,99.22799682617188,0.5969807505607605,0,state.PRE_FLIGHT,591,-34,0,-34,0.0,4167,4172,"[10.4, 0.5, 17.0, 10.4, 15.5, 17.0, 0, 0]","[3.638, 3.639, 3.639]",0.187,"[2.9952, 3.3136, 5.0016, 7.3616, 8.4624, 27.8272]","[0.034375, 0.26687500000000003, -0.00125, -0.003125, -0.004375, -0.00125]",0,0,29.5,"[1, 1, 1, 1, 1, 1]",92.7272027602512,0.0,0.0,0,0.0
1774904405.2940292,"[0, 0, 0, 0, 0, 0]","[1291, 1500, 1500, 1500]","[-25.08, 0.0, 0.0, 0.0]","[0.0, 0.0, 0.0]",0,4178.81298828125,0,31.755622329711915,"[0.0, -19.31762694996, -18.24951171576]","[0, 0, 0]",0,3,0.0,0.0,4.177,0,0,0,4294967.295,3750000.896,0,43001,0,72.40396881103516,99.55474853515625,0.5969807505607605,0,state.PRE_FLIGHT,592,-34,0,-34,0.0,4177,4178,"[10.6, 0.5, 17.0, 10.6, 15.9, 17.0, 0, 0]","[3.638, 3.639, 3.639]",0.187,"[2.9952, 3.3136, 5.0016, 7.3616, 8.4624, 27.8272]","[0.034375, 0.26687500000000003, -0.00125, -0.003125, -0.004375, -0.00125]",0,0,29.5,"[1, 1, 1, 1, 1, 1]",92.87627625869224,0.0,0.0,0,0.0
1774904405.338029,"[0, 0, 0, 0, 0, 0]","[1291, 1500, 1500, 1500]","[-25.08, 0.0, 0.0, 0.0]","[0.0, 0.0, 0.0]",0,4184.06494140625,0,31.755622329711915,"[0.0, -8.6975097642, -7.99560546744]","[0, 0, 0]",0,3,0.0,0.0,4.177,0,0,0,4294967.295,3750000.896,0,43055,0,72.26837921142578,99.73246002197266,0.5969807505607605,0,state.PRE_FLIGHT,593,-34,0,-33,0.0,4177,4184,"[10.4, 0.5, 15.9, 10.6, 15.9, 17.0, 0, 0]","[3.638, 3.639, 3.639]",0.187,"[2.9968000000000004, 3.3104, 5.0016, 7.368, 8.448, 27.8288]","[0.036875, 0.631875, -0.003125, -0.00125, -0.01, 0.00125]",0,0,29.5,"[1, 1, 1, 1, 1, 1]",92.9511772366735,0.0,0.0,0,0.0
1774904405.399298,"[0, 0, 0, 0, 0, 0]","[1291, 1500, 1500, 1500]","[-25.08, 0.0, 0.0, 0.0]","[0.0, 0.0, 0.0]",0,4190.33154296875,0,31.773110122680663,"[0.0, -3.38745117132, -6.5002441395599995]","[0, 0, 0]",0,3,0.0,0.0,4.188,0,0,0,4294967.295,3750000.896,0,43115,0,72.02214813232422,99.63723754882812,0.5969807505607605,0,state.PRE_FLIGHT,594,-34,0,-34,0.0,4188,4190,"[10.6, 0.5, 17.6, 10.6, 15.5, 16.5, 0, 0]","[3.638, 3.639, 3.639]",0.187,"[2.9968000000000004, 3.3104, 5.0016, 7.368, 8.448, 27.8288]","[0.036875, 0.631875, -0.003125, -0.00125, -0.01, 0.00125]",0,0,29.5,"[1, 1, 1, 1, 1, 1]",92.96183996022793,0.0,0.0,0,0.0
1774904405.4588387,"[0, 0, 0, 0, 0, 0]","[1291, 1500, 1500, 1500]","[-25.08, 0.0, 0.0, 0.0]","[0.0, 0.0, 0.0]",0,4196.55859375,0,31.768738174438475,"[0.0, -3.38745117132, -3.14331054636]","[0, 0, 0]",0,3,0.0,0.0,4.188,0,0,0,4294967.295,3750000.896,0,43175,0,72.14820098876953,99.66716003417969,0.5969807505607605,0,state.PRE_FLIGHT,595,-35,0,-34,0.0,4188,4196,"[10.6, 0.5, 17.0, 10.6, 16.5, 16.5, 0, 0]","[3.638, 3.639, 3.639]",0.187,"[2.9952, 3.3136, 5.0048, 7.3664000000000005, 8.4368, 27.8272]","[0.035, 0.6325000000000001, -0.000625, -0.0025, -0.005, -0.00125]",0,0,29.5,"[1, 1, 1, 1, 1, 1]",92.95078902516133,0.0,0.0,0,0.0
1774904405.5210419,"[0, 0, 0, 0, 0, 0]","[1291, 1500, 1500, 1500]","[-25.08, 0.0, 0.0, 0.0]","[0.0, 0.0, 0.0]",0,4202.74951171875,0,31.759994277954103,"[0.0, -4.7302246086, -2.5939941402]","[0, 0, 0]",0,3,0.0,0.0,4.198,0,0,0,4294967.295,3750000.896,0,43235,0,72.46256256103516,99.73491668701172,0.5969807505607605,0,state.PRE_FLIGHT,596,-35,0,-35,0.0,4198,4202,"[10.6, 0.5, 16.5, 10.4, 15.9, 16.5, 0, 0]","[3.638, 3.639, 3.639]",0.187,"[2.9952, 3.3136, 5.0048, 7.3664000000000005, 8.4368, 27.8272]","[0.035, 0.6325000000000001, -0.000625, -0.0025, -0.005, -0.00125]",0,0,29.5,"[1, 1, 1, 1, 1, 1]",92.92058300054899,0.0,0.0,0,0.0
1774904405.5825737,"[0, 0, 0, 0, 0, 0]","[1291, 1500, 1500, 1500]","[-25.08, 0.0, 0.0, 0.0]","[0.0, 0.0, 0.0]",0,4207.8759765625,0,31.768738174438475,"[0.0, -5.340576171, -11.71874999808]","[0, 0, 0]",0,3,0.0,0.0,4.207,0,0,0,4294967.295,3750000.896,0,43289,0,72.32752227783203,100.00431060791016,0.5969807505607605,0,state.PRE_FLIGHT,597,-36,0,-227,0.0,4207,4207,"[10.8, 0.5, 17.6, 10.8, 15.9, 16.5, 0, 0]","[3.638, 3.639, 3.639]",0.187,"[2.9952, 3.3120000000000003, 5.0032000000000005, 7.36, 8.448, 27.832]","[0.036875, 0.2175, -0.006875, -0.0025, -0.004375, 0.00375]",0,0,29.5,"[1, 1, 1, 1, 1, 1]",93.02305630929705,0.0,0.0,0,0.0
1774904405.6325731,"[0, 0, 0, 0, 0, 0]","[1291, 1500, 1500, 1500]","[-25.08, 0.0, 0.0, 0.0]","[0.0, 0.0, 0.0]",0,4213.99072265625,0,31.773110122680663,"[0.0, -3.2043457026, -1.8310546872]","[0, 0, 0]",0,3,0.0,0.0,4.207,0,0,0,4294967.295,3750000.896,0,43349,0,72.37906646728516,100.21124267578125,0.5969807505607605,0,state.PRE_FLIGHT,598,-35,0,-227,0.0,4207,4213,"[10.2, 0.5, 17.0, 10.6, 16.5, 16.5, 0, 0]","[3.638, 3.639, 3.639]",0.187,"[2.9952, 3.3120000000000003, 5.0032000000000005, 7.36, 8.448, 27.832]","[0.036875, 0.2175, -0.006875, -0.0025, -0.004375, 0.00375]",0,0,29.5,"[1, 1, 1, 1, 1, 1]",93.0762684652197,0.0,0.0,0,0.0
1774904405.6937158,"[0, 0, 0, 0, 0, 0]","[1291, 1500, 1500, 1500]","[-25.08, 0.0, 0.0, 0.0]","[0.0, 0.0, 0.0]",0,4220.068359375,0,31.755622329711915,"[0.0, -6.68334960828, -14.12963866956]","[0, 0, 0]",0,3,0.0,0.0,4.218,0,0,0,4294967.295,3750000.896,0,43409,0,72.10285949707031,100.33270263671875,0.5969807505607605,0,state.PRE_FLIGHT,599,-35,0,-227,0.0,4218,4220,"[10.4, 0.5, 17.0, 10.8, 17.0, 15.9, 0, 0]","[3.638, 3.639, 3.639]",0.187,"[3.0, 3.3120000000000003, 5.0016, 7.364800000000001, 8.4384, 27.8272]","[0.036875, 0.245, -0.0025, 0.00125, -0.003125, -0.0025]",0,0,29.5,"[1, 1, 1, 1, 1, 1]",93.15975158574487,0.0,0.0,0,0.0
1774904405.7567139,"[0, 0, 0, 0, 0, 0]","[1291, 1500, 1500, 1500]","[-25.08, 0.0, 0.0, 0.0]","[0.0, 0.0, 0.0]",0,4226.103515625,0,31.77748207092285,"[0.0, 7.90405273308, 5.24902343664]","[0, 0, 0]",0,3,0.0,0.0,4.218,0,0,0,4294967.295,3750000.896,0,43469,0,72.14190673828125,100.36564636230469,0.5969807505607605,0,state.PRE_FLIGHT,600,-34,0,-227,0.0,4218,4226,"[10.6, 0.5, 17.0, 10.4, 15.9, 16.5, 0, 0]","[3.638, 3.639, 3.639]",0.187,"[2.9952, 3.3104, 5.0048, 7.364800000000001, 8.4512, 27.8272]","[0.035625000000000004, 0.22875, 0.00125, 0.0, -0.000625, -0.00375]",0,0,29.5,"[1, 1, 1, 1, 1, 1]",93.1630292741984,0.0,0.0,0,0.0
1774904405.8162363,"[0, 0, 0, 0, 0, 0]","[1291, 1500, 1500, 1500]","[-25.08, 0.0, 0.0, 0.0]","[0.0, 0.0, 0.0]",0,4232.10205078125,0,31.786225967407226,"[0.0, -7.65991210812, 0.39672851556]","[0, 0, 0]",0,3,0.0,0.0,4.229,0,0,0,4294967.295,3750000.896,0,43523,0,72.2562255859375,100.59294891357422,0.5969807505607605,0,state.PRE_FLIGHT,601,-34,0,-33,0.0,4229,4232,"[11.1, 0.5, 15.9, 10.8, 15.9, 16.5, 0, 0]","[3.638, 3.639, 3.639]",0.187,"[2.9952, 3.3104, 5.0048, 7.364800000000001, 8.4512, 27.8272]","[0.035625000000000004, 0.22875, 0.00125, 0.0, -0.000625, -0.00375]",0,0,29.5,"[1, 1, 1, 1, 1, 1]",93.2116373619448,0.0,0.0,0,0.0
1774904405.8797553,"[0, 0, 0, 0, 0, 0]","[1291, 1500, 1500, 1500]","[-25.08, 0.0, 0.0, 0.0]","[0.0, 0.0, 0.0]",0,4238.06396484375,0,31.773110122680663,"[0.0, 1.80053710908, 8.78906249856]","[0, 0, 0]",0,3,0.0,0.0,4.229,0,0,0,4294967.295,3750000.896,0,43583,0,72.48483276367188,100.64543914794922,0.5969807505607605,0,state.PRE_FLIGHT,602,-34,0,-33,0.0,4229,4238,"[10.4, 0.5, 16.5, 10.6, 16.5, 17.0, 0, 0]","[3.638, 3.639, 3.639]",0.187,"[2.9952, 3.3104, 5.0048, 7.36, 8.425600000000001, 27.8304]","[0.0325, 0.238125, -0.001875, -0.005, -0.0025, -0.000625]",0,0,29.5,"[1, 1, 1, 1, 1, 1]",93.18707467814725,0.0,0.0,0,0.0
1774904405.925749,"[0, 0, 0, 0, 0, 0]","[1291, 1500, 1500, 1500]","[-25.08, 0.0, 0.0, 0.0]","[0.0, 0.0, 0.0]",0,4243.9833984375,0,31.786225967407226,"[0.0, -1.3732910154, -3.90624999936]","[0, 0, 0]",0,3,0.0,0.0,4.239,0,0,0,4294967.295,3750000.896,0,43643,0,72.575439453125,100.54716491699219,0.5969807505607605,0,state.PRE_FLIGHT,603,-35,0,-34,0.0,4239,4243,"[10.6, 0.5, 17.0, 10.4, 15.5, 17.6, 0, 0]","[3.638, 3.639, 3.639]",0.187,"[2.9952, 3.3104, 5.0048, 7.36, 8.425600000000001, 27.8304]","[0.0325, 0.238125, -0.001875, -0.005, -0.0025, -0.000625]",0,0,29.5,"[1, 1, 1, 1, 1, 1]",93.14211393813216,0.0,0.0,0,0.0
1774904405.9863489,"[0, 0, 0, 0, 0, 0]","[1291, 1500, 1500, 1500]","[-25.08, 0.0, 0.0, 0.0]","[0.0, 0.0, 0.0]",0,4249.86279296875,0,31.790597915649414,"[0.0, -3.14331054636, -4.2724609368]","[0, 0, 0]",0,3,0.0,0.0,4.248,0,0,0,4294967.295,3750000.896,0,43703,0,72.61967468261719,100.58868408203125,0.5969807505607605,0,state.PRE_FLIGHT,604,-35,0,-34,0.0,4248,4249,"[10.8, 0.5, 16.5, 11.1, 15.5, 17.0, 0, 0]","[3.638, 3.639, 3.639]",0.187,"[2.9952, 3.3120000000000003, 5.0048, 7.36, 8.448, 27.832]","[0.033125, 0.33, -0.0025, -0.001875, -0.0025, -0.001875]",0,0,29.5,"[1, 1, 1, 1, 1, 1]",93.14658621281146,0.0,0.0,0,0.0
1774904406.045894,"[0, 0, 0, 0, 0, 0]","[1291, 1500, 1500, 1500]","[-25.08, 0.0, 0.0, 0.0]","[0.0, 0.0, 0.0]",0,4254.7333984375,0,31.790597915649414,"[0.0, 7.53784179564, 6.92749023324]","[0, 0, 0]",0,3,0.0,0.0,4.248,0,0,0,4294967.295,3750000.896,0,43757,0,72.79209899902344,100.5003662109375,0.5969807505607605,0,state.PRE_FLIGHT,605,-35,0,-34,0.0,4248,4254,"[11.1, 0.5, 17.0, 11.1, 15.9, 15.9, 0, 0]","[3.638, 3.639, 3.639]",0.187,"[2.9952, 3.3120000000000003, 5.0048, 7.36, 8.448, 27.832]","[0.033125, 0.33, -0.0025, -0.001875, -0.0025, -0.001875]",0,0,29.5,"[1, 1, 1, 1, 1, 1]",93.0905647327169,0.0,0.0,0,0.0
1774904406.1074007,"[0, 0, 0, 0, 0, 0]","[1291, 1500, 1500, 1500]","[-25.08, 0.0, 0.0, 0.0]","[0.0, 0.0, 0.0]",0,4260.54638671875,0,31.790597915649414,"[0.0, -4.1198730462, -7.04956054572]","[0, 0, 0]",0,3,0.0,0.0,4.258,0,0,0,4294967.295,3750000.896,0,43817,0,72.77473449707031,100.62974548339844,0.5969807505607605,0,state.PRE_FLIGHT,606,-36,0,-35,0.0,4258,4260,"[10.6, 0.5, 15.5, 10.6, 16.5, 17.0, 0, 0]","[3.638, 3.639, 3.639]",0.187,"[2.9936000000000003, 3.3136, 5.008, 7.3696, 8.427200000000001, 27.8256]","[0.035, 0.613125, -0.00125, 0.000625, -0.005, 0.005625]",0,0,29.5,"[1, 1, 1, 1, 1, 1]",93.1313109987803,0.0,0.0,0,0.0
1774904406.166943,"[0, 0, 0, 0, 0, 0]","[1291, 1500, 1500, 1500]","[-25.08, 0.0, 0.0, 0.0]","[0.0, 0.0, 0.0]",0,4266.31591796875,0,31.773110122680663,"[0.0, 1.00708007796, 10.25390624832]","[0, 0, 0]",0,3,0.0,0.0,4.258,0,0,0,4294967.295,3750000.896,0,43877,0,72.90229797363281,100.59800720214844,0.5969807505607605,0,state.PRE_FLIGHT,607,-36,0,-35,0.0,4258,4266,"[10.6, 0.5, 17.0, 10.8, 15.5, 15.9, 0, 0]","[3.638, 3.639, 3.639]",0.187,"[2.9936000000000003, 3.3136, 5.008, 7.3696, 8.427200000000001, 27.8256]","[0.035, 0.613125, -0.00125, 0.000625, -0.005, 0.005625]",0,0,29.5,"[1, 1, 1, 1, 1, 1]",93.09960976746113,0.0,0.0,0,0.0
1774904406.227935,"[0, 0, 0, 0, 0, 0]","[1291, 1500, 1500, 1500]","[-25.08, 0.0, 0.0, 0.0]","[0.0, 0.0, 0.0]",0,4272.04638671875,0,31.79934181213379,"[0.0, 0.57983398428, -1.64794921848]","[0, 0, 0]",0,3,0.0,0.0,4.268,0,0,0,4294967.295,3750000.896,0,43937,0,72.86995697021484,100.8201904296875,0.5969807505607605,0,state.PRE_FLIGHT,608,-35,0,-35,0.0,4268,4272,"[10.4, 0.5, 16.5, 11.1, 15.9, 17.0, 0, 0]","[3.638, 3.639, 3.639]",0.187,"[2.9952, 3.3136, 5.0064, 7.3616, 8.4608, 27.8272]","[0.035, 0.59875, 0.000625, -0.0025, -0.01, 0.0]",0,0,29.5,"[1, 1, 1, 1, 1, 1]",93.1697016848158,0.0,0.0,0,0.0
1774904406.274127,"[0, 0, 0, 0, 0, 0]","[1291, 1500, 1500, 1500]","[-25.08, 0.0, 0.0, 0.0]","[0.0, 0.0, 0.0]",0,4277.740234375,0,31.803713760375977,"[0.0, 7.1105957019599995, 7.29370117068]","[0, 0, 0]",0,3,0.0,0.0,4.277,0,0,0,4294967.295,3750000.896,0,43991,0,72.63253784179688,100.84754943847656,0.5969807505607605,0,state.PRE_FLIGHT,609,-35,0,-34,0.0,4277,4277,"[10.0, 0.5, 15.9, 10.6, 15.9, 15.9, 0, 0]","[3.638, 3.639, 3.639]",0.187,"[2.9952, 3.3136, 5.0064, 7.3616, 8.4608, 27.8272]","[0.035, 0.59875, 0.000625, -0.0025, -0.01, 0.0]",0,0,29.5,"[1, 1, 1, 1, 1, 1]",93.22036709357651,0.0,0.0,0,0.0
1774904406.334129,"[0, 0, 0, 0, 0, 0]","[1291, 1500, 1500, 1500]","[-25.08, 0.0, 0.0, 0.0]","[0.0, 0.0, 0.0]",0,4283.39453125,0,31.812457656860353,"[0.0, -9.24682617036, -0.1525878906]","[0, 0, 0]",0,3,0.0,0.0,4.277,0,0,0,4294967.295,3750000.896,0,44051,0,72.87053680419922,101.0447006225586,0.5969807505607605,0,state.PRE_FLIGHT,610,-36,0,-35,0.0,4277,4283,"[10.6, 0.5, 17.0, 10.6, 15.9, 16.5, 0, 0]","[3.638, 3.639, 3.639]",0.187,"[2.9952, 3.3120000000000003, 5.0048, 7.3632, 8.4336, 27.8256]","[0.025, 0.3975, 0.000625, 0.004375, -0.005, 0.008125]",0,0,29.5,"[1, 1, 1, 1, 1, 1]",93.2346243003398,0.0,0.0,0,0.0
1774904406.394658,"[0, 0, 0, 0, 0, 0]","[1291, 1500, 1500, 1500]","[-25.08, 0.0, 0.0, 0.0]","[0.0, 0.0, 0.0]",0,4289.01171875,0,31.81682960510254,"[0.0, 4.9133300773199995, 7.1105957019599995]","[0, 0, 0]",0,3,0.0,0.0,4.287,0,0,0,4294967.295,3750000.896,0,44111,0,72.8812255859375,100.81947326660156,0.5969807505607605,0,state.PRE_FLIGHT,611,-37,0,-36,0.0,4287,4289,"[10.6, 0.5, 17.0, 10.6, 15.5, 16.5, 0, 0]","[3.638, 3.639, 3.639]",0.187,"[2.9952, 3.3120000000000003, 5.0048, 7.3632, 8.4336, 27.8256]","[0.025, 0.3975, 0.000625, 0.004375, -0.005, 0.008125]",0,0,29.5,"[1, 1, 1, 1, 1, 1]",93.16746927874088,0.0,0.0,0,0.0
1774904406.4566922,"[0, 0, 0, 0, 0, 0]","[1291, 1500, 1500, 1500]","[-25.08, 0.0, 0.0, 0.0]","[0.0, 0.0, 0.0]",0,4294.58984375,0,31.808085708618165,"[0.0, -4.9133300773199995, -10.58959960764]","[0, 0, 0]",0,3,0.0,0.0,4.287,0,0,0,4294967.295,3750000.896,0,44171,0,72.87541961669922,100.98123168945312,0.5969807505607605,0,state.PRE_FLIGHT,612,-36,0,-36,0.0,4287,4294,"[10.6, 0.5, 17.0, 10.6, 15.5, 16.5, 0, 0]","[3.638, 3.639, 3.639]",0.187,"[2.9968000000000004, 3.3104, 5.0048, 7.3632, 8.432, 27.8272]","[0.035625000000000004, 0.2475, -0.005, 0.0025, -0.00375, -0.004375]",0,0,29.5,"[1, 1, 1, 1, 1, 1]",93.21535556194279,0.0,0.0,0,0.0
1774904406.5181437,"[0, 0, 0, 0, 0, 0]","[1291, 1500, 1500, 1500]","[-25.08, 0.0, 0.0, 0.0]","[0.0, 0.0, 0.0]",0,4299.20751953125,0,31.786225967407226,"[0.0, -3.32641601508, -0.36621093744]","[0, 0, 0]",0,3,0.0,0.0,4.296,0,0,0,4294967.295,3750000.896,0,44225,0,73.01078796386719,101.10369110107422,0.5969807505607605,0,state.PRE_FLIGHT,613,-35,0,-35,0.0,4296,4299,"[10.8, 0.5, 16.5, 10.6, 15.9, 16.5, 0, 0]","[3.638, 3.639, 3.639]",0.187,"[2.9968000000000004, 3.3104, 5.0048, 7.3712, 8.457600000000001, 27.8272]","[0.035, 0.233125, 0.000625, -0.003125, 0.0025, -0.003125]",0,0,29.5,"[1, 1, 1, 1, 1, 1]",93.22583951069257,0.0,0.0,0,0.0
1774904406.5782702,"[0, 0, 0, 0, 0, 0]","[1291, 1500, 1500, 1500]","[-25.08, 0.0, 0.0, 0.0]","[0.0, 0.0, 0.0]",0,4304.71240234375,0,31.803713760375977,"[0.0, 9.85717773276, 12.87841796664]","[0, 0, 0]",0,3,0.0,0.0,4.296,0,0,0,4294967.295,3750000.896,0,44285,0,73.0215072631836,101.0230941772461,0.5969807505607605,0,state.PRE_FLIGHT,614,-35,0,-34,0.0,4296,4304,"[10.6, 0.5, 16.5, 10.8, 17.0, 16.5, 0, 0]","[3.638, 3.639, 3.639]",0.187,"[2.9968000000000004, 3.3104, 5.0048, 7.3712, 8.457600000000001, 27.8272]","[0.035, 0.233125, 0.000625, -0.003125, 0.0025, -0.003125]",0,0,29.5,"[1, 1, 1, 1, 1, 1]",93.20072775340535,0.0,0.0,0,0.0
1774904406.6382775,"[0, 0, 0, 0, 0, 0]","[1291, 1500, 1500, 1500]","[-25.08, 0.0, 0.0, 0.0]","[0.0, 0.0, 0.0]",0,4310.1806640625,0,31.803713760375977,"[0.0, -7.29370117068, -8.17871093616]","[0, 0, 0]",0,3,0.0,0.0,4.305,0,0,0,4294967.295,3750000.896,0,44345,0,73.04682159423828,101.16835021972656,0.5969807505607605,0,state.PRE_FLIGHT,615,-34,0,-34,0.0,4305,4310,"[10.4, 0.5, 17.0, 10.4, 15.5, 16.5, 0, 0]","[3.638, 3.639, 3.639]",0.187,"[2.9968000000000004, 3.3136, 5.0016, 7.364800000000001, 8.4352, 27.8288]","[0.031875, 0.244375, -0.00625, -0.000625, -0.001875, -0.00375]",0,0,29.5,"[1, 1, 1, 1, 1, 1]",93.23772003400236,0.0,0.0,0,0.0
1774904406.6987834,"[0, 0, 0, 0, 0, 0]","[1291, 1500, 1500, 1500]","[-25.08, 0.0, 0.0, 0.0]","[0.0, 0.0, 0.0]",0,4315.60888671875,0,31.825573501586913,"[0.0, 3.75366210876, 2.25830078088]","[0, 0, 0]",0,3,0.0,0.0,4.314,0,0,0,4294967.295,3750000.896,0,44405,0,73.119140625,101.06885528564453,0.5969807505607605,0,state.PRE_FLIGHT,616,-35,0,-33,0.0,4314,4315,"[10.6, 0.5, 15.9, 10.2, 15.9, 16.5, 0, 0]","[3.638, 3.639, 3.639]",0.187,"[2.9968000000000004, 3.3136, 5.0016, 7.364800000000001, 8.4352, 27.8288]","[0.031875, 0.244375, -0.00625, -0.000625, -0.001875, -0.00375]",0,0,29.5,"[1, 1, 1, 1, 1, 1]",93.19590334962326,0.0,0.0,0,0.0
1774904406.7437906,"[0, 0, 0, 0, 0, 0]","[1291, 1500, 1500, 1500]","[-25.08, 0.0, 0.0, 0.0]","[0.0, 0.0, 0.0]",0,4320.10498046875,0,31.812457656860353,"[0.0, 2.16674804652, -12.08496093552]","[0, 0, 0]",0,3,0.0,0.0,4.314,0,0,0,4294967.295,3750000.896,0,44459,0,73.09258270263672,101.07665252685547,0.5969807505607605,0,state.PRE_FLIGHT,617,-34,0,-33,0.0,4314,4320,"[10.4, 0.5, 16.5, 10.4, 15.9, 16.5, 0, 0]","[3.638, 3.639, 3.639]",0.187,"[2.9952, 3.3104, 5.0048, 7.364800000000001, 8.4656, 27.8304]","[0.03375, 0.575625, -0.0025, -0.003125, -0.00625, -0.006875]",0,0,29.5,"[1, 1, 1, 1, 1, 1]",93.20301863546115,0.0,0.0,0,0.0
1774904406.8043137,"[0, 0, 0, 0, 0, 0]","[1291, 1500, 1500, 1500]","[-25.08, 0.0, 0.0, 0.0]","[0.0, 0.0, 0.0]",0,4325.46337890625,0,31.81682960510254,"[0.0, 0.82397460924, 7.29370117068]","[0, 0, 0]",0,3,0.0,0.0,4.322,0,0,0,4294967.295,3750000.896,0,44519,0,73.22809600830078,101.30004119873047,0.5969807505607605,0,state.PRE_FLIGHT,618,-34,0,-33,0.0,4322,4325,"[10.4, 0.5, 17.0, 10.6, 15.9, 17.0, 0, 0]","[3.638, 3.639, 3.639]",0.187,"[2.9952, 3.3104, 5.0048, 7.364800000000001, 8.4656, 27.8304]","[0.03375, 0.575625, -0.0025, -0.003125, -0.00625, -0.006875]",0,0,29.5,"[1, 1, 1, 1, 1, 1]",93.24139702257388,0.0,0.0,0,0.0
1774904406.8648398,"[0, 0, 0, 0, 0, 0]","[1291, 1500, 1500, 1500]","[-25.08, 0.0, 0.0, 0.0]","[0.0, 0.0, 0.0]",0,4330.78515625,0,31.81682960510254,"[0.0, -3.75366210876, -2.77709960892]","[0, 0, 0]",0,3,0.0,0.0,4.322,0,0,0,4294967.295,3750000.896,0,44579,0,73.03338623046875,101.23902130126953,0.5969807505607605,0,state.PRE_FLIGHT,619,-34,0,-34,0.0,4322,4330,"[10.6, 0.5, 17.0, 10.6, 17.0, 15.9, 0, 0]","[3.638, 3.639, 3.639]",0.187,"[2.9952, 3.3120000000000003, 5.0, 7.368, 8.4464, 27.8272]","[0.035625000000000004, 0.6125, -0.000625, 0.000625, -0.004375, -0.000625]",0,0,29.5,"[1, 1, 1, 1, 1, 1]",93.26047558597375,0.0,0.0,0,0.0
1774904406.9248524,"[0, 0, 0, 0, 0, 0]","[1291, 1500, 1500, 1500]","[-25.08, 0.0, 0.0, 0.0]","[0.0, 0.0, 0.0]",0,4336.0673828125,0,31.812457656860353,"[0.0, -1.00708007796, 8.392333983]","[0, 0, 0]",0,3,0.0,0.0,4.331,0,0,0,4294967.295,3750000.896,0,44639,0,73.08100891113281,101.2188720703125,0.5969807505607605,0,state.PRE_FLIGHT,620,-35,0,-34,0.0,4331,4336,"[10.4, 0.5, 16.5, 10.6, 15.9, 17.0, 0, 0]","[3.638, 3.639, 3.639]",0.187,"[2.9952, 3.3120000000000003, 5.0, 7.368, 8.4464, 27.8272]","[0.035625000000000004, 0.6125, -0.000625, 0.000625, -0.004375, -0.000625]",0,0,29.5,"[1, 1, 1, 1, 1, 1]",93.24582149870376,0.0,0.0,0,0.0
1774904406.9855442,"[0, 0, 0, 0, 0, 0]","[1291, 1500, 1500, 1500]","[-25.08, 0.0, 0.0, 0.0]","[0.0, 0.0, 0.0]",0,4341.31298828125,0,31.821201553344725,"[0.0, 14.1906738258, 15.47241210684]","[0, 0, 0]",0,3,0.0,0.0,4.341,0,0,0,4294967.295,3750000.896,0,44693,0,73.09033966064453,101.10636138916016,0.5969807505607605,0,state.PRE_FLIGHT,621,-34,0,-34,0.0,4341,4341,"[10.6, 0.5, 17.6, 10.6, 16.5, 15.5, 0, 0]","[3.638, 3.639, 3.639]",0.187,"[2.9968000000000004, 3.3120000000000003, 5.0016, 7.364800000000001, 8.441600000000001, 27.8304]","[0.033125, 0.560625, -0.00125, -0.00125, -0.008125, 0.003125]",0,0,29.5,"[1, 1, 1, 1, 1, 1]",93.21192471179464,0.0,0.0,0,0.0
1774904407.0452032,"[0, 0, 0, 0, 0, 0]","[1291, 1500, 1500, 1500]","[-25.08, 0.0, 0.0, 0.0]","[0.0, 0.0, 0.0]",0,4346.51904296875,0,31.821201553344725,"[0.0, 2.34985351524, -7.62939453]","[0, 0, 0]",0,3,0.0,0.0,4.341,0,0,0,4294967.295,3750000.896,0,44753,0,73.17518615722656,101.17777252197266,0.5969807505607605,0,state.PRE_FLIGHT,622,-34,0,-34,0.0,4341,4346,"[10.6, 0.5, 16.5, 10.4, 17.0, 17.6, 0, 0]","[3.638, 3.639, 3.639]",0.187,"[2.9968000000000004, 3.3120000000000003, 5.0016, 7.364800000000001, 8.441600000000001, 27.8304]","[0.033125, 0.560625, -0.00125, -0.00125, -0.008125, 0.003125]",0,0,29.5,"[1, 1, 1, 1, 1, 1]",93.21657118122371,0.0,0.0,0,0.0
1774904407.1087325,"[0, 0, 0, 0, 0, 0]","[1291, 1500, 1500, 1500]","[-25.08, 0.0, 0.0, 0.0]","[0.0, 0.0, 0.0]",0,4351.685546875,0,31.83431739807129,"[0.0, -5.70678710844, 5.61523437408]","[0, 0, 0]",0,3,0.0,0.0,4.349,0,0,0,4294967.295,3750000.896,0,44813,0,72.98255157470703,101.19124603271484,0.5969807505607605,0,state.PRE_FLIGHT,623,-34,0,-34,0.0,4349,4351,"[10.6, 0.5, 17.0, 10.6, 15.9, 16.5, 0, 0]","[3.638, 3.639, 3.639]",0.187,"[2.9952, 3.3120000000000003, 5.0016, 7.3632, 8.4512, 27.8288]","[0.035, 0.230625, -0.001875, -0.00125, -0.006875, 0.00125]",0,0,29.5,"[1, 1, 1, 1, 1, 1]",93.25622895017963,0.0,0.0,0,0.0
1774904407.1567428,"[0, 0, 0, 0, 0, 0]","[1291, 1500, 1500, 1500]","[-25.08, 0.0, 0.0, 0.0]","[0.0, 0.0, 0.0]",0,4356.8154296875,0,31.838689346313476,"[0.0, -7.29370117068, 6.92749023324]","[0, 0, 0]",0,3,0.0,0.0,4.349,0,0,0,4294967.295,3750000.896,0,44873,0,72.9300765991211,101.39021301269531,0.5969807505607605,0,state.PRE_FLIGHT,624,-34,0,-33,0.0,4349,4356,"[10.6, 0.5, 17.0, 10.6, 15.9, 15.9, 0, 0]","[3.638, 3.639, 3.639]",0.187,"[2.9968000000000004, 3.3120000000000003, 5.0016, 7.364800000000001, 8.432, 27.824]","[0.03125, 0.19, -0.001875, -0.0025, -0.000625, -0.005625]",0,0,29.5,"[1, 1, 1, 1, 1, 1]",93.32335096511257,0.0,0.0,0,0.0
1774904407.2148185,"[0, 0, 0, 0, 0, 0]","[1291, 1500, 1500, 1500]","[-25.08, 0.0, 0.0, 0.0]","[0.0, 0.0, 0.0]",0,4361.0615234375,0,31.83431739807129,"[0.0, 6.5002441395599995, 2.4414062496]","[0, 0, 0]",0,3,0.0,0.0,4.358,0,0,0,4294967.295,3750000.896,0,44927,0,72.81895446777344,101.50274658203125,0.5969807505607605,0,state.PRE_FLIGHT,625,-34,0,-33,0.0,4358,4361,"[10.6, 0.5, 16.5, 10.6, 16.5, 17.0, 0, 0]","[3.638, 3.639, 3.639]",0.187,"[2.9968000000000004, 3.3120000000000003, 5.0016, 7.364800000000001, 8.432, 27.824]","[0.03125, 0.19, -0.001875, -0.0025, -0.000625, -0.005625]",0,0,29.5,"[1, 1, 1, 1, 1, 1]",93.37699547727462,0.0,0.0,0,0.0
1774904407.2750535,"[0, 0, 0, 0, 0, 0]","[1291, 1500, 1500, 1500]","[-25.08, 0.0, 0.0, 0.0]","[0.0, 0.0, 0.0]",0,4366.12109375,0,31.84743324279785,"[0.0, 0.82397460924, -6.5002441395599995]","[0, 0, 0]",0,3,0.0,0.0,4.358,0,0,0,4294967.295,3750000.896,0,44987,0,72.83663940429688,101.30011749267578,0.5969807505607605,0,state.PRE_FLIGHT,626,-34,0,-33,0.0,4358,4366,"[10.8, 0.5, 15.9, 10.2, 16.5, 16.5, 0, 0]","[3.638, 3.639, 3.639]",0.187,"[2.9968000000000004, 3.3136, 5.0032000000000005, 7.368, 8.4304, 27.8288]","[0.03375, 0.236875, -0.00375, -0.001875, -0.001875, 0.00125]",0,0,29.5,"[1, 1, 1, 1, 1, 1]",93.31490495952842,0.0,0.0,0,0.0
1774904407.3360598,"[0, 0, 0, 0, 0, 0]","[1291, 1500, 1500, 1500]","[-25.08, 0.0, 0.0, 0.0]","[0.0, 0.0, 0.0]",0,4371.14404296875,0,31.83431739807129,"[0.0, -5.5236816397199995, 5.24902343664]","[0, 0, 0]",0,3,0.0,0.0,4.366,0,0,0,4294967.295,3750000.896,0,45047,0,72.79727172851562,101.43928527832031,0.5969807505607605,0,state.PRE_FLIGHT,627,-34,0,-33,0.0,4366,4371,"[10.6, 0.5, 15.9, 10.6, 15.9, 17.0, 0, 0]","[3.638, 3.639, 3.639]",0.187,"[2.9968000000000004, 3.3136, 5.0032000000000005, 7.368, 8.4304, 27.8288]","[0.03375, 0.236875, -0.00375, -0.001875, -0.001875, 0.00125]",0,0,29.5,"[1, 1, 1, 1, 1, 1]",93.36270744065234,0.0,0.0,0,0.0
1774904407.395285,"[0, 0, 0, 0, 0, 0]","[1291, 1500, 1500, 1500]","[-25.08, 0.0, 0.0, 0.0]","[0.0, 0.0, 0.0]",0,4376.1279296875,0,31.860549087524415,"[0.0, -8.45336913924, -14.89257812256]","[0, 0, 0]",0,3,0.0,0.0,4.375,0,0,0,4294967.295,3750000.896,0,45107,0,72.78138732910156,101.60530090332031,0.5969807505607605,0,state.PRE_FLIGHT,628,-34,0,-33,0.0,4375,4376,"[10.6, 0.5, 16.5, 10.0, 15.5, 16.5, 0, 0]","[3.638, 3.639, 3.639]",0.187,"[2.9984, 3.3104, 5.0048, 7.364800000000001, 8.459200000000001, 27.832]","[0.04, 0.249375, -0.00125, -0.0025, -0.0025, -0.005]",0,0,29.5,"[1, 1, 1, 1, 1, 1]",93.41395958526617,0.0,0.0,0,0.0
1774904407.4572923,"[0, 0, 0, 0, 0, 0]","[1291, 1500, 1500, 1500]","[-25.08, 0.0, 0.0, 0.0]","[0.0, 0.0, 0.0]",0,4381.07177734375,0,31.808085708618165,"[0.0, -3.93676757748, -8.17871093616]","[0, 0, 0]",0,3,0.0,0.0,4.375,0,0,0,4294967.295,3750000.896,0,45161,0,73.07361602783203,101.48133087158203,0.5969807505607605,0,state.PRE_FLIGHT,629,-32,0,-32,0.0,4375,4381,"[11.1, 0.5, 17.0, 10.8, 15.5, 17.6, 0, 0]","[3.638, 3.639, 3.639]",0.187,"[2.9984, 3.3104, 5.0048, 7.364800000000001, 8.459200000000001, 27.832]","[0.04, 0.249375, -0.00125, -0.0025, -0.0025, -0.005]",0,0,29.5,"[1, 1, 1, 1, 1, 1]",93.32224155980163,0.0,0.0,0,0.0
1774904407.5175357,"[0, 0, 0, 0, 0, 0]","[1291, 1500, 1500, 1500]","[-25.08, 0.0, 0.0, 0.0]","[0.0, 0.0, 0.0]",0,4385.98193359375,0,31.84743324279785,"[0.0, -2.53295898396, 6.16455078024]","[0, 0, 0]",0,3,0.0,0.0,4.383,0,0,0,4294967.295,3750000.896,0,45221,0,73.02265930175781,101.42945861816406,0.5969807505607605,0,state.PRE_FLIGHT,630,-31,0,-31,0.0,4383,4385,"[10.2, 0.5, 16.5, 10.4, 15.5, 16.5, 0, 0]","[3.638, 3.639, 3.639]",0.187,"[2.9952, 3.3120000000000003, 5.0048, 7.3616, 8.4384, 27.8288]","[0.035625000000000004, 0.27625, -0.004375, -0.00125, -0.005625, -0.0025]",0,0,29.5,"[1, 1, 1, 1, 1, 1]",93.31709043716208,0.0,0.0,0,0.0
1774904407.5646417,"[0, 0, 0, 0, 0, 0]","[1291, 1500, 1500, 1500]","[-25.08, 0.0, 0.0, 0.0]","[0.0, 0.0, 0.0]",0,4390.849609375,0,31.85180519104004,"[0.0, 8.27026367052, 7.65991210812]","[0, 0, 0]",0,3,0.0,0.0,4.383,0,0,0,4294967.295,3750000.896,0,45281,0,73.16914367675781,101.35986328125,0.5969807505607605,0,state.PRE_FLIGHT,631,-32,0,-31,0.0,4383,4390,"[11.1, 0.5, 17.0, 10.4, 15.5, 17.0, 0, 0]","[3.638, 3.639, 3.639]",0.187,"[2.9952, 3.3120000000000003, 5.0048, 7.3616, 8.4384, 27.8288]","[0.035625000000000004, 0.27625, -0.004375, -0.00125, -0.005625, -0.0025]",0,0,29.5,"[1, 1, 1, 1, 1, 1]",93.26948453220723,0.0,0.0,0,0.0
1774904407.6256394,"[0, 0, 0, 0, 0, 0]","[1291, 1500, 1500, 1500]","[-25.08, 0.0, 0.0, 0.0]","[0.0, 0.0, 0.0]",0,4395.68408203125,0,31.843061294555664,"[0.0, 4.5471191398799995, 9.155273436]","[0, 0, 0]",0,3,0.0,0.0,4.391,0,0,0,4294967.295,3750000.896,0,45341,0,73.29914855957031,101.18529510498047,0.5969807505607605,0,state.PRE_FLIGHT,632,-32,0,-32,0.0,4391,4395,"[10.6, 0.5, 16.5, 10.8, 15.5, 16.5, 0, 0]","[3.638, 3.639, 3.639]",0.187,"[2.9968000000000004, 3.3104, 5.0064, 7.3664000000000005, 8.464, 27.824]","[0.03125, 0.615, 0.0, 0.005, -0.005, 0.00125]",0,0,29.5,"[1, 1, 1, 1, 1, 1]",93.19564975998063,0.0,0.0,0,0.0
1774904407.686839,"[0, 0, 0, 0, 0, 0]","[1291, 1500, 1500, 1500]","[-25.08, 0.0, 0.0, 0.0]","[0.0, 0.0, 0.0]",0,4399.68310546875,0,31.860549087524415,"[0.0, -3.93676757748, -5.7678222646799995]","[0, 0, 0]",0,3,0.0,0.0,4.399,0,0,0,4294967.295,3750000.896,0,45395,0,73.03536987304688,101.29031372070312,0.5969807505607605,0,state.PRE_FLIGHT,633,-31,0,-31,0.0,4399,4399,"[10.6, 0.5, 17.0, 10.2, 16.5, 17.0, 0, 0]","[3.638, 3.639, 3.639]",0.187,"[2.9968000000000004, 3.3104, 5.0064, 7.3664000000000005, 8.464, 27.824]","[0.03125, 0.615, 0.0, 0.005, -0.005, 0.00125]",0,0,29.5,"[1, 1, 1, 1, 1, 1]",93.27480694506394,0.0,0.0,0,0.0
1774904407.7468607,"[0, 0, 0, 0, 0, 0]","[1291, 1500, 1500, 1500]","[-25.08, 0.0, 0.0, 0.0]","[0.0, 0.0, 0.0]",0,4404.44384765625,0,31.843061294555664,"[0.0, 4.9133300773199995, -2.5939941402]","[0, 0, 0]",0,3,0.0,0.0,4.399,0,0,0,4294967.295,3750000.896,0,45455,0,73.0588607788086,101.38858795166016,0.5969807505607605,0,state.PRE_FLIGHT,634,-31,0,-30,0.0,4399,4404,"[10.6, 0.5, 17.0, 10.6, 15.5, 16.5, 0, 0]","[3.638, 3.639, 3.639]",0.187,"[2.992, 3.3120000000000003, 5.0064, 7.364800000000001, 8.443200000000001, 27.8288]","[0.034375, 0.61375, 0.000625, 0.000625, -0.00375, -0.004375]",0,0,29.5,"[1, 1, 1, 1, 1, 1]",93.29852379887159,0.0,0.0,0,0.0
1774904407.8083687,"[0, 0, 0, 0, 0, 0]","[1291, 1500, 1500, 1500]","[-25.08, 0.0, 0.0, 0.0]","[0.0, 0.0, 0.0]",0,4409.17138671875,0,31.856177139282227,"[0.0, -4.1809082024399995, 14.00756835708]","[0, 0, 0]",0,3,0.0,0.0,4.407,0,0,0,4294967.295,3750000.896,0,45515,0,73.18153381347656,101.56925201416016,0.5969807505607605,0,state.PRE_FLIGHT,635,-31,0,-30,0.0,4407,4409,"[10.8, 0.5, 15.9, 10.6, 15.9, 15.9, 0, 0]","[3.638, 3.639, 3.639]",0.187,"[2.992, 3.3120000000000003, 5.0064, 7.364800000000001, 8.443200000000001, 27.8288]","[0.034375, 0.61375, 0.000625, 0.000625, -0.00375, -0.004375]",0,0,29.5,"[1, 1, 1, 1, 1, 1]",93.32661891158146,0.0,0.0,0,0.0
1774904407.8689084,"[0, 0, 0, 0, 0, 0]","[1291, 1500, 1500, 1500]","[-25.08, 0.0, 0.0, 0.0]","[0.0, 0.0, 0.0]",0,4413.859375,0,31.864921035766603,"[0.0, 13.82446288836, 16.41845702856]","[0, 0, 0]",0,3,0.0,0.0,4.407,0,0,0,4294967.295,3750000.896,0,45575,0,73.19984436035156,101.69863891601562,0.5969807505607605,0,state.PRE_FLIGHT,636,-32,0,-31,0.0,4407,4413,"[10.4, 0.5, 15.9, 10.6, 15.9, 15.9, 0, 0]","[3.638, 3.639, 3.639]",0.187,"[2.9968000000000004, 3.3120000000000003, 5.0032000000000005, 7.364800000000001, 8.4688, 27.8272]","[0.034375, 0.240625, -0.00125, -0.0025, 0.001875, 0.000625]",0,0,29.5,"[1, 1, 1, 1, 1, 1]",93.35978901369764,0.0,0.0,0,0.0
1774904407.912913,"[0, 0, 0, 0, 0, 0]","[1291, 1500, 1500, 1500]","[-25.08, 0.0, 0.0, 0.0]","[0.0, 0.0, 0.0]",0,4417.736328125,0,31.84743324279785,"[0.0, 5.70678710844, 8.605957029839999]","[0, 0, 0]",0,3,0.0,0.0,4.414,0,0,0,4294967.295,3750000.896,0,45629,0,73.36930084228516,101.75665283203125,0.5969807505607605,0,state.PRE_FLIGHT,637,-32,0,-32,0.0,4414,4417,"[10.4, 0.5, 17.6, 11.1, 15.5, 16.5, 0, 0]","[3.638, 3.639, 3.639]",0.187,"[2.9968000000000004, 3.3120000000000003, 5.0032000000000005, 7.364800000000001, 8.4688, 27.8272]","[0.034375, 0.240625, -0.00125, -0.0025, 0.001875, 0.000625]",0,0,29.5,"[1, 1, 1, 1, 1, 1]",93.34310976691226,0.0,0.0,0,0.0
1774904407.9740248,"[0, 0, 0, 0, 0, 0]","[1291, 1500, 1500, 1500]","[-25.08, 0.0, 0.0, 0.0]","[0.0, 0.0, 0.0]",0,4422.357421875,0,31.84743324279785,"[0.0, 0.39672851556, 9.52148437344]","[0, 0, 0]",0,3,0.0,0.0,4.422,0,0,0,4294967.295,3750000.896,0,45689,0,73.39463806152344,101.69623565673828,0.5969807505607605,0,state.PRE_FLIGHT,638,-32,0,-32,0.0,4422,4422,"[10.8, 0.5, 15.9, 10.6, 15.9, 17.0, 0, 0]","[3.638, 3.639, 3.639]",0.187,"[2.9984, 3.3104, 5.0016, 7.3632, 8.440000000000001, 27.8256]","[0.031875, 0.2475, -0.00375, 0.000625, -0.0025, -0.004375]",0,0,29.5,"[1, 1, 1, 1, 1, 1]",93.32122024424017,0.0,0.0,0,0.0
1774904408.0366378,"[0, 0, 0, 0, 0, 0]","[1291, 1500, 1500, 1500]","[-25.08, 0.0, 0.0, 0.0]","[0.0, 0.0, 0.0]",0,4426.9384765625,0,31.860549087524415,"[0.0, -2.77709960892, 9.155273436]","[0, 0, 0]",0,3,0.0,0.0,4.422,0,0,0,4294967.295,3750000.896,0,45749,0,73.41815948486328,101.90496826171875,0.5969807505607605,0,state.PRE_FLIGHT,639,-32,0,-31,0.0,4422,4426,"[10.8, 0.5, 17.6, 11.1, 16.5, 18.2, 0, 0]","[3.638, 3.639, 3.639]",0.187,"[2.9952, 3.3104, 5.0048, 7.364800000000001, 8.441600000000001, 27.8288]","[0.035625000000000004, 0.2125, -0.003125, -0.004375, -0.005, -0.003125]",0,0,29.5,"[1, 1, 1, 1, 1, 1]",93.37505244418931,0.0,0.0,0,0.0
1774904408.0981746,"[0, 0, 0, 0, 0, 0]","[1291, 1500, 1500, 1500]","[-25.08, 0.0, 0.0, 0.0]","[0.0, 0.0, 0.0]",0,4431.4833984375,0,31.860549087524415,"[0.0, -3.38745117132, -15.441894528719999]","[0, 0, 0]",0,3,0.0,0.0,4.429,0,0,0,4294967.295,3750000.896,0,45809,0,73.40777587890625,102.05512237548828,0.5969807505607605,0,state.PRE_FLIGHT,640,-31,0,-31,0.0,4429,4431,"[10.8, 0.5, 17.0, 10.4, 16.5, 17.0, 0, 0]","[3.638, 3.639, 3.639]",0.187,"[2.9952, 3.3104, 5.0048, 7.364800000000001, 8.441600000000001, 27.8288]","[0.035625000000000004, 0.2125, -0.003125, -0.004375, -0.005, -0.003125]",0,0,29.5,"[1, 1, 1, 1, 1, 1]",93.41912664201956,0.0,0.0,0,0.0
1774904408.1581786,"[0, 0, 0, 0, 0, 0]","[1291, 1500, 1500, 1500]","[-25.08, 0.0, 0.0, 0.0]","[0.0, 0.0, 0.0]",0,4435.98828125,0,31.864921035766603,"[0.0, 1.9836425778, 2.4414062496]","[0, 0, 0]",0,3,0.0,0.0,4.429,0,0,0,4294967.295,3750000.896,0,45863,0,73.5645751953125,102.19767761230469,0.5969807505607605,0,state.PRE_FLIGHT,641,-31,0,-31,0.0,4429,4435,"[10.4, 0.5, 17.0, 10.8, 15.5, 15.9, 0, 0]","[3.638, 3.639, 3.639]",0.187,"[2.9936000000000003, 3.3104, 5.0016, 7.3664000000000005, 8.4496, 27.8288]","[0.033125, 0.275625, -0.004375, -0.006875, -0.005, 0.0]",0,0,29.5,"[1, 1, 1, 1, 1, 1]",93.42717768217771,0.0,0.0,0,0.0
1774904408.2193418,"[0, 0, 0, 0, 0, 0]","[1291, 1500, 1500, 1500]","[-25.08, 0.0, 0.0, 0.0]","[0.0, 0.0, 0.0]",0,4440.45947265625,0,31.878036880493163,"[0.0, -1.92260742156, -6.5002441395599995]","[0, 0, 0]",0,3,0.0,0.0,4.438,0,0,0,4294967.295,3750000.896,0,45923,0,73.84166717529297,102.22516632080078,0.5969807505607605,0,state.PRE_FLIGHT,642,-31,0,-30,0.0,4438,4440,"[10.8, 0.5, 16.5, 10.6, 15.5, 17.0, 0, 0]","[3.638, 3.639, 3.639]",0.187,"[2.9936000000000003, 3.3104, 5.0016, 7.3664000000000005, 8.4496, 27.8288]","[0.033125, 0.275625, -0.004375, -0.006875, -0.005, 0.0]",0,0,29.5,"[1, 1, 1, 1, 1, 1]",93.37837540522548,0.0,0.0,0,0.0
1774904408.2668676,"[0, 0, 0, 0, 0, 0]","[1291, 1500, 1500, 1500]","[-25.08, 0.0, 0.0, 0.0]","[0.0, 0.0, 0.0]",0,4444.8916015625,0,31.86929298400879,"[0.0, 13.03100585724, 15.686035153679999]","[0, 0, 0]",0,3,0.0,0.0,4.438,0,0,0,4294967.295,3750000.896,0,45983,0,74.29365539550781,102.17815399169922,0.5969807505607605,0,state.PRE_FLIGHT,643,-30,0,-30,0.0,4438,4444,"[10.6, 0.5, 16.5, 10.8, 15.9, 16.5, 0, 0]","[3.638, 3.639, 3.639]",0.187,"[2.9952, 3.3136, 5.0048, 7.3616, 8.4336, 27.8272]","[0.036875, 0.62125, -0.004375, 0.001875, -0.004375, -0.00125]",0,0,29.5,"[1, 1, 1, 1, 1, 1]",93.27372649215081,0.0,0.0,0,0.0
1774904408.3398747,"[0, 0, 0, 0, 0, 0]","[1291, 1500, 1500, 1500]","[-25.08, 0.0, 0.0, 0.0]","[0.0, 0.0, 0.0]",0,4449.28369140625,0,31.88240882873535,"[0.0, -3.2043457026, -9.85717773276]","[0, 0, 0]",0,3,0.0,0.0,4.445,0,0,0,4294967.295,3750000.896,0,46043,0,74.27075958251953,102.22819519042969,0.5969807505607605,0,state.PRE_FLIGHT,644,-30,0,-30,0.0,4445,4449,"[10.6, 0.5, 15.9, 10.6, 16.5, 16.5, 0, 0]","[3.638, 3.639, 3.639]",0.187,"[2.9952, 3.3136, 5.0048, 7.3616, 8.4336, 27.8272]","[0.036875, 0.62125, -0.004375, 0.001875, -0.004375, -0.00125]",0,0,29.5,"[1, 1, 1, 1, 1, 1]",93.29166446817086,0.0,0.0,0,0.0
1774904408.3854082,"[0, 0, 0, 0, 0, 0]","[1291, 1500, 1500, 1500]","[-25.08, 0.0, 0.0, 0.0]","[0.0, 0.0, 0.0]",0,4452.9169921875,0,31.86929298400879,"[0.0, 0.57983398428, 2.07519531216]","[0, 0, 0]",0,3,0.0,0.0,4.452,0,0,0,4294967.295,3750000.896,0,46097,0,74.57662200927734,102.34503936767578,0.5969807505607605,0,state.PRE_FLIGHT,645,-30,0,-30,0.0,4452,4452,"[10.4, 0.5, 17.0, 10.8, 15.5, 16.5, 0, 0]","[3.638, 3.639, 3.639]",0.187,"[2.9984, 3.3120000000000003, 5.0032000000000005, 7.3696, 8.457600000000001, 27.832]","[0.035625000000000004, 0.6175, -0.004375, 0.000625, -0.005, 0.001875]",0,0,29.5,"[1, 1, 1, 1, 1, 1]",93.25957082852885,0.0,0.0,0,0.0
1774904408.4444137,"[0, 0, 0, 0, 0, 0]","[1291, 1500, 1500, 1500]","[-25.08, 0.0, 0.0, 0.0]","[0.0, 0.0, 0.0]",0,4457.2451171875,0,31.88240882873535,"[0.0, 5.09643554604, -7.99560546744]","[0, 0, 0]",0,3,0.0,0.0,4.452,0,0,0,4294967.295,3750000.896,0,46157,0,74.41242980957031,102.38227844238281,0.5969807505607605,0,state.PRE_FLIGHT,646,-30,0,-30,0.0,4452,4457,"[10.6, 0.5, 15.9, 10.6, 15.9, 17.0, 0, 0]","[3.638, 3.639, 3.639]",0.187,"[2.9984, 3.3120000000000003, 5.0032000000000005, 7.3696, 8.457600000000001, 27.832]","[0.035625000000000004, 0.6175, -0.004375, 0.000625, -0.005, 0.001875]",0,0,29.5,"[1, 1, 1, 1, 1, 1]",93.30324330574803,0.0,0.0,0,0.0
1774904408.5059118,"[0, 0, 0, 0, 0, 0]","[1291, 1500, 1500, 1500]","[-25.08, 0.0, 0.0, 0.0]","[0.0, 0.0, 0.0]",0,4461.53369140625,0,31.88240882873535,"[0.0, 6.31713867084, 11.19995117004]","[0, 0, 0]",0,3,0.0,0.0,4.46,0,0,0,4294967.295,3750000.896,0,46217,0,74.52718353271484,102.40547943115234,0.5969807505607605,0,state.PRE_FLIGHT,647,-30,0,-30,0.0,4460,4461,"[10.4, 0.5, 16.5, 10.6, 15.9, 17.0, 0, 0]","[3.638, 3.639, 3.639]",0.187,"[2.9968000000000004, 3.3120000000000003, 5.0032000000000005, 7.3632, 8.4368, 27.8288]","[0.038125, 0.626875, -0.00125, -0.00125, -0.006875, 0.000625]",0,0,29.5,"[1, 1, 1, 1, 1, 1]",93.28555081408548,0.0,0.0,0,0.0
1774904408.56545,"[0, 0, 0, 0, 0, 0]","[1291, 1500, 1500, 1500]","[-25.08, 0.0, 0.0, 0.0]","[0.0, 0.0, 0.0]",0,4465.78271484375,0,31.88240882873535,"[0.0, 1.80053710908, 0.21362304684]","[0, 0, 0]",0,3,0.0,0.0,4.46,0,0,0,4294967.295,3750000.896,0,46277,0,74.31966400146484,102.57391357421875,0.5969807505607605,0,state.PRE_FLIGHT,648,-30,0,-30,0.0,4460,4465,"[10.2, 0.5, 16.5, 10.6, 15.5, 16.5, 0, 0]","[3.638, 3.639, 3.639]",0.187,"[2.9968000000000004, 3.3120000000000003, 5.0032000000000005, 7.3632, 8.4368, 27.8288]","[0.038125, 0.626875, -0.00125, -0.00125, -0.006875, 0.000625]",0,0,29.5,"[1, 1, 1, 1, 1, 1]",93.37308772753566,0.0,0.0,0,0.0
1774904408.626458,"[0, 0, 0, 0, 0, 0]","[1291, 1500, 1500, 1500]","[-25.08, 0.0, 0.0, 0.0]","[0.0, 0.0, 0.0]",0,4469.998046875,0,31.860549087524415,"[0.0, 6.5002441395599995, 14.73999023196]","[0, 0, 0]",0,3,0.0,0.0,4.467,0,0,0,4294967.295,3750000.896,0,46331,0,74.68596649169922,102.59233856201172,0.5969807505607605,0,state.PRE_FLIGHT,649,-30,0,-30,0.0,4467,4469,"[10.4, 0.5, 16.5, 10.4, 15.5, 16.5, 0, 0]","[3.638, 3.639, 3.639]",0.187,"[2.9952, 3.3136, 5.0048, 7.3616, 8.464, 27.832]","[0.034375, 0.26, -0.004375, -0.00375, 0.005, -0.001875]",0,0,29.5,"[1, 1, 1, 1, 1, 1]",93.3008702823956,0.0,0.0,0,0.0
1774904408.6869738,"[0, 0, 0, 0, 0, 0]","[1291, 1500, 1500, 1500]","[-25.08, 0.0, 0.0, 0.0]","[0.0, 0.0, 0.0]",0,4474.173828125,0,31.886780776977538,"[0.0, -1.19018554668, -4.2724609368]","[0, 0, 0]",0,3,0.0,0.0,4.474,0,0,0,4294967.295,3750000.896,0,46391,0,74.60171508789062,102.74432373046875,0.5969807505607605,0,state.PRE_FLIGHT,650,-31,0,-30,0.0,4474,4474,"[10.4, 0.5, 15.9, 10.6, 15.5, 15.9, 0, 0]","[3.638, 3.639, 3.639]",0.187,"[2.9952, 3.3120000000000003, 5.0016, 7.36, 8.443200000000001, 27.8272]","[0.031875, 0.195625, -0.004375, 0.000625, -0.00625, -0.00375]",0,0,29.5,"[1, 1, 1, 1, 1, 1]",93.35805267597335,0.0,0.0,0,0.0
1774904408.7459855,"[0, 0, 0, 0, 0, 0]","[1291, 1500, 1500, 1500]","[-25.08, 0.0, 0.0, 0.0]","[0.0, 0.0, 0.0]",0,4478.31640625,0,31.86929298400879,"[0.0, 1.19018554668, 13.06152343536]","[0, 0, 0]",0,3,0.0,0.0,4.474,0,0,0,4294967.295,3750000.896,0,46451,0,74.85501098632812,102.88591003417969,0.5969807505607605,0,state.PRE_FLIGHT,651,-32,0,-31,0.0,4474,4478,"[10.4, 0.5, 15.5, 10.6, 15.9, 16.5, 0, 0]","[3.638, 3.639, 3.639]",0.187,"[2.9952, 3.3120000000000003, 5.0016, 7.36, 8.443200000000001, 27.8272]","[0.031875, 0.195625, -0.004375, 0.000625, -0.00625, -0.00375]",0,0,29.5,"[1, 1, 1, 1, 1, 1]",93.34018783871903,0.0,0.0,0,0.0
1774904408.8085256,"[0, 0, 0, 0, 0, 0]","[1291, 1500, 1500, 1500]","[-25.08, 0.0, 0.0, 0.0]","[0.0, 0.0, 0.0]",0,4482.4189453125,0,31.886780776977538,"[0.0, -3.93676757748, -15.62499999744]","[0, 0, 0]",0,3,0.0,0.0,4.481,0,0,0,4294967.295,3750000.896,0,46511,0,74.75975799560547,102.91277313232422,0.5969807505607605,0,state.PRE_FLIGHT,652,-32,0,-32,0.0,4481,4482,"[10.4, 0.5, 15.5, 10.8, 15.9, 15.9, 0, 0]","[3.638, 3.639, 3.639]",0.187,"[2.9968000000000004, 3.3120000000000003, 5.0064, 7.3696, 8.448, 27.8256]","[0.033125, 0.249375, -0.0025, -0.000625, 0.0, -0.00125]",0,0,29.5,"[1, 1, 1, 1, 1, 1]",93.36761802535877,0.0,0.0,0,0.0
1774904408.8525245,"[0, 0, 0, 0, 0, 0]","[1291, 1500, 1500, 1500]","[-25.08, 0.0, 0.0, 0.0]","[0.0, 0.0, 0.0]",0,4485.80810546875,0,31.891152725219726,"[0.0, 5.09643554604, 4.6691894523599995]","[0, 0, 0]",0,3,0.0,0.0,4.481,0,0,0,4294967.295,3750000.896,0,46565,0,74.65658569335938,102.75468444824219,0.5969807505607605,0,state.PRE_FLIGHT,653,-33,0,-32,0.0,4481,4485,"[10.4, 0.5, 16.5, 10.4, 16.5, 18.2, 0, 0]","[3.638, 3.639, 3.639]",0.187,"[2.9968000000000004, 3.3120000000000003, 5.0064, 7.3696, 8.448, 27.8256]","[0.033125, 0.249375, -0.0025, -0.000625, 0.0, -0.00125]",0,0,29.5,"[1, 1, 1, 1, 1, 1]",93.3490396079876,0.0,0.0,0,0.0
1774904408.913027,"[0, 0, 0, 0, 0, 0]","[1291, 1500, 1500, 1500]","[-25.08, 0.0, 0.0, 0.0]","[0.0, 0.0, 0.0]",0,4489.84375,0,31.886780776977538,"[0.0, -10.28442382644, 7.4768066393999995]","[0, 0, 0]",0,3,0.0,0.0,4.487,0,0,0,4294967.295,3750000.896,0,46625,0,74.95048522949219,102.82241821289062,0.5969807505607605,0,state.PRE_FLIGHT,654,-34,0,-33,0.0,4487,4489,"[10.6, 0.5, 17.0, 10.8, 15.5, 16.5, 0, 0]","[3.638, 3.639, 3.639]",0.187,"[2.9952, 3.3120000000000003, 5.0016, 7.3632, 8.4608, 27.820800000000002]","[0.035, 0.243125, 0.000625, -0.00125, -0.0025, -0.003125]",0,0,29.5,"[1, 1, 1, 1, 1, 1]",93.30349658432266,0.0,0.0,0,0.0
1774904408.9735491,"[0, 0, 0, 0, 0, 0]","[1291, 1500, 1500, 1500]","[-25.08, 0.0, 0.0, 0.0]","[0.0, 0.0, 0.0]",0,4493.8427734375,0,31.886780776977538,"[0.0, -7.7209472643599995, 3.57055664004]","[0, 0, 0]",0,3,0.0,0.0,4.487,0,0,0,4294967.295,3750000.896,0,46685,0,75.29287719726562,102.97012329101562,0.5969807505607605,0,state.PRE_FLIGHT,655,-32,0,-33,0.0,4487,4493,"[10.8, 0.5, 15.9, 11.1, 15.5, 15.9, 0, 0]","[3.638, 3.639, 3.639]",0.187,"[2.9952, 3.3120000000000003, 5.0016, 7.3632, 8.4608, 27.820800000000002]","[0.035, 0.243125, 0.000625, -0.00125, -0.0025, -0.003125]",0,0,29.5,"[1, 1, 1, 1, 1, 1]",93.26654971822946,0.0,0.0,0,0.0
1774904409.0354357,"[0, 0, 0, 0, 0, 0]","[1291, 1500, 1500, 1500]","[-25.08, 0.0, 0.0, 0.0]","[0.0, 0.0, 0.0]",0,4497.80224609375,0,31.895524673461914,"[0.0, -2.77709960892, -0.9155273436]","[0, 0, 0]",0,3,0.0,0.0,4.494,0,0,0,4294967.295,3750000.896,0,46745,0,75.27548217773438,102.98965454101562,0.5969807505607605,0,state.PRE_FLIGHT,656,-30,0,-30,0.0,4494,4497,"[10.4, 0.5, 16.5, 10.6, 15.9, 15.9, 0, 0]","[3.638, 3.639, 3.639]",0.187,"[2.9968000000000004, 3.3136, 5.0048, 7.36, 8.4336, 27.8304]","[0.035, 0.61, -0.00375, 0.000625, -0.006875, 0.001875]",0,0,29.5,"[1, 1, 1, 1, 1, 1]",93.27517734644555,0.0,0.0,0,0.0
1774904409.095965,"[0, 0, 0, 0, 0, 0]","[1291, 1500, 1500, 1500]","[-25.08, 0.0, 0.0, 0.0]","[0.0, 0.0, 0.0]",0,4501.076171875,0,31.88240882873535,"[0.0, -6.31713867084, -0.1525878906]","[0, 0, 0]",0,3,0.0,0.0,4.5,0,0,0,4294967.295,3750000.896,0,46799,0,75.5279541015625,103.05207824707031,0.5969807505607605,0,state.PRE_FLIGHT,657,-32,0,-30,0.0,4500,4501,"[10.8, 0.5, 17.0, 10.6, 15.9, 16.5, 0, 0]","[3.638, 3.639, 3.639]",0.187,"[2.9968000000000004, 3.3136, 5.0048, 7.36, 8.4336, 27.8304]","[0.035, 0.61, -0.00375, 0.000625, -0.006875, 0.001875]",0,0,29.5,"[1, 1, 1, 1, 1, 1]",93.23539489815444,0.0,0.0,0,0.0
1774904409.1559708,"[0, 0, 0, 0, 0, 0]","[1291, 1500, 1500, 1500]","[-25.08, 0.0, 0.0, 0.0]","[0.0, 0.0, 0.0]",0,4504.96826171875,0,31.886780776977538,"[0.0, 9.49096679532, 10.070800779599999]","[0, 0, 0]",0,3,0.0,0.0,4.5,0,0,0,4294967.295,3750000.896,0,46859,0,75.62406158447266,102.93367767333984,0.5969807505607605,0,state.PRE_FLIGHT,658,-36,0,-34,0.0,4500,4504,"[10.4, 0.5, 15.9, 10.6, 15.9, 17.6, 0, 0]","[3.638, 3.639, 3.639]",0.187,"[2.9952, 3.3136, 5.0032000000000005, 7.368, 8.4448, 27.8336]","[0.031875, 0.62125, -0.00125, 0.0025, -0.00625, 0.004375]",0,0,29.5,"[1, 1, 1, 1, 1, 1]",93.18565215269433,0.0,0.0,0,0.0
1774904409.2024946,"[0, 0, 0, 0, 0, 0]","[1291, 1500, 1500, 1500]","[-25.08, 0.0, 0.0, 0.0]","[0.0, 0.0, 0.0]",0,4508.82421875,0,31.88240882873535,"[0.0, -10.2233886702, -9.85717773276]","[0, 0, 0]",0,3,0.0,0.0,4.506,0,0,0,4294967.295,3750000.896,0,46919,0,75.72745513916016,102.97886657714844,0.5969807505607605,0,state.PRE_FLIGHT,659,-37,0,-36,0.0,4506,4508,"[10.6, 0.5, 16.5, 10.6, 15.9, 16.5, 0, 0]","[3.638, 3.639, 3.639]",0.187,"[2.9952, 3.3136, 5.0032000000000005, 7.368, 8.4448, 27.8336]","[0.031875, 0.62125, -0.00125, 0.0025, -0.00625, 0.004375]",0,0,29.5,"[1, 1, 1, 1, 1, 1]",93.17406892282746,0.0,0.0,0,0.0
1774904409.2626746,"[0, 0, 0, 0, 0, 0]","[1291, 1500, 1500, 1500]","[-25.08, 0.0, 0.0, 0.0]","[0.0, 0.0, 0.0]",0,4512.64306640625,0,31.886780776977538,"[0.0, 2.77709960892, -2.5939941402]","[0, 0, 0]",0,3,0.0,0.0,4.506,0,0,0,4294967.295,3750000.896,0,46979,0,75.79037475585938,103.08504486083984,0.5969807505607605,0,state.PRE_FLIGHT,660,-39,0,-37,0.0,4506,4512,"[10.6, 0.5, 15.9, 10.6, 15.5, 17.0, 0, 0]","[3.638, 3.639, 3.639]",0.187,"[2.9968000000000004, 3.3104, 5.0048, 7.3616, 8.4368, 27.8256]","[0.03, 0.46187500000000004, -0.001875, 0.003125, -0.004375, 0.006875]",0,0,29.5,"[1, 1, 1, 1, 1, 1]",93.18578232540509,0.0,0.0,0,0.0
1774904409.3246827,"[0, 0, 0, 0, 0, 0]","[1291, 1500, 1500, 1500]","[-25.08, 0.0, 0.0, 0.0]","[0.0, 0.0, 0.0]",0,4516.42578125,0,31.886780776977538,"[0.0, -0.21362304684, 7.4768066393999995]","[0, 0, 0]",0,3,0.0,0.0,4.513,0,0,0,4294967.295,3750000.896,0,47033,0,75.94471740722656,103.09523010253906,0.5969807505607605,0,state.PRE_FLIGHT,661,-39,0,-40,0.0,4513,4516,"[10.6, 0.5, 16.5, 10.8, 15.5, 16.5, 0, 0]","[3.638, 3.639, 3.639]",0.187,"[2.9968000000000004, 3.3104, 5.0048, 7.3616, 8.4368, 27.8256]","[0.03, 0.46187500000000004, -0.001875, 0.003125, -0.004375, 0.006875]",0,0,29.5,"[1, 1, 1, 1, 1, 1]",93.15425824589242,0.0,0.0,0,0.0
1774904409.3862193,"[0, 0, 0, 0, 0, 0]","[1291, 1500, 1500, 1500]","[-25.08, 0.0, 0.0, 0.0]","[0.0, 0.0, 0.0]",0,4520.171875,0,31.88240882873535,"[0.0, 6.92749023324, -2.5939941402]","[0, 0, 0]",0,3,0.0,0.0,4.52,0,0,0,4294967.295,3750000.896,0,47093,0,75.95512390136719,103.0879135131836,0.5969807505607605,0,state.PRE_FLIGHT,662,-36,0,-36,0.0,4520,4520,"[10.4, 0.5, 15.9, 10.4, 16.5, 16.5, 0, 0]","[3.638, 3.639, 3.639]",0.187,"[2.9952, 3.3120000000000003, 5.0048, 7.3616, 8.459200000000001, 27.8272]","[0.029375000000000002, 0.23125, -0.003125, -0.00125, 0.000625, 0.00125]",0,0,29.5,"[1, 1, 1, 1, 1, 1]",93.15023543984043,0.0,0.0,0,0.0
1774904409.445216,"[0, 0, 0, 0, 0, 0]","[1291, 1500, 1500, 1500]","[-25.08, 0.0, 0.0, 0.0]","[0.0, 0.0, 0.0]",0,4523.88134765625,0,31.895524673461914,"[0.0, -4.5471191398799995, 3.57055664004]","[0, 0, 0]",0,3,0.0,0.0,4.52,0,0,0,4294967.295,3750000.896,0,47153,0,75.89130401611328,103.30644989013672,0.5969807505607605,0,state.PRE_FLIGHT,663,-33,0,-33,0.0,4520,4523,"[10.6, 0.5, 17.0, 10.6, 15.9, 15.9, 0, 0]","[3.638, 3.639, 3.639]",0.187,"[2.9952, 3.3120000000000003, 5.0064, 7.3616, 8.4336, 27.8256]","[0.031875, 0.22062500000000002, 0.00125, -0.001875, -0.004375, -0.0025]",0,0,29.5,"[1, 1, 1, 1, 1, 1]",93.21621902341755,0.0,0.0,0,0.0
1774904409.5088122,"[0, 0, 0, 0, 0, 0]","[1291, 1500, 1500, 1500]","[-25.08, 0.0, 0.0, 0.0]","[0.0, 0.0, 0.0]",0,4527.55419921875,0,31.891152725219726,"[0.0, 3.14331054636, 0.57983398428]","[0, 0, 0]",0,3,0.0,0.0,4.526,0,0,0,4294967.295,3750000.896,0,47213,0,76.04914093017578,103.41259002685547,0.5969807505607605,0,state.PRE_FLIGHT,664,-33,0,-32,0.0,4526,4527,"[10.8, 0.5, 15.9, 10.6, 15.5, 16.5, 0, 0]","[3.638, 3.639, 3.639]",0.187,"[2.9952, 3.3120000000000003, 5.0064, 7.3616, 8.4336, 27.8256]","[0.031875, 0.22062500000000002, 0.00125, -0.001875, -0.004375, -0.0025]",0,0,29.5,"[1, 1, 1, 1, 1, 1]",93.20585560890486,0.0,0.0,0,0.0
1774904409.5543907,"[0, 0, 0, 0, 0, 0]","[1291, 1500, 1500, 1500]","[-25.08, 0.0, 0.0, 0.0]","[0.0, 0.0, 0.0]",0,4530.5869140625,0,31.8998966217041,"[0.0, -1.80053710908, 12.14599609176]","[0, 0, 0]",0,3,0.0,0.0,4.526,0,0,0,4294967.295,3750000.896,0,47267,0,76.43029022216797,103.46240234375,0.5969807505607605,0,state.PRE_FLIGHT,665,-34,0,-33,0.0,4526,4530,"[10.4, 0.5, 16.5, 10.6, 15.5, 16.5, 0, 0]","[3.638, 3.639, 3.639]",0.187,"[2.9968000000000004, 3.3120000000000003, 5.0064, 7.368, 8.4672, 27.8272]","[0.03125, 0.254375, -0.004375, -0.0025, 0.000625, -0.004375]",0,0,29.5,"[1, 1, 1, 1, 1, 1]",93.13123456708479,0.0,0.0,0,0.0
1774904409.614924,"[0, 0, 0, 0, 0, 0]","[1291, 1500, 1500, 1500]","[-25.08, 0.0, 0.0, 0.0]","[0.0, 0.0, 0.0]",0,4534.19287109375,0,31.886780776977538,"[0.0, -1.9836425778, -7.99560546744]","[0, 0, 0]",0,3,0.0,0.0,4.532,0,0,0,4294967.295,3750000.896,0,47327,0,76.30335998535156,103.54358673095703,0.5969807505607605,0,state.PRE_FLIGHT,666,-34,0,-33,0.0,4532,4534,"[10.4, 0.5, 15.9, 10.4, 15.5, 17.0, 0, 0]","[3.638, 3.639, 3.639]",0.187,"[2.9968000000000004, 3.3120000000000003, 5.0064, 7.368, 8.4672, 27.8272]","[0.03125, 0.254375, -0.004375, -0.0025, 0.000625, -0.004375]",0,0,29.5,"[1, 1, 1, 1, 1, 1]",93.17871578576185,0.0,0.0,0,0.0
1774904409.675157,"[0, 0, 0, 0, 0, 0]","[1291, 1500, 1500, 1500]","[-25.08, 0.0, 0.0, 0.0]","[0.0, 0.0, 0.0]",0,4537.75927734375,0,31.895524673461914,"[0.0, 13.45825195092, 6.16455078024]","[0, 0, 0]",0,3,0.0,0.0,4.532,0,0,0,4294967.295,3750000.896,0,47387,0,76.28080749511719,103.53439331054688,0.5969807505607605,0,state.PRE_FLIGHT,667,-35,0,-35,0.0,4532,4537,"[10.2, 0.5, 16.5, 10.6, 15.9, 16.5, 0, 0]","[3.638, 3.639, 3.639]",0.187,"[2.9936000000000003, 3.3120000000000003, 5.0032000000000005, 7.3664000000000005, 8.443200000000001, 27.8256]","[0.03125, 0.23500000000000001, -0.004375, -0.004375, -0.001875, -0.000625]",0,0,29.5,"[1, 1, 1, 1, 1, 1]",93.18173169603199,0.0,0.0,0,0.0
1774904409.7391539,"[0, 0, 0, 0, 0, 0]","[1291, 1500, 1500, 1500]","[-25.08, 0.0, 0.0, 0.0]","[0.0, 0.0, 0.0]",0,4541.2919921875,0,31.90426856994629,"[0.0, 4.9133300773199995, 0.57983398428]","[0, 0, 0]",0,3,0.0,0.0,4.538,0,0,0,4294967.295,3750000.896,0,47447,0,76.14410400390625,103.86273193359375,0.5969807505607605,0,state.PRE_FLIGHT,668,-35,0,-34,0.0,4538,4541,"[10.2, 0.5, 15.9, 10.6, 16.5, 17.0, 0, 0]","[3.638, 3.639, 3.639]",0.187,"[2.9936000000000003, 3.3120000000000003, 5.0032000000000005, 7.3664000000000005, 8.443200000000001, 27.8256]","[0.03125, 0.23500000000000001, -0.004375, -0.004375, -0.001875, -0.000625]",0,0,29.5,"[1, 1, 1, 1, 1, 1]",93.2893680642945,0.0,0.0,0,0.0
1774904409.7846825,"[0, 0, 0, 0, 0, 0]","[1291, 1500, 1500, 1500]","[-25.08, 0.0, 0.0, 0.0]","[0.0, 0.0, 0.0]",0,4544.7880859375,0,31.90426856994629,"[0.0, -14.37377929452, -3.5095214838]","[0, 0, 0]",0,3,0.0,0.0,4.544,0,0,0,4294967.295,3750000.896,0,47501,0,76.34408569335938,103.76779174804688,0.5969807505607605,0,state.PRE_FLIGHT,669,-36,0,-35,0.0,4544,4544,"[10.8, 0.5, 17.0, 10.4, 15.5, 17.0, 0, 0]","[3.638, 3.639, 3.639]",0.187,"[2.9936000000000003, 3.3136, 5.0032000000000005, 7.364800000000001, 8.441600000000001, 27.8288]","[0.041875, 0.635, -0.003125, 0.0, -0.00875, -0.005]",0,0,29.5,"[1, 1, 1, 1, 1, 1]",93.22095104241463,0.0,0.0,0,0.0
1774904409.8466933,"[0, 0, 0, 0, 0, 0]","[1291, 1500, 1500, 1500]","[-25.08, 0.0, 0.0, 0.0]","[0.0, 0.0, 0.0]",0,4548.244140625,0,31.8998966217041,"[0.0, -5.5236816397199995, 7.8430175768399994]","[0, 0, 0]",0,3,0.0,0.0,4.544,0,0,0,4294967.295,3750000.896,0,47561,0,76.4066390991211,103.94053649902344,0.5969807505607605,0,state.PRE_FLIGHT,670,-37,0,-36,0.0,4544,4548,"[10.6, 0.5, 15.5, 10.6, 15.9, 16.5, 0, 0]","[3.638, 3.639, 3.639]",0.187,"[2.9936000000000003, 3.3136, 5.0032000000000005, 7.364800000000001, 8.441600000000001, 27.8288]","[0.041875, 0.635, -0.003125, 0.0, -0.00875, -0.005]",0,0,29.5,"[1, 1, 1, 1, 1, 1]",93.24594179151593,0.0,0.0,0,0.0
1774904409.9202404,"[0, 0, 0, 0, 0, 0]","[1291, 1500, 1500, 1500]","[-25.08, 0.0, 0.0, 0.0]","[0.0, 0.0, 0.0]",0,4551.66748046875,0,31.86929298400879,"[0.0, -12.23754882612, 4.6691894523599995]","[0, 0, 0]",0,3,0.0,0.0,4.549,0,0,0,4294967.295,3750000.896,0,47621,0,76.70600128173828,104.10779571533203,0.5969807505607605,0,state.PRE_FLIGHT,671,-51,0,-47,0.0,4549,4551,"[10.6, 0.5, 15.9, 10.4, 15.5, 16.5, 0, 0]","[3.638, 3.639, 3.639]",0.187,"[2.9968000000000004, 3.3120000000000003, 5.0016, 7.3664000000000005, 8.4304, 27.8256]","[0.035625000000000004, 0.635625, -0.0025, 0.0, -0.00625, 0.0]",0,0,29.5,"[1, 1, 1, 1, 1, 1]",93.2130595643777,0.0,0.0,0,0.0
1774904409.9677594,"[0, 0, 0, 0, 0, 0]","[1291, 1500, 1500, 1500]","[-25.08, 0.0, 0.0, 0.0]","[0.0, 0.0, 0.0]",0,4555.0537109375,0,31.88240882873535,"[0.0, -11.19995117004, -10.40649413892]","[0, 0, 0]",0,3,0.0,0.0,4.549,0,0,0,4294967.295,3750000.896,0,47681,0,76.47584533691406,104.13162231445312,0.5969807505607605,0,state.PRE_FLIGHT,672,-51,0,-53,0.0,4549,4555,"[10.6, 0.5, 16.5, 10.4, 17.0, 16.5, 0, 0]","[3.638, 3.639, 3.639]",0.187,"[2.9968000000000004, 3.3120000000000003, 5.0016, 7.3664000000000005, 8.4304, 27.8256]","[0.035625000000000004, 0.635625, -0.0025, 0.0, -0.00625, 0.0]",0,0,29.5,"[1, 1, 1, 1, 1, 1]",93.27312985539281,0.0,0.0,0,0.0
1774904410.030865,"[0, 0, 0, 0, 0, 0]","[1291, 1500, 1500, 1500]","[-25.08, 0.0, 0.0, 0.0]","[0.0, 0.0, 0.0]",0,4557.845703125,0,31.895524673461914,"[0.0, -1.55639648412, -4.82177734296]","[0, 0, 0]",0,3,0.0,0.0,4.555,0,0,0,4294967.295,3750000.896,0,47735,0,76.75310516357422,104.15790557861328,0.5969807505607605,0,state.PRE_FLIGHT,673,-50,0,-47,0.0,4555,4557,"[10.2, 0.5, 16.5, 10.4, 15.9, 17.0, 0, 0]","[3.638, 3.639, 3.639]",0.187,"[2.9968000000000004, 3.3120000000000003, 5.0032000000000005, 7.3696, 8.4544, 27.822400000000002]","[0.036875, 0.241875, -0.000625, -0.001875, -0.00375, 0.00125]",0,0,29.5,"[1, 1, 1, 1, 1, 1]",93.21301966187303,0.0,0.0,0,0.0
1774904410.151396,"[0, 0, 0, 0, 0, 0]","[1291, 1500, 1500, 1500]","[-25.08, 0.0, 0.0, 0.0]","[0.0, 0.0, 0.0]",0,4564.44775390625,0,31.886780776977538,"[0.0, -11.81030273244, 5.24902343664]","[0, 0, 0]",0,3,0.0,0.0,4.561,0,0,0,4294967.295,3750000.896,0,47855,0,76.98680114746094,104.4051742553711,0.5969807505607605,0,state.PRE_FLIGHT,675,-61,0,-57,0.0,4561,4564,"[11.1, 0.5, 16.5, 10.8, 15.9, 17.6, 0, 0]","[3.638, 3.639, 3.639]",0.187,"[2.9968000000000004, 3.3136, 5.0032000000000005, 7.36, 8.459200000000001, 27.8288]","[0.0325, 0.2425, -0.003125, -0.006875, 0.00125, -0.004375]",0,0,29.5,"[1, 1, 1, 1, 1, 1]",93.21130855011877,0.0,0.0,0,0.0
1774904410.1989245,"[0, 0, 0, 0, 0, 0]","[1291, 1500, 1500, 1500]","[-25.08, 0.0, 0.0, 0.0]","[0.0, 0.0, 0.0]",0,4567.69384765625,0,31.891152725219726,"[0.0, -3.75366210876, 6.53076171768]","[0, 0, 0]",0,3,0.0,0.0,4.566,0,0,0,4294967.295,3750000.896,0,47915,0,76.5723648071289,104.6670150756836,0.5969807505607605,0,state.PRE_FLIGHT,676,-44,0,-44,0.0,4566,4567,"[10.6, 0.5, 15.9, 10.8, 15.0, 17.0, 0, 0]","[3.638, 3.639, 3.639]",0.187,"[2.9968000000000004, 3.3104, 5.0032000000000005, 7.3632, 8.4368, 27.8272]","[0.03375, 0.21875, -0.005, -0.003125, -0.00125, -0.000625]",0,0,29.5,"[1, 1, 1, 1, 1, 1]",93.37079882536827,0.0,0.0,0,0.0
1774904410.257935,"[0, 0, 0, 0, 0, 0]","[1291, 1500, 1500, 1500]","[-25.08, 0.0, 0.0, 0.0]","[0.0, 0.0, 0.0]",0,4570.3701171875,0,31.908640518188477,"[0.0, -2.16674804652, -5.55419921784]","[0, 0, 0]",0,3,0.0,0.0,4.566,0,0,0,4294967.295,3750000.896,0,47969,0,76.82119750976562,104.7715835571289,0.5969807505607605,0,state.PRE_FLIGHT,677,-72,0,-45,0.0,4566,4570,"[10.8, 0.5, 15.9, 10.6, 16.5, 17.0, 0, 0]","[3.638, 3.639, 3.639]",0.187,"[2.9968000000000004, 3.3104, 5.0032000000000005, 7.3632, 8.4368, 27.8272]","[0.03375, 0.21875, -0.005, -0.003125, -0.00125, -0.000625]",0,0,29.5,"[1, 1, 1, 1, 1, 1]",93.33247753266726,0.0,0.0,0,0.0
1774904410.317467,"[0, 0, 0, 0, 0, 0]","[1291, 1500, 1500, 1500]","[-25.08, 0.0, 0.0, 0.0]","[0.0, 0.0, 0.0]",0,4573.54931640625,0,31.90426856994629,"[0.0, -6.68334960828, -0.54931640616]","[0, 0, 0]",0,3,0.0,0.0,4.571,0,0,0,4294967.295,3750000.896,0,48029,0,76.78945922851562,104.6305923461914,0.5969807505607605,0,state.PRE_FLIGHT,678,-42,0,-44,0.0,4571,4573,"[10.6, 0.5, 17.6, 10.4, 15.5, 17.0, 0, 0]","[3.638, 3.639, 3.639]",0.187,"[2.9952, 3.3120000000000003, 5.0032000000000005, 7.3664000000000005, 8.4672, 27.8272]","[0.03125, 0.22312500000000002, -0.003125, -0.0025, 0.00125, -0.001875]",0,0,29.5,"[1, 1, 1, 1, 1, 1]",93.30915102181896,0.0,0.0,0,0.0
1774904410.376594,"[0, 0, 0, 0, 0, 0]","[1291, 1500, 1500, 1500]","[-25.08, 0.0, 0.0, 0.0]","[0.0, 0.0, 0.0]",0,4576.69189453125,0,31.908640518188477,"[0.0, 1.3732910154, 11.7492675762]","[0, 0, 0]",0,3,0.0,0.0,4.571,0,0,0,4294967.295,3750000.896,0,48089,0,76.96771240234375,104.65864562988281,0.5969807505607605,0,state.PRE_FLIGHT,679,-38,0,-39,0.0,4571,4576,"[10.4, 0.5, 16.5, 10.6, 15.9, 15.9, 0, 0]","[3.638, 3.639, 3.639]",0.187,"[2.9952, 3.3120000000000003, 5.0032000000000005, 7.3664000000000005, 8.4672, 27.8272]","[0.03125, 0.22312500000000002, -0.003125, -0.0025, 0.00125, -0.001875]",0,0,29.5,"[1, 1, 1, 1, 1, 1]",93.27136051733868,0.0,0.0,0,0.0
1774904410.441587,"[0, 0, 0, 0, 0, 0]","[1291, 1500, 1500, 1500]","[-25.08, 0.0, 0.0, 0.0]","[0.0, 0.0, 0.0]",0,4579.7978515625,0,31.913012466430665,"[0.0, -3.93676757748, 2.25830078088]","[0, 0, 0]",0,3,0.0,0.0,4.577,0,0,0,4294967.295,3750000.896,0,48149,0,76.88716125488281,104.71180725097656,0.5969807505607605,0,state.PRE_FLIGHT,680,-40,0,-40,0.0,4577,4579,"[10.4, 0.5, 17.6, 11.3, 15.0, 16.5, 0, 0]","[3.638, 3.639, 3.639]",0.187,"[2.9984, 3.3136, 5.0032000000000005, 7.364800000000001, 8.4464, 27.824]","[0.035, 0.5025000000000001, -0.00125, -0.00125, 0.0, -0.000625]",0,0,29.5,"[1, 1, 1, 1, 1, 1]",93.30293521322444,0.0,0.0,0,0.0
1774904410.4886487,"[0, 0, 0, 0, 0, 0]","[1291, 1500, 1500, 1500]","[-25.08, 0.0, 0.0, 0.0]","[0.0, 0.0, 0.0]",0,4582.8671875,0,31.895524673461914,"[0.0, -4.1198730462, 2.25830078088]","[0, 0, 0]",0,3,0.0,0.0,4.582,0,0,0,4294967.295,3750000.896,0,48203,0,76.97325134277344,104.85054016113281,0.5969807505607605,0,state.PRE_FLIGHT,681,-41,0,-42,0.0,4582,4582,"[10.2, 0.5, 16.5, 10.4, 15.5, 15.9, 0, 0]","[3.638, 3.639, 3.639]",0.187,"[2.9984, 3.3136, 5.0032000000000005, 7.364800000000001, 8.4464, 27.824]","[0.035, 0.5025000000000001, -0.00125, -0.00125, 0.0, -0.000625]",0,0,29.5,"[1, 1, 1, 1, 1, 1]",93.31188964711514,0.0,0.0,0,0.0
1774904410.550866,"[0, 0, 0, 0, 0, 0]","[1291, 1500, 1500, 1500]","[-25.08, 0.0, 0.0, 0.0]","[0.0, 0.0, 0.0]",0,4585.90283203125,0,31.913012466430665,"[0.0, -4.3029785149199995, 2.99072265576]","[0, 0, 0]",0,3,0.0,0.0,4.582,0,0,0,4294967.295,3750000.896,0,48263,0,77.14200592041016,104.85606384277344,0.5969807505607605,0,state.PRE_FLIGHT,682,-38,0,-40,0.0,4582,4585,"[10.6, 0.5, 15.9, 10.6, 15.5, 17.0, 0, 0]","[3.638, 3.639, 3.639]",0.187,"[2.9984, 3.3120000000000003, 5.0048, 7.3632, 8.443200000000001, 27.832]","[0.03375, 0.586875, 0.0, -0.001875, -0.00625, -0.00125]",0,0,29.5,"[1, 1, 1, 1, 1, 1]",93.27085734537837,0.0,0.0,0,0.0
1774904410.6093986,"[0, 0, 0, 0, 0, 0]","[1291, 1500, 1500, 1500]","[-25.08, 0.0, 0.0, 0.0]","[0.0, 0.0, 0.0]",0,4588.89892578125,0,31.908640518188477,"[0.0, 1.9836425778, -3.32641601508]","[0, 0, 0]",0,3,0.0,0.0,4.587,0,0,0,4294967.295,3750000.896,0,48323,0,77.41941833496094,104.7218017578125,0.5969807505607605,0,state.PRE_FLIGHT,683,-36,0,-37,0.0,4587,4588,"[10.6, 0.5, 16.5, 10.6, 15.5, 15.9, 0, 0]","[3.638, 3.639, 3.639]",0.187,"[2.9984, 3.3120000000000003, 5.0048, 7.3632, 8.443200000000001, 27.832]","[0.03375, 0.586875, 0.0, -0.001875, -0.00625, -0.00125]",0,0,29.5,"[1, 1, 1, 1, 1, 1]",93.1730467857392,0.0,0.0,0,0.0
1774904410.6709375,"[0, 0, 0, 0, 0, 0]","[1291, 1500, 1500, 1500]","[-25.08, 0.0, 0.0, 0.0]","[0.0, 0.0, 0.0]",0,4591.86181640625,0,31.913012466430665,"[0.0, -2.8991699214, -4.63867187424]","[0, 0, 0]",0,3,0.0,0.0,4.587,0,0,0,4294967.295,3750000.896,0,48383,0,77.32938385009766,104.9555892944336,0.5969807505607605,0,state.PRE_FLIGHT,684,-39,0,-38,0.0,4587,4591,"[10.4, 0.5, 16.5, 10.4, 17.0, 16.5, 0, 0]","[3.638, 3.639, 3.639]",0.187,"[2.9968000000000004, 3.3120000000000003, 5.0032000000000005, 7.372800000000001, 8.457600000000001, 27.8288]","[0.034375, 0.60375, 0.004375, -0.000625, -0.01, 0.006875]",0,0,29.5,"[1, 1, 1, 1, 1, 1]",93.24505667959636,0.0,0.0,0,0.0
1774904410.7307441,"[0, 0, 0, 0, 0, 0]","[1291, 1500, 1500, 1500]","[-25.08, 0.0, 0.0, 0.0]","[0.0, 0.0, 0.0]",0,4594.30029296875,0,31.90426856994629,"[0.0, -13.03100585724, 1.70898437472]","[0, 0, 0]",0,3,0.0,0.0,4.592,0,0,0,4294967.295,3750001.152,0,48437,0,77.55271911621094,105.01579284667969,0.5969807505607605,0,state.PRE_FLIGHT,685,-38,0,-40,0.0,4592,4594,"[10.4, 0.5, 17.0, 10.8, 15.9, 16.5, 0, 0]","[3.638, 3.639, 3.639]",0.187,"[2.9968000000000004, 3.3120000000000003, 5.0032000000000005, 7.372800000000001, 8.457600000000001, 27.8288]","[0.034375, 0.60375, 0.004375, -0.000625, -0.01, 0.006875]",0,0,29.5,"[1, 1, 1, 1, 1, 1]",93.20126534823214,0.0,0.0,0,0.0
1774904410.7920296,"[0, 0, 0, 0, 0, 0]","[1291, 1500, 1500, 1500]","[-25.08, 0.0, 0.0, 0.0]","[0.0, 0.0, 0.0]",0,4597.19580078125,0,31.913012466430665,"[0.0, -2.34985351524, -7.81249999872]","[0, 0, 0]",0,3,0.0,0.0,4.597,0,0,0,4294967.295,3750001.152,0,48497,0,77.36016845703125,104.92911529541016,0.5969807505607605,0,state.PRE_FLIGHT,686,-38,0,-38,0.0,4597,4597,"[10.4, 0.5, 16.5, 10.4, 16.5, 15.9, 0, 0]","[3.638, 3.639, 3.639]",0.187,"[2.9952, 3.3136, 5.0048, 7.3616, 8.4464, 27.8304]","[0.03, 0.225, -0.00125, -0.000625, -0.00625, -0.003125]",0,0,29.5,"[1, 1, 1, 1, 1, 1]",93.23168654846934,0.0,0.0,0,0.0
1774904410.841027,"[0, 0, 0, 0, 0, 0]","[1291, 1500, 1500, 1500]","[-25.08, 0.0, 0.0, 0.0]","[0.0, 0.0, 0.0]",0,4600.0546875,0,31.92175636291504,"[0.0, -11.81030273244, -0.73242187488]","[0, 0, 0]",0,3,0.0,0.0,4.597,0,0,0,4294967.295,3750001.152,0,48557,0,77.43034362792969,105.14153289794922,0.5969807505607605,0,state.PRE_FLIGHT,687,-40,0,-39,0.0,4597,4600,"[10.4, 0.5, 16.5, 10.4, 15.5, 17.0, 0, 0]","[3.638, 3.639, 3.639]",0.187,"[2.9952, 3.3136, 5.0048, 7.3616, 8.4464, 27.8304]","[0.03, 0.225, -0.00125, -0.000625, -0.00625, -0.003125]",0,0,29.5,"[1, 1, 1, 1, 1, 1]",93.2587319371126,0.0,0.0,0,0.0
1774904410.9145546,"[0, 0, 0, 0, 0, 0]","[1291, 1500, 1500, 1500]","[-25.08, 0.0, 0.0, 0.0]","[0.0, 0.0, 0.0]",0,4602.87744140625,0,31.917384414672853,"[0.0, -5.09643554604, 6.16455078024]","[0, 0, 0]",0,3,0.0,0.0,4.601,0,0,0,4294967.295,3750001.152,0,48617,0,77.43743133544922,105.09087371826172,0.5969807505607605,0,state.PRE_FLIGHT,688,-41,0,-41,0.0,4601,4602,"[10.4, 0.5, 17.0, 10.4, 15.5, 16.5, 0, 0]","[3.638, 3.639, 3.639]",0.187,"[2.9952, 3.3120000000000003, 5.0016, 7.3632, 8.4512, 27.8256]","[0.0325, 0.245625, -0.00375, -0.0025, -0.00375, -0.00375]",0,0,29.5,"[1, 1, 1, 1, 1, 1]",93.24626746836215,0.0,0.0,0,0.0
1774904410.9605546,"[0, 0, 0, 0, 0, 0]","[1291, 1500, 1500, 1500]","[-25.08, 0.0, 0.0, 0.0]","[0.0, 0.0, 0.0]",0,4605.6630859375,0,31.92612831115723,"[0.0, 0.21362304684, 11.19995117004]","[0, 0, 0]",0,3,0.0,0.0,4.601,0,0,0,4294967.295,3750001.152,0,48671,0,77.67679595947266,105.09784698486328,0.5969807505607605,0,state.PRE_FLIGHT,689,-42,0,-42,0.0,4601,4605,"[10.8, 0.5, 17.0, 10.8, 15.9, 16.5, 0, 0]","[3.638, 3.639, 3.639]",0.187,"[2.9952, 3.3104, 5.0048, 7.3632, 8.4464, 27.8288]","[0.03375, 0.248125, 0.000625, 0.001875, -0.003125, 0.000625]",0,0,29.5,"[1, 1, 1, 1, 1, 1]",93.18675572156782,0.0,0.0,0,0.0
1774904411.0221136,"[0, 0, 0, 0, 0, 0]","[1291, 1500, 1500, 1500]","[-25.08, 0.0, 0.0, 0.0]","[0.0, 0.0, 0.0]",0,4608.41259765625,0,31.92175636291504,"[0.0, -0.21362304684, -0.36621093744]","[0, 0, 0]",0,3,0.0,0.0,4.606,0,0,0,4294967.295,3750001.152,0,48731,0,77.57183837890625,105.11738586425781,0.5969807505607605,0,state.PRE_FLIGHT,690,-41,0,-42,0.0,4606,4608,"[10.6, 0.5, 16.5, 10.6, 15.5, 17.0, 0, 0]","[3.638, 3.639, 3.639]",0.187,"[2.9952, 3.3104, 5.0048, 7.3632, 8.4464, 27.8288]","[0.03375, 0.248125, 0.000625, 0.001875, -0.003125, 0.000625]",0,0,29.5,"[1, 1, 1, 1, 1, 1]",93.21756642368042,0.0,0.0,0,0.0
1774904411.0824182,"[0, 0, 0, 0, 0, 0]","[1291, 1500, 1500, 1500]","[-25.08, 0.0, 0.0, 0.0]","[0.0, 0.0, 0.0]",0,4611.12841796875,0,31.908640518188477,"[0.0, 0.762939453, 10.65063476388]","[0, 0, 0]",0,3,0.0,0.0,4.611,0,0,0,4294967.295,3750001.152,0,48791,0,77.99600982666016,105.3975601196289,0.5969807505607605,0,state.PRE_FLIGHT,691,-43,0,-42,0.0,4611,4611,"[10.4, 0.5, 17.6, 10.8, 17.0, 16.5, 0, 0]","[3.638, 3.639, 3.639]",0.187,"[2.9952, 3.3120000000000003, 5.0032000000000005, 7.3696, 8.4496, 27.8304]","[0.034375, 0.2425, -0.004375, -0.004375, -0.00125, -0.0075]",0,0,29.5,"[1, 1, 1, 1, 1, 1]",93.16558475769723,0.0,0.0,0,0.0
1774904411.1424272,"[0, 0, 0, 0, 0, 0]","[1291, 1500, 1500, 1500]","[-25.08, 0.0, 0.0, 0.0]","[0.0, 0.0, 0.0]",0,4613.8076171875,0,31.943616104125976,"[0.0, -6.1340332021199995, -5.7678222646799995]","[0, 0, 0]",0,3,0.0,0.0,4.611,0,0,0,4294967.295,3750001.152,0,48851,0,78.58378601074219,105.39511108398438,0.5969807505607605,0,state.PRE_FLIGHT,692,-43,0,-45,0.0,4611,4613,"[10.8, 0.5, 16.5, 11.1, 15.9, 17.0, 0, 0]","[3.638, 3.639, 3.639]",0.187,"[2.9952, 3.3120000000000003, 5.0032000000000005, 7.3696, 8.4496, 27.8304]","[0.034375, 0.2425, -0.004375, -0.004375, -0.00125, -0.0075]",0,0,29.5,"[1, 1, 1, 1, 1, 1]",93.01207972754244,0.0,0.0,0,0.0
1774904411.1889474,"[0, 0, 0, 0, 0, 0]","[1291, 1500, 1500, 1500]","[-25.08, 0.0, 0.0, 0.0]","[0.0, 0.0, 0.0]",0,4616.01123046875,0,31.9348722076416,"[0.0, 4.9133300773199995, 7.1105957019599995]","[0, 0, 0]",0,3,0.0,0.0,4.615,0,0,0,4294967.295,3750001.152,0,48905,0,78.63822937011719,105.49773406982422,0.5969807505607605,0,state.PRE_FLIGHT,693,-56,0,-47,0.0,4615,4616,"[10.8, 0.5, 17.0, 10.2, 15.5, 16.5, 0, 0]","[3.638, 3.639, 3.639]",0.187,"[2.9952, 3.3088, 5.0064, 7.3616, 8.4288, 27.8272]","[0.04, 0.6425, 0.00375, -0.0075, -0.0025, -0.005625]",0,0,29.5,"[1, 1, 1, 1, 1, 1]",93.01740522340847,0.0,0.0,0,0.0
1774904411.248959,"[0, 0, 0, 0, 0, 0]","[1291, 1500, 1500, 1500]","[-25.08, 0.0, 0.0, 0.0]","[0.0, 0.0, 0.0]",0,4618.62353515625,0,31.908640518188477,"[0.0, 5.09643554604, -2.77709960892]","[0, 0, 0]",0,3,0.0,0.0,4.615,0,0,0,4294967.295,3750001.152,0,48965,0,78.4719009399414,105.55998229980469,0.5969807505607605,0,state.PRE_FLIGHT,694,-47,0,-57,0.0,4615,4618,"[10.8, 0.5, 17.6, 11.1, 17.0, 16.5, 0, 0]","[3.638, 3.639, 3.639]",0.187,"[2.9952, 3.3088, 5.0064, 7.3616, 8.4288, 27.8272]","[0.04, 0.6425, 0.00375, -0.0075, -0.0025, -0.005625]",0,0,29.5,"[1, 1, 1, 1, 1, 1]",93.07302913856974,0.0,0.0,0,0.0
1774904411.3094912,"[0, 0, 0, 0, 0, 0]","[1291, 1500, 1500, 1500]","[-25.08, 0.0, 0.0, 0.0]","[0.0, 0.0, 0.0]",0,4621.19921875,0,31.92175636291504,"[0.0, 4.5471191398799995, 14.92309570068]","[0, 0, 0]",0,3,0.0,0.0,4.619,0,0,0,4294967.295,3750001.152,0,49025,0,78.77310180664062,105.63383483886719,0.5969807505607605,0,state.PRE_FLIGHT,695,-65,0,-47,0.0,4619,4621,"[10.6, 0.5, 17.0, 10.8, 15.9, 15.9, 0, 0]","[3.638, 3.639, 3.639]",0.187,"[2.9936000000000003, 3.3120000000000003, 5.0016, 7.3616, 8.4544, 27.8256]","[0.036875, 0.62625, -0.003125, -0.00125, 0.0, 0.008125]",0,0,29.5,"[1, 1, 1, 1, 1, 1]",93.0075778511554,0.0,0.0,0,0.0
1774904411.3690238,"[0, 0, 0, 0, 0, 0]","[1291, 1500, 1500, 1500]","[-25.08, 0.0, 0.0, 0.0]","[0.0, 0.0, 0.0]",0,4623.73828125,0,31.913012466430665,"[0.0, -3.75366210876, -10.04028320148]","[0, 0, 0]",0,3,0.0,0.0,4.619,0,0,0,4294967.295,3750001.152,0,49085,0,78.98088073730469,105.90423583984375,0.5969807505607605,0,state.PRE_FLIGHT,696,-57,0,-49,0.0,4619,4623,"[10.6, 0.5, 15.9, 10.6, 15.9, 15.9, 0, 0]","[3.638, 3.639, 3.639]",0.187,"[2.9936000000000003, 3.3120000000000003, 5.0016, 7.3616, 8.4544, 27.8256]","[0.036875, 0.62625, -0.003125, -0.00125, 0.0, 0.008125]",0,0,29.5,"[1, 1, 1, 1, 1, 1]",93.00236686513952,0.0,0.0,0,0.0
1774904411.428021,"[0, 0, 0, 0, 0, 0]","[1291, 1500, 1500, 1500]","[-25.08, 0.0, 0.0, 0.0]","[0.0, 0.0, 0.0]",0,4625.8291015625,0,31.908640518188477,"[0.0, -3.75366210876, -7.99560546744]","[0, 0, 0]",0,3,0.0,0.0,4.624,0,0,0,4294967.295,3750001.152,0,49139,0,79.00424194335938,105.89370727539062,0.5969807505607605,0,state.PRE_FLIGHT,697,-46,0,-47,0.0,4624,4625,"[10.8, 0.5, 16.5, 10.6, 16.5, 17.0, 0, 0]","[3.638, 3.639, 3.639]",0.187,"[2.9952, 3.3136, 5.0032000000000005, 7.3664000000000005, 8.4352, 27.8256]","[0.03375, 0.560625, -0.00375, -0.005, -0.006875, 0.000625]",0,0,29.5,"[1, 1, 1, 1, 1, 1]",92.99414034171514,0.0,0.0,0,0.0
1774904411.489574,"[0, 0, 0, 0, 0, 0]","[1291, 1500, 1500, 1500]","[-25.08, 0.0, 0.0, 0.0]","[0.0, 0.0, 0.0]",0,4628.30078125,0,31.913012466430665,"[0.0, 10.2233886702, 11.93237304492]","[0, 0, 0]",0,3,0.0,0.0,4.627,0,0,0,4294967.295,3750001.152,0,49199,0,79.14735412597656,105.82106018066406,0.5969807505607605,0,state.PRE_FLIGHT,698,-48,0,-50,0.0,4627,4628,"[10.2, 0.5, 17.6, 10.8, 16.5, 15.5, 0, 0]","[3.638, 3.639, 3.639]",0.187,"[2.9952, 3.3136, 5.0032000000000005, 7.3664000000000005, 8.4352, 27.8256]","[0.03375, 0.560625, -0.00375, -0.005, -0.006875, 0.000625]",0,0,29.5,"[1, 1, 1, 1, 1, 1]",92.94243165285276,0.0,0.0,0,0.0
1774904411.5505233,"[0, 0, 0, 0, 0, 0]","[1291, 1500, 1500, 1500]","[-25.08, 0.0, 0.0, 0.0]","[0.0, 0.0, 0.0]",0,4630.7392578125,0,31.930500259399412,"[0.0, 2.16674804652, -3.32641601508]","[0, 0, 0]",0,3,0.0,0.0,4.627,0,0,0,4294967.295,3750001.152,0,49259,0,79.31307220458984,105.7721939086914,0.5969807505607605,0,state.PRE_FLIGHT,699,-49,0,-47,0.0,4627,4630,"[10.4, 0.5, 17.6, 10.4, 16.5, 15.5, 0, 0]","[3.638, 3.639, 3.639]",0.187,"[2.9952, 3.3120000000000003, 5.0048, 7.3664000000000005, 8.464, 27.8288]","[0.033125, 0.239375, -0.0025, 0.0, 0.00375, 0.00375]",0,0,29.5,"[1, 1, 1, 1, 1, 1]",92.88925861844146,0.0,0.0,0,0.0
1774904411.610029,"[0, 0, 0, 0, 0, 0]","[1291, 1500, 1500, 1500]","[-25.08, 0.0, 0.0, 0.0]","[0.0, 0.0, 0.0]",0,4633.14453125,0,31.92175636291504,"[0.0, 2.16674804652, 1.12915039044]","[0, 0, 0]",0,3,0.0,0.0,4.632,0,0,0,4294967.295,3750001.152,0,49319,0,79.53186798095703,105.72457885742188,0.5969807505607605,0,state.PRE_FLIGHT,700,-49,0,-48,0.0,4632,4633,"[10.4, 0.5, 16.5, 10.4, 15.9, 17.0, 0, 0]","[3.638, 3.639, 3.639]",0.187,"[2.9968000000000004, 3.3104, 5.0048, 7.3632, 8.4304, 27.8288]","[0.033125, 0.198125, -0.00375, 0.0, -0.00375, -0.0025]",0,0,29.5,"[1, 1, 1, 1, 1, 1]",92.82238821383957,0.0,0.0,0,0.0
1774904411.6573389,"[0, 0, 0, 0, 0, 0]","[1291, 1500, 1500, 1500]","[-25.08, 0.0, 0.0, 0.0]","[0.0, 0.0, 0.0]",0,4635.509765625,0,31.939244155883788,"[0.0, 2.96020507764, -0.9155273436]","[0, 0, 0]",0,3,0.0,0.0,4.632,0,0,0,4294967.295,3750001.152,0,49373,0,79.63330078125,105.73273468017578,0.5969807505607605,0,state.PRE_FLIGHT,701,-50,0,-51,0.0,4632,4635,"[10.2, 0.5, 17.0, 10.4, 15.9, 16.5, 0, 0]","[3.638, 3.639, 3.639]",0.187,"[2.9968000000000004, 3.3104, 5.0048, 7.3632, 8.4304, 27.8288]","[0.033125, 0.198125, -0.00375, 0.0, -0.00375, -0.0025]",0,0,29.5,"[1, 1, 1, 1, 1, 1]",92.79673352209326,0.0,0.0,0,0.0
1774904411.716513,"[0, 0, 0, 0, 0, 0]","[1291, 1500, 1500, 1500]","[-25.08, 0.0, 0.0, 0.0]","[0.0, 0.0, 0.0]",0,4637.84130859375,0,31.930500259399412,"[0.0, 3.57055664004, 18.28002929388]","[0, 0, 0]",0,3,0.0,0.0,4.636,0,0,0,4294967.295,3750001.152,0,49433,0,79.98274993896484,105.71135711669922,0.5969807505607605,0,state.PRE_FLIGHT,702,-47,0,-50,0.0,4636,4637,"[10.6, 0.5, 17.0, 10.6, 15.9, 17.0, 0, 0]","[3.638, 3.639, 3.639]",0.187,"[2.9968000000000004, 3.3120000000000003, 5.0032000000000005, 7.3616, 8.4528, 27.824]","[0.02875, 0.231875, -0.004375, -0.0025, -0.000625, -0.00375]",0,0,29.5,"[1, 1, 1, 1, 1, 1]",92.69978463901079,0.0,0.0,0,0.0
1774904411.7772827,"[0, 0, 0, 0, 0, 0]","[1291, 1500, 1500, 1500]","[-25.08, 0.0, 0.0, 0.0]","[0.0, 0.0, 0.0]",0,4640.13330078125,0,31.939244155883788,"[0.0, -11.01684570132, 5.7983398428]","[0, 0, 0]",0,3,0.0,0.0,4.64,0,0,0,4294967.295,3750001.152,0,49493,0,79.99739074707031,105.84197998046875,0.5969807505607605,0,state.PRE_FLIGHT,703,-49,0,-50,0.0,4640,4640,"[10.8, 0.5, 17.0, 10.8, 17.0, 16.5, 0, 0]","[3.638, 3.639, 3.639]",0.187,"[2.9968000000000004, 3.3120000000000003, 5.0032000000000005, 7.3616, 8.4528, 27.824]","[0.02875, 0.231875, -0.004375, -0.0025, -0.000625, -0.00375]",0,0,29.5,"[1, 1, 1, 1, 1, 1]",92.71773402299328,0.0,0.0,0,0.0
1774904411.8391411,"[0, 0, 0, 0, 0, 0]","[1291, 1500, 1500, 1500]","[-25.08, 0.0, 0.0, 0.0]","[0.0, 0.0, 0.0]",0,4642.39208984375,0,31.92612831115723,"[0.0, 6.92749023324, -3.69262695252]","[0, 0, 0]",0,3,0.0,0.0,4.64,0,0,0,4294967.295,3750001.152,0,49553,0,79.95436096191406,105.93231201171875,0.5969807505607605,0,state.PRE_FLIGHT,704,-49,0,-47,0.0,4640,4642,"[10.8, 0.5, 17.0, 10.6, 16.5, 15.9, 0, 0]","[3.638, 3.639, 3.639]",0.187,"[2.9952, 3.3120000000000003, 5.0032000000000005, 7.368, 8.432, 27.8304]","[0.035, 0.2575, -0.0025, -0.003125, 0.003125, -0.005625]",0,0,29.5,"[1, 1, 1, 1, 1, 1]",92.74448656670044,0.0,0.0,0,0.0
1774904411.8993878,"[0, 0, 0, 0, 0, 0]","[1291, 1500, 1500, 1500]","[-25.08, 0.0, 0.0, 0.0]","[0.0, 0.0, 0.0]",0,4644.24853515625,0,31.9348722076416,"[0.0, -3.57055664004, -6.68334960828]","[0, 0, 0]",0,3,0.0,0.0,4.643,0,0,0,4294967.295,3750001.152,0,49607,0,80.0396728515625,105.88372802734375,0.5969807505607605,0,state.PRE_FLIGHT,705,-53,0,-50,0.0,4643,4644,"[10.6, 0.5, 17.0, 10.6, 15.9, 15.9, 0, 0]","[3.638, 3.639, 3.639]",0.187,"[2.9952, 3.3120000000000003, 5.0032000000000005, 7.368, 8.432, 27.8304]","[0.035, 0.2575, -0.0025, -0.003125, 0.003125, -0.005625]",0,0,29.5,"[1, 1, 1, 1, 1, 1]",92.71330738895666,0.0,0.0,0,0.0
1774904411.9598053,"[0, 0, 0, 0, 0, 0]","[1291, 1500, 1500, 1500]","[-25.08, 0.0, 0.0, 0.0]","[0.0, 0.0, 0.0]",0,4646.43994140625,0,31.930500259399412,"[0.0, -4.1198730462, -4.45556640552]","[0, 0, 0]",0,3,0.0,0.0,4.643,0,0,0,4294967.295,3750001.152,0,49667,0,79.99846649169922,106.17671966552734,0.5969807505607605,0,state.PRE_FLIGHT,706,-46,0,-47,0.0,4643,4646,"[10.4, 0.5, 17.0, 10.6, 17.0, 16.5, 0, 0]","[3.638, 3.639, 3.639]",0.187,"[2.9968000000000004, 3.3104, 5.0032000000000005, 7.3664000000000005, 8.4304, 27.8256]","[0.038125, 0.26937500000000003, -0.005, 0.0025, -0.00125, 0.000625]",0,0,29.5,"[1, 1, 1, 1, 1, 1]",92.77338969674348,0.0,0.0,0,0.0
1774904412.0205088,"[0, 0, 0, 0, 0, 0]","[1291, 1500, 1500, 1500]","[-25.08, 0.0, 0.0, 0.0]","[0.0, 0.0, 0.0]",0,4648.59765625,0,31.9348722076416,"[0.0, 7.4768066393999995, 6.53076171768]","[0, 0, 0]",0,3,0.0,0.0,4.647,0,0,0,4294967.295,3750001.152,0,49727,0,80.3515396118164,106.0583267211914,0.5969807505607605,0,state.PRE_FLIGHT,707,-47,0,-51,0.0,4647,4648,"[10.6, 0.5, 17.0, 10.8, 15.0, 16.5, 0, 0]","[3.638, 3.639, 3.639]",0.187,"[2.9968000000000004, 3.3104, 5.0032000000000005, 7.3664000000000005, 8.4304, 27.8256]","[0.038125, 0.26937500000000003, -0.005, 0.0025, -0.00125, 0.000625]",0,0,29.5,"[1, 1, 1, 1, 1, 1]",92.65727263304467,0.0,0.0,0,0.0
1774904412.0816083,"[0, 0, 0, 0, 0, 0]","[1291, 1500, 1500, 1500]","[-25.08, 0.0, 0.0, 0.0]","[0.0, 0.0, 0.0]",0,4650.71923828125,0,31.939244155883788,"[0.0, 0.03051757812, -7.44628906128]","[0, 0, 0]",0,3,0.0,0.0,4.647,0,0,0,4294967.295,3750001.152,0,49787,0,80.16476440429688,106.36654663085938,0.5969807505607605,0,state.PRE_FLIGHT,708,-40,0,-42,0.0,4647,4650,"[10.4, 0.5, 16.5, 10.2, 15.9, 17.0, 0, 0]","[3.638, 3.639, 3.639]",0.187,"[2.9968000000000004, 3.3120000000000003, 5.0016, 7.3664000000000005, 8.448, 27.8304]","[0.031875, 0.62875, 0.000625, 0.005625, -0.006875, 0.0]",0,0,29.5,"[1, 1, 1, 1, 1, 1]",92.75886103237492,0.0,0.0,0,0.0
1774904412.128434,"[0, 0, 0, 0, 0, 0]","[1291, 1500, 1500, 1500]","[-25.08, 0.0, 0.0, 0.0]","[0.0, 0.0, 0.0]",0,4652.80712890625,0,31.95236000061035,"[0.0, 0.21362304684, -7.81249999872]","[0, 0, 0]",0,3,0.0,0.0,4.651,0,0,0,4294967.295,3750001.152,0,49841,0,80.37487030029297,106.22225189208984,0.5969807505607605,0,state.PRE_FLIGHT,709,-36,0,-36,0.0,4651,4652,"[10.4, 0.5, 16.5, 11.1, 16.5, 16.5, 0, 0]","[3.638, 3.639, 3.639]",0.187,"[2.9968000000000004, 3.3120000000000003, 5.0016, 7.3664000000000005, 8.448, 27.8304]","[0.031875, 0.62875, 0.000625, 0.005625, -0.006875, 0.0]",0,0,29.5,"[1, 1, 1, 1, 1, 1]",92.67725985812301,0.0,0.0,0,0.0
1774904412.1886976,"[0, 0, 0, 0, 0, 0]","[1291, 1500, 1500, 1500]","[-25.08, 0.0, 0.0, 0.0]","[0.0, 0.0, 0.0]",0,4654.85546875,0,31.947988052368164,"[0.0, 5.340576171, 13.61083984152]","[0, 0, 0]",0,3,0.0,0.0,4.654,0,0,0,4294967.295,3750001.152,0,49901,0,80.69656372070312,106.28877258300781,0.5969807505607605,0,state.PRE_FLIGHT,710,-35,0,-34,0.0,4654,4654,"[10.6, 0.5, 17.0, 10.0, 15.5, 16.5, 0, 0]","[3.638, 3.639, 3.639]",0.187,"[2.9984, 3.3120000000000003, 5.0032000000000005, 7.3664000000000005, 8.4624, 27.8288]","[0.034375, 0.58875, -0.00375, -0.0025, -0.003125, 0.001875]",0,0,29.5,"[1, 1, 1, 1, 1, 1]",92.59885460605824,0.0,0.0,0,0.0
1774904412.2497282,"[0, 0, 0, 0, 0, 0]","[1291, 1500, 1500, 1500]","[-25.08, 0.0, 0.0, 0.0]","[0.0, 0.0, 0.0]",0,4656.8701171875,0,31.939244155883788,"[0.0, 4.9133300773199995, -2.22778320276]","[0, 0, 0]",0,3,0.0,0.0,4.654,0,0,0,4294967.295,3750001.152,0,49961,0,80.5113296508789,106.37969970703125,0.5969807505607605,0,state.PRE_FLIGHT,711,-35,0,-35,0.0,4654,4656,"[10.4, 0.5, 16.5, 10.2, 15.5, 16.5, 0, 0]","[3.638, 3.639, 3.639]",0.187,"[2.9984, 3.3120000000000003, 5.0032000000000005, 7.3664000000000005, 8.4624, 27.8288]","[0.034375, 0.58875, -0.00375, -0.0025, -0.003125, 0.001875]",0,0,29.5,"[1, 1, 1, 1, 1, 1]",92.66456559209122,0.0,0.0,0,0.0
1774904412.3121316,"[0, 0, 0, 0, 0, 0]","[1291, 1500, 1500, 1500]","[-25.08, 0.0, 0.0, 0.0]","[0.0, 0.0, 0.0]",0,4658.8515625,0,31.95236000061035,"[0.0, -1.80053710908, 2.99072265576]","[0, 0, 0]",0,3,0.0,0.0,4.657,0,0,0,4294967.295,3750001.152,0,50021,0,80.73809814453125,106.567626953125,0.5969807505607605,0,state.PRE_FLIGHT,712,-38,0,-36,0.0,4657,4658,"[10.6, 0.5, 17.6, 10.4, 15.5, 16.5, 0, 0]","[3.638, 3.639, 3.639]",0.187,"[2.9968000000000004, 3.3120000000000003, 5.0048, 7.3696, 8.4352, 27.8304]","[0.035, 0.22062500000000002, -0.003125, -0.00375, -0.00125, -0.00375]",0,0,29.5,"[1, 1, 1, 1, 1, 1]",92.63043915234418,0.0,0.0,0,0.0
1774904412.3718839,"[0, 0, 0, 0, 0, 0]","[1291, 1500, 1500, 1500]","[-25.08, 0.0, 0.0, 0.0]","[0.0, 0.0, 0.0]",0,4660.47314453125,0,31.95236000061035,"[0.0, -3.75366210876, -1.46484374976]","[0, 0, 0]",0,3,0.0,0.0,4.657,0,0,0,4294967.295,3750001.152,0,50075,0,80.9070816040039,106.74507904052734,0.5969807505607605,0,state.PRE_FLIGHT,713,-39,0,-38,0.0,4657,4660,"[10.6, 0.5, 16.5, 10.6, 15.5, 15.9, 0, 0]","[3.638, 3.639, 3.639]",0.187,"[2.9968000000000004, 3.3120000000000003, 5.0048, 7.3696, 8.4352, 27.8304]","[0.035, 0.22062500000000002, -0.003125, -0.00375, -0.00125, -0.00375]",0,0,29.5,"[1, 1, 1, 1, 1, 1]",92.60971633531449,0.0,0.0,0,0.0
1774904412.4188702,"[0, 0, 0, 0, 0, 0]","[1291, 1500, 1500, 1500]","[-25.08, 0.0, 0.0, 0.0]","[0.0, 0.0, 0.0]",0,4662.38427734375,0,31.969847793579103,"[0.0, 3.14331054636, -0.9155273436]","[0, 0, 0]",0,3,0.0,0.0,4.661,0,0,0,4294967.295,3750001.152,0,50135,0,80.85613250732422,106.78656005859375,0.5969807505607605,0,state.PRE_FLIGHT,714,-38,0,-38,0.0,4661,4662,"[10.6, 0.5, 17.0, 10.4, 15.5, 16.5, 0, 0]","[3.638, 3.639, 3.639]",0.187,"[2.9968000000000004, 3.3120000000000003, 5.0032000000000005, 7.3632, 8.4496, 27.8272]","[0.0275, 0.25625, -0.0025, -0.005625, -0.0025, -0.003125]",0,0,29.5,"[1, 1, 1, 1, 1, 1]",92.63054346116832,0.0,0.0,0,0.0
1774904412.4914134,"[0, 0, 0, 0, 0, 0]","[1291, 1500, 1500, 1500]","[-25.08, 0.0, 0.0, 0.0]","[0.0, 0.0, 0.0]",0,4664.26171875,0,31.969847793579103,"[0.0, 0.64086914052, 19.77539062176]","[0, 0, 0]",0,3,0.0,0.0,4.664,0,0,0,4294967.295,3750001.152,0,50195,0,81.2525405883789,107.0063247680664,0.5969807505607605,0,state.PRE_FLIGHT,715,-37,0,-37,0.0,4664,4664,"[10.4, 0.5, 15.9, 10.4, 15.9, 15.9, 0, 0]","[3.638, 3.639, 3.639]",0.187,"[2.9968000000000004, 3.3120000000000003, 5.0048, 7.3616, 8.4288, 27.8304]","[0.03375, 0.25, 0.0, -0.0025, -0.006875, -0.000625]",0,0,29.5,"[1, 1, 1, 1, 1, 1]",92.54934673192038,0.0,0.0,0,0.0
1774904412.5391097,"[0, 0, 0, 0, 0, 0]","[1291, 1500, 1500, 1500]","[-25.08, 0.0, 0.0, 0.0]","[0.0, 0.0, 0.0]",0,4666.10595703125,0,31.969847793579103,"[0.0, -7.8430175768399994, -10.2233886702]","[0, 0, 0]",0,3,0.0,0.0,4.664,0,0,0,4294967.295,3750001.152,0,50255,0,81.57052612304688,107.26022338867188,0.5969807505607605,0,state.PRE_FLIGHT,716,-37,0,-37,0.0,4664,4666,"[10.8, 0.5, 17.6, 10.6, 15.5, 16.5, 0, 0]","[3.638, 3.639, 3.639]",0.187,"[2.9968000000000004, 3.3120000000000003, 5.0048, 7.3616, 8.4288, 27.8304]","[0.03375, 0.25, 0.0, -0.0025, -0.006875, -0.000625]",0,0,29.5,"[1, 1, 1, 1, 1, 1]",92.49289930017945,0.0,0.0,0,0.0
1774904412.5996325,"[0, 0, 0, 0, 0, 0]","[1291, 1500, 1500, 1500]","[-25.08, 0.0, 0.0, 0.0]","[0.0, 0.0, 0.0]",0,4667.611328125,0,31.95673194885254,"[0.0, -1.19018554668, 14.37377929452]","[0, 0, 0]",0,3,0.0,0.0,4.667,0,0,0,4294967.295,3750001.152,0,50309,0,81.93042755126953,107.17159271240234,0.5969807505607605,0,state.PRE_FLIGHT,717,-36,0,-35,0.0,4667,4667,"[10.6, 0.5, 16.5, 10.6, 16.5, 16.5, 0, 0]","[3.638, 3.639, 3.639]",0.187,"[2.9952, 3.3136, 5.0048, 7.364800000000001, 8.4528, 27.824]","[0.038125, 0.27375, 0.000625, -0.000625, -0.00375, -0.001875]",0,0,29.5,"[1, 1, 1, 1, 1, 1]",92.37522705046763,0.0,0.0,0,0.0
1774904412.6701715,"[0, 0, 0, 0, 0, 0]","[1291, 1500, 1500, 1500]","[-25.08, 0.0, 0.0, 0.0]","[0.0, 0.0, 0.0]",0,4669.388671875,0,31.965475845336915,"[0.0, -1.00708007796, -2.01416015592]","[0, 0, 0]",0,3,0.0,0.0,4.667,0,0,0,4294967.295,3750001.152,0,50369,0,82.01006317138672,107.27046203613281,0.5969807505607605,0,state.PRE_FLIGHT,718,-37,0,-36,0.0,4667,4669,"[10.4, 0.5, 17.0, 10.8, 15.9, 16.5, 0, 0]","[3.638, 3.639, 3.639]",0.187,"[2.9952, 3.3136, 5.0048, 7.364800000000001, 8.4528, 27.824]","[0.038125, 0.27375, 0.000625, -0.000625, -0.00375, -0.001875]",0,0,29.5,"[1, 1, 1, 1, 1, 1]",92.36506435819368,0.0,0.0,0,0.0
1774904412.7687168,"[0, 0, 0, 0, 0, 0]","[1291, 1500, 1500, 1500]","[-25.08, 0.0, 0.0, 0.0]","[0.0, 0.0, 0.0]",0,4671.12890625,0,31.978591690063478,"[0.0, 0.39672851556, 3.75366210876]","[0, 0, 0]",0,3,0.0,0.0,4.669,0,0,0,4294967.295,3750001.152,0,50429,0,82.32408905029297,107.28572082519531,0.5969807505607605,0,state.PRE_FLIGHT,719,-38,0,-38,0.0,4669,4671,"[10.6, 0.5, 16.5, 10.4, 15.9, 16.5, 0, 0]","[3.638, 3.639, 3.639]",0.187,"[2.9968000000000004, 3.3104, 5.0048, 7.3664000000000005, 8.4288, 27.832]","[0.036875, 0.623125, 0.0, -0.00375, 0.0, 0.000625]",0,0,29.5,"[1, 1, 1, 1, 1, 1]",92.27457747194546,0.0,0.0,0,0.0
1774904412.7897081,"[0, 0, 0, 0, 0, 0]","[1291, 1500, 1500, 1500]","[-25.08, 0.0, 0.0, 0.0]","[0.0, 0.0, 0.0]",0,4672.8359375,0,31.991707534790038,"[0.0, -10.8337402326, -12.268066404239999]","[0, 0, 0]",0,3,0.0,0.0,4.672,0,0,0,4294967.295,3750001.152,0,50489,0,82.16873168945312,107.36811828613281,0.5969807505607605,0,state.PRE_FLIGHT,720,-41,0,-39,0.0,4672,4672,"[10.4, 0.5, 17.6, 10.6, 16.5, 17.0, 0, 0]","[3.638, 3.639, 3.639]",0.187,"[2.9968000000000004, 3.3104, 5.0048, 7.3664000000000005, 8.4288, 27.832]","[0.036875, 0.623125, 0.0, -0.00375, 0.0, 0.000625]",0,0,29.5,"[1, 1, 1, 1, 1, 1]",92.33108114664631,0.0,0.0,0,0.0
1774904412.8378391,"[0, 0, 0, 0, 0, 0]","[1291, 1500, 1500, 1500]","[-25.08, 0.0, 0.0, 0.0]","[0.0, 0.0, 0.0]",0,4674.50634765625,0,31.969847793579103,"[0.0, -0.39672851556, 12.87841796664]","[0, 0, 0]",0,3,0.0,0.0,4.672,0,0,0,4294967.295,3750001.152,0,50543,0,82.2513656616211,107.50079345703125,0.5969807505607605,0,state.PRE_FLIGHT,721,-40,0,-40,0.0,4672,4674,"[10.4, 0.5, 16.5, 10.4, 15.9, 17.6, 0, 0]","[3.638, 3.639, 3.639]",0.187,"[2.992, 3.3136, 5.0016, 7.36, 8.4352, 27.8256]","[0.031875, 0.600625, -0.00125, 0.0025, -0.005625, 0.00375]",0,0,29.5,"[1, 1, 1, 1, 1, 1]",92.3237021037307,0.0,0.0,0,0.0
1774904412.896352,"[0, 0, 0, 0, 0, 0]","[1291, 1500, 1500, 1500]","[-25.08, 0.0, 0.0, 0.0]","[0.0, 0.0, 0.0]",0,4676.14013671875,0,31.97421974182129,"[0.0, -5.09643554604, -9.49096679532]","[0, 0, 0]",0,3,0.0,0.0,4.675,0,0,0,4294967.295,3750001.152,0,50603,0,82.29559326171875,107.58137512207031,0.5969807505607605,0,state.PRE_FLIGHT,722,-38,0,-38,0.0,4675,4676,"[10.8, 0.5, 17.0, 10.6, 15.0, 17.0, 0, 0]","[3.638, 3.639, 3.639]",0.187,"[2.992, 3.3136, 5.0016, 7.36, 8.4352, 27.8256]","[0.031875, 0.600625, -0.00125, 0.0025, -0.005625, 0.00375]",0,0,29.5,"[1, 1, 1, 1, 1, 1]",92.32082105273626,0.0,0.0,0,0.0
1774904412.9513578,"[0, 0, 0, 0, 0, 0]","[1291, 1500, 1500, 1500]","[-25.08, 0.0, 0.0, 0.0]","[0.0, 0.0, 0.0]",0,4677.7373046875,0,31.978591690063478,"[0.0, 5.340576171, -5.55419921784]","[0, 0, 0]",0,3,0.0,0.0,4.675,0,0,0,4294967.295,3750001.152,0,50663,0,82.23545837402344,107.71136474609375,0.5969807505607605,0,state.PRE_FLIGHT,723,-38,0,-37,0.0,4675,4677,"[10.4, 0.5, 16.5, 10.8, 17.0, 15.9, 0, 0]","[3.638, 3.639, 3.639]",0.187,"[2.9968000000000004, 3.3136, 5.0032000000000005, 7.364800000000001, 8.4464, 27.8272]","[0.033125, 0.618125, -0.003125, -0.000625, -0.0075, 0.0025]",0,0,29.5,"[1, 1, 1, 1, 1, 1]",92.35558463299643,0.0,0.0,0,0.0
1774904413.0124238,"[0, 0, 0, 0, 0, 0]","[1291, 1500, 1500, 1500]","[-25.08, 0.0, 0.0, 0.0]","[0.0, 0.0, 0.0]",0,4679.30078125,0,31.97421974182129,"[0.0, -6.31713867084, -9.67407226404]","[0, 0, 0]",0,3,0.0,0.0,4.678,0,0,0,4294967.295,3750001.152,0,50723,0,81.98519134521484,107.84141540527344,0.5969807505607605,0,state.PRE_FLIGHT,724,-35,0,-36,0.0,4678,4679,"[10.4, 0.5, 17.0, 10.6, 15.9, 16.5, 0, 0]","[3.638, 3.639, 3.639]",0.187,"[2.9968000000000004, 3.3136, 5.0032000000000005, 7.364800000000001, 8.4464, 27.8272]","[0.033125, 0.618125, -0.003125, -0.000625, -0.0075, 0.0025]",0,0,29.5,"[1, 1, 1, 1, 1, 1]",92.44834922093276,0.0,0.0,0,0.0
1774904413.0726912,"[0, 0, 0, 0, 0, 0]","[1291, 1500, 1500, 1500]","[-25.08, 0.0, 0.0, 0.0]","[0.0, 0.0, 0.0]",0,4680.57470703125,0,31.97421974182129,"[0.0, -3.57055664004, 5.43212890536]","[0, 0, 0]",0,3,0.0,0.0,4.678,0,0,0,4294967.295,3750001.152,0,50777,0,82.19300842285156,107.85944366455078,0.5969807505607605,0,state.PRE_FLIGHT,725,-34,0,-34,0.0,4678,4680,"[10.4, 0.5, 16.5, 10.4, 16.5, 17.0, 0, 0]","[3.638, 3.639, 3.639]",0.187,"[2.9936000000000003, 3.3104, 5.0032000000000005, 7.368, 8.456000000000001, 27.8256]","[0.036875, 0.241875, -0.00125, -0.0025, -0.000625, -0.00125]",0,0,29.5,"[1, 1, 1, 1, 1, 1]",92.38756036493501,0.0,0.0,0,0.0
1774904413.121681,"[0, 0, 0, 0, 0, 0]","[1291, 1500, 1500, 1500]","[-25.08, 0.0, 0.0, 0.0]","[0.0, 0.0, 0.0]",0,4682.07470703125,0,31.978591690063478,"[0.0, 1.80053710908, -0.73242187488]","[0, 0, 0]",0,3,0.0,0.0,4.681,0,0,0,4294967.295,3750001.152,0,50837,0,82.14781951904297,107.7923355102539,0.5969807505607605,0,state.PRE_FLIGHT,726,-33,0,-32,0.0,4681,4682,"[10.6, 0.5, 16.5, 10.6, 17.0, 17.0, 0, 0]","[3.638, 3.639, 3.639]",0.187,"[2.9968000000000004, 3.3120000000000003, 5.0016, 7.364800000000001, 8.4336, 27.8272]","[0.036875, 0.21125, 0.0025, -0.00375, -0.005, -0.000625]",0,0,29.5,"[1, 1, 1, 1, 1, 1]",92.39256617498647,0.0,0.0,0,0.0
1774904413.1822274,"[0, 0, 0, 0, 0, 0]","[1291, 1500, 1500, 1500]","[-25.08, 0.0, 0.0, 0.0]","[0.0, 0.0, 0.0]",0,4683.53759765625,0,31.978591690063478,"[0.0, 1.55639648412, 0.39672851556]","[0, 0, 0]",0,3,0.0,0.0,4.683,0,0,0,4294967.295,3750001.152,0,50897,0,82.23480224609375,107.91807556152344,0.5969807505607605,0,state.PRE_FLIGHT,727,-34,0,-33,0.0,4683,4683,"[10.4, 0.5, 15.9, 10.8, 15.9, 15.9, 0, 0]","[3.638, 3.639, 3.639]",0.187,"[2.9968000000000004, 3.3120000000000003, 5.0016, 7.364800000000001, 8.4336, 27.8272]","[0.036875, 0.21125, 0.0025, -0.00375, -0.005, -0.000625]",0,0,29.5,"[1, 1, 1, 1, 1, 1]",92.38239559007152,0.0,0.0,0,0.0
1774904413.242218,"[0, 0, 0, 0, 0, 0]","[1291, 1500, 1500, 1500]","[-25.08, 0.0, 0.0, 0.0]","[0.0, 0.0, 0.0]",0,4684.9638671875,0,31.98733558654785,"[0.0, 4.5471191398799995, -2.41088867148]","[0, 0, 0]",0,3,0.0,0.0,4.683,0,0,0,4294967.295,3750001.152,0,50957,0,82.39990234375,107.97119140625,0.5969807505607605,0,state.PRE_FLIGHT,728,-33,0,-33,0.0,4683,4684,"[10.6, 0.5, 16.5, 10.4, 17.0, 17.6, 0, 0]","[3.638, 3.639, 3.639]",0.187,"[2.9952, 3.3088, 5.0048, 7.3616, 8.4608, 27.8256]","[0.030625, 0.23875000000000002, -0.005, -0.001875, -0.00125, -0.00375]",0,0,29.5,"[1, 1, 1, 1, 1, 1]",92.3387035693159,0.0,0.0,0,0.0
1774904413.3023262,"[0, 0, 0, 0, 0, 0]","[1291, 1500, 1500, 1500]","[-25.08, 0.0, 0.0, 0.0]","[0.0, 0.0, 0.0]",0,4686.35400390625,0,32.00045143127441,"[0.0, -15.53344726308, -3.14331054636]","[0, 0, 0]",0,3,0.0,0.0,4.685,0,0,0,4294967.295,3750001.152,0,51011,0,82.83549499511719,108.026611328125,0.5969807505607605,0,state.PRE_FLIGHT,729,-32,0,-32,0.0,4685,4686,"[10.2, 0.5, 17.0, 10.6, 15.5, 16.5, 0, 0]","[3.638, 3.639, 3.639]",0.187,"[2.9952, 3.3088, 5.0048, 7.3616, 8.4608, 27.8256]","[0.030625, 0.23875000000000002, -0.005, -0.001875, -0.00125, -0.00375]",0,0,29.5,"[1, 1, 1, 1, 1, 1]",92.21189434716769,0.0,0.0,0,0.0
1774904413.3623319,"[0, 0, 0, 0, 0, 0]","[1291, 1500, 1500, 1500]","[-25.08, 0.0, 0.0, 0.0]","[0.0, 0.0, 0.0]",0,4687.71044921875,0,31.97421974182129,"[0.0, -15.16723632564, -7.44628906128]","[0, 0, 0]",0,3,0.0,0.0,4.685,0,0,0,4294967.295,3750001.152,0,51071,0,82.88157653808594,108.09130096435547,0.5969807505607605,0,state.PRE_FLIGHT,730,-34,0,-31,0.0,4685,4687,"[10.4, 0.5, 16.5, 10.6, 15.9, 17.0, 0, 0]","[3.638, 3.639, 3.639]",0.187,"[2.9968000000000004, 3.3104, 5.0016, 7.3664000000000005, 8.456000000000001, 27.824]","[0.02875, 0.2475, -0.003125, -0.004375, -0.000625, -0.00375]",0,0,29.5,"[1, 1, 1, 1, 1, 1]",92.20536126185667,0.0,0.0,0,0.0
1774904413.4214568,"[0, 0, 0, 0, 0, 0]","[1291, 1500, 1500, 1500]","[-25.08, 0.0, 0.0, 0.0]","[0.0, 0.0, 0.0]",0,4689.0302734375,0,32.00045143127441,"[0.0, 5.5236816397199995, 3.17382812448]","[0, 0, 0]",0,3,0.0,0.0,4.688,0,0,0,4294967.295,3750001.152,0,51131,0,83.05799102783203,108.1443862915039,0.5969807505607605,0,state.PRE_FLIGHT,731,-32,0,-32,0.0,4688,4689,"[10.4, 0.5, 15.9, 10.6, 15.9, 15.9, 0, 0]","[3.638, 3.639, 3.639]",0.187,"[2.9968000000000004, 3.3104, 5.0016, 7.3664000000000005, 8.456000000000001, 27.824]","[0.02875, 0.2475, -0.003125, -0.004375, -0.000625, -0.00375]",0,0,29.5,"[1, 1, 1, 1, 1, 1]",92.15705380694688,0.0,0.0,0,0.0
1774904413.4827383,"[0, 0, 0, 0, 0, 0]","[1291, 1500, 1500, 1500]","[-25.08, 0.0, 0.0, 0.0]","[0.0, 0.0, 0.0]",0,4690.31640625,0,31.991707534790038,"[0.0, -0.57983398428, -2.41088867148]","[0, 0, 0]",0,3,0.0,0.0,4.69,0,0,0,4294967.295,3750001.152,0,51191,0,82.86540985107422,108.22496032714844,0.5969807505607605,0,state.PRE_FLIGHT,732,-32,0,-32,0.0,4690,4690,"[10.6, 0.5, 15.9, 11.1, 15.5, 17.0, 0, 0]","[3.638, 3.639, 3.639]",0.187,"[2.9968000000000004, 3.3120000000000003, 5.0032000000000005, 7.3664000000000005, 8.4496, 27.8272]","[0.03375, 0.5906250000000001, 0.0, -0.00125, -0.005, 0.005625]",0,0,29.5,"[1, 1, 1, 1, 1, 1]",92.22613213739709,0.0,0.0,0,0.0
1774904413.5302715,"[0, 0, 0, 0, 0, 0]","[1291, 1500, 1500, 1500]","[-25.08, 0.0, 0.0, 0.0]","[0.0, 0.0, 0.0]",0,4691.36181640625,0,31.996079483032226,"[0.0, -9.79614257652, -8.91113281104]","[0, 0, 0]",0,3,0.0,0.0,4.69,0,0,0,4294967.295,3750001.152,0,51245,0,83.11212158203125,108.35393524169922,0.5969807505607605,0,state.PRE_FLIGHT,733,-32,0,-32,0.0,4690,4691,"[10.6, 0.5, 15.9, 10.8, 15.0, 17.0, 0, 0]","[3.638, 3.639, 3.639]",0.187,"[2.9968000000000004, 3.3120000000000003, 5.0032000000000005, 7.3664000000000005, 8.4496, 27.8272]","[0.03375, 0.5906250000000001, 0.0, -0.00125, -0.005, 0.005625]",0,0,29.5,"[1, 1, 1, 1, 1, 1]",92.16419110866875,0.0,0.0,0,0.0
1774904413.5915167,"[0, 0, 0, 0, 0, 0]","[1291, 1500, 1500, 1500]","[-25.08, 0.0, 0.0, 0.0]","[0.0, 0.0, 0.0]",0,4692.5810546875,0,31.98733558654785,"[0.0, 9.42993163908, 10.65063476388]","[0, 0, 0]",0,3,0.0,0.0,4.692,0,0,0,4294967.295,3750001.152,0,51305,0,83.08927917480469,108.1963882446289,0.5969807505607605,0,state.PRE_FLIGHT,734,-32,0,-32,0.0,4692,4692,"[10.8, 0.5, 17.0, 10.4, 16.5, 16.5, 0, 0]","[3.638, 3.639, 3.639]",0.187,"[2.9968000000000004, 3.3104, 5.0016, 7.356800000000001, 8.427200000000001, 27.8272]","[0.036875, 0.624375, 0.0025, -0.00125, -0.00125, 0.00125]",0,0,29.5,"[1, 1, 1, 1, 1, 1]",92.15332374490782,0.0,0.0,0,0.0
1774904413.650545,"[0, 0, 0, 0, 0, 0]","[1291, 1500, 1500, 1500]","[-25.08, 0.0, 0.0, 0.0]","[0.0, 0.0, 0.0]",0,4693.7666015625,0,32.00919532775879,"[0.0, -9.06372070164, -7.44628906128]","[0, 0, 0]",0,3,0.0,0.0,4.692,0,0,0,4294967.295,3750001.152,0,51365,0,83.17076110839844,108.17503356933594,0.5969807505607605,0,state.PRE_FLIGHT,735,-32,0,-32,0.0,4692,4693,"[10.8, 0.5, 16.5, 10.6, 15.9, 17.6, 0, 0]","[3.638, 3.639, 3.639]",0.187,"[2.9968000000000004, 3.3104, 5.0016, 7.356800000000001, 8.427200000000001, 27.8272]","[0.036875, 0.624375, 0.0025, -0.00125, -0.00125, 0.00125]",0,0,29.5,"[1, 1, 1, 1, 1, 1]",92.1256298969277,0.0,0.0,0,0.0
1774904413.7136712,"[0, 0, 0, 0, 0, 0]","[1291, 1500, 1500, 1500]","[-25.08, 0.0, 0.0, 0.0]","[0.0, 0.0, 0.0]",0,4694.916015625,0,31.996079483032226,"[0.0, 5.8898925771599995, 5.24902343664]","[0, 0, 0]",0,3,0.0,0.0,4.694,0,0,0,4294967.295,3750001.152,0,51425,0,83.1719970703125,108.33674621582031,0.5969807505607605,0,state.PRE_FLIGHT,736,-32,0,-32,0.0,4694,4694,"[10.4, 0.5, 16.5, 10.6, 15.5, 16.5, 0, 0]","[3.638, 3.639, 3.639]",0.187,"[2.9952, 3.3136, 5.0032000000000005, 7.3664000000000005, 8.432, 27.8256]","[0.035, 0.33, -0.00125, 0.001875, -0.00875, 0.0]",0,0,29.5,"[1, 1, 1, 1, 1, 1]",92.14351771403678,0.0,0.0,0,0.0
1774904413.7762303,"[0, 0, 0, 0, 0, 0]","[1291, 1500, 1500, 1500]","[-25.08, 0.0, 0.0, 0.0]","[0.0, 0.0, 0.0]",0,4695.845703125,0,31.996079483032226,"[0.0, 11.81030273244, -5.37109374912]","[0, 0, 0]",0,3,0.0,0.0,4.694,0,0,0,4294967.295,3750001.152,0,51479,0,83.15662384033203,108.5396957397461,0.5969807505607605,0,state.PRE_FLIGHT,737,-32,0,-31,0.0,4694,4695,"[10.4, 0.5, 17.6, 10.8, 15.0, 17.0, 0, 0]","[3.638, 3.639, 3.639]",0.187,"[2.9952, 3.3136, 5.0032000000000005, 7.3664000000000005, 8.432, 27.8256]","[0.035, 0.33, -0.00125, 0.001875, -0.00875, 0.0]",0,0,29.5,"[1, 1, 1, 1, 1, 1]",92.17128061802033,0.0,0.0,0,0.0
1774904413.8232167,"[0, 0, 0, 0, 0, 0]","[1291, 1500, 1500, 1500]","[-25.08, 0.0, 0.0, 0.0]","[0.0, 0.0, 0.0]",0,4696.9306640625,0,31.98733558654785,"[0.0, -7.4768066393999995, 20.50781249664]","[0, 0, 0]",0,3,0.0,0.0,4.696,0,0,0,4294967.295,3750001.152,0,51539,0,83.44473266601562,108.82901000976562,0.5969807505607605,0,state.PRE_FLIGHT,738,-32,0,-31,0.0,4696,4696,"[10.4, 0.5, 16.5, 10.6, 16.5, 15.9, 0, 0]","[3.638, 3.639, 3.639]",0.187,"[2.9952, 3.3120000000000003, 5.0016, 7.368, 8.4624, 27.8288]","[0.03625, 0.24, -0.006875, 0.0025, -0.000625, -0.00375]",0,0,29.5,"[1, 1, 1, 1, 1, 1]",92.11154480127082,0.0,0.0,0,0.0
1774904413.8837442,"[0, 0, 0, 0, 0, 0]","[1291, 1500, 1500, 1500]","[-25.08, 0.0, 0.0, 0.0]","[0.0, 0.0, 0.0]",0,4697.97900390625,0,32.00045143127441,"[0.0, 1.9836425778, 11.01684570132]","[0, 0, 0]",0,3,0.0,0.0,4.697,0,0,0,4294967.295,3750001.152,0,51599,0,83.17584991455078,108.74784851074219,0.5969807505607605,0,state.PRE_FLIGHT,739,-30,0,-30,0.0,4697,4697,"[10.6, 0.5, 17.6, 10.6, 15.0, 17.6, 0, 0]","[3.638, 3.639, 3.639]",0.187,"[2.9952, 3.3120000000000003, 5.0032000000000005, 7.368, 8.4352, 27.8256]","[0.035, 0.22125, -0.0025, -0.003125, -0.000625, -0.003125]",0,0,29.5,"[1, 1, 1, 1, 1, 1]",92.18865880059406,0.0,0.0,0,0.0
1774904413.945751,"[0, 0, 0, 0, 0, 0]","[1291, 1500, 1500, 1500]","[-25.08, 0.0, 0.0, 0.0]","[0.0, 0.0, 0.0]",0,4698.994140625,0,32.00045143127441,"[0.0, 0.03051757812, 5.61523437408]","[0, 0, 0]",0,3,0.0,0.0,4.697,0,0,0,4294967.295,3750001.152,0,51659,0,83.33364868164062,108.73015594482422,0.5969807505607605,0,state.PRE_FLIGHT,740,-30,0,-30,0.0,4697,4698,"[10.8, 0.5, 16.5, 10.4, 15.9, 17.6, 0, 0]","[3.638, 3.639, 3.639]",0.187,"[2.9952, 3.3120000000000003, 5.0032000000000005, 7.368, 8.4352, 27.8256]","[0.035, 0.22125, -0.0025, -0.003125, -0.000625, -0.003125]",0,0,29.5,"[1, 1, 1, 1, 1, 1]",92.13631043582015,0.0,0.0,0,0.0
1774904414.008334,"[0, 0, 0, 0, 0, 0]","[1291, 1500, 1500, 1500]","[-25.08, 0.0, 0.0, 0.0]","[0.0, 0.0, 0.0]",0,4699.97265625,0,31.991707534790038,"[0.0, -7.90405273308, 9.52148437344]","[0, 0, 0]",0,3,0.0,0.0,4.699,0,0,0,4294967.295,3750001.152,0,51713,0,83.26454162597656,108.70735931396484,0.5969807505607605,0,state.PRE_FLIGHT,741,-29,0,-29,0.0,4699,4699,"[10.6, 0.5, 17.0, 10.6, 16.5, 16.5, 0, 0]","[3.638, 3.639, 3.639]",0.187,"[2.9952, 3.3104, 5.0048, 7.3616, 8.464, 27.8256]","[0.033125, 0.24, -0.00375, -0.003125, -0.000625, -0.005]",0,0,29.5,"[1, 1, 1, 1, 1, 1]",92.15583131835521,0.0,0.0,0,0.0
1774904414.0679364,"[0, 0, 0, 0, 0, 0]","[1291, 1500, 1500, 1500]","[-25.08, 0.0, 0.0, 0.0]","[0.0, 0.0, 0.0]",0,4700.91748046875,0,31.98733558654785,"[0.0, -2.53295898396, 1.89208984344]","[0, 0, 0]",0,3,0.0,0.0,4.699,0,0,0,4294967.295,3750001.152,0,51773,0,83.42018127441406,108.88802337646484,0.5969807505607605,0,state.PRE_FLIGHT,742,-29,0,-28,0.0,4699,4700,"[10.8, 0.5, 17.0, 10.4, 17.0, 17.0, 0, 0]","[3.638, 3.639, 3.639]",0.187,"[2.9952, 3.3104, 5.0048, 7.3616, 8.464, 27.8256]","[0.033125, 0.24, -0.00375, -0.003125, -0.000625, -0.005]",0,0,29.5,"[1, 1, 1, 1, 1, 1]",92.12582558593111,0.0,0.0,0,0.0
1774904414.1289384,"[0, 0, 0, 0, 0, 0]","[1291, 1500, 1500, 1500]","[-25.08, 0.0, 0.0, 0.0]","[0.0, 0.0, 0.0]",0,4701.82568359375,0,32.0048233795166,"[0.0, 1.61743164036, -7.44628906128]","[0, 0, 0]",0,3,0.0,0.0,4.701,0,0,0,4294967.295,3750001.152,0,51833,0,83.3356704711914,108.97591400146484,0.5969807505607605,0,state.PRE_FLIGHT,743,-29,0,-28,0.0,4701,4701,"[10.6, 0.5, 16.5, 10.6, 15.5, 17.6, 0, 0]","[3.638, 3.639, 3.639]",0.187,"[2.9952, 3.3136, 5.0048, 7.364800000000001, 8.473600000000001, 27.820800000000002]","[0.034375, 0.2525, -0.004375, -0.0025, -0.003125, -0.00125]",0,0,29.5,"[1, 1, 1, 1, 1, 1]",92.16267482070985,0.0,0.0,0,0.0
1774904414.2161222,"[0, 0, 0, 0, 0, 0]","[1291, 1500, 1500, 1500]","[-25.08, 0.0, 0.0, 0.0]","[0.0, 0.0, 0.0]",0,4702.69775390625,0,31.98733558654785,"[0.0, -2.5939941402, -2.96020507764]","[0, 0, 0]",0,3,0.0,0.0,4.702,0,0,0,4294967.295,3750001.152,0,51893,0,83.45777893066406,109.0882339477539,0.5969807505607605,0,state.PRE_FLIGHT,744,-30,0,-29,0.0,4702,4702,"[10.4, 0.5, 16.5, 10.4, 16.5, 15.9, 0, 0]","[3.638, 3.639, 3.639]",0.187,"[2.9952, 3.3136, 5.0048, 7.364800000000001, 8.473600000000001, 27.820800000000002]","[0.034375, 0.2525, -0.004375, -0.0025, -0.003125, -0.00125]",0,0,29.5,"[1, 1, 1, 1, 1, 1]",92.13531056313431,0.0,0.0,0,0.0
1774904414.2351112,"[0, 0, 0, 0, 0, 0]","[1291, 1500, 1500, 1500]","[-25.08, 0.0, 0.0, 0.0]","[0.0, 0.0, 0.0]",0,4703.3984375,0,31.978591690063478,"[0.0, 1.55639648412, 12.512207029199999]","[0, 0, 0]",0,3,0.0,0.0,4.702,0,0,0,4294967.295,3750001.152,0,51947,0,83.6972885131836,109.1197509765625,0.5969807505607605,0,state.PRE_FLIGHT,745,-30,0,-30,0.0,4702,4703,"[10.4, 0.5, 16.5, 10.4, 15.5, 16.5, 0, 0]","[3.638, 3.639, 3.639]",0.187,"[2.9952, 3.3104, 5.0064, 7.364800000000001, 8.441600000000001, 27.8288]","[0.038125, 0.610625, -0.004375, 0.0, -0.0075, -0.00375]",0,0,29.5,"[1, 1, 1, 1, 1, 1]",92.06069624129371,0.0,0.0,0,0.0
1774904414.2943158,"[0, 0, 0, 0, 0, 0]","[1291, 1500, 1500, 1500]","[-25.08, 0.0, 0.0, 0.0]","[0.0, 0.0, 0.0]",0,4704.20947265625,0,32.0048233795166,"[0.0, -6.8664550769999995, -17.48657226276]","[0, 0, 0]",0,3,0.0,0.0,4.704,0,0,0,4294967.295,3750001.152,0,52007,0,83.98715209960938,109.227783203125,0.5969807505607605,0,state.PRE_FLIGHT,746,-31,0,-30,0.0,4704,4704,"[10.6, 0.5, 17.0, 10.4, 15.0, 16.5, 0, 0]","[3.638, 3.639, 3.639]",0.187,"[2.9952, 3.3104, 5.0064, 7.364800000000001, 8.441600000000001, 27.8288]","[0.038125, 0.610625, -0.004375, 0.0, -0.0075, -0.00375]",0,0,29.5,"[1, 1, 1, 1, 1, 1]",91.97693794146082,0.0,0.0,0,0.0
1774904414.3543305,"[0, 0, 0, 0, 0, 0]","[1291, 1500, 1500, 1500]","[-25.08, 0.0, 0.0, 0.0]","[0.0, 0.0, 0.0]",0,4704.98046875,0,31.98733558654785,"[0.0, 6.07299804588, 5.43212890536]","[0, 0, 0]",0,3,0.0,0.0,4.704,0,0,0,4294967.295,3750001.152,0,52067,0,83.71280670166016,109.0880126953125,0.5969807505607605,0,state.PRE_FLIGHT,747,-31,0,-30,0.0,4704,4704,"[10.8, 0.5, 16.5, 10.8, 15.9, 16.5, 0, 0]","[3.638, 3.639, 3.639]",0.187,"[2.9952, 3.3136, 5.0032000000000005, 7.3632, 8.459200000000001, 27.8256]","[0.028125, 0.594375, -0.0025, 0.000625, -0.003125, -0.00375]",0,0,29.5,"[1, 1, 1, 1, 1, 1]",92.05235432393354,0.0,0.0,0,0.0
1774904414.4145243,"[0, 0, 0, 0, 0, 0]","[1291, 1500, 1500, 1500]","[-25.08, 0.0, 0.0, 0.0]","[0.0, 0.0, 0.0]",0,4705.72119140625,0,31.982963638305662,"[0.0, -3.38745117132, 0.94604492172]","[0, 0, 0]",0,3,0.0,0.0,4.705,0,0,0,4294967.295,3750001.152,0,52127,0,83.7140121459961,109.066650390625,0.5969807505607605,0,state.PRE_FLIGHT,748,-32,0,-31,0.0,4705,4705,"[10.4, 0.5, 16.5, 10.6, 15.5, 17.0, 0, 0]","[3.638, 3.639, 3.639]",0.187,"[2.9952, 3.3136, 5.0032000000000005, 7.3632, 8.459200000000001, 27.8256]","[0.028125, 0.594375, -0.0025, 0.000625, -0.003125, -0.00375]",0,0,29.5,"[1, 1, 1, 1, 1, 1]",92.04975029759211,0.0,0.0,0,0.0
1774904414.4758518,"[0, 0, 0, 0, 0, 0]","[1291, 1500, 1500, 1500]","[-25.08, 0.0, 0.0, 0.0]","[0.0, 0.0, 0.0]",0,4706.42236328125,0,31.991707534790038,"[0.0, -1.3732910154, 5.7983398428]","[0, 0, 0]",0,3,0.0,0.0,4.705,0,0,0,4294967.295,3750001.152,0,52181,0,84.18297576904297,109.03617095947266,0.5969807505607605,0,state.PRE_FLIGHT,749,-32,0,-32,0.0,4705,4706,"[10.2, 0.5, 15.5, 10.2, 16.5, 17.0, 0, 0]","[3.638, 3.639, 3.639]",0.187,"[2.9968000000000004, 3.3104, 5.0048, 7.3616, 8.443200000000001, 27.8256]","[0.033125, 0.23625000000000002, -0.000625, -0.0025, -0.003125, 0.0025]",0,0,29.5,"[1, 1, 1, 1, 1, 1]",91.89439706843478,0.0,0.0,0,0.0
1774904414.5303893,"[0, 0, 0, 0, 0, 0]","[1291, 1500, 1500, 1500]","[-25.08, 0.0, 0.0, 0.0]","[0.0, 0.0, 0.0]",0,4707.08984375,0,31.978591690063478,"[0.0, 3.57055664004, -7.99560546744]","[0, 0, 0]",0,3,0.0,0.0,4.706,0,0,0,4294967.295,3750001.152,0,52241,0,84.37980651855469,108.97880554199219,0.5969807505607605,0,state.PRE_FLIGHT,750,-33,0,-32,0.0,4706,4707,"[10.6, 0.5, 17.0, 10.8, 15.9, 16.5, 0, 0]","[3.638, 3.639, 3.639]",0.187,"[2.9968000000000004, 3.3104, 5.0048, 7.3616, 8.443200000000001, 27.8256]","[0.033125, 0.23625000000000002, -0.000625, -0.0025, -0.003125, 0.0025]",0,0,29.5,"[1, 1, 1, 1, 1, 1]",91.82516914281946,0.0,0.0,0,0.0
1774904414.5906959,"[0, 0, 0, 0, 0, 0]","[1291, 1500, 1500, 1500]","[-25.08, 0.0, 0.0, 0.0]","[0.0, 0.0, 0.0]",0,4707.7236328125,0,31.97421974182129,"[0.0, -2.41088867148, -5.9509277334]","[0, 0, 0]",0,3,0.0,0.0,4.707,0,0,0,4294967.295,3750001.152,0,52301,0,84.63613891601562,109.09107971191406,0.5969807505607605,0,state.PRE_FLIGHT,751,-36,0,-36,0.0,4707,4707,"[10.8, 0.5, 16.5, 10.8, 15.9, 17.6, 0, 0]","[3.638, 3.639, 3.639]",0.187,"[2.9952, 3.3104, 5.0048, 7.368, 8.4368, 27.8272]","[0.03125, 0.240625, -0.000625, -0.0025, -0.00375, -0.00125]",0,0,29.5,"[1, 1, 1, 1, 1, 1]",91.75207380421665,0.0,0.0,0,0.0
1774904414.6477027,"[0, 0, 0, 0, 0, 0]","[1291, 1500, 1500, 1500]","[-25.08, 0.0, 0.0, 0.0]","[0.0, 0.0, 0.0]",0,4708.3212890625,0,31.991707534790038,"[0.0, 3.32641601508, -11.71874999808]","[0, 0, 0]",0,3,0.0,0.0,4.707,0,0,0,4294967.295,3750001.152,0,52361,0,84.74173736572266,109.139892578125,0.5969807505607605,0,state.PRE_FLIGHT,752,-32,0,-34,0.0,4707,4708,"[10.8, 0.5, 16.5, 10.4, 16.5, 15.9, 0, 0]","[3.638, 3.639, 3.639]",0.187,"[2.9968000000000004, 3.3120000000000003, 5.0032000000000005, 7.3632, 8.4672, 27.824]","[0.03125, 0.228125, -0.0025, -0.0025, -0.00125, -0.005]",0,0,29.5,"[1, 1, 1, 1, 1, 1]",91.72189685402131,0.0,0.0,0,0.0
1774904414.7028606,"[0, 0, 0, 0, 0, 0]","[1291, 1500, 1500, 1500]","[-25.08, 0.0, 0.0, 0.0]","[0.0, 0.0, 0.0]",0,4708.79345703125,0,31.996079483032226,"[0.0, -2.53295898396, -0.73242187488]","[0, 0, 0]",0,3,0.0,0.0,4.708,0,0,0,4294967.295,3750001.152,0,52415,0,84.69721221923828,109.26945495605469,0.5969807505607605,0,state.PRE_FLIGHT,753,-32,0,-32,0.0,4708,4708,"[10.6, 0.5, 15.9, 10.8, 15.5, 17.6, 0, 0]","[3.638, 3.639, 3.639]",0.187,"[2.9968000000000004, 3.3120000000000003, 5.0032000000000005, 7.3632, 8.4672, 27.824]","[0.03125, 0.228125, -0.0025, -0.0025, -0.00125, -0.005]",0,0,29.5,"[1, 1, 1, 1, 1, 1]",91.74775313180055,0.0,0.0,0,0.0
1774904414.763871,"[0, 0, 0, 0, 0, 0]","[1291, 1500, 1500, 1500]","[-25.08, 0.0, 0.0, 0.0]","[0.0, 0.0, 0.0]",0,4709.3271484375,0,31.98733558654785,"[0.0, 1.80053710908, 20.69091796536]","[0, 0, 0]",0,3,0.0,0.0,4.708,0,0,0,4294967.295,3750001.152,0,52475,0,84.91815185546875,109.39336395263672,0.5969807505607605,0,state.PRE_FLIGHT,754,-40,0,-39,0.0,4708,4709,"[10.2, 0.5, 17.0, 10.4, 15.9, 15.9, 0, 0]","[3.638, 3.639, 3.639]",0.187,"[2.9968000000000004, 3.3120000000000003, 5.0016, 7.3616, 8.443200000000001, 27.8288]","[0.0325, 0.22125, -0.003125, 0.00375, -0.003125, 0.000625]",0,0,29.5,"[1, 1, 1, 1, 1, 1]",91.68546874809965,0.0,0.0,0,0.0
1774904414.8245912,"[0, 0, 0, 0, 0, 0]","[1291, 1500, 1500, 1500]","[-25.08, 0.0, 0.0, 0.0]","[0.0, 0.0, 0.0]",0,4709.82373046875,0,31.98733558654785,"[0.0, -14.00756835708, -0.1525878906]","[0, 0, 0]",0,3,0.0,0.0,4.709,0,0,0,4294967.295,3750001.152,0,52535,0,84.98501586914062,109.73029327392578,0.5969807505607605,0,state.PRE_FLIGHT,755,-32,0,-34,0.0,4709,4709,"[10.6, 0.5, 16.5, 10.8, 15.9, 16.5, 0, 0]","[3.638, 3.639, 3.639]",0.187,"[2.9968000000000004, 3.3120000000000003, 5.0016, 7.3616, 8.443200000000001, 27.8288]","[0.0325, 0.22125, -0.003125, 0.00375, -0.003125, 0.000625]",0,0,29.5,"[1, 1, 1, 1, 1, 1]",91.69110805700349,0.0,0.0,0,0.0
1774904414.8861268,"[0, 0, 0, 0, 0, 0]","[1291, 1500, 1500, 1500]","[-25.08, 0.0, 0.0, 0.0]","[0.0, 0.0, 0.0]",0,4710.287109375,0,32.0048233795166,"[0.0, -3.32641601508, 9.70458984216]","[0, 0, 0]",0,3,0.0,0.0,4.71,0,0,0,4294967.295,3750001.152,0,52595,0,85.04541778564453,109.89326477050781,0.5969807505607605,0,state.PRE_FLIGHT,756,-30,0,-30,0.0,4710,4710,"[10.6, 0.5, 16.5, 10.8, 15.9, 15.9, 0, 0]","[3.638, 3.639, 3.639]",0.187,"[2.9968000000000004, 3.3104, 5.0016, 7.3632, 8.4496, 27.8288]","[0.03125, 0.27875, -0.0025, -0.006875, 0.000625, -0.00625]",0,0,29.5,"[1, 1, 1, 1, 1, 1]",91.68403295272903,0.0,0.0,0,0.0
1774904414.9381266,"[0, 0, 0, 0, 0, 0]","[1291, 1500, 1500, 1500]","[-25.08, 0.0, 0.0, 0.0]","[0.0, 0.0, 0.0]",0,4710.64697265625,0,31.98733558654785,"[0.0, 1.55639648412, -5.9509277334]","[0, 0, 0]",0,3,0.0,0.0,4.71,0,0,0,4294967.295,3750001.152,0,52649,0,85.12152862548828,109.82332611083984,0.5969807505607605,0,state.PRE_FLIGHT,757,-29,0,-29,0.0,4710,4710,"[10.6, 0.5, 17.0, 10.4, 15.5, 17.0, 0, 0]","[3.638, 3.639, 3.639]",0.187,"[2.9968000000000004, 3.3104, 5.0016, 7.3632, 8.4496, 27.8288]","[0.03125, 0.27875, -0.0025, -0.006875, 0.000625, -0.00625]",0,0,29.5,"[1, 1, 1, 1, 1, 1]",91.65262268698137,0.0,0.0,0,0.0
1774904414.993649,"[0, 0, 0, 0, 0, 0]","[1291, 1500, 1500, 1500]","[-25.08, 0.0, 0.0, 0.0]","[0.0, 0.0, 0.0]",0,4711.0458984375,0,32.0048233795166,"[0.0, -6.5002441395599995, -2.41088867148]","[0, 0, 0]",0,3,0.0,0.0,4.71,0,0,0,4294967.295,3750001.152,0,52709,0,85.212158203125,110.0418472290039,0.5969807505607605,0,state.PRE_FLIGHT,758,-28,0,-28,0.0,4710,4711,"[10.6, 0.5, 16.5, 10.4, 15.9, 17.0, 0, 0]","[3.638, 3.639, 3.639]",0.187,"[2.9952, 3.3120000000000003, 5.0048, 7.3632, 8.448, 27.8272]","[0.033125, 0.618125, 0.001875, 0.000625, -0.005, 0.004375]",0,0,29.5,"[1, 1, 1, 1, 1, 1]",91.63913855147102,0.0,0.0,0,0.0
1774904415.0544608,"[0, 0, 0, 0, 0, 0]","[1291, 1500, 1500, 1500]","[-25.08, 0.0, 0.0, 0.0]","[0.0, 0.0, 0.0]",0,4711.41162109375,0,32.00919532775879,"[0.0, 5.70678710844, 5.24902343664]","[0, 0, 0]",0,3,0.0,0.0,4.71,0,0,0,4294967.295,3750001.152,0,52769,0,85.18927764892578,110.11874389648438,0.5969807505607605,0,state.PRE_FLIGHT,759,-28,0,-27,0.0,4710,4711,"[10.4, 0.5, 16.5, 10.6, 17.0, 17.0, 0, 0]","[3.638, 3.639, 3.639]",0.187,"[2.9952, 3.3120000000000003, 5.0048, 7.3632, 8.448, 27.8272]","[0.033125, 0.618125, 0.001875, 0.000625, -0.005, 0.004375]",0,0,29.5,"[1, 1, 1, 1, 1, 1]",91.65301497145047,0.0,0.0,0,0.0
1774904415.1149805,"[0, 0, 0, 0, 0, 0]","[1291, 1500, 1500, 1500]","[-25.08, 0.0, 0.0, 0.0]","[0.0, 0.0, 0.0]",0,4711.7412109375,0,32.0048233795166,"[0.0, 0.39672851556, -9.3078613266]","[0, 0, 0]",0,3,0.0,0.0,4.711,0,0,0,4294967.295,3750001.152,0,52829,0,85.09917449951172,110.0522232055664,0.5969807505607605,0,state.PRE_FLIGHT,760,-29,0,-28,0.0,4711,4711,"[10.4, 0.5, 15.9, 10.4, 16.5, 15.9, 0, 0]","[3.638, 3.639, 3.639]",0.187,"[2.9952, 3.3104, 5.0064, 7.36, 8.443200000000001, 27.824]","[0.035625000000000004, 0.6012500000000001, -0.00125, 0.0025, -0.006875, -0.0025]",0,0,29.5,"[1, 1, 1, 1, 1, 1]",91.67856971651096,0.0,0.0,0,0.0
1774904415.1755037,"[0, 0, 0, 0, 0, 0]","[1291, 1500, 1500, 1500]","[-25.08, 0.0, 0.0, 0.0]","[0.0, 0.0, 0.0]",0,4712.03662109375,0,32.00919532775879,"[0.0, -5.8898925771599995, 4.1198730462]","[0, 0, 0]",0,3,0.0,0.0,4.711,0,0,0,4294967.295,3750001.152,0,52883,0,85.33942413330078,109.88356018066406,0.5969807505607605,0,state.PRE_FLIGHT,761,-29,0,-29,0.0,4711,4712,"[10.8, 0.5, 17.0, 10.8, 15.0, 17.0, 0, 0]","[3.638, 3.639, 3.639]",0.187,"[2.9952, 3.3104, 5.0064, 7.36, 8.443200000000001, 27.824]","[0.035625000000000004, 0.6012500000000001, -0.00125, 0.0025, -0.006875, -0.0025]",0,0,29.5,"[1, 1, 1, 1, 1, 1]",91.58356142688243,0.0,0.0,0,0.0
1774904415.2355008,"[0, 0, 0, 0, 0, 0]","[1291, 1500, 1500, 1500]","[-25.08, 0.0, 0.0, 0.0]","[0.0, 0.0, 0.0]",0,4712.298828125,0,31.996079483032226,"[0.0, 7.65991210812, 1.12915039044]","[0, 0, 0]",0,3,0.0,0.0,4.712,0,0,0,4294967.295,3750001.152,0,52943,0,85.41327667236328,109.77979278564453,0.5969807505607605,0,state.PRE_FLIGHT,762,-28,0,-28,0.0,4712,4712,"[11.1, 0.5, 15.9, 10.4, 15.9, 17.0, 0, 0]","[3.638, 3.639, 3.639]",0.187,"[2.992, 3.3104, 5.0016, 7.36, 8.456000000000001, 27.822400000000002]","[0.02875, 0.6118750000000001, -0.003125, 0.00625, -0.00625, 0.000625]",0,0,29.5,"[1, 1, 1, 1, 1, 1]",91.55070697926814,0.0,0.0,0,0.0
1774904415.2960536,"[0, 0, 0, 0, 0, 0]","[1291, 1500, 1500, 1500]","[-25.08, 0.0, 0.0, 0.0]","[0.0, 0.0, 0.0]",0,4712.5244140625,0,32.02668312072754,"[0.0, 0.03051757812, 4.48608398364]","[0, 0, 0]",0,3,0.0,0.0,4.712,0,0,0,4294967.295,3750001.152,0,53003,0,85.66231536865234,109.78771209716797,0.5969807505607605,0,state.PRE_FLIGHT,763,-27,0,-27,0.0,4712,4712,"[10.4, 0.5, 16.5, 10.6, 15.9, 16.5, 0, 0]","[3.638, 3.639, 3.639]",0.187,"[2.992, 3.3104, 5.0016, 7.36, 8.456000000000001, 27.822400000000002]","[0.02875, 0.6118750000000001, -0.003125, 0.00625, -0.00625, 0.000625]",0,0,29.5,"[1, 1, 1, 1, 1, 1]",91.46722095303845,0.0,0.0,0,0.0
1774904415.3560598,"[0, 0, 0, 0, 0, 0]","[1291, 1500, 1500, 1500]","[-25.08, 0.0, 0.0, 0.0]","[0.0, 0.0, 0.0]",0,4712.71337890625,0,32.02231117248535,"[0.0, -6.68334960828, 3.38745117132]","[0, 0, 0]",0,3,0.0,0.0,4.712,0,0,0,4294967.295,3750001.152,0,53063,0,85.5667953491211,109.92015838623047,0.5969807505607605,0,state.PRE_FLIGHT,764,-28,0,-27,0.0,4712,4712,"[10.6, 0.5, 17.0, 10.8, 15.9, 17.0, 0, 0]","[3.638, 3.639, 3.639]",0.187,"[2.9968000000000004, 3.3120000000000003, 5.0048, 7.3664000000000005, 8.4336, 27.8304]","[0.033125, 0.238125, -0.00375, 0.0, -0.004375, -0.004375]",0,0,29.5,"[1, 1, 1, 1, 1, 1]",91.50910654402885,0.0,0.0,0,0.0
1774904415.414599,"[0, 0, 0, 0, 0, 0]","[1291, 1500, 1500, 1500]","[-25.08, 0.0, 0.0, 0.0]","[0.0, 0.0, 0.0]",0,4712.84765625,0,32.0048233795166,"[0.0, -3.57055664004, 3.38745117132]","[0, 0, 0]",0,3,0.0,0.0,4.712,0,0,0,4294967.295,3750001.152,0,53117,0,85.70379638671875,109.94928741455078,0.5969807505607605,0,state.PRE_FLIGHT,765,-28,0,-27,0.0,4712,4712,"[10.4, 0.5, 16.5, 10.8, 15.9, 16.5, 0, 0]","[3.638, 3.639, 3.639]",0.187,"[2.9968000000000004, 3.3104, 5.0032000000000005, 7.368, 8.4352, 27.8256]","[0.03, 0.239375, -0.00125, -0.000625, -0.005, 0.000625]",0,0,29.5,"[1, 1, 1, 1, 1, 1]",91.46460065398799,0.0,0.0,0,0.0
1774904415.4655945,"[0, 0, 0, 0, 0, 0]","[1291, 1500, 1500, 1500]","[-25.08, 0.0, 0.0, 0.0]","[0.0, 0.0, 0.0]",0,4712.9755859375,0,32.02668312072754,"[0.0, -5.70678710844, 22.76611327752]","[0, 0, 0]",0,3,0.0,0.0,4.712,0,0,0,4294967.295,3750001.152,0,53177,0,85.88233184814453,110.05303955078125,0.5969807505607605,0,state.PRE_FLIGHT,766,-29,0,-28,0.0,4712,4712,"[10.2, 0.5, 16.5, 10.4, 15.9, 15.5, 0, 0]","[3.638, 3.639, 3.639]",0.187,"[2.9968000000000004, 3.3104, 5.0032000000000005, 7.368, 8.4352, 27.8256]","[0.03, 0.239375, -0.00125, -0.000625, -0.005, 0.000625]",0,0,29.5,"[1, 1, 1, 1, 1, 1]",91.41083425531492,0.0,0.0,0,0.0
1774904415.53364,"[0, 0, 0, 0, 0, 0]","[1291, 1500, 1500, 1500]","[-25.08, 0.0, 0.0, 0.0]","[0.0, 0.0, 0.0]",0,4713.06982421875,0,32.017939224243165,"[0.0, -1.3732910154, 4.3029785149199995]","[0, 0, 0]",0,3,0.0,0.0,4.713,0,0,0,4294967.295,3750001.152,0,53237,0,86.03797912597656,110.15742492675781,0.5969807505607605,0,state.PRE_FLIGHT,767,-29,0,-29,0.0,4713,4713,"[10.4, 0.5, 15.9, 10.8, 15.9, 16.5, 0, 0]","[3.638, 3.639, 3.639]",0.187,"[2.9952, 3.3104, 5.0048, 7.3584000000000005, 8.4304, 27.8304]","[0.038125, 0.244375, -0.003125, 0.000625, -0.00125, -0.005625]",0,0,29.5,"[1, 1, 1, 1, 1, 1]",91.3643563900793,0.0,0.0,0,0.0
1774904415.5907671,"[0, 0, 0, 0, 0, 0]","[1291, 1500, 1500, 1500]","[-25.08, 0.0, 0.0, 0.0]","[0.0, 0.0, 0.0]",0,4713.1279296875,0,32.035427017211916,"[0.0, 1.80053710908, -0.36621093744]","[0, 0, 0]",0,3,0.0,0.0,4.713,0,0,0,4294967.295,3750001.152,0,53297,0,86.35569763183594,110.17879486083984,0.5969807505607605,0,state.PRE_FLIGHT,768,-30,0,-29,0.0,4713,4713,"[10.6, 0.5, 17.0, 10.8, 15.9, 17.0, 0, 0]","[3.638, 3.639, 3.639]",0.187,"[2.9952, 3.3104, 5.0048, 7.3584000000000005, 8.4304, 27.8304]","[0.038125, 0.244375, -0.003125, 0.000625, -0.00125, -0.005625]",0,0,29.5,"[1, 1, 1, 1, 1, 1]",91.25635838546962,0.0,0.0,0,0.0
1774904415.6367667,"[0, 0, 0, 0, 0, 0]","[1291, 1500, 1500, 1500]","[-25.08, 0.0, 0.0, 0.0]","[0.0, 0.0, 0.0]",0,4713.15234375,0,32.017939224243165,"[0.0, -14.8010253882, -3.5095214838]","[0, 0, 0]",0,3,0.0,0.0,4.713,0,0,0,4294967.295,3750001.152,0,53351,0,86.06855010986328,110.39483642578125,0.5969807505607605,0,state.PRE_FLIGHT,769,-30,0,-30,0.0,4713,4713,"[10.4, 0.5, 17.0, 10.6, 15.9, 17.0, 0, 0]","[3.638, 3.639, 3.639]",0.187,"[2.992, 3.3104, 5.0016, 7.3616, 8.456000000000001, 27.824]","[0.036875, 0.62625, -0.003125, -0.000625, 0.000625, -0.0025]",0,0,29.5,"[1, 1, 1, 1, 1, 1]",91.36911688854985,0.0,0.0,0,0.0
1774904415.6979504,"[0, 0, 0, 0, 0, 0]","[1291, 1500, 1500, 1500]","[-25.08, 0.0, 0.0, 0.0]","[0.0, 0.0, 0.0]",0,4713.1201171875,0,32.035427017211916,"[0.0, -1.00708007796, 10.070800779599999]","[0, 0, 0]",0,3,0.0,0.0,4.713,0,0,0,4294967.295,3750001.152,0,53411,0,86.12346649169922,110.42292022705078,0.5969807505607605,0,state.PRE_FLIGHT,770,-30,0,-30,0.0,4713,4713,"[10.6, 0.5, 16.5, 10.6, 15.9, 16.5, 0, 0]","[3.638, 3.639, 3.639]",0.187,"[2.992, 3.3104, 5.0016, 7.3616, 8.456000000000001, 27.824]","[0.036875, 0.62625, -0.003125, -0.000625, 0.000625, -0.0025]",0,0,29.5,"[1, 1, 1, 1, 1, 1]",91.35179820862542,0.0,0.0,0,0.0
1774904415.7579272,"[0, 0, 0, 0, 0, 0]","[1291, 1500, 1500, 1500]","[-25.08, 0.0, 0.0, 0.0]","[0.0, 0.0, 0.0]",0,4713.05615234375,0,32.03105506896973,"[0.0, -1.55639648412, 8.20922851428]","[0, 0, 0]",0,3,0.0,0.0,4.713,0,0,0,4294967.295,3750001.152,0,53471,0,86.4320297241211,110.74820709228516,0.5969807505607605,0,state.PRE_FLIGHT,771,-30,0,-30,0.0,4713,4713,"[11.3, 0.5, 17.6, 10.8, 16.5, 17.0, 0, 0]","[3.638, 3.639, 3.639]",0.187,"[2.9936000000000003, 3.3104, 5.0048, 7.368, 8.4304, 27.820800000000002]","[0.028125, 0.58375, -0.000625, -0.00125, -0.0075, 0.0025]",0,0,29.5,"[1, 1, 1, 1, 1, 1]",91.26328105177208,0.0,0.0,0,0.0
1774904415.8195403,"[0, 0, 0, 0, 0, 0]","[1291, 1500, 1500, 1500]","[-25.08, 0.0, 0.0, 0.0]","[0.0, 0.0, 0.0]",0,4712.943359375,0,32.02231117248535,"[0.0, -7.90405273308, -9.85717773276]","[0, 0, 0]",0,3,0.0,0.0,4.713,0,0,0,4294967.295,3750001.152,0,53531,0,86.59928131103516,110.77262115478516,0.5969807505607605,0,state.PRE_FLIGHT,772,-31,0,-30,0.0,4713,4713,"[10.4, 0.5, 16.5, 10.8, 16.5, 16.5, 0, 0]","[3.638, 3.639, 3.639]",0.187,"[2.9936000000000003, 3.3104, 5.0048, 7.368, 8.4304, 27.820800000000002]","[0.028125, 0.58375, -0.000625, -0.00125, -0.0075, 0.0025]",0,0,29.5,"[1, 1, 1, 1, 1, 1]",91.20548052517829,0.0,0.0,0,0.0
1774904415.880086,"[0, 0, 0, 0, 0, 0]","[1291, 1500, 1500, 1500]","[-25.08, 0.0, 0.0, 0.0]","[0.0, 0.0, 0.0]",0,4712.84130859375,0,32.04417091369629,"[0.0, 0.39672851556, -10.04028320148]","[0, 0, 0]",0,3,0.0,0.0,4.713,0,0,0,4294967.295,3750001.152,0,53585,0,86.36509704589844,110.7724838256836,0.5969807505607605,0,state.PRE_FLIGHT,773,-32,0,-31,0.0,4713,4713,"[10.2, 0.5, 15.9, 11.1, 16.5, 15.9, 0, 0]","[3.638, 3.639, 3.639]",0.187,"[2.9968000000000004, 3.3120000000000003, 5.0032000000000005, 7.364800000000001, 8.464, 27.8304]","[0.0275, 0.5525, -0.005, -0.00125, -0.004375, 0.000625]",0,0,29.5,"[1, 1, 1, 1, 1, 1]",91.2883913137534,0.0,0.0,0,0.0
1774904415.9400818,"[0, 0, 0, 0, 0, 0]","[1291, 1500, 1500, 1500]","[-25.08, 0.0, 0.0, 0.0]","[0.0, 0.0, 0.0]",0,4712.65869140625,0,32.02231117248535,"[0.0, 2.34985351524, 3.75366210876]","[0, 0, 0]",0,3,0.0,0.0,4.712,0,0,0,4294967.295,3750001.152,0,53645,0,86.48011016845703,110.88905334472656,0.5969807505607605,0,state.PRE_FLIGHT,774,-32,0,-31,0.0,4713,4713,"[10.8, 0.5, 17.0, 10.4, 15.9, 16.5, 0, 0]","[3.638, 3.639, 3.639]",0.187,"[2.9968000000000004, 3.3120000000000003, 5.0032000000000005, 7.364800000000001, 8.464, 27.8304]","[0.0275, 0.5525, -0.005, -0.00125, -0.004375, 0.000625]",0,0,29.5,"[1, 1, 1, 1, 1, 1]",91.25436108811796,0.0,0.0,0,0.0
1774904415.9896264,"[0, 0, 0, 0, 0, 0]","[1291, 1500, 1500, 1500]","[-25.08, 0.0, 0.0, 0.0]","[0.0, 0.0, 0.0]",0,4712.45654296875,0,32.03105506896973,"[0.0, -1.55639648412, -1.64794921848]","[0, 0, 0]",0,3,0.0,0.0,4.712,0,0,0,4294967.295,3750001.152,0,53705,0,86.71442413330078,110.97574615478516,0.5969807505607605,0,state.PRE_FLIGHT,775,-31,0,-31,0.0,4713,4713,"[10.6, 0.5, 15.9, 10.6, 15.9, 17.0, 0, 0]","[3.638, 3.639, 3.639]",0.187,"[2.9968000000000004, 3.3120000000000003, 5.0016, 7.3632, 8.4352, 27.8256]","[0.035625000000000004, 0.2325, 0.000625, 0.003125, -0.005, -0.00125]",0,0,29.5,"[1, 1, 1, 1, 1, 1]",91.17558453389077,0.0,0.0,0,0.0
1774904416.049816,"[0, 0, 0, 0, 0, 0]","[1291, 1500, 1500, 1500]","[-25.08, 0.0, 0.0, 0.0]","[0.0, 0.0, 0.0]",0,4712.21728515625,0,32.0397989654541,"[0.0, 2.34985351524, -7.99560546744]","[0, 0, 0]",0,3,0.0,0.0,4.712,0,0,0,4294967.295,3750001.152,0,53765,0,86.85144805908203,110.89640045166016,0.5969807505607605,0,state.PRE_FLIGHT,776,-30,0,-30,0.0,4713,4713,"[10.6, 0.5, 15.9, 10.4, 15.9, 17.0, 0, 0]","[3.638, 3.639, 3.639]",0.187,"[2.9968000000000004, 3.3120000000000003, 5.0032000000000005, 7.364800000000001, 8.4656, 27.8272]","[0.03375, 0.23625000000000002, 0.0025, -0.003125, -0.003125, -0.0025]",0,0,29.5,"[1, 1, 1, 1, 1, 1]",91.1225300086737,0.0,0.0,0,0.0
1774904416.1083813,"[0, 0, 0, 0, 0, 0]","[1291, 1500, 1500, 1500]","[-25.08, 0.0, 0.0, 0.0]","[0.0, 0.0, 0.0]",0,4711.98828125,0,32.0397989654541,"[0.0, -8.0871582018, -8.361816404879999]","[0, 0, 0]",0,3,0.0,0.0,4.712,0,0,0,4294967.295,3750001.152,0,53819,0,86.6167221069336,111.1786880493164,0.5969807505607605,0,state.PRE_FLIGHT,777,-30,0,-29,0.0,4713,4713,"[10.6, 0.5, 16.5, 10.4, 15.9, 18.2, 0, 0]","[3.638, 3.639, 3.639]",0.187,"[2.9968000000000004, 3.3120000000000003, 5.0032000000000005, 7.364800000000001, 8.4656, 27.8272]","[0.03375, 0.23625000000000002, 0.0025, -0.003125, -0.003125, -0.0025]",0,0,29.5,"[1, 1, 1, 1, 1, 1]",91.22168540803915,0.0,0.0,0,0.0
1774904416.167914,"[0, 0, 0, 0, 0, 0]","[1291, 1500, 1500, 1500]","[-25.08, 0.0, 0.0, 0.0]","[0.0, 0.0, 0.0]",0,4711.68994140625,0,32.017939224243165,"[0.0, 0.03051757812, 2.25830078088]","[0, 0, 0]",0,3,0.0,0.0,4.712,0,0,0,4294967.295,3750001.152,0,53879,0,86.81568145751953,111.29098510742188,0.5969807505607605,0,state.PRE_FLIGHT,778,-29,0,-29,0.0,4713,4713,"[10.6, 0.5, 17.6, 10.2, 15.0, 17.6, 0, 0]","[3.638, 3.639, 3.639]",0.187,"[2.9952, 3.3120000000000003, 5.0032000000000005, 7.368, 8.440000000000001, 27.8288]","[0.034375, 0.235625, -0.00375, -0.003125, -0.000625, -0.000625]",0,0,29.5,"[1, 1, 1, 1, 1, 1]",91.15572405245479,0.0,0.0,0,0.0
1774904416.227927,"[0, 0, 0, 0, 0, 0]","[1291, 1500, 1500, 1500]","[-25.08, 0.0, 0.0, 0.0]","[0.0, 0.0, 0.0]",0,4711.34326171875,0,32.057286758422855,"[0.0, 0.762939453, 3.93676757748]","[0, 0, 0]",0,3,0.0,0.0,4.711,0,0,0,4294967.295,3750001.152,0,53939,0,86.82115936279297,111.12865447998047,0.5969807505607605,0,state.PRE_FLIGHT,779,-28,0,-28,0.0,4713,4713,"[10.4, 0.5, 17.0, 10.6, 15.5, 16.5, 0, 0]","[3.638, 3.639, 3.639]",0.187,"[2.9952, 3.3120000000000003, 5.0032000000000005, 7.368, 8.440000000000001, 27.8288]","[0.034375, 0.235625, -0.00375, -0.003125, -0.000625, -0.000625]",0,0,29.5,"[1, 1, 1, 1, 1, 1]",91.14534404935583,0.0,0.0,0,0.0
1774904416.2894735,"[0, 0, 0, 0, 0, 0]","[1291, 1500, 1500, 1500]","[-25.08, 0.0, 0.0, 0.0]","[0.0, 0.0, 0.0]",0,4710.97705078125,0,32.02231117248535,"[0.0, -4.3029785149199995, 2.25830078088]","[0, 0, 0]",0,3,0.0,0.0,4.711,0,0,0,4294967.295,3750001.152,0,53999,0,86.66033935546875,111.06883239746094,0.5969807505607605,0,state.PRE_FLIGHT,780,-28,0,-27,0.0,4713,4713,"[10.4, 0.5, 17.0, 10.6, 16.5, 16.5, 0, 0]","[3.638, 3.639, 3.639]",0.187,"[2.9984, 3.3136, 5.0048, 7.3616, 8.4656, 27.8256]","[0.031875, 0.253125, -0.000625, 0.000625, 0.0, 0.0025]",0,0,29.5,"[1, 1, 1, 1, 1, 1]",91.19998011332966,0.0,0.0,0,0.0
1774904416.3494751,"[0, 0, 0, 0, 0, 0]","[1291, 1500, 1500, 1500]","[-25.08, 0.0, 0.0, 0.0]","[0.0, 0.0, 0.0]",0,4710.56396484375,0,32.06165870666504,"[0.0, -2.41088867148, -1.28173828104]","[0, 0, 0]",0,3,0.0,0.0,4.711,0,0,0,4294967.295,3750001.152,0,54053,0,86.59626770019531,111.29254150390625,0.5969807505607605,0,state.PRE_FLIGHT,781,-29,0,-28,0.0,4713,4713,"[10.4, 0.5, 16.5, 10.4, 15.0, 16.5, 0, 0]","[3.638, 3.639, 3.639]",0.187,"[2.9984, 3.3136, 5.0048, 7.3616, 8.4656, 27.8256]","[0.031875, 0.253125, -0.000625, 0.000625, 0.0, 0.0025]",0,0,29.5,"[1, 1, 1, 1, 1, 1]",91.23536596790406,0.0,0.0,0,0.0
1774904416.4094865,"[0, 0, 0, 0, 0, 0]","[1291, 1500, 1500, 1500]","[-25.08, 0.0, 0.0, 0.0]","[0.0, 0.0, 0.0]",0,4710.12109375,0,32.02668312072754,"[0.0, -2.53295898396, 1.12915039044]","[0, 0, 0]",0,3,0.0,0.0,4.71,0,0,0,4294967.295,3750001.152,0,54113,0,86.61030578613281,111.31999969482422,0.5969807505607605,0,state.PRE_FLIGHT,782,-30,0,-29,0.0,4713,4713,"[10.2, 0.5, 15.9, 10.8, 15.9, 17.6, 0, 0]","[3.638, 3.639, 3.639]",0.187,"[2.9968000000000004, 3.3104, 5.0048, 7.3664000000000005, 8.4656, 27.8288]","[0.0325, 0.273125, -0.00125, 0.000625, 0.0025, -0.00125]",0,0,29.5,"[1, 1, 1, 1, 1, 1]",91.23178899553159,0.0,0.0,0,0.0
1774904416.4815726,"[0, 0, 0, 0, 0, 0]","[1291, 1500, 1500, 1500]","[-25.08, 0.0, 0.0, 0.0]","[0.0, 0.0, 0.0]",0,4709.6494140625,0,32.035427017211916,"[0.0, -6.31713867084, -11.35253906064]","[0, 0, 0]",0,3,0.0,0.0,4.71,0,0,0,4294967.295,3750001.152,0,54173,0,86.31914520263672,111.46652221679688,0.5969807505607605,0,state.PRE_FLIGHT,783,-30,0,-29,0.0,4713,4713,"[10.6, 0.5, 15.9, 10.8, 16.5, 17.0, 0, 0]","[3.638, 3.639, 3.639]",0.187,"[2.9968000000000004, 3.3104, 5.0048, 7.3664000000000005, 8.4656, 27.8288]","[0.0325, 0.273125, -0.00125, 0.000625, 0.0025, -0.00125]",0,0,29.5,"[1, 1, 1, 1, 1, 1]",91.34623398922689,0.0,0.0,0,0.0
1774904416.5211031,"[0, 0, 0, 0, 0, 0]","[1291, 1500, 1500, 1500]","[-25.08, 0.0, 0.0, 0.0]","[0.0, 0.0, 0.0]",0,4709.1318359375,0,32.02668312072754,"[0.0, -3.57055664004, 6.34765624896]","[0, 0, 0]",0,3,0.0,0.0,4.709,0,0,0,4294967.295,3750001.152,0,54233,0,86.46773529052734,111.43783569335938,0.5969807505607605,0,state.PRE_FLIGHT,784,-32,0,-30,0.0,4713,4713,"[10.4, 0.5, 15.5, 10.4, 15.9, 17.0, 0, 0]","[3.638, 3.639, 3.639]",0.187,"[2.9968000000000004, 3.3120000000000003, 5.0032000000000005, 7.3696, 8.448, 27.822400000000002]","[0.035625000000000004, 0.615625, -0.0025, -0.0025, -0.004375, 0.004375]",0,0,29.5,"[1, 1, 1, 1, 1, 1]",91.29030427703964,0.0,0.0,0,0.0
1774904416.5799284,"[0, 0, 0, 0, 0, 0]","[1291, 1500, 1500, 1500]","[-25.08, 0.0, 0.0, 0.0]","[0.0, 0.0, 0.0]",0,4708.69287109375,0,32.02231117248535,"[0.0, 4.9133300773199995, 2.07519531216]","[0, 0, 0]",0,3,0.0,0.0,4.709,0,0,0,4294967.295,3750001.152,0,54287,0,86.27680206298828,111.5919189453125,0.5969807505607605,0,state.PRE_FLIGHT,785,-32,0,-32,0.0,4713,4713,"[10.4, 0.5, 16.5, 10.8, 16.5, 17.0, 0, 0]","[3.638, 3.639, 3.639]",0.187,"[2.9968000000000004, 3.3120000000000003, 5.0032000000000005, 7.3696, 8.448, 27.822400000000002]","[0.035625000000000004, 0.615625, -0.0025, -0.0025, -0.004375, 0.004375]",0,0,29.5,"[1, 1, 1, 1, 1, 1]",91.36927859911131,0.0,0.0,0,0.0
1774904416.6409297,"[0, 0, 0, 0, 0, 0]","[1291, 1500, 1500, 1500]","[-25.08, 0.0, 0.0, 0.0]","[0.0, 0.0, 0.0]",0,4708.109375,0,32.04417091369629,"[0.0, -6.1340332021199995, -7.04956054572]","[0, 0, 0]",0,3,0.0,0.0,4.708,0,0,0,4294967.295,3750001.152,0,54347,0,86.4012451171875,111.77506256103516,0.5969807505607605,0,state.PRE_FLIGHT,786,-32,0,-31,0.0,4713,4713,"[10.6, 0.5, 15.9, 10.6, 16.5, 17.0, 0, 0]","[3.638, 3.639, 3.639]",0.187,"[2.9952, 3.3136, 5.0016, 7.364800000000001, 8.464, 27.8288]","[0.03625, 0.588125, -0.000625, 0.003125, -0.00125, 0.003125]",0,0,29.5,"[1, 1, 1, 1, 1, 1]",91.3342503446115,0.0,0.0,0,0.0
1774904416.7044578,"[0, 0, 0, 0, 0, 0]","[1291, 1500, 1500, 1500]","[-25.08, 0.0, 0.0, 0.0]","[0.0, 0.0, 0.0]",0,4707.50732421875,0,32.04417091369629,"[0.0, 0.762939453, 13.244628904079999]","[0, 0, 0]",0,3,0.0,0.0,4.707,0,0,0,4294967.295,3750001.152,0,54407,0,86.67990112304688,111.9422836303711,0.5969807505607605,0,state.PRE_FLIGHT,787,-32,0,-32,0.0,4713,4713,"[10.8, 0.5, 17.0, 10.4, 15.9, 16.5, 0, 0]","[3.638, 3.639, 3.639]",0.187,"[2.9952, 3.3136, 5.0016, 7.364800000000001, 8.464, 27.8288]","[0.03625, 0.588125, -0.000625, 0.003125, -0.00125, 0.003125]",0,0,29.5,"[1, 1, 1, 1, 1, 1]",91.24003197999455,0.0,0.0,0,0.0
1774904416.7634792,"[0, 0, 0, 0, 0, 0]","[1291, 1500, 1500, 1500]","[-25.08, 0.0, 0.0, 0.0]","[0.0, 0.0, 0.0]",0,4706.8671875,0,32.05291481018067,"[0.0, 1.3732910154, -5.00488281168]","[0, 0, 0]",0,3,0.0,0.0,4.707,0,0,0,4294967.295,3750001.152,0,54467,0,86.923095703125,111.9593505859375,0.5969807505607605,0,state.PRE_FLIGHT,788,-32,0,-32,0.0,4713,4713,"[11.1, 0.5, 16.5, 10.6, 15.5, 17.0, 0, 0]","[3.638, 3.639, 3.639]",0.187,"[2.9936000000000003, 3.3120000000000003, 5.0032000000000005, 7.36, 8.448, 27.8288]","[0.03125, 0.2275, -0.00125, -0.00125, 0.0025, -0.00375]",0,0,29.5,"[1, 1, 1, 1, 1, 1]",91.15012861943957,0.0,0.0,0,0.0
1774904416.8090003,"[0, 0, 0, 0, 0, 0]","[1291, 1500, 1500, 1500]","[-25.08, 0.0, 0.0, 0.0]","[0.0, 0.0, 0.0]",0,4706.19189453125,0,32.0397989654541,"[0.0, 13.76342773212, -0.73242187488]","[0, 0, 0]",0,3,0.0,0.0,4.706,0,0,0,4294967.295,3750001.152,0,54521,0,87.14982604980469,111.89583587646484,0.5969807505607605,0,state.PRE_FLIGHT,789,-32,0,-32,0.0,4713,4713,"[10.2, 0.5, 16.5, 10.8, 15.5, 17.0, 0, 0]","[3.638, 3.639, 3.639]",0.187,"[2.9936000000000003, 3.3120000000000003, 5.0032000000000005, 7.36, 8.448, 27.8288]","[0.03125, 0.2275, -0.00125, -0.00125, 0.0025, -0.00375]",0,0,29.5,"[1, 1, 1, 1, 1, 1]",91.0625104515533,0.0,0.0,0,0.0
1774904416.8795404,"[0, 0, 0, 0, 0, 0]","[1291, 1500, 1500, 1500]","[-25.08, 0.0, 0.0, 0.0]","[0.0, 0.0, 0.0]",0,4705.49853515625,0,32.057286758422855,"[0.0, -4.1809082024399995, 5.98144531152]","[0, 0, 0]",0,3,0.0,0.0,4.706,0,0,0,4294967.295,3750001.152,0,54581,0,87.12300109863281,111.87386322021484,0.5969807505607605,0,state.PRE_FLIGHT,790,-32,0,-31,0.0,4713,4713,"[10.8, 0.5, 16.5, 10.4, 15.5, 18.2, 0, 0]","[3.638, 3.639, 3.639]",0.187,"[2.9984, 3.3120000000000003, 5.0048, 7.3664000000000005, 8.4512, 27.8288]","[0.031875, 0.246875, -0.003125, -0.000625, 0.000625, -0.00875]",0,0,29.5,"[1, 1, 1, 1, 1, 1]",91.0714797109758,0.0,0.0,0,0.0
1774904416.9255564,"[0, 0, 0, 0, 0, 0]","[1291, 1500, 1500, 1500]","[-25.08, 0.0, 0.0, 0.0]","[0.0, 0.0, 0.0]",0,4704.75048828125,0,32.04854286193848,"[0.0, -0.21362304684, 0.762939453]","[0, 0, 0]",0,3,0.0,0.0,4.705,0,0,0,4294967.295,3750001.152,0,54641,0,87.49288177490234,111.76399230957031,0.5969807505607605,0,state.PRE_FLIGHT,791,-31,0,-31,0.0,4713,4713,"[10.4, 0.5, 16.5, 10.6, 16.5, 17.0, 0, 0]","[3.638, 3.639, 3.639]",0.187,"[2.9952, 3.3120000000000003, 5.0016, 7.3696, 8.432, 27.8288]","[0.0325, 0.25125000000000003, -0.003125, 0.0, -0.0025, -0.0025]",0,0,29.5,"[1, 1, 1, 1, 1, 1]",90.92934408277836,0.0,0.0,0,0.0
1774904416.9860754,"[0, 0, 0, 0, 0, 0]","[1291, 1500, 1500, 1500]","[-25.08, 0.0, 0.0, 0.0]","[0.0, 0.0, 0.0]",0,4703.98486328125,0,32.0397989654541,"[0.0, -5.340576171, -7.62939453]","[0, 0, 0]",0,3,0.0,0.0,4.704,0,0,0,4294967.295,3750001.152,0,54701,0,87.25727844238281,111.87449645996094,0.5969807505607605,0,state.PRE_FLIGHT,792,-31,0,-30,0.0,4713,4713,"[10.6, 0.5, 15.9, 10.8, 15.5, 16.5, 0, 0]","[3.638, 3.639, 3.639]",0.187,"[2.9952, 3.3120000000000003, 5.0016, 7.3696, 8.432, 27.8288]","[0.0325, 0.25125000000000003, -0.003125, 0.0, -0.0025, -0.0025]",0,0,29.5,"[1, 1, 1, 1, 1, 1]",91.02153268593719,0.0,0.0,0,0.0
1774904417.047599,"[0, 0, 0, 0, 0, 0]","[1291, 1500, 1500, 1500]","[-25.08, 0.0, 0.0, 0.0]","[0.0, 0.0, 0.0]",0,4703.3173828125,0,32.04417091369629,"[0.0, 4.36401367116, 1.31225585916]","[0, 0, 0]",0,3,0.0,0.0,4.704,0,0,0,4294967.295,3750001.152,0,54755,0,87.33952331542969,111.59898376464844,0.5969807505607605,0,state.PRE_FLIGHT,793,-31,0,-30,0.0,4713,4713,"[10.6, 0.5, 17.0, 10.6, 16.5, 16.5, 0, 0]","[3.638, 3.639, 3.639]",0.187,"[2.9952, 3.3104, 5.0032000000000005, 7.3632, 8.4608, 27.8288]","[0.0275, 0.283125, 0.0, -0.00375, -0.0025, 0.000625]",0,0,29.5,"[1, 1, 1, 1, 1, 1]",90.97903866498032,0.0,0.0,0,0.0
1774904417.1073377,"[0, 0, 0, 0, 0, 0]","[1291, 1500, 1500, 1500]","[-25.08, 0.0, 0.0, 0.0]","[0.0, 0.0, 0.0]",0,4702.48974609375,0,32.035427017211916,"[0.0, 3.14331054636, -7.62939453]","[0, 0, 0]",0,3,0.0,0.0,4.702,0,0,0,4294967.295,3750001.152,0,54815,0,87.32392120361328,111.65637969970703,0.5969807505607605,0,state.PRE_FLIGHT,794,-31,0,-30,0.0,4713,4713,"[10.2, 0.5, 17.0, 10.6, 15.5, 16.5, 0, 0]","[3.638, 3.639, 3.639]",0.187,"[2.9952, 3.3104, 5.0032000000000005, 7.3632, 8.4608, 27.8288]","[0.0275, 0.283125, 0.0, -0.00375, -0.0025, 0.000625]",0,0,29.5,"[1, 1, 1, 1, 1, 1]",90.98726803418326,0.0,0.0,0,0.0
1774904417.1683338,"[0, 0, 0, 0, 0, 0]","[1291, 1500, 1500, 1500]","[-25.08, 0.0, 0.0, 0.0]","[0.0, 0.0, 0.0]",0,4701.6357421875,0,32.04417091369629,"[0.0, -3.32641601508, 4.48608398364]","[0, 0, 0]",0,3,0.0,0.0,4.702,0,0,0,4294967.295,3750001.152,0,54875,0,87.40113067626953,111.76683807373047,0.5969807505607605,0,state.PRE_FLIGHT,795,-31,0,-30,0.0,4713,4713,"[10.2, 0.5, 16.5, 10.8, 15.9, 16.5, 0, 0]","[3.638, 3.639, 3.639]",0.187,"[2.9968000000000004, 3.3120000000000003, 5.0048, 7.3616, 8.427200000000001, 27.824]","[0.035, 0.619375, -0.004375, -0.003125, 0.001875, -0.004375]",0,0,29.5,"[1, 1, 1, 1, 1, 1]",90.96345466624372,0.0,0.0,0,0.0
1774904417.2283914,"[0, 0, 0, 0, 0, 0]","[1291, 1500, 1500, 1500]","[-25.08, 0.0, 0.0, 0.0]","[0.0, 0.0, 0.0]",0,4700.7392578125,0,32.04417091369629,"[0.0, -5.5236816397199995, -0.36621093744]","[0, 0, 0]",0,3,0.0,0.0,4.701,0,0,0,4294967.295,3750001.152,0,54935,0,87.5958251953125,111.80652618408203,0.5969807505607605,0,state.PRE_FLIGHT,796,-31,0,-30,0.0,4713,4713,"[10.6, 0.5, 17.0, 10.6, 15.9, 17.0, 0, 0]","[3.638, 3.639, 3.639]",0.187,"[2.9968000000000004, 3.3120000000000003, 5.0048, 7.3616, 8.427200000000001, 27.824]","[0.035, 0.619375, -0.004375, -0.003125, 0.001875, -0.004375]",0,0,29.5,"[1, 1, 1, 1, 1, 1]",90.89286153024143,0.0,0.0,0,0.0
1774904417.2739959,"[0, 0, 0, 0, 0, 0]","[1291, 1500, 1500, 1500]","[-25.08, 0.0, 0.0, 0.0]","[0.0, 0.0, 0.0]",0,4699.98486328125,0,32.057286758422855,"[0.0, -6.5002441395599995, -1.8310546872]","[0, 0, 0]",0,3,0.0,0.0,4.699,0,0,0,4294967.295,3750001.152,0,54989,0,87.89596557617188,111.7079849243164,0.5969807505607605,0,state.PRE_FLIGHT,797,-31,0,-30,0.0,4713,4713,"[10.6, 0.5, 15.9, 10.2, 15.5, 17.0, 0, 0]","[3.638, 3.639, 3.639]",0.187,"[2.9984, 3.3104, 5.0032000000000005, 7.368, 8.432, 27.8304]","[0.034375, 0.6012500000000001, -0.000625, 0.0025, -0.006875, 0.000625]",0,0,29.5,"[1, 1, 1, 1, 1, 1]",90.77808135824563,0.0,0.0,0,0.0
1774904417.3343644,"[0, 0, 0, 0, 0, 0]","[1291, 1500, 1500, 1500]","[-25.08, 0.0, 0.0, 0.0]","[0.0, 0.0, 0.0]",0,4699.0302734375,0,32.06165870666504,"[0.0, -0.21362304684, -15.80810546616]","[0, 0, 0]",0,3,0.0,0.0,4.699,0,0,0,4294967.295,3750001.152,0,55049,0,87.7278060913086,111.7574234008789,0.5969807505607605,0,state.PRE_FLIGHT,798,-31,0,-30,0.0,4713,4713,"[10.8, 0.5, 17.0, 10.4, 15.9, 16.5, 0, 0]","[3.638, 3.639, 3.639]",0.187,"[2.9984, 3.3104, 5.0032000000000005, 7.368, 8.432, 27.8304]","[0.034375, 0.6012500000000001, -0.000625, 0.0025, -0.006875, 0.000625]",0,0,29.5,"[1, 1, 1, 1, 1, 1]",90.84206134154827,0.0,0.0,0,0.0
1774904417.3948822,"[0, 0, 0, 0, 0, 0]","[1291, 1500, 1500, 1500]","[-25.08, 0.0, 0.0, 0.0]","[0.0, 0.0, 0.0]",0,4698.05859375,0,32.057286758422855,"[0.0, -0.39672851556, 8.392333983]","[0, 0, 0]",0,3,0.0,0.0,4.698,0,0,0,4294967.295,3750001.152,0,55109,0,87.78272247314453,111.81664276123047,0.5969807505607605,0,state.PRE_FLIGHT,799,-32,0,-31,0.0,4713,4713,"[10.2, 0.5, 16.5, 10.6, 15.9, 17.0, 0, 0]","[3.638, 3.639, 3.639]",0.187,"[2.9952, 3.3136, 5.0032000000000005, 7.368, 8.4384, 27.8256]","[0.026875, 0.564375, -0.0025, -0.0025, -0.003125, -0.0025]",0,0,29.5,"[1, 1, 1, 1, 1, 1]",90.82384624472185,0.0,0.0,0,0.0
1774904417.4556103,"[0, 0, 0, 0, 0, 0]","[1291, 1500, 1500, 1500]","[-25.08, 0.0, 0.0, 0.0]","[0.0, 0.0, 0.0]",0,4697.052734375,0,32.06165870666504,"[0.0, -4.3029785149199995, -4.08935546808]","[0, 0, 0]",0,3,0.0,0.0,4.698,0,0,0,4294967.295,3750001.152,0,55169,0,87.58253479003906,112.03514099121094,0.5969807505607605,0,state.PRE_FLIGHT,800,-31,0,-32,0.0,4713,4713,"[10.6, 0.5, 17.0, 10.4, 15.9, 16.5, 0, 0]","[3.638, 3.639, 3.639]",0.187,"[2.9952, 3.3136, 5.0032000000000005, 7.368, 8.4384, 27.8256]","[0.026875, 0.564375, -0.0025, -0.0025, -0.003125, -0.0025]",0,0,29.5,"[1, 1, 1, 1, 1, 1]",90.90674173639526,0.0,0.0,0,0.0
1774904417.5148818,"[0, 0, 0, 0, 0, 0]","[1291, 1500, 1500, 1500]","[-25.08, 0.0, 0.0, 0.0]","[0.0, 0.0, 0.0]",0,4696.013671875,0,32.035427017211916,"[0.0, -8.33129882676, -1.09863281232]","[0, 0, 0]",0,3,0.0,0.0,4.696,0,0,0,4294967.295,3750001.152,0,55223,0,87.49140167236328,112.05255889892578,0.5969807505607605,0,state.PRE_FLIGHT,801,-31,0,-31,0.0,4713,4713,"[10.6, 0.5, 17.0, 10.6, 15.5, 17.6, 0, 0]","[3.638, 3.639, 3.639]",0.187,"[2.9968000000000004, 3.3104, 5.0016, 7.3584000000000005, 8.4608, 27.822400000000002]","[0.03125, 0.2625, -0.00125, -0.00125, -0.000625, -0.004375]",0,0,29.5,"[1, 1, 1, 1, 1, 1]",90.94161220533479,0.0,0.0,0,0.0
1774904417.5758963,"[0, 0, 0, 0, 0, 0]","[1291, 1500, 1500, 1500]","[-25.08, 0.0, 0.0, 0.0]","[0.0, 0.0, 0.0]",0,4694.95849609375,0,32.04417091369629,"[0.0, -7.29370117068, 2.07519531216]","[0, 0, 0]",0,3,0.0,0.0,4.696,0,0,0,4294967.295,3750001.152,0,55283,0,87.65286254882812,112.21125793457031,0.5969807505607605,0,state.PRE_FLIGHT,802,-31,0,-30,0.0,4713,4713,"[10.4, 0.5, 16.5, 10.6, 15.5, 17.0, 0, 0]","[3.638, 3.639, 3.639]",0.187,"[2.9968000000000004, 3.3104, 5.0016, 7.3584000000000005, 8.4608, 27.822400000000002]","[0.03125, 0.2625, -0.00125, -0.00125, -0.000625, -0.004375]",0,0,29.5,"[1, 1, 1, 1, 1, 1]",90.88705853599885,0.0,0.0,0,0.0
1774904417.6376595,"[0, 0, 0, 0, 0, 0]","[1291, 1500, 1500, 1500]","[-25.08, 0.0, 0.0, 0.0]","[0.0, 0.0, 0.0]",0,4693.85595703125,0,32.04854286193848,"[0.0, 0.39672851556, -5.7678222646799995]","[0, 0, 0]",0,3,0.0,0.0,4.694,0,0,0,4294967.295,3750001.152,0,55343,0,87.6015853881836,112.18989562988281,0.5969807505607605,0,state.PRE_FLIGHT,803,-31,0,-30,0.0,4713,4713,"[10.4, 0.5, 16.5, 10.6, 15.9, 17.0, 0, 0]","[3.638, 3.639, 3.639]",0.187,"[2.9968000000000004, 3.3120000000000003, 5.0032000000000005, 7.3664000000000005, 8.456000000000001, 27.8272]","[0.033125, 0.194375, -0.003125, -0.00125, -0.0025, -0.000625]",0,0,29.5,"[1, 1, 1, 1, 1, 1]",90.90560041857393,0.0,0.0,0,0.0
1774904417.6882443,"[0, 0, 0, 0, 0, 0]","[1291, 1500, 1500, 1500]","[-25.08, 0.0, 0.0, 0.0]","[0.0, 0.0, 0.0]",0,4692.73779296875,0,32.04417091369629,"[0.0, 4.1198730462, 11.01684570132]","[0, 0, 0]",0,3,0.0,0.0,4.692,0,0,0,4294967.295,3750001.152,0,55403,0,87.82648468017578,112.32598876953125,0.5969807505607605,0,state.PRE_FLIGHT,804,-30,0,-30,0.0,4713,4713,"[10.2, 0.5, 16.5, 10.4, 15.9, 16.5, 0, 0]","[3.638, 3.639, 3.639]",0.187,"[2.9968000000000004, 3.3104, 5.0032000000000005, 7.3664000000000005, 8.4368, 27.8256]","[0.029375000000000002, 0.224375, -0.004375, -0.003125, -0.003125, -0.0025]",0,0,29.5,"[1, 1, 1, 1, 1, 1]",90.82549638279562,0.0,0.0,0,0.0
1774904417.744245,"[0, 0, 0, 0, 0, 0]","[1291, 1500, 1500, 1500]","[-25.08, 0.0, 0.0, 0.0]","[0.0, 0.0, 0.0]",0,4691.78076171875,0,32.04854286193848,"[0.0, 2.96020507764, 11.7492675762]","[0, 0, 0]",0,3,0.0,0.0,4.692,0,0,0,4294967.295,3750001.152,0,55457,0,87.86426544189453,112.50204467773438,0.5969807505607605,0,state.PRE_FLIGHT,805,-30,0,-30,0.0,4713,4713,"[10.6, 0.5, 16.5, 10.4, 15.5, 16.5, 0, 0]","[3.638, 3.639, 3.639]",0.187,"[2.9968000000000004, 3.3104, 5.0032000000000005, 7.3664000000000005, 8.4368, 27.8256]","[0.029375000000000002, 0.224375, -0.004375, -0.003125, -0.003125, -0.0025]",0,0,29.5,"[1, 1, 1, 1, 1, 1]",90.81721907979566,0.0,0.0,0,0.0
1774904417.8047993,"[0, 0, 0, 0, 0, 0]","[1291, 1500, 1500, 1500]","[-25.08, 0.0, 0.0, 0.0]","[0.0, 0.0, 0.0]",0,4690.609375,0,32.06165870666504,"[0.0, 7.4768066393999995, 10.070800779599999]","[0, 0, 0]",0,3,0.0,0.0,4.691,0,0,0,4294967.295,3750001.152,0,55517,0,87.9900131225586,112.47028350830078,0.5969807505607605,0,state.PRE_FLIGHT,806,-30,0,-30,0.0,4713,4713,"[10.4, 0.5, 16.5, 10.8, 15.0, 17.0, 0, 0]","[3.638, 3.639, 3.639]",0.187,"[2.9952, 3.3104, 5.0032000000000005, 7.364800000000001, 8.4624, 27.8272]","[0.03, 0.2625, -0.005625, -0.0025, -0.000625, 0.000625]",0,0,29.5,"[1, 1, 1, 1, 1, 1]",90.76809089070413,0.0,0.0,0,0.0
1774904417.8703563,"[0, 0, 0, 0, 0, 0]","[1291, 1500, 1500, 1500]","[-25.08, 0.0, 0.0, 0.0]","[0.0, 0.0, 0.0]",0,4689.4150390625,0,32.04417091369629,"[0.0, 3.14331054636, -2.41088867148]","[0, 0, 0]",0,3,0.0,0.0,4.691,0,0,0,4294967.295,3750001.152,0,55577,0,88.01139068603516,112.48066711425781,0.5969807505607605,0,state.PRE_FLIGHT,807,-30,0,-30,0.0,4713,4713,"[10.4, 0.5, 17.0, 10.8, 15.9, 15.9, 0, 0]","[3.638, 3.639, 3.639]",0.187,"[2.9952, 3.3104, 5.0032000000000005, 7.364800000000001, 8.4624, 27.8272]","[0.03, 0.2625, -0.005625, -0.0025, -0.000625, 0.000625]",0,0,29.5,"[1, 1, 1, 1, 1, 1]",90.76025752394084,0.0,0.0,0,0.0
1774904417.9253492,"[0, 0, 0, 0, 0, 0]","[1291, 1500, 1500, 1500]","[-25.08, 0.0, 0.0, 0.0]","[0.0, 0.0, 0.0]",0,4688.18115234375,0,32.05291481018067,"[0.0, -8.6975097642, -12.45117187296]","[0, 0, 0]",0,3,0.0,0.0,4.689,0,0,0,4294967.295,3750001.152,0,55637,0,87.79474639892578,112.66252136230469,0.5969807505607605,0,state.PRE_FLIGHT,808,-30,0,-30,0.0,4713,4713,"[10.2, 0.5, 17.0, 10.4, 15.0, 16.5, 0, 0]","[3.638, 3.639, 3.639]",0.187,"[2.9952, 3.3104, 5.0032000000000005, 7.3632, 8.443200000000001, 27.8272]","[0.038125, 0.6075, -0.00125, 0.001875, -0.001875, -0.00375]",0,0,29.5,"[1, 1, 1, 1, 1, 1]",90.84951108659601,0.0,0.0,0,0.0
1774904417.9768987,"[0, 0, 0, 0, 0, 0]","[1291, 1500, 1500, 1500]","[-25.08, 0.0, 0.0, 0.0]","[0.0, 0.0, 0.0]",0,4686.9326171875,0,32.07040260314941,"[0.0, 6.68334960828, -2.96020507764]","[0, 0, 0]",0,3,0.0,0.0,4.686,0,0,0,4294967.295,3750001.152,0,55691,0,87.74679565429688,112.7086181640625,0.5969807505607605,0,state.PRE_FLIGHT,809,-30,0,-30,0.0,4713,4713,"[10.2, 0.5, 16.5, 10.6, 15.9, 17.0, 0, 0]","[3.638, 3.639, 3.639]",0.187,"[2.9952, 3.3104, 5.0032000000000005, 7.3632, 8.443200000000001, 27.8272]","[0.038125, 0.6075, -0.00125, 0.001875, -0.001875, -0.00375]",0,0,29.5,"[1, 1, 1, 1, 1, 1]",90.86964702954442,0.0,0.0,0,0.0
1774904418.0404277,"[0, 0, 0, 0, 0, 0]","[1291, 1500, 1500, 1500]","[-25.08, 0.0, 0.0, 0.0]","[0.0, 0.0, 0.0]",0,4685.65087890625,0,32.0747745513916,"[0.0, 2.16674804652, -9.67407226404]","[0, 0, 0]",0,3,0.0,0.0,4.686,0,0,0,4294967.295,3750001.152,0,55751,0,87.83712005615234,112.77394104003906,0.5969807505607605,0,state.PRE_FLIGHT,810,-30,0,-30,0.0,4713,4713,"[10.4, 0.5, 16.5, 10.4, 16.5, 17.6, 0, 0]","[3.638, 3.639, 3.639]",0.187,"[2.9984, 3.3152000000000004, 5.0016, 7.3664000000000005, 8.4528, 27.8288]","[0.03875, 0.628125, -0.00625, -0.003125, -0.005, -0.001875]",0,0,29.5,"[1, 1, 1, 1, 1, 1]",90.83707370215988,0.0,0.0,0,0.0
1774904418.1015751,"[0, 0, 0, 0, 0, 0]","[1291, 1500, 1500, 1500]","[-25.08, 0.0, 0.0, 0.0]","[0.0, 0.0, 0.0]",0,4684.345703125,0,32.057286758422855,"[0.0, -0.82397460924, -6.5002441395599995]","[0, 0, 0]",0,3,0.0,0.0,4.684,0,0,0,4294967.295,3750001.152,0,55811,0,87.74891662597656,112.78797149658203,0.5969807505607605,0,state.PRE_FLIGHT,811,-30,0,-30,0.0,4713,4713,"[10.4, 0.5, 17.6, 10.8, 15.5, 16.5, 0, 0]","[3.638, 3.639, 3.639]",0.187,"[2.9984, 3.3152000000000004, 5.0016, 7.3664000000000005, 8.4528, 27.8288]","[0.03875, 0.628125, -0.00625, -0.003125, -0.005, -0.001875]",0,0,29.5,"[1, 1, 1, 1, 1, 1]",90.8717035499846,0.0,0.0,0,0.0
1774904418.1565852,"[0, 0, 0, 0, 0, 0]","[1291, 1500, 1500, 1500]","[-25.08, 0.0, 0.0, 0.0]","[0.0, 0.0, 0.0]",0,4683.01806640625,0,32.06603065490722,"[0.0, 1.55639648412, 2.62451171832]","[0, 0, 0]",0,3,0.0,0.0,4.684,0,0,0,4294967.295,3750001.152,0,55871,0,87.72213745117188,112.83494567871094,0.5969807505607605,0,state.PRE_FLIGHT,812,-30,0,-30,0.0,4713,4713,"[10.8, 0.5, 16.5, 10.6, 15.9, 17.0, 0, 0]","[3.638, 3.639, 3.639]",0.187,"[2.9936000000000003, 3.3120000000000003, 5.0, 7.3632, 8.4448, 27.8256]","[0.03, 0.625, -0.003125, -0.001875, -0.003125, 0.00125]",0,0,29.5,"[1, 1, 1, 1, 1, 1]",90.8837900282076,0.0,0.0,0,0.0
1774904418.2111127,"[0, 0, 0, 0, 0, 0]","[1291, 1500, 1500, 1500]","[-25.08, 0.0, 0.0, 0.0]","[0.0, 0.0, 0.0]",0,4681.884765625,0,32.083518447875974,"[0.0, -7.4768066393999995, 5.61523437408]","[0, 0, 0]",0,3,0.0,0.0,4.682,0,0,0,4294967.295,3750001.152,0,55925,0,87.80498504638672,113.0189208984375,0.5969807505607605,0,state.PRE_FLIGHT,813,-31,0,-30,0.0,4713,4713,"[10.8, 0.5, 15.9, 10.6, 15.5, 17.0, 0, 0]","[3.638, 3.639, 3.639]",0.187,"[2.9936000000000003, 3.3120000000000003, 5.0, 7.3632, 8.4448, 27.8256]","[0.03, 0.625, -0.003125, -0.001875, -0.003125, 0.00125]",0,0,29.5,"[1, 1, 1, 1, 1, 1]",90.85815000579964,0.0,0.0,0,0.0
1774904418.2706444,"[0, 0, 0, 0, 0, 0]","[1291, 1500, 1500, 1500]","[-25.08, 0.0, 0.0, 0.0]","[0.0, 0.0, 0.0]",0,4680.51708984375,0,32.05291481018067,"[0.0, 0.762939453, 3.57055664004]","[0, 0, 0]",0,3,0.0,0.0,4.682,0,0,0,4294967.295,3750001.152,0,55985,0,87.74085235595703,112.8498764038086,0.5969807505607605,0,state.PRE_FLIGHT,814,-30,0,-30,0.0,4713,4713,"[10.4, 0.5, 15.9, 10.8, 15.0, 17.6, 0, 0]","[3.638, 3.639, 3.639]",0.187,"[2.9952, 3.3120000000000003, 5.0032000000000005, 7.3632, 8.4528, 27.822400000000002]","[0.035625000000000004, 0.215, -0.001875, -0.003125, -0.00375, -0.00125]",0,0,29.5,"[1, 1, 1, 1, 1, 1]",90.87707449094998,0.0,0.0,0,0.0
1774904418.3316498,"[0, 0, 0, 0, 0, 0]","[1291, 1500, 1500, 1500]","[-25.08, 0.0, 0.0, 0.0]","[0.0, 0.0, 0.0]",0,4679.10888671875,0,32.06603065490722,"[0.0, 5.5236816397199995, 0.57983398428]","[0, 0, 0]",0,3,0.0,0.0,4.68,0,0,0,4294967.295,3750001.152,0,56045,0,87.68655395507812,112.85657501220703,0.5969807505607605,0,state.PRE_FLIGHT,815,-30,0,-30,0.0,4713,4713,"[10.6, 0.5, 16.5, 10.8, 15.5, 15.9, 0, 0]","[3.638, 3.639, 3.639]",0.187,"[2.9968000000000004, 3.3104, 5.0048, 7.3616, 8.4304, 27.8288]","[0.036875, 0.215625, 0.00125, 0.000625, -0.00125, 0.00125]",0,0,29.5,"[1, 1, 1, 1, 1, 1]",90.89839447979293,0.0,0.0,0,0.0
1774904418.3937798,"[0, 0, 0, 0, 0, 0]","[1291, 1500, 1500, 1500]","[-25.08, 0.0, 0.0, 0.0]","[0.0, 0.0, 0.0]",0,4677.68798828125,0,32.07040260314941,"[0.0, -8.0871582018, 1.12915039044]","[0, 0, 0]",0,3,0.0,0.0,4.677,0,0,0,4294967.295,3750001.152,0,56105,0,87.80731964111328,113.25454711914062,0.5969807505607605,0,state.PRE_FLIGHT,816,-30,0,-30,0.0,4713,4713,"[10.4, 0.5, 16.5, 10.4, 16.5, 17.6, 0, 0]","[3.638, 3.639, 3.639]",0.187,"[2.9968000000000004, 3.3104, 5.0048, 7.3616, 8.4304, 27.8288]","[0.036875, 0.215625, 0.00125, 0.000625, -0.00125, 0.00125]",0,0,29.5,"[1, 1, 1, 1, 1, 1]",90.86552860402003,0.0,0.0,0,0.0
1774904418.454122,"[0, 0, 0, 0, 0, 0]","[1291, 1500, 1500, 1500]","[-25.08, 0.0, 0.0, 0.0]","[0.0, 0.0, 0.0]",0,4676.482421875,0,32.083518447875974,"[0.0, 0.94604492172, -0.54931640616]","[0, 0, 0]",0,3,0.0,0.0,4.677,0,0,0,4294967.295,3750001.152,0,56159,0,88.10814666748047,113.2613525390625,0.5969807505607605,0,state.PRE_FLIGHT,817,-31,0,-30,0.0,4713,4713,"[10.8, 0.5, 15.9, 10.6, 15.9, 17.0, 0, 0]","[3.638, 3.639, 3.639]",0.187,"[2.9936000000000003, 3.3120000000000003, 5.0032000000000005, 7.3696, 8.4496, 27.824]","[0.03375, 0.25125000000000003, -0.00375, -0.0025, 0.0, -0.001875]",0,0,29.5,"[1, 1, 1, 1, 1, 1]",90.74702728360826,0.0,0.0,0,0.0
1774904418.5171838,"[0, 0, 0, 0, 0, 0]","[1291, 1500, 1500, 1500]","[-25.08, 0.0, 0.0, 0.0]","[0.0, 0.0, 0.0]",0,4675.0166015625,0,32.08789039611816,"[0.0, 0.57983398428, -1.8310546872]","[0, 0, 0]",0,3,0.0,0.0,4.675,0,0,0,4294967.295,3750001.152,0,56219,0,88.25447082519531,113.22709655761719,0.5969807505607605,0,state.PRE_FLIGHT,818,-32,0,-31,0.0,4713,4713,"[10.8, 0.5, 17.6, 10.6, 16.5, 17.6, 0, 0]","[3.638, 3.639, 3.639]",0.187,"[2.9936000000000003, 3.3120000000000003, 5.0032000000000005, 7.3696, 8.4496, 27.824]","[0.03375, 0.25125000000000003, -0.00375, -0.0025, 0.0, -0.001875]",0,0,29.5,"[1, 1, 1, 1, 1, 1]",90.68830584203008,0.0,0.0,0,0.0
1774904418.5777462,"[0, 0, 0, 0, 0, 0]","[1291, 1500, 1500, 1500]","[-25.08, 0.0, 0.0, 0.0]","[0.0, 0.0, 0.0]",0,4673.53125,0,32.07914649963379,"[0.0, 0.03051757812, -0.73242187488]","[0, 0, 0]",0,3,0.0,0.0,4.675,0,0,0,4294967.295,3750001.152,0,56279,0,88.2503433227539,113.51872253417969,0.5969807505607605,0,state.PRE_FLIGHT,819,-32,0,-30,0.0,4713,4713,"[10.4, 0.5, 16.5, 10.4, 17.0, 15.9, 0, 0]","[3.638, 3.639, 3.639]",0.187,"[2.9952, 3.3136, 5.0016, 7.3632, 8.4288, 27.8272]","[0.036875, 0.25125000000000003, -0.0025, -0.00125, -0.003125, -0.001875]",0,0,29.5,"[1, 1, 1, 1, 1, 1]",90.69810701260941,0.0,0.0,0,0.0
1774904418.6250892,"[0, 0, 0, 0, 0, 0]","[1291, 1500, 1500, 1500]","[-25.08, 0.0, 0.0, 0.0]","[0.0, 0.0, 0.0]",0,4672.0146484375,0,32.08789039611816,"[0.0, -2.96020507764, 5.24902343664]","[0, 0, 0]",0,3,0.0,0.0,4.673,0,0,0,4294967.295,3750001.152,0,56339,0,88.4361572265625,113.43402099609375,0.5969807505607605,0,state.PRE_FLIGHT,820,-32,0,-31,0.0,4713,4713,"[10.4, 0.5, 15.5, 10.2, 15.5, 15.9, 0, 0]","[3.638, 3.639, 3.639]",0.187,"[2.9952, 3.3136, 5.0016, 7.3632, 8.4288, 27.8272]","[0.036875, 0.25125000000000003, -0.0025, -0.00125, -0.003125, -0.001875]",0,0,29.5,"[1, 1, 1, 1, 1, 1]",90.62186394614574,0.0,0.0,0,0.0
1774904418.6836252,"[0, 0, 0, 0, 0, 0]","[1291, 1500, 1500, 1500]","[-25.08, 0.0, 0.0, 0.0]","[0.0, 0.0, 0.0]",0,4670.48486328125,0,32.09226234436035,"[0.0, 7.29370117068, 11.93237304492]","[0, 0, 0]",0,3,0.0,0.0,4.67,0,0,0,4294967.295,3750001.152,0,56393,0,88.45664978027344,113.31398010253906,0.5969807505607605,0,state.PRE_FLIGHT,821,-32,0,-31,0.0,4713,4713,"[10.6, 0.5, 18.2, 10.8, 15.9, 17.0, 0, 0]","[3.638, 3.639, 3.639]",0.187,"[2.9936000000000003, 3.3120000000000003, 5.008, 7.3664000000000005, 8.457600000000001, 27.8272]","[0.036875, 0.614375, -0.00125, -0.003125, -0.00625, 0.00625]",0,0,29.5,"[1, 1, 1, 1, 1, 1]",90.61074878835947,0.0,0.0,0,0.0
1774904418.7455187,"[0, 0, 0, 0, 0, 0]","[1291, 1500, 1500, 1500]","[-25.08, 0.0, 0.0, 0.0]","[0.0, 0.0, 0.0]",0,4668.9248046875,0,32.083518447875974,"[0.0, -4.7302246086, -5.37109374912]","[0, 0, 0]",0,3,0.0,0.0,4.67,0,0,0,4294967.295,3750001.152,0,56453,0,88.42462921142578,113.48792266845703,0.5969807505607605,0,state.PRE_FLIGHT,822,-32,0,-31,0.0,4713,4713,"[10.4, 0.5, 17.0, 10.6, 15.5, 17.6, 0, 0]","[3.638, 3.639, 3.639]",0.187,"[2.9936000000000003, 3.3120000000000003, 5.008, 7.3664000000000005, 8.457600000000001, 27.8272]","[0.036875, 0.614375, -0.00125, -0.003125, -0.00625, 0.00625]",0,0,29.5,"[1, 1, 1, 1, 1, 1]",90.62780654582855,0.0,0.0,0,0.0
1774904418.8060412,"[0, 0, 0, 0, 0, 0]","[1291, 1500, 1500, 1500]","[-25.08, 0.0, 0.0, 0.0]","[0.0, 0.0, 0.0]",0,4667.3486328125,0,32.0747745513916,"[0.0, -8.27026367052, -4.2724609368]","[0, 0, 0]",0,3,0.0,0.0,4.667,0,0,0,4294967.295,3750001.152,0,56513,0,88.57292938232422,113.44274139404297,0.5969807505607605,0,state.PRE_FLIGHT,823,-32,0,-31,0.0,4713,4713,"[10.8, 0.5, 16.5, 10.8, 15.9, 16.5, 0, 0]","[3.638, 3.639, 3.639]",0.187,"[2.9968000000000004, 3.3136, 5.0032000000000005, 7.3664000000000005, 8.4368, 27.822400000000002]","[0.035625000000000004, 0.61375, -0.000625, -0.005, -0.0025, 0.004375]",0,0,29.5,"[1, 1, 1, 1, 1, 1]",90.56768552537463,0.0,0.0,0,0.0
1774904418.8665586,"[0, 0, 0, 0, 0, 0]","[1291, 1500, 1500, 1500]","[-25.08, 0.0, 0.0, 0.0]","[0.0, 0.0, 0.0]",0,4665.75537109375,0,32.1097501373291,"[0.0, 4.5471191398799995, 7.29370117068]","[0, 0, 0]",0,3,0.0,0.0,4.667,0,0,0,4294967.295,3750001.152,0,56573,0,88.64312744140625,113.48729705810547,0.5969807505607605,0,state.PRE_FLIGHT,824,-32,0,-31,0.0,4713,4713,"[10.4, 0.5, 17.0, 10.6, 15.5, 16.5, 0, 0]","[3.638, 3.639, 3.639]",0.187,"[2.9968000000000004, 3.3136, 5.0032000000000005, 7.3664000000000005, 8.4368, 27.822400000000002]","[0.035625000000000004, 0.61375, -0.000625, -0.005, -0.0025, 0.004375]",0,0,29.5,"[1, 1, 1, 1, 1, 1]",90.54073325813981,0.0,0.0,0,0.0
1774904418.9118848,"[0, 0, 0, 0, 0, 0]","[1291, 1500, 1500, 1500]","[-25.08, 0.0, 0.0, 0.0]","[0.0, 0.0, 0.0]",0,4664.40478515625,0,32.083518447875974,"[0.0, -3.75366210876, -3.5095214838]","[0, 0, 0]",0,3,0.0,0.0,4.665,0,0,0,4294967.295,3750001.152,0,56627,0,88.39241027832031,113.5625228881836,0.5969807505607605,0,state.PRE_FLIGHT,825,-31,0,-31,0.0,4713,4713,"[10.4, 0.5, 17.6, 10.6, 15.9, 16.5, 0, 0]","[3.638, 3.639, 3.639]",0.187,"[2.9952, 3.3120000000000003, 5.0032000000000005, 7.3664000000000005, 8.464, 27.8256]","[0.0375, 0.244375, -0.00375, -0.0025, -0.00625, 0.00125]",0,0,29.5,"[1, 1, 1, 1, 1, 1]",90.642562431174,0.0,0.0,0,0.0
1774904418.9730065,"[0, 0, 0, 0, 0, 0]","[1291, 1500, 1500, 1500]","[-25.08, 0.0, 0.0, 0.0]","[0.0, 0.0, 0.0]",0,4662.77734375,0,32.08789039611816,"[0.0, -14.1906738258, 0.21362304684]","[0, 0, 0]",0,3,0.0,0.0,4.665,0,0,0,4294967.295,3750001.152,0,56687,0,88.59321594238281,113.85979461669922,0.5969807505607605,0,state.PRE_FLIGHT,826,-30,0,-30,0.0,4713,4713,"[10.2, 0.5, 15.5, 10.6, 15.0, 17.0, 0, 0]","[3.638, 3.639, 3.639]",0.187,"[2.9952, 3.3120000000000003, 5.0032000000000005, 7.3664000000000005, 8.464, 27.8256]","[0.0375, 0.244375, -0.00375, -0.0025, -0.00625, 0.00125]",0,0,29.5,"[1, 1, 1, 1, 1, 1]",90.56899624665073,0.0,0.0,0,0.0
1774904419.0336454,"[0, 0, 0, 0, 0, 0]","[1291, 1500, 1500, 1500]","[-25.08, 0.0, 0.0, 0.0]","[0.0, 0.0, 0.0]",0,4661.11669921875,0,32.101006240844725,"[0.0, -1.3732910154, 2.99072265576]","[0, 0, 0]",0,3,0.0,0.0,4.662,0,0,0,4294967.295,3750001.152,0,56747,0,88.7638168334961,113.81279754638672,0.5969807505607605,0,state.PRE_FLIGHT,827,-31,0,-30,0.0,4713,4713,"[10.6, 0.5, 17.6, 10.8, 15.5, 17.0, 0, 0]","[3.638, 3.639, 3.639]",0.187,"[2.9952, 3.3120000000000003, 5.0048, 7.3616, 8.441600000000001, 27.8272]","[0.03, 0.2475, 0.0, -0.003125, -0.003125, -0.001875]",0,0,29.5,"[1, 1, 1, 1, 1, 1]",90.49907611150918,0.0,0.0,0,0.0
1774904419.0943267,"[0, 0, 0, 0, 0, 0]","[1291, 1500, 1500, 1500]","[-25.08, 0.0, 0.0, 0.0]","[0.0, 0.0, 0.0]",0,4659.44580078125,0,32.101006240844725,"[0.0, 9.6130371078, -3.69262695252]","[0, 0, 0]",0,3,0.0,0.0,4.66,0,0,0,4294967.295,3750001.152,0,56807,0,88.7369384765625,113.57293701171875,0.5969807505607605,0,state.PRE_FLIGHT,828,-32,0,-31,0.0,4713,4713,"[10.4, 0.5, 17.0, 10.4, 15.9, 15.9, 0, 0]","[3.638, 3.639, 3.639]",0.187,"[2.9968000000000004, 3.3120000000000003, 5.0016, 7.364800000000001, 8.443200000000001, 27.8256]","[0.03125, 0.230625, -0.00125, -0.000625, -0.0025, -0.000625]",0,0,29.5,"[1, 1, 1, 1, 1, 1]",90.50508433884482,0.0,0.0,0,0.0
1774904419.1545627,"[0, 0, 0, 0, 0, 0]","[1291, 1500, 1500, 1500]","[-25.08, 0.0, 0.0, 0.0]","[0.0, 0.0, 0.0]",0,4657.75439453125,0,32.09663429260254,"[0.0, -1.55639648412, 2.80761718704]","[0, 0, 0]",0,3,0.0,0.0,4.66,0,0,0,4294967.295,3750001.152,0,56861,0,89.20372772216797,113.6982192993164,0.5969807505607605,0,state.PRE_FLIGHT,829,-33,0,-32,0.0,4713,4713,"[10.4, 0.5, 17.0, 10.4, 15.5, 17.6, 0, 0]","[3.638, 3.639, 3.639]",0.187,"[2.9968000000000004, 3.3120000000000003, 5.0016, 7.364800000000001, 8.443200000000001, 27.8256]","[0.03125, 0.230625, -0.00125, -0.000625, -0.0025, -0.000625]",0,0,29.5,"[1, 1, 1, 1, 1, 1]",90.32002857327488,0.0,0.0,0,0.0
1774904419.2152765,"[0, 0, 0, 0, 0, 0]","[1291, 1500, 1500, 1500]","[-25.08, 0.0, 0.0, 0.0]","[0.0, 0.0, 0.0]",0,4656.0419921875,0,32.09226234436035,"[0.0, -7.1105957019599995, -5.7678222646799995]","[0, 0, 0]",0,3,0.0,0.0,4.656,0,0,0,4294967.295,3750001.152,0,56921,0,89.14328002929688,113.99544525146484,0.5969807505607605,0,state.PRE_FLIGHT,830,-33,0,-32,0.0,4713,4713,"[11.1, 0.5, 15.5, 10.6, 15.9, 15.9, 0, 0]","[3.638, 3.639, 3.639]",0.187,"[2.9968000000000004, 3.3120000000000003, 5.0048, 7.3696, 8.456000000000001, 27.8272]","[0.03375, 0.230625, 0.000625, -0.0025, -0.0025, -0.0025]",0,0,29.5,"[1, 1, 1, 1, 1, 1]",90.34838635107718,0.0,0.0,0,0.0
1774904419.2750113,"[0, 0, 0, 0, 0, 0]","[1291, 1500, 1500, 1500]","[-25.08, 0.0, 0.0, 0.0]","[0.0, 0.0, 0.0]",0,4654.31884765625,0,32.08789039611816,"[0.0, 3.14331054636, 2.80761718704]","[0, 0, 0]",0,3,0.0,0.0,4.656,0,0,0,4294967.295,3750001.152,0,56981,0,89.14265441894531,114.02963256835938,0.5969807505607605,0,state.PRE_FLIGHT,831,-32,0,-32,0.0,4713,4713,"[10.8, 0.5, 17.0, 10.8, 15.9, 17.0, 0, 0]","[3.638, 3.639, 3.639]",0.187,"[2.9968000000000004, 3.3120000000000003, 5.0048, 7.3696, 8.456000000000001, 27.8272]","[0.03375, 0.230625, 0.000625, -0.0025, -0.0025, -0.0025]",0,0,29.5,"[1, 1, 1, 1, 1, 1]",90.34910802137863,0.0,0.0,0,0.0
1774904419.3360298,"[0, 0, 0, 0, 0, 0]","[1291, 1500, 1500, 1500]","[-25.08, 0.0, 0.0, 0.0]","[0.0, 0.0, 0.0]",0,4652.5654296875,0,32.12723793029785,"[0.0, 0.39672851556, -0.36621093744]","[0, 0, 0]",0,3,0.0,0.0,4.654,0,0,0,4294967.295,3750001.408,0,57041,0,89.33552551269531,113.93748474121094,0.5969807505607605,0,state.PRE_FLIGHT,832,-31,0,-31,0.0,4713,4713,"[10.8, 0.5, 17.0, 10.8, 15.5, 17.0, 0, 0]","[3.638, 3.639, 3.639]",0.187,"[2.9952, 3.3136, 5.0048, 7.3632, 8.4512, 27.8272]","[0.030625, 0.27875, 0.000625, -0.00125, -0.0025, -0.00125]",0,0,29.5,"[1, 1, 1, 1, 1, 1]",90.2695985869489,0.0,0.0,0,0.0
1774904419.38131,"[0, 0, 0, 0, 0, 0]","[1291, 1500, 1500, 1500]","[-25.08, 0.0, 0.0, 0.0]","[0.0, 0.0, 0.0]",0,4651.099609375,0,32.11412208557129,"[0.0, -2.53295898396, -2.01416015592]","[0, 0, 0]",0,3,0.0,0.0,4.651,0,0,0,4294967.295,3750001.408,0,57095,0,89.65377807617188,113.94551849365234,0.5969807505607605,0,state.PRE_FLIGHT,833,-30,0,-30,0.0,4713,4713,"[10.8, 0.5, 17.6, 10.6, 16.5, 17.0, 0, 0]","[3.638, 3.639, 3.639]",0.187,"[2.9952, 3.3136, 5.0048, 7.3632, 8.4512, 27.8272]","[0.030625, 0.27875, 0.000625, -0.00125, -0.0025, -0.00125]",0,0,29.5,"[1, 1, 1, 1, 1, 1]",90.1405196112858,0.0,0.0,0,0.0
1774904419.4414127,"[0, 0, 0, 0, 0, 0]","[1291, 1500, 1500, 1500]","[-25.08, 0.0, 0.0, 0.0]","[0.0, 0.0, 0.0]",0,4649.31982421875,0,32.10537818908691,"[0.0, 3.93676757748, 5.24902343664]","[0, 0, 0]",0,3,0.0,0.0,4.651,0,0,0,4294967.295,3750001.408,0,57155,0,89.77247619628906,113.96078491210938,0.5969807505607605,0,state.PRE_FLIGHT,834,-30,0,-30,0.0,4713,4713,"[10.4, 0.5, 17.0, 10.4, 15.9, 17.6, 0, 0]","[3.638, 3.639, 3.639]",0.187,"[2.9936000000000003, 3.3088, 5.0032000000000005, 7.364800000000001, 8.443200000000001, 27.8288]","[0.036875, 0.6225, -0.003125, -0.003125, -0.004375, -0.00125]",0,0,29.5,"[1, 1, 1, 1, 1, 1]",90.09239978212466,0.0,0.0,0,0.0
1774904419.5021358,"[0, 0, 0, 0, 0, 0]","[1291, 1500, 1500, 1500]","[-25.08, 0.0, 0.0, 0.0]","[0.0, 0.0, 0.0]",0,4647.52587890625,0,32.12723793029785,"[0.0, -0.39672851556, 9.70458984216]","[0, 0, 0]",0,3,0.0,0.0,4.648,0,0,0,4294967.295,3750001.408,0,57215,0,89.87258911132812,114.09140014648438,0.5969807505607605,0,state.PRE_FLIGHT,835,-30,0,-30,0.0,4713,4713,"[10.0, 0.5, 16.5, 10.6, 15.9, 17.0, 0, 0]","[3.638, 3.639, 3.639]",0.187,"[2.9936000000000003, 3.3088, 5.0032000000000005, 7.364800000000001, 8.443200000000001, 27.8288]","[0.036875, 0.6225, -0.003125, -0.003125, -0.004375, -0.00125]",0,0,29.5,"[1, 1, 1, 1, 1, 1]",90.05200825363207,0.0,0.0,0,0.0
1774904419.5636415,"[0, 0, 0, 0, 0, 0]","[1291, 1500, 1500, 1500]","[-25.08, 0.0, 0.0, 0.0]","[0.0, 0.0, 0.0]",0,4645.71728515625,0,32.10537818908691,"[0.0, -4.97436523356, -1.09863281232]","[0, 0, 0]",0,3,0.0,0.0,4.648,0,0,0,4294967.295,3750001.408,0,57275,0,90.13992309570312,114.14693450927734,0.5969807505607605,0,state.PRE_FLIGHT,836,-36,0,-32,0.0,4713,4713,"[10.6, 0.5, 16.5, 10.8, 15.9, 16.5, 0, 0]","[3.638, 3.639, 3.639]",0.187,"[2.9968000000000004, 3.3088, 5.0016, 7.368, 8.4384, 27.8256]","[0.03625, 0.579375, -0.005625, 0.0025, -0.00625, -0.00125]",0,0,29.5,"[1, 1, 1, 1, 1, 1]",89.94276057574092,0.0,0.0,0,0.0
1774904419.625312,"[0, 0, 0, 0, 0, 0]","[1291, 1500, 1500, 1500]","[-25.08, 0.0, 0.0, 0.0]","[0.0, 0.0, 0.0]",0,4644.19189453125,0,32.11849403381348,"[0.0, 3.93676757748, -8.91113281104]","[0, 0, 0]",0,3,0.0,0.0,4.645,0,0,0,4294967.295,3750001.408,0,57329,0,90.01869201660156,114.09100341796875,0.5969807505607605,0,state.PRE_FLIGHT,837,-32,0,-34,0.0,4713,4713,"[10.4, 0.5, 16.5, 10.2, 15.9, 16.5, 0, 0]","[3.638, 3.639, 3.639]",0.187,"[2.9968000000000004, 3.3088, 5.0016, 7.368, 8.4384, 27.8256]","[0.03625, 0.579375, -0.005625, 0.0025, -0.00625, -0.00125]",0,0,29.5,"[1, 1, 1, 1, 1, 1]",89.9923701596491,0.0,0.0,0,0.0
1774904419.6848373,"[0, 0, 0, 0, 0, 0]","[1291, 1500, 1500, 1500]","[-25.08, 0.0, 0.0, 0.0]","[0.0, 0.0, 0.0]",0,4642.35546875,0,32.1097501373291,"[0.0, -4.9133300773199995, -10.58959960764]","[0, 0, 0]",0,3,0.0,0.0,4.642,0,0,0,4294967.295,3750001.408,0,57389,0,89.85768127441406,114.16568756103516,0.5969807505607605,0,state.PRE_FLIGHT,838,-30,0,-30,0.0,4713,4713,"[10.4, 0.5, 17.0, 10.6, 16.5, 17.0, 0, 0]","[3.638, 3.639, 3.639]",0.187,"[3.0, 3.3120000000000003, 5.0048, 7.368, 8.4528, 27.8288]","[0.035, 0.595625, -0.0025, -0.00125, -0.01, -0.000625]",0,0,29.5,"[1, 1, 1, 1, 1, 1]",90.05826192370496,0.0,0.0,0,0.0
1774904419.7448354,"[0, 0, 0, 0, 0, 0]","[1291, 1500, 1500, 1500]","[-25.08, 0.0, 0.0, 0.0]","[0.0, 0.0, 0.0]",0,4640.49560546875,0,32.122865982055664,"[0.0, -1.55639648412, -5.00488281168]","[0, 0, 0]",0,3,0.0,0.0,4.642,0,0,0,4294967.295,3750001.408,0,57449,0,89.93728637695312,114.28166198730469,0.5969807505607605,0,state.PRE_FLIGHT,839,-32,0,-30,0.0,4713,4713,"[10.4, 0.5, 16.5, 11.1, 15.9, 16.5, 0, 0]","[3.638, 3.639, 3.639]",0.187,"[3.0, 3.3120000000000003, 5.0048, 7.368, 8.4528, 27.8288]","[0.035, 0.595625, -0.0025, -0.00125, -0.01, -0.000625]",0,0,29.5,"[1, 1, 1, 1, 1, 1]",90.02578925704009,0.0,0.0,0,0.0
1774904419.8063707,"[0, 0, 0, 0, 0, 0]","[1291, 1500, 1500, 1500]","[-25.08, 0.0, 0.0, 0.0]","[0.0, 0.0, 0.0]",0,4638.626953125,0,32.13160987854004,"[0.0, -13.21411132596, -7.2326660144399995]","[0, 0, 0]",0,3,0.0,0.0,4.639,0,0,0,4294967.295,3750001.408,0,57509,0,89.97816467285156,114.39452362060547,0.5969807505607605,0,state.PRE_FLIGHT,840,-35,0,-34,0.0,4713,4713,"[10.6, 0.5, 16.5, 10.4, 15.9, 17.0, 0, 0]","[3.638, 3.639, 3.639]",0.187,"[2.9952, 3.3088, 5.0016, 7.3616, 8.432, 27.8272]","[0.031875, 0.25625, -0.000625, -0.000625, 0.00125, -0.00625]",0,0,29.5,"[1, 1, 1, 1, 1, 1]",90.00901836951697,0.0,0.0,0,0.0
1774904419.8513613,"[0, 0, 0, 0, 0, 0]","[1291, 1500, 1500, 1500]","[-25.08, 0.0, 0.0, 0.0]","[0.0, 0.0, 0.0]",0,4636.74169921875,0,32.10537818908691,"[0.0, -7.65991210812, 0.57983398428]","[0, 0, 0]",0,3,0.0,0.0,4.639,0,0,0,4294967.295,3750001.408,0,57563,0,90.01705169677734,114.59441375732422,0.5969807505607605,0,state.PRE_FLIGHT,841,-35,0,-35,0.0,4713,4713,"[10.4, 0.5, 17.0, 10.8, 15.0, 16.5, 0, 0]","[3.638, 3.639, 3.639]",0.187,"[2.9968000000000004, 3.3120000000000003, 5.0032000000000005, 7.3632, 8.457600000000001, 27.8256]","[0.030625, 0.23625000000000002, -0.00125, -0.004375, -0.00125, 0.0]",0,0,29.5,"[1, 1, 1, 1, 1, 1]",89.99290321789236,0.0,0.0,0,0.0
1774904419.9109044,"[0, 0, 0, 0, 0, 0]","[1291, 1500, 1500, 1500]","[-25.08, 0.0, 0.0, 0.0]","[0.0, 0.0, 0.0]",0,4634.84033203125,0,32.10537818908691,"[0.0, -2.41088867148, 10.46752929516]","[0, 0, 0]",0,3,0.0,0.0,4.635,0,0,0,4294967.295,3750001.408,0,57623,0,90.17693328857422,114.73970031738281,0.5969807505607605,0,state.PRE_FLIGHT,842,-35,0,-35,0.0,4713,4713,"[10.8, 0.5, 16.5, 10.8, 15.5, 15.9, 0, 0]","[3.638, 3.639, 3.639]",0.187,"[2.9968000000000004, 3.3120000000000003, 5.0032000000000005, 7.3632, 8.457600000000001, 27.8256]","[0.030625, 0.23625000000000002, -0.00125, -0.004375, -0.00125, 0.0]",0,0,29.5,"[1, 1, 1, 1, 1, 1]",89.92595413863016,0.0,0.0,0,0.0
1774904419.971429,"[0, 0, 0, 0, 0, 0]","[1291, 1500, 1500, 1500]","[-25.08, 0.0, 0.0, 0.0]","[0.0, 0.0, 0.0]",0,4632.93115234375,0,32.11849403381348,"[0.0, -1.43432617164, -5.55419921784]","[0, 0, 0]",0,3,0.0,0.0,4.635,0,0,0,4294967.295,3750001.408,0,57683,0,89.90992736816406,114.85628509521484,0.5969807505607605,0,state.PRE_FLIGHT,843,-32,0,-32,0.0,4713,4713,"[10.6, 0.5, 17.0, 10.6, 15.9, 16.5, 0, 0]","[3.638, 3.639, 3.639]",0.187,"[2.9968000000000004, 3.3136, 5.0016, 7.3696, 8.4448, 27.824]","[0.03125, 0.248125, -0.003125, -0.003125, -0.00125, -0.000625]",0,0,29.5,"[1, 1, 1, 1, 1, 1]",90.03786144548742,0.0,0.0,0,0.0
1774904420.0315223,"[0, 0, 0, 0, 0, 0]","[1291, 1500, 1500, 1500]","[-25.08, 0.0, 0.0, 0.0]","[0.0, 0.0, 0.0]",0,4631.0,0,32.122865982055664,"[0.0, 5.340576171, 0.03051757812]","[0, 0, 0]",0,3,0.0,0.0,4.632,0,0,0,4294967.295,3750001.408,0,57743,0,89.88520050048828,114.79155731201172,0.5969807505607605,0,state.PRE_FLIGHT,844,-35,0,-32,0.0,4713,4713,"[10.4, 0.5, 16.5, 10.8, 15.9, 18.2, 0, 0]","[3.638, 3.639, 3.639]",0.187,"[2.9968000000000004, 3.3136, 5.0016, 7.3696, 8.4448, 27.824]","[0.03125, 0.248125, -0.003125, -0.003125, -0.00125, -0.000625]",0,0,29.5,"[1, 1, 1, 1, 1, 1]",90.04813750608724,0.0,0.0,0,0.0
1774904420.0920806,"[0, 0, 0, 0, 0, 0]","[1291, 1500, 1500, 1500]","[-25.08, 0.0, 0.0, 0.0]","[0.0, 0.0, 0.0]",0,4629.38623046875,0,32.11849403381348,"[0.0, -11.62719726372, -13.76342773212]","[0, 0, 0]",0,3,0.0,0.0,4.629,0,0,0,4294967.295,3750001.408,0,57797,0,89.73724365234375,114.90325927734375,0.5969807505607605,0,state.PRE_FLIGHT,845,-32,0,-31,0.0,4713,4713,"[10.6, 0.5, 17.6, 10.4, 15.9, 17.0, 0, 0]","[3.638, 3.639, 3.639]",0.187,"[2.9968000000000004, 3.3104, 5.0032000000000005, 7.368, 8.440000000000001, 27.8256]","[0.03875, 0.584375, -0.0025, -0.003125, -0.0025, 0.000625]",0,0,29.5,"[1, 1, 1, 1, 1, 1]",90.11064307083636,0.0,0.0,0,0.0
1774904420.1529016,"[0, 0, 0, 0, 0, 0]","[1291, 1500, 1500, 1500]","[-25.08, 0.0, 0.0, 0.0]","[0.0, 0.0, 0.0]",0,4627.431640625,0,32.11412208557129,"[0.0, 14.8010253882, 2.80761718704]","[0, 0, 0]",0,3,0.0,0.0,4.629,0,0,0,4294967.295,3750001.408,0,57857,0,89.37317657470703,114.85382080078125,0.5969807505607605,0,state.PRE_FLIGHT,846,-31,0,-31,0.0,4713,4713,"[10.8, 0.5, 16.5, 10.6, 15.5, 16.5, 0, 0]","[3.638, 3.639, 3.639]",0.187,"[2.9968000000000004, 3.3104, 5.0032000000000005, 7.368, 8.440000000000001, 27.8256]","[0.03875, 0.584375, -0.0025, -0.003125, -0.0025, 0.000625]",0,0,29.5,"[1, 1, 1, 1, 1, 1]",90.26345245345412,0.0,0.0,0,0.0
1774904420.2134173,"[0, 0, 0, 0, 0, 0]","[1291, 1500, 1500, 1500]","[-25.08, 0.0, 0.0, 0.0]","[0.0, 0.0, 0.0]",0,4625.46630859375,0,32.122865982055664,"[0.0, -2.77709960892, 8.97216796728]","[0, 0, 0]",0,3,0.0,0.0,4.626,0,0,0,4294967.295,3750001.408,0,57917,0,89.51783752441406,114.93069458007812,0.5969807505607605,0,state.PRE_FLIGHT,847,-31,0,-30,0.0,4713,4713,"[10.8, 0.5, 15.9, 10.8, 15.9, 16.5, 0, 0]","[3.638, 3.639, 3.639]",0.187,"[2.9968000000000004, 3.3120000000000003, 5.0048, 7.36, 8.4336, 27.8256]","[0.033125, 0.606875, -0.00125, -0.000625, -0.00625, 0.0025]",0,0,29.5,"[1, 1, 1, 1, 1, 1]",90.20323996213371,0.0,0.0,0,0.0
1774904420.2739494,"[0, 0, 0, 0, 0, 0]","[1291, 1500, 1500, 1500]","[-25.08, 0.0, 0.0, 0.0]","[0.0, 0.0, 0.0]",0,4623.4912109375,0,32.1097501373291,"[0.0, 3.75366210876, 11.01684570132]","[0, 0, 0]",0,3,0.0,0.0,4.626,0,0,0,4294967.295,3750001.408,0,57977,0,89.78911590576172,114.97219848632812,0.5969807505607605,0,state.PRE_FLIGHT,848,-33,0,-33,0.0,4713,4713,"[10.6, 0.5, 16.5, 10.4, 16.5, 16.5, 0, 0]","[3.638, 3.639, 3.639]",0.187,"[2.9968000000000004, 3.3120000000000003, 5.0048, 7.36, 8.4336, 27.8256]","[0.033125, 0.606875, -0.00125, -0.000625, -0.00625, 0.0025]",0,0,29.5,"[1, 1, 1, 1, 1, 1]",90.08903055403209,0.0,0.0,0,0.0
1774904420.3179507,"[0, 0, 0, 0, 0, 0]","[1291, 1500, 1500, 1500]","[-25.08, 0.0, 0.0, 0.0]","[0.0, 0.0, 0.0]",0,4621.49951171875,0,32.122865982055664,"[0.0, 1.00708007796, 15.1062011694]","[0, 0, 0]",0,3,0.0,0.0,4.622,0,0,0,4294967.295,3750001.408,0,58031,0,89.9664077758789,115.21320343017578,0.5969807505607605,0,state.PRE_FLIGHT,849,-32,0,-33,0.0,4713,4713,"[10.6, 0.5, 15.9, 10.4, 15.9, 17.0, 0, 0]","[3.638, 3.639, 3.639]",0.187,"[2.9968000000000004, 3.3104, 5.0016, 7.368, 8.4624, 27.822400000000002]","[0.035625000000000004, 0.5625, -0.000625, 0.000625, -0.000625, 0.000625]",0,0,29.5,"[1, 1, 1, 1, 1, 1]",90.01430987669777,0.0,0.0,0,0.0
1774904420.3794892,"[0, 0, 0, 0, 0, 0]","[1291, 1500, 1500, 1500]","[-25.08, 0.0, 0.0, 0.0]","[0.0, 0.0, 0.0]",0,4619.50048828125,0,32.13160987854004,"[0.0, 1.00708007796, 4.3029785149199995]","[0, 0, 0]",0,3,0.0,0.0,4.619,0,0,0,4294967.295,3750001.408,0,58091,0,89.99020385742188,115.4579849243164,0.5969807505607605,0,state.PRE_FLIGHT,850,-32,0,-32,0.0,4713,4713,"[10.6, 0.5, 17.0, 10.8, 15.5, 16.5, 0, 0]","[3.638, 3.639, 3.639]",0.187,"[2.9968000000000004, 3.3104, 5.0016, 7.368, 8.4624, 27.822400000000002]","[0.035625000000000004, 0.5625, -0.000625, 0.000625, -0.000625, 0.000625]",0,0,29.5,"[1, 1, 1, 1, 1, 1]",90.00421086319169,0.0,0.0,0,0.0
1774904420.4394772,"[0, 0, 0, 0, 0, 0]","[1291, 1500, 1500, 1500]","[-25.08, 0.0, 0.0, 0.0]","[0.0, 0.0, 0.0]",0,4617.4853515625,0,32.12723793029785,"[0.0, 2.53295898396, 14.37377929452]","[0, 0, 0]",0,3,0.0,0.0,4.619,0,0,0,4294967.295,3750001.408,0,58151,0,90.25267791748047,115.3536148071289,0.5969807505607605,0,state.PRE_FLIGHT,851,-32,0,-32,0.0,4713,4713,"[10.4, 0.5, 16.5, 10.6, 15.0, 15.9, 0, 0]","[3.638, 3.639, 3.639]",0.187,"[2.9968000000000004, 3.3120000000000003, 5.0032000000000005, 7.3664000000000005, 8.4448, 27.832]","[0.028125, 0.234375, 0.00125, 0.000625, -0.006875, -0.00125]",0,0,29.5,"[1, 1, 1, 1, 1, 1]",89.89180267333948,0.0,0.0,0,0.0
1774904420.4990287,"[0, 0, 0, 0, 0, 0]","[1291, 1500, 1500, 1500]","[-25.08, 0.0, 0.0, 0.0]","[0.0, 0.0, 0.0]",0,4615.4609375,0,32.1097501373291,"[0.0, -0.21362304684, -10.9863281232]","[0, 0, 0]",0,3,0.0,0.0,4.616,0,0,0,4294967.295,3750001.408,0,58211,0,90.17362213134766,115.44944763183594,0.5969807505607605,0,state.PRE_FLIGHT,852,-34,0,-34,0.0,4713,4713,"[10.6, 0.5, 17.0, 11.1, 16.5, 16.5, 0, 0]","[3.638, 3.639, 3.639]",0.187,"[2.9968000000000004, 3.3120000000000003, 5.0032000000000005, 7.3664000000000005, 8.4448, 27.832]","[0.028125, 0.234375, 0.00125, 0.000625, -0.006875, -0.00125]",0,0,29.5,"[1, 1, 1, 1, 1, 1]",89.92539213296004,0.0,0.0,0,0.0
1774904420.562578,"[0, 0, 0, 0, 0, 0]","[1291, 1500, 1500, 1500]","[-25.08, 0.0, 0.0, 0.0]","[0.0, 0.0, 0.0]",0,4613.76611328125,0,32.1447257232666,"[0.0, -3.57055664004, 2.4414062496]","[0, 0, 0]",0,3,0.0,0.0,4.616,0,0,0,4294967.295,3750001.408,0,58265,0,90.56059265136719,115.4830093383789,0.5969807505607605,0,state.PRE_FLIGHT,853,-35,0,-35,0.0,4713,4713,"[10.4, 0.5, 15.9, 10.4, 15.5, 16.5, 0, 0]","[3.638, 3.639, 3.639]",0.187,"[2.9968000000000004, 3.3120000000000003, 5.0048, 7.3616, 8.456000000000001, 27.8272]","[0.035, 0.18812500000000001, -0.00125, -0.00375, -0.005, 0.003125]",0,0,29.5,"[1, 1, 1, 1, 1, 1]",89.75881183490988,0.0,0.0,0,0.0
1774904420.6234658,"[0, 0, 0, 0, 0, 0]","[1291, 1500, 1500, 1500]","[-25.08, 0.0, 0.0, 0.0]","[0.0, 0.0, 0.0]",0,4611.72021484375,0,32.12723793029785,"[0.0, 5.70678710844, -2.5939941402]","[0, 0, 0]",0,3,0.0,0.0,4.612,0,0,0,4294967.295,3750001.408,0,58325,0,90.59142303466797,115.55441284179688,0.5969807505607605,0,state.PRE_FLIGHT,854,-36,0,-36,0.0,4713,4713,"[10.4, 0.5, 16.5, 10.6, 15.9, 17.0, 0, 0]","[3.638, 3.639, 3.639]",0.187,"[2.9952, 3.3104, 5.0032000000000005, 7.3616, 8.443200000000001, 27.8272]","[0.031875, 0.2325, -0.00375, 0.00125, -0.00375, 0.0]",0,0,29.5,"[1, 1, 1, 1, 1, 1]",89.74488267289263,0.0,0.0,0,0.0
1774904420.6835582,"[0, 0, 0, 0, 0, 0]","[1291, 1500, 1500, 1500]","[-25.08, 0.0, 0.0, 0.0]","[0.0, 0.0, 0.0]",0,4609.66845703125,0,32.13160987854004,"[0.0, 10.65063476388, 10.070800779599999]","[0, 0, 0]",0,3,0.0,0.0,4.612,0,0,0,4294967.295,3750001.408,0,58385,0,90.73058319091797,115.43659210205078,0.5969807505607605,0,state.PRE_FLIGHT,855,-36,0,-36,0.0,4713,4713,"[10.2, 0.5, 16.5, 10.2, 16.5, 17.0, 0, 0]","[3.638, 3.639, 3.639]",0.187,"[2.9952, 3.3104, 5.0032000000000005, 7.3616, 8.443200000000001, 27.8272]","[0.031875, 0.2325, -0.00375, 0.00125, -0.00375, 0.0]",0,0,29.5,"[1, 1, 1, 1, 1, 1]",89.68621271390764,0.0,0.0,0,0.0
1774904420.7305613,"[0, 0, 0, 0, 0, 0]","[1291, 1500, 1500, 1500]","[-25.08, 0.0, 0.0, 0.0]","[0.0, 0.0, 0.0]",0,4607.60009765625,0,32.13598182678223,"[0.0, -13.21411132596, 0.21362304684]","[0, 0, 0]",0,3,0.0,0.0,4.609,0,0,0,4294967.295,3750001.408,0,58445,0,90.80318450927734,115.61666870117188,0.5969807505607605,0,state.PRE_FLIGHT,856,-35,0,-35,0.0,4713,4713,"[11.1, 0.5, 16.5, 10.8, 16.5, 15.5, 0, 0]","[3.638, 3.639, 3.639]",0.187,"[2.9952, 3.3120000000000003, 5.0032000000000005, 7.3664000000000005, 8.459200000000001, 27.8288]","[0.035, 0.230625, -0.00375, -0.003125, -0.00125, -0.00125]",0,0,29.5,"[1, 1, 1, 1, 1, 1]",89.65275395482809,0.0,0.0,0,0.0
1774904420.7920923,"[0, 0, 0, 0, 0, 0]","[1291, 1500, 1500, 1500]","[-25.08, 0.0, 0.0, 0.0]","[0.0, 0.0, 0.0]",0,4605.87353515625,0,32.1097501373291,"[0.0, -3.75366210876, -7.81249999872]","[0, 0, 0]",0,3,0.0,0.0,4.606,0,0,0,4294967.295,3750001.408,0,58499,0,90.87080383300781,115.67474365234375,0.5969807505607605,0,state.PRE_FLIGHT,857,-34,0,-34,0.0,4713,4713,"[10.4, 0.5, 17.0, 10.8, 16.5, 17.0, 0, 0]","[3.638, 3.639, 3.639]",0.187,"[2.9952, 3.3120000000000003, 5.0032000000000005, 7.3664000000000005, 8.459200000000001, 27.8288]","[0.035, 0.230625, -0.00375, -0.003125, -0.00125, -0.00125]",0,0,29.5,"[1, 1, 1, 1, 1, 1]",89.62272572584071,0.0,0.0,0,0.0
1774904420.8531,"[0, 0, 0, 0, 0, 0]","[1291, 1500, 1500, 1500]","[-25.08, 0.0, 0.0, 0.0]","[0.0, 0.0, 0.0]",0,4603.78857421875,0,32.11412208557129,"[0.0, -3.99780273372, -9.49096679532]","[0, 0, 0]",0,3,0.0,0.0,4.606,0,0,0,4294967.295,3750001.408,0,58559,0,90.81600189208984,115.85476684570312,0.5969807505607605,0,state.PRE_FLIGHT,858,-34,0,-34,0.0,4713,4713,"[10.2, 0.5, 17.0, 10.6, 17.0, 15.9, 0, 0]","[3.638, 3.639, 3.639]",0.187,"[2.9952, 3.3120000000000003, 5.0048, 7.3632, 8.4336, 27.8256]","[0.03, 0.26937500000000003, -0.001875, -0.004375, -0.000625, -0.001875]",0,0,29.5,"[1, 1, 1, 1, 1, 1]",89.644158268621,0.0,0.0,0,0.0
1774904420.9146192,"[0, 0, 0, 0, 0, 0]","[1291, 1500, 1500, 1500]","[-25.08, 0.0, 0.0, 0.0]","[0.0, 0.0, 0.0]",0,4601.69580078125,0,32.140353775024415,"[0.0, 12.78686523228, -2.96020507764]","[0, 0, 0]",0,3,0.0,0.0,4.602,0,0,0,4294967.295,3750001.408,0,58619,0,90.81171417236328,115.7556381225586,0.5969807505607605,0,state.PRE_FLIGHT,859,-35,0,-34,0.0,4713,4713,"[10.6, 0.5, 16.5, 10.8, 15.5, 17.0, 0, 0]","[3.638, 3.639, 3.639]",0.187,"[2.9952, 3.3120000000000003, 5.0048, 7.3632, 8.4336, 27.8256]","[0.03, 0.26937500000000003, -0.001875, -0.004375, -0.000625, -0.001875]",0,0,29.5,"[1, 1, 1, 1, 1, 1]",89.64729225619138,0.0,0.0,0,0.0
1774904420.9758096,"[0, 0, 0, 0, 0, 0]","[1291, 1500, 1500, 1500]","[-25.08, 0.0, 0.0, 0.0]","[0.0, 0.0, 0.0]",0,4599.59423828125,0,32.13160987854004,"[0.0, -5.8898925771599995, 5.24902343664]","[0, 0, 0]",0,3,0.0,0.0,4.602,0,0,0,4294967.295,3750001.408,0,58679,0,90.92479705810547,115.78011322021484,0.5969807505607605,0,state.PRE_FLIGHT,860,-35,0,-35,0.0,4713,4713,"[10.6, 0.5, 15.9, 10.6, 15.5, 17.6, 0, 0]","[3.638, 3.639, 3.639]",0.187,"[2.9952, 3.3120000000000003, 5.0032000000000005, 7.364800000000001, 8.441600000000001, 27.8272]","[0.034375, 0.6118750000000001, -0.00125, 0.0, -0.005, -0.003125]",0,0,29.5,"[1, 1, 1, 1, 1, 1]",89.59780273608672,0.0,0.0,0,0.0
1774904421.021913,"[0, 0, 0, 0, 0, 0]","[1291, 1500, 1500, 1500]","[-25.08, 0.0, 0.0, 0.0]","[0.0, 0.0, 0.0]",0,4597.4794921875,0,32.13598182678223,"[0.0, 2.71606445268, 17.91381835644]","[0, 0, 0]",0,3,0.0,0.0,4.598,0,0,0,4294967.295,3750001.408,0,58733,0,91.19017028808594,115.9514389038086,0.5969807505607605,0,state.PRE_FLIGHT,861,-35,0,-35,0.0,4713,4713,"[10.4, 0.5, 17.6, 10.6, 15.9, 16.5, 0, 0]","[3.638, 3.639, 3.639]",0.187,"[2.9952, 3.3120000000000003, 5.0032000000000005, 7.364800000000001, 8.441600000000001, 27.8272]","[0.034375, 0.6118750000000001, -0.00125, 0.0, -0.005, -0.003125]",0,0,29.5,"[1, 1, 1, 1, 1, 1]",89.47920079706573,0.0,0.0,0,0.0
1774904421.0820134,"[0, 0, 0, 0, 0, 0]","[1291, 1500, 1500, 1500]","[-25.08, 0.0, 0.0, 0.0]","[0.0, 0.0, 0.0]",0,4595.359375,0,32.122865982055664,"[0.0, -4.9133300773199995, 0.57983398428]","[0, 0, 0]",0,3,0.0,0.0,4.595,0,0,0,4294967.295,3750001.408,0,58793,0,91.10350036621094,116.12842559814453,0.5969807505607605,0,state.PRE_FLIGHT,862,-36,0,-35,0.0,4713,4713,"[10.4, 0.5, 17.6, 10.8, 15.0, 16.5, 0, 0]","[3.638, 3.639, 3.639]",0.187,"[2.9952, 3.3136, 5.0016, 7.3712, 8.4352, 27.8288]","[0.035, 0.625, -0.000625, 0.0, -0.004375, -0.000625]",0,0,29.5,"[1, 1, 1, 1, 1, 1]",89.51405959992435,0.0,0.0,0,0.0
1774904421.143767,"[0, 0, 0, 0, 0, 0]","[1291, 1500, 1500, 1500]","[-25.08, 0.0, 0.0, 0.0]","[0.0, 0.0, 0.0]",0,4593.22900390625,0,32.12723793029785,"[0.0, -3.93676757748, -0.36621093744]","[0, 0, 0]",0,3,0.0,0.0,4.595,0,0,0,4294967.295,3750001.408,0,58853,0,91.24234771728516,116.30603790283203,0.5969807505607605,0,state.PRE_FLIGHT,863,-36,0,-36,0.0,4713,4713,"[10.6, 0.5, 16.5, 10.8, 16.5, 17.0, 0, 0]","[3.638, 3.639, 3.639]",0.187,"[2.9952, 3.3136, 5.0016, 7.3712, 8.4352, 27.8288]","[0.035, 0.625, -0.000625, 0.0, -0.004375, -0.000625]",0,0,29.5,"[1, 1, 1, 1, 1, 1]",89.44946882198325,0.0,0.0,0,0.0
1774904421.2053087,"[0, 0, 0, 0, 0, 0]","[1291, 1500, 1500, 1500]","[-25.08, 0.0, 0.0, 0.0]","[0.0, 0.0, 0.0]",0,4591.091796875,0,32.13598182678223,"[0.0, 4.1198730462, 1.31225585916]","[0, 0, 0]",0,3,0.0,0.0,4.591,0,0,0,4294967.295,3750001.408,0,58913,0,91.25514221191406,116.40674591064453,0.5969807505607605,0,state.PRE_FLIGHT,864,-37,0,-36,0.0,4713,4713,"[10.6, 0.5, 16.5, 10.4, 15.9, 17.6, 0, 0]","[3.638, 3.639, 3.639]",0.187,"[2.9936000000000003, 3.3136, 5.0016, 7.3664000000000005, 8.4512, 27.8272]","[0.03375, 0.225625, -0.00375, -0.001875, 0.0025, 0.000625]",0,0,29.5,"[1, 1, 1, 1, 1, 1]",89.44182307123197,0.0,0.0,0,0.0
1774904421.2653103,"[0, 0, 0, 0, 0, 0]","[1291, 1500, 1500, 1500]","[-25.08, 0.0, 0.0, 0.0]","[0.0, 0.0, 0.0]",0,4589.3056640625,0,32.13598182678223,"[0.0, -0.762939453, -10.58959960764]","[0, 0, 0]",0,3,0.0,0.0,4.591,0,0,0,4294967.295,3750001.408,0,58967,0,91.2685317993164,116.47211456298828,0.5969807505607605,0,state.PRE_FLIGHT,865,-38,0,-37,0.0,4713,4713,"[10.4, 0.5, 17.0, 10.4, 15.5, 15.9, 0, 0]","[3.638, 3.639, 3.639]",0.187,"[2.9936000000000003, 3.3136, 5.0016, 7.3664000000000005, 8.4512, 27.8272]","[0.03375, 0.225625, -0.00375, -0.001875, 0.0025, 0.000625]",0,0,29.5,"[1, 1, 1, 1, 1, 1]",89.43457348942235,0.0,0.0,0,0.0
1774904421.3248482,"[0, 0, 0, 0, 0, 0]","[1291, 1500, 1500, 1500]","[-25.08, 0.0, 0.0, 0.0]","[0.0, 0.0, 0.0]",0,4587.15234375,0,32.11849403381348,"[0.0, 1.19018554668, 5.43212890536]","[0, 0, 0]",0,3,0.0,0.0,4.588,0,0,0,4294967.295,3750001.408,0,59027,0,91.5474624633789,116.56976318359375,0.5969807505607605,0,state.PRE_FLIGHT,866,-38,0,-38,0.0,4713,4713,"[10.4, 0.5, 16.5, 10.2, 16.5, 15.9, 0, 0]","[3.638, 3.639, 3.639]",0.187,"[2.9968000000000004, 3.3136, 5.0032000000000005, 7.3584000000000005, 8.4384, 27.8256]","[0.035625000000000004, 0.256875, 0.001875, -0.000625, -0.000625, -0.003125]",0,0,29.5,"[1, 1, 1, 1, 1, 1]",89.30790723821798,0.0,0.0,0,0.0
1774904421.3859181,"[0, 0, 0, 0, 0, 0]","[1291, 1500, 1500, 1500]","[-25.08, 0.0, 0.0, 0.0]","[0.0, 0.0, 0.0]",0,4584.99462890625,0,32.13598182678223,"[0.0, 10.65063476388, 8.392333983]","[0, 0, 0]",0,3,0.0,0.0,4.584,0,0,0,4294967.295,3750001.408,0,59087,0,91.68631744384766,116.46476745605469,0.5969807505607605,0,state.PRE_FLIGHT,867,-36,0,-36,0.0,4713,4713,"[10.6, 0.5, 16.5, 10.4, 16.5, 15.9, 0, 0]","[3.638, 3.639, 3.639]",0.187,"[2.9968000000000004, 3.3120000000000003, 5.0032000000000005, 7.3616, 8.4512, 27.8256]","[0.035625000000000004, 0.25, 0.00125, -0.0025, -0.005, -0.0025]",0,0,29.5,"[1, 1, 1, 1, 1, 1]",89.24858394621324,0.0,0.0,0,0.0
1774904421.4449277,"[0, 0, 0, 0, 0, 0]","[1291, 1500, 1500, 1500]","[-25.08, 0.0, 0.0, 0.0]","[0.0, 0.0, 0.0]",0,4582.82373046875,0,32.12723793029785,"[0.0, -2.53295898396, -2.5939941402]","[0, 0, 0]",0,3,0.0,0.0,4.584,0,0,0,4294967.295,3750001.408,0,59147,0,91.93135833740234,116.76382446289062,0.5969807505607605,0,state.PRE_FLIGHT,868,-35,0,-35,0.0,4713,4713,"[10.4, 0.5, 16.5, 10.2, 15.9, 16.5, 0, 0]","[3.638, 3.639, 3.639]",0.187,"[2.9968000000000004, 3.3120000000000003, 5.0032000000000005, 7.3616, 8.4512, 27.8256]","[0.035625000000000004, 0.25, 0.00125, -0.0025, -0.005, -0.0025]",0,0,29.5,"[1, 1, 1, 1, 1, 1]",89.13041382993467,0.0,0.0,0,0.0
1774904421.4914632,"[0, 0, 0, 0, 0, 0]","[1291, 1500, 1500, 1500]","[-25.08, 0.0, 0.0, 0.0]","[0.0, 0.0, 0.0]",0,4580.6484375,0,32.122865982055664,"[0.0, 0.03051757812, 0.03051757812]","[0, 0, 0]",0,3,0.0,0.0,4.581,0,0,0,4294967.295,3750001.408,0,59201,0,92.11140441894531,116.72642517089844,0.5969807505607605,0,state.PRE_FLIGHT,869,-36,0,-34,0.0,4713,4713,"[10.8, 0.5, 17.0, 10.4, 15.9, 15.9, 0, 0]","[3.638, 3.639, 3.639]",0.187,"[2.9952, 3.3120000000000003, 5.0032000000000005, 7.3664000000000005, 8.4368, 27.8272]","[0.03625, 0.2675, -0.000625, -0.0025, -0.005, -0.005625]",0,0,29.5,"[1, 1, 1, 1, 1, 1]",89.05060748082596,0.0,0.0,0,0.0
1774904421.5519946,"[0, 0, 0, 0, 0, 0]","[1291, 1500, 1500, 1500]","[-25.08, 0.0, 0.0, 0.0]","[0.0, 0.0, 0.0]",0,4578.46484375,0,32.122865982055664,"[0.0, -3.2043457026, 1.12915039044]","[0, 0, 0]",0,3,0.0,0.0,4.581,0,0,0,4294967.295,3750001.408,0,59261,0,92.17243957519531,116.74717712402344,0.5969807505607605,0,state.PRE_FLIGHT,870,-38,0,-38,0.0,4713,4713,"[10.6, 0.5, 16.5, 10.4, 15.9, 16.5, 0, 0]","[3.638, 3.639, 3.639]",0.187,"[2.9952, 3.3120000000000003, 5.0032000000000005, 7.3664000000000005, 8.4368, 27.8272]","[0.03625, 0.2675, -0.000625, -0.0025, -0.005, -0.005625]",0,0,29.5,"[1, 1, 1, 1, 1, 1]",89.02247074090928,0.0,0.0,0,0.0
1774904421.6112373,"[0, 0, 0, 0, 0, 0]","[1291, 1500, 1500, 1500]","[-25.08, 0.0, 0.0, 0.0]","[0.0, 0.0, 0.0]",0,4576.27392578125,0,32.13160987854004,"[0.0, -14.43481445076, -1.64794921848]","[0, 0, 0]",0,3,0.0,0.0,4.577,0,0,0,4294967.295,3750001.408,0,59321,0,92.18466186523438,116.9217300415039,0.5969807505607605,0,state.PRE_FLIGHT,871,-36,0,-37,0.0,4713,4713,"[10.8, 0.5, 17.0, 10.6, 16.5, 16.5, 0, 0]","[3.638, 3.639, 3.639]",0.187,"[2.9952, 3.3152000000000004, 5.0016, 7.3664000000000005, 8.457600000000001, 27.8272]","[0.03125, 0.498125, 0.000625, -0.00125, -0.001875, 0.0]",0,0,29.5,"[1, 1, 1, 1, 1, 1]",89.01103486909923,0.0,0.0,0,0.0
1774904421.6717813,"[0, 0, 0, 0, 0, 0]","[1291, 1500, 1500, 1500]","[-25.08, 0.0, 0.0, 0.0]","[0.0, 0.0, 0.0]",0,4574.07958984375,0,32.13160987854004,"[0.0, -7.90405273308, 4.48608398364]","[0, 0, 0]",0,3,0.0,0.0,4.577,0,0,0,4294967.295,3750001.408,0,59381,0,92.448974609375,116.94306945800781,0.5969807505607605,0,state.PRE_FLIGHT,872,-38,0,-38,0.0,4713,4713,"[10.6, 0.5, 17.0, 10.8, 16.5, 16.5, 0, 0]","[3.638, 3.639, 3.639]",0.187,"[2.9952, 3.3152000000000004, 5.0016, 7.3664000000000005, 8.457600000000001, 27.8272]","[0.03125, 0.498125, 0.000625, -0.00125, -0.001875, 0.0]",0,0,29.5,"[1, 1, 1, 1, 1, 1]",88.89062601246775,0.0,0.0,0,0.0
1774904421.7327929,"[0, 0, 0, 0, 0, 0]","[1291, 1500, 1500, 1500]","[-25.08, 0.0, 0.0, 0.0]","[0.0, 0.0, 0.0]",0,4572.2431640625,0,32.1447257232666,"[0.0, 0.762939453, -8.17871093616]","[0, 0, 0]",0,3,0.0,0.0,4.573,0,0,0,4294967.295,3750001.408,0,59435,0,92.20966339111328,117.1047592163086,0.5969807505607605,0,state.PRE_FLIGHT,873,-35,0,-36,0.0,4713,4713,"[10.6, 0.5, 17.0, 10.4, 15.9, 17.6, 0, 0]","[3.638, 3.639, 3.639]",0.187,"[3.0, 3.3120000000000003, 5.0016, 7.364800000000001, 8.427200000000001, 27.8256]","[0.03625, 0.619375, 0.000625, -0.00125, -0.003125, -0.0025]",0,0,29.5,"[1, 1, 1, 1, 1, 1]",88.99343347707074,0.0,0.0,0,0.0
1774904421.7813323,"[0, 0, 0, 0, 0, 0]","[1291, 1500, 1500, 1500]","[-25.08, 0.0, 0.0, 0.0]","[0.0, 0.0, 0.0]",0,4570.037109375,0,32.140353775024415,"[0.0, 1.00708007796, 7.4768066393999995]","[0, 0, 0]",0,3,0.0,0.0,4.57,0,0,0,4294967.295,3750001.408,0,59495,0,92.2276840209961,116.96440887451172,0.5969807505607605,0,state.PRE_FLIGHT,874,-32,0,-32,0.0,4713,4713,"[10.8, 0.5, 17.0, 10.4, 17.0, 16.5, 0, 0]","[3.638, 3.639, 3.639]",0.187,"[3.0, 3.3120000000000003, 5.0016, 7.364800000000001, 8.427200000000001, 27.8256]","[0.03625, 0.619375, 0.000625, -0.00125, -0.003125, -0.0025]",0,0,29.5,"[1, 1, 1, 1, 1, 1]",88.99008796949465,0.0,0.0,0,0.0
1774904421.8543272,"[0, 0, 0, 0, 0, 0]","[1291, 1500, 1500, 1500]","[-25.08, 0.0, 0.0, 0.0]","[0.0, 0.0, 0.0]",0,4567.82080078125,0,32.1447257232666,"[0.0, -11.01684570132, -4.2724609368]","[0, 0, 0]",0,3,0.0,0.0,4.57,0,0,0,4294967.295,3750001.408,0,59555,0,92.28262329101562,117.08462524414062,0.5969807505607605,0,state.PRE_FLIGHT,875,-30,0,-30,0.0,4713,4713,"[10.4, 0.5, 17.0, 10.8, 15.0, 15.9, 0, 0]","[3.638, 3.639, 3.639]",0.187,"[2.9952, 3.3104, 5.0032000000000005, 7.368, 8.459200000000001, 27.8288]","[0.0325, 0.629375, -0.00125, 0.001875, -0.004375, 0.0]",0,0,29.5,"[1, 1, 1, 1, 1, 1]",88.96092583938933,0.0,0.0,0,0.0
1774904421.9138749,"[0, 0, 0, 0, 0, 0]","[1291, 1500, 1500, 1500]","[-25.08, 0.0, 0.0, 0.0]","[0.0, 0.0, 0.0]",0,4565.599609375,0,32.1447257232666,"[0.0, -3.75366210876, 6.34765624896]","[0, 0, 0]",0,3,0.0,0.0,4.566,0,0,0,4294967.295,3750001.408,0,59615,0,92.41595458984375,117.08584594726562,0.5969807505607605,0,state.PRE_FLIGHT,876,-30,0,-31,0.0,4713,4713,"[10.4, 0.5, 15.9, 10.6, 15.5, 17.0, 0, 0]","[3.638, 3.639, 3.639]",0.187,"[2.9952, 3.3104, 5.0032000000000005, 7.368, 8.459200000000001, 27.8288]","[0.0325, 0.629375, -0.00125, 0.001875, -0.004375, 0.0]",0,0,29.5,"[1, 1, 1, 1, 1, 1]",88.90021394286568,0.0,0.0,0,0.0
1774904421.959542,"[0, 0, 0, 0, 0, 0]","[1291, 1500, 1500, 1500]","[-25.08, 0.0, 0.0, 0.0]","[0.0, 0.0, 0.0]",0,4563.74462890625,0,32.122865982055664,"[0.0, -4.36401367116, -7.99560546744]","[0, 0, 0]",0,3,0.0,0.0,4.566,0,0,0,4294967.295,3750001.408,0,59669,0,92.61280822753906,117.09241485595703,0.5969807505607605,0,state.PRE_FLIGHT,877,-29,0,-29,0.0,4713,4713,"[10.6, 0.5, 17.0, 10.6, 15.5, 17.0, 0, 0]","[3.638, 3.639, 3.639]",0.187,"[2.9968000000000004, 3.3120000000000003, 5.0016, 7.3664000000000005, 8.4384, 27.8256]","[0.0325, 0.25125000000000003, -0.00125, -0.004375, -0.00125, -0.005]",0,0,29.5,"[1, 1, 1, 1, 1, 1]",88.81038336386612,0.0,0.0,0,0.0
1774904422.0215535,"[0, 0, 0, 0, 0, 0]","[1291, 1500, 1500, 1500]","[-25.08, 0.0, 0.0, 0.0]","[0.0, 0.0, 0.0]",0,4561.51318359375,0,32.13598182678223,"[0.0, 0.94604492172, -3.5095214838]","[0, 0, 0]",0,3,0.0,0.0,4.563,0,0,0,4294967.295,3750001.408,0,59729,0,92.3809814453125,117.10475158691406,0.5969807505607605,0,state.PRE_FLIGHT,878,-28,0,-28,0.0,4713,4713,"[10.2, 0.5, 16.5, 10.6, 16.5, 16.5, 0, 0]","[3.638, 3.639, 3.639]",0.187,"[2.9952, 3.3136, 5.0032000000000005, 7.3632, 8.448, 27.8288]","[0.0325, 0.203125, -0.000625, 0.0, -0.0025, -0.00125]",0,0,29.5,"[1, 1, 1, 1, 1, 1]",88.91542768587391,0.0,0.0,0,0.0
1774904422.0837717,"[0, 0, 0, 0, 0, 0]","[1291, 1500, 1500, 1500]","[-25.08, 0.0, 0.0, 0.0]","[0.0, 0.0, 0.0]",0,4559.2783203125,0,32.13160987854004,"[0.0, 8.81958007668, 0.39672851556]","[0, 0, 0]",0,3,0.0,0.0,4.559,0,0,0,4294967.295,3750001.408,0,59789,0,92.65257263183594,117.05853271484375,0.5969807505607605,0,state.PRE_FLIGHT,879,-28,0,-28,0.0,4713,4713,"[11.1, 0.5, 17.0, 10.6, 16.5, 17.0, 0, 0]","[3.638, 3.639, 3.639]",0.187,"[2.9952, 3.3136, 5.0032000000000005, 7.3632, 8.448, 27.8288]","[0.0325, 0.203125, -0.000625, 0.0, -0.0025, -0.00125]",0,0,29.5,"[1, 1, 1, 1, 1, 1]",88.79368524864577,0.0,0.0,0,0.0
1774904422.144008,"[0, 0, 0, 0, 0, 0]","[1291, 1500, 1500, 1500]","[-25.08, 0.0, 0.0, 0.0]","[0.0, 0.0, 0.0]",0,4557.0322265625,0,32.1447257232666,"[0.0, -3.14331054636, 6.92749023324]","[0, 0, 0]",0,3,0.0,0.0,4.559,0,0,0,4294967.295,3750001.408,0,59849,0,92.8831558227539,117.23786163330078,0.5969807505607605,0,state.PRE_FLIGHT,880,-29,0,-28,0.0,4713,4713,"[10.4, 0.5, 16.5, 11.1, 15.9, 16.5, 0, 0]","[3.638, 3.639, 3.639]",0.187,"[2.9968000000000004, 3.3104, 5.0016, 7.364800000000001, 8.432, 27.8272]","[0.02875, 0.2425, 0.000625, -0.003125, -0.0025, -0.00125]",0,0,29.5,"[1, 1, 1, 1, 1, 1]",88.6808614951072,0.0,0.0,0,0.0
1774904422.189539,"[0, 0, 0, 0, 0, 0]","[1291, 1500, 1500, 1500]","[-25.08, 0.0, 0.0, 0.0]","[0.0, 0.0, 0.0]",0,4554.7841796875,0,32.13160987854004,"[0.0, 1.9836425778, 13.244628904079999]","[0, 0, 0]",0,3,0.0,0.0,4.555,0,0,0,4294967.295,3750001.408,0,59903,0,93.17632293701172,117.45633697509766,0.5969807505607605,0,state.PRE_FLIGHT,881,-30,0,-29,0.0,4713,4713,"[10.8, 0.5, 15.9, 10.6, 15.9, 17.0, 0, 0]","[3.638, 3.639, 3.639]",0.187,"[2.9968000000000004, 3.3104, 5.0016, 7.364800000000001, 8.432, 27.8272]","[0.02875, 0.2425, 0.000625, -0.003125, -0.0025, -0.00125]",0,0,29.5,"[1, 1, 1, 1, 1, 1]",88.53607553528579,0.0,0.0,0,0.0
1774904422.2495344,"[0, 0, 0, 0, 0, 0]","[1291, 1500, 1500, 1500]","[-25.08, 0.0, 0.0, 0.0]","[0.0, 0.0, 0.0]",0,4552.53125,0,32.14909767150879,"[0.0, -2.34985351524, 14.73999023196]","[0, 0, 0]",0,3,0.0,0.0,4.555,0,0,0,4294967.295,3750001.408,0,59963,0,93.4106674194336,117.69866180419922,0.5969807505607605,0,state.PRE_FLIGHT,882,-32,0,-30,0.0,4713,4713,"[10.4, 0.5, 16.5, 10.6, 15.9, 16.5, 0, 0]","[3.638, 3.639, 3.639]",0.187,"[2.9936000000000003, 3.3120000000000003, 5.0048, 7.3632, 8.4624, 27.8288]","[0.03125, 0.255625, -0.00625, -0.00375, 0.000625, -0.00375]",0,0,29.5,"[1, 1, 1, 1, 1, 1]",88.41538302411206,0.0,0.0,0,0.0
1774904422.3100762,"[0, 0, 0, 0, 0, 0]","[1291, 1500, 1500, 1500]","[-25.08, 0.0, 0.0, 0.0]","[0.0, 0.0, 0.0]",0,4550.27197265625,0,32.11849403381348,"[0.0, -15.22827148188, -1.09863281232]","[0, 0, 0]",0,3,0.0,0.0,4.551,0,0,0,4294967.295,3750001.408,0,60023,0,93.48817443847656,117.94525146484375,0.5969807505607605,0,state.PRE_FLIGHT,883,-32,0,-32,0.0,4713,4713,"[10.4, 0.5, 17.0, 10.6, 15.9, 16.5, 0, 0]","[3.638, 3.639, 3.639]",0.187,"[2.9936000000000003, 3.3120000000000003, 5.0048, 7.3632, 8.4624, 27.8288]","[0.03125, 0.255625, -0.00625, -0.00375, 0.000625, -0.00375]",0,0,29.5,"[1, 1, 1, 1, 1, 1]",88.36613315441222,0.0,0.0,0,0.0
1774904422.3700874,"[0, 0, 0, 0, 0, 0]","[1291, 1500, 1500, 1500]","[-25.08, 0.0, 0.0, 0.0]","[0.0, 0.0, 0.0]",0,4548.009765625,0,32.13598182678223,"[0.0, 0.1525878906, -7.44628906128]","[0, 0, 0]",0,3,0.0,0.0,4.551,0,0,0,4294967.295,3750001.408,0,60083,0,93.5620346069336,117.98062896728516,0.5969807505607605,0,state.PRE_FLIGHT,884,-30,0,-33,0.0,4713,4713,"[10.4, 0.5, 17.0, 10.6, 17.0, 17.0, 0, 0]","[3.638, 3.639, 3.639]",0.187,"[2.9984, 3.3136, 5.0064, 7.3616, 8.443200000000001, 27.8256]","[0.03125, 0.61875, 0.0, 0.001875, -0.008125, -0.003125]",0,0,29.5,"[1, 1, 1, 1, 1, 1]",88.32962918897977,0.0,0.0,0,0.0
1774904422.4335954,"[0, 0, 0, 0, 0, 0]","[1291, 1500, 1500, 1500]","[-25.08, 0.0, 0.0, 0.0]","[0.0, 0.0, 0.0]",0,4546.1181640625,0,32.140353775024415,"[0.0, -3.93676757748, -1.64794921848]","[0, 0, 0]",0,3,0.0,0.0,4.547,0,0,0,4294967.295,3750001.408,0,60137,0,93.41679382324219,118.14269256591797,0.5969807505607605,0,state.PRE_FLIGHT,885,-34,0,-34,0.0,4713,4713,"[10.8, 0.5, 15.5, 10.4, 16.5, 15.9, 0, 0]","[3.638, 3.639, 3.639]",0.187,"[2.9984, 3.3136, 5.0064, 7.3616, 8.443200000000001, 27.8256]","[0.03125, 0.61875, 0.0, 0.001875, -0.008125, -0.003125]",0,0,29.5,"[1, 1, 1, 1, 1, 1]",88.38914694948053,0.0,0.0,0,0.0
1774904422.4931405,"[0, 0, 0, 0, 0, 0]","[1291, 1500, 1500, 1500]","[-25.08, 0.0, 0.0, 0.0]","[0.0, 0.0, 0.0]",0,4543.84765625,0,32.12723793029785,"[0.0, -0.03051757812, -5.7678222646799995]","[0, 0, 0]",0,3,0.0,0.0,4.544,0,0,0,4294967.295,3750001.408,0,60197,0,93.43511199951172,118.1311264038086,0.5969807505607605,0,state.PRE_FLIGHT,886,-34,0,-33,0.0,4713,4713,"[10.2, 0.5, 16.5, 10.4, 15.5, 16.5, 0, 0]","[3.638, 3.639, 3.639]",0.187,"[2.9952, 3.3136, 5.0032000000000005, 7.3616, 8.448, 27.8288]","[0.033125, 0.62, -0.003125, -0.00125, -0.005, 0.00375]",0,0,29.5,"[1, 1, 1, 1, 1, 1]",88.38113021329492,0.0,0.0,0,0.0
1774904422.5576582,"[0, 0, 0, 0, 0, 0]","[1291, 1500, 1500, 1500]","[-25.08, 0.0, 0.0, 0.0]","[0.0, 0.0, 0.0]",0,4541.57080078125,0,32.13160987854004,"[0.0, -7.90405273308, -0.54931640616]","[0, 0, 0]",0,3,0.0,0.0,4.544,0,0,0,4294967.295,3750001.408,0,60257,0,93.28162384033203,118.408203125,0.5969807505607605,0,state.PRE_FLIGHT,887,-35,0,-34,0.0,4713,4713,"[10.6, 0.5, 17.0, 10.2, 17.0, 16.5, 0, 0]","[3.638, 3.639, 3.639]",0.187,"[2.9952, 3.3136, 5.0032000000000005, 7.3616, 8.448, 27.8288]","[0.033125, 0.62, -0.003125, -0.00125, -0.005, 0.00375]",0,0,29.5,"[1, 1, 1, 1, 1, 1]",88.43942748412836,0.0,0.0,0,0.0
1774904422.6042063,"[0, 0, 0, 0, 0, 0]","[1291, 1500, 1500, 1500]","[-25.08, 0.0, 0.0, 0.0]","[0.0, 0.0, 0.0]",0,4539.2900390625,0,32.15346961975098,"[0.0, -8.27026367052, -1.28173828104]","[0, 0, 0]",0,3,0.0,0.0,4.54,0,0,0,4294967.295,3750001.408,0,60317,0,93.34632110595703,118.43080139160156,0.5969807505607605,0,state.PRE_FLIGHT,888,-36,0,-35,0.0,4713,4713,"[10.4, 0.5, 16.5, 10.4, 15.9, 17.0, 0, 0]","[3.638, 3.639, 3.639]",0.187,"[2.9984, 3.3120000000000003, 5.0032000000000005, 7.3632, 8.4528, 27.8272]","[0.0375, 0.49375, 0.000625, -0.0025, -0.00125, -0.000625]",0,0,29.5,"[1, 1, 1, 1, 1, 1]",88.40752702941212,0.0,0.0,0,0.0
1774904422.6641374,"[0, 0, 0, 0, 0, 0]","[1291, 1500, 1500, 1500]","[-25.08, 0.0, 0.0, 0.0]","[0.0, 0.0, 0.0]",0,4537.005859375,0,32.15346961975098,"[0.0, -3.57055664004, -3.69262695252]","[0, 0, 0]",0,3,0.0,0.0,4.54,0,0,0,4294967.295,3750001.408,0,60371,0,93.1610107421875,118.52019500732422,0.5969807505607605,0,state.PRE_FLIGHT,889,-35,0,-35,0.0,4713,4713,"[10.6, 0.5, 16.5, 10.6, 15.9, 18.2, 0, 0]","[3.638, 3.639, 3.639]",0.187,"[2.9984, 3.3120000000000003, 5.0032000000000005, 7.3632, 8.4528, 27.8272]","[0.0375, 0.49375, 0.000625, -0.0025, -0.00125, -0.000625]",0,0,29.5,"[1, 1, 1, 1, 1, 1]",88.49130817333756,0.0,0.0,0,0.0
1774904422.7255437,"[0, 0, 0, 0, 0, 0]","[1291, 1500, 1500, 1500]","[-25.08, 0.0, 0.0, 0.0]","[0.0, 0.0, 0.0]",0,4534.7158203125,0,32.162213516235354,"[0.0, -5.8898925771599995, -14.12963866956]","[0, 0, 0]",0,3,0.0,0.0,4.536,0,0,0,4294967.295,3750001.408,0,60431,0,93.19026184082031,118.59291076660156,0.5969807505607605,0,state.PRE_FLIGHT,890,-35,0,-35,0.0,4713,4713,"[10.6, 0.5, 17.0, 10.2, 15.9, 15.9, 0, 0]","[3.638, 3.639, 3.639]",0.187,"[2.9952, 3.3136, 5.0016, 7.364800000000001, 8.4352, 27.8272]","[0.033125, 0.230625, -0.00625, -0.001875, -0.004375, -0.0025]",0,0,29.5,"[1, 1, 1, 1, 1, 1]",88.4738025463252,0.0,0.0,0,0.0
1774904422.7871208,"[0, 0, 0, 0, 0, 0]","[1291, 1500, 1500, 1500]","[-25.08, 0.0, 0.0, 0.0]","[0.0, 0.0, 0.0]",0,4532.42333984375,0,32.14909767150879,"[0.0, 3.14331054636, 4.6691894523599995]","[0, 0, 0]",0,3,0.0,0.0,4.532,0,0,0,4294967.295,3750001.408,0,60491,0,93.39839172363281,118.86084747314453,0.5969807505607605,0,state.PRE_FLIGHT,891,-36,0,-35,0.0,4713,4713,"[10.4, 0.5, 17.0, 10.8, 15.5, 16.5, 0, 0]","[3.638, 3.639, 3.639]",0.187,"[2.9952, 3.3136, 5.0032000000000005, 7.3616, 8.4496, 27.8288]","[0.03875, 0.22125, -0.000625, -0.0025, -0.0025, -0.005]",0,0,29.5,"[1, 1, 1, 1, 1, 1]",88.36038844867714,0.0,0.0,0,0.0
1774904422.8493297,"[0, 0, 0, 0, 0, 0]","[1291, 1500, 1500, 1500]","[-25.08, 0.0, 0.0, 0.0]","[0.0, 0.0, 0.0]",0,4530.1259765625,0,32.13598182678223,"[0.0, -0.39672851556, -1.64794921848]","[0, 0, 0]",0,3,0.0,0.0,4.532,0,0,0,4294967.295,3750001.408,0,60551,0,93.59158325195312,118.8809814453125,0.5969807505607605,0,state.PRE_FLIGHT,892,-36,0,-35,0.0,4713,4713,"[10.6, 0.5, 17.0, 10.4, 16.5, 16.5, 0, 0]","[3.638, 3.639, 3.639]",0.187,"[2.9952, 3.3136, 5.0032000000000005, 7.3616, 8.4496, 27.8288]","[0.03875, 0.22125, -0.000625, -0.0025, -0.0025, -0.005]",0,0,29.5,"[1, 1, 1, 1, 1, 1]",88.26616611707996,0.0,0.0,0,0.0
1774904422.89412,"[0, 0, 0, 0, 0, 0]","[1291, 1500, 1500, 1500]","[-25.08, 0.0, 0.0, 0.0]","[0.0, 0.0, 0.0]",0,4528.20947265625,0,32.17095741271973,"[0.0, 6.5002441395599995, 8.20922851428]","[0, 0, 0]",0,3,0.0,0.0,4.528,0,0,0,4294967.295,3750001.408,0,60605,0,93.9292221069336,118.8518295288086,0.5969807505607605,0,state.PRE_FLIGHT,893,-36,0,-35,0.0,4713,4713,"[10.6, 0.5, 16.5, 10.8, 15.5, 15.9, 0, 0]","[3.638, 3.639, 3.639]",0.187,"[2.9968000000000004, 3.3120000000000003, 5.0048, 7.3632, 8.432, 27.824]","[0.0375, 0.245625, -0.00125, -0.0025, -0.001875, -0.00125]",0,0,29.5,"[1, 1, 1, 1, 1, 1]",88.10510927143069,0.0,0.0,0,0.0
1774904422.9559772,"[0, 0, 0, 0, 0, 0]","[1291, 1500, 1500, 1500]","[-25.08, 0.0, 0.0, 0.0]","[0.0, 0.0, 0.0]",0,4525.9052734375,0,32.122865982055664,"[0.0, -2.96020507764, -2.22778320276]","[0, 0, 0]",0,3,0.0,0.0,4.528,0,0,0,4294967.295,3750001.408,0,60665,0,94.0326919555664,118.8872299194336,0.5969807505607605,0,state.PRE_FLIGHT,894,-36,0,-35,0.0,4713,4713,"[10.6, 0.5, 16.5, 10.6, 17.0, 16.5, 0, 0]","[3.638, 3.639, 3.639]",0.187,"[2.9968000000000004, 3.3120000000000003, 5.0048, 7.3632, 8.432, 27.824]","[0.0375, 0.245625, -0.00125, -0.0025, -0.001875, -0.00125]",0,0,29.5,"[1, 1, 1, 1, 1, 1]",88.05309137750568,0.0,0.0,0,0.0
1774904423.0156212,"[0, 0, 0, 0, 0, 0]","[1291, 1500, 1500, 1500]","[-25.08, 0.0, 0.0, 0.0]","[0.0, 0.0, 0.0]",0,4523.59716796875,0,32.15346961975098,"[0.0, 5.70678710844, 6.92749023324]","[0, 0, 0]",0,3,0.0,0.0,4.524,0,0,0,4294967.295,3750001.408,0,60725,0,94.46268463134766,118.7828369140625,0.5969807505607605,0,state.PRE_FLIGHT,895,-36,0,-33,0.0,4713,4713,"[10.4, 0.5, 17.0, 10.8, 15.5, 15.9, 0, 0]","[3.638, 3.639, 3.639]",0.187,"[2.9968000000000004, 3.3120000000000003, 5.0048, 7.3664000000000005, 8.4656, 27.8288]","[0.030625, 0.233125, 0.0, 0.0, 0.000625, -0.001875]",0,0,29.5,"[1, 1, 1, 1, 1, 1]",87.85292630230865,0.0,0.0,0,0.0
1774904423.0771341,"[0, 0, 0, 0, 0, 0]","[1291, 1500, 1500, 1500]","[-25.08, 0.0, 0.0, 0.0]","[0.0, 0.0, 0.0]",0,4521.28759765625,0,32.14909767150879,"[0.0, 2.34985351524, 2.80761718704]","[0, 0, 0]",0,3,0.0,0.0,4.524,0,0,0,4294967.295,3750001.408,0,60785,0,94.4773178100586,118.697998046875,0.5969807505607605,0,state.PRE_FLIGHT,896,-35,0,-35,0.0,4713,4713,"[10.4, 0.5, 16.5, 10.2, 16.5, 17.0, 0, 0]","[3.638, 3.639, 3.639]",0.187,"[2.9968000000000004, 3.3120000000000003, 5.0048, 7.3664000000000005, 8.4656, 27.8288]","[0.030625, 0.233125, 0.0, 0.0, 0.000625, -0.001875]",0,0,29.5,"[1, 1, 1, 1, 1, 1]",87.85170813570105,0.0,0.0,0,0.0
1774904423.1384032,"[0, 0, 0, 0, 0, 0]","[1291, 1500, 1500, 1500]","[-25.08, 0.0, 0.0, 0.0]","[0.0, 0.0, 0.0]",0,4519.35791015625,0,32.14909767150879,"[0.0, 3.32641601508, 5.98144531152]","[0, 0, 0]",0,3,0.0,0.0,4.52,0,0,0,4294967.295,3750001.408,0,60839,0,94.80572509765625,118.63456726074219,0.5969807505607605,0,state.PRE_FLIGHT,897,-35,0,-35,0.0,4713,4713,"[10.4, 0.5, 17.0, 10.6, 16.5, 17.0, 0, 0]","[3.638, 3.639, 3.639]",0.187,"[2.9952, 3.3136, 5.0016, 7.3584000000000005, 8.427200000000001, 27.8288]","[0.036875, 0.6175, -0.001875, 0.00375, -0.00875, 0.000625]",0,0,29.5,"[1, 1, 1, 1, 1, 1]",87.69907432825279,0.0,0.0,0,0.0
1774904423.1992936,"[0, 0, 0, 0, 0, 0]","[1291, 1500, 1500, 1500]","[-25.08, 0.0, 0.0, 0.0]","[0.0, 0.0, 0.0]",0,4517.0419921875,0,32.13160987854004,"[0.0, -6.1340332021199995, -5.1879882804]","[0, 0, 0]",0,3,0.0,0.0,4.517,0,0,0,4294967.295,3750001.408,0,60899,0,94.65269470214844,118.79572296142578,0.5969807505607605,0,state.PRE_FLIGHT,898,-35,0,-35,0.0,4713,4713,"[10.2, 0.5, 16.5, 10.6, 15.5, 15.9, 0, 0]","[3.638, 3.639, 3.639]",0.187,"[2.9952, 3.3136, 5.0016, 7.3584000000000005, 8.427200000000001, 27.8288]","[0.036875, 0.6175, -0.001875, 0.00375, -0.00875, 0.000625]",0,0,29.5,"[1, 1, 1, 1, 1, 1]",87.76074388030815,0.0,0.0,0,0.0
1774904423.2460234,"[0, 0, 0, 0, 0, 0]","[1291, 1500, 1500, 1500]","[-25.08, 0.0, 0.0, 0.0]","[0.0, 0.0, 0.0]",0,4514.72119140625,0,32.14909767150879,"[0.0, -0.21362304684, 3.93676757748]","[0, 0, 0]",0,3,0.0,0.0,4.517,0,0,0,4294967.295,3750001.408,0,60959,0,94.8119888305664,118.86458587646484,0.5969807505607605,0,state.PRE_FLIGHT,899,-35,0,-35,0.0,4713,4713,"[10.4, 0.5, 17.0, 10.6, 16.5, 15.5, 0, 0]","[3.638, 3.639, 3.639]",0.187,"[2.9968000000000004, 3.3104, 5.0016, 7.3616, 8.4496, 27.8256]","[0.03, 0.626875, -0.0025, 0.000625, -0.0075, -0.001875]",0,0,29.5,"[1, 1, 1, 1, 1, 1]",87.67915010531708,0.0,0.0,0,0.0
1774904423.3183303,"[0, 0, 0, 0, 0, 0]","[1291, 1500, 1500, 1500]","[-25.08, 0.0, 0.0, 0.0]","[0.0, 0.0, 0.0]",0,4512.3974609375,0,32.15346961975098,"[0.0, -6.1340332021199995, 11.01684570132]","[0, 0, 0]",0,3,0.0,0.0,4.513,0,0,0,4294967.295,3750001.408,0,61019,0,95.07964324951172,118.87333679199219,0.5969807505607605,0,state.PRE_FLIGHT,900,-35,0,-35,0.0,4713,4713,"[10.8, 0.5, 15.9, 10.6, 15.9, 16.5, 0, 0]","[3.638, 3.639, 3.639]",0.187,"[2.9968000000000004, 3.3104, 5.0016, 7.3616, 8.4496, 27.8256]","[0.03, 0.626875, -0.0025, 0.000625, -0.0075, -0.001875]",0,0,29.5,"[1, 1, 1, 1, 1, 1]",87.54963269785254,0.0,0.0,0,0.0
1774904423.3649073,"[0, 0, 0, 0, 0, 0]","[1291, 1500, 1500, 1500]","[-25.08, 0.0, 0.0, 0.0]","[0.0, 0.0, 0.0]",0,4510.0712890625,0,32.17095741271973,"[0.0, 4.7302246086, 3.93676757748]","[0, 0, 0]",0,3,0.0,0.0,4.513,0,0,0,4294967.295,3750001.408,0,61073,0,95.2234878540039,118.78269958496094,0.5969807505607605,0,state.PRE_FLIGHT,901,-35,0,-35,0.0,4713,4713,"[10.6, 0.5, 16.5, 10.8, 15.5, 16.5, 0, 0]","[3.638, 3.639, 3.639]",0.187,"[2.9952, 3.3136, 5.0032000000000005, 7.368, 8.443200000000001, 27.824]","[0.0325, 0.23875000000000002, -0.00375, -0.000625, 0.0, -0.00125]",0,0,29.5,"[1, 1, 1, 1, 1, 1]",87.48762524990462,0.0,0.0,0,0.0
1774904423.4257276,"[0, 0, 0, 0, 0, 0]","[1291, 1500, 1500, 1500]","[-25.08, 0.0, 0.0, 0.0]","[0.0, 0.0, 0.0]",0,4507.7421875,0,32.140353775024415,"[0.0, -6.7443847645199995, 3.38745117132]","[0, 0, 0]",0,3,0.0,0.0,4.509,0,0,0,4294967.295,3750001.408,0,61133,0,95.29730224609375,118.92613983154297,0.5969807505607605,0,state.PRE_FLIGHT,902,-34,0,-35,0.0,4713,4713,"[10.2, 0.5, 16.5, 10.6, 15.5, 16.5, 0, 0]","[3.638, 3.639, 3.639]",0.187,"[2.9952, 3.3136, 5.0032000000000005, 7.368, 8.443200000000001, 27.824]","[0.0325, 0.23875000000000002, -0.00375, -0.000625, 0.0, -0.00125]",0,0,29.5,"[1, 1, 1, 1, 1, 1]",87.44058924949859,0.0,0.0,0,0.0
1774904423.4873524,"[0, 0, 0, 0, 0, 0]","[1291, 1500, 1500, 1500]","[-25.08, 0.0, 0.0, 0.0]","[0.0, 0.0, 0.0]",0,4505.4111328125,0,32.14909767150879,"[0.0, 11.62719726372, 7.65991210812]","[0, 0, 0]",0,3,0.0,0.0,4.505,0,0,0,4294967.295,3750001.408,0,61193,0,95.4886703491211,118.66368103027344,0.5969807505607605,0,state.PRE_FLIGHT,903,-36,0,-35,0.0,4713,4713,"[10.6, 0.5, 16.5, 10.4, 15.9, 15.9, 0, 0]","[3.638, 3.639, 3.639]",0.187,"[2.9984, 3.3120000000000003, 5.0032000000000005, 7.3632, 8.4608, 27.824]","[0.033125, 0.245, -0.003125, 0.0025, -0.00125, -0.003125]",0,0,29.5,"[1, 1, 1, 1, 1, 1]",87.3703655400078,0.0,0.0,0,0.0
1774904423.5480154,"[0, 0, 0, 0, 0, 0]","[1291, 1500, 1500, 1500]","[-25.08, 0.0, 0.0, 0.0]","[0.0, 0.0, 0.0]",0,4503.07568359375,0,32.15346961975098,"[0.0, 1.55639648412, 0.762939453]","[0, 0, 0]",0,3,0.0,0.0,4.505,0,0,0,4294967.295,3750001.408,0,61253,0,95.3781967163086,118.6056900024414,0.5969807505607605,0,state.PRE_FLIGHT,904,-36,0,-35,0.0,4713,4713,"[10.2, 0.5, 17.0, 10.2, 15.5, 16.5, 0, 0]","[3.638, 3.639, 3.639]",0.187,"[2.9968000000000004, 3.3104, 5.0016, 7.3616, 8.4304, 27.8288]","[0.0375, 0.226875, -0.00125, -0.00125, 0.0025, -0.00375]",0,0,29.5,"[1, 1, 1, 1, 1, 1]",87.42794802767436,0.0,0.0,0,0.0
1774904423.5945458,"[0, 0, 0, 0, 0, 0]","[1291, 1500, 1500, 1500]","[-25.08, 0.0, 0.0, 0.0]","[0.0, 0.0, 0.0]",0,4501.12841796875,0,32.15346961975098,"[0.0, -7.1105957019599995, 1.89208984344]","[0, 0, 0]",0,3,0.0,0.0,4.501,0,0,0,4294967.295,3750001.408,0,61307,0,95.64117431640625,118.63335418701172,0.5969807505607605,0,state.PRE_FLIGHT,905,-36,0,-36,0.0,4713,4713,"[10.4, 0.5, 16.5, 10.6, 16.5, 15.9, 0, 0]","[3.638, 3.639, 3.639]",0.187,"[2.9968000000000004, 3.3104, 5.0016, 7.3616, 8.4304, 27.8288]","[0.0375, 0.226875, -0.00125, -0.00125, 0.0025, -0.00375]",0,0,29.5,"[1, 1, 1, 1, 1, 1]",87.30009927913103,0.0,0.0,0,0.0
1774904423.6554062,"[0, 0, 0, 0, 0, 0]","[1291, 1500, 1500, 1500]","[-25.08, 0.0, 0.0, 0.0]","[0.0, 0.0, 0.0]",0,4498.78955078125,0,32.14909767150879,"[0.0, -11.62719726372, -5.7678222646799995]","[0, 0, 0]",0,3,0.0,0.0,4.501,0,0,0,4294967.295,3750001.408,0,61367,0,95.82091522216797,118.59613037109375,0.5969807505607605,0,state.PRE_FLIGHT,906,-36,0,-36,0.0,4713,4713,"[10.2, 0.5, 16.5, 10.6, 16.5, 17.0, 0, 0]","[3.638, 3.639, 3.639]",0.187,"[2.9968000000000004, 3.3104, 5.0016, 7.36, 8.464, 27.8256]","[0.029375000000000002, 0.225, -0.001875, -0.004375, -0.00625, -0.003125]",0,0,29.5,"[1, 1, 1, 1, 1, 1]",87.21761720610267,0.0,0.0,0,0.0
1774904423.7149293,"[0, 0, 0, 0, 0, 0]","[1291, 1500, 1500, 1500]","[-25.08, 0.0, 0.0, 0.0]","[0.0, 0.0, 0.0]",0,4496.44775390625,0,32.1447257232666,"[0.0, -6.1340332021199995, 5.24902343664]","[0, 0, 0]",0,3,0.0,0.0,4.498,0,0,0,4294967.295,3750001.408,0,61427,0,95.99180603027344,118.70478057861328,0.5969807505607605,0,state.PRE_FLIGHT,907,-37,0,-36,0.0,4713,4713,"[10.4, 0.5, 16.5, 10.6, 15.9, 16.5, 0, 0]","[3.638, 3.639, 3.639]",0.187,"[2.9968000000000004, 3.3104, 5.0016, 7.36, 8.464, 27.8256]","[0.029375000000000002, 0.225, -0.001875, -0.004375, -0.00625, -0.003125]",0,0,29.5,"[1, 1, 1, 1, 1, 1]",87.12619325118077,0.0,0.0,0,0.0
1774904423.7771642,"[0, 0, 0, 0, 0, 0]","[1291, 1500, 1500, 1500]","[-25.08, 0.0, 0.0, 0.0]","[0.0, 0.0, 0.0]",0,4494.10498046875,0,32.15346961975098,"[0.0, 8.45336913924, -2.22778320276]","[0, 0, 0]",0,3,0.0,0.0,4.494,0,0,0,4294967.295,3750001.408,0,61487,0,96.21246337890625,118.57718658447266,0.5969807505607605,0,state.PRE_FLIGHT,908,-36,0,-36,0.0,4713,4713,"[10.8, 0.5, 16.5, 10.4, 16.5, 17.6, 0, 0]","[3.638, 3.639, 3.639]",0.187,"[2.9968000000000004, 3.3120000000000003, 5.0032000000000005, 7.368, 8.4464, 27.8288]","[0.031875, 0.26375, -0.0025, -0.003125, 0.0025, 0.0]",0,0,29.5,"[1, 1, 1, 1, 1, 1]",87.03280967465285,0.0,0.0,0,0.0
1774904423.838906,"[0, 0, 0, 0, 0, 0]","[1291, 1500, 1500, 1500]","[-25.08, 0.0, 0.0, 0.0]","[0.0, 0.0, 0.0]",0,4491.7568359375,0,32.15346961975098,"[0.0, 2.71606445268, 1.12915039044]","[0, 0, 0]",0,3,0.0,0.0,4.494,0,0,0,4294967.295,3750001.408,0,61541,0,96.17036437988281,118.63976287841797,0.5969807505607605,0,state.PRE_FLIGHT,909,-35,0,-35,0.0,4713,4713,"[10.6, 0.5, 16.5, 11.3, 15.9, 17.0, 0, 0]","[3.638, 3.639, 3.639]",0.187,"[2.9968000000000004, 3.3120000000000003, 5.0032000000000005, 7.368, 8.4464, 27.8288]","[0.031875, 0.26375, -0.0025, -0.003125, 0.0025, 0.0]",0,0,29.5,"[1, 1, 1, 1, 1, 1]",87.04694394670314,0.0,0.0,0,0.0
1774904423.8884287,"[0, 0, 0, 0, 0, 0]","[1291, 1500, 1500, 1500]","[-25.08, 0.0, 0.0, 0.0]","[0.0, 0.0, 0.0]",0,4489.408203125,0,32.162213516235354,"[0.0, 0.39672851556, 10.65063476388]","[0, 0, 0]",0,3,0.0,0.0,4.489,0,0,0,4294967.295,3750001.408,0,61601,0,96.4157485961914,118.85823822021484,0.5969807505607605,0,state.PRE_FLIGHT,910,-33,0,-33,0.0,4713,4713,"[10.4, 0.5, 17.0, 10.4, 15.9, 15.9, 0, 0]","[3.638, 3.639, 3.639]",0.187,"[2.9952, 3.3136, 5.0016, 7.3616, 8.4608, 27.8272]","[0.03625, 0.626875, 0.0, 0.00125, -0.005625, -0.0025]",0,0,29.5,"[1, 1, 1, 1, 1, 1]",86.90844352720879,0.0,0.0,0,0.0
1774904423.9594355,"[0, 0, 0, 0, 0, 0]","[1291, 1500, 1500, 1500]","[-25.08, 0.0, 0.0, 0.0]","[0.0, 0.0, 0.0]",0,4487.05810546875,0,32.184073257446286,"[0.0, -9.67407226404, 0.21362304684]","[0, 0, 0]",0,3,0.0,0.0,4.489,0,0,0,4294967.295,3750001.408,0,61661,0,96.35745239257812,118.9058609008789,0.5969807505607605,0,state.PRE_FLIGHT,911,-34,0,-33,0.0,4713,4713,"[10.4, 0.5, 16.5, 10.6, 15.0, 17.0, 0, 0]","[3.638, 3.639, 3.639]",0.187,"[2.9952, 3.3136, 5.0016, 7.3616, 8.4608, 27.8272]","[0.03625, 0.626875, 0.0, 0.00125, -0.005625, -0.0025]",0,0,29.5,"[1, 1, 1, 1, 1, 1]",86.93182161093233,0.0,0.0,0,0.0
1774904424.0204873,"[0, 0, 0, 0, 0, 0]","[1291, 1500, 1500, 1500]","[-25.08, 0.0, 0.0, 0.0]","[0.0, 0.0, 0.0]",0,4484.7041015625,0,32.16658546447754,"[0.0, 0.57983398428, -7.2326660144399995]","[0, 0, 0]",0,3,0.0,0.0,4.485,0,0,0,4294967.295,3750001.408,0,61721,0,96.24337768554688,118.95527648925781,0.5969807505607605,0,state.PRE_FLIGHT,912,-35,0,-33,0.0,4713,4713,"[10.4, 0.5, 17.0, 10.8, 16.5, 17.6, 0, 0]","[3.638, 3.639, 3.639]",0.187,"[2.9952, 3.3104, 5.0016, 7.364800000000001, 8.4384, 27.8272]","[0.0425, 0.6118750000000001, -0.003125, 0.0025, -0.00625, -0.000625]",0,0,29.5,"[1, 1, 1, 1, 1, 1]",86.98199642970545,0.0,0.0,0,0.0
1774904424.0655017,"[0, 0, 0, 0, 0, 0]","[1291, 1500, 1500, 1500]","[-25.08, 0.0, 0.0, 0.0]","[0.0, 0.0, 0.0]",0,4482.7412109375,0,32.15784156799317,"[0.0, -4.7302246086, -12.63427734168]","[0, 0, 0]",0,3,0.0,0.0,4.485,0,0,0,4294967.295,3750001.408,0,61775,0,95.97779083251953,119.01676177978516,0.5969807505607605,0,state.PRE_FLIGHT,913,-34,0,-34,0.0,4713,4713,"[10.8, 0.5, 16.5, 10.4, 15.9, 16.5, 0, 0]","[3.638, 3.639, 3.639]",0.187,"[2.9952, 3.3104, 5.0016, 7.364800000000001, 8.4384, 27.8272]","[0.0425, 0.6118750000000001, -0.003125, 0.0025, -0.00625, -0.000625]",0,0,29.5,"[1, 1, 1, 1, 1, 1]",87.10440529016184,0.0,0.0,0,0.0
1774904424.1250267,"[0, 0, 0, 0, 0, 0]","[1291, 1500, 1500, 1500]","[-25.08, 0.0, 0.0, 0.0]","[0.0, 0.0, 0.0]",0,4480.38427734375,0,32.16658546447754,"[0.0, -3.75366210876, -12.63427734168]","[0, 0, 0]",0,3,0.0,0.0,4.481,0,0,0,4294967.295,3750001.408,0,61835,0,95.92135620117188,119.22183990478516,0.5969807505607605,0,state.PRE_FLIGHT,914,-36,0,-34,0.0,4713,4713,"[10.2, 0.5, 15.9, 10.8, 15.9, 16.5, 0, 0]","[3.638, 3.639, 3.639]",0.187,"[2.9968000000000004, 3.3136, 5.0048, 7.3664000000000005, 8.464, 27.8272]","[0.0325, 0.62, -0.004375, -0.00125, -0.005, 0.00375]",0,0,29.5,"[1, 1, 1, 1, 1, 1]",87.11316095742127,0.0,0.0,0,0.0
1774904424.1862428,"[0, 0, 0, 0, 0, 0]","[1291, 1500, 1500, 1500]","[-25.08, 0.0, 0.0, 0.0]","[0.0, 0.0, 0.0]",0,4478.0263671875,0,32.16658546447754,"[0.0, -1.3732910154, 4.1198730462]","[0, 0, 0]",0,3,0.0,0.0,4.478,0,0,0,4294967.295,3750001.408,0,61895,0,95.99730682373047,119.28959655761719,0.5969807505607605,0,state.PRE_FLIGHT,915,-38,0,-37,0.0,4713,4713,"[10.6, 0.5, 16.5, 10.6, 16.5, 17.0, 0, 0]","[3.638, 3.639, 3.639]",0.187,"[2.9968000000000004, 3.3136, 5.0048, 7.3664000000000005, 8.464, 27.8272]","[0.0325, 0.62, -0.004375, -0.00125, -0.005, 0.00375]",0,0,29.5,"[1, 1, 1, 1, 1, 1]",87.07005095226388,0.0,0.0,0,0.0
1774904424.2482452,"[0, 0, 0, 0, 0, 0]","[1291, 1500, 1500, 1500]","[-25.08, 0.0, 0.0, 0.0]","[0.0, 0.0, 0.0]",0,4475.66552734375,0,32.14909767150879,"[0.0, -1.61743164036, -0.9155273436]","[0, 0, 0]",0,3,0.0,0.0,4.478,0,0,0,4294967.295,3750001.408,0,61955,0,96.17522430419922,119.36711120605469,0.5969807505607605,0,state.PRE_FLIGHT,916,-40,0,-39,0.0,4713,4713,"[10.4, 0.5, 16.5, 10.6, 16.5, 16.5, 0, 0]","[3.638, 3.639, 3.639]",0.187,"[2.9968000000000004, 3.3120000000000003, 5.0048, 7.3664000000000005, 8.440000000000001, 27.8272]","[0.035, 0.24375, -0.0025, -0.00125, 0.000625, -0.00125]",0,0,29.5,"[1, 1, 1, 1, 1, 1]",86.97610382353706,0.0,0.0,0,0.0
1774904424.296768,"[0, 0, 0, 0, 0, 0]","[1291, 1500, 1500, 1500]","[-25.08, 0.0, 0.0, 0.0]","[0.0, 0.0, 0.0]",0,4473.697265625,0,32.1447257232666,"[0.0, -0.57983398428, 8.97216796728]","[0, 0, 0]",0,3,0.0,0.0,4.474,0,0,0,4294967.295,3750001.408,0,62009,0,96.27753448486328,119.48375701904297,0.5969807505607605,0,state.PRE_FLIGHT,917,-40,0,-39,0.0,4713,4713,"[11.1, 0.5, 15.9, 10.8, 17.6, 17.0, 0, 0]","[3.638, 3.639, 3.639]",0.187,"[2.9952, 3.3120000000000003, 5.0048, 7.3584000000000005, 8.4512, 27.8288]","[0.033125, 0.24375, 0.0, -0.003125, -0.003125, -0.0025]",0,0,29.5,"[1, 1, 1, 1, 1, 1]",86.91503056123386,0.0,0.0,0,0.0
1774904424.3567665,"[0, 0, 0, 0, 0, 0]","[1291, 1500, 1500, 1500]","[-25.08, 0.0, 0.0, 0.0]","[0.0, 0.0, 0.0]",0,4471.33447265625,0,32.1447257232666,"[0.0, 2.77709960892, -5.00488281168]","[0, 0, 0]",0,3,0.0,0.0,4.474,0,0,0,4294967.295,3750001.408,0,62069,0,96.30883026123047,119.3840103149414,0.5969807505607605,0,state.PRE_FLIGHT,918,-41,0,-39,0.0,4713,4713,"[10.4, 0.5, 17.0, 10.2, 15.5, 16.5, 0, 0]","[3.638, 3.639, 3.639]",0.187,"[2.9952, 3.3120000000000003, 5.0048, 7.3584000000000005, 8.4512, 27.8288]","[0.033125, 0.24375, 0.0, -0.003125, -0.003125, -0.0025]",0,0,29.5,"[1, 1, 1, 1, 1, 1]",86.90925806010983,0.0,0.0,0,0.0
1774904424.416831,"[0, 0, 0, 0, 0, 0]","[1291, 1500, 1500, 1500]","[-25.08, 0.0, 0.0, 0.0]","[0.0, 0.0, 0.0]",0,4468.96923828125,0,32.15784156799317,"[0.0, -11.07788085756, -8.361816404879999]","[0, 0, 0]",0,3,0.0,0.0,4.47,0,0,0,4294967.295,3750001.408,0,62129,0,96.24535369873047,119.5835189819336,0.5969807505607605,0,state.PRE_FLIGHT,919,-42,0,-41,0.0,4713,4713,"[10.4, 0.5, 15.5, 10.6, 17.0, 17.0, 0, 0]","[3.638, 3.639, 3.639]",0.187,"[2.9936000000000003, 3.3136, 5.0032000000000005, 7.3664000000000005, 8.4496, 27.8288]","[0.033125, 0.241875, -0.000625, -0.001875, -0.00125, -0.00375]",0,0,29.5,"[1, 1, 1, 1, 1, 1]",86.9213412437158,0.0,0.0,0,0.0
1774904424.4760547,"[0, 0, 0, 0, 0, 0]","[1291, 1500, 1500, 1500]","[-25.08, 0.0, 0.0, 0.0]","[0.0, 0.0, 0.0]",0,4466.6025390625,0,32.140353775024415,"[0.0, -2.41088867148, 12.14599609176]","[0, 0, 0]",0,3,0.0,0.0,4.466,0,0,0,4294967.295,3750001.408,0,62189,0,96.47392272949219,119.6888427734375,0.5969807505607605,0,state.PRE_FLIGHT,920,-42,0,-42,0.0,4713,4713,"[10.8, 0.5, 16.5, 10.4, 16.5, 17.6, 0, 0]","[3.638, 3.639, 3.639]",0.187,"[2.9936000000000003, 3.3136, 5.0032000000000005, 7.3664000000000005, 8.4496, 27.8288]","[0.033125, 0.241875, -0.000625, -0.001875, -0.00125, -0.00375]",0,0,29.5,"[1, 1, 1, 1, 1, 1]",86.79868706221018,0.0,0.0,0,0.0
1774904424.535577,"[0, 0, 0, 0, 0, 0]","[1291, 1500, 1500, 1500]","[-25.08, 0.0, 0.0, 0.0]","[0.0, 0.0, 0.0]",0,4464.232421875,0,32.1797013092041,"[0.0, -9.06372070164, -6.68334960828]","[0, 0, 0]",0,3,0.0,0.0,4.466,0,0,0,4294967.295,3750001.408,0,62243,0,96.78407287597656,119.84808349609375,0.5969807505607605,0,state.PRE_FLIGHT,921,-42,0,-42,0.0,4713,4713,"[10.4, 0.5, 16.5, 10.8, 15.9, 17.0, 0, 0]","[3.638, 3.639, 3.639]",0.187,"[2.9984, 3.3152000000000004, 5.0032000000000005, 7.3696, 8.427200000000001, 27.8272]","[0.029375000000000002, 0.58125, -0.000625, -0.00125, -0.001875, -0.0025]",0,0,29.5,"[1, 1, 1, 1, 1, 1]",86.62949341963672,0.0,0.0,0,0.0
1774904424.597338,"[0, 0, 0, 0, 0, 0]","[1291, 1500, 1500, 1500]","[-25.08, 0.0, 0.0, 0.0]","[0.0, 0.0, 0.0]",0,4461.86181640625,0,32.1447257232666,"[0.0, 0.57983398428, 2.62451171832]","[0, 0, 0]",0,3,0.0,0.0,4.462,0,0,0,4294967.295,3750001.408,0,62303,0,96.77981567382812,119.79862976074219,0.5969807505607605,0,state.PRE_FLIGHT,922,-42,0,-41,0.0,4713,4713,"[10.6, 0.5, 16.5, 10.2, 15.9, 15.9, 0, 0]","[3.638, 3.639, 3.639]",0.187,"[2.9984, 3.3152000000000004, 5.0032000000000005, 7.3696, 8.427200000000001, 27.8272]","[0.029375000000000002, 0.58125, -0.000625, -0.00125, -0.001875, -0.0025]",0,0,29.5,"[1, 1, 1, 1, 1, 1]",86.63667482911484,0.0,0.0,0,0.0
1774904424.657982,"[0, 0, 0, 0, 0, 0]","[1291, 1500, 1500, 1500]","[-25.08, 0.0, 0.0, 0.0]","[0.0, 0.0, 0.0]",0,4459.48974609375,0,32.162213516235354,"[0.0, 14.37377929452, 11.38305663876]","[0, 0, 0]",0,3,0.0,0.0,4.462,0,0,0,4294967.295,3750001.408,0,62363,0,97.0755386352539,119.8132553100586,0.5969807505607605,0,state.PRE_FLIGHT,923,-41,0,-41,0.0,4713,4713,"[10.6, 0.5, 17.0, 10.2, 15.9, 17.0, 0, 0]","[3.638, 3.639, 3.639]",0.187,"[2.9936000000000003, 3.3104, 5.0048, 7.364800000000001, 8.4624, 27.8288]","[0.03, 0.59125, -0.00125, 0.000625, -0.0075, -0.00125]",0,0,29.5,"[1, 1, 1, 1, 1, 1]",86.48895845925145,0.0,0.0,0,0.0
1774904424.7182963,"[0, 0, 0, 0, 0, 0]","[1291, 1500, 1500, 1500]","[-25.08, 0.0, 0.0, 0.0]","[0.0, 0.0, 0.0]",0,4457.11669921875,0,32.184073257446286,"[0.0, -1.80053710908, -7.44628906128]","[0, 0, 0]",0,3,0.0,0.0,4.458,0,0,0,4294967.295,3750001.408,0,62423,0,97.1344223022461,119.7387924194336,0.5969807505607605,0,state.PRE_FLIGHT,924,-40,0,-40,0.0,4713,4713,"[10.4, 0.5, 17.6, 10.6, 15.5, 17.0, 0, 0]","[3.638, 3.639, 3.639]",0.187,"[2.9936000000000003, 3.3104, 5.0048, 7.364800000000001, 8.4624, 27.8288]","[0.03, 0.59125, -0.00125, 0.000625, -0.0075, -0.00125]",0,0,29.5,"[1, 1, 1, 1, 1, 1]",86.46789513478437,0.0,0.0,0,0.0
1774904424.7643113,"[0, 0, 0, 0, 0, 0]","[1291, 1500, 1500, 1500]","[-25.08, 0.0, 0.0, 0.0]","[0.0, 0.0, 0.0]",0,4455.13818359375,0,32.15784156799317,"[0.0, 5.70678710844, -4.82177734296]","[0, 0, 0]",0,3,0.0,0.0,4.458,0,0,0,4294967.295,3750001.408,0,62477,0,97.10873413085938,119.57011413574219,0.5969807505607605,0,state.PRE_FLIGHT,925,-39,0,-39,0.0,4713,4713,"[10.4, 0.5, 16.5, 10.8, 15.5, 15.5, 0, 0]","[3.638, 3.639, 3.639]",0.187,"[2.9952, 3.3136, 5.0048, 7.3584000000000005, 8.4512, 27.8272]","[0.03125, 0.55, 0.000625, 0.00125, -0.005, 0.00375]",0,0,29.5,"[1, 1, 1, 1, 1, 1]",86.49873781128417,0.0,0.0,0,0.0
1774904424.8245661,"[0, 0, 0, 0, 0, 0]","[1291, 1500, 1500, 1500]","[-25.08, 0.0, 0.0, 0.0]","[0.0, 0.0, 0.0]",0,4452.76318359375,0,32.17532936096191,"[0.0, 3.57055664004, 13.79394531024]","[0, 0, 0]",0,3,0.0,0.0,4.454,0,0,0,4294967.295,3750001.408,0,62537,0,97.41728973388672,119.7049560546875,0.5969807505607605,0,state.PRE_FLIGHT,926,-38,0,-38,0.0,4713,4713,"[10.6, 0.5, 15.9, 10.8, 15.9, 15.9, 0, 0]","[3.638, 3.639, 3.639]",0.187,"[2.9952, 3.3136, 5.0048, 7.3584000000000005, 8.4512, 27.8272]","[0.03125, 0.55, 0.000625, 0.00125, -0.005, 0.00375]",0,0,29.5,"[1, 1, 1, 1, 1, 1]",86.33223539120291,0.0,0.0,0,0.0
1774904424.8869941,"[0, 0, 0, 0, 0, 0]","[1291, 1500, 1500, 1500]","[-25.08, 0.0, 0.0, 0.0]","[0.0, 0.0, 0.0]",0,4450.38720703125,0,32.162213516235354,"[0.0, -6.1340332021199995, 5.98144531152]","[0, 0, 0]",0,3,0.0,0.0,4.45,0,0,0,4294967.295,3750001.408,0,62597,0,97.60459899902344,119.92960357666016,0.5969807505607605,0,state.PRE_FLIGHT,927,-38,0,-38,0.0,4713,4713,"[10.8, 0.5, 17.6, 10.6, 15.5, 17.0, 0, 0]","[3.638, 3.639, 3.639]",0.187,"[2.9968000000000004, 3.3088, 5.0032000000000005, 7.3664000000000005, 8.459200000000001, 27.8304]","[0.03125, 0.23625000000000002, -0.000625, -0.00125, -0.004375, 0.005]",0,0,29.5,"[1, 1, 1, 1, 1, 1]",86.21417078144212,0.0,0.0,0,0.0
1774904424.947003,"[0, 0, 0, 0, 0, 0]","[1291, 1500, 1500, 1500]","[-25.08, 0.0, 0.0, 0.0]","[0.0, 0.0, 0.0]",0,4448.009765625,0,32.17532936096191,"[0.0, -3.57055664004, -9.67407226404]","[0, 0, 0]",0,3,0.0,0.0,4.45,0,0,0,4294967.295,3750001.408,0,62657,0,97.95984649658203,119.9619140625,0.5969807505607605,0,state.PRE_FLIGHT,928,-39,0,-38,0.0,4713,4713,"[10.6, 0.5, 16.5, 10.6, 15.9, 17.0, 0, 0]","[3.638, 3.639, 3.639]",0.187,"[2.9968000000000004, 3.3120000000000003, 5.0064, 7.3664000000000005, 8.4304, 27.8304]","[0.033125, 0.201875, 0.000625, -0.005625, -0.001875, 0.00125]",0,0,29.5,"[1, 1, 1, 1, 1, 1]",86.03426938051587,0.0,0.0,0,0.0
1774904425.0075378,"[0, 0, 0, 0, 0, 0]","[1291, 1500, 1500, 1500]","[-25.08, 0.0, 0.0, 0.0]","[0.0, 0.0, 0.0]",0,4445.63037109375,0,32.16658546447754,"[0.0, 0.39672851556, 4.48608398364]","[0, 0, 0]",0,3,0.0,0.0,4.446,0,0,0,4294967.295,3750001.408,0,62711,0,97.91204833984375,119.83441925048828,0.5969807505607605,0,state.PRE_FLIGHT,929,-41,0,-41,0.0,4713,4713,"[10.4, 0.5, 16.5, 10.6, 14.6, 17.0, 0, 0]","[3.638, 3.639, 3.639]",0.187,"[2.9968000000000004, 3.3120000000000003, 5.0064, 7.3664000000000005, 8.4304, 27.8304]","[0.033125, 0.201875, 0.000625, -0.005625, -0.001875, 0.00125]",0,0,29.5,"[1, 1, 1, 1, 1, 1]",86.07321900213452,0.0,0.0,0,0.0
1774904425.0680616,"[0, 0, 0, 0, 0, 0]","[1291, 1500, 1500, 1500]","[-25.08, 0.0, 0.0, 0.0]","[0.0, 0.0, 0.0]",0,4443.2490234375,0,32.184073257446286,"[0.0, 3.32641601508, 8.97216796728]","[0, 0, 0]",0,3,0.0,0.0,4.446,0,0,0,4294967.295,3750001.408,0,62771,0,98.03626251220703,119.90950775146484,0.5969807505607605,0,state.PRE_FLIGHT,930,-41,0,-41,0.0,4713,4713,"[10.4, 0.5, 16.5, 10.8, 16.5, 17.0, 0, 0]","[3.638, 3.639, 3.639]",0.187,"[2.9968000000000004, 3.3104, 5.0048, 7.3664000000000005, 8.4656, 27.8272]","[0.02875, 0.224375, -0.004375, -0.003125, -0.00125, -0.005625]",0,0,29.5,"[1, 1, 1, 1, 1, 1]",86.0027494789487,0.0,0.0,0,0.0
1774904425.1295757,"[0, 0, 0, 0, 0, 0]","[1291, 1500, 1500, 1500]","[-25.08, 0.0, 0.0, 0.0]","[0.0, 0.0, 0.0]",0,4440.8681640625,0,32.16658546447754,"[0.0, 4.7302246086, 15.8691406224]","[0, 0, 0]",0,3,0.0,0.0,4.442,0,0,0,4294967.295,3750001.408,0,62831,0,98.2895278930664,119.82894134521484,0.5969807505607605,0,state.PRE_FLIGHT,931,-38,0,-39,0.0,4713,4713,"[10.6, 0.5, 16.5, 10.6, 16.5, 16.5, 0, 0]","[3.638, 3.639, 3.639]",0.187,"[2.9968000000000004, 3.3104, 5.0048, 7.3664000000000005, 8.4656, 27.8272]","[0.02875, 0.224375, -0.004375, -0.003125, -0.00125, -0.005625]",0,0,29.5,"[1, 1, 1, 1, 1, 1]",85.88752721079084,0.0,0.0,0,0.0
1774904425.1915307,"[0, 0, 0, 0, 0, 0]","[1291, 1500, 1500, 1500]","[-25.08, 0.0, 0.0, 0.0]","[0.0, 0.0, 0.0]",0,4438.48681640625,0,32.17532936096191,"[0.0, 4.7302246086, -6.31713867084]","[0, 0, 0]",0,3,0.0,0.0,4.438,0,0,0,4294967.295,3750001.408,0,62891,0,98.4214096069336,119.81922149658203,0.5969807505607605,0,state.PRE_FLIGHT,932,-39,0,-36,0.0,4713,4713,"[10.6, 0.5, 17.6, 10.6, 15.5, 15.9, 0, 0]","[3.638, 3.639, 3.639]",0.187,"[2.9952, 3.3104, 5.0032000000000005, 7.3632, 8.4352, 27.8288]","[0.028125, 0.245625, -0.001875, 0.000625, -0.004375, -0.00125]",0,0,29.5,"[1, 1, 1, 1, 1, 1]",85.82369198855511,0.0,0.0,0,0.0
1774904425.2365298,"[0, 0, 0, 0, 0, 0]","[1291, 1500, 1500, 1500]","[-25.08, 0.0, 0.0, 0.0]","[0.0, 0.0, 0.0]",0,4436.5009765625,0,32.19718910217285,"[0.0, -8.27026367052, -5.9509277334]","[0, 0, 0]",0,3,0.0,0.0,4.438,0,0,0,4294967.295,3750001.408,0,62945,0,98.21614837646484,119.92494201660156,0.5969807505607605,0,state.PRE_FLIGHT,933,-41,0,-40,0.0,4713,4713,"[10.6, 0.5, 15.9, 10.8, 17.0, 16.5, 0, 0]","[3.638, 3.639, 3.639]",0.187,"[2.9952, 3.3104, 5.0032000000000005, 7.3632, 8.4352, 27.8288]","[0.028125, 0.245625, -0.001875, 0.000625, -0.004375, -0.00125]",0,0,29.5,"[1, 1, 1, 1, 1, 1]",85.91181533718758,0.0,0.0,0,0.0
1774904425.2964194,"[0, 0, 0, 0, 0, 0]","[1291, 1500, 1500, 1500]","[-25.08, 0.0, 0.0, 0.0]","[0.0, 0.0, 0.0]",0,4434.11669921875,0,32.16658546447754,"[0.0, 1.9836425778, -12.08496093552]","[0, 0, 0]",0,3,0.0,0.0,4.434,0,0,0,4294967.295,3750001.408,0,63005,0,98.16551208496094,119.68385314941406,0.5969807505607605,0,state.PRE_FLIGHT,934,-41,0,-41,0.0,4713,4713,"[10.4, 0.5, 16.5, 10.8, 15.9, 16.5, 0, 0]","[3.638, 3.639, 3.639]",0.187,"[2.9968000000000004, 3.3120000000000003, 5.0032000000000005, 7.3664000000000005, 8.4624, 27.8256]","[0.031875, 0.28250000000000003, -0.0025, -0.003125, -0.00125, -0.004375]",0,0,29.5,"[1, 1, 1, 1, 1, 1]",85.96666926595111,0.0,0.0,0,0.0
1774904425.3581486,"[0, 0, 0, 0, 0, 0]","[1291, 1500, 1500, 1500]","[-25.08, 0.0, 0.0, 0.0]","[0.0, 0.0, 0.0]",0,4431.72998046875,0,32.17532936096191,"[0.0, -0.64086914052, 2.62451171832]","[0, 0, 0]",0,3,0.0,0.0,4.434,0,0,0,4294967.295,3750001.408,0,63065,0,98.47251892089844,119.6789779663086,0.5969807505607605,0,state.PRE_FLIGHT,935,-41,0,-41,0.0,4713,4713,"[10.6, 0.5, 16.5, 10.4, 15.5, 16.5, 0, 0]","[3.638, 3.639, 3.639]",0.187,"[2.9968000000000004, 3.3120000000000003, 5.0032000000000005, 7.3664000000000005, 8.4624, 27.8256]","[0.031875, 0.28250000000000003, -0.0025, -0.003125, -0.00125, -0.004375]",0,0,29.5,"[1, 1, 1, 1, 1, 1]",85.8164731678844,0.0,0.0,0,0.0
1774904425.418496,"[0, 0, 0, 0, 0, 0]","[1291, 1500, 1500, 1500]","[-25.08, 0.0, 0.0, 0.0]","[0.0, 0.0, 0.0]",0,4429.34326171875,0,32.162213516235354,"[0.0, 0.57983398428, 1.12915039044]","[0, 0, 0]",0,3,0.0,0.0,4.43,0,0,0,4294967.295,3750001.408,0,63125,0,98.34161376953125,119.75285339355469,0.5969807505607605,0,state.PRE_FLIGHT,936,-40,0,-40,0.0,4713,4713,"[10.4, 0.5, 17.0, 10.6, 17.0, 17.0, 0, 0]","[3.638, 3.639, 3.639]",0.187,"[2.9968000000000004, 3.3120000000000003, 5.0016, 7.3616, 8.4384, 27.8256]","[0.038125, 0.62875, 0.00125, -0.000625, -0.008125, 0.004375]",0,0,29.5,"[1, 1, 1, 1, 1, 1]",85.87142948875982,0.0,0.0,0,0.0
1774904425.4787507,"[0, 0, 0, 0, 0, 0]","[1291, 1500, 1500, 1500]","[-25.08, 0.0, 0.0, 0.0]","[0.0, 0.0, 0.0]",0,4427.3544921875,0,32.162213516235354,"[0.0, 3.32641601508, 2.07519531216]","[0, 0, 0]",0,3,0.0,0.0,4.43,0,0,0,4294967.295,3750001.408,0,63179,0,98.4020767211914,119.83843994140625,0.5969807505607605,0,state.PRE_FLIGHT,937,-38,0,-39,0.0,4713,4713,"[10.2, 0.5, 16.5, 10.6, 15.5, 17.0, 0, 0]","[3.638, 3.639, 3.639]",0.187,"[2.9968000000000004, 3.3120000000000003, 5.0016, 7.3616, 8.4384, 27.8256]","[0.038125, 0.62875, 0.00125, -0.000625, -0.008125, 0.004375]",0,0,29.5,"[1, 1, 1, 1, 1, 1]",85.83078480240813,0.0,0.0,0,0.0
1774904425.5262856,"[0, 0, 0, 0, 0, 0]","[1291, 1500, 1500, 1500]","[-25.08, 0.0, 0.0, 0.0]","[0.0, 0.0, 0.0]",0,4424.9677734375,0,32.17095741271973,"[0.0, -8.88061523292, -14.31274413828]","[0, 0, 0]",0,3,0.0,0.0,4.426,0,0,0,4294967.295,3750001.408,0,63239,0,98.22650146484375,119.86103057861328,0.5969807505607605,0,state.PRE_FLIGHT,938,-37,0,-37,0.0,4713,4713,"[10.4, 0.5, 17.0, 10.4, 15.5, 15.9, 0, 0]","[3.638, 3.639, 3.639]",0.187,"[2.9984, 3.3120000000000003, 5.0032000000000005, 7.36, 8.4512, 27.8304]","[0.031875, 0.59375, -0.001875, 0.0, -0.00875, 0.001875]",0,0,29.5,"[1, 1, 1, 1, 1, 1]",85.91463902412231,0.0,0.0,0,0.0
1774904425.586804,"[0, 0, 0, 0, 0, 0]","[1291, 1500, 1500, 1500]","[-25.08, 0.0, 0.0, 0.0]","[0.0, 0.0, 0.0]",0,4422.58056640625,0,32.17095741271973,"[0.0, 7.29370117068, 12.32910156048]","[0, 0, 0]",0,3,0.0,0.0,4.422,0,0,0,4294967.295,3750001.408,0,63299,0,98.47589111328125,119.65398406982422,0.5969807505607605,0,state.PRE_FLIGHT,939,-36,0,-36,0.0,4713,4713,"[10.4, 0.5, 15.9, 10.6, 15.5, 16.5, 0, 0]","[3.638, 3.639, 3.639]",0.187,"[2.9984, 3.3120000000000003, 5.0032000000000005, 7.36, 8.4512, 27.8304]","[0.031875, 0.59375, -0.001875, 0.0, -0.00875, 0.001875]",0,0,29.5,"[1, 1, 1, 1, 1, 1]",85.81802687458236,0.0,0.0,0,0.0
1774904425.6468334,"[0, 0, 0, 0, 0, 0]","[1291, 1500, 1500, 1500]","[-25.08, 0.0, 0.0, 0.0]","[0.0, 0.0, 0.0]",0,4420.1904296875,0,32.17095741271973,"[0.0, -5.1574707022799995, 8.392333983]","[0, 0, 0]",0,3,0.0,0.0,4.422,0,0,0,4294967.295,3750001.408,0,63359,0,98.42845916748047,119.86234283447266,0.5969807505607605,0,state.PRE_FLIGHT,940,-36,0,-36,0.0,4713,4713,"[10.6, 0.5, 16.5, 10.6, 15.9, 17.6, 0, 0]","[3.638, 3.639, 3.639]",0.187,"[2.9968000000000004, 3.3120000000000003, 5.0032000000000005, 7.364800000000001, 8.4288, 27.8288]","[0.031875, 0.23750000000000002, -0.00125, -0.003125, 0.000625, -0.005]",0,0,29.5,"[1, 1, 1, 1, 1, 1]",85.81471797727298,0.0,0.0,0,0.0
1774904425.7063706,"[0, 0, 0, 0, 0, 0]","[1291, 1500, 1500, 1500]","[-25.08, 0.0, 0.0, 0.0]","[0.0, 0.0, 0.0]",0,4417.80029296875,0,32.17532936096191,"[0.0, 7.1105957019599995, 9.88769531088]","[0, 0, 0]",0,3,0.0,0.0,4.418,0,0,0,4294967.295,3750001.408,0,63413,0,98.5794906616211,119.75762176513672,0.5969807505607605,0,state.PRE_FLIGHT,941,-36,0,-36,0.0,4713,4713,"[10.6, 0.5, 18.2, 10.6, 15.9, 17.0, 0, 0]","[3.638, 3.639, 3.639]",0.187,"[2.9968000000000004, 3.3120000000000003, 5.0032000000000005, 7.364800000000001, 8.4288, 27.8288]","[0.031875, 0.23750000000000002, -0.00125, -0.003125, 0.000625, -0.005]",0,0,29.5,"[1, 1, 1, 1, 1, 1]",85.75373375737777,0.0,0.0,0,0.0
1774904425.7653947,"[0, 0, 0, 0, 0, 0]","[1291, 1500, 1500, 1500]","[-25.08, 0.0, 0.0, 0.0]","[0.0, 0.0, 0.0]",0,4415.41015625,0,32.16658546447754,"[0.0, -4.5471191398799995, 10.070800779599999]","[0, 0, 0]",0,3,0.0,0.0,4.418,0,0,0,4294967.295,3750001.408,0,63473,0,98.60116577148438,119.84613037109375,0.5969807505607605,0,state.PRE_FLIGHT,942,-37,0,-36,0.0,4713,4713,"[10.6, 0.5, 15.9, 10.4, 16.5, 16.5, 0, 0]","[3.638, 3.639, 3.639]",0.187,"[2.9952, 3.3104, 5.0032000000000005, 7.364800000000001, 8.4384, 27.8256]","[0.035, 0.24, -0.00375, -0.0025, -0.00125, -0.0025]",0,0,29.5,"[1, 1, 1, 1, 1, 1]",85.73154883173501,0.0,0.0,0,0.0
1774904425.825922,"[0, 0, 0, 0, 0, 0]","[1291, 1500, 1500, 1500]","[-25.08, 0.0, 0.0, 0.0]","[0.0, 0.0, 0.0]",0,4413.01806640625,0,32.184073257446286,"[0.0, 1.80053710908, -7.62939453]","[0, 0, 0]",0,3,0.0,0.0,4.414,0,0,0,4294967.295,3750001.408,0,63533,0,98.75531005859375,119.8083267211914,0.5969807505607605,0,state.PRE_FLIGHT,943,-38,0,-38,0.0,4713,4713,"[10.4, 0.5, 17.0, 10.4, 15.5, 17.0, 0, 0]","[3.638, 3.639, 3.639]",0.187,"[2.9952, 3.3104, 5.0048, 7.356800000000001, 8.440000000000001, 27.824]","[0.04125, 0.24, -0.003125, -0.005625, -0.00125, -0.00375]",0,0,29.5,"[1, 1, 1, 1, 1, 1]",85.66050541434362,0.0,0.0,0,0.0
1774904425.8870385,"[0, 0, 0, 0, 0, 0]","[1291, 1500, 1500, 1500]","[-25.08, 0.0, 0.0, 0.0]","[0.0, 0.0, 0.0]",0,4410.6259765625,0,32.19281715393066,"[0.0, -1.9836425778, 0.21362304684]","[0, 0, 0]",0,3,0.0,0.0,4.41,0,0,0,4294967.295,3750001.408,0,63593,0,98.93565368652344,119.77597045898438,0.5969807505607605,0,state.PRE_FLIGHT,944,-38,0,-37,0.0,4713,4713,"[10.4, 0.5, 17.0, 10.8, 15.5, 16.5, 0, 0]","[3.638, 3.639, 3.639]",0.187,"[2.9952, 3.3104, 5.0048, 7.356800000000001, 8.440000000000001, 27.824]","[0.04125, 0.24, -0.003125, -0.005625, -0.00125, -0.00375]",0,0,29.5,"[1, 1, 1, 1, 1, 1]",85.57603746134862,0.0,0.0,0,0.0
1774904425.9460487,"[0, 0, 0, 0, 0, 0]","[1291, 1500, 1500, 1500]","[-25.08, 0.0, 0.0, 0.0]","[0.0, 0.0, 0.0]",0,4408.6328125,0,32.16658546447754,"[0.0, -1.80053710908, -4.63867187424]","[0, 0, 0]",0,3,0.0,0.0,4.41,0,0,0,4294967.295,3750001.408,0,63647,0,98.94580841064453,119.91142272949219,0.5969807505607605,0,state.PRE_FLIGHT,945,-39,0,-39,0.0,4713,4713,"[10.4, 0.5, 17.0, 10.8, 16.5, 17.6, 0, 0]","[3.638, 3.639, 3.639]",0.187,"[2.9952, 3.3104, 5.0032000000000005, 7.36, 8.456000000000001, 27.8272]","[0.0325, 0.2775, 0.000625, 0.000625, -0.003125, -0.0025]",0,0,29.5,"[1, 1, 1, 1, 1, 1]",85.55271631985467,0.0,0.0,0,0.0
1774904426.0071068,"[0, 0, 0, 0, 0, 0]","[1291, 1500, 1500, 1500]","[-25.08, 0.0, 0.0, 0.0]","[0.0, 0.0, 0.0]",0,4406.23974609375,0,32.16658546447754,"[0.0, 14.1906738258, 9.70458984216]","[0, 0, 0]",0,3,0.0,0.0,4.407,0,0,0,4294967.295,3750001.408,0,63707,0,99.03645324707031,120.07071685791016,0.5969807505607605,0,state.PRE_FLIGHT,946,-39,0,-39,0.0,4713,4713,"[10.4, 0.5, 17.0, 10.6, 15.9, 17.0, 0, 0]","[3.638, 3.639, 3.639]",0.187,"[2.9952, 3.3104, 5.0032000000000005, 7.36, 8.456000000000001, 27.8272]","[0.0325, 0.2775, 0.000625, 0.000625, -0.003125, -0.0025]",0,0,29.5,"[1, 1, 1, 1, 1, 1]",85.48619824324398,0.0,0.0,0,0.0
1774904426.0548563,"[0, 0, 0, 0, 0, 0]","[1291, 1500, 1500, 1500]","[-25.08, 0.0, 0.0, 0.0]","[0.0, 0.0, 0.0]",0,4403.84619140625,0,32.1797013092041,"[0.0, 0.1525878906, -12.08496093552]","[0, 0, 0]",0,3,0.0,0.0,4.407,0,0,0,4294967.295,3750001.408,0,63767,0,99.0175552368164,120.28003692626953,0.5969807505607605,0,state.PRE_FLIGHT,947,-38,0,-38,0.0,4713,4713,"[10.4, 0.5, 16.5, 10.6, 15.0, 16.5, 0, 0]","[3.638, 3.639, 3.639]",0.187,"[2.9968000000000004, 3.3088, 5.0, 7.3696, 8.4448, 27.822400000000002]","[0.035, 0.629375, -0.00375, -0.00125, -0.0025, -0.0025]",0,0,29.5,"[1, 1, 1, 1, 1, 1]",85.46712837412063,0.0,0.0,0,0.0
1774904426.11569,"[0, 0, 0, 0, 0, 0]","[1291, 1500, 1500, 1500]","[-25.08, 0.0, 0.0, 0.0]","[0.0, 0.0, 0.0]",0,4401.45068359375,0,32.19281715393066,"[0.0, 1.92260742156, -0.9155273436]","[0, 0, 0]",0,3,0.0,0.0,4.403,0,0,0,4294967.295,3750001.408,0,63827,0,98.9104232788086,120.30812072753906,0.5969807505607605,0,state.PRE_FLIGHT,948,-37,0,-37,0.0,4713,4713,"[10.6, 0.5, 16.5, 11.1, 15.9, 16.5, 0, 0]","[3.638, 3.639, 3.639]",0.187,"[2.9968000000000004, 3.3088, 5.0, 7.3696, 8.4448, 27.822400000000002]","[0.035, 0.629375, -0.00375, -0.00125, -0.0025, -0.0025]",0,0,29.5,"[1, 1, 1, 1, 1, 1]",85.51688542400929,0.0,0.0,0,0.0
1774904426.1780035,"[0, 0, 0, 0, 0, 0]","[1291, 1500, 1500, 1500]","[-25.08, 0.0, 0.0, 0.0]","[0.0, 0.0, 0.0]",0,4399.05517578125,0,32.162213516235354,"[0.0, -9.85717773276, 5.7983398428]","[0, 0, 0]",0,3,0.0,0.0,4.403,0,0,0,4294967.295,3750001.408,0,63881,0,99.25398254394531,120.5219497680664,0.5969807505607605,0,state.PRE_FLIGHT,949,-36,0,-36,0.0,4713,4713,"[10.6, 0.5, 17.0, 10.6, 15.9, 16.5, 0, 0]","[3.638, 3.639, 3.639]",0.187,"[2.9952, 3.3120000000000003, 5.0032000000000005, 7.364800000000001, 8.4464, 27.8288]","[0.036875, 0.6062500000000001, -0.003125, -0.001875, -0.0075, -0.000625]",0,0,29.5,"[1, 1, 1, 1, 1, 1]",85.31538363219929,0.0,0.0,0,0.0
1774904426.2380066,"[0, 0, 0, 0, 0, 0]","[1291, 1500, 1500, 1500]","[-25.08, 0.0, 0.0, 0.0]","[0.0, 0.0, 0.0]",0,4396.6591796875,0,32.17095741271973,"[0.0, -7.65991210812, -1.46484374976]","[0, 0, 0]",0,3,0.0,0.0,4.398,0,0,0,4294967.295,3750001.408,0,63941,0,99.41022491455078,120.57261657714844,0.5969807505607605,0,state.PRE_FLIGHT,950,-36,0,-36,0.0,4713,4713,"[10.6, 0.5, 17.0, 10.2, 16.5, 16.5, 0, 0]","[3.638, 3.639, 3.639]",0.187,"[2.9952, 3.3120000000000003, 5.0032000000000005, 7.364800000000001, 8.4464, 27.8288]","[0.036875, 0.6062500000000001, -0.003125, -0.001875, -0.0075, -0.000625]",0,0,29.5,"[1, 1, 1, 1, 1, 1]",85.2296572723755,0.0,0.0,0,0.0
1774904426.2984376,"[0, 0, 0, 0, 0, 0]","[1291, 1500, 1500, 1500]","[-25.08, 0.0, 0.0, 0.0]","[0.0, 0.0, 0.0]",0,4394.263671875,0,32.184073257446286,"[0.0, 1.9836425778, 9.88769531088]","[0, 0, 0]",0,3,0.0,0.0,4.394,0,0,0,4294967.295,3750001.408,0,64001,0,99.54969024658203,120.7825698852539,0.5969807505607605,0,state.PRE_FLIGHT,951,-36,0,-36,0.0,4713,4713,"[10.4, 0.5, 17.0, 10.2, 16.5, 17.6, 0, 0]","[3.638, 3.639, 3.639]",0.187,"[2.9968000000000004, 3.3104, 5.0016, 7.364800000000001, 8.4512, 27.8288]","[0.035, 0.62375, -0.00125, 0.00125, -0.00625, 0.0]",0,0,29.5,"[1, 1, 1, 1, 1, 1]",85.12937789112723,0.0,0.0,0,0.0
1774904426.3584383,"[0, 0, 0, 0, 0, 0]","[1291, 1500, 1500, 1500]","[-25.08, 0.0, 0.0, 0.0]","[0.0, 0.0, 0.0]",0,4391.86767578125,0,32.184073257446286,"[0.0, 8.6975097642, 23.31542968368]","[0, 0, 0]",0,3,0.0,0.0,4.394,0,0,0,4294967.295,3750001.408,0,64061,0,99.94029235839844,120.54943084716797,0.5969807505607605,0,state.PRE_FLIGHT,952,-36,0,-36,0.0,4713,4713,"[10.4, 0.5, 17.0, 10.8, 15.5, 17.0, 0, 0]","[3.638, 3.639, 3.639]",0.187,"[2.9968000000000004, 3.3104, 5.0016, 7.364800000000001, 8.4512, 27.8288]","[0.035, 0.62375, -0.00125, 0.00125, -0.00625, 0.0]",0,0,29.5,"[1, 1, 1, 1, 1, 1]",84.96636802823356,0.0,0.0,0,0.0
1774904426.4039762,"[0, 0, 0, 0, 0, 0]","[1291, 1500, 1500, 1500]","[-25.08, 0.0, 0.0, 0.0]","[0.0, 0.0, 0.0]",0,4389.87158203125,0,32.17532936096191,"[0.0, -9.67407226404, -2.77709960892]","[0, 0, 0]",0,3,0.0,0.0,4.391,0,0,0,4294967.295,3750001.408,0,64115,0,100.04400634765625,120.86878204345703,0.5969807505607605,0,state.PRE_FLIGHT,953,-36,0,-36,0.0,4713,4713,"[10.6, 0.5, 17.0, 10.4, 15.5, 17.0, 0, 0]","[3.638, 3.639, 3.639]",0.187,"[2.9968000000000004, 3.3104, 5.0032000000000005, 7.3632, 8.456000000000001, 27.8272]","[0.02875, 0.246875, -0.0025, -0.000625, -0.00625, -0.000625]",0,0,29.5,"[1, 1, 1, 1, 1, 1]",84.86617159148047,0.0,0.0,0,0.0
1774904426.4639814,"[0, 0, 0, 0, 0, 0]","[1291, 1500, 1500, 1500]","[-25.08, 0.0, 0.0, 0.0]","[0.0, 0.0, 0.0]",0,4387.4755859375,0,32.17095741271973,"[0.0, 0.39672851556, 5.43212890536]","[0, 0, 0]",0,3,0.0,0.0,4.391,0,0,0,4294967.295,3750001.408,0,64175,0,100.03028869628906,120.86937713623047,0.5969807505607605,0,state.PRE_FLIGHT,954,-35,0,-35,0.0,4713,4713,"[10.4, 0.5, 15.9, 11.1, 15.5, 17.0, 0, 0]","[3.638, 3.639, 3.639]",0.187,"[2.9968000000000004, 3.3136, 5.0032000000000005, 7.3664000000000005, 8.4688, 27.8272]","[0.03375, 0.21875, -0.003125, -0.003125, -0.003125, 0.000625]",0,0,29.5,"[1, 1, 1, 1, 1, 1]",84.87304059219291,0.0,0.0,0,0.0
1774904426.5267072,"[0, 0, 0, 0, 0, 0]","[1291, 1500, 1500, 1500]","[-25.08, 0.0, 0.0, 0.0]","[0.0, 0.0, 0.0]",0,4385.07666015625,0,32.1797013092041,"[0.0, -11.444091795, -2.5939941402]","[0, 0, 0]",0,3,0.0,0.0,4.386,0,0,0,4294967.295,3750001.408,0,64235,0,100.16943359375,120.9566650390625,0.5969807505607605,0,state.PRE_FLIGHT,955,-36,0,-36,0.0,4713,4713,"[10.6, 0.5, 15.9, 10.8, 15.9, 17.0, 0, 0]","[3.638, 3.639, 3.639]",0.187,"[2.9968000000000004, 3.3136, 5.0032000000000005, 7.3664000000000005, 8.4688, 27.8272]","[0.03375, 0.21875, -0.003125, -0.003125, -0.003125, 0.000625]",0,0,29.5,"[1, 1, 1, 1, 1, 1]",84.78919084813018,0.0,0.0,0,0.0
1774904426.5892377,"[0, 0, 0, 0, 0, 0]","[1291, 1500, 1500, 1500]","[-25.08, 0.0, 0.0, 0.0]","[0.0, 0.0, 0.0]",0,4382.677734375,0,32.17095741271973,"[0.0, -1.19018554668, 6.7138671864]","[0, 0, 0]",0,3,0.0,0.0,4.383,0,0,0,4294967.295,3750001.408,0,64295,0,100.26921844482422,121.1434326171875,0.5969807505607605,0,state.PRE_FLIGHT,956,-36,0,-36,0.0,4713,4713,"[10.4, 0.5, 17.0, 10.4, 15.9, 16.5, 0, 0]","[3.638, 3.639, 3.639]",0.187,"[2.9968000000000004, 3.3136, 5.0032000000000005, 7.3584000000000005, 8.4464, 27.8288]","[0.03375, 0.245625, -0.00125, -0.003125, -0.004375, 0.00125]",0,0,29.5,"[1, 1, 1, 1, 1, 1]",84.70981879568681,0.0,0.0,0,0.0
1774904426.6497607,"[0, 0, 0, 0, 0, 0]","[1291, 1500, 1500, 1500]","[-25.08, 0.0, 0.0, 0.0]","[0.0, 0.0, 0.0]",0,4380.6796875,0,32.17532936096191,"[0.0, 7.04956054572, 3.38745117132]","[0, 0, 0]",0,3,0.0,0.0,4.383,0,0,0,4294967.295,3750001.408,0,64349,0,100.03589630126953,120.99557495117188,0.5969807505607605,0,state.PRE_FLIGHT,957,-35,0,-35,0.0,4713,4713,"[10.6, 0.5, 16.5, 10.8, 15.9, 16.5, 0, 0]","[3.638, 3.639, 3.639]",0.187,"[2.9968000000000004, 3.3136, 5.0032000000000005, 7.3584000000000005, 8.4464, 27.8288]","[0.03375, 0.245625, -0.00125, -0.003125, -0.004375, 0.00125]",0,0,29.5,"[1, 1, 1, 1, 1, 1]",84.85125584744074,0.0,0.0,0,0.0
1774904426.711291,"[0, 0, 0, 0, 0, 0]","[1291, 1500, 1500, 1500]","[-25.08, 0.0, 0.0, 0.0]","[0.0, 0.0, 0.0]",0,4378.2822265625,0,32.15784156799317,"[0.0, 0.762939453, 2.80761718704]","[0, 0, 0]",0,3,0.0,0.0,4.379,0,0,0,4294967.295,3750001.408,0,64409,0,100.02104949951172,120.84284973144531,0.5969807505607605,0,state.PRE_FLIGHT,958,-35,0,-33,0.0,4713,4713,"[10.2, 0.5, 15.9, 10.4, 15.9, 17.0, 0, 0]","[3.638, 3.639, 3.639]",0.187,"[2.9952, 3.3088, 5.0016, 7.3616, 8.456000000000001, 27.8288]","[0.0275, 0.230625, -0.0025, 0.0, 0.000625, -0.0025]",0,0,29.5,"[1, 1, 1, 1, 1, 1]",84.88170595616505,0.0,0.0,0,0.0
1774904426.7569065,"[0, 0, 0, 0, 0, 0]","[1291, 1500, 1500, 1500]","[-25.08, 0.0, 0.0, 0.0]","[0.0, 0.0, 0.0]",0,4375.884765625,0,32.17095741271973,"[0.0, -5.8898925771599995, -1.28173828104]","[0, 0, 0]",0,3,0.0,0.0,4.379,0,0,0,4294967.295,3750001.408,0,64469,0,100.18595123291016,121.20527648925781,0.5969807505607605,0,state.PRE_FLIGHT,959,-35,0,-35,0.0,4713,4713,"[10.6, 0.5, 17.0, 10.4, 15.0, 16.5, 0, 0]","[3.638, 3.639, 3.639]",0.187,"[2.9952, 3.3088, 5.0016, 7.3616, 8.456000000000001, 27.8288]","[0.0275, 0.230625, -0.0025, 0.0, 0.000625, -0.0025]",0,0,29.5,"[1, 1, 1, 1, 1, 1]",84.7429818290524,0.0,0.0,0,0.0
1774904426.8174474,"[0, 0, 0, 0, 0, 0]","[1291, 1500, 1500, 1500]","[-25.08, 0.0, 0.0, 0.0]","[0.0, 0.0, 0.0]",0,4373.48583984375,0,32.19281715393066,"[0.0, -6.8664550769999995, 15.8691406224]","[0, 0, 0]",0,3,0.0,0.0,4.375,0,0,0,4294967.295,3750001.408,0,64529,0,100.32682800292969,121.32953643798828,0.5969807505607605,0,state.PRE_FLIGHT,960,-36,0,-36,0.0,4713,4713,"[10.8, 0.5, 17.0, 10.6, 16.5, 17.0, 0, 0]","[3.638, 3.639, 3.639]",0.187,"[2.9968000000000004, 3.3120000000000003, 5.0064, 7.364800000000001, 8.4352, 27.824]","[0.02875, 0.5975, 0.000625, 0.0025, -0.005, -0.00125]",0,0,29.5,"[1, 1, 1, 1, 1, 1]",84.65172873338172,0.0,0.0,0,0.0
1774904426.8759835,"[0, 0, 0, 0, 0, 0]","[1291, 1500, 1500, 1500]","[-25.08, 0.0, 0.0, 0.0]","[0.0, 0.0, 0.0]",0,4371.08642578125,0,32.188445205688474,"[0.0, -4.7302246086, 7.8430175768399994]","[0, 0, 0]",0,3,0.0,0.0,4.375,0,0,0,4294967.295,3750001.408,0,64583,0,100.39691162109375,121.37263488769531,0.5969807505607605,0,state.PRE_FLIGHT,961,-37,0,-36,0.0,4713,4713,"[10.4, 0.5, 15.9, 10.4, 15.9, 16.5, 0, 0]","[3.638, 3.639, 3.639]",0.187,"[2.9968000000000004, 3.3120000000000003, 5.0064, 7.364800000000001, 8.4352, 27.824]","[0.02875, 0.5975, 0.000625, 0.0025, -0.005, -0.00125]",0,0,29.5,"[1, 1, 1, 1, 1, 1]",84.60905290051853,0.0,0.0,0,0.0
1774904426.936998,"[0, 0, 0, 0, 0, 0]","[1291, 1500, 1500, 1500]","[-25.08, 0.0, 0.0, 0.0]","[0.0, 0.0, 0.0]",0,4368.68505859375,0,32.17532936096191,"[0.0, 1.55639648412, -2.77709960892]","[0, 0, 0]",0,3,0.0,0.0,4.37,0,0,0,4294967.295,3750001.408,0,64643,0,100.18175506591797,121.34944152832031,0.5969807505607605,0,state.PRE_FLIGHT,962,-38,0,-38,0.0,4713,4713,"[10.6, 0.5, 16.5, 10.4, 15.9, 16.5, 0, 0]","[3.638, 3.639, 3.639]",0.187,"[2.9984, 3.3136, 5.0048, 7.3616, 8.4608, 27.8288]","[0.0375, 0.62625, -0.004375, -0.001875, -0.000625, -0.000625]",0,0,29.5,"[1, 1, 1, 1, 1, 1]",84.72325789714395,0.0,0.0,0,0.0
1774904426.9975526,"[0, 0, 0, 0, 0, 0]","[1291, 1500, 1500, 1500]","[-25.08, 0.0, 0.0, 0.0]","[0.0, 0.0, 0.0]",0,4366.28466796875,0,32.188445205688474,"[0.0, -8.45336913924, 1.31225585916]","[0, 0, 0]",0,3,0.0,0.0,4.366,0,0,0,4294967.295,3750001.408,0,64703,0,100.19031524658203,121.63569641113281,0.5969807505607605,0,state.PRE_FLIGHT,963,-37,0,-37,0.0,4713,4713,"[10.8, 0.5, 16.5, 10.6, 16.5, 17.6, 0, 0]","[3.638, 3.639, 3.639]",0.187,"[2.9984, 3.3136, 5.0048, 7.3616, 8.4608, 27.8288]","[0.0375, 0.62625, -0.004375, -0.001875, -0.000625, -0.000625]",0,0,29.5,"[1, 1, 1, 1, 1, 1]",84.67548603168392,0.0,0.0,0,0.0
1774904427.0580778,"[0, 0, 0, 0, 0, 0]","[1291, 1500, 1500, 1500]","[-25.08, 0.0, 0.0, 0.0]","[0.0, 0.0, 0.0]",0,4363.88525390625,0,32.20156105041504,"[0.0, -8.88061523292, -0.9155273436]","[0, 0, 0]",0,3,0.0,0.0,4.366,0,0,0,4294967.295,3750001.408,0,64763,0,100.31635284423828,121.78280639648438,0.5969807505607605,0,state.PRE_FLIGHT,964,-36,0,-36,0.0,4713,4713,"[10.2, 0.5, 16.5, 10.8, 16.5, 16.5, 0, 0]","[3.638, 3.639, 3.639]",0.187,"[2.9936000000000003, 3.3152000000000004, 5.0032000000000005, 7.3616, 8.443200000000001, 27.8272]","[0.03, 0.231875, -0.001875, -0.000625, -0.0025, 0.0]",0,0,29.5,"[1, 1, 1, 1, 1, 1]",84.58763534228343,0.0,0.0,0,0.0
1774904427.1056182,"[0, 0, 0, 0, 0, 0]","[1291, 1500, 1500, 1500]","[-25.08, 0.0, 0.0, 0.0]","[0.0, 0.0, 0.0]",0,4361.884765625,0,32.184073257446286,"[0.0, -10.04028320148, 5.7983398428]","[0, 0, 0]",0,3,0.0,0.0,4.363,0,0,0,4294967.295,3750001.408,0,64817,0,100.50629425048828,122.02239990234375,0.5969807505607605,0,state.PRE_FLIGHT,965,-35,0,-36,0.0,4713,4713,"[10.8, 0.5, 15.9, 10.6, 16.5, 16.5, 0, 0]","[3.638, 3.639, 3.639]",0.187,"[2.9936000000000003, 3.3152000000000004, 5.0032000000000005, 7.3616, 8.443200000000001, 27.8272]","[0.03, 0.231875, -0.001875, -0.000625, -0.0025, 0.0]",0,0,29.5,"[1, 1, 1, 1, 1, 1]",84.4515289625574,0.0,0.0,0,0.0
1774904427.1677053,"[0, 0, 0, 0, 0, 0]","[1291, 1500, 1500, 1500]","[-25.08, 0.0, 0.0, 0.0]","[0.0, 0.0, 0.0]",0,4359.4833984375,0,32.184073257446286,"[0.0, -4.7302246086, -6.68334960828]","[0, 0, 0]",0,3,0.0,0.0,4.363,0,0,0,4294967.295,3750001.408,0,64877,0,100.41409301757812,121.95283508300781,0.5969807505607605,0,state.PRE_FLIGHT,966,-36,0,-36,0.0,4713,4713,"[10.8, 0.5, 17.0, 10.4, 14.6, 17.0, 0, 0]","[3.638, 3.639, 3.639]",0.187,"[2.9968000000000004, 3.3120000000000003, 5.0016, 7.3632, 8.4704, 27.820800000000002]","[0.035, 0.24375, -0.00375, -0.00125, 0.000625, 0.000625]",0,0,29.5,"[1, 1, 1, 1, 1, 1]",84.51054513739872,0.0,0.0,0,0.0
1774904427.228236,"[0, 0, 0, 0, 0, 0]","[1291, 1500, 1500, 1500]","[-25.08, 0.0, 0.0, 0.0]","[0.0, 0.0, 0.0]",0,4357.08349609375,0,32.205932998657225,"[0.0, -5.7678222646799995, 0.21362304684]","[0, 0, 0]",0,3,0.0,0.0,4.359,0,0,0,4294967.295,3750001.408,0,64937,0,100.40980529785156,122.04560852050781,0.5969807505607605,0,state.PRE_FLIGHT,967,-38,0,-37,0.0,4713,4713,"[10.8, 0.5, 17.0, 10.6, 15.0, 16.5, 0, 0]","[3.638, 3.639, 3.639]",0.187,"[2.9968000000000004, 3.3104, 5.0016, 7.3664000000000005, 8.4464, 27.8288]","[0.03625, 0.21937500000000001, -0.000625, -0.004375, -0.00125, -0.003125]",0,0,29.5,"[1, 1, 1, 1, 1, 1]",84.49850564093396,0.0,0.0,0,0.0
1774904427.2887645,"[0, 0, 0, 0, 0, 0]","[1291, 1500, 1500, 1500]","[-25.08, 0.0, 0.0, 0.0]","[0.0, 0.0, 0.0]",0,4354.68408203125,0,32.184073257446286,"[0.0, -15.59448241932, -3.5095214838]","[0, 0, 0]",0,3,0.0,0.0,4.355,0,0,0,4294967.295,3750001.408,0,64997,0,100.53007507324219,122.40019989013672,0.5969807505607605,0,state.PRE_FLIGHT,968,-37,0,-37,0.0,4713,4713,"[10.8, 0.5, 15.9, 10.6, 16.5, 17.0, 0, 0]","[3.638, 3.639, 3.639]",0.187,"[2.9968000000000004, 3.3104, 5.0016, 7.3664000000000005, 8.4464, 27.8288]","[0.03625, 0.21937500000000001, -0.000625, -0.004375, -0.00125, -0.003125]",0,0,29.5,"[1, 1, 1, 1, 1, 1]",84.38037656388876,0.0,0.0,0,0.0
1774904427.3504274,"[0, 0, 0, 0, 0, 0]","[1291, 1500, 1500, 1500]","[-25.08, 0.0, 0.0, 0.0]","[0.0, 0.0, 0.0]",0,4352.28271484375,0,32.17532936096191,"[0.0, 2.16674804652, -1.64794921848]","[0, 0, 0]",0,3,0.0,0.0,4.355,0,0,0,4294967.295,3750001.408,0,65051,0,100.47346496582031,122.52189636230469,0.5969807505607605,0,state.PRE_FLIGHT,969,-37,0,-37,0.0,4713,4713,"[10.6, 0.5, 16.5, 10.2, 16.5, 16.5, 0, 0]","[3.638, 3.639, 3.639]",0.187,"[2.9968000000000004, 3.3120000000000003, 5.0032000000000005, 7.364800000000001, 8.441600000000001, 27.8272]","[0.033125, 0.236875, -0.0025, -0.005, -0.0025, -0.000625]",0,0,29.5,"[1, 1, 1, 1, 1, 1]",84.39159004172195,0.0,0.0,0,0.0
1774904427.4114792,"[0, 0, 0, 0, 0, 0]","[1291, 1500, 1500, 1500]","[-25.08, 0.0, 0.0, 0.0]","[0.0, 0.0, 0.0]",0,4349.88134765625,0,32.19281715393066,"[0.0, -1.00708007796, 6.16455078024]","[0, 0, 0]",0,3,0.0,0.0,4.35,0,0,0,4294967.295,3750001.408,0,65111,0,100.55864715576172,122.50843048095703,0.5969807505607605,0,state.PRE_FLIGHT,970,-37,0,-37,0.0,4713,4713,"[10.6, 0.5, 16.5, 10.8, 15.5, 16.5, 0, 0]","[3.638, 3.639, 3.639]",0.187,"[2.9968000000000004, 3.3120000000000003, 5.0032000000000005, 7.364800000000001, 8.441600000000001, 27.8272]","[0.033125, 0.236875, -0.0025, -0.005, -0.0025, -0.000625]",0,0,29.5,"[1, 1, 1, 1, 1, 1]",84.34843599290451,0.0,0.0,0,0.0
1774904427.4714744,"[0, 0, 0, 0, 0, 0]","[1291, 1500, 1500, 1500]","[-25.08, 0.0, 0.0, 0.0]","[0.0, 0.0, 0.0]",0,4347.47998046875,0,32.19718910217285,"[0.0, -6.1340332021199995, -4.2724609368]","[0, 0, 0]",0,3,0.0,0.0,4.35,0,0,0,4294967.295,3750001.408,0,65171,0,100.82992553710938,122.6018295288086,0.5969807505607605,0,state.PRE_FLIGHT,971,-36,0,-36,0.0,4713,4713,"[10.2, 0.5, 17.0, 10.6, 15.5, 17.0, 0, 0]","[3.638, 3.639, 3.639]",0.187,"[2.9952, 3.3136, 5.0016, 7.3584000000000005, 8.4528, 27.824]","[0.031875, 0.265625, -0.005625, -0.003125, 0.0, -0.0025]",0,0,29.5,"[1, 1, 1, 1, 1, 1]",84.18959117571228,0.0,0.0,0,0.0
1774904427.5325017,"[0, 0, 0, 0, 0, 0]","[1291, 1500, 1500, 1500]","[-25.08, 0.0, 0.0, 0.0]","[0.0, 0.0, 0.0]",0,4345.0791015625,0,32.1797013092041,"[0.0, 4.9133300773199995, 8.20922851428]","[0, 0, 0]",0,3,0.0,0.0,4.346,0,0,0,4294967.295,3750001.408,0,65231,0,101.14029693603516,122.6036605834961,0.5969807505607605,0,state.PRE_FLIGHT,972,-36,0,-36,0.0,4713,4713,"[10.6, 0.5, 17.6, 10.6, 16.5, 16.5, 0, 0]","[3.638, 3.639, 3.639]",0.187,"[2.9952, 3.3136, 5.0016, 7.3584000000000005, 8.4528, 27.824]","[0.031875, 0.265625, -0.005625, -0.003125, 0.0, -0.0025]",0,0,29.5,"[1, 1, 1, 1, 1, 1]",84.02425628822112,0.0,0.0,0,0.0
1774904427.5775478,"[0, 0, 0, 0, 0, 0]","[1291, 1500, 1500, 1500]","[-25.08, 0.0, 0.0, 0.0]","[0.0, 0.0, 0.0]",0,4343.078125,0,32.19281715393066,"[0.0, -3.14331054636, 0.21362304684]","[0, 0, 0]",0,3,0.0,0.0,4.343,0,0,0,4294967.295,3750001.408,0,65285,0,101.102783203125,122.60276794433594,0.5969807505607605,0,state.PRE_FLIGHT,973,-36,0,-36,0.0,4713,4713,"[10.4, 0.5, 16.5, 10.6, 17.0, 15.9, 0, 0]","[3.638, 3.639, 3.639]",0.187,"[2.9936000000000003, 3.3136, 5.0032000000000005, 7.3696, 8.4384, 27.8272]","[0.035625000000000004, 0.6275000000000001, 0.000625, -0.000625, -0.00375, 0.001875]",0,0,29.5,"[1, 1, 1, 1, 1, 1]",84.04434360391679,0.0,0.0,0,0.0
1774904427.6380744,"[0, 0, 0, 0, 0, 0]","[1291, 1500, 1500, 1500]","[-25.08, 0.0, 0.0, 0.0]","[0.0, 0.0, 0.0]",0,4340.6767578125,0,32.205932998657225,"[0.0, -1.80053710908, 8.02612304556]","[0, 0, 0]",0,3,0.0,0.0,4.343,0,0,0,4294967.295,3750001.408,0,65345,0,101.08541870117188,122.86154174804688,0.5969807505607605,0,state.PRE_FLIGHT,974,-36,0,-36,0.0,4713,4713,"[10.6, 0.5, 17.0, 10.6, 15.9, 17.0, 0, 0]","[3.638, 3.639, 3.639]",0.187,"[2.9936000000000003, 3.3136, 5.0032000000000005, 7.3696, 8.4384, 27.8272]","[0.035625000000000004, 0.6275000000000001, 0.000625, -0.000625, -0.00375, 0.001875]",0,0,29.5,"[1, 1, 1, 1, 1, 1]",84.01149240413758,0.0,0.0,0,0.0
1774904427.6990056,"[0, 0, 0, 0, 0, 0]","[1291, 1500, 1500, 1500]","[-25.08, 0.0, 0.0, 0.0]","[0.0, 0.0, 0.0]",0,4338.27490234375,0,32.19281715393066,"[0.0, 2.8991699214, -5.00488281168]","[0, 0, 0]",0,3,0.0,0.0,4.339,0,0,0,4294967.295,3750001.408,0,65405,0,100.98226165771484,122.81333923339844,0.5969807505607605,0,state.PRE_FLIGHT,975,-36,0,-36,0.0,4713,4713,"[10.6, 0.5, 15.9, 10.4, 15.0, 16.5, 0, 0]","[3.638, 3.639, 3.639]",0.187,"[2.9952, 3.3120000000000003, 5.0016, 7.3664000000000005, 8.457600000000001, 27.8256]","[0.038125, 0.63, -0.00375, 0.00125, -0.005625, -0.000625]",0,0,29.5,"[1, 1, 1, 1, 1, 1]",84.07448749462603,0.0,0.0,0,0.0
1774904427.7590008,"[0, 0, 0, 0, 0, 0]","[1291, 1500, 1500, 1500]","[-25.08, 0.0, 0.0, 0.0]","[0.0, 0.0, 0.0]",0,4335.87158203125,0,32.1797013092041,"[0.0, -0.82397460924, -7.2326660144399995]","[0, 0, 0]",0,3,0.0,0.0,4.339,0,0,0,4294967.295,3750001.408,0,65465,0,100.7359619140625,122.7926025390625,0.5969807505607605,0,state.PRE_FLIGHT,976,-36,0,-36,0.0,4713,4713,"[10.6, 0.5, 15.9, 10.6, 15.5, 16.5, 0, 0]","[3.638, 3.639, 3.639]",0.187,"[2.9952, 3.3120000000000003, 5.0016, 7.3664000000000005, 8.457600000000001, 27.8256]","[0.038125, 0.63, -0.00375, 0.00125, -0.005625, -0.000625]",0,0,29.5,"[1, 1, 1, 1, 1, 1]",84.20952027725227,0.0,0.0,0,0.0
1774904427.819533,"[0, 0, 0, 0, 0, 0]","[1291, 1500, 1500, 1500]","[-25.08, 0.0, 0.0, 0.0]","[0.0, 0.0, 0.0]",0,4333.8701171875,0,32.19718910217285,"[0.0, -0.39672851556, -16.38793945044]","[0, 0, 0]",0,3,0.0,0.0,4.335,0,0,0,4294967.295,3750001.408,0,65519,0,100.78878021240234,123.00988006591797,0.5969807505607605,0,state.PRE_FLIGHT,977,-36,0,-36,0.0,4713,4713,"[10.6, 0.5, 17.0, 10.4, 15.5, 15.9, 0, 0]","[3.638, 3.639, 3.639]",0.187,"[2.9968000000000004, 3.3104, 5.0032000000000005, 7.364800000000001, 8.459200000000001, 27.8288]","[0.035, 0.21875, 0.0, -0.0025, -0.00375, -0.00125]",0,0,29.5,"[1, 1, 1, 1, 1, 1]",84.14694586021463,0.0,0.0,0,0.0
1774904427.8800676,"[0, 0, 0, 0, 0, 0]","[1291, 1500, 1500, 1500]","[-25.08, 0.0, 0.0, 0.0]","[0.0, 0.0, 0.0]",0,4331.46875,0,32.1797013092041,"[0.0, -0.64086914052, -5.55419921784]","[0, 0, 0]",0,3,0.0,0.0,4.335,0,0,0,4294967.295,3750001.408,0,65579,0,100.847900390625,123.1429443359375,0.5969807505607605,0,state.PRE_FLIGHT,978,-36,0,-36,0.0,4713,4713,"[10.8, 0.5, 16.5, 10.8, 15.9, 15.9, 0, 0]","[3.638, 3.639, 3.639]",0.187,"[2.9968000000000004, 3.3104, 5.0032000000000005, 7.364800000000001, 8.459200000000001, 27.8288]","[0.035, 0.21875, 0.0, -0.0025, -0.00375, -0.00125]",0,0,29.5,"[1, 1, 1, 1, 1, 1]",84.09404767157193,0.0,0.0,0,0.0
1774904427.9400737,"[0, 0, 0, 0, 0, 0]","[1291, 1500, 1500, 1500]","[-25.08, 0.0, 0.0, 0.0]","[0.0, 0.0, 0.0]",0,4329.0673828125,0,32.184073257446286,"[0.0, -2.96020507764, -4.63867187424]","[0, 0, 0]",0,3,0.0,0.0,4.331,0,0,0,4294967.295,3750001.408,0,65639,0,100.8286361694336,123.124267578125,0.5969807505607605,0,state.PRE_FLIGHT,979,-35,0,-35,0.0,4713,4713,"[10.6, 0.5, 17.0, 10.8, 15.5, 15.9, 0, 0]","[3.638, 3.639, 3.639]",0.187,"[2.9984, 3.3104, 5.0048, 7.364800000000001, 8.432, 27.8256]","[0.030625, 0.26, -0.00125, -0.00125, -0.0025, -0.003125]",0,0,29.5,"[1, 1, 1, 1, 1, 1]",84.10740113490802,0.0,0.0,0,0.0
1774904428.0016088,"[0, 0, 0, 0, 0, 0]","[1291, 1500, 1500, 1500]","[-25.08, 0.0, 0.0, 0.0]","[0.0, 0.0, 0.0]",0,4326.666015625,0,32.20156105041504,"[0.0, 3.14331054636, 5.43212890536]","[0, 0, 0]",0,3,0.0,0.0,4.327,0,0,0,4294967.295,3750001.408,0,65699,0,101.435546875,122.90582275390625,0.5969807505607605,0,state.PRE_FLIGHT,980,-34,0,-34,0.0,4713,4713,"[10.2, 0.5, 17.0, 10.8, 15.0, 15.9, 0, 0]","[3.638, 3.639, 3.639]",0.187,"[2.9952, 3.3120000000000003, 5.0, 7.3712, 8.4528, 27.8272]","[0.035625000000000004, 0.216875, -0.0025, -0.000625, -0.000625, -0.0025]",0,0,29.5,"[1, 1, 1, 1, 1, 1]",83.81669597439885,0.0,0.0,0,0.0
1774904428.0474727,"[0, 0, 0, 0, 0, 0]","[1291, 1500, 1500, 1500]","[-25.08, 0.0, 0.0, 0.0]","[0.0, 0.0, 0.0]",0,4324.26318359375,0,32.205932998657225,"[0.0, 2.16674804652, 3.38745117132]","[0, 0, 0]",0,3,0.0,0.0,4.327,0,0,0,4294967.295,3750001.408,0,65753,0,101.30773162841797,122.74372863769531,0.5969807505607605,0,state.PRE_FLIGHT,981,-35,0,-34,0.0,4713,4713,"[10.2, 0.5, 15.9, 10.6, 15.9, 17.0, 0, 0]","[3.638, 3.639, 3.639]",0.187,"[2.9952, 3.3120000000000003, 5.0, 7.3712, 8.4528, 27.8272]","[0.035625000000000004, 0.216875, -0.0025, -0.000625, -0.000625, -0.0025]",0,0,29.5,"[1, 1, 1, 1, 1, 1]",83.91202421529225,0.0,0.0,0,0.0
1774904428.1080203,"[0, 0, 0, 0, 0, 0]","[1291, 1500, 1500, 1500]","[-25.08, 0.0, 0.0, 0.0]","[0.0, 0.0, 0.0]",0,4321.86083984375,0,32.21030494689941,"[0.0, -10.10131835772, 6.53076171768]","[0, 0, 0]",0,3,0.0,0.0,4.322,0,0,0,4294967.295,3750001.408,0,65813,0,101.42799377441406,122.92990112304688,0.5969807505607605,0,state.PRE_FLIGHT,982,-36,0,-36,0.0,4713,4713,"[10.4, 0.5, 17.0, 10.6, 17.0, 15.9, 0, 0]","[3.638, 3.639, 3.639]",0.187,"[2.9968000000000004, 3.3136, 5.0032000000000005, 7.3632, 8.4304, 27.8304]","[0.031875, 0.241875, -0.0025, -0.000625, -0.00375, 0.001875]",0,0,29.5,"[1, 1, 1, 1, 1, 1]",83.81671311758794,0.0,0.0,0,0.0
1774904428.1689107,"[0, 0, 0, 0, 0, 0]","[1291, 1500, 1500, 1500]","[-25.08, 0.0, 0.0, 0.0]","[0.0, 0.0, 0.0]",0,4319.45947265625,0,32.21030494689941,"[0.0, -7.29370117068, -10.2233886702]","[0, 0, 0]",0,3,0.0,0.0,4.322,0,0,0,4294967.295,3750001.408,0,65873,0,101.33216857910156,123.18807983398438,0.5969807505607605,0,state.PRE_FLIGHT,983,-38,0,-38,0.0,4713,4713,"[10.2, 0.5, 15.9, 10.6, 15.5, 17.6, 0, 0]","[3.638, 3.639, 3.639]",0.187,"[2.9968000000000004, 3.3136, 5.0032000000000005, 7.3632, 8.4304, 27.8304]","[0.031875, 0.241875, -0.0025, -0.000625, -0.00375, 0.001875]",0,0,29.5,"[1, 1, 1, 1, 1, 1]",83.82531240721676,0.0,0.0,0,0.0
1774904428.2290533,"[0, 0, 0, 0, 0, 0]","[1291, 1500, 1500, 1500]","[-25.08, 0.0, 0.0, 0.0]","[0.0, 0.0, 0.0]",0,4317.056640625,0,32.184073257446286,"[0.0, 0.21362304684, -3.32641601508]","[0, 0, 0]",0,3,0.0,0.0,4.318,0,0,0,4294967.295,3750001.408,0,65933,0,101.3593978881836,123.19600677490234,0.5969807505607605,0,state.PRE_FLIGHT,984,-40,0,-39,0.0,4713,4713,"[10.6, 0.5, 16.5, 10.8, 15.5, 16.5, 0, 0]","[3.638, 3.639, 3.639]",0.187,"[2.9968000000000004, 3.3136, 5.0048, 7.36, 8.459200000000001, 27.8272]","[0.0325, 0.380625, -0.004375, 0.000625, -0.003125, -0.00125]",0,0,29.5,"[1, 1, 1, 1, 1, 1]",83.80929894724358,0.0,0.0,0,0.0
1774904428.28957,"[0, 0, 0, 0, 0, 0]","[1291, 1500, 1500, 1500]","[-25.08, 0.0, 0.0, 0.0]","[0.0, 0.0, 0.0]",0,4315.05419921875,0,32.19718910217285,"[0.0, -11.444091795, -4.08935546808]","[0, 0, 0]",0,3,0.0,0.0,4.315,0,0,0,4294967.295,3750001.408,0,65987,0,101.37635040283203,123.33766174316406,0.5969807505607605,0,state.PRE_FLIGHT,985,-39,0,-39,0.0,4713,4713,"[10.2, 0.5, 16.5, 11.1, 16.5, 16.5, 0, 0]","[3.638, 3.639, 3.639]",0.187,"[2.9968000000000004, 3.3136, 5.0048, 7.36, 8.459200000000001, 27.8272]","[0.0325, 0.380625, -0.004375, 0.000625, -0.003125, -0.00125]",0,0,29.5,"[1, 1, 1, 1, 1, 1]",83.77664517001291,0.0,0.0,0,0.0
1774904428.3365805,"[0, 0, 0, 0, 0, 0]","[1291, 1500, 1500, 1500]","[-25.08, 0.0, 0.0, 0.0]","[0.0, 0.0, 0.0]",0,4312.65283203125,0,32.227792739868164,"[0.0, 7.04956054572, 4.6691894523599995]","[0, 0, 0]",0,3,0.0,0.0,4.315,0,0,0,4294967.295,3750001.408,0,66047,0,101.44808959960938,123.30103302001953,0.5969807505607605,0,state.PRE_FLIGHT,986,-38,0,-38,0.0,4713,4713,"[10.6, 0.5, 15.9, 10.6, 17.0, 16.5, 0, 0]","[3.638, 3.639, 3.639]",0.187,"[2.9968000000000004, 3.3136, 5.0016, 7.368, 8.4352, 27.824]","[0.036875, 0.5925, -0.00125, -0.000625, -0.005625, 0.005]",0,0,29.5,"[1, 1, 1, 1, 1, 1]",83.74387972196261,0.0,0.0,0,0.0
1774904428.3981082,"[0, 0, 0, 0, 0, 0]","[1291, 1500, 1500, 1500]","[-25.08, 0.0, 0.0, 0.0]","[0.0, 0.0, 0.0]",0,4310.251953125,0,32.1797013092041,"[0.0, 0.03051757812, 4.85229492108]","[0, 0, 0]",0,3,0.0,0.0,4.311,0,0,0,4294967.295,3750001.408,0,66107,0,101.43986511230469,123.3553466796875,0.5969807505607605,0,state.PRE_FLIGHT,987,-37,0,-37,0.0,4713,4713,"[10.6, 0.5, 16.5, 10.6, 16.5, 15.9, 0, 0]","[3.638, 3.639, 3.639]",0.187,"[2.9968000000000004, 3.3136, 5.0016, 7.368, 8.4352, 27.824]","[0.036875, 0.5925, -0.00125, -0.000625, -0.005625, 0.005]",0,0,29.5,"[1, 1, 1, 1, 1, 1]",83.73927722151417,0.0,0.0,0,0.0
1774904428.4581027,"[0, 0, 0, 0, 0, 0]","[1291, 1500, 1500, 1500]","[-25.08, 0.0, 0.0, 0.0]","[0.0, 0.0, 0.0]",0,4307.8505859375,0,32.19281715393066,"[0.0, -0.57983398428, -7.2326660144399995]","[0, 0, 0]",0,3,0.0,0.0,4.311,0,0,0,4294967.295,3750001.408,0,66167,0,101.5494155883789,123.32056427001953,0.5969807505607605,0,state.PRE_FLIGHT,988,-37,0,-36,0.0,4713,4713,"[10.6, 0.5, 17.0, 10.8, 15.9, 16.5, 0, 0]","[3.638, 3.639, 3.639]",0.187,"[3.0, 3.3136, 5.0016, 7.364800000000001, 8.4672, 27.8288]","[0.035, 0.6, -0.004375, -0.000625, -0.01, 0.000625]",0,0,29.5,"[1, 1, 1, 1, 1, 1]",83.68574714033208,0.0,0.0,0,0.0
1774904428.5201495,"[0, 0, 0, 0, 0, 0]","[1291, 1500, 1500, 1500]","[-25.08, 0.0, 0.0, 0.0]","[0.0, 0.0, 0.0]",0,4305.44921875,0,32.205932998657225,"[0.0, -3.38745117132, 0.94604492172]","[0, 0, 0]",0,3,0.0,0.0,4.306,0,0,0,4294967.295,3750001.408,0,66221,0,101.84008026123047,123.2565689086914,0.5969807505607605,0,state.PRE_FLIGHT,989,-36,0,-36,0.0,4713,4713,"[10.4, 0.5, 17.6, 10.6, 15.9, 16.5, 0, 0]","[3.638, 3.639, 3.639]",0.187,"[3.0, 3.3136, 5.0016, 7.364800000000001, 8.4672, 27.8288]","[0.035, 0.6, -0.004375, -0.000625, -0.01, 0.000625]",0,0,29.5,"[1, 1, 1, 1, 1, 1]",83.53946106692301,0.0,0.0,0,0.0
1774904428.5816975,"[0, 0, 0, 0, 0, 0]","[1291, 1500, 1500, 1500]","[-25.08, 0.0, 0.0, 0.0]","[0.0, 0.0, 0.0]",0,4303.0478515625,0,32.20156105041504,"[0.0, -7.1105957019599995, -2.5939941402]","[0, 0, 0]",0,3,0.0,0.0,4.306,0,0,0,4294967.295,3750001.408,0,66281,0,101.89317321777344,123.27980041503906,0.5969807505607605,0,state.PRE_FLIGHT,990,-36,0,-36,0.0,4713,4713,"[10.2, 0.5, 15.9, 10.4, 15.9, 17.0, 0, 0]","[3.638, 3.639, 3.639]",0.187,"[2.9968000000000004, 3.3136, 5.0064, 7.356800000000001, 8.4464, 27.8256]","[0.034375, 0.335, -0.005, -0.0025, -0.0025, 0.00625]",0,0,29.5,"[1, 1, 1, 1, 1, 1]",83.50675588209049,0.0,0.0,0,0.0
1774904428.6427028,"[0, 0, 0, 0, 0, 0]","[1291, 1500, 1500, 1500]","[-25.08, 0.0, 0.0, 0.0]","[0.0, 0.0, 0.0]",0,4300.64501953125,0,32.20156105041504,"[0.0, 11.81030273244, -0.36621093744]","[0, 0, 0]",0,3,0.0,0.0,4.302,0,0,0,4294967.295,3750001.408,0,66341,0,101.9017105102539,123.11373901367188,0.5969807505607605,0,state.PRE_FLIGHT,991,-36,0,-36,0.0,4713,4713,"[10.6, 0.5, 17.0, 10.6, 15.9, 16.5, 0, 0]","[3.638, 3.639, 3.639]",0.187,"[2.9968000000000004, 3.3136, 5.0064, 7.356800000000001, 8.4464, 27.8256]","[0.034375, 0.335, -0.005, -0.0025, -0.0025, 0.00625]",0,0,29.5,"[1, 1, 1, 1, 1, 1]",83.53098476456933,0.0,0.0,0,0.0
1774904428.691457,"[0, 0, 0, 0, 0, 0]","[1291, 1500, 1500, 1500]","[-25.08, 0.0, 0.0, 0.0]","[0.0, 0.0, 0.0]",0,4298.24267578125,0,32.20156105041504,"[0.0, 1.00708007796, 8.605957029839999]","[0, 0, 0]",0,3,0.0,0.0,4.298,0,0,0,4294967.295,3750001.408,0,66401,0,101.9404525756836,123.30290985107422,0.5969807505607605,0,state.PRE_FLIGHT,992,-36,0,-35,0.0,4713,4713,"[10.6, 0.5, 16.5, 10.4, 15.0, 15.9, 0, 0]","[3.638, 3.639, 3.639]",0.187,"[2.9968000000000004, 3.3120000000000003, 5.0048, 7.364800000000001, 8.448, 27.8288]","[0.0325, 0.195, -0.003125, -0.000625, -0.005625, -0.000625]",0,0,29.5,"[1, 1, 1, 1, 1, 1]",83.47718435274598,0.0,0.0,0,0.0
1774904428.7504616,"[0, 0, 0, 0, 0, 0]","[1291, 1500, 1500, 1500]","[-25.08, 0.0, 0.0, 0.0]","[0.0, 0.0, 0.0]",0,4296.24169921875,0,32.223420791625976,"[0.0, -4.7302246086, 1.12915039044]","[0, 0, 0]",0,3,0.0,0.0,4.298,0,0,0,4294967.295,3750001.408,0,66455,0,101.98822021484375,123.63130950927734,0.5969807505607605,0,state.PRE_FLIGHT,993,-36,0,-35,0.0,4713,4713,"[10.4, 0.5, 17.0, 10.4, 15.5, 17.0, 0, 0]","[3.638, 3.639, 3.639]",0.187,"[2.9984, 3.3120000000000003, 5.0048, 7.368, 8.4288, 27.8304]","[0.03875, 0.2475, 0.000625, -0.0025, -0.005, -0.003125]",0,0,29.5,"[1, 1, 1, 1, 1, 1]",83.39407909172652,0.0,0.0,0,0.0
1774904428.8109977,"[0, 0, 0, 0, 0, 0]","[1291, 1500, 1500, 1500]","[-25.08, 0.0, 0.0, 0.0]","[0.0, 0.0, 0.0]",0,4293.84033203125,0,32.2146768951416,"[0.0, -0.03051757812, -2.77709960892]","[0, 0, 0]",0,3,0.0,0.0,4.295,0,0,0,4294967.295,3750001.408,0,66515,0,101.99860382080078,123.50557708740234,0.5969807505607605,0,state.PRE_FLIGHT,994,-35,0,-35,0.0,4713,4713,"[10.4, 0.5, 17.0, 10.2, 16.5, 17.0, 0, 0]","[3.638, 3.639, 3.639]",0.187,"[2.9984, 3.3120000000000003, 5.0048, 7.368, 8.4288, 27.8304]","[0.03875, 0.2475, 0.000625, -0.0025, -0.005, -0.003125]",0,0,29.5,"[1, 1, 1, 1, 1, 1]",83.41034045382679,0.0,0.0,0,0.0
1774904428.8720548,"[0, 0, 0, 0, 0, 0]","[1291, 1500, 1500, 1500]","[-25.08, 0.0, 0.0, 0.0]","[0.0, 0.0, 0.0]",0,4291.43896484375,0,32.21904884338379,"[0.0, -6.8664550769999995, -1.46484374976]","[0, 0, 0]",0,3,0.0,0.0,4.295,0,0,0,4294967.295,3750001.408,0,66575,0,101.99464416503906,123.46711730957031,0.5969807505607605,0,state.PRE_FLIGHT,995,-35,0,-34,0.0,4713,4713,"[10.6, 0.5, 17.6, 10.8, 15.9, 17.6, 0, 0]","[3.638, 3.639, 3.639]",0.187,"[2.9936000000000003, 3.3152000000000004, 5.0032000000000005, 7.3632, 8.441600000000001, 27.8272]","[0.03125, 0.26, -0.004375, -0.004375, -0.00125, -0.00375]",0,0,29.5,"[1, 1, 1, 1, 1, 1]",83.41920305715675,0.0,0.0,0,0.0
1774904428.9329531,"[0, 0, 0, 0, 0, 0]","[1291, 1500, 1500, 1500]","[-25.08, 0.0, 0.0, 0.0]","[0.0, 0.0, 0.0]",0,4289.03759765625,0,32.20156105041504,"[0.0, -15.53344726308, -11.16943359192]","[0, 0, 0]",0,3,0.0,0.0,4.291,0,0,0,4294967.295,3750001.408,0,66635,0,101.7352066040039,123.70760345458984,0.5969807505607605,0,state.PRE_FLIGHT,996,-36,0,-35,0.0,4713,4713,"[10.8, 0.5, 17.0, 10.6, 16.5, 15.9, 0, 0]","[3.638, 3.639, 3.639]",0.187,"[2.9936000000000003, 3.3152000000000004, 5.0032000000000005, 7.3632, 8.441600000000001, 27.8272]","[0.03125, 0.26, -0.004375, -0.004375, -0.00125, -0.00375]",0,0,29.5,"[1, 1, 1, 1, 1, 1]",83.5191176814349,0.0,0.0,0,0.0
1774904428.978503,"[0, 0, 0, 0, 0, 0]","[1291, 1500, 1500, 1500]","[-25.08, 0.0, 0.0, 0.0]","[0.0, 0.0, 0.0]",0,4287.03662109375,0,32.20156105041504,"[0.0, 3.93676757748, 3.57055664004]","[0, 0, 0]",0,3,0.0,0.0,4.287,0,0,0,4294967.295,3750001.408,0,66689,0,102.23475646972656,123.74662017822266,0.5969807505607605,0,state.PRE_FLIGHT,997,-36,0,-35,0.0,4713,4713,"[10.6, 0.5, 16.5, 11.1, 16.5, 17.0, 0, 0]","[3.638, 3.639, 3.639]",0.187,"[2.9952, 3.3104, 5.008, 7.3632, 8.4336, 27.8272]","[0.03375, 0.61, -0.004375, 0.00125, -0.006875, -0.001875]",0,0,29.5,"[1, 1, 1, 1, 1, 1]",83.2391900711932,0.0,0.0,0,0.0
1774904429.039186,"[0, 0, 0, 0, 0, 0]","[1291, 1500, 1500, 1500]","[-25.08, 0.0, 0.0, 0.0]","[0.0, 0.0, 0.0]",0,4284.63525390625,0,32.205932998657225,"[0.0, 0.03051757812, 6.92749023324]","[0, 0, 0]",0,3,0.0,0.0,4.287,0,0,0,4294967.295,3750001.408,0,66749,0,102.2585678100586,123.6464614868164,0.5969807505607605,0,state.PRE_FLIGHT,998,-36,0,-35,0.0,4713,4713,"[10.4, 0.5, 16.5, 10.6, 15.0, 16.5, 0, 0]","[3.638, 3.639, 3.639]",0.187,"[2.9952, 3.3104, 5.008, 7.3632, 8.4336, 27.8272]","[0.03375, 0.61, -0.004375, 0.00125, -0.006875, -0.001875]",0,0,29.5,"[1, 1, 1, 1, 1, 1]",83.24398984480786,0.0,0.0,0,0.0
1774904429.100718,"[0, 0, 0, 0, 0, 0]","[1291, 1500, 1500, 1500]","[-25.08, 0.0, 0.0, 0.0]","[0.0, 0.0, 0.0]",0,4282.234375,0,32.2146768951416,"[0.0, -9.67407226404, -12.45117187296]","[0, 0, 0]",0,3,0.0,0.0,4.283,0,0,0,4294967.295,3750001.408,0,66809,0,102.25454711914062,123.87474822998047,0.5969807505607605,0,state.PRE_FLIGHT,999,-36,0,-35,0.0,4713,4713,"[10.6, 0.5, 16.5, 10.4, 15.9, 16.5, 0, 0]","[3.638, 3.639, 3.639]",0.187,"[2.9984, 3.3120000000000003, 5.0016, 7.372800000000001, 8.4512, 27.8272]","[0.03375, 0.619375, -0.0025, -0.000625, -0.00625, 0.00375]",0,0,29.5,"[1, 1, 1, 1, 1, 1]",83.20561491820958,0.0,0.0,0,0.0
1774904429.1627235,"[0, 0, 0, 0, 0, 0]","[1291, 1500, 1500, 1500]","[-25.08, 0.0, 0.0, 0.0]","[0.0, 0.0, 0.0]",0,4279.8330078125,0,32.2146768951416,"[0.0, 1.73950195284, 8.20922851428]","[0, 0, 0]",0,3,0.0,0.0,4.283,0,0,0,4294967.295,3750001.408,0,66869,0,102.348876953125,123.96749877929688,0.5969807505607605,0,state.PRE_FLIGHT,1000,-36,0,-35,0.0,4713,4713,"[10.8, 0.5, 15.0, 10.6, 15.5, 17.0, 0, 0]","[3.638, 3.639, 3.639]",0.187,"[2.9984, 3.3120000000000003, 5.0016, 7.372800000000001, 8.4512, 27.8272]","[0.03375, 0.619375, -0.0025, -0.000625, -0.00625, 0.00375]",0,0,29.5,"[1, 1, 1, 1, 1, 1]",83.1373000217838,0.0,0.0,0,0.0
1774904429.2239127,"[0, 0, 0, 0, 0, 0]","[1291, 1500, 1500, 1500]","[-25.08, 0.0, 0.0, 0.0]","[0.0, 0.0, 0.0]",0,4277.431640625,0,32.21904884338379,"[0.0, 5.70678710844, -7.04956054572]","[0, 0, 0]",0,3,0.0,0.0,4.278,0,0,0,4294967.295,3750001.408,0,66923,0,102.25785827636719,124.07128143310547,0.5969807505607605,0,state.PRE_FLIGHT,1001,-36,0,-35,0.0,4713,4713,"[10.8, 0.5, 16.5, 10.8, 15.5, 17.0, 0, 0]","[3.638, 3.639, 3.639]",0.187,"[2.9936000000000003, 3.3136, 5.0048, 7.3664000000000005, 8.440000000000001, 27.8272]","[0.034375, 0.555, -0.003125, 0.0, -0.003125, 0.0]",0,0,29.5,"[1, 1, 1, 1, 1, 1]",83.16894888195046,0.0,0.0,0,0.0
1774904429.284439,"[0, 0, 0, 0, 0, 0]","[1291, 1500, 1500, 1500]","[-25.08, 0.0, 0.0, 0.0]","[0.0, 0.0, 0.0]",0,4275.0302734375,0,32.2146768951416,"[0.0, 0.1525878906, -7.99560546744]","[0, 0, 0]",0,3,0.0,0.0,4.278,0,0,0,4294967.295,3750001.408,0,66983,0,102.54806518554688,123.99559020996094,0.5969807505607605,0,state.PRE_FLIGHT,1002,-36,0,-36,0.0,4713,4713,"[10.6, 0.5, 15.9, 10.6, 16.5, 16.5, 0, 0]","[3.638, 3.639, 3.639]",0.187,"[2.9936000000000003, 3.3136, 5.0048, 7.3664000000000005, 8.440000000000001, 27.8272]","[0.034375, 0.555, -0.003125, 0.0, -0.003125, 0.0]",0,0,29.5,"[1, 1, 1, 1, 1, 1]",83.0227301236736,0.0,0.0,0,0.0
1774904429.3444402,"[0, 0, 0, 0, 0, 0]","[1291, 1500, 1500, 1500]","[-25.08, 0.0, 0.0, 0.0]","[0.0, 0.0, 0.0]",0,4272.62744140625,0,32.227792739868164,"[0.0, -3.32641601508, 5.24902343664]","[0, 0, 0]",0,3,0.0,0.0,4.274,0,0,0,4294967.295,3750001.408,0,67043,0,102.39671325683594,124.1579360961914,0.5969807505607605,0,state.PRE_FLIGHT,1003,-36,0,-35,0.0,4713,4713,"[10.6, 0.5, 16.5, 10.4, 15.5, 16.5, 0, 0]","[3.638, 3.639, 3.639]",0.187,"[2.9952, 3.3136, 5.0032000000000005, 7.3664000000000005, 8.432, 27.8288]","[0.033125, 0.22062500000000002, -0.00375, -0.000625, 0.0, 0.0025]",0,0,29.5,"[1, 1, 1, 1, 1, 1]",83.07688847874553,0.0,0.0,0,0.0
1774904429.4049807,"[0, 0, 0, 0, 0, 0]","[1291, 1500, 1500, 1500]","[-25.08, 0.0, 0.0, 0.0]","[0.0, 0.0, 0.0]",0,4270.22412109375,0,32.23653663635254,"[0.0, 5.2795410147599995, -17.8527832002]","[0, 0, 0]",0,3,0.0,0.0,4.27,0,0,0,4294967.295,3750001.408,0,67103,0,102.12596893310547,124.13229370117188,0.5969807505607605,0,state.PRE_FLIGHT,1004,-35,0,-35,0.0,4713,4713,"[10.4, 0.5, 16.5, 10.8, 15.9, 16.5, 0, 0]","[3.638, 3.639, 3.639]",0.187,"[2.9952, 3.3088, 5.0016, 7.3632, 8.457600000000001, 27.824]","[0.031875, 0.215, -0.003125, 0.0, -0.000625, -0.005]",0,0,29.5,"[1, 1, 1, 1, 1, 1]",83.23099392572747,0.0,0.0,0,0.0
1774904429.4499717,"[0, 0, 0, 0, 0, 0]","[1291, 1500, 1500, 1500]","[-25.08, 0.0, 0.0, 0.0]","[0.0, 0.0, 0.0]",0,4268.2216796875,0,32.23653663635254,"[0.0, 0.57983398428, -8.17871093616]","[0, 0, 0]",0,3,0.0,0.0,4.27,0,0,0,4294967.295,3750001.408,0,67157,0,101.96875762939453,124.18601989746094,0.5969807505607605,0,state.PRE_FLIGHT,1005,-35,0,-35,0.0,4713,4713,"[10.2, 0.5, 16.5, 10.6, 16.5, 16.5, 0, 0]","[3.638, 3.639, 3.639]",0.187,"[2.9952, 3.3088, 5.0016, 7.3632, 8.457600000000001, 27.824]","[0.031875, 0.215, -0.003125, 0.0, -0.000625, -0.005]",0,0,29.5,"[1, 1, 1, 1, 1, 1]",83.30857834806044,0.0,0.0,0,0.0
1774904429.510489,"[0, 0, 0, 0, 0, 0]","[1291, 1500, 1500, 1500]","[-25.08, 0.0, 0.0, 0.0]","[0.0, 0.0, 0.0]",0,4265.81982421875,0,32.245280532836915,"[0.0, -1.9836425778, 0.762939453]","[0, 0, 0]",0,3,0.0,0.0,4.267,0,0,0,4294967.295,3750001.408,0,67217,0,101.88602447509766,124.3215560913086,0.5969807505607605,0,state.PRE_FLIGHT,1006,-36,0,-35,0.0,4713,4713,"[10.4, 0.5, 17.0, 10.2, 15.5, 17.0, 0, 0]","[3.638, 3.639, 3.639]",0.187,"[2.9968000000000004, 3.3120000000000003, 5.0032000000000005, 7.368, 8.4384, 27.8304]","[0.03125, 0.24875, -0.005, -0.0025, 0.00125, 0.000625]",0,0,29.5,"[1, 1, 1, 1, 1, 1]",83.33114027208819,0.0,0.0,0,0.0
1774904429.571005,"[0, 0, 0, 0, 0, 0]","[1291, 1500, 1500, 1500]","[-25.08, 0.0, 0.0, 0.0]","[0.0, 0.0, 0.0]",0,4263.41845703125,0,32.20156105041504,"[0.0, -0.82397460924, -9.3078613266]","[0, 0, 0]",0,3,0.0,0.0,4.267,0,0,0,4294967.295,3750001.408,0,67277,0,101.96903228759766,124.34536743164062,0.5969807505607605,0,state.PRE_FLIGHT,1007,-36,0,-36,0.0,4713,4713,"[10.6, 0.5, 15.5, 10.2, 15.9, 17.0, 0, 0]","[3.638, 3.639, 3.639]",0.187,"[2.9968000000000004, 3.3120000000000003, 5.0032000000000005, 7.368, 8.4384, 27.8304]","[0.03125, 0.24875, -0.005, -0.0025, 0.00125, 0.000625]",0,0,29.5,"[1, 1, 1, 1, 1, 1]",83.28092789373335,0.0,0.0,0,0.0
1774904429.631522,"[0, 0, 0, 0, 0, 0]","[1291, 1500, 1500, 1500]","[-25.08, 0.0, 0.0, 0.0]","[0.0, 0.0, 0.0]",0,4261.015625,0,32.223420791625976,"[0.0, -6.31713867084, 1.31225585916]","[0, 0, 0]",0,3,0.0,0.0,4.263,0,0,0,4294967.295,3750001.408,0,67337,0,102.03556823730469,124.48026275634766,0.5969807505607605,0,state.PRE_FLIGHT,1008,-36,0,-35,0.0,4713,4713,"[10.4, 0.5, 17.6, 10.4, 15.5, 17.6, 0, 0]","[3.638, 3.639, 3.639]",0.187,"[2.9952, 3.3120000000000003, 5.0016, 7.364800000000001, 8.448, 27.822400000000002]","[0.03, 0.23, -0.001875, -0.001875, 0.000625, -0.0025]",0,0,29.5,"[1, 1, 1, 1, 1, 1]",83.2205866780607,0.0,0.0,0,0.0
1774904429.6921868,"[0, 0, 0, 0, 0, 0]","[1291, 1500, 1500, 1500]","[-25.08, 0.0, 0.0, 0.0]","[0.0, 0.0, 0.0]",0,4258.6123046875,0,32.227792739868164,"[0.0, -0.39672851556, -4.08935546808]","[0, 0, 0]",0,3,0.0,0.0,4.258,0,0,0,4294967.295,3750001.408,0,67391,0,102.37843322753906,124.33715057373047,0.5969807505607605,0,state.PRE_FLIGHT,1009,-35,0,-35,0.0,4713,4713,"[10.4, 0.5, 16.5, 10.2, 15.5, 17.0, 0, 0]","[3.638, 3.639, 3.639]",0.187,"[2.9952, 3.3120000000000003, 5.0016, 7.364800000000001, 8.448, 27.822400000000002]","[0.03, 0.23, -0.001875, -0.001875, 0.000625, -0.0025]",0,0,29.5,"[1, 1, 1, 1, 1, 1]",83.05499653322423,0.0,0.0,0,0.0
1774904429.7530396,"[0, 0, 0, 0, 0, 0]","[1291, 1500, 1500, 1500]","[-25.08, 0.0, 0.0, 0.0]","[0.0, 0.0, 0.0]",0,4256.20947265625,0,32.223420791625976,"[0.0, -3.14331054636, -10.2233886702]","[0, 0, 0]",0,3,0.0,0.0,4.258,0,0,0,4294967.295,3750001.408,0,67451,0,102.26611328125,124.38048553466797,0.5969807505607605,0,state.PRE_FLIGHT,1010,-36,0,-35,0.0,4713,4713,"[10.6, 0.5, 16.5, 10.6, 16.5, 17.0, 0, 0]","[3.638, 3.639, 3.639]",0.187,"[2.9936000000000003, 3.3104, 5.0048, 7.3616, 8.4544, 27.8272]","[0.030625, 0.61625, -0.004375, -0.003125, 0.00125, 0.001875]",0,0,29.5,"[1, 1, 1, 1, 1, 1]",83.1096902657722,0.0,0.0,0,0.0
1774904429.813478,"[0, 0, 0, 0, 0, 0]","[1291, 1500, 1500, 1500]","[-25.08, 0.0, 0.0, 0.0]","[0.0, 0.0, 0.0]",0,4253.80615234375,0,32.21904884338379,"[0.0, -4.7302246086, 9.88769531088]","[0, 0, 0]",0,3,0.0,0.0,4.254,0,0,0,4294967.295,3750001.408,0,67511,0,102.4144287109375,124.52019500732422,0.5969807505607605,0,state.PRE_FLIGHT,1011,-36,0,-36,0.0,4713,4713,"[10.2, 0.5, 17.6, 10.2, 15.9, 16.5, 0, 0]","[3.638, 3.639, 3.639]",0.187,"[2.9936000000000003, 3.3104, 5.0048, 7.3616, 8.4544, 27.8272]","[0.030625, 0.61625, -0.004375, -0.003125, 0.00125, 0.001875]",0,0,29.5,"[1, 1, 1, 1, 1, 1]",83.00231878069302,0.0,0.0,0,0.0
1774904429.8602672,"[0, 0, 0, 0, 0, 0]","[1291, 1500, 1500, 1500]","[-25.08, 0.0, 0.0, 0.0]","[0.0, 0.0, 0.0]",0,4251.4033203125,0,32.23653663635254,"[0.0, -5.09643554604, -6.68334960828]","[0, 0, 0]",0,3,0.0,0.0,4.254,0,0,0,4294967.295,3750001.408,0,67571,0,102.55573272705078,124.70572662353516,0.5969807505607605,0,state.PRE_FLIGHT,1012,-37,0,-36,0.0,4713,4713,"[10.6, 0.5, 16.5, 10.4, 15.9, 17.6, 0, 0]","[3.638, 3.639, 3.639]",0.187,"[2.9984, 3.3152000000000004, 5.0032000000000005, 7.368, 8.432, 27.8256]","[0.033125, 0.61375, -0.00125, -0.003125, -0.005, 0.000625]",0,0,29.5,"[1, 1, 1, 1, 1, 1]",82.89009247575024,0.0,0.0,0,0.0
1774904429.9206924,"[0, 0, 0, 0, 0, 0]","[1291, 1500, 1500, 1500]","[-25.08, 0.0, 0.0, 0.0]","[0.0, 0.0, 0.0]",0,4249.40087890625,0,32.227792739868164,"[0.0, 0.762939453, 5.43212890536]","[0, 0, 0]",0,3,0.0,0.0,4.251,0,0,0,4294967.295,3750001.408,0,67625,0,102.60830688476562,124.84019470214844,0.5969807505607605,0,state.PRE_FLIGHT,1013,-38,0,-37,0.0,4713,4713,"[10.4, 0.5, 16.5, 10.4, 15.9, 17.0, 0, 0]","[3.638, 3.639, 3.639]",0.187,"[2.9984, 3.3152000000000004, 5.0032000000000005, 7.368, 8.432, 27.8256]","[0.033125, 0.61375, -0.00125, -0.003125, -0.005, 0.000625]",0,0,29.5,"[1, 1, 1, 1, 1, 1]",82.83635070781219,0.0,0.0,0,0.0
1774904429.9832368,"[0, 0, 0, 0, 0, 0]","[1291, 1500, 1500, 1500]","[-25.08, 0.0, 0.0, 0.0]","[0.0, 0.0, 0.0]",0,4246.99755859375,0,32.23216468811035,"[0.0, -13.5803222634, -5.9509277334]","[0, 0, 0]",0,3,0.0,0.0,4.246,0,0,0,4294967.295,3750001.408,0,67685,0,102.81641387939453,125.05200958251953,0.5969807505607605,0,state.PRE_FLIGHT,1014,-38,0,-38,0.0,4713,4713,"[10.4, 0.5, 15.9, 11.1, 15.9, 15.9, 0, 0]","[3.638, 3.639, 3.639]",0.187,"[2.9968000000000004, 3.3104, 5.0032000000000005, 7.364800000000001, 8.464, 27.824]","[0.035625000000000004, 0.59875, -0.001875, 0.0, -0.001875, -0.00375]",0,0,29.5,"[1, 1, 1, 1, 1, 1]",82.68061918590199,0.0,0.0,0,0.0
1774904430.0447755,"[0, 0, 0, 0, 0, 0]","[1291, 1500, 1500, 1500]","[-25.08, 0.0, 0.0, 0.0]","[0.0, 0.0, 0.0]",0,4244.5947265625,0,32.23653663635254,"[0.0, 3.32641601508, 8.605957029839999]","[0, 0, 0]",0,3,0.0,0.0,4.246,0,0,0,4294967.295,3750001.408,0,67745,0,102.8719711303711,125.03308868408203,0.5969807505607605,0,state.PRE_FLIGHT,1015,-37,0,-38,0.0,4713,4713,"[10.6, 0.5, 16.5, 11.1, 15.9, 15.9, 0, 0]","[3.638, 3.639, 3.639]",0.187,"[2.9968000000000004, 3.3104, 5.0032000000000005, 7.364800000000001, 8.464, 27.824]","[0.035625000000000004, 0.59875, -0.001875, 0.0, -0.001875, -0.00375]",0,0,29.5,"[1, 1, 1, 1, 1, 1]",82.65273283247262,0.0,0.0,0,0.0
1774904430.1053212,"[0, 0, 0, 0, 0, 0]","[1291, 1500, 1500, 1500]","[-25.08, 0.0, 0.0, 0.0]","[0.0, 0.0, 0.0]",0,4242.1923828125,0,32.227792739868164,"[0.0, 0.39672851556, -1.09863281232]","[0, 0, 0]",0,3,0.0,0.0,4.242,0,0,0,4294967.295,3750001.408,0,67805,0,102.99620819091797,125.2051773071289,0.5969807505607605,0,state.PRE_FLIGHT,1016,-38,0,-38,0.0,4713,4713,"[10.4, 0.5, 16.5, 10.4, 16.5, 17.0, 0, 0]","[3.638, 3.639, 3.639]",0.187,"[2.9968000000000004, 3.3120000000000003, 5.0032000000000005, 7.36, 8.4304, 27.824]","[0.034375, 0.256875, -0.004375, -0.003125, -0.004375, -0.00125]",0,0,29.5,"[1, 1, 1, 1, 1, 1]",82.55071954422297,0.0,0.0,0,0.0
1774904430.1513257,"[0, 0, 0, 0, 0, 0]","[1291, 1500, 1500, 1500]","[-25.08, 0.0, 0.0, 0.0]","[0.0, 0.0, 0.0]",0,4240.19091796875,0,32.227792739868164,"[0.0, -5.5236816397199995, -1.64794921848]","[0, 0, 0]",0,3,0.0,0.0,4.242,0,0,0,4294967.295,3750001.408,0,67859,0,102.82508850097656,125.41703033447266,0.5969807505607605,0,state.PRE_FLIGHT,1017,-38,0,-38,0.0,4713,4713,"[10.6, 0.5, 16.5, 10.6, 15.5, 16.5, 0, 0]","[3.638, 3.639, 3.639]",0.187,"[2.9968000000000004, 3.3120000000000003, 5.0032000000000005, 7.36, 8.4304, 27.824]","[0.034375, 0.256875, -0.004375, -0.003125, -0.004375, -0.00125]",0,0,29.5,"[1, 1, 1, 1, 1, 1]",82.60899055406664,0.0,0.0,0,0.0
1774904430.2125928,"[0, 0, 0, 0, 0, 0]","[1291, 1500, 1500, 1500]","[-25.08, 0.0, 0.0, 0.0]","[0.0, 0.0, 0.0]",0,4237.7890625,0,32.23653663635254,"[0.0, -3.99780273372, 2.07519531216]","[0, 0, 0]",0,3,0.0,0.0,4.238,0,0,0,4294967.295,3750001.408,0,67919,0,102.99024200439453,125.45988464355469,0.5969807505607605,0,state.PRE_FLIGHT,1018,-38,0,-38,0.0,4713,4713,"[10.6, 0.5, 16.5, 10.6, 16.5, 17.6, 0, 0]","[3.638, 3.639, 3.639]",0.187,"[2.9968000000000004, 3.3104, 5.0032000000000005, 7.36, 8.4624, 27.8256]","[0.0375, 0.201875, -0.003125, -0.0025, -0.00125, -0.006875]",0,0,29.5,"[1, 1, 1, 1, 1, 1]",82.50699113876043,0.0,0.0,0,0.0
1774904430.275598,"[0, 0, 0, 0, 0, 0]","[1291, 1500, 1500, 1500]","[-25.08, 0.0, 0.0, 0.0]","[0.0, 0.0, 0.0]",0,4235.3857421875,0,32.24090858459473,"[0.0, -1.61743164036, -3.5095214838]","[0, 0, 0]",0,3,0.0,0.0,4.238,0,0,0,4294967.295,3750001.408,0,67979,0,102.95402526855469,125.59661865234375,0.5969807505607605,0,state.PRE_FLIGHT,1019,-39,0,-38,0.0,4713,4713,"[10.4, 0.5, 15.9, 10.6, 15.5, 17.0, 0, 0]","[3.638, 3.639, 3.639]",0.187,"[2.9952, 3.3104, 5.0048, 7.3664000000000005, 8.440000000000001, 27.8256]","[0.03125, 0.23375, 0.0, -0.0025, -0.006875, -0.003125]",0,0,29.5,"[1, 1, 1, 1, 1, 1]",82.50248181142872,0.0,0.0,0,0.0
1774904430.3361127,"[0, 0, 0, 0, 0, 0]","[1291, 1500, 1500, 1500]","[-25.08, 0.0, 0.0, 0.0]","[0.0, 0.0, 0.0]",0,4232.98291015625,0,32.2496524810791,"[0.0, -5.7678222646799995, 10.25390624832]","[0, 0, 0]",0,3,0.0,0.0,4.234,0,0,0,4294967.295,3750001.408,0,68039,0,103.19369506835938,125.74492645263672,0.5969807505607605,0,state.PRE_FLIGHT,1020,-38,0,-38,0.0,4713,4713,"[10.8, 0.5, 17.6, 10.8, 15.5, 16.5, 0, 0]","[3.638, 3.639, 3.639]",0.187,"[2.9952, 3.3104, 5.0048, 7.3664000000000005, 8.440000000000001, 27.8256]","[0.03125, 0.23375, 0.0, -0.0025, -0.006875, -0.003125]",0,0,29.5,"[1, 1, 1, 1, 1, 1]",82.33765248253528,0.0,0.0,0,0.0
1774904430.3826222,"[0, 0, 0, 0, 0, 0]","[1291, 1500, 1500, 1500]","[-25.08, 0.0, 0.0, 0.0]","[0.0, 0.0, 0.0]",0,4230.580078125,0,32.24090858459473,"[0.0, -1.19018554668, -1.8310546872]","[0, 0, 0]",0,3,0.0,0.0,4.23,0,0,0,4294967.295,3750001.408,0,68093,0,103.28329467773438,125.81072998046875,0.5969807505607605,0,state.PRE_FLIGHT,1021,-38,0,-38,0.0,4713,4713,"[10.4, 0.5, 15.9, 10.2, 15.9, 17.0, 0, 0]","[3.638, 3.639, 3.639]",0.187,"[2.9952, 3.3120000000000003, 5.0032000000000005, 7.364800000000001, 8.457600000000001, 27.824]","[0.031875, 0.284375, -0.0025, -0.003125, -0.005, -0.00125]",0,0,29.5,"[1, 1, 1, 1, 1, 1]",82.27386079185301,0.0,0.0,0,0.0
1774904430.4436312,"[0, 0, 0, 0, 0, 0]","[1291, 1500, 1500, 1500]","[-25.08, 0.0, 0.0, 0.0]","[0.0, 0.0, 0.0]",0,4228.1787109375,0,32.2496524810791,"[0.0, 0.762939453, -13.39721679468]","[0, 0, 0]",0,3,0.0,0.0,4.23,0,0,0,4294967.295,3750001.408,0,68153,0,103.37179565429688,125.97308349609375,0.5969807505607605,0,state.PRE_FLIGHT,1022,-38,0,-38,0.0,4713,4713,"[10.2, 0.5, 15.9, 10.6, 15.9, 17.6, 0, 0]","[3.638, 3.639, 3.639]",0.187,"[2.9952, 3.3120000000000003, 5.0032000000000005, 7.364800000000001, 8.457600000000001, 27.824]","[0.031875, 0.284375, -0.0025, -0.003125, -0.005, -0.00125]",0,0,29.5,"[1, 1, 1, 1, 1, 1]",82.19230644485302,0.0,0.0,0,0.0
1774904430.5051823,"[0, 0, 0, 0, 0, 0]","[1291, 1500, 1500, 1500]","[-25.08, 0.0, 0.0, 0.0]","[0.0, 0.0, 0.0]",0,4225.77685546875,0,32.2496524810791,"[0.0, -1.19018554668, 8.97216796728]","[0, 0, 0]",0,3,0.0,0.0,4.226,0,0,0,4294967.295,3750001.408,0,68213,0,103.4328384399414,125.93830108642578,0.5969807505607605,0,state.PRE_FLIGHT,1023,-37,0,-37,0.0,4713,4713,"[10.8, 0.5, 16.5, 10.6, 15.9, 17.0, 0, 0]","[3.638, 3.639, 3.639]",0.187,"[2.9936000000000003, 3.3120000000000003, 5.0032000000000005, 7.3632, 8.441600000000001, 27.8256]","[0.025625000000000002, 0.6218750000000001, -0.0025, 0.00125, -0.005625, -0.001875]",0,0,29.5,"[1, 1, 1, 1, 1, 1]",82.16370059237654,0.0,0.0,0,0.0
1774904430.5687163,"[0, 0, 0, 0, 0, 0]","[1291, 1500, 1500, 1500]","[-25.08, 0.0, 0.0, 0.0]","[0.0, 0.0, 0.0]",0,4223.37353515625,0,32.25402442932129,"[0.0, 8.27026367052, 9.70458984216]","[0, 0, 0]",0,3,0.0,0.0,4.226,0,0,0,4294967.295,3750001.408,0,68273,0,103.56987762451172,125.84187316894531,0.5969807505607605,0,state.PRE_FLIGHT,1024,-36,0,-36,0.0,4713,4713,"[10.4, 0.5, 17.6, 10.6, 15.9, 15.9, 0, 0]","[3.638, 3.639, 3.639]",0.187,"[2.9936000000000003, 3.3120000000000003, 5.0032000000000005, 7.3632, 8.441600000000001, 27.8256]","[0.025625000000000002, 0.6218750000000001, -0.0025, 0.00125, -0.005625, -0.001875]",0,0,29.5,"[1, 1, 1, 1, 1, 1]",82.103253813826,0.0,0.0,0,0.0
1774904430.6279693,"[0, 0, 0, 0, 0, 0]","[1291, 1500, 1500, 1500]","[-25.08, 0.0, 0.0, 0.0]","[0.0, 0.0, 0.0]",0,4221.3720703125,0,32.24090858459473,"[0.0, 8.6975097642, 6.92749023324]","[0, 0, 0]",0,3,0.0,0.0,4.222,0,0,0,4294967.295,3750001.408,0,68327,0,103.64295196533203,125.58934783935547,0.5969807505607605,0,state.PRE_FLIGHT,1025,-35,0,-35,0.0,4713,4713,"[10.6, 0.5, 17.0, 10.4, 15.9, 16.5, 0, 0]","[3.638, 3.639, 3.639]",0.187,"[2.9968000000000004, 3.3120000000000003, 5.0048, 7.3664000000000005, 8.457600000000001, 27.8304]","[0.036875, 0.548125, -0.0025, -0.000625, -0.003125, 0.000625]",0,0,29.5,"[1, 1, 1, 1, 1, 1]",82.11009166285098,0.0,0.0,0,0.0
1774904430.6879847,"[0, 0, 0, 0, 0, 0]","[1291, 1500, 1500, 1500]","[-25.08, 0.0, 0.0, 0.0]","[0.0, 0.0, 0.0]",0,4218.97119140625,0,32.262768325805666,"[0.0, 5.8898925771599995, -2.77709960892]","[0, 0, 0]",0,3,0.0,0.0,4.218,0,0,0,4294967.295,3750001.408,0,68387,0,103.70918273925781,125.5234375,0.5969807505607605,0,state.PRE_FLIGHT,1026,-34,0,-34,0.0,4713,4713,"[10.2, 0.5, 15.9, 10.4, 15.5, 17.0, 0, 0]","[3.638, 3.639, 3.639]",0.187,"[2.9968000000000004, 3.3120000000000003, 5.0048, 7.3664000000000005, 8.457600000000001, 27.8304]","[0.036875, 0.548125, -0.0025, -0.000625, -0.003125, 0.000625]",0,0,29.5,"[1, 1, 1, 1, 1, 1]",82.08511063966884,0.0,0.0,0,0.0
1774904430.747979,"[0, 0, 0, 0, 0, 0]","[1291, 1500, 1500, 1500]","[-25.08, 0.0, 0.0, 0.0]","[0.0, 0.0, 0.0]",0,4216.56787109375,0,32.2496524810791,"[0.0, 0.1525878906, 12.32910156048]","[0, 0, 0]",0,3,0.0,0.0,4.218,0,0,0,4294967.295,3750001.408,0,68447,0,103.95425415039062,125.57410430908203,0.5969807505607605,0,state.PRE_FLIGHT,1027,-34,0,-34,0.0,4713,4713,"[10.8, 0.5, 17.0, 10.4, 15.5, 16.5, 0, 0]","[3.638, 3.639, 3.639]",0.187,"[2.9952, 3.3136, 5.0032000000000005, 7.3664000000000005, 8.456000000000001, 27.8304]","[0.038125, 0.63125, 0.000625, 0.0025, -0.005, -0.00125]",0,0,29.5,"[1, 1, 1, 1, 1, 1]",81.93545088503531,0.0,0.0,0,0.0
1774904430.807504,"[0, 0, 0, 0, 0, 0]","[1291, 1500, 1500, 1500]","[-25.08, 0.0, 0.0, 0.0]","[0.0, 0.0, 0.0]",0,4214.16552734375,0,32.25839637756348,"[0.0, -6.68334960828, 6.53076171768]","[0, 0, 0]",0,3,0.0,0.0,4.214,0,0,0,4294967.295,3750001.408,0,68507,0,104.13398742675781,125.70475769042969,0.5969807505607605,0,state.PRE_FLIGHT,1028,-34,0,-34,0.0,4713,4713,"[10.8, 0.5, 16.5, 10.2, 15.9, 17.0, 0, 0]","[3.638, 3.639, 3.639]",0.187,"[2.9952, 3.3136, 5.0032000000000005, 7.3664000000000005, 8.456000000000001, 27.8304]","[0.038125, 0.63125, 0.000625, 0.0025, -0.005, -0.00125]",0,0,29.5,"[1, 1, 1, 1, 1, 1]",81.80679422189846,0.0,0.0,0,0.0
1774904430.853514,"[0, 0, 0, 0, 0, 0]","[1291, 1500, 1500, 1500]","[-25.08, 0.0, 0.0, 0.0]","[0.0, 0.0, 0.0]",0,4211.76416015625,0,32.23653663635254,"[0.0, -0.39672851556, -0.73242187488]","[0, 0, 0]",0,3,0.0,0.0,4.214,0,0,0,4294967.295,3750001.408,0,68561,0,104.1188735961914,125.79240417480469,0.5969807505607605,0,state.PRE_FLIGHT,1029,-33,0,-33,0.0,4713,4713,"[10.4, 0.5, 17.0, 10.4, 15.0, 17.0, 0, 0]","[3.638, 3.639, 3.639]",0.187,"[2.9952, 3.3120000000000003, 5.0032000000000005, 7.3632, 8.432, 27.8272]","[0.02875, 0.25875, -0.00125, -0.00125, 0.000625, -0.00375]",0,0,29.5,"[1, 1, 1, 1, 1, 1]",81.79790546232383,0.0,0.0,0,0.0
1774904430.9140582,"[0, 0, 0, 0, 0, 0]","[1291, 1500, 1500, 1500]","[-25.08, 0.0, 0.0, 0.0]","[0.0, 0.0, 0.0]",0,4209.36279296875,0,32.227792739868164,"[0.0, 0.762939453, -13.21411132596]","[0, 0, 0]",0,3,0.0,0.0,4.21,0,0,0,4294967.295,3750001.408,0,68621,0,103.88539123535156,125.84245300292969,0.5969807505607605,0,state.PRE_FLIGHT,1030,-34,0,-33,0.0,4713,4713,"[10.6, 0.5, 16.5, 10.4, 17.0, 17.6, 0, 0]","[3.638, 3.639, 3.639]",0.187,"[2.9952, 3.3120000000000003, 5.0032000000000005, 7.3632, 8.457600000000001, 27.8272]","[0.035, 0.226875, 0.000625, -0.00125, 0.000625, -0.003125]",0,0,29.5,"[1, 1, 1, 1, 1, 1]",81.92191020169827,0.0,0.0,0,0.0
1774904430.9740677,"[0, 0, 0, 0, 0, 0]","[1291, 1500, 1500, 1500]","[-25.08, 0.0, 0.0, 0.0]","[0.0, 0.0, 0.0]",0,4206.9619140625,0,32.24090858459473,"[0.0, -2.5939941402, 9.70458984216]","[0, 0, 0]",0,3,0.0,0.0,4.21,0,0,0,4294967.295,3750001.408,0,68681,0,103.98554229736328,125.82170867919922,0.5969807505607605,0,state.PRE_FLIGHT,1031,-34,0,-34,0.0,4713,4713,"[10.8, 0.5, 16.5, 10.4, 15.9, 17.0, 0, 0]","[3.638, 3.639, 3.639]",0.187,"[2.9952, 3.3120000000000003, 5.0032000000000005, 7.3632, 8.457600000000001, 27.8272]","[0.035, 0.226875, 0.000625, -0.00125, 0.000625, -0.003125]",0,0,29.5,"[1, 1, 1, 1, 1, 1]",81.86852327979999,0.0,0.0,0,0.0
1774904431.0357912,"[0, 0, 0, 0, 0, 0]","[1291, 1500, 1500, 1500]","[-25.08, 0.0, 0.0, 0.0]","[0.0, 0.0, 0.0]",0,4204.560546875,0,32.24090858459473,"[0.0, 3.14331054636, -6.31713867084]","[0, 0, 0]",0,3,0.0,0.0,4.206,0,0,0,4294967.295,3750001.408,0,68741,0,104.09051513671875,125.71672821044922,0.5969807505607605,0,state.PRE_FLIGHT,1032,-34,0,-34,0.0,4713,4713,"[10.4, 0.5, 15.9, 10.6, 15.9, 16.5, 0, 0]","[3.638, 3.639, 3.639]",0.187,"[2.9936000000000003, 3.3136, 5.0016, 7.368, 8.457600000000001, 27.8288]","[0.03375, 0.248125, 0.003125, -0.0025, -0.001875, -0.005]",0,0,29.5,"[1, 1, 1, 1, 1, 1]",81.82926171054282,0.0,0.0,0,0.0
1774904431.0963287,"[0, 0, 0, 0, 0, 0]","[1291, 1500, 1500, 1500]","[-25.08, 0.0, 0.0, 0.0]","[0.0, 0.0, 0.0]",0,4202.5595703125,0,32.262768325805666,"[0.0, -3.57055664004, -9.85717773276]","[0, 0, 0]",0,3,0.0,0.0,4.202,0,0,0,4294967.295,3750001.408,0,68795,0,104.02511596679688,125.92256164550781,0.5969807505607605,0,state.PRE_FLIGHT,1033,-34,0,-34,0.0,4713,4713,"[10.4, 0.5, 17.6, 10.8, 14.6, 17.0, 0, 0]","[3.638, 3.639, 3.639]",0.187,"[2.9936000000000003, 3.3136, 5.0016, 7.368, 8.457600000000001, 27.8288]","[0.03375, 0.248125, 0.003125, -0.0025, -0.001875, -0.005]",0,0,29.5,"[1, 1, 1, 1, 1, 1]",81.82581350319383,0.0,0.0,0,0.0
1774904431.1563287,"[0, 0, 0, 0, 0, 0]","[1291, 1500, 1500, 1500]","[-25.08, 0.0, 0.0, 0.0]","[0.0, 0.0, 0.0]",0,4200.16015625,0,32.24090858459473,"[0.0, 3.93676757748, 11.01684570132]","[0, 0, 0]",0,3,0.0,0.0,4.202,0,0,0,4294967.295,3750001.408,0,68855,0,104.01871490478516,125.90975952148438,0.5969807505607605,0,state.PRE_FLIGHT,1034,-35,0,-33,0.0,4713,4713,"[10.6, 0.5, 15.9, 10.6, 16.5, 17.0, 0, 0]","[3.638, 3.639, 3.639]",0.187,"[2.9952, 3.3120000000000003, 5.0016, 7.3632, 8.4352, 27.8288]","[0.036875, 0.25875, -0.00125, -0.003125, -0.00125, -0.0025]",0,0,29.5,"[1, 1, 1, 1, 1, 1]",81.8320317417455,0.0,0.0,0,0.0
1774904431.2164683,"[0, 0, 0, 0, 0, 0]","[1291, 1500, 1500, 1500]","[-25.08, 0.0, 0.0, 0.0]","[0.0, 0.0, 0.0]",0,4197.759765625,0,32.267140274047854,"[0.0, 2.71606445268, -3.14331054636]","[0, 0, 0]",0,3,0.0,0.0,4.198,0,0,0,4294967.295,3750001.408,0,68915,0,103.9436264038086,125.85176849365234,0.5969807505607605,0,state.PRE_FLIGHT,1035,-35,0,-34,0.0,4713,4713,"[10.2, 0.5, 15.9, 10.6, 15.9, 17.0, 0, 0]","[3.638, 3.639, 3.639]",0.187,"[2.9952, 3.3120000000000003, 5.0016, 7.3632, 8.4352, 27.8288]","[0.036875, 0.25875, -0.00125, -0.003125, -0.00125, -0.0025]",0,0,29.5,"[1, 1, 1, 1, 1, 1]",81.88663971665487,0.0,0.0,0,0.0
1774904431.2764819,"[0, 0, 0, 0, 0, 0]","[1291, 1500, 1500, 1500]","[-25.08, 0.0, 0.0, 0.0]","[0.0, 0.0, 0.0]",0,4195.35888671875,0,32.2496524810791,"[0.0, 9.06372070164, 7.8430175768399994]","[0, 0, 0]",0,3,0.0,0.0,4.198,0,0,0,4294967.295,3750001.408,0,68975,0,104.17770385742188,125.63689422607422,0.5969807505607605,0,state.PRE_FLIGHT,1036,-35,0,-35,0.0,4713,4713,"[10.2, 0.5, 16.5, 10.4, 15.9, 15.9, 0, 0]","[3.638, 3.639, 3.639]",0.187,"[2.9952, 3.3120000000000003, 5.0, 7.3616, 8.4512, 27.8288]","[0.035625000000000004, 0.598125, -0.0025, -0.00125, -0.00625, -0.00125]",0,0,29.5,"[1, 1, 1, 1, 1, 1]",81.79544287889341,0.0,0.0,0,0.0
1774904431.322027,"[0, 0, 0, 0, 0, 0]","[1291, 1500, 1500, 1500]","[-25.08, 0.0, 0.0, 0.0]","[0.0, 0.0, 0.0]",0,4193.35888671875,0,32.27151222229004,"[0.0, -13.82446288836, -0.36621093744]","[0, 0, 0]",0,3,0.0,0.0,4.194,0,0,0,4294967.295,3750001.408,0,69029,0,104.42102813720703,125.91641235351562,0.5969807505607605,0,state.PRE_FLIGHT,1037,-35,0,-35,0.0,4713,4713,"[10.8, 0.5, 16.5, 10.8, 15.9, 17.0, 0, 0]","[3.638, 3.639, 3.639]",0.187,"[2.9952, 3.3120000000000003, 5.0, 7.3616, 8.4512, 27.8288]","[0.035625000000000004, 0.598125, -0.0025, -0.00125, -0.00625, -0.00125]",0,0,29.5,"[1, 1, 1, 1, 1, 1]",81.59953307379924,0.0,0.0,0,0.0
1774904431.381408,"[0, 0, 0, 0, 0, 0]","[1291, 1500, 1500, 1500]","[-25.08, 0.0, 0.0, 0.0]","[0.0, 0.0, 0.0]",0,4190.95947265625,0,32.23653663635254,"[0.0, -2.5939941402, 9.88769531088]","[0, 0, 0]",0,3,0.0,0.0,4.19,0,0,0,4294967.295,3750001.408,0,69089,0,104.43499755859375,126.126220703125,0.5969807505607605,0,state.PRE_FLIGHT,1038,-35,0,-35,0.0,4713,4713,"[10.4, 0.5, 17.0, 10.4, 15.9, 16.5, 0, 0]","[3.638, 3.639, 3.639]",0.187,"[2.9968000000000004, 3.3136, 5.0032000000000005, 7.3696, 8.4672, 27.8288]","[0.035, 0.61625, 0.000625, -0.000625, -0.005, 0.0025]",0,0,29.5,"[1, 1, 1, 1, 1, 1]",81.54874762445365,0.0,0.0,0,0.0
1774904431.4428282,"[0, 0, 0, 0, 0, 0]","[1291, 1500, 1500, 1500]","[-25.08, 0.0, 0.0, 0.0]","[0.0, 0.0, 0.0]",0,4188.56005859375,0,32.25839637756348,"[0.0, 2.96020507764, 10.65063476388]","[0, 0, 0]",0,3,0.0,0.0,4.19,0,0,0,4294967.295,3750001.408,0,69149,0,104.61344909667969,126.16642761230469,0.5969807505607605,0,state.PRE_FLIGHT,1039,-35,0,-35,0.0,4713,4713,"[10.8, 0.5, 16.5, 10.6, 16.5, 15.9, 0, 0]","[3.638, 3.639, 3.639]",0.187,"[2.9968000000000004, 3.3136, 5.0032000000000005, 7.3696, 8.4672, 27.8288]","[0.035, 0.61625, 0.000625, -0.000625, -0.005, 0.0025]",0,0,29.5,"[1, 1, 1, 1, 1, 1]",81.43748541707406,0.0,0.0,0,0.0
1774904431.50422,"[0, 0, 0, 0, 0, 0]","[1291, 1500, 1500, 1500]","[-25.08, 0.0, 0.0, 0.0]","[0.0, 0.0, 0.0]",0,4186.16064453125,0,32.2496524810791,"[0.0, -9.3078613266, -8.5449218736]","[0, 0, 0]",0,3,0.0,0.0,4.186,0,0,0,4294967.295,3750001.408,0,69209,0,104.50811004638672,126.44181060791016,0.5969807505607605,0,state.PRE_FLIGHT,1040,-35,0,-35,0.0,4713,4713,"[10.6, 0.5, 15.9, 11.1, 16.5, 16.5, 0, 0]","[3.638, 3.639, 3.639]",0.187,"[2.9952, 3.3104, 5.0016, 7.3696, 8.4448, 27.8288]","[0.031875, 0.2425, -0.00375, 0.000625, -0.004375, -0.000625]",0,0,29.5,"[1, 1, 1, 1, 1, 1]",81.44210781001388,0.0,0.0,0,0.0
1774904431.5630858,"[0, 0, 0, 0, 0, 0]","[1291, 1500, 1500, 1500]","[-25.08, 0.0, 0.0, 0.0]","[0.0, 0.0, 0.0]",0,4183.76123046875,0,32.262768325805666,"[0.0, -1.19018554668, -0.1525878906]","[0, 0, 0]",0,3,0.0,0.0,4.186,0,0,0,4294967.295,3750001.408,0,69263,0,104.53392791748047,126.38858795166016,0.5969807505607605,0,state.PRE_FLIGHT,1041,-35,0,-35,0.0,4713,4713,"[10.2, 0.5, 17.6, 10.8, 16.5, 16.5, 0, 0]","[3.638, 3.639, 3.639]",0.187,"[2.9952, 3.3104, 5.0016, 7.3696, 8.4448, 27.8288]","[0.031875, 0.2425, -0.00375, 0.000625, -0.004375, -0.000625]",0,0,29.5,"[1, 1, 1, 1, 1, 1]",81.43796395330105,0.0,0.0,0,0.0
1774904431.6247015,"[0, 0, 0, 0, 0, 0]","[1291, 1500, 1500, 1500]","[-25.08, 0.0, 0.0, 0.0]","[0.0, 0.0, 0.0]",0,4181.36181640625,0,32.262768325805666,"[0.0, -8.33129882676, -14.709472653839999]","[0, 0, 0]",0,3,0.0,0.0,4.182,0,0,0,4294967.295,3750001.408,0,69323,0,104.6023178100586,126.44901275634766,0.5969807505607605,0,state.PRE_FLIGHT,1042,-36,0,-36,0.0,4713,4713,"[10.6, 0.5, 15.9, 10.6, 15.9, 15.9, 0, 0]","[3.638, 3.639, 3.639]",0.187,"[2.9952, 3.3120000000000003, 5.0032000000000005, 7.3632, 8.457600000000001, 27.8256]","[0.035625000000000004, 0.25625, -0.003125, -0.000625, -0.001875, -0.003125]",0,0,29.5,"[1, 1, 1, 1, 1, 1]",81.38585274456928,0.0,0.0,0,0.0
1774904431.6849124,"[0, 0, 0, 0, 0, 0]","[1291, 1500, 1500, 1500]","[-25.08, 0.0, 0.0, 0.0]","[0.0, 0.0, 0.0]",0,4178.96240234375,0,32.27151222229004,"[0.0, 6.68334960828, 11.01684570132]","[0, 0, 0]",0,3,0.0,0.0,4.178,0,0,0,4294967.295,3750001.408,0,69383,0,104.68931579589844,126.48805236816406,0.5969807505607605,0,state.PRE_FLIGHT,1043,-36,0,-35,0.0,4713,4713,"[10.6, 0.5, 15.9, 10.4, 15.9, 15.9, 0, 0]","[3.638, 3.639, 3.639]",0.187,"[2.9968000000000004, 3.3120000000000003, 5.0032000000000005, 7.36, 8.427200000000001, 27.8288]","[0.03, 0.23500000000000001, -0.003125, -0.00125, -0.000625, -0.00375]",0,0,29.5,"[1, 1, 1, 1, 1, 1]",81.3272190464536,0.0,0.0,0,0.0
1774904431.7457387,"[0, 0, 0, 0, 0, 0]","[1291, 1500, 1500, 1500]","[-25.08, 0.0, 0.0, 0.0]","[0.0, 0.0, 0.0]",0,4176.56298828125,0,32.25839637756348,"[0.0, -5.5236816397199995, -2.22778320276]","[0, 0, 0]",0,3,0.0,0.0,4.178,0,0,0,4294967.295,3750001.408,0,69443,0,104.43541717529297,126.5814437866211,0.5969807505607605,0,state.PRE_FLIGHT,1044,-35,0,-35,0.0,4713,4713,"[10.6, 0.5, 16.5, 10.6, 15.5, 17.0, 0, 0]","[3.638, 3.639, 3.639]",0.187,"[2.9968000000000004, 3.3120000000000003, 5.0032000000000005, 7.36, 8.427200000000001, 27.8288]","[0.03, 0.23500000000000001, -0.003125, -0.00125, -0.000625, -0.00375]",0,0,29.5,"[1, 1, 1, 1, 1, 1]",81.45609603577448,0.0,0.0,0,0.0
1774904431.7913473,"[0, 0, 0, 0, 0, 0]","[1291, 1500, 1500, 1500]","[-25.08, 0.0, 0.0, 0.0]","[0.0, 0.0, 0.0]",0,4174.56396484375,0,32.2496524810791,"[0.0, 7.4768066393999995, 4.3029785149199995]","[0, 0, 0]",0,3,0.0,0.0,4.174,0,0,0,4294967.295,3750001.408,0,69497,0,104.40756225585938,126.59056854248047,0.5969807505607605,0,state.PRE_FLIGHT,1045,-35,0,-35,0.0,4713,4713,"[10.6, 0.5, 16.5, 10.4, 15.9, 17.0, 0, 0]","[3.638, 3.639, 3.639]",0.187,"[2.9968000000000004, 3.3120000000000003, 5.0016, 7.3664000000000005, 8.4512, 27.8256]","[0.02625, 0.26937500000000003, -0.0025, -0.001875, 0.00125, -0.005625]",0,0,29.5,"[1, 1, 1, 1, 1, 1]",81.47051014767375,0.0,0.0,0,0.0
1774904431.8547,"[0, 0, 0, 0, 0, 0]","[1291, 1500, 1500, 1500]","[-25.08, 0.0, 0.0, 0.0]","[0.0, 0.0, 0.0]",0,4172.166015625,0,32.23216468811035,"[0.0, -0.57983398428, -2.77709960892]","[0, 0, 0]",0,3,0.0,0.0,4.174,0,0,0,4294967.295,3750001.408,0,69557,0,104.38468933105469,126.61497497558594,0.5969807505607605,0,state.PRE_FLIGHT,1046,-35,0,-35,0.0,4713,4713,"[10.6, 0.5, 16.5, 10.6, 17.6, 16.5, 0, 0]","[3.638, 3.639, 3.639]",0.187,"[2.9968000000000004, 3.3120000000000003, 5.0016, 7.3664000000000005, 8.4512, 27.8256]","[0.02625, 0.26937500000000003, -0.0025, -0.001875, 0.00125, -0.005625]",0,0,29.5,"[1, 1, 1, 1, 1, 1]",81.47894201783953,0.0,0.0,0,0.0
1774904431.9148571,"[0, 0, 0, 0, 0, 0]","[1291, 1500, 1500, 1500]","[-25.08, 0.0, 0.0, 0.0]","[0.0, 0.0, 0.0]",0,4169.7685546875,0,32.27151222229004,"[0.0, -9.49096679532, 0.762939453]","[0, 0, 0]",0,3,0.0,0.0,4.17,0,0,0,4294967.295,3750001.408,0,69617,0,104.37825775146484,126.74190521240234,0.5969807505607605,0,state.PRE_FLIGHT,1047,-36,0,-35,0.0,4713,4713,"[10.6, 0.5, 15.9, 11.1, 15.5, 15.5, 0, 0]","[3.638, 3.639, 3.639]",0.187,"[2.9952, 3.3120000000000003, 5.0048, 7.3616, 8.4336, 27.8256]","[0.035, 0.2775, -0.000625, -0.0025, -0.00125, -0.0025]",0,0,29.5,"[1, 1, 1, 1, 1, 1]",81.45713778857768,0.0,0.0,0,0.0
1774904431.9751215,"[0, 0, 0, 0, 0, 0]","[1291, 1500, 1500, 1500]","[-25.08, 0.0, 0.0, 0.0]","[0.0, 0.0, 0.0]",0,4167.37109375,0,32.25839637756348,"[0.0, -0.21362304684, 7.29370117068]","[0, 0, 0]",0,3,0.0,0.0,4.17,0,0,0,4294967.295,3750001.408,0,69677,0,104.49851989746094,126.65583038330078,0.5969807505607605,0,state.PRE_FLIGHT,1048,-36,0,-35,0.0,4713,4713,"[10.4, 0.5, 15.9, 10.4, 16.5, 17.0, 0, 0]","[3.638, 3.639, 3.639]",0.187,"[2.9952, 3.3120000000000003, 5.0048, 7.3616, 8.4336, 27.8256]","[0.035, 0.2775, -0.000625, -0.0025, -0.00125, -0.0025]",0,0,29.5,"[1, 1, 1, 1, 1, 1]",81.40415424352676,0.0,0.0,0,0.0
1774904432.0217366,"[0, 0, 0, 0, 0, 0]","[1291, 1500, 1500, 1500]","[-25.08, 0.0, 0.0, 0.0]","[0.0, 0.0, 0.0]",0,4164.9736328125,0,32.25402442932129,"[0.0, 5.70678710844, 5.24902343664]","[0, 0, 0]",0,3,0.0,0.0,4.166,0,0,0,4294967.295,3750001.408,0,69731,0,104.64103698730469,126.69658660888672,0.5969807505607605,0,state.PRE_FLIGHT,1049,-36,0,-35,0.0,4713,4713,"[10.4, 0.5, 15.9, 10.6, 15.9, 17.0, 0, 0]","[3.638, 3.639, 3.639]",0.187,"[2.9984, 3.3136, 5.0032000000000005, 7.36, 8.4384, 27.8256]","[0.036875, 0.61125, 0.0025, 0.000625, -0.00625, 0.001875]",0,0,29.5,"[1, 1, 1, 1, 1, 1]",81.31250406225666,0.0,0.0,0,0.0
1774904432.0821888,"[0, 0, 0, 0, 0, 0]","[1291, 1500, 1500, 1500]","[-25.08, 0.0, 0.0, 0.0]","[0.0, 0.0, 0.0]",0,4162.57568359375,0,32.27151222229004,"[0.0, 11.444091795, 8.97216796728]","[0, 0, 0]",0,3,0.0,0.0,4.162,0,0,0,4294967.295,3750001.408,0,69791,0,104.97000885009766,126.78880310058594,0.5969807505607605,0,state.PRE_FLIGHT,1050,-36,0,-35,0.0,4713,4713,"[10.0, 0.5, 16.5, 10.6, 15.9, 15.9, 0, 0]","[3.638, 3.639, 3.639]",0.187,"[2.9984, 3.3136, 5.0032000000000005, 7.36, 8.4384, 27.8256]","[0.036875, 0.61125, 0.0025, 0.000625, -0.00625, 0.001875]",0,0,29.5,"[1, 1, 1, 1, 1, 1]",81.10086916970523,0.0,0.0,0,0.0
1774904432.1422546,"[0, 0, 0, 0, 0, 0]","[1291, 1500, 1500, 1500]","[-25.08, 0.0, 0.0, 0.0]","[0.0, 0.0, 0.0]",0,4160.17822265625,0,32.27588417053223,"[0.0, -15.4113769506, 1.525878906]","[0, 0, 0]",0,3,0.0,0.0,4.162,0,0,0,4294967.295,3750001.408,0,69851,0,105.0887451171875,126.92611694335938,0.5969807505607605,0,state.PRE_FLIGHT,1051,-36,0,-35,0.0,4713,4713,"[10.4, 0.5, 15.9, 10.6, 15.9, 17.6, 0, 0]","[3.638, 3.639, 3.639]",0.187,"[2.9968000000000004, 3.3104, 5.0032000000000005, 7.3664000000000005, 8.459200000000001, 27.8288]","[0.03125, 0.583125, 0.0, -0.000625, -0.005, 0.0025]",0,0,29.5,"[1, 1, 1, 1, 1, 1]",81.00239524203418,0.0,0.0,0,0.0
1774904432.2028434,"[0, 0, 0, 0, 0, 0]","[1291, 1500, 1500, 1500]","[-25.08, 0.0, 0.0, 0.0]","[0.0, 0.0, 0.0]",0,4157.78173828125,0,32.27151222229004,"[0.0, -2.96020507764, -1.64794921848]","[0, 0, 0]",0,3,0.0,0.0,4.158,0,0,0,4294967.295,3750001.408,0,69911,0,105.0432357788086,126.8028564453125,0.5969807505607605,0,state.PRE_FLIGHT,1052,-35,0,-36,0.0,4713,4713,"[10.4, 0.5, 16.5, 10.8, 15.9, 15.9, 0, 0]","[3.638, 3.639, 3.639]",0.187,"[2.9968000000000004, 3.3104, 5.0032000000000005, 7.3664000000000005, 8.459200000000001, 27.8288]","[0.03125, 0.583125, 0.0, -0.000625, -0.005, 0.0025]",0,0,29.5,"[1, 1, 1, 1, 1, 1]",81.05503613921442,0.0,0.0,0,0.0
1774904432.2628434,"[0, 0, 0, 0, 0, 0]","[1291, 1500, 1500, 1500]","[-25.08, 0.0, 0.0, 0.0]","[0.0, 0.0, 0.0]",0,4155.78515625,0,32.25402442932129,"[0.0, 7.65991210812, 0.39672851556]","[0, 0, 0]",0,3,0.0,0.0,4.158,0,0,0,4294967.295,3750001.408,0,69965,0,104.99402618408203,126.67158508300781,0.5969807505607605,0,state.PRE_FLIGHT,1053,-36,0,-36,0.0,4713,4713,"[10.4, 0.5, 16.5, 10.6, 16.5, 17.6, 0, 0]","[3.638, 3.639, 3.639]",0.187,"[2.9952, 3.3120000000000003, 5.0048, 7.364800000000001, 8.4384, 27.8288]","[0.036875, 0.23500000000000001, -0.005625, -0.0025, -0.0025, -0.003125]",0,0,29.5,"[1, 1, 1, 1, 1, 1]",81.11140705970983,0.0,0.0,0,0.0
1774904432.3233836,"[0, 0, 0, 0, 0, 0]","[1291, 1500, 1500, 1500]","[-25.08, 0.0, 0.0, 0.0]","[0.0, 0.0, 0.0]",0,4153.3896484375,0,32.25839637756348,"[0.0, -0.82397460924, 6.16455078024]","[0, 0, 0]",0,3,0.0,0.0,4.154,0,0,0,4294967.295,3750001.408,0,70025,0,104.9561767578125,126.71797943115234,0.5969807505607605,0,state.PRE_FLIGHT,1054,-36,0,-36,0.0,4713,4713,"[10.8, 0.5, 16.5, 10.4, 15.9, 17.0, 0, 0]","[3.638, 3.639, 3.639]",0.187,"[2.9952, 3.3120000000000003, 5.0048, 7.364800000000001, 8.4384, 27.8288]","[0.036875, 0.23500000000000001, -0.005625, -0.0025, -0.0025, -0.003125]",0,0,29.5,"[1, 1, 1, 1, 1, 1]",81.12379192529443,0.0,0.0,0,0.0
1774904432.383833,"[0, 0, 0, 0, 0, 0]","[1291, 1500, 1500, 1500]","[-25.08, 0.0, 0.0, 0.0]","[0.0, 0.0, 0.0]",0,4150.99365234375,0,32.262768325805666,"[0.0, -3.57055664004, 11.56616210748]","[0, 0, 0]",0,3,0.0,0.0,4.15,0,0,0,4294967.295,3750001.408,0,70085,0,105.10816192626953,126.70758819580078,0.5969807505607605,0,state.PRE_FLIGHT,1055,-36,0,-36,0.0,4713,4713,"[10.6, 0.5, 15.9, 10.2, 15.5, 16.5, 0, 0]","[3.638, 3.639, 3.639]",0.187,"[2.9952, 3.3104, 5.0016, 7.3632, 8.4544, 27.8288]","[0.030625, 0.258125, -0.00625, -0.003125, -0.0025, -0.0025]",0,0,29.5,"[1, 1, 1, 1, 1, 1]",81.03715652115343,0.0,0.0,0,0.0
1774904432.4439785,"[0, 0, 0, 0, 0, 0]","[1291, 1500, 1500, 1500]","[-25.08, 0.0, 0.0, 0.0]","[0.0, 0.0, 0.0]",0,4148.59765625,0,32.262768325805666,"[0.0, 6.5002441395599995, 0.94604492172]","[0, 0, 0]",0,3,0.0,0.0,4.15,0,0,0,4294967.295,3750001.408,0,70145,0,105.05506134033203,126.52509307861328,0.5969807505607605,0,state.PRE_FLIGHT,1056,-36,0,-36,0.0,4713,4713,"[10.8, 0.5, 16.5, 10.2, 15.9, 17.0, 0, 0]","[3.638, 3.639, 3.639]",0.187,"[2.9984, 3.3104, 5.0, 7.36, 8.4512, 27.8272]","[0.036875, 0.25375000000000003, -0.000625, -0.005, -0.000625, -0.0025]",0,0,29.5,"[1, 1, 1, 1, 1, 1]",81.10669322787794,0.0,0.0,0,0.0
1774904432.4902027,"[0, 0, 0, 0, 0, 0]","[1291, 1500, 1500, 1500]","[-25.08, 0.0, 0.0, 0.0]","[0.0, 0.0, 0.0]",0,4146.6015625,0,32.27588417053223,"[0.0, 0.57983398428, -3.69262695252]","[0, 0, 0]",0,3,0.0,0.0,4.147,0,0,0,4294967.295,3750001.408,0,70199,0,105.2115478515625,126.66407775878906,0.5969807505607605,0,state.PRE_FLIGHT,1057,-36,0,-36,0.0,4713,4713,"[10.2, 0.5, 17.0, 10.4, 15.9, 17.0, 0, 0]","[3.638, 3.639, 3.639]",0.187,"[2.9984, 3.3104, 5.0, 7.36, 8.4512, 27.8272]","[0.036875, 0.25375000000000003, -0.000625, -0.005, -0.000625, -0.0025]",0,0,29.5,"[1, 1, 1, 1, 1, 1]",80.98603741627429,0.0,0.0,0,0.0
1774904432.5507774,"[0, 0, 0, 0, 0, 0]","[1291, 1500, 1500, 1500]","[-25.08, 0.0, 0.0, 0.0]","[0.0, 0.0, 0.0]",0,4144.20556640625,0,32.262768325805666,"[0.0, 1.92260742156, 17.547607419]","[0, 0, 0]",0,3,0.0,0.0,4.147,0,0,0,4294967.295,3750001.408,0,70259,0,105.29500579833984,126.48438262939453,0.5969807505607605,0,state.PRE_FLIGHT,1058,-37,0,-36,0.0,4713,4713,"[10.2, 0.5, 15.9, 10.6, 15.9, 17.0, 0, 0]","[3.638, 3.639, 3.639]",0.187,"[2.9952, 3.3104, 5.0032000000000005, 7.3712, 8.4496, 27.8288]","[0.03125, 0.255625, -0.0025, -0.003125, -0.000625, -0.00125]",0,0,29.5,"[1, 1, 1, 1, 1, 1]",80.97590056590978,0.0,0.0,0,0.0
1774904432.6121697,"[0, 0, 0, 0, 0, 0]","[1291, 1500, 1500, 1500]","[-25.08, 0.0, 0.0, 0.0]","[0.0, 0.0, 0.0]",0,4141.81103515625,0,32.262768325805666,"[0.0, -2.41088867148, 1.12915039044]","[0, 0, 0]",0,3,0.0,0.0,4.143,0,0,0,4294967.295,3750001.408,0,70319,0,105.34065246582031,126.34207916259766,0.5969807505607605,0,state.PRE_FLIGHT,1059,-37,0,-37,0.0,4713,4713,"[10.4, 0.5, 17.0, 10.4, 16.5, 17.0, 0, 0]","[3.638, 3.639, 3.639]",0.187,"[2.9952, 3.3104, 5.0032000000000005, 7.3712, 8.4496, 27.8288]","[0.03125, 0.255625, -0.0025, -0.003125, -0.000625, -0.00125]",0,0,29.5,"[1, 1, 1, 1, 1, 1]",80.98007171143364,0.0,0.0,0,0.0
1774904432.6743934,"[0, 0, 0, 0, 0, 0]","[1291, 1500, 1500, 1500]","[-25.08, 0.0, 0.0, 0.0]","[0.0, 0.0, 0.0]",0,4139.4169921875,0,32.262768325805666,"[0.0, -3.2043457026, -3.32641601508]","[0, 0, 0]",0,3,0.0,0.0,4.143,0,0,0,4294967.295,3750001.408,0,70379,0,105.5379409790039,126.43966674804688,0.5969807505607605,0,state.PRE_FLIGHT,1060,-38,0,-37,0.0,4713,4713,"[10.8, 0.5, 15.5, 10.6, 15.0, 16.5, 0, 0]","[3.638, 3.639, 3.639]",0.187,"[2.9936000000000003, 3.3120000000000003, 5.0016, 7.3616, 8.4288, 27.822400000000002]","[0.036875, 0.629375, -0.003125, 0.0025, -0.00125, -0.0025]",0,0,29.5,"[1, 1, 1, 1, 1, 1]",80.8446330982867,0.0,0.0,0,0.0
1774904432.734349,"[0, 0, 0, 0, 0, 0]","[1291, 1500, 1500, 1500]","[-25.08, 0.0, 0.0, 0.0]","[0.0, 0.0, 0.0]",0,4137.02294921875,0,32.2846280670166,"[0.0, -5.340576171, -5.00488281168]","[0, 0, 0]",0,3,0.0,0.0,4.138,0,0,0,4294967.295,3750001.408,0,70433,0,105.64756774902344,126.35226440429688,0.5969807505607605,0,state.PRE_FLIGHT,1061,-38,0,-38,0.0,4713,4713,"[10.8, 0.5, 17.6, 10.4, 15.0, 15.5, 0, 0]","[3.638, 3.639, 3.639]",0.187,"[2.9936000000000003, 3.3120000000000003, 5.0016, 7.3616, 8.4288, 27.822400000000002]","[0.036875, 0.629375, -0.003125, 0.0025, -0.00125, -0.0025]",0,0,29.5,"[1, 1, 1, 1, 1, 1]",80.80032232549372,0.0,0.0,0,0.0
1774904432.79516,"[0, 0, 0, 0, 0, 0]","[1291, 1500, 1500, 1500]","[-25.08, 0.0, 0.0, 0.0]","[0.0, 0.0, 0.0]",0,4134.62890625,0,32.2496524810791,"[0.0, -1.43432617164, -6.68334960828]","[0, 0, 0]",0,3,0.0,0.0,4.134,0,0,0,4294967.295,3750001.408,0,70493,0,105.74615478515625,126.40047454833984,0.5969807505607605,0,state.PRE_FLIGHT,1062,-38,0,-38,0.0,4713,4713,"[10.2, 0.5, 17.0, 10.6, 15.5, 16.5, 0, 0]","[3.638, 3.639, 3.639]",0.187,"[2.9936000000000003, 3.3152000000000004, 5.0032000000000005, 7.3616, 8.4368, 27.8256]","[0.03625, 0.59875, 0.000625, 0.00125, -0.00625, -0.000625]",0,0,29.5,"[1, 1, 1, 1, 1, 1]",80.73265388768101,0.0,0.0,0,0.0
1774904432.8439834,"[0, 0, 0, 0, 0, 0]","[1291, 1500, 1500, 1500]","[-25.08, 0.0, 0.0, 0.0]","[0.0, 0.0, 0.0]",0,4132.2353515625,0,32.2846280670166,"[0.0, 2.71606445268, 6.53076171768]","[0, 0, 0]",0,3,0.0,0.0,4.134,0,0,0,4294967.295,3750001.408,0,70553,0,105.94451904296875,126.37972259521484,0.5969807505607605,0,state.PRE_FLIGHT,1063,-39,0,-38,0.0,4713,4713,"[10.8, 0.5, 15.9, 10.6, 16.5, 16.5, 0, 0]","[3.638, 3.639, 3.639]",0.187,"[2.9936000000000003, 3.3152000000000004, 5.0032000000000005, 7.3616, 8.4368, 27.8256]","[0.03625, 0.59875, 0.000625, 0.00125, -0.00625, -0.000625]",0,0,29.5,"[1, 1, 1, 1, 1, 1]",80.6225471920093,0.0,0.0,0,0.0
1774904432.9056594,"[0, 0, 0, 0, 0, 0]","[1291, 1500, 1500, 1500]","[-25.08, 0.0, 0.0, 0.0]","[0.0, 0.0, 0.0]",0,4129.84130859375,0,32.27588417053223,"[0.0, 6.5002441395599995, 1.89208984344]","[0, 0, 0]",0,3,0.0,0.0,4.131,0,0,0,4294967.295,3750001.408,0,70613,0,105.89356994628906,126.48896789550781,0.5969807505607605,0,state.PRE_FLIGHT,1064,-40,0,-39,0.0,4713,4713,"[10.4, 0.5, 17.0, 10.4, 15.9, 15.9, 0, 0]","[3.638, 3.639, 3.639]",0.187,"[2.9968000000000004, 3.3120000000000003, 5.0048, 7.364800000000001, 8.448, 27.8288]","[0.033125, 0.629375, -0.00375, -0.0025, -0.000625, 0.00125]",0,0,29.5,"[1, 1, 1, 1, 1, 1]",80.62760615428091,0.0,0.0,0,0.0
1774904432.9669616,"[0, 0, 0, 0, 0, 0]","[1291, 1500, 1500, 1500]","[-25.08, 0.0, 0.0, 0.0]","[0.0, 0.0, 0.0]",0,4127.84619140625,0,32.289000015258786,"[0.0, 1.12915039044, -2.77709960892]","[0, 0, 0]",0,3,0.0,0.0,4.131,0,0,0,4294967.295,3750001.408,0,70667,0,105.86915588378906,126.52911376953125,0.5969807505607605,0,state.PRE_FLIGHT,1065,-40,0,-40,0.0,4713,4713,"[10.6, 0.5, 16.5, 10.4, 15.5, 16.5, 0, 0]","[3.638, 3.639, 3.639]",0.187,"[2.9968000000000004, 3.3120000000000003, 5.0048, 7.364800000000001, 8.448, 27.8288]","[0.033125, 0.629375, -0.00375, -0.0025, -0.000625, 0.00125]",0,0,29.5,"[1, 1, 1, 1, 1, 1]",80.63281642904833,0.0,0.0,0,0.0
1774904433.026835,"[0, 0, 0, 0, 0, 0]","[1291, 1500, 1500, 1500]","[-25.08, 0.0, 0.0, 0.0]","[0.0, 0.0, 0.0]",0,4125.45361328125,0,32.2846280670166,"[0.0, 1.55639648412, 9.155273436]","[0, 0, 0]",0,3,0.0,0.0,4.127,0,0,0,4294967.295,3750001.408,0,70727,0,106.00836181640625,126.5833740234375,0.5969807505607605,0,state.PRE_FLIGHT,1066,-39,0,-39,0.0,4713,4713,"[10.6, 0.5, 17.0, 10.6, 16.5, 16.5, 0, 0]","[3.638, 3.639, 3.639]",0.187,"[2.9968000000000004, 3.3104, 5.0032000000000005, 7.364800000000001, 8.448, 27.824]","[0.0325, 0.23625000000000002, -0.004375, -0.003125, -0.003125, -0.000625]",0,0,29.5,"[1, 1, 1, 1, 1, 1]",80.53987054142267,0.0,0.0,0,0.0
1774904433.086821,"[0, 0, 0, 0, 0, 0]","[1291, 1500, 1500, 1500]","[-25.08, 0.0, 0.0, 0.0]","[0.0, 0.0, 0.0]",0,4123.0615234375,0,32.2846280670166,"[0.0, -8.51440429548, 0.57983398428]","[0, 0, 0]",0,3,0.0,0.0,4.123,0,0,0,4294967.295,3750001.408,0,70787,0,106.13074493408203,126.84337615966797,0.5969807505607605,0,state.PRE_FLIGHT,1067,-39,0,-39,0.0,4713,4713,"[10.6, 0.5, 17.0, 10.6, 15.9, 15.5, 0, 0]","[3.638, 3.639, 3.639]",0.187,"[2.9968000000000004, 3.3136, 5.0016, 7.364800000000001, 8.4512, 27.8272]","[0.0375, 0.22125, 0.00125, -0.0025, -0.003125, -0.001875]",0,0,29.5,"[1, 1, 1, 1, 1, 1]",80.41008459554702,0.0,0.0,0,0.0
1774904433.1485758,"[0, 0, 0, 0, 0, 0]","[1291, 1500, 1500, 1500]","[-25.08, 0.0, 0.0, 0.0]","[0.0, 0.0, 0.0]",0,4120.66943359375,0,32.2846280670166,"[0.0, 7.4768066393999995, 7.1105957019599995]","[0, 0, 0]",0,3,0.0,0.0,4.123,0,0,0,4294967.295,3750001.408,0,70847,0,106.2644271850586,126.86595153808594,0.5969807505607605,0,state.PRE_FLIGHT,1068,-38,0,-38,0.0,4713,4713,"[10.8, 0.5, 18.2, 10.4, 15.5, 17.0, 0, 0]","[3.638, 3.639, 3.639]",0.187,"[2.9968000000000004, 3.3136, 5.0016, 7.364800000000001, 8.4512, 27.8272]","[0.0375, 0.22125, 0.00125, -0.0025, -0.003125, -0.001875]",0,0,29.5,"[1, 1, 1, 1, 1, 1]",80.32687458993223,0.0,0.0,0,0.0
1774904433.195101,"[0, 0, 0, 0, 0, 0]","[1291, 1500, 1500, 1500]","[-25.08, 0.0, 0.0, 0.0]","[0.0, 0.0, 0.0]",0,4118.27734375,0,32.293371963500974,"[0.0, 6.31713867084, 3.93676757748]","[0, 0, 0]",0,3,0.0,0.0,4.118,0,0,0,4294967.295,3750001.408,0,70901,0,106.62896728515625,126.74040985107422,0.5969807505607605,0,state.PRE_FLIGHT,1069,-38,0,-38,0.0,4713,4713,"[10.8, 0.5, 17.0, 10.6, 15.9, 17.0, 0, 0]","[3.638, 3.639, 3.639]",0.187,"[2.9968000000000004, 3.3152000000000004, 5.0032000000000005, 7.3632, 8.4288, 27.8288]","[0.033125, 0.248125, -0.00125, -0.0025, -0.000625, -0.0025]",0,0,29.5,"[1, 1, 1, 1, 1, 1]",80.14322511213858,0.0,0.0,0,0.0
1774904433.2559557,"[0, 0, 0, 0, 0, 0]","[1291, 1500, 1500, 1500]","[-25.08, 0.0, 0.0, 0.0]","[0.0, 0.0, 0.0]",0,4115.88525390625,0,32.289000015258786,"[0.0, -10.10131835772, -3.90624999936]","[0, 0, 0]",0,3,0.0,0.0,4.118,0,0,0,4294967.295,3750001.408,0,70961,0,106.49958801269531,127.03337097167969,0.5969807505607605,0,state.PRE_FLIGHT,1070,-39,0,-38,0.0,4713,4713,"[10.6, 0.5, 16.5, 10.4, 15.9, 16.5, 0, 0]","[3.638, 3.639, 3.639]",0.187,"[2.9968000000000004, 3.3152000000000004, 5.0032000000000005, 7.3632, 8.4288, 27.8288]","[0.033125, 0.248125, -0.00125, -0.0025, -0.000625, -0.0025]",0,0,29.5,"[1, 1, 1, 1, 1, 1]",80.15097317198392,0.0,0.0,0,0.0
1774904433.317104,"[0, 0, 0, 0, 0, 0]","[1291, 1500, 1500, 1500]","[-25.08, 0.0, 0.0, 0.0]","[0.0, 0.0, 0.0]",0,4113.494140625,0,32.27588417053223,"[0.0, -5.70678710844, 10.8337402326]","[0, 0, 0]",0,3,0.0,0.0,4.114,0,0,0,4294967.295,3750001.408,0,71021,0,106.83810424804688,127.08767700195312,0.5969807505607605,0,state.PRE_FLIGHT,1071,-39,0,-38,0.0,4713,4713,"[10.4, 0.5, 17.0, 11.1, 15.9, 16.5, 0, 0]","[3.638, 3.639, 3.639]",0.187,"[2.9952, 3.3120000000000003, 5.0048, 7.3664000000000005, 8.4496, 27.8272]","[0.03125, 0.25125000000000003, -0.000625, 0.000625, -0.003125, -0.005625]",0,0,29.5,"[1, 1, 1, 1, 1, 1]",79.93992879222439,0.0,0.0,0,0.0
1774904433.3771207,"[0, 0, 0, 0, 0, 0]","[1291, 1500, 1500, 1500]","[-25.08, 0.0, 0.0, 0.0]","[0.0, 0.0, 0.0]",0,4111.10400390625,0,32.28025611877442,"[0.0, -4.1198730462, -3.69262695252]","[0, 0, 0]",0,3,0.0,0.0,4.114,0,0,0,4294967.295,3750001.408,0,71081,0,106.8039321899414,127.24578857421875,0.5969807505607605,0,state.PRE_FLIGHT,1072,-39,0,-39,0.0,4713,4713,"[10.6, 0.5, 16.5, 10.6, 16.5, 15.9, 0, 0]","[3.638, 3.639, 3.639]",0.187,"[2.9952, 3.3120000000000003, 5.0048, 7.3664000000000005, 8.4496, 27.8272]","[0.03125, 0.25125000000000003, -0.000625, 0.000625, -0.003125, -0.005625]",0,0,29.5,"[1, 1, 1, 1, 1, 1]",79.92296773232042,0.0,0.0,0,0.0
1774904433.425642,"[0, 0, 0, 0, 0, 0]","[1291, 1500, 1500, 1500]","[-25.08, 0.0, 0.0, 0.0]","[0.0, 0.0, 0.0]",0,4109.1123046875,0,32.2846280670166,"[0.0, -5.340576171, -12.45117187296]","[0, 0, 0]",0,3,0.0,0.0,4.11,0,0,0,4294967.295,3750001.408,0,71135,0,106.43074035644531,127.30363464355469,0.5969807505607605,0,state.PRE_FLIGHT,1073,-38,0,-38,0.0,4713,4713,"[10.6, 0.5, 15.9, 10.6, 15.9, 17.0, 0, 0]","[3.638, 3.639, 3.639]",0.187,"[2.9984, 3.3136, 5.0032000000000005, 7.364800000000001, 8.432, 27.8256]","[0.03625, 0.62875, -0.000625, 0.003125, -0.0025, -0.001875]",0,0,29.5,"[1, 1, 1, 1, 1, 1]",80.12950458234305,0.0,0.0,0,0.0
1774904433.4861903,"[0, 0, 0, 0, 0, 0]","[1291, 1500, 1500, 1500]","[-25.08, 0.0, 0.0, 0.0]","[0.0, 0.0, 0.0]",0,4106.7216796875,0,32.28025611877442,"[0.0, 3.5095214838, 4.6691894523599995]","[0, 0, 0]",0,3,0.0,0.0,4.107,0,0,0,4294967.295,3750001.408,0,71195,0,106.26964569091797,127.3231430053711,0.5969807505607605,0,state.PRE_FLIGHT,1074,-39,0,-38,0.0,4713,4713,"[10.6, 0.5, 15.5, 10.4, 15.9, 15.9, 0, 0]","[3.638, 3.639, 3.639]",0.187,"[2.9984, 3.3136, 5.0032000000000005, 7.364800000000001, 8.432, 27.8256]","[0.03625, 0.62875, -0.000625, 0.003125, -0.0025, -0.001875]",0,0,29.5,"[1, 1, 1, 1, 1, 1]",80.22016889415421,0.0,0.0,0,0.0
1774904433.5472279,"[0, 0, 0, 0, 0, 0]","[1291, 1500, 1500, 1500]","[-25.08, 0.0, 0.0, 0.0]","[0.0, 0.0, 0.0]",0,4104.33154296875,0,32.2846280670166,"[0.0, -4.3029785149199995, 6.7138671864]","[0, 0, 0]",0,3,0.0,0.0,4.107,0,0,0,4294967.295,3750001.408,0,71255,0,106.14604949951172,127.5916976928711,0.5969807505607605,0,state.PRE_FLIGHT,1075,-38,0,-38,0.0,4713,4713,"[10.2, 0.5, 17.0, 10.4, 15.0, 16.5, 0, 0]","[3.638, 3.639, 3.639]",0.187,"[2.9936000000000003, 3.3104, 5.0048, 7.36, 8.4624, 27.8288]","[0.035, 0.6175, -0.003125, 0.0025, -0.006875, -0.000625]",0,0,29.5,"[1, 1, 1, 1, 1, 1]",80.23303223970052,0.0,0.0,0,0.0
1774904433.6087413,"[0, 0, 0, 0, 0, 0]","[1291, 1500, 1500, 1500]","[-25.08, 0.0, 0.0, 0.0]","[0.0, 0.0, 0.0]",0,4101.94140625,0,32.27151222229004,"[0.0, 8.81958007668, 0.21362304684]","[0, 0, 0]",0,3,0.0,0.0,4.103,0,0,0,4294967.295,3750001.408,0,71315,0,106.28154754638672,127.46353149414062,0.5969807505607605,0,state.PRE_FLIGHT,1076,-36,0,-37,0.0,4713,4713,"[10.6, 0.5, 15.9, 10.6, 15.9, 15.9, 0, 0]","[3.638, 3.639, 3.639]",0.187,"[2.9936000000000003, 3.3104, 5.0048, 7.36, 8.4624, 27.8288]","[0.035, 0.6175, -0.003125, 0.0025, -0.006875, -0.000625]",0,0,29.5,"[1, 1, 1, 1, 1, 1]",80.18140621771494,0.0,0.0,0,0.0
1774904433.6707487,"[0, 0, 0, 0, 0, 0]","[1291, 1500, 1500, 1500]","[-25.08, 0.0, 0.0, 0.0]","[0.0, 0.0, 0.0]",0,4099.94921875,0,32.27151222229004,"[0.0, 8.63647460796, 5.61523437408]","[0, 0, 0]",0,3,0.0,0.0,4.103,0,0,0,4294967.295,3750001.408,0,71369,0,106.55120849609375,127.32381439208984,0.5969807505607605,0,state.PRE_FLIGHT,1077,-37,0,-36,0.0,4713,4713,"[10.6, 0.5, 15.9, 10.8, 15.9, 17.6, 0, 0]","[3.638, 3.639, 3.639]",0.187,"[2.9984, 3.3152000000000004, 5.0, 7.368, 8.4368, 27.824]","[0.034375, 0.238125, -0.000625, 0.00125, -0.004375, -0.0025]",0,0,29.5,"[1, 1, 1, 1, 1, 1]",80.05379817431083,0.0,0.0,0,0.0
1774904433.7319863,"[0, 0, 0, 0, 0, 0]","[1291, 1500, 1500, 1500]","[-25.08, 0.0, 0.0, 0.0]","[0.0, 0.0, 0.0]",0,4097.560546875,0,32.2846280670166,"[0.0, -11.07788085756, -18.24951171576]","[0, 0, 0]",0,3,0.0,0.0,4.099,0,0,0,4294967.295,3750001.408,0,71429,0,106.30294799804688,127.17520141601562,0.5969807505607605,0,state.PRE_FLIGHT,1078,-36,0,-37,0.0,4713,4713,"[10.6, 0.5, 15.5, 10.6, 16.5, 15.9, 0, 0]","[3.638, 3.639, 3.639]",0.187,"[2.9984, 3.3152000000000004, 5.0, 7.368, 8.4368, 27.824]","[0.034375, 0.238125, -0.000625, 0.00125, -0.004375, -0.0025]",0,0,29.5,"[1, 1, 1, 1, 1, 1]",80.23404700244913,0.0,0.0,0,0.0
1774904433.7915273,"[0, 0, 0, 0, 0, 0]","[1291, 1500, 1500, 1500]","[-25.08, 0.0, 0.0, 0.0]","[0.0, 0.0, 0.0]",0,4095.171875,0,32.28025611877442,"[0.0, -1.61743164036, -11.35253906064]","[0, 0, 0]",0,3,0.0,0.0,4.095,0,0,0,4294967.295,3750001.408,0,71489,0,106.43486022949219,127.18744659423828,0.5969807505607605,0,state.PRE_FLIGHT,1079,-39,0,-38,0.0,4713,4713,"[10.6, 0.5, 18.9, 10.2, 15.5, 16.5, 0, 0]","[3.638, 3.639, 3.639]",0.187,"[2.9984, 3.3136, 5.0032000000000005, 7.3664000000000005, 8.4352, 27.8288]","[0.031875, 0.236875, -0.00125, -0.000625, -0.0025, -0.0025]",0,0,29.5,"[1, 1, 1, 1, 1, 1]",80.15363420094546,0.0,0.0,0,0.0
1774904433.852864,"[0, 0, 0, 0, 0, 0]","[1291, 1500, 1500, 1500]","[-25.08, 0.0, 0.0, 0.0]","[0.0, 0.0, 0.0]",0,4092.783447265625,0,32.289000015258786,"[0.0, 1.73950195284, 4.48608398364]","[0, 0, 0]",0,3,0.0,0.0,4.095,0,0,0,4294967.295,3750001.408,0,71549,0,106.52389526367188,127.3700180053711,0.5969807505607605,0,state.PRE_FLIGHT,1080,-38,0,-39,0.0,4713,4713,"[10.6, 0.5, 15.9, 10.6, 15.9, 16.5, 0, 0]","[3.638, 3.639, 3.639]",0.187,"[2.9968000000000004, 3.3088, 5.0048, 7.3664000000000005, 8.4512, 27.8288]","[0.03375, 0.23375, -0.001875, -0.005625, -0.005625, -0.00375]",0,0,29.5,"[1, 1, 1, 1, 1, 1]",80.05930964144865,0.0,0.0,0,0.0
1774904433.8981185,"[0, 0, 0, 0, 0, 0]","[1291, 1500, 1500, 1500]","[-25.08, 0.0, 0.0, 0.0]","[0.0, 0.0, 0.0]",0,4090.395751953125,0,32.28025611877442,"[0.0, -3.57055664004, -13.5803222634]","[0, 0, 0]",0,3,0.0,0.0,4.091,0,0,0,4294967.295,3750001.408,0,71603,0,106.8660888671875,127.45185852050781,0.5969807505607605,0,state.PRE_FLIGHT,1081,-37,0,-37,0.0,4713,4713,"[10.0, 0.5, 16.5, 10.8, 15.0, 17.0, 0, 0]","[3.638, 3.639, 3.639]",0.187,"[2.9968000000000004, 3.3088, 5.0048, 7.3664000000000005, 8.4512, 27.8288]","[0.03375, 0.23375, -0.001875, -0.005625, -0.005625, -0.00375]",0,0,29.5,"[1, 1, 1, 1, 1, 1]",79.83811143240683,0.0,0.0,0,0.0
1774904433.9576232,"[0, 0, 0, 0, 0, 0]","[1291, 1500, 1500, 1500]","[-25.08, 0.0, 0.0, 0.0]","[0.0, 0.0, 0.0]",0,4088.009033203125,0,32.293371963500974,"[0.0, -10.46752929516, -1.28173828104]","[0, 0, 0]",0,3,0.0,0.0,4.091,0,0,0,4294967.295,3750001.408,0,71663,0,106.99610137939453,127.60749816894531,0.5969807505607605,0,state.PRE_FLIGHT,1082,-38,0,-38,0.0,4713,4713,"[10.6, 0.5, 17.0, 10.6, 16.5, 17.6, 0, 0]","[3.638, 3.639, 3.639]",0.187,"[2.9968000000000004, 3.3104, 5.0048, 7.36, 8.4544, 27.8304]","[0.035, 0.22062500000000002, -0.0025, -0.000625, -0.00125, -0.0025]",0,0,29.5,"[1, 1, 1, 1, 1, 1]",79.72459892334416,0.0,0.0,0,0.0
1774904434.01868,"[0, 0, 0, 0, 0, 0]","[1291, 1500, 1500, 1500]","[-25.08, 0.0, 0.0, 0.0]","[0.0, 0.0, 0.0]",0,4085.62109375,0,32.30211585998535,"[0.0, 9.42993163908, 6.7138671864]","[0, 0, 0]",0,3,0.0,0.0,4.087,0,0,0,4294967.295,3750001.408,0,71723,0,107.1572036743164,127.58309173583984,0.5969807505607605,0,state.PRE_FLIGHT,1083,-40,0,-39,0.0,4713,4713,"[10.4, 0.5, 15.9, 10.8, 15.9, 16.5, 0, 0]","[3.638, 3.639, 3.639]",0.187,"[2.9968000000000004, 3.3104, 5.0048, 7.36, 8.4544, 27.8304]","[0.035, 0.22062500000000002, -0.0025, -0.000625, -0.00125, -0.0025]",0,0,29.5,"[1, 1, 1, 1, 1, 1]",79.63487384481462,0.0,0.0,0,0.0
1774904434.0797343,"[0, 0, 0, 0, 0, 0]","[1291, 1500, 1500, 1500]","[-25.08, 0.0, 0.0, 0.0]","[0.0, 0.0, 0.0]",0,4083.232666015625,0,32.2846280670166,"[0.0, 6.5002441395599995, 0.762939453]","[0, 0, 0]",0,3,0.0,0.0,4.083,0,0,0,4294967.295,3750001.408,0,71783,0,107.18986511230469,127.58246612548828,0.5969807505607605,0,state.PRE_FLIGHT,1084,-44,0,-43,0.0,4713,4713,"[10.6, 0.5, 15.9, 10.6, 17.0, 17.6, 0, 0]","[3.638, 3.639, 3.639]",0.187,"[2.9952, 3.3104, 5.0048, 7.3696, 8.456000000000001, 27.8272]","[0.031875, 0.261875, -0.004375, -0.003125, -0.00125, -0.000625]",0,0,29.5,"[1, 1, 1, 1, 1, 1]",79.61567405081938,0.0,0.0,0,0.0
1774904434.1402755,"[0, 0, 0, 0, 0, 0]","[1291, 1500, 1500, 1500]","[-25.08, 0.0, 0.0, 0.0]","[0.0, 0.0, 0.0]",0,4081.243896484375,0,32.27151222229004,"[0.0, 2.5939941402, 17.73071288772]","[0, 0, 0]",0,3,0.0,0.0,4.083,0,0,0,4294967.295,3750001.408,0,71837,0,107.42277526855469,127.45228576660156,0.5969807505607605,0,state.PRE_FLIGHT,1085,-45,0,-45,0.0,4713,4713,"[10.6, 0.5, 16.5, 11.1, 15.5, 17.0, 0, 0]","[3.638, 3.639, 3.639]",0.187,"[2.9952, 3.3104, 5.0048, 7.3696, 8.456000000000001, 27.8272]","[0.031875, 0.261875, -0.004375, -0.003125, -0.00125, -0.000625]",0,0,29.5,"[1, 1, 1, 1, 1, 1]",79.50920750407764,0.0,0.0,0,0.0
1774904434.2010293,"[0, 0, 0, 0, 0, 0]","[1291, 1500, 1500, 1500]","[-25.08, 0.0, 0.0, 0.0]","[0.0, 0.0, 0.0]",0,4078.857177734375,0,32.28025611877442,"[0.0, -4.5471191398799995, 11.93237304492]","[0, 0, 0]",0,3,0.0,0.0,4.079,0,0,0,4294967.295,3750001.408,0,71897,0,107.66747283935547,127.40956115722656,0.5969807505607605,0,state.PRE_FLIGHT,1086,-45,0,-47,0.0,4713,4713,"[10.4, 0.5, 16.5, 11.1, 16.5, 17.0, 0, 0]","[3.638, 3.639, 3.639]",0.187,"[2.9952, 3.3104, 5.0016, 7.3632, 8.4496, 27.8256]","[0.035625000000000004, 0.62, -0.00125, -0.000625, -0.006875, -0.00125]",0,0,29.5,"[1, 1, 1, 1, 1, 1]",79.37535975448249,0.0,0.0,0,0.0
1774904434.262148,"[0, 0, 0, 0, 0, 0]","[1291, 1500, 1500, 1500]","[-25.08, 0.0, 0.0, 0.0]","[0.0, 0.0, 0.0]",0,4076.470703125,0,32.27588417053223,"[0.0, 2.8991699214, -9.49096679532]","[0, 0, 0]",0,3,0.0,0.0,4.079,0,0,0,4294967.295,3750001.408,0,71957,0,107.66107177734375,127.4852294921875,0.5969807505607605,0,state.PRE_FLIGHT,1087,-44,0,-45,0.0,4713,4713,"[10.6, 0.5, 17.0, 10.8, 16.5, 17.0, 0, 0]","[3.638, 3.639, 3.639]",0.187,"[2.9952, 3.3104, 5.0016, 7.3632, 8.4496, 27.8256]","[0.035625000000000004, 0.62, -0.00125, -0.000625, -0.006875, -0.00125]",0,0,29.5,"[1, 1, 1, 1, 1, 1]",79.36058588133686,0.0,0.0,0,0.0
1774904434.3093507,"[0, 0, 0, 0, 0, 0]","[1291, 1500, 1500, 1500]","[-25.08, 0.0, 0.0, 0.0]","[0.0, 0.0, 0.0]",0,4074.0849609375,0,32.2846280670166,"[0.0, -4.7302246086, -5.55419921784]","[0, 0, 0]",0,3,0.0,0.0,4.075,0,0,0,4294967.295,3750001.408,0,72017,0,107.65314483642578,127.49925994873047,0.5969807505607605,0,state.PRE_FLIGHT,1088,-44,0,-44,0.0,4713,4713,"[10.8, 0.5, 17.0, 10.6, 16.5, 15.9, 0, 0]","[3.638, 3.639, 3.639]",0.187,"[2.9952, 3.3136, 5.0016, 7.3616, 8.4656, 27.824]","[0.038125, 0.628125, -0.005, -0.000625, -0.00625, 0.000625]",0,0,29.5,"[1, 1, 1, 1, 1, 1]",79.36182806119501,0.0,0.0,0,0.0
1774904434.4284933,"[0, 0, 0, 0, 0, 0]","[1291, 1500, 1500, 1500]","[-25.08, 0.0, 0.0, 0.0]","[0.0, 0.0, 0.0]",0,4069.3154296875,0,32.267140274047854,"[0.0, -2.77709960892, -14.52636718512]","[0, 0, 0]",0,3,0.0,0.0,4.07,0,0,0,4294967.295,3750001.408,0,72131,0,107.4914779663086,127.44827270507812,0.5969807505607605,0,state.PRE_FLIGHT,1090,-49,0,-47,0.0,4713,4713,"[10.6, 0.5, 16.5, 10.6, 15.9, 16.5, 0, 0]","[3.638, 3.639, 3.639]",0.187,"[2.9952, 3.3120000000000003, 5.0048, 7.364800000000001, 8.4384, 27.8288]","[0.033125, 0.6125, -0.00125, 0.00625, -0.005, -0.003125]",0,0,29.5,"[1, 1, 1, 1, 1, 1]",79.46964738513796,0.0,0.0,0,0.0
1774904434.5501199,"[0, 0, 0, 0, 0, 0]","[1291, 1500, 1500, 1500]","[-25.08, 0.0, 0.0, 0.0]","[0.0, 0.0, 0.0]",0,4064.5458984375,0,32.30211585998535,"[0.0, 9.06372070164, 4.3029785149199995]","[0, 0, 0]",0,3,0.0,0.0,4.066,0,0,0,4294967.295,3750001.408,0,72251,0,107.60985565185547,127.40190887451172,0.5969807505607605,0,state.PRE_FLIGHT,1092,-49,0,-54,0.0,4713,4713,"[10.6, 0.5, 16.5, 10.6, 15.9, 16.5, 0, 0]","[3.638, 3.639, 3.639]",0.187,"[2.9968000000000004, 3.3104, 5.0032000000000005, 7.3696, 8.4496, 27.8272]","[0.036875, 0.248125, -0.00125, -0.0025, -0.003125, -0.0025]",0,0,29.5,"[1, 1, 1, 1, 1, 1]",79.41116788177071,0.0,0.0,0,0.0
1774904434.5966814,"[0, 0, 0, 0, 0, 0]","[1291, 1500, 1500, 1500]","[-25.08, 0.0, 0.0, 0.0]","[0.0, 0.0, 0.0]",0,4062.55908203125,0,32.289000015258786,"[0.0, -4.1198730462, 1.12915039044]","[0, 0, 0]",0,3,0.0,0.0,4.063,0,0,0,4294967.295,3750001.408,0,72305,0,107.43729400634766,127.60696411132812,0.5969807505607605,0,state.PRE_FLIGHT,1093,-42,0,-43,0.0,4713,4713,"[10.6, 0.5, 15.9, 10.4, 15.5, 15.9, 0, 0]","[3.638, 3.639, 3.639]",0.187,"[2.9952, 3.3104, 5.0032000000000005, 7.364800000000001, 8.432, 27.824]","[0.030625, 0.201875, -0.004375, -0.003125, -0.001875, -0.00375]",0,0,29.5,"[1, 1, 1, 1, 1, 1]",79.46325426366079,0.0,0.0,0,0.0
1774904434.658677,"[0, 0, 0, 0, 0, 0]","[1291, 1500, 1500, 1500]","[-25.08, 0.0, 0.0, 0.0]","[0.0, 0.0, 0.0]",0,4060.17626953125,0,32.289000015258786,"[0.0, 0.57983398428, -2.01416015592]","[0, 0, 0]",0,3,0.0,0.0,4.063,0,0,0,4294967.295,3750001.408,0,72365,0,107.2654800415039,127.5721664428711,0.5969807505607605,0,state.PRE_FLIGHT,1094,-41,0,-41,0.0,4713,4713,"[10.2, 0.5, 17.6, 10.6, 16.5, 16.5, 0, 0]","[3.638, 3.639, 3.639]",0.187,"[2.9952, 3.3104, 5.0032000000000005, 7.364800000000001, 8.432, 27.824]","[0.030625, 0.201875, -0.004375, -0.003125, -0.001875, -0.00375]",0,0,29.5,"[1, 1, 1, 1, 1, 1]",79.57335205981335,0.0,0.0,0,0.0
1774904434.7190356,"[0, 0, 0, 0, 0, 0]","[1291, 1500, 1500, 1500]","[-25.08, 0.0, 0.0, 0.0]","[0.0, 0.0, 0.0]",0,4057.7919921875,0,32.27588417053223,"[0.0, -1.19018554668, -2.96020507764]","[0, 0, 0]",0,3,0.0,0.0,4.059,0,0,0,4294967.295,3750001.408,0,72425,0,107.45101165771484,127.80956268310547,0.5969807505607605,0,state.PRE_FLIGHT,1095,-40,0,-40,0.0,4713,4713,"[10.2, 0.5, 16.5, 11.1, 15.5, 16.5, 0, 0]","[3.638, 3.639, 3.639]",0.187,"[2.9952, 3.3104, 5.0032000000000005, 7.364800000000001, 8.4368, 27.824]","[0.029375000000000002, 0.236875, -0.004375, -0.000625, -0.003125, 0.000625]",0,0,29.5,"[1, 1, 1, 1, 1, 1]",79.40623424366692,0.0,0.0,0,0.0
1774904434.7790499,"[0, 0, 0, 0, 0, 0]","[1291, 1500, 1500, 1500]","[-25.08, 0.0, 0.0, 0.0]","[0.0, 0.0, 0.0]",0,4055.4072265625,0,32.27588417053223,"[0.0, 2.5939941402, 14.73999023196]","[0, 0, 0]",0,3,0.0,0.0,4.055,0,0,0,4294967.295,3750001.408,0,72485,0,107.6667709350586,127.83397674560547,0.5969807505607605,0,state.PRE_FLIGHT,1096,-40,0,-40,0.0,4713,4713,"[10.4, 0.5, 16.5, 10.6, 15.5, 17.6, 0, 0]","[3.638, 3.639, 3.639]",0.187,"[2.9952, 3.3104, 5.0032000000000005, 7.364800000000001, 8.4368, 27.824]","[0.029375000000000002, 0.236875, -0.004375, -0.000625, -0.003125, 0.000625]",0,0,29.5,"[1, 1, 1, 1, 1, 1]",79.27195781115621,0.0,0.0,0,0.0
1774904434.8415692,"[0, 0, 0, 0, 0, 0]","[1291, 1500, 1500, 1500]","[-25.08, 0.0, 0.0, 0.0]","[0.0, 0.0, 0.0]",0,4053.4228515625,0,32.293371963500974,"[0.0, -6.92749023324, 3.57055664004]","[0, 0, 0]",0,3,0.0,0.0,4.055,0,0,0,4294967.295,3750001.408,0,72539,0,107.7751235961914,128.07192993164062,0.5969807505607605,0,state.PRE_FLIGHT,1097,-42,0,-41,0.0,4713,4713,"[10.4, 0.5, 15.9, 11.1, 16.5, 17.0, 0, 0]","[3.638, 3.639, 3.639]",0.187,"[2.9968000000000004, 3.3088, 5.0016, 7.368, 8.459200000000001, 27.8256]","[0.04125, 0.306875, -0.003125, -0.0025, 0.000625, -0.00125]",0,0,29.5,"[1, 1, 1, 1, 1, 1]",79.14920038465065,0.0,0.0,0,0.0
1774904434.9047563,"[0, 0, 0, 0, 0, 0]","[1291, 1500, 1500, 1500]","[-25.08, 0.0, 0.0, 0.0]","[0.0, 0.0, 0.0]",0,4051.04150390625,0,32.30648780822754,"[0.0, -5.70678710844, -3.69262695252]","[0, 0, 0]",0,3,0.0,0.0,4.051,0,0,0,4294967.295,3750001.408,0,72599,0,107.69607543945312,128.0599365234375,0.5969807505607605,0,state.PRE_FLIGHT,1098,-47,0,-44,0.0,4713,4713,"[10.4, 0.5, 17.0, 10.4, 15.5, 16.5, 0, 0]","[3.638, 3.639, 3.639]",0.187,"[2.9968000000000004, 3.3088, 5.0016, 7.368, 8.459200000000001, 27.8256]","[0.04125, 0.306875, -0.003125, -0.0025, 0.000625, -0.00125]",0,0,29.5,"[1, 1, 1, 1, 1, 1]",79.19939216710223,0.0,0.0,0,0.0
1774904434.9527516,"[0, 0, 0, 0, 0, 0]","[1291, 1500, 1500, 1500]","[-25.08, 0.0, 0.0, 0.0]","[0.0, 0.0, 0.0]",0,4048.658447265625,0,32.289000015258786,"[0.0, -1.00708007796, 2.25830078088]","[0, 0, 0]",0,3,0.0,0.0,4.051,0,0,0,4294967.295,3750001.408,0,72659,0,107.88539123535156,128.18563842773438,0.5969807505607605,0,state.PRE_FLIGHT,1099,-45,0,-53,0.0,4713,4713,"[10.4, 0.5, 17.6, 10.8, 16.5, 17.0, 0, 0]","[3.638, 3.639, 3.639]",0.187,"[2.9936000000000003, 3.3120000000000003, 5.0016, 7.3632, 8.4528, 27.8304]","[0.033125, 0.604375, -0.0025, -0.003125, -0.00625, 0.0025]",0,0,29.5,"[1, 1, 1, 1, 1, 1]",79.05530647568442,0.0,0.0,0,0.0
1774904435.013258,"[0, 0, 0, 0, 0, 0]","[1291, 1500, 1500, 1500]","[-25.08, 0.0, 0.0, 0.0]","[0.0, 0.0, 0.0]",0,4046.276611328125,0,32.29774391174316,"[0.0, -7.7209472643599995, -7.2326660144399995]","[0, 0, 0]",0,3,0.0,0.0,4.047,0,0,0,4294967.295,3750001.408,0,72719,0,107.67684173583984,128.43325805664062,0.5969807505607605,0,state.PRE_FLIGHT,1100,-38,0,-40,0.0,4713,4713,"[10.6, 0.5, 17.6, 10.6, 15.9, 17.0, 0, 0]","[3.638, 3.639, 3.639]",0.187,"[2.9936000000000003, 3.3120000000000003, 5.0016, 7.3632, 8.4528, 27.8304]","[0.033125, 0.604375, -0.0025, -0.003125, -0.00625, 0.0025]",0,0,29.5,"[1, 1, 1, 1, 1, 1]",79.12025054414156,0.0,0.0,0,0.0
1774904435.0744936,"[0, 0, 0, 0, 0, 0]","[1291, 1500, 1500, 1500]","[-25.08, 0.0, 0.0, 0.0]","[0.0, 0.0, 0.0]",0,4043.8955078125,0,32.30648780822754,"[0.0, 4.48608398364, -4.2724609368]","[0, 0, 0]",0,3,0.0,0.0,4.047,0,0,0,4294967.295,3750001.408,0,72773,0,107.93431854248047,128.48866271972656,0.5969807505607605,0,state.PRE_FLIGHT,1101,-37,0,-38,0.0,4713,4713,"[10.4, 0.5, 16.5, 10.8, 15.9, 16.5, 0, 0]","[3.638, 3.639, 3.639]",0.187,"[2.9936000000000003, 3.3120000000000003, 5.0032000000000005, 7.3584000000000005, 8.4288, 27.824]","[0.033125, 0.5493750000000001, -0.005, 0.0025, -0.004375, -0.003125]",0,0,29.5,"[1, 1, 1, 1, 1, 1]",78.95142814051316,0.0,0.0,0,0.0
1774904435.1340158,"[0, 0, 0, 0, 0, 0]","[1291, 1500, 1500, 1500]","[-25.08, 0.0, 0.0, 0.0]","[0.0, 0.0, 0.0]",0,4041.51416015625,0,32.310859756469725,"[0.0, 3.57055664004, 0.03051757812]","[0, 0, 0]",0,3,0.0,0.0,4.043,0,0,0,4294967.295,3750001.664,0,72833,0,108.33592224121094,128.54298400878906,0.5969807505607605,0,state.PRE_FLIGHT,1102,-37,0,-36,0.0,4713,4713,"[10.4, 0.5, 16.5, 10.8, 15.5, 17.6, 0, 0]","[3.638, 3.639, 3.639]",0.187,"[2.9936000000000003, 3.3120000000000003, 5.0032000000000005, 7.3584000000000005, 8.4288, 27.824]","[0.033125, 0.5493750000000001, -0.005, 0.0025, -0.004375, -0.003125]",0,0,29.5,"[1, 1, 1, 1, 1, 1]",78.6956811097523,0.0,0.0,0,0.0
1774904435.1955287,"[0, 0, 0, 0, 0, 0]","[1291, 1500, 1500, 1500]","[-25.08, 0.0, 0.0, 0.0]","[0.0, 0.0, 0.0]",0,4039.133544921875,0,32.32397560119629,"[0.0, -5.5236816397199995, 8.392333983]","[0, 0, 0]",0,3,0.0,0.0,4.039,0,0,0,4294967.295,3750001.664,0,72893,0,108.56267547607422,128.5308074951172,0.5969807505607605,0,state.PRE_FLIGHT,1103,-36,0,-38,0.0,4713,4713,"[10.4, 0.5, 17.6, 10.6, 15.9, 16.5, 0, 0]","[3.638, 3.639, 3.639]",0.187,"[2.9952, 3.3136, 5.0048, 7.364800000000001, 8.456000000000001, 27.8288]","[0.03125, 0.23500000000000001, -0.0025, -0.000625, -0.000625, -0.000625]",0,0,29.5,"[1, 1, 1, 1, 1, 1]",78.56206181919794,0.0,0.0,0,0.0
1774904435.25533,"[0, 0, 0, 0, 0, 0]","[1291, 1500, 1500, 1500]","[-25.08, 0.0, 0.0, 0.0]","[0.0, 0.0, 0.0]",0,4036.754150390625,0,32.310859756469725,"[0.0, -2.77709960892, -10.40649413892]","[0, 0, 0]",0,3,0.0,0.0,4.039,0,0,0,4294967.295,3750001.664,0,72953,0,108.4539794921875,128.6071014404297,0.5969807505607605,0,state.PRE_FLIGHT,1104,-34,0,-35,0.0,4713,4713,"[11.1, 0.5, 15.9, 10.6, 15.9, 16.5, 0, 0]","[3.638, 3.639, 3.639]",0.187,"[2.9952, 3.3136, 5.0048, 7.364800000000001, 8.456000000000001, 27.8288]","[0.03125, 0.23500000000000001, -0.0025, -0.000625, -0.000625, -0.000625]",0,0,29.5,"[1, 1, 1, 1, 1, 1]",78.60830275185955,0.0,0.0,0,0.0
1774904435.299874,"[0, 0, 0, 0, 0, 0]","[1291, 1500, 1500, 1500]","[-25.08, 0.0, 0.0, 0.0]","[0.0, 0.0, 0.0]",0,4034.770751953125,0,32.328347549438476,"[0.0, -3.38745117132, 15.8691406224]","[0, 0, 0]",0,3,0.0,0.0,4.035,0,0,0,4294967.295,3750001.664,0,73007,0,108.8386001586914,128.32115173339844,0.5969807505607605,0,state.PRE_FLIGHT,1105,-34,0,-33,0.0,4713,4713,"[10.4, 0.5, 15.9, 10.6, 17.0, 17.6, 0, 0]","[3.638, 3.639, 3.639]",0.187,"[2.9968000000000004, 3.3104, 5.0032000000000005, 7.3664000000000005, 8.4368, 27.8272]","[0.035, 0.181875, -0.003125, -0.004375, -0.001875, -0.00375]",0,0,29.5,"[1, 1, 1, 1, 1, 1]",78.45004234863315,0.0,0.0,0,0.0
1774904435.3598669,"[0, 0, 0, 0, 0, 0]","[1291, 1500, 1500, 1500]","[-25.08, 0.0, 0.0, 0.0]","[0.0, 0.0, 0.0]",0,4032.3896484375,0,32.3196036529541,"[0.0, -6.31713867084, -7.81249999872]","[0, 0, 0]",0,3,0.0,0.0,4.035,0,0,0,4294967.295,3750001.664,0,73067,0,108.84713745117188,128.69711303710938,0.5969807505607605,0,state.PRE_FLIGHT,1106,-34,0,-34,0.0,4713,4713,"[10.8, 0.5, 16.5, 10.4, 16.5, 17.0, 0, 0]","[3.638, 3.639, 3.639]",0.187,"[2.9968000000000004, 3.3120000000000003, 5.0016, 7.3664000000000005, 8.4528, 27.8288]","[0.031875, 0.226875, -0.004375, 0.0, 0.000625, 0.000625]",0,0,29.5,"[1, 1, 1, 1, 1, 1]",78.34790865167133,0.0,0.0,0,0.0
1774904435.4214213,"[0, 0, 0, 0, 0, 0]","[1291, 1500, 1500, 1500]","[-25.08, 0.0, 0.0, 0.0]","[0.0, 0.0, 0.0]",0,4030.009765625,0,32.3196036529541,"[0.0, 5.70678710844, -1.28173828104]","[0, 0, 0]",0,3,0.0,0.0,4.031,0,0,0,4294967.295,3750001.664,0,73127,0,108.82977294921875,128.68548583984375,0.5969807505607605,0,state.PRE_FLIGHT,1107,-32,0,-32,0.0,4713,4713,"[10.4, 0.5, 17.6, 10.8, 16.5, 17.0, 0, 0]","[3.638, 3.639, 3.639]",0.187,"[2.9968000000000004, 3.3120000000000003, 5.0016, 7.3664000000000005, 8.4528, 27.8288]","[0.031875, 0.226875, -0.004375, 0.0, 0.000625, 0.000625]",0,0,29.5,"[1, 1, 1, 1, 1, 1]",78.36139008522512,0.0,0.0,0,0.0
1774904435.4819405,"[0, 0, 0, 0, 0, 0]","[1291, 1500, 1500, 1500]","[-25.08, 0.0, 0.0, 0.0]","[0.0, 0.0, 0.0]",0,4027.63037109375,0,32.293371963500974,"[0.0, 2.71606445268, -9.3078613266]","[0, 0, 0]",0,3,0.0,0.0,4.027,0,0,0,4294967.295,3750001.664,0,73187,0,108.62252807617188,128.83383178710938,0.5969807505607605,0,state.PRE_FLIGHT,1108,-32,0,-32,0.0,4713,4713,"[10.4, 0.5, 15.9, 10.6, 16.5, 17.0, 0, 0]","[13.482, 13.838, 13.838]",-23.556,"[2.9968000000000004, 3.3104, 5.0032000000000005, 7.36, 8.4304, 27.8272]","[0.034375, 0.251875, -0.00875, -0.003125, 0.0, -0.004375]",0,0,0.0,"[1, 1, 1, 1, 1, 1]",78.4489169421974,0.0,0.0,0,0.0
1774904435.5424657,"[0, 0, 0, 0, 0, 0]","[1291, 1500, 1500, 1500]","[-25.08, 0.0, 0.0, 0.0]","[0.0, 0.0, 0.0]",0,4025.2529296875,0,32.31523170471191,"[0.0, 6.68334960828, 4.6691894523599995]","[0, 0, 0]",0,3,0.0,0.0,4.027,0,0,0,4294967.295,3750001.664,0,73241,0,108.59843444824219,128.75413513183594,0.5969807505607605,0,state.PRE_FLIGHT,1109,-34,0,-33,0.0,4713,4713,"[10.6, 0.5, 16.5, 10.6, 15.9, 15.9, 0, 0]","[13.482, 13.838, 13.838]",-23.556,"[2.9968000000000004, 3.3104, 5.0032000000000005, 7.36, 8.4304, 27.8272]","[0.034375, 0.251875, -0.00875, -0.003125, 0.0, -0.004375]",0,0,0.0,"[1, 1, 1, 1, 1, 1]",78.48374936029157,0.0,0.0,0,0.0
1774904435.6020126,"[0, 0, 0, 0, 0, 0]","[1291, 1500, 1500, 1500]","[-25.08, 0.0, 0.0, 0.0]","[0.0, 0.0, 0.0]",0,4022.875,0,32.33709144592285,"[0.0, 3.26538085884, 0.57983398428]","[0, 0, 0]",0,3,0.0,0.0,4.023,0,0,0,4294967.295,3750001.664,0,73301,0,108.51786041259766,128.83531188964844,0.5969807505607605,0,state.PRE_FLIGHT,1110,-40,0,-37,0.0,4713,4713,"[10.4, 0.5, 15.9, 10.4, 15.0, 17.0, 0, 0]","[13.482, 13.838, 13.838]",-23.556,"[2.9968000000000004, 3.3120000000000003, 5.0048, 7.364800000000001, 8.456000000000001, 27.8256]","[0.034375, 0.26937500000000003, -0.005, -0.00125, 0.000625, -0.0025]",0,0,0.0,"[1, 1, 1, 1, 1, 1]",78.51203829490241,0.0,0.0,0,0.0
1774904435.6630068,"[0, 0, 0, 0, 0, 0]","[1291, 1500, 1500, 1500]","[-25.08, 0.0, 0.0, 0.0]","[0.0, 0.0, 0.0]",0,4020.49560546875,0,32.31523170471191,"[0.0, -6.92749023324, 7.4768066393999995]","[0, 0, 0]",0,3,0.0,0.0,4.023,0,0,0,4294967.295,3750001.664,0,73361,0,108.5846939086914,129.14659118652344,0.5969807505607605,0,state.PRE_FLIGHT,1111,-38,0,-40,0.0,4713,4713,"[10.8, 0.5, 17.0, 10.4, 17.0, 17.0, 0, 0]","[13.482, 13.838, 13.838]",-23.556,"[2.9968000000000004, 3.3120000000000003, 5.0048, 7.364800000000001, 8.456000000000001, 27.8256]","[0.034375, 0.26937500000000003, -0.005, -0.00125, 0.000625, -0.0025]",0,0,0.0,"[1, 1, 1, 1, 1, 1]",78.392784109922,0.0,0.0,0,0.0
1774904435.722376,"[0, 0, 0, 0, 0, 0]","[1291, 1500, 1500, 1500]","[-25.08, 0.0, 0.0, 0.0]","[0.0, 0.0, 0.0]",0,4018.11865234375,0,32.3196036529541,"[0.0, 3.26538085884, 5.61523437408]","[0, 0, 0]",0,3,0.0,0.0,4.019,0,0,0,4294967.295,3750001.664,0,73421,0,108.84867095947266,129.01113891601562,0.5969807505607605,0,state.PRE_FLIGHT,1112,-34,0,-35,0.0,4713,4713,"[10.6, 0.5, 17.6, 10.6, 15.5, 16.5, 0, 0]","[13.482, 13.838, 13.838]",-23.556,"[2.9968000000000004, 3.3104, 5.0048, 7.368, 8.464, 27.8256]","[0.03125, 0.618125, -0.0025, -0.0025, -0.0075, 0.005]",0,0,0.0,"[1, 1, 1, 1, 1, 1]",78.26630239588748,0.0,0.0,0,0.0
1774904435.7683926,"[0, 0, 0, 0, 0, 0]","[1291, 1500, 1500, 1500]","[-25.08, 0.0, 0.0, 0.0]","[0.0, 0.0, 0.0]",0,4016.13916015625,0,32.332719497680664,"[0.0, -2.16674804652, 10.46752929516]","[0, 0, 0]",0,3,0.0,0.0,4.019,0,0,0,4294967.295,3750001.664,0,73475,0,109.08843994140625,128.998291015625,0.5969807505607605,0,state.PRE_FLIGHT,1113,-33,0,-32,0.0,4713,4713,"[10.4, 0.5, 16.5, 10.4, 15.5, 16.5, 0, 0]","[13.482, 13.838, 13.838]",-23.556,"[2.9968000000000004, 3.3104, 5.0048, 7.368, 8.464, 27.8256]","[0.03125, 0.618125, -0.0025, -0.0025, -0.0075, 0.005]",0,0,0.0,"[1, 1, 1, 1, 1, 1]",78.12382210118395,0.0,0.0,0,0.0
1774904435.8279157,"[0, 0, 0, 0, 0, 0]","[1291, 1500, 1500, 1500]","[-25.08, 0.0, 0.0, 0.0]","[0.0, 0.0, 0.0]",0,4013.761962890625,0,32.34583534240723,"[0.0, 0.39672851556, -7.44628906128]","[0, 0, 0]",0,3,0.0,0.0,4.015,0,0,0,4294967.295,3750001.664,0,73535,0,108.91632080078125,129.1478271484375,0.5969807505607605,0,state.PRE_FLIGHT,1114,-34,0,-33,0.0,4713,4713,"[10.4, 0.5, 16.5, 10.4, 15.5, 17.0, 0, 0]","[13.482, 13.838, 13.838]",-23.556,"[2.9968000000000004, 3.3120000000000003, 5.0048, 7.3632, 8.440000000000001, 27.8256]","[0.035625000000000004, 0.603125, 0.0025, 0.000625, -0.00125, 0.00125]",0,0,0.0,"[1, 1, 1, 1, 1, 1]",78.1900071783404,0.0,0.0,0,0.0
1774904435.888433,"[0, 0, 0, 0, 0, 0]","[1291, 1500, 1500, 1500]","[-25.08, 0.0, 0.0, 0.0]","[0.0, 0.0, 0.0]",0,4011.384765625,0,32.33709144592285,"[0.0, 4.1198730462, 2.80761718704]","[0, 0, 0]",0,3,0.0,0.0,4.011,0,0,0,4294967.295,3750001.664,0,73595,0,109.02406311035156,129.19239807128906,0.5969807505607605,0,state.PRE_FLIGHT,1115,-34,0,-34,0.0,4713,4713,"[10.4, 0.5, 15.9, 10.8, 15.0, 17.0, 0, 0]","[13.482, 13.838, 13.838]",-23.556,"[2.9968000000000004, 3.3120000000000003, 5.0048, 7.3632, 8.440000000000001, 27.8256]","[0.035625000000000004, 0.603125, 0.0025, 0.000625, -0.00125, 0.00125]",0,0,0.0,"[1, 1, 1, 1, 1, 1]",78.11277203821079,0.0,0.0,0,0.0
1774904435.94944,"[0, 0, 0, 0, 0, 0]","[1291, 1500, 1500, 1500]","[-25.08, 0.0, 0.0, 0.0]","[0.0, 0.0, 0.0]",0,4009.009033203125,0,32.328347549438476,"[0.0, -1.80053710908, -4.45556640552]","[0, 0, 0]",0,3,0.0,0.0,4.011,0,0,0,4294967.295,3750001.664,0,73655,0,109.01429748535156,129.2716827392578,0.5969807505607605,0,state.PRE_FLIGHT,1116,-33,0,-33,0.0,4713,4713,"[10.4, 0.5, 18.2, 10.4, 15.5, 16.5, 0, 0]","[13.482, 13.838, 13.838]",-23.556,"[2.9936000000000003, 3.3120000000000003, 5.0016, 7.36, 8.4528, 27.8288]","[0.028125, 0.22125, -0.00375, -0.004375, -0.0025, 0.001875]",0,0,0.0,"[1, 1, 1, 1, 1, 1]",78.09828662583695,0.0,0.0,0,0.0
1774904436.0089886,"[0, 0, 0, 0, 0, 0]","[1291, 1500, 1500, 1500]","[-25.08, 0.0, 0.0, 0.0]","[0.0, 0.0, 0.0]",0,4007.029296875,0,32.34146339416504,"[0.0, -0.03051757812, 10.46752929516]","[0, 0, 0]",0,3,0.0,0.0,4.007,0,0,0,4294967.295,3750001.664,0,73709,0,109.09822082519531,129.4134979248047,0.5969807505607605,0,state.PRE_FLIGHT,1117,-33,0,-34,0.0,4713,4713,"[11.1, 0.5, 15.9, 10.6, 15.0, 16.5, 0, 0]","[13.482, 13.838, 13.838]",-23.556,"[2.9936000000000003, 3.3120000000000003, 5.0016, 7.36, 8.4528, 27.8288]","[0.028125, 0.22125, -0.00375, -0.004375, -0.0025, 0.001875]",0,0,0.0,"[1, 1, 1, 1, 1, 1]",78.01028420408028,0.0,0.0,0,0.0
1774904436.070514,"[0, 0, 0, 0, 0, 0]","[1291, 1500, 1500, 1500]","[-25.08, 0.0, 0.0, 0.0]","[0.0, 0.0, 0.0]",0,4004.65380859375,0,32.34583534240723,"[0.0, -4.3029785149199995, 4.3029785149199995]","[0, 0, 0]",0,3,0.0,0.0,4.007,0,0,0,4294967.295,3750001.664,0,73769,0,109.38084411621094,129.57461547851562,0.5969807505607605,0,state.PRE_FLIGHT,1118,-34,0,-33,0.0,4713,4713,"[10.6, 0.5, 15.5, 10.4, 15.5, 15.9, 0, 0]","[13.482, 13.838, 13.838]",-23.556,"[2.9968000000000004, 3.3136, 5.0048, 7.368, 8.4464, 27.8256]","[0.035625000000000004, 0.24125, -0.001875, -0.003125, -0.004375, -0.000625]",0,0,0.0,"[1, 1, 1, 1, 1, 1]",77.79482088482438,0.0,0.0,0,0.0
1774904436.1300454,"[0, 0, 0, 0, 0, 0]","[1291, 1500, 1500, 1500]","[-25.08, 0.0, 0.0, 0.0]","[0.0, 0.0, 0.0]",0,4002.278076171875,0,32.32397560119629,"[0.0, -0.39672851556, 1.525878906]","[0, 0, 0]",0,3,0.0,0.0,4.003,0,0,0,4294967.295,3750001.664,0,73829,0,109.34656524658203,129.79522705078125,0.5969807505607605,0,state.PRE_FLIGHT,1119,-33,0,-32,0.0,4713,4713,"[10.6, 0.5, 16.5, 10.4, 15.5, 17.0, 0, 0]","[13.482, 13.838, 13.838]",-23.556,"[2.9968000000000004, 3.3104, 5.0016, 7.3696, 8.4608, 27.8288]","[0.029375000000000002, 0.24875, -0.00125, -0.0025, -0.000625, 0.000625]",0,0,0.0,"[1, 1, 1, 1, 1, 1]",77.75835386070186,0.0,0.0,0,0.0
1774904436.1915872,"[0, 0, 0, 0, 0, 0]","[1291, 1500, 1500, 1500]","[-25.08, 0.0, 0.0, 0.0]","[0.0, 0.0, 0.0]",0,3999.90234375,0,32.34583534240723,"[0.0, -2.41088867148, -2.01416015592]","[0, 0, 0]",0,3,0.0,0.0,3.999,0,0,0,4294967.295,3750001.664,0,73889,0,109.05227661132812,129.88864135742188,0.5969807505607605,0,state.PRE_FLIGHT,1120,-35,0,-33,0.0,4713,4713,"[10.4, 0.5, 16.5, 10.4, 15.9, 17.0, 0, 0]","[13.482, 13.838, 13.838]",-23.556,"[2.9968000000000004, 3.3104, 5.0016, 7.3696, 8.4608, 27.8288]","[0.029375000000000002, 0.24875, -0.00125, -0.0025, -0.000625, 0.000625]",0,0,0.0,"[1, 1, 1, 1, 1, 1]",77.91636903490217,0.0,0.0,0,0.0
1774904436.2369998,"[0, 0, 0, 0, 0, 0]","[1291, 1500, 1500, 1500]","[-25.08, 0.0, 0.0, 0.0]","[0.0, 0.0, 0.0]",0,3997.528564453125,0,32.35895118713379,"[0.0, -8.88061523292, 3.75366210876]","[0, 0, 0]",0,3,0.0,0.0,3.999,0,0,0,4294967.295,3750001.664,0,73943,0,109.22809600830078,130.00587463378906,0.5969807505607605,0,state.PRE_FLIGHT,1121,-32,0,-32,0.0,4713,4713,"[10.6, 0.5, 15.9, 10.8, 16.5, 16.5, 0, 0]","[13.482, 13.838, 13.838]",-23.556,"[2.9952, 3.3136, 5.0032000000000005, 7.3616, 8.4496, 27.8256]","[0.039375, 0.259375, -0.0025, -0.004375, -0.00375, -0.0025]",0,0,0.0,"[1, 1, 1, 1, 1, 1]",77.77713035704616,0.0,0.0,0,0.0
1774904436.2971659,"[0, 0, 0, 0, 0, 0]","[1291, 1500, 1500, 1500]","[-25.08, 0.0, 0.0, 0.0]","[0.0, 0.0, 0.0]",0,3995.15478515625,0,32.36332313537598,"[0.0, 4.3029785149199995, 3.75366210876]","[0, 0, 0]",0,3,0.0,0.0,3.995,0,0,0,4294967.295,3750001.664,0,74003,0,109.12863159179688,129.97654724121094,0.5969807505607605,0,state.PRE_FLIGHT,1122,-32,0,-32,0.0,4713,4713,"[10.4, 0.5, 17.0, 10.8, 15.9, 18.2, 0, 0]","[13.482, 13.838, 13.838]",-23.556,"[2.9952, 3.3136, 5.0032000000000005, 7.3616, 8.4496, 27.8256]","[0.039375, 0.259375, -0.0025, -0.004375, -0.00375, -0.0025]",0,0,0.0,"[1, 1, 1, 1, 1, 1]",77.84644924634588,0.0,0.0,0,0.0
1774904436.3591688,"[0, 0, 0, 0, 0, 0]","[1291, 1500, 1500, 1500]","[-25.08, 0.0, 0.0, 0.0]","[0.0, 0.0, 0.0]",0,3992.781005859375,0,32.38081092834473,"[0.0, -0.21362304684, -2.96020507764]","[0, 0, 0]",0,3,0.0,0.0,3.995,0,0,0,4294967.295,3750001.664,0,74063,0,109.03707885742188,129.92222595214844,0.5969807505607605,0,state.PRE_FLIGHT,1123,-33,0,-31,0.0,4713,4713,"[10.4, 0.5, 16.5, 10.4, 15.9, 16.5, 0, 0]","[13.482, 13.838, 13.838]",-23.556,"[2.9968000000000004, 3.3120000000000003, 5.0032000000000005, 7.3632, 8.432, 27.8288]","[0.036875, 0.598125, -0.005, 0.000625, -0.006875, -0.000625]",0,0,0.0,"[1, 1, 1, 1, 1, 1]",77.91719685118031,0.0,0.0,0,0.0
1774904436.421298,"[0, 0, 0, 0, 0, 0]","[1291, 1500, 1500, 1500]","[-25.08, 0.0, 0.0, 0.0]","[0.0, 0.0, 0.0]",0,3990.4072265625,0,32.372067031860354,"[0.0, 5.340576171, 8.02612304556]","[0, 0, 0]",0,3,0.0,0.0,3.991,0,0,0,4294967.295,3750001.664,0,74123,0,109.2354507446289,129.85997009277344,0.5969807505607605,0,state.PRE_FLIGHT,1124,-37,0,-38,0.0,4713,4713,"[10.4, 0.5, 17.0, 10.4, 15.0, 16.5, 0, 0]","[13.482, 13.838, 13.838]",-23.556,"[2.9968000000000004, 3.3120000000000003, 5.0032000000000005, 7.3632, 8.432, 27.8288]","[0.036875, 0.598125, -0.005, 0.000625, -0.006875, -0.000625]",0,0,0.0,"[1, 1, 1, 1, 1, 1]",77.81027404962843,0.0,0.0,0,0.0
1774904436.4813213,"[0, 0, 0, 0, 0, 0]","[1291, 1500, 1500, 1500]","[-25.08, 0.0, 0.0, 0.0]","[0.0, 0.0, 0.0]",0,3988.428955078125,0,32.3545792388916,"[0.0, -1.80053710908, -10.77270507636]","[0, 0, 0]",0,3,0.0,0.0,3.991,0,0,0,4294967.295,3750001.664,0,74177,0,109.12364196777344,129.8357391357422,0.5969807505607605,0,state.PRE_FLIGHT,1125,-33,0,-35,0.0,4713,4713,"[10.4, 0.5, 16.5, 10.6, 15.9, 15.9, 0, 0]","[13.482, 13.838, 13.838]",-23.556,"[2.9936000000000003, 3.3120000000000003, 5.0032000000000005, 7.368, 8.464, 27.8256]","[0.035625000000000004, 0.59875, -0.001875, 0.00125, -0.00625, 0.00125]",0,0,0.0,"[1, 1, 1, 1, 1, 1]",77.88574184704537,0.0,0.0,0,0.0
1774904436.5419397,"[0, 0, 0, 0, 0, 0]","[1291, 1500, 1500, 1500]","[-25.08, 0.0, 0.0, 0.0]","[0.0, 0.0, 0.0]",0,3986.056640625,0,32.3545792388916,"[0.0, 6.5002441395599995, -1.28173828104]","[0, 0, 0]",0,3,0.0,0.0,3.988,0,0,0,4294967.295,3750001.664,0,74237,0,109.10073852539062,129.7972869873047,0.5969807505607605,0,state.PRE_FLIGHT,1126,-32,0,-33,0.0,4713,4713,"[10.4, 0.5, 16.5, 10.4, 16.5, 18.2, 0, 0]","[13.482, 13.838, 13.838]",-23.556,"[2.9936000000000003, 3.3120000000000003, 5.0032000000000005, 7.368, 8.464, 27.8256]","[0.035625000000000004, 0.59875, -0.001875, 0.00125, -0.00625, 0.00125]",0,0,0.0,"[1, 1, 1, 1, 1, 1]",77.909804367978,0.0,0.0,0,0.0
1774904436.601732,"[0, 0, 0, 0, 0, 0]","[1291, 1500, 1500, 1500]","[-25.08, 0.0, 0.0, 0.0]","[0.0, 0.0, 0.0]",0,3983.684814453125,0,32.36332313537598,"[0.0, -1.00708007796, 7.29370117068]","[0, 0, 0]",0,3,0.0,0.0,3.984,0,0,0,4294967.295,3750001.664,0,74297,0,109.10590362548828,129.8619842529297,0.5969807505607605,0,state.PRE_FLIGHT,1127,-32,0,-32,0.0,4713,4713,"[10.6, 0.5, 15.9, 10.4, 15.5, 16.5, 0, 0]","[13.482, 13.838, 13.838]",-23.556,"[2.9952, 3.3104, 5.0048, 7.3664000000000005, 8.4448, 27.824]","[0.02875, 0.603125, -0.00125, -0.004375, -0.00625, -0.000625]",0,0,0.0,"[1, 1, 1, 1, 1, 1]",77.88997742384934,0.0,0.0,0,0.0
1774904436.6493025,"[0, 0, 0, 0, 0, 0]","[1291, 1500, 1500, 1500]","[-25.08, 0.0, 0.0, 0.0]","[0.0, 0.0, 0.0]",0,3981.312744140625,0,32.35895118713379,"[0.0, -8.33129882676, -5.7678222646799995]","[0, 0, 0]",0,3,0.0,0.0,3.984,0,0,0,4294967.295,3750001.664,0,74357,0,109.35489654541016,130.2105255126953,0.5969807505607605,0,state.PRE_FLIGHT,1128,-33,0,-32,0.0,4713,4713,"[10.8, 0.5, 17.0, 10.6, 15.9, 16.5, 0, 0]","[13.482, 13.838, 13.838]",-23.556,"[2.9952, 3.3104, 5.0048, 7.3664000000000005, 8.4448, 27.824]","[0.02875, 0.603125, -0.00125, -0.004375, -0.00625, -0.000625]",0,0,0.0,"[1, 1, 1, 1, 1, 1]",77.645296420539,0.0,0.0,0,0.0
1774904436.709551,"[0, 0, 0, 0, 0, 0]","[1291, 1500, 1500, 1500]","[-25.08, 0.0, 0.0, 0.0]","[0.0, 0.0, 0.0]",0,3978.94091796875,0,32.372067031860354,"[0.0, -3.99780273372, -11.71874999808]","[0, 0, 0]",0,3,0.0,0.0,3.979,0,0,0,4294967.295,3750001.664,0,74411,0,109.61680603027344,130.17120361328125,0.5969807505607605,0,state.PRE_FLIGHT,1129,-32,0,-32,0.0,4713,4713,"[10.2, 0.5, 17.0, 10.8, 15.5, 17.0, 0, 0]","[13.482, 13.838, 13.838]",-23.556,"[2.9936000000000003, 3.3120000000000003, 5.0048, 7.3616, 8.4608, 27.824]","[0.03, 0.24875, 0.00125, 0.0025, -0.001875, -0.003125]",0,0,0.0,"[1, 1, 1, 1, 1, 1]",77.4923928044972,0.0,0.0,0,0.0
1774904436.7699876,"[0, 0, 0, 0, 0, 0]","[1291, 1500, 1500, 1500]","[-25.08, 0.0, 0.0, 0.0]","[0.0, 0.0, 0.0]",0,3976.56884765625,0,32.37643898010254,"[0.0, -7.7209472643599995, -18.43261718448]","[0, 0, 0]",0,3,0.0,0.0,3.979,0,0,0,4294967.295,3750001.664,0,74471,0,109.27526092529297,130.3347930908203,0.5969807505607605,0,state.PRE_FLIGHT,1130,-32,0,-32,0.0,4713,4713,"[10.4, 0.5, 16.5, 10.8, 15.5, 15.9, 0, 0]","[13.482, 13.838, 13.838]",-23.556,"[2.9936000000000003, 3.3120000000000003, 5.0048, 7.3616, 8.4608, 27.824]","[0.03, 0.24875, 0.00125, 0.0025, -0.001875, -0.003125]",0,0,0.0,"[1, 1, 1, 1, 1, 1]",77.6629243423177,0.0,0.0,0,0.0
1774904436.830525,"[0, 0, 0, 0, 0, 0]","[1291, 1500, 1500, 1500]","[-25.08, 0.0, 0.0, 0.0]","[0.0, 0.0, 0.0]",0,3974.198486328125,0,32.35895118713379,"[0.0, 4.9133300773199995, 14.55688476324]","[0, 0, 0]",0,3,0.0,0.0,3.975,0,0,0,4294967.295,3750001.664,0,74531,0,109.44798278808594,130.46478271484375,0.5969807505607605,0,state.PRE_FLIGHT,1131,-32,0,-32,0.0,4713,4713,"[10.6, 0.5, 16.5, 10.6, 17.0, 17.0, 0, 0]","[13.482, 13.838, 13.838]",-23.556,"[2.9968000000000004, 3.3120000000000003, 5.0048, 7.3664000000000005, 8.4688, 27.8272]","[0.03375, 0.25, -0.0025, 0.0, -0.001875, -0.005625]",0,0,0.0,"[1, 1, 1, 1, 1, 1]",77.521181842332,0.0,0.0,0,0.0
1774904436.8910556,"[0, 0, 0, 0, 0, 0]","[1291, 1500, 1500, 1500]","[-25.08, 0.0, 0.0, 0.0]","[0.0, 0.0, 0.0]",0,3971.828125,0,32.372067031860354,"[0.0, 4.7302246086, 16.784667966]","[0, 0, 0]",0,3,0.0,0.0,3.971,0,0,0,4294967.295,3750001.664,0,74591,0,109.79374694824219,130.4617462158203,0.5969807505607605,0,state.PRE_FLIGHT,1132,-32,0,-32,0.0,4713,4713,"[10.4, 0.5, 16.5, 10.6, 15.0, 17.0, 0, 0]","[13.482, 13.838, 13.838]",-23.556,"[2.9952, 3.3120000000000003, 5.0032000000000005, 7.3712, 8.443200000000001, 27.8288]","[0.036875, 0.21937500000000001, 0.000625, -0.0025, -0.0025, -0.00375]",0,0,0.0,"[1, 1, 1, 1, 1, 1]",77.30541408582327,0.0,0.0,0,0.0
1774904436.9370635,"[0, 0, 0, 0, 0, 0]","[1291, 1500, 1500, 1500]","[-25.08, 0.0, 0.0, 0.0]","[0.0, 0.0, 0.0]",0,3969.85302734375,0,32.38518287658692,"[0.0, -1.9836425778, -2.96020507764]","[0, 0, 0]",0,3,0.0,0.0,3.971,0,0,0,4294967.295,3750001.664,0,74645,0,109.72626495361328,130.6354217529297,0.5969807505607605,0,state.PRE_FLIGHT,1133,-31,0,-31,0.0,4713,4713,"[10.4, 0.5, 15.9, 10.6, 16.5, 15.9, 0, 0]","[13.482, 13.838, 13.838]",-23.556,"[2.9952, 3.3120000000000003, 5.0032000000000005, 7.3712, 8.443200000000001, 27.8288]","[0.036875, 0.21937500000000001, 0.000625, -0.0025, -0.0025, -0.00375]",0,0,0.0,"[1, 1, 1, 1, 1, 1]",77.30200102244775,0.0,0.0,0,0.0
1774904436.9976122,"[0, 0, 0, 0, 0, 0]","[1291, 1500, 1500, 1500]","[-25.08, 0.0, 0.0, 0.0]","[0.0, 0.0, 0.0]",0,3967.48291015625,0,32.36332313537598,"[0.0, -0.82397460924, 0.03051757812]","[0, 0, 0]",0,3,0.0,0.0,3.968,0,0,0,4294967.295,3750001.664,0,74705,0,109.64784240722656,130.76486206054688,0.5969807505607605,0,state.PRE_FLIGHT,1134,-30,0,-30,0.0,4713,4713,"[10.4, 0.5, 15.9, 10.6, 15.5, 17.0, 0, 0]","[13.482, 13.838, 13.838]",-23.556,"[2.9952, 3.3104, 5.0016, 7.3664000000000005, 8.4352, 27.8288]","[0.034375, 0.25, -0.00125, -0.00125, -0.004375, -0.000625]",0,0,0.0,"[1, 1, 1, 1, 1, 1]",77.31746970338286,0.0,0.0,0,0.0
1774904437.0591483,"[0, 0, 0, 0, 0, 0]","[1291, 1500, 1500, 1500]","[-25.08, 0.0, 0.0, 0.0]","[0.0, 0.0, 0.0]",0,3965.11279296875,0,32.34146339416504,"[0.0, 4.1198730462, -8.72802734232]","[0, 0, 0]",0,3,0.0,0.0,3.968,0,0,0,4294967.295,3750001.664,0,74765,0,109.859619140625,130.88449096679688,0.5969807505607605,0,state.PRE_FLIGHT,1135,-30,0,-30,0.0,4713,4713,"[10.6, 0.5, 16.5, 10.8, 15.9, 16.5, 0, 0]","[13.482, 13.838, 13.838]",-23.556,"[2.9952, 3.3104, 5.0016, 7.3664000000000005, 8.4352, 27.8288]","[0.034375, 0.25, -0.00125, -0.00125, -0.004375, -0.000625]",0,0,0.0,"[1, 1, 1, 1, 1, 1]",77.15249584827332,0.0,0.0,0,0.0
1774904437.1226723,"[0, 0, 0, 0, 0, 0]","[1291, 1500, 1500, 1500]","[-25.08, 0.0, 0.0, 0.0]","[0.0, 0.0, 0.0]",0,3962.743896484375,0,32.37643898010254,"[0.0, 11.19995117004, 10.65063476388]","[0, 0, 0]",0,3,0.0,0.0,3.964,0,0,0,4294967.295,3750001.664,0,74825,0,110.23896789550781,130.8112335205078,0.5969807505607605,0,state.PRE_FLIGHT,1136,-30,0,-30,0.0,4713,4713,"[10.6, 0.5, 15.9, 10.4, 15.9, 16.5, 0, 0]","[13.482, 13.838, 13.838]",-23.556,"[2.9968000000000004, 3.3104, 5.0032000000000005, 7.3616, 8.448, 27.8256]","[0.033125, 0.601875, -0.000625, -0.000625, -0.001875, -0.00125]",0,0,0.0,"[1, 1, 1, 1, 1, 1]",76.93282274208016,0.0,0.0,0,0.0
1774904437.1716774,"[0, 0, 0, 0, 0, 0]","[1291, 1500, 1500, 1500]","[-25.08, 0.0, 0.0, 0.0]","[0.0, 0.0, 0.0]",0,3960.770263671875,0,32.37643898010254,"[0.0, -1.61743164036, -6.31713867084]","[0, 0, 0]",0,3,0.0,0.0,3.964,0,0,0,4294967.295,3750001.664,0,74879,0,110.09013366699219,130.77931213378906,0.5969807505607605,0,state.PRE_FLIGHT,1137,-32,0,-30,0.0,4713,4713,"[10.6, 0.5, 16.5, 10.4, 15.5, 18.2, 0, 0]","[13.482, 13.838, 13.838]",-23.556,"[2.9968000000000004, 3.3104, 5.0032000000000005, 7.3616, 8.448, 27.8256]","[0.033125, 0.601875, -0.000625, -0.000625, -0.001875, -0.00125]",0,0,0.0,"[1, 1, 1, 1, 1, 1]",77.0350617565205,0.0,0.0,0,0.0
1774904437.232453,"[0, 0, 0, 0, 0, 0]","[1291, 1500, 1500, 1500]","[-25.08, 0.0, 0.0, 0.0]","[0.0, 0.0, 0.0]",0,3958.40185546875,0,32.372067031860354,"[0.0, 1.00708007796, 14.37377929452]","[0, 0, 0]",0,3,0.0,0.0,3.96,0,0,0,4294967.295,3750001.664,0,74939,0,110.45082092285156,131.11256408691406,0.5969807505607605,0,state.PRE_FLIGHT,1138,-30,0,-30,0.0,4713,4713,"[10.2, 0.5, 17.0, 10.6, 17.0, 15.9, 0, 0]","[13.482, 13.838, 13.838]",-23.556,"[2.9952, 3.3136, 5.0032000000000005, 7.3712, 8.4336, 27.8256]","[0.033125, 0.623125, -0.004375, -0.00125, -0.00375, 0.000625]",0,0,0.0,"[1, 1, 1, 1, 1, 1]",76.7178351152912,0.0,0.0,0,0.0
1774904437.29108,"[0, 0, 0, 0, 0, 0]","[1291, 1500, 1500, 1500]","[-25.08, 0.0, 0.0, 0.0]","[0.0, 0.0, 0.0]",0,3956.03369140625,0,32.367695083618166,"[0.0, -2.34985351524, 4.85229492108]","[0, 0, 0]",0,3,0.0,0.0,3.956,0,0,0,4294967.295,3750001.664,0,74999,0,110.36447143554688,131.44830322265625,0.5969807505607605,0,state.PRE_FLIGHT,1139,-30,0,-30,0.0,4713,4713,"[10.6, 0.5, 17.0, 10.6, 15.9, 15.9, 0, 0]","[13.482, 13.838, 13.838]",-23.556,"[2.9952, 3.3136, 5.0032000000000005, 7.3712, 8.4336, 27.8256]","[0.033125, 0.623125, -0.004375, -0.00125, -0.00375, 0.000625]",0,0,0.0,"[1, 1, 1, 1, 1, 1]",76.68229707999775,0.0,0.0,0,0.0
1774904437.3514035,"[0, 0, 0, 0, 0, 0]","[1291, 1500, 1500, 1500]","[-25.08, 0.0, 0.0, 0.0]","[0.0, 0.0, 0.0]",0,3953.665283203125,0,32.367695083618166,"[0.0, -9.85717773276, 14.1906738258]","[0, 0, 0]",0,3,0.0,0.0,3.956,0,0,0,4294967.295,3750001.664,0,75059,0,110.59333801269531,131.3976287841797,0.5969807505607605,0,state.PRE_FLIGHT,1140,-30,0,-30,0.0,4713,4713,"[10.6, 0.5, 16.5, 10.8, 17.0, 16.5, 0, 0]","[13.482, 13.838, 13.838]",-23.556,"[2.9936000000000003, 3.3136, 5.0032000000000005, 7.364800000000001, 8.448, 27.8272]","[0.035, 0.403125, 0.00125, 0.000625, -0.003125, -0.004375]",0,0,0.0,"[1, 1, 1, 1, 1, 1]",76.55015098124179,0.0,0.0,0,0.0
1774904437.4124603,"[0, 0, 0, 0, 0, 0]","[1291, 1500, 1500, 1500]","[-25.08, 0.0, 0.0, 0.0]","[0.0, 0.0, 0.0]",0,3951.2978515625,0,32.35895118713379,"[0.0, -0.03051757812, -2.41088867148]","[0, 0, 0]",0,3,0.0,0.0,3.952,0,0,0,4294967.295,3750001.664,0,75113,0,110.55516815185547,131.56690979003906,0.5969807505607605,0,state.PRE_FLIGHT,1141,-30,0,-30,0.0,4713,4713,"[10.6, 0.5, 15.9, 10.6, 16.5, 17.0, 0, 0]","[13.482, 13.838, 13.838]",-23.556,"[2.9936000000000003, 3.3136, 5.0032000000000005, 7.364800000000001, 8.448, 27.8272]","[0.035, 0.403125, 0.00125, 0.000625, -0.003125, -0.004375]",0,0,0.0,"[1, 1, 1, 1, 1, 1]",76.52866464193444,0.0,0.0,0,0.0
1774904437.473422,"[0, 0, 0, 0, 0, 0]","[1291, 1500, 1500, 1500]","[-25.08, 0.0, 0.0, 0.0]","[0.0, 0.0, 0.0]",0,3948.931396484375,0,32.35895118713379,"[0.0, 8.27026367052, 17.73071288772]","[0, 0, 0]",0,3,0.0,0.0,3.952,0,0,0,4294967.295,3750001.664,0,75173,0,110.74107360839844,131.45335388183594,0.5969807505607605,0,state.PRE_FLIGHT,1142,-30,0,-31,0.0,4713,4713,"[11.1, 0.5, 16.5, 11.1, 15.5, 15.9, 0, 0]","[13.482, 13.838, 13.838]",-23.556,"[2.9952, 3.3104, 5.0016, 7.3584000000000005, 8.457600000000001, 27.8256]","[0.035, 0.23500000000000001, -0.003125, -0.0025, -0.000625, -0.0025]",0,0,0.0,"[1, 1, 1, 1, 1, 1]",76.440925947605,0.0,0.0,0,0.0
1774904437.536261,"[0, 0, 0, 0, 0, 0]","[1291, 1500, 1500, 1500]","[-25.08, 0.0, 0.0, 0.0]","[0.0, 0.0, 0.0]",0,3946.56494140625,0,32.372067031860354,"[0.0, -4.97436523356, 6.34765624896]","[0, 0, 0]",0,3,0.0,0.0,3.948,0,0,0,4294967.295,3750001.664,0,75233,0,111.18351745605469,131.37466430664062,0.5969807505607605,0,state.PRE_FLIGHT,1143,-30,0,-30,0.0,4713,4713,"[10.6, 0.5, 17.6, 10.8, 16.5, 16.5, 0, 0]","[13.482, 13.838, 13.838]",-23.556,"[2.9968000000000004, 3.3136, 5.0016, 7.3616, 8.427200000000001, 27.8256]","[0.034375, 0.21, -0.0025, -0.00125, -0.000625, -0.000625]",0,0,0.0,"[1, 1, 1, 1, 1, 1]",76.18136145742686,0.0,0.0,0,0.0
1774904437.5944421,"[0, 0, 0, 0, 0, 0]","[1291, 1500, 1500, 1500]","[-25.08, 0.0, 0.0, 0.0]","[0.0, 0.0, 0.0]",0,3944.19873046875,0,32.372067031860354,"[0.0, 2.16674804652, 0.39672851556]","[0, 0, 0]",0,3,0.0,0.0,3.944,0,0,0,4294967.295,3750001.664,0,75293,0,111.47956848144531,131.41860961914062,0.5969807505607605,0,state.PRE_FLIGHT,1144,-30,0,-30,0.0,4713,4713,"[10.4, 0.5, 17.0, 10.4, 15.9, 15.9, 0, 0]","[13.482, 13.838, 13.838]",-23.556,"[2.9968000000000004, 3.3136, 5.0016, 7.3616, 8.427200000000001, 27.8256]","[0.034375, 0.21, -0.0025, -0.00125, -0.000625, -0.000625]",0,0,0.0,"[1, 1, 1, 1, 1, 1]",75.98113369554721,0.0,0.0,0,0.0
1774904437.6402194,"[0, 0, 0, 0, 0, 0]","[1291, 1500, 1500, 1500]","[-25.08, 0.0, 0.0, 0.0]","[0.0, 0.0, 0.0]",0,3942.22802734375,0,32.389554824829105,"[0.0, -0.03051757812, -2.22778320276]","[0, 0, 0]",0,3,0.0,0.0,3.944,0,0,0,4294967.295,3750001.664,0,75347,0,111.6136474609375,131.7500457763672,0.5969807505607605,0,state.PRE_FLIGHT,1145,-31,0,-31,0.0,4713,4713,"[10.6, 0.5, 17.0, 10.4, 15.5, 17.0, 0, 0]","[13.482, 13.838, 13.838]",-23.556,"[2.9968000000000004, 3.3136, 5.0016, 7.364800000000001, 8.4528, 27.8304]","[0.031875, 0.239375, -0.00375, -0.003125, -0.005, -0.00375]",0,0,0.0,"[1, 1, 1, 1, 1, 1]",75.80190970940467,0.0,0.0,0,0.0
1774904437.7001576,"[0, 0, 0, 0, 0, 0]","[1291, 1500, 1500, 1500]","[-25.08, 0.0, 0.0, 0.0]","[0.0, 0.0, 0.0]",0,3939.86279296875,0,32.389554824829105,"[0.0, 5.46264648348, 9.155273436]","[0, 0, 0]",0,3,0.0,0.0,3.94,0,0,0,4294967.295,3750001.664,0,75407,0,111.9017105102539,131.8147735595703,0.5969807505607605,0,state.PRE_FLIGHT,1146,-31,0,-30,0.0,4713,4713,"[10.4, 0.5, 16.5, 10.6, 16.5, 15.9, 0, 0]","[13.482, 13.838, 13.838]",-23.556,"[2.9968000000000004, 3.3136, 5.0016, 7.364800000000001, 8.4528, 27.8304]","[0.031875, 0.239375, -0.00375, -0.003125, -0.005, -0.00375]",0,0,0.0,"[1, 1, 1, 1, 1, 1]",75.59948323327328,0.0,0.0,0,0.0
1774904437.7600424,"[0, 0, 0, 0, 0, 0]","[1291, 1500, 1500, 1500]","[-25.08, 0.0, 0.0, 0.0]","[0.0, 0.0, 0.0]",0,3937.496337890625,0,32.39829872131347,"[0.0, 2.53295898396, -7.81249999872]","[0, 0, 0]",0,3,0.0,0.0,3.94,0,0,0,4294967.295,3750001.664,0,75467,0,111.86749267578125,131.8184051513672,0.5969807505607605,0,state.PRE_FLIGHT,1147,-31,0,-31,0.0,4713,4713,"[10.2, 0.5, 17.6, 10.4, 14.6, 17.6, 0, 0]","[13.482, 13.838, 13.838]",-23.556,"[2.9952, 3.3104, 5.0016, 7.3632, 8.4608, 27.8304]","[0.02875, 0.255625, -0.000625, -0.000625, 0.00125, -0.0025]",0,0,0.0,"[1, 1, 1, 1, 1, 1]",75.62029800987722,0.0,0.0,0,0.0
1774904437.821149,"[0, 0, 0, 0, 0, 0]","[1291, 1500, 1500, 1500]","[-25.08, 0.0, 0.0, 0.0]","[0.0, 0.0, 0.0]",0,3935.131103515625,0,32.389554824829105,"[0.0, -3.2043457026, 1.70898437472]","[0, 0, 0]",0,3,0.0,0.0,3.936,0,0,0,4294967.295,3750001.664,0,75527,0,112.0869140625,131.7079315185547,0.5969807505607605,0,state.PRE_FLIGHT,1148,-32,0,-31,0.0,4713,4713,"[10.8, 0.5, 17.0, 10.4, 15.9, 17.0, 0, 0]","[13.482, 13.838, 13.838]",-23.556,"[2.9952, 3.3104, 5.0016, 7.3632, 8.4608, 27.8304]","[0.02875, 0.255625, -0.000625, -0.000625, 0.00125, -0.0025]",0,0,0.0,"[1, 1, 1, 1, 1, 1]",75.51219801991967,0.0,0.0,0,0.0
1774904437.8811529,"[0, 0, 0, 0, 0, 0]","[1291, 1500, 1500, 1500]","[-25.08, 0.0, 0.0, 0.0]","[0.0, 0.0, 0.0]",0,3932.766357421875,0,32.38081092834473,"[0.0, 15.35034179436, 8.605957029839999]","[0, 0, 0]",0,3,0.0,0.0,3.936,0,0,0,4294967.295,3750001.664,0,75581,0,111.93587493896484,131.62014770507812,0.5969807505607605,0,state.PRE_FLIGHT,1149,-33,0,-32,0.0,4713,4713,"[10.6, 0.5, 17.6, 10.4, 15.9, 16.5, 0, 0]","[13.482, 13.838, 13.838]",-23.556,"[2.9968000000000004, 3.3120000000000003, 5.0016, 7.3616, 8.443200000000001, 27.8288]","[0.02875, 0.625, -0.0025, -0.00125, -0.00125, -0.00125]",0,0,0.0,"[1, 1, 1, 1, 1, 1]",75.63369425706387,0.0,0.0,0,0.0
1774904437.942913,"[0, 0, 0, 0, 0, 0]","[1291, 1500, 1500, 1500]","[-25.08, 0.0, 0.0, 0.0]","[0.0, 0.0, 0.0]",0,3930.403564453125,0,32.38518287658692,"[0.0, 3.32641601508, -6.5002441395599995]","[0, 0, 0]",0,3,0.0,0.0,3.932,0,0,0,4294967.295,3750001.664,0,75641,0,111.93310546875,131.4602508544922,0.5969807505607605,0,state.PRE_FLIGHT,1150,-35,0,-34,0.0,4713,4713,"[10.4, 0.5, 15.9, 10.6, 15.5, 17.0, 0, 0]","[13.482, 13.838, 13.838]",-23.556,"[2.9968000000000004, 3.3120000000000003, 5.0016, 7.3616, 8.443200000000001, 27.8288]","[0.02875, 0.625, -0.0025, -0.00125, -0.00125, -0.00125]",0,0,0.0,"[1, 1, 1, 1, 1, 1]",75.6815973575868,0.0,0.0,0,0.0
1774904438.003336,"[0, 0, 0, 0, 0, 0]","[1291, 1500, 1500, 1500]","[-25.08, 0.0, 0.0, 0.0]","[0.0, 0.0, 0.0]",0,3928.0400390625,0,32.393926773071286,"[0.0, 2.16674804652, -19.165039059359998]","[0, 0, 0]",0,3,0.0,0.0,3.928,0,0,0,4294967.295,3750001.664,0,75701,0,111.85987091064453,131.48341369628906,0.5969807505607605,0,state.PRE_FLIGHT,1151,-36,0,-35,0.0,4713,4713,"[10.8, 0.5, 15.9, 10.4, 15.9, 16.5, 0, 0]","[13.482, 13.838, 13.838]",-23.556,"[2.9968000000000004, 3.3136, 5.0032000000000005, 7.3696, 8.4464, 27.8272]","[0.035625000000000004, 0.615625, 0.00125, 0.003125, 0.001875, -0.00125]",0,0,0.0,"[1, 1, 1, 1, 1, 1]",75.72135754867402,0.0,0.0,0,0.0
1774904438.0638664,"[0, 0, 0, 0, 0, 0]","[1291, 1500, 1500, 1500]","[-25.08, 0.0, 0.0, 0.0]","[0.0, 0.0, 0.0]",0,3925.675537109375,0,32.389554824829105,"[0.0, -8.94165038916, 4.85229492108]","[0, 0, 0]",0,3,0.0,0.0,3.928,0,0,0,4294967.295,3750001.664,0,75761,0,111.8330078125,131.67872619628906,0.5969807505607605,0,state.PRE_FLIGHT,1152,-38,0,-36,0.0,4713,4713,"[10.4, 0.5, 16.5, 10.8, 15.9, 16.5, 0, 0]","[13.482, 13.838, 13.838]",-23.556,"[2.9968000000000004, 3.3136, 5.0032000000000005, 7.3696, 8.4464, 27.8272]","[0.035625000000000004, 0.615625, 0.00125, 0.003125, 0.001875, -0.00125]",0,0,0.0,"[1, 1, 1, 1, 1, 1]",75.68233106043647,0.0,0.0,0,0.0
1774904438.1093867,"[0, 0, 0, 0, 0, 0]","[1291, 1500, 1500, 1500]","[-25.08, 0.0, 0.0, 0.0]","[0.0, 0.0, 0.0]",0,3923.705810546875,0,32.393926773071286,"[0.0, -1.19018554668, -5.37109374912]","[0, 0, 0]",0,3,0.0,0.0,3.924,0,0,0,4294967.295,3750001.664,0,75815,0,112.0688705444336,131.67633056640625,0.5969807505607605,0,state.PRE_FLIGHT,1153,-40,0,-38,0.0,4713,4713,"[10.8, 0.5, 17.0, 10.2, 15.9, 16.5, 0, 0]","[13.482, 13.838, 13.838]",-23.556,"[2.9968000000000004, 3.3120000000000003, 5.0048, 7.368, 8.4368, 27.8272]","[0.033125, 0.2475, -0.00375, -0.003125, 0.003125, 0.001875]",0,0,0.0,"[1, 1, 1, 1, 1, 1]",75.53284432572784,0.0,0.0,0,0.0
1774904438.1694105,"[0, 0, 0, 0, 0, 0]","[1291, 1500, 1500, 1500]","[-25.08, 0.0, 0.0, 0.0]","[0.0, 0.0, 0.0]",0,3921.343017578125,0,32.38081092834473,"[0.0, -1.80053710908, -3.32641601508]","[0, 0, 0]",0,3,0.0,0.0,3.924,0,0,0,4294967.295,3750001.664,0,75875,0,112.0682601928711,131.76971435546875,0.5969807505607605,0,state.PRE_FLIGHT,1154,-46,0,-42,0.0,4713,4713,"[10.6, 0.5, 17.0, 11.1, 15.9, 17.6, 0, 0]","[13.482, 13.838, 13.838]",-23.556,"[2.9968000000000004, 3.3120000000000003, 5.0048, 7.368, 8.4368, 27.8272]","[0.033125, 0.2475, -0.00375, -0.003125, 0.003125, 0.001875]",0,0,0.0,"[1, 1, 1, 1, 1, 1]",75.50618694983527,0.0,0.0,0,0.0
1774904438.2298448,"[0, 0, 0, 0, 0, 0]","[1291, 1500, 1500, 1500]","[-25.08, 0.0, 0.0, 0.0]","[0.0, 0.0, 0.0]",0,3918.981689453125,0,32.415786514282225,"[0.0, -14.61791991948, -0.1525878906]","[0, 0, 0]",0,3,0.0,0.0,3.92,0,0,0,4294967.295,3750001.664,0,75935,0,112.13508605957031,131.97967529296875,0.5969807505607605,0,state.PRE_FLIGHT,1155,-54,0,-50,0.0,4713,4713,"[10.6, 0.5, 17.6, 10.6, 15.5, 15.9, 0, 0]","[13.482, 13.838, 13.838]",-23.556,"[2.9968000000000004, 3.3120000000000003, 5.0032000000000005, 7.3616, 8.4608, 27.832]","[0.03125, 0.25375000000000003, -0.004375, 0.000625, -0.000625, 0.000625]",0,0,0.0,"[1, 1, 1, 1, 1, 1]",75.40271954108755,0.0,0.0,0,0.0
1774904438.2909071,"[0, 0, 0, 0, 0, 0]","[1291, 1500, 1500, 1500]","[-25.08, 0.0, 0.0, 0.0]","[0.0, 0.0, 0.0]",0,3916.620361328125,0,32.40267066955566,"[0.0, -0.64086914052, 7.4768066393999995]","[0, 0, 0]",0,3,0.0,0.0,3.917,0,0,0,4294967.295,3750001.664,0,75995,0,112.31519317626953,132.1072235107422,0.5969807505607605,0,state.PRE_FLIGHT,1156,-51,0,-54,0.0,4713,4713,"[10.4, 0.5, 16.5, 10.6, 15.9, 17.0, 0, 0]","[13.482, 13.838, 13.838]",-23.556,"[2.992, 3.3104, 5.0032000000000005, 7.3632, 8.441600000000001, 27.8304]","[0.031875, 0.22062500000000002, -0.005, -0.00125, -0.00125, -0.003125]",0,0,0.0,"[1, 1, 1, 1, 1, 1]",75.25026357874249,0.0,0.0,0,0.0
1774904438.3508918,"[0, 0, 0, 0, 0, 0]","[1291, 1500, 1500, 1500]","[-25.08, 0.0, 0.0, 0.0]","[0.0, 0.0, 0.0]",0,3914.6513671875,0,32.389554824829105,"[0.0, 5.5236816397199995, 7.29370117068]","[0, 0, 0]",0,3,0.0,0.0,3.917,0,0,0,4294967.295,3750001.664,0,76049,0,112.73216247558594,132.4521484375,0.5969807505607605,0,state.PRE_FLIGHT,1157,-45,0,-52,0.0,4713,4713,"[10.4, 0.5, 16.5, 10.6, 15.5, 16.5, 0, 0]","[13.482, 13.838, 13.838]",-23.556,"[2.992, 3.3104, 5.0032000000000005, 7.3632, 8.441600000000001, 27.8304]","[0.031875, 0.22062500000000002, -0.005, -0.00125, -0.00125, -0.003125]",0,0,0.0,"[1, 1, 1, 1, 1, 1]",74.88091253673095,0.0,0.0,0,0.0
1774904438.411419,"[0, 0, 0, 0, 0, 0]","[1291, 1500, 1500, 1500]","[-25.08, 0.0, 0.0, 0.0]","[0.0, 0.0, 0.0]",0,3912.2890625,0,32.42015846252441,"[0.0, 10.2233886702, 9.52148437344]","[0, 0, 0]",0,3,0.0,0.0,3.913,0,0,0,4294967.295,3750001.664,0,76109,0,112.90094757080078,132.3343505859375,0.5969807505607605,0,state.PRE_FLIGHT,1158,-40,0,-41,0.0,4713,4713,"[10.4, 0.5, 17.6, 10.4, 15.5, 16.5, 0, 0]","[13.482, 13.838, 13.838]",-23.556,"[2.9936000000000003, 3.3120000000000003, 5.0048, 7.3664000000000005, 8.4624, 27.8288]","[0.03625, 0.2175, -0.005, -0.000625, -0.00125, -0.004375]",0,0,0.0,"[1, 1, 1, 1, 1, 1]",74.8071916027418,0.0,0.0,0,0.0
1774904438.4714303,"[0, 0, 0, 0, 0, 0]","[1291, 1500, 1500, 1500]","[-25.08, 0.0, 0.0, 0.0]","[0.0, 0.0, 0.0]",0,3909.927978515625,0,32.40704261779785,"[0.0, -6.31713867084, -2.01416015592]","[0, 0, 0]",0,3,0.0,0.0,3.913,0,0,0,4294967.295,3750001.664,0,76169,0,112.94884490966797,132.40882873535156,0.5969807505607605,0,state.PRE_FLIGHT,1159,-38,0,-39,0.0,4713,4713,"[10.6, 0.5, 16.5, 10.8, 16.5, 15.5, 0, 0]","[13.482, 13.838, 13.838]",-23.556,"[2.9936000000000003, 3.3120000000000003, 5.0048, 7.3664000000000005, 8.4624, 27.8288]","[0.03625, 0.2175, -0.005, -0.000625, -0.00125, -0.004375]",0,0,0.0,"[1, 1, 1, 1, 1, 1]",74.7541687693292,0.0,0.0,0,0.0
1774904438.5324867,"[0, 0, 0, 0, 0, 0]","[1291, 1500, 1500, 1500]","[-25.08, 0.0, 0.0, 0.0]","[0.0, 0.0, 0.0]",0,3907.568359375,0,32.415786514282225,"[0.0, -6.31713867084, 18.09692382516]","[0, 0, 0]",0,3,0.0,0.0,3.909,0,0,0,4294967.295,3750001.664,0,76229,0,113.16646575927734,132.54061889648438,0.5969807505607605,0,state.PRE_FLIGHT,1160,-39,0,-38,0.0,4713,4713,"[10.8, 0.5, 17.0, 11.1, 15.9, 17.0, 0, 0]","[13.482, 13.838, 13.838]",-23.556,"[2.9936000000000003, 3.3104, 5.0032000000000005, 7.3664000000000005, 8.441600000000001, 27.8288]","[0.03375, 0.2675, -0.005, -0.00625, -0.00125, 0.000625]",0,0,0.0,"[1, 1, 1, 1, 1, 1]",74.57448801571262,0.0,0.0,0,0.0
1774904438.5775013,"[0, 0, 0, 0, 0, 0]","[1291, 1500, 1500, 1500]","[-25.08, 0.0, 0.0, 0.0]","[0.0, 0.0, 0.0]",0,3905.208984375,0,32.41141456604004,"[0.0, -1.80053710908, 2.07519531216]","[0, 0, 0]",0,3,0.0,0.0,3.905,0,0,0,4294967.295,3750001.664,0,76283,0,112.96654510498047,132.54994201660156,0.5969807505607605,0,state.PRE_FLIGHT,1161,-39,0,-39,0.0,4713,4713,"[10.6, 0.5, 16.5, 10.6, 16.5, 16.5, 0, 0]","[13.482, 13.838, 13.838]",-23.556,"[2.9936000000000003, 3.3104, 5.0032000000000005, 7.3664000000000005, 8.441600000000001, 27.8288]","[0.03375, 0.2675, -0.005, -0.00625, -0.00125, 0.000625]",0,0,0.0,"[1, 1, 1, 1, 1, 1]",74.70067895402089,0.0,0.0,0,0.0
1774904438.6380293,"[0, 0, 0, 0, 0, 0]","[1291, 1500, 1500, 1500]","[-25.08, 0.0, 0.0, 0.0]","[0.0, 0.0, 0.0]",0,3902.84814453125,0,32.42015846252441,"[0.0, -3.57055664004, -10.77270507636]","[0, 0, 0]",0,3,0.0,0.0,3.905,0,0,0,4294967.295,3750001.664,0,76343,0,112.8448257446289,132.0385284423828,0.5969807505607605,0,state.PRE_FLIGHT,1162,-41,0,-41,0.0,4713,4713,"[10.0, 0.5, 17.0, 10.6, 15.5, 16.5, 0, 0]","[13.482, 13.838, 13.838]",-23.556,"[2.9952, 3.3136, 5.0048, 7.3584000000000005, 8.432, 27.8272]","[0.034375, 0.6175, -0.005, 0.003125, 0.004375, 0.000625]",0,0,0.0,"[1, 1, 1, 1, 1, 1]",74.93142080719616,0.0,0.0,0,0.0
1774904438.6985674,"[0, 0, 0, 0, 0, 0]","[1291, 1500, 1500, 1500]","[-25.08, 0.0, 0.0, 0.0]","[0.0, 0.0, 0.0]",0,3900.48779296875,0,32.42015846252441,"[0.0, -2.41088867148, -5.9509277334]","[0, 0, 0]",0,3,0.0,0.0,3.901,0,0,0,4294967.295,3750001.664,0,76403,0,113.16826629638672,132.23809814453125,0.5969807505607605,0,state.PRE_FLIGHT,1163,-42,0,-42,0.0,4713,4713,"[10.2, 0.5, 16.5, 10.8, 15.5, 16.5, 0, 0]","[13.482, 13.838, 13.838]",-23.556,"[2.9952, 3.3136, 5.0048, 7.3584000000000005, 8.432, 27.8272]","[0.034375, 0.6175, -0.005, 0.003125, 0.004375, 0.000625]",0,0,0.0,"[1, 1, 1, 1, 1, 1]",74.66449944794562,0.0,0.0,0,0.0
1774904438.7589836,"[0, 0, 0, 0, 0, 0]","[1291, 1500, 1500, 1500]","[-25.08, 0.0, 0.0, 0.0]","[0.0, 0.0, 0.0]",0,3898.12841796875,0,32.433274307250976,"[0.0, -11.26098632628, 9.52148437344]","[0, 0, 0]",0,3,0.0,0.0,3.901,0,0,0,4294967.295,3750001.664,0,76463,0,112.68889617919922,132.9173583984375,0.5969807505607605,0,state.PRE_FLIGHT,1164,-41,0,-44,0.0,4713,4713,"[10.6, 0.5, 17.0, 10.6, 16.5, 17.0, 0, 0]","[13.482, 13.838, 13.838]",-23.556,"[2.9936000000000003, 3.3120000000000003, 5.0048, 7.3712, 8.4512, 27.8256]","[0.035, 0.5962500000000001, -0.005, -0.003125, 0.000625, -0.000625]",0,0,0.0,"[1, 1, 1, 1, 1, 1]",74.77215214152189,0.0,0.0,0,0.0
1774904438.8205116,"[0, 0, 0, 0, 0, 0]","[1291, 1500, 1500, 1500]","[-25.08, 0.0, 0.0, 0.0]","[0.0, 0.0, 0.0]",0,3896.163330078125,0,32.43764625549316,"[0.0, 7.65991210812, -10.9863281232]","[0, 0, 0]",0,3,0.0,0.0,3.897,0,0,0,4294967.295,3750001.664,0,76517,0,112.56845092773438,132.76695251464844,0.5969807505607605,0,state.PRE_FLIGHT,1165,-41,0,-42,0.0,4713,4713,"[10.4, 0.5, 15.9, 10.6, 15.5, 16.5, 0, 0]","[13.482, 13.838, 13.838]",-23.556,"[2.9936000000000003, 3.3120000000000003, 5.0048, 7.3712, 8.4512, 27.8256]","[0.035, 0.5962500000000001, -0.005, -0.003125, 0.000625, -0.000625]",0,0,0.0,"[1, 1, 1, 1, 1, 1]",74.8944388849832,0.0,0.0,0,0.0
1774904438.880527,"[0, 0, 0, 0, 0, 0]","[1291, 1500, 1500, 1500]","[-25.08, 0.0, 0.0, 0.0]","[0.0, 0.0, 0.0]",0,3893.80615234375,0,32.4245304107666,"[0.0, -4.5471191398799995, -18.79882812192]","[0, 0, 0]",0,3,0.0,0.0,3.897,0,0,0,4294967.295,3750001.664,0,76577,0,112.23820495605469,132.79319763183594,0.5969807505607605,0,state.PRE_FLIGHT,1166,-38,0,-38,0.0,4713,4713,"[10.6, 0.5, 16.5, 10.4, 16.5, 16.5, 0, 0]","[13.482, 13.838, 13.838]",-23.556,"[2.9968000000000004, 3.3120000000000003, 5.0048, 7.364800000000001, 8.4528, 27.820800000000002]","[0.03, 0.620625, -0.004375, 0.0, -0.0025, -0.00125]",0,0,0.0,"[1, 1, 1, 1, 1, 1]",75.101524591768,0.0,0.0,0,0.0
1774904438.9410515,"[0, 0, 0, 0, 0, 0]","[1291, 1500, 1500, 1500]","[-25.08, 0.0, 0.0, 0.0]","[0.0, 0.0, 0.0]",0,3891.447265625,0,32.40704261779785,"[0.0, 7.65991210812, -0.36621093744]","[0, 0, 0]",0,3,0.0,0.0,3.893,0,0,0,4294967.295,3750001.664,0,76637,0,112.19271850585938,132.95858764648438,0.5969807505607605,0,state.PRE_FLIGHT,1167,-38,0,-38,0.0,4713,4713,"[10.8, 0.5, 17.0, 10.6, 16.5, 16.5, 0, 0]","[13.482, 13.838, 13.838]",-23.556,"[2.9968000000000004, 3.3120000000000003, 5.0048, 7.364800000000001, 8.4528, 27.820800000000002]","[0.03, 0.620625, -0.004375, 0.0, -0.0025, -0.00125]",0,0,0.0,"[1, 1, 1, 1, 1, 1]",75.08375298434528,0.0,0.0,0,0.0
1774904439.0026107,"[0, 0, 0, 0, 0, 0]","[1291, 1500, 1500, 1500]","[-25.08, 0.0, 0.0, 0.0]","[0.0, 0.0, 0.0]",0,3889.08837890625,0,32.433274307250976,"[0.0, 4.48608398364, -0.1525878906]","[0, 0, 0]",0,3,0.0,0.0,3.889,0,0,0,4294967.295,3750001.664,0,76697,0,112.44965362548828,132.89691162109375,0.5969807505607605,0,state.PRE_FLIGHT,1168,-38,0,-38,0.0,4713,4713,"[11.1, 0.5, 17.0, 10.6, 15.9, 15.9, 0, 0]","[13.482, 13.838, 13.838]",-23.556,"[2.9952, 3.3136, 5.0032000000000005, 7.364800000000001, 8.4336, 27.8272]","[0.033125, 0.24375, 0.00125, -0.00125, -0.00125, -0.0025]",0,0,0.0,"[1, 1, 1, 1, 1, 1]",74.93392552731068,0.0,0.0,0,0.0
1774904439.0481226,"[0, 0, 0, 0, 0, 0]","[1291, 1500, 1500, 1500]","[-25.08, 0.0, 0.0, 0.0]","[0.0, 0.0, 0.0]",0,3886.73095703125,0,32.433274307250976,"[0.0, 5.2795410147599995, 3.57055664004]","[0, 0, 0]",0,3,0.0,0.0,3.889,0,0,0,4294967.295,3750001.664,0,76751,0,112.07420349121094,133.24078369140625,0.5969807505607605,0,state.PRE_FLIGHT,1169,-39,0,-39,0.0,4713,4713,"[10.8, 0.5, 17.6, 10.4, 15.9, 15.9, 0, 0]","[13.482, 13.838, 13.838]",-23.556,"[2.9968000000000004, 3.3104, 5.0048, 7.3584000000000005, 8.4544, 27.8256]","[0.03375, 0.24, -0.00375, -0.00125, -0.00375, 0.000625]",0,0,0.0,"[1, 1, 1, 1, 1, 1]",75.08103930582442,0.0,0.0,0,0.0
1774904439.1086593,"[0, 0, 0, 0, 0, 0]","[1291, 1500, 1500, 1500]","[-25.08, 0.0, 0.0, 0.0]","[0.0, 0.0, 0.0]",0,3884.37353515625,0,32.455134048461915,"[0.0, 1.92260742156, -0.36621093744]","[0, 0, 0]",0,3,0.0,0.0,3.885,0,0,0,4294967.295,3750001.664,0,76811,0,112.21857452392578,133.17303466796875,0.5969807505607605,0,state.PRE_FLIGHT,1170,-39,0,-39,0.0,4713,4713,"[10.6, 0.5, 17.6, 10.4, 15.9, 16.5, 0, 0]","[13.482, 13.838, 13.838]",-23.556,"[2.9968000000000004, 3.3104, 5.0048, 7.3584000000000005, 8.4544, 27.8256]","[0.03375, 0.24, -0.00375, -0.00125, -0.00375, 0.000625]",0,0,0.0,"[1, 1, 1, 1, 1, 1]",75.00554794270734,0.0,0.0,0,0.0
1774904439.1726782,"[0, 0, 0, 0, 0, 0]","[1291, 1500, 1500, 1500]","[-25.08, 0.0, 0.0, 0.0]","[0.0, 0.0, 0.0]",0,3882.016357421875,0,32.45076210021973,"[0.0, 6.07299804588, 14.37377929452]","[0, 0, 0]",0,3,0.0,0.0,3.885,0,0,0,4294967.295,3750001.664,0,76871,0,112.30915832519531,133.47459411621094,0.5969807505607605,0,state.PRE_FLIGHT,1171,-38,0,-38,0.0,4713,4713,"[10.6, 0.5, 16.5, 10.8, 15.5, 16.5, 0, 0]","[13.482, 13.838, 13.838]",-23.556,"[2.9952, 3.3104, 5.0016, 7.3696, 8.427200000000001, 27.8256]","[0.033125, 0.251875, -0.004375, -0.000625, -0.000625, -0.00375]",0,0,0.0,"[1, 1, 1, 1, 1, 1]",74.85990591296338,0.0,0.0,0,0.0
1774904439.233212,"[0, 0, 0, 0, 0, 0]","[1291, 1500, 1500, 1500]","[-25.08, 0.0, 0.0, 0.0]","[0.0, 0.0, 0.0]",0,3879.660400390625,0,32.46824989318848,"[0.0, -4.5471191398799995, -7.04956054572]","[0, 0, 0]",0,3,0.0,0.0,3.881,0,0,0,4294967.295,3750001.664,0,76931,0,111.83002471923828,133.28602600097656,0.5969807505607605,0,state.PRE_FLIGHT,1172,-36,0,-36,0.0,4713,4713,"[10.4, 0.5, 16.5, 10.8, 15.9, 17.0, 0, 0]","[13.482, 13.838, 13.838]",-23.556,"[2.9952, 3.3104, 5.0016, 7.3696, 8.427200000000001, 27.8256]","[0.033125, 0.251875, -0.004375, -0.000625, -0.000625, -0.00375]",0,0,0.0,"[1, 1, 1, 1, 1, 1]",75.22887275692794,0.0,0.0,0,0.0
1774904439.278215,"[0, 0, 0, 0, 0, 0]","[1291, 1500, 1500, 1500]","[-25.08, 0.0, 0.0, 0.0]","[0.0, 0.0, 0.0]",0,3877.697509765625,0,32.455134048461915,"[0.0, -0.64086914052, 6.7138671864]","[0, 0, 0]",0,3,0.0,0.0,3.877,0,0,0,4294967.295,3750001.664,0,76985,0,111.96656799316406,133.17823791503906,0.5969807505607605,0,state.PRE_FLIGHT,1173,-36,0,-36,0.0,4713,4713,"[10.4, 0.5, 17.0, 10.8, 15.5, 15.9, 0, 0]","[13.482, 13.838, 13.838]",-23.556,"[2.9952, 3.3136, 5.0032000000000005, 7.3632, 8.459200000000001, 27.824]","[0.03375, 0.5975, -0.0025, -0.00125, -0.0025, -0.005625]",0,0,0.0,"[1, 1, 1, 1, 1, 1]",75.16941147139472,0.0,0.0,0,0.0
1774904439.3407483,"[0, 0, 0, 0, 0, 0]","[1291, 1500, 1500, 1500]","[-25.08, 0.0, 0.0, 0.0]","[0.0, 0.0, 0.0]",0,3875.342041015625,0,32.455134048461915,"[0.0, -7.7209472643599995, 6.34765624896]","[0, 0, 0]",0,3,0.0,0.0,3.877,0,0,0,4294967.295,3750001.664,0,77045,0,112.13015747070312,133.37539672851562,0.5969807505607605,0,state.PRE_FLIGHT,1174,-39,0,-38,0.0,4713,4713,"[10.4, 0.5, 15.9, 10.6, 16.5, 15.5, 0, 0]","[13.482, 13.838, 13.838]",-23.556,"[2.9952, 3.3136, 5.0032000000000005, 7.3632, 8.459200000000001, 27.824]","[0.03375, 0.5975, -0.0025, -0.00125, -0.0025, -0.005625]",0,0,0.0,"[1, 1, 1, 1, 1, 1]",75.00608401951706,0.0,0.0,0,0.0
1774904439.4022772,"[0, 0, 0, 0, 0, 0]","[1291, 1500, 1500, 1500]","[-25.08, 0.0, 0.0, 0.0]","[0.0, 0.0, 0.0]",0,3872.986572265625,0,32.455134048461915,"[0.0, 6.5002441395599995, 5.24902343664]","[0, 0, 0]",0,3,0.0,0.0,3.873,0,0,0,4294967.295,3750001.664,0,77105,0,112.51316833496094,133.1739959716797,0.5969807505607605,0,state.PRE_FLIGHT,1175,-41,0,-40,0.0,4713,4713,"[10.4, 0.5, 16.5, 10.8, 16.5, 17.0, 0, 0]","[13.482, 13.838, 13.838]",-23.556,"[2.9952, 3.3136, 4.9984, 7.3584000000000005, 8.4384, 27.8256]","[0.033125, 0.61375, -0.005, 0.0025, -0.000625, -0.00125]",0,0,0.0,"[1, 1, 1, 1, 1, 1]",74.81221277644032,0.0,0.0,0,0.0
1774904439.4622927,"[0, 0, 0, 0, 0, 0]","[1291, 1500, 1500, 1500]","[-25.08, 0.0, 0.0, 0.0]","[0.0, 0.0, 0.0]",0,3870.630859375,0,32.4595059967041,"[0.0, -5.9509277334, 13.79394531024]","[0, 0, 0]",0,3,0.0,0.0,3.873,0,0,0,4294967.295,3750001.664,0,77165,0,112.63373565673828,133.22708129882812,0.5969807505607605,0,state.PRE_FLIGHT,1176,-42,0,-42,0.0,4713,4713,"[10.6, 0.5, 16.5, 10.8, 15.5, 15.9, 0, 0]","[13.482, 13.838, 13.838]",-23.556,"[2.9952, 3.3136, 4.9984, 7.3584000000000005, 8.4384, 27.8256]","[0.033125, 0.61375, -0.005, 0.0025, -0.000625, -0.00125]",0,0,0.0,"[1, 1, 1, 1, 1, 1]",74.71782952574512,0.0,0.0,0,0.0
1774904439.5233502,"[0, 0, 0, 0, 0, 0]","[1291, 1500, 1500, 1500]","[-25.08, 0.0, 0.0, 0.0]","[0.0, 0.0, 0.0]",0,3868.6689453125,0,32.44639015197754,"[0.0, 4.3029785149199995, 20.141601559199998]","[0, 0, 0]",0,3,0.0,0.0,3.869,0,0,0,4294967.295,3750001.664,0,77219,0,113.13060760498047,133.0330810546875,0.5969807505607605,0,state.PRE_FLIGHT,1177,-34,0,-37,0.0,4713,4713,"[10.4, 0.5, 16.5, 10.8, 16.5, 16.5, 0, 0]","[13.482, 13.838, 13.838]",-23.556,"[2.9936000000000003, 3.3120000000000003, 5.0032000000000005, 7.364800000000001, 8.4512, 27.8272]","[0.03125, 0.564375, -0.003125, 0.0025, -0.008125, 0.00125]",0,0,0.0,"[1, 1, 1, 1, 1, 1]",74.45029861333563,0.0,0.0,0,0.0
1774904439.5823715,"[0, 0, 0, 0, 0, 0]","[1291, 1500, 1500, 1500]","[-25.08, 0.0, 0.0, 0.0]","[0.0, 0.0, 0.0]",0,3866.315185546875,0,32.455134048461915,"[0.0, -3.2043457026, 8.78906249856]","[0, 0, 0]",0,3,0.0,0.0,3.869,0,0,0,4294967.295,3750001.664,0,77279,0,113.45258331298828,133.24671936035156,0.5969807505607605,0,state.PRE_FLIGHT,1178,-32,0,-32,0.0,4713,4713,"[10.6, 0.5, 17.0, 10.6, 15.9, 16.5, 0, 0]","[13.482, 13.838, 13.838]",-23.556,"[2.9936000000000003, 3.3120000000000003, 5.0032000000000005, 7.364800000000001, 8.4512, 27.8272]","[0.03125, 0.564375, -0.003125, 0.0025, -0.008125, 0.00125]",0,0,0.0,"[1, 1, 1, 1, 1, 1]",74.17623227017135,0.0,0.0,0,0.0
1774904439.6438954,"[0, 0, 0, 0, 0, 0]","[1291, 1500, 1500, 1500]","[-25.08, 0.0, 0.0, 0.0]","[0.0, 0.0, 0.0]",0,3863.96142578125,0,32.455134048461915,"[0.0, 4.9133300773199995, -11.9018554668]","[0, 0, 0]",0,3,0.0,0.0,3.865,0,0,0,4294967.295,3750001.664,0,77339,0,113.56182098388672,133.249755859375,0.5969807505607605,0,state.PRE_FLIGHT,1179,-29,0,-30,0.0,4713,4713,"[11.1, 0.5, 16.5, 10.6, 15.9, 17.0, 0, 0]","[13.482, 13.838, 13.838]",-23.556,"[2.9968000000000004, 3.3120000000000003, 5.0032000000000005, 7.364800000000001, 8.4288, 27.8272]","[0.035, 0.21937500000000001, -0.003125, 0.00125, -0.005, -0.00125]",0,0,0.0,"[1, 1, 1, 1, 1, 1]",74.10396514992158,0.0,0.0,0,0.0
1774904439.7044334,"[0, 0, 0, 0, 0, 0]","[1291, 1500, 1500, 1500]","[-25.08, 0.0, 0.0, 0.0]","[0.0, 0.0, 0.0]",0,3861.60791015625,0,32.472621841430666,"[0.0, 2.71606445268, 9.70458984216]","[0, 0, 0]",0,3,0.0,0.0,3.862,0,0,0,4294967.295,3750001.664,0,77399,0,113.7550048828125,133.2479248046875,0.5969807505607605,0,state.PRE_FLIGHT,1180,-30,0,-29,0.0,4713,4713,"[10.4, 0.5, 16.5, 10.4, 15.0, 17.6, 0, 0]","[13.482, 13.838, 13.838]",-23.556,"[2.9952, 3.3136, 5.0016, 7.3632, 8.4544, 27.824]","[0.03375, 0.20375000000000001, -0.003125, -0.003125, 0.00125, -0.000625]",0,0,0.0,"[1, 1, 1, 1, 1, 1]",73.97842307367902,0.0,0.0,0,0.0
1774904439.7493203,"[0, 0, 0, 0, 0, 0]","[1291, 1500, 1500, 1500]","[-25.08, 0.0, 0.0, 0.0]","[0.0, 0.0, 0.0]",0,3859.254150390625,0,32.45076210021973,"[0.0, -5.1574707022799995, -3.5095214838]","[0, 0, 0]",0,3,0.0,0.0,3.862,0,0,0,4294967.295,3750001.664,0,77453,0,113.78639221191406,133.42193603515625,0.5969807505607605,0,state.PRE_FLIGHT,1181,-30,0,-29,0.0,4713,4713,"[10.8, 0.5, 16.5, 10.6, 15.5, 17.0, 0, 0]","[13.482, 13.838, 13.838]",-23.556,"[2.9952, 3.3136, 5.0016, 7.3632, 8.4544, 27.824]","[0.03375, 0.20375000000000001, -0.003125, -0.003125, 0.00125, -0.000625]",0,0,0.0,"[1, 1, 1, 1, 1, 1]",73.90482198425522,0.0,0.0,0,0.0
1774904439.8098624,"[0, 0, 0, 0, 0, 0]","[1291, 1500, 1500, 1500]","[-25.08, 0.0, 0.0, 0.0]","[0.0, 0.0, 0.0]",0,3856.9013671875,0,32.46824989318848,"[0.0, 7.65991210812, 13.4277343728]","[0, 0, 0]",0,3,0.0,0.0,3.858,0,0,0,4294967.295,3750001.664,0,77513,0,113.963134765625,133.62213134765625,0.5969807505607605,0,state.PRE_FLIGHT,1182,-29,0,-28,0.0,4713,4713,"[11.1, 0.5, 16.5, 10.6, 15.9, 16.5, 0, 0]","[13.482, 13.838, 13.838]",-23.556,"[2.9952, 3.3104, 5.0048, 7.3616, 8.4528, 27.8288]","[0.02625, 0.224375, -0.003125, 0.00125, -0.004375, -0.003125]",0,0,0.0,"[1, 1, 1, 1, 1, 1]",73.72775597845911,0.0,0.0,0,0.0
1774904439.870875,"[0, 0, 0, 0, 0, 0]","[1291, 1500, 1500, 1500]","[-25.08, 0.0, 0.0, 0.0]","[0.0, 0.0, 0.0]",0,3854.549560546875,0,32.48136573791504,"[0.0, -2.41088867148, -14.709472653839999]","[0, 0, 0]",0,3,0.0,0.0,3.858,0,0,0,4294967.295,3750001.664,0,77573,0,113.87125396728516,133.70391845703125,0.5969807505607605,0,state.PRE_FLIGHT,1183,-29,0,-29,0.0,4713,4713,"[10.4, 0.5, 15.9, 10.4, 15.5, 15.9, 0, 0]","[13.482, 13.838, 13.838]",-23.556,"[2.9952, 3.3104, 5.0048, 7.3616, 8.4528, 27.8288]","[0.02625, 0.224375, -0.003125, 0.00125, -0.004375, -0.003125]",0,0,0.0,"[1, 1, 1, 1, 1, 1]",73.76317377148953,0.0,0.0,0,0.0
1774904439.9314141,"[0, 0, 0, 0, 0, 0]","[1291, 1500, 1500, 1500]","[-25.08, 0.0, 0.0, 0.0]","[0.0, 0.0, 0.0]",0,3852.197509765625,0,32.49010963439942,"[0.0, 5.09643554604, -0.54931640616]","[0, 0, 0]",0,3,0.0,0.0,3.854,0,0,0,4294967.295,3750001.664,0,77633,0,113.91368103027344,133.5897674560547,0.5969807505607605,0,state.PRE_FLIGHT,1184,-30,0,-29,0.0,4713,4713,"[10.2, 0.5, 17.0, 10.6, 15.5, 16.5, 0, 0]","[13.482, 13.838, 13.838]",-23.556,"[2.9968000000000004, 3.3120000000000003, 5.0032000000000005, 7.364800000000001, 8.427200000000001, 27.8256]","[0.038125, 0.245, -0.003125, -0.0025, -0.0025, -0.00125]",0,0,0.0,"[1, 1, 1, 1, 1, 1]",73.77013193932926,0.0,0.0,0,0.0
1774904439.9919374,"[0, 0, 0, 0, 0, 0]","[1291, 1500, 1500, 1500]","[-25.08, 0.0, 0.0, 0.0]","[0.0, 0.0, 0.0]",0,3850.23779296875,0,32.47699378967285,"[0.0, -4.36401367116, -12.268066404239999]","[0, 0, 0]",0,3,0.0,0.0,3.85,0,0,0,4294967.295,3750001.664,0,77687,0,113.52704620361328,133.94737243652344,0.5969807505607605,0,state.PRE_FLIGHT,1185,-30,0,-30,0.0,4713,4713,"[10.8, 0.5, 15.9, 10.4, 15.0, 17.0, 0, 0]","[13.482, 13.838, 13.838]",-23.556,"[2.9968000000000004, 3.3120000000000003, 5.0032000000000005, 7.364800000000001, 8.427200000000001, 27.8256]","[0.038125, 0.245, -0.003125, -0.0025, -0.0025, -0.00125]",0,0,0.0,"[1, 1, 1, 1, 1, 1]",73.9169034044463,0.0,0.0,0,0.0
1774904440.0524895,"[0, 0, 0, 0, 0, 0]","[1291, 1500, 1500, 1500]","[-25.08, 0.0, 0.0, 0.0]","[0.0, 0.0, 0.0]",0,3847.885986328125,0,32.49010963439942,"[0.0, -9.85717773276, 6.34765624896]","[0, 0, 0]",0,3,0.0,0.0,3.85,0,0,0,4294967.295,3750001.664,0,77747,0,113.66621398925781,134.50216674804688,0.5969807505607605,0,state.PRE_FLIGHT,1186,-30,0,-30,0.0,4713,4713,"[10.6, 0.5, 15.9, 10.4, 16.5, 17.6, 0, 0]","[13.482, 13.838, 13.838]",-23.556,"[2.9952, 3.3120000000000003, 5.0032000000000005, 7.3632, 8.443200000000001, 27.8272]","[0.028125, 0.306875, -0.00375, -0.003125, -0.004375, 0.0]",0,0,0.0,"[1, 1, 1, 1, 1, 1]",73.65853508664294,0.0,0.0,0,0.0
1774904440.1130042,"[0, 0, 0, 0, 0, 0]","[1291, 1500, 1500, 1500]","[-25.08, 0.0, 0.0, 0.0]","[0.0, 0.0, 0.0]",0,3845.53466796875,0,32.49885353088379,"[0.0, -4.7302246086, -1.46484374976]","[0, 0, 0]",0,3,0.0,0.0,3.846,0,0,0,4294967.295,3750001.664,0,77807,0,113.88958740234375,134.65171813964844,0.5969807505607605,0,state.PRE_FLIGHT,1187,-29,0,-29,0.0,4713,4713,"[10.4, 0.5, 15.9, 10.6, 15.5, 16.5, 0, 0]","[13.482, 13.838, 13.838]",-23.556,"[2.9952, 3.3120000000000003, 5.0032000000000005, 7.3632, 8.443200000000001, 27.8272]","[0.028125, 0.306875, -0.00375, -0.003125, -0.004375, 0.0]",0,0,0.0,"[1, 1, 1, 1, 1, 1]",73.46416928882192,0.0,0.0,0,0.0
1774904440.1730182,"[0, 0, 0, 0, 0, 0]","[1291, 1500, 1500, 1500]","[-25.08, 0.0, 0.0, 0.0]","[0.0, 0.0, 0.0]",0,3843.1845703125,0,32.50322547912597,"[0.0, 4.9133300773199995, 2.07519531216]","[0, 0, 0]",0,3,0.0,0.0,3.846,0,0,0,4294967.295,3750001.664,0,77867,0,113.96341705322266,135.06065368652344,0.5969807505607605,0,state.PRE_FLIGHT,1188,-29,0,-29,0.0,4713,4713,"[10.4, 0.5, 15.9, 10.6, 15.5, 16.5, 0, 0]","[13.482, 13.838, 13.838]",-23.556,"[2.9952, 3.3104, 5.0016, 7.36, 8.4624, 27.8272]","[0.029375000000000002, 0.618125, -0.003125, 0.00125, -0.00375, -0.004375]",0,0,0.0,"[1, 1, 1, 1, 1, 1]",73.29180020586104,0.0,0.0,0,0.0
1774904440.2184367,"[0, 0, 0, 0, 0, 0]","[1291, 1500, 1500, 1500]","[-25.08, 0.0, 0.0, 0.0]","[0.0, 0.0, 0.0]",0,3840.83447265625,0,32.472621841430666,"[0.0, 4.3029785149199995, 5.24902343664]","[0, 0, 0]",0,3,0.0,0.0,3.842,0,0,0,4294967.295,3750001.664,0,77921,0,114.00830078125,134.6993408203125,0.5969807505607605,0,state.PRE_FLIGHT,1189,-29,0,-29,0.0,4713,4713,"[10.6, 0.5, 17.0, 10.8, 15.9, 17.0, 0, 0]","[13.482, 13.838, 13.838]",-23.556,"[2.9952, 3.3104, 5.0016, 7.36, 8.4624, 27.8272]","[0.029375000000000002, 0.618125, -0.003125, 0.00125, -0.00375, -0.004375]",0,0,0.0,"[1, 1, 1, 1, 1, 1]",73.37023559876587,0.0,0.0,0,0.0
1774904440.2787855,"[0, 0, 0, 0, 0, 0]","[1291, 1500, 1500, 1500]","[-25.08, 0.0, 0.0, 0.0]","[0.0, 0.0, 0.0]",0,3838.484619140625,0,32.49010963439942,"[0.0, 2.71606445268, -2.96020507764]","[0, 0, 0]",0,3,0.0,0.0,3.838,0,0,0,4294967.295,3750001.664,0,77981,0,114.27774047851562,134.466796875,0.5969807505607605,0,state.PRE_FLIGHT,1190,-30,0,-29,0.0,4713,4713,"[10.4, 0.5, 16.5, 10.6, 15.5, 17.0, 0, 0]","[13.482, 13.838, 13.838]",-23.556,"[2.9936000000000003, 3.3120000000000003, 5.0048, 7.368, 8.448, 27.8304]","[0.03125, 0.595, 0.0, 0.00125, -0.005625, 0.000625]",0,0,0.0,"[1, 1, 1, 1, 1, 1]",73.26078406188336,0.0,0.0,0,0.0
1774904440.339309,"[0, 0, 0, 0, 0, 0]","[1291, 1500, 1500, 1500]","[-25.08, 0.0, 0.0, 0.0]","[0.0, 0.0, 0.0]",0,3836.134521484375,0,32.50322547912597,"[0.0, -10.65063476388, 5.98144531152]","[0, 0, 0]",0,3,0.0,0.0,3.838,0,0,0,4294967.295,3750001.664,0,78041,0,114.26586151123047,134.4979248046875,0.5969807505607605,0,state.PRE_FLIGHT,1191,-28,0,-29,0.0,4713,4713,"[10.6, 0.5, 16.5, 10.8, 16.5, 17.0, 0, 0]","[13.482, 13.838, 13.838]",-23.556,"[2.9936000000000003, 3.3120000000000003, 5.0048, 7.368, 8.448, 27.8304]","[0.03125, 0.595, 0.0, 0.00125, -0.005625, 0.000625]",0,0,0.0,"[1, 1, 1, 1, 1, 1]",73.25917431907656,0.0,0.0,0,0.0
1774904440.3998528,"[0, 0, 0, 0, 0, 0]","[1291, 1500, 1500, 1500]","[-25.08, 0.0, 0.0, 0.0]","[0.0, 0.0, 0.0]",0,3833.78515625,0,32.49885353088379,"[0.0, -3.38745117132, 14.1906738258]","[0, 0, 0]",0,3,0.0,0.0,3.834,0,0,0,4294967.295,3750001.664,0,78101,0,114.34953308105469,135.1448974609375,0.5969807505607605,0,state.PRE_FLIGHT,1192,-28,0,-28,0.0,4713,4713,"[10.4, 0.5, 16.5, 10.6, 15.5, 16.5, 0, 0]","[13.482, 13.838, 13.838]",-23.556,"[2.9952, 3.3104, 5.0, 7.3664000000000005, 8.4688, 27.8288]","[0.033125, 0.235625, -0.0025, -0.000625, -0.001875, -0.00625]",0,0,0.0,"[1, 1, 1, 1, 1, 1]",73.00561487166037,0.0,0.0,0,0.0
1774904440.4488547,"[0, 0, 0, 0, 0, 0]","[1291, 1500, 1500, 1500]","[-25.08, 0.0, 0.0, 0.0]","[0.0, 0.0, 0.0]",0,3831.828125,0,32.49885353088379,"[0.0, -13.64135741964, -1.8310546872]","[0, 0, 0]",0,3,0.0,0.0,3.834,0,0,0,4294967.295,3750001.664,0,78155,0,114.4459457397461,135.65582275390625,0.5969807505607605,0,state.PRE_FLIGHT,1193,-27,0,-27,0.0,4713,4713,"[10.2, 0.5, 17.0, 10.4, 15.5, 16.5, 0, 0]","[13.482, 13.838, 13.838]",-23.556,"[2.9952, 3.3104, 5.0, 7.3664000000000005, 8.4688, 27.8288]","[0.033125, 0.235625, -0.0025, -0.000625, -0.001875, -0.00625]",0,0,0.0,"[1, 1, 1, 1, 1, 1]",72.78516019281493,0.0,0.0,0,0.0
1774904440.5209131,"[0, 0, 0, 0, 0, 0]","[1291, 1500, 1500, 1500]","[-25.08, 0.0, 0.0, 0.0]","[0.0, 0.0, 0.0]",0,3829.47998046875,0,32.50322547912597,"[0.0, 4.48608398364, -1.8310546872]","[0, 0, 0]",0,3,0.0,0.0,3.83,0,0,0,4294967.295,3750001.664,0,78215,0,114.44351196289062,135.30303955078125,0.5969807505607605,0,state.PRE_FLIGHT,1194,-26,0,-27,0.0,4713,4713,"[10.4, 0.5, 17.0, 10.6, 15.9, 17.6, 0, 0]","[13.482, 13.838, 13.838]",-23.556,"[2.9952, 3.3120000000000003, 5.0032000000000005, 7.3664000000000005, 8.440000000000001, 27.8256]","[0.035625000000000004, 0.251875, -0.001875, 0.0025, -0.000625, 0.000625]",0,0,0.0,"[1, 1, 1, 1, 1, 1]",72.89394362371152,0.0,0.0,0,0.0
1774904440.5809333,"[0, 0, 0, 0, 0, 0]","[1291, 1500, 1500, 1500]","[-25.08, 0.0, 0.0, 0.0]","[0.0, 0.0, 0.0]",0,3827.1318359375,0,32.52508522033691,"[0.0, -7.90405273308, 10.65063476388]","[0, 0, 0]",0,3,0.0,0.0,3.83,0,0,0,4294967.295,3750001.664,0,78275,0,114.82649993896484,135.68450927734375,0.5969807505607605,0,state.PRE_FLIGHT,1195,-27,0,-26,0.0,4713,4713,"[10.6, 0.5, 16.5, 10.8, 15.5, 16.5, 0, 0]","[13.482, 13.838, 13.838]",-23.556,"[2.9936000000000003, 3.3120000000000003, 5.0048, 7.3616, 8.4464, 27.8256]","[0.033125, 0.21937500000000001, -0.0025, -0.0025, -0.0025, 0.000625]",0,0,0.0,"[1, 1, 1, 1, 1, 1]",72.51717074781854,0.0,0.0,0,0.0
1774904440.6404574,"[0, 0, 0, 0, 0, 0]","[1291, 1500, 1500, 1500]","[-25.08, 0.0, 0.0, 0.0]","[0.0, 0.0, 0.0]",0,3824.78369140625,0,32.49010963439942,"[0.0, 21.08764648092, -14.89257812256]","[0, 0, 0]",0,3,0.0,0.0,3.826,0,0,0,4294967.295,3750001.664,0,78335,0,114.52190399169922,134.9783477783203,0.5969807505607605,0,state.PRE_FLIGHT,1196,-27,0,-27,0.0,4713,4713,"[10.4, 0.5, 16.5, 10.4, 15.5, 16.5, 0, 0]","[13.482, 13.838, 13.838]",-23.556,"[2.9936000000000003, 3.3120000000000003, 5.0048, 7.3616, 8.4464, 27.8256]","[0.033125, 0.21937500000000001, -0.0025, -0.0025, -0.0025, 0.000625]",0,0,0.0,"[1, 1, 1, 1, 1, 1]",72.94033226148048,0.0,0.0,0,0.0
1774904440.686995,"[0, 0, 0, 0, 0, 0]","[1291, 1500, 1500, 1500]","[-25.08, 0.0, 0.0, 0.0]","[0.0, 0.0, 0.0]",0,3822.82666015625,0,32.50759742736816,"[0.0, -9.3078613266, 6.34765624896]","[0, 0, 0]",0,3,0.0,0.0,3.822,0,0,0,4294967.295,3750001.664,0,78389,0,114.37873840332031,133.90158081054688,0.5969807505607605,0,state.PRE_FLIGHT,1197,-28,0,-28,0.0,4713,4713,"[10.6, 0.5, 16.5, 10.6, 15.9, 16.5, 0, 0]","[13.482, 13.838, 13.838]",-23.556,"[2.9952, 3.3120000000000003, 5.0032000000000005, 7.368, 8.4544, 27.8288]","[0.033125, 0.280625, -0.004375, -0.003125, -0.0025, 0.000625]",0,0,0.0,"[1, 1, 1, 1, 1, 1]",73.36813914784321,0.0,0.0,0,0.0
1774904440.7470355,"[0, 0, 0, 0, 0, 0]","[1291, 1500, 1500, 1500]","[-25.08, 0.0, 0.0, 0.0]","[0.0, 0.0, 0.0]",0,3820.478515625,0,32.49885353088379,"[0.0, -2.41088867148, -0.1525878906]","[0, 0, 0]",0,3,0.0,0.0,3.822,0,0,0,4294967.295,3750001.664,0,78449,0,114.44344329833984,134.14389038085938,0.5969807505607605,0,state.PRE_FLIGHT,1198,-30,0,-29,0.0,4713,4713,"[10.6, 0.5, 15.9, 10.6, 15.5, 17.0, 0, 0]","[13.482, 13.838, 13.838]",-23.556,"[2.9952, 3.3120000000000003, 5.0032000000000005, 7.368, 8.4544, 27.8288]","[0.033125, 0.280625, -0.004375, -0.003125, -0.0025, 0.000625]",0,0,0.0,"[1, 1, 1, 1, 1, 1]",73.25021614772953,0.0,0.0,0,0.0
1774904440.8078637,"[0, 0, 0, 0, 0, 0]","[1291, 1500, 1500, 1500]","[-25.08, 0.0, 0.0, 0.0]","[0.0, 0.0, 0.0]",0,3818.130859375,0,32.51196937561035,"[0.0, -5.5236816397199995, -3.5095214838]","[0, 0, 0]",0,3,0.0,0.0,3.818,0,0,0,4294967.295,3750001.664,0,78509,0,114.3179931640625,134.17930603027344,0.5969807505607605,0,state.PRE_FLIGHT,1199,-29,0,-29,0.0,4713,4713,"[10.6, 0.5, 16.5, 10.8, 15.9, 17.0, 0, 0]","[13.482, 13.838, 13.838]",-23.556,"[2.9968000000000004, 3.3104, 5.0032000000000005, 7.364800000000001, 8.448, 27.8272]","[0.03625, 0.635625, -0.003125, -0.00125, -0.003125, -0.000625]",0,0,0.0,"[1, 1, 1, 1, 1, 1]",73.32238231058442,0.0,0.0,0,0.0
1774904440.8678763,"[0, 0, 0, 0, 0, 0]","[1291, 1500, 1500, 1500]","[-25.08, 0.0, 0.0, 0.0]","[0.0, 0.0, 0.0]",0,3815.78466796875,0,32.48573768615723,"[0.0, -12.42065429484, 3.38745117132]","[0, 0, 0]",0,3,0.0,0.0,3.818,0,0,0,4294967.295,3750001.664,0,78569,0,114.36225128173828,134.35324096679688,0.5969807505607605,0,state.PRE_FLIGHT,1200,-29,0,-29,0.0,4713,4713,"[10.8, 0.5, 17.0, 10.6, 15.5, 16.5, 0, 0]","[13.482, 13.838, 13.838]",-23.556,"[2.9968000000000004, 3.3104, 5.0032000000000005, 7.364800000000001, 8.448, 27.8272]","[0.03625, 0.635625, -0.003125, -0.00125, -0.003125, -0.000625]",0,0,0.0,"[1, 1, 1, 1, 1, 1]",73.23939217813384,0.0,0.0,0,0.0
1774904440.9284008,"[0, 0, 0, 0, 0, 0]","[1291, 1500, 1500, 1500]","[-25.08, 0.0, 0.0, 0.0]","[0.0, 0.0, 0.0]",0,3813.438232421875,0,32.49010963439942,"[0.0, 2.53295898396, -1.64794921848]","[0, 0, 0]",0,3,0.0,0.0,3.815,0,0,0,4294967.295,3750001.664,0,78623,0,114.10639953613281,134.42930603027344,0.5969807505607605,0,state.PRE_FLIGHT,1201,-28,0,-27,0.0,4713,4713,"[10.2, 0.5, 17.0, 10.4, 17.0, 15.9, 0, 0]","[13.482, 13.838, 13.838]",-23.556,"[2.9952, 3.3088, 5.0048, 7.3616, 8.432, 27.8288]","[0.035, 0.6218750000000001, -0.003125, 0.00125, -0.0025, 0.00375]",0,0,0.0,"[1, 1, 1, 1, 1, 1]",73.38648502573986,0.0,0.0,0,0.0
1774904440.9889414,"[0, 0, 0, 0, 0, 0]","[1291, 1500, 1500, 1500]","[-25.08, 0.0, 0.0, 0.0]","[0.0, 0.0, 0.0]",0,3811.091796875,0,32.49885353088379,"[0.0, 4.48608398364, 0.762939453]","[0, 0, 0]",0,3,0.0,0.0,3.811,0,0,0,4294967.295,3750001.664,0,78683,0,114.21383666992188,134.57272338867188,0.5969807505607605,0,state.PRE_FLIGHT,1202,-27,0,-27,0.0,4713,4713,"[10.6, 0.5, 16.5, 10.8, 16.5, 17.0, 0, 0]","[13.482, 13.838, 13.838]",-23.556,"[2.9952, 3.3088, 5.0048, 7.3616, 8.432, 27.8288]","[0.035, 0.6218750000000001, -0.003125, 0.00125, -0.0025, 0.00375]",0,0,0.0,"[1, 1, 1, 1, 1, 1]",73.27105825148351,0.0,0.0,0,0.0
1774904441.049237,"[0, 0, 0, 0, 0, 0]","[1291, 1500, 1500, 1500]","[-25.08, 0.0, 0.0, 0.0]","[0.0, 0.0, 0.0]",0,3808.747314453125,0,32.51634132385254,"[0.0, 3.93676757748, -5.55419921784]","[0, 0, 0]",0,3,0.0,0.0,3.811,0,0,0,4294967.295,3750001.664,0,78743,0,114.44087219238281,134.39938354492188,0.5969807505607605,0,state.PRE_FLIGHT,1203,-29,0,-29,0.0,4713,4713,"[10.4, 0.5, 17.0, 10.4, 15.9, 16.5, 0, 0]","[13.482, 13.838, 13.838]",-23.556,"[2.9936000000000003, 3.3104, 5.0048, 7.3664000000000005, 8.4512, 27.8256]","[0.03375, 0.625, 0.0, 0.0025, -0.003125, -0.00125]",0,0,0.0,"[1, 1, 1, 1, 1, 1]",73.17285576804112,0.0,0.0,0,0.0
1774904441.1107676,"[0, 0, 0, 0, 0, 0]","[1291, 1500, 1500, 1500]","[-25.08, 0.0, 0.0, 0.0]","[0.0, 0.0, 0.0]",0,3806.40283203125,0,32.520713272094724,"[0.0, -16.20483398172, -7.2326660144399995]","[0, 0, 0]",0,3,0.0,0.0,3.807,0,0,0,4294967.295,3750001.664,0,78803,0,114.12560272216797,134.59288024902344,0.5969807505607605,0,state.PRE_FLIGHT,1204,-29,0,-29,0.0,4713,4713,"[10.2, 0.5, 16.5, 10.6, 15.9, 16.5, 0, 0]","[13.482, 13.838, 13.838]",-23.556,"[2.9936000000000003, 3.3104, 5.0048, 7.3664000000000005, 8.4512, 27.8256]","[0.03375, 0.625, 0.0, 0.0025, -0.003125, -0.00125]",0,0,0.0,"[1, 1, 1, 1, 1, 1]",73.32391564178609,0.0,0.0,0,0.0
1774904441.1577668,"[0, 0, 0, 0, 0, 0]","[1291, 1500, 1500, 1500]","[-25.08, 0.0, 0.0, 0.0]","[0.0, 0.0, 0.0]",0,3804.448974609375,0,32.50322547912597,"[0.0, 3.93676757748, -1.8310546872]","[0, 0, 0]",0,3,0.0,0.0,3.807,0,0,0,4294967.295,3750001.664,0,78857,0,114.07785034179688,134.5082550048828,0.5969807505607605,0,state.PRE_FLIGHT,1205,-27,0,-28,0.0,4713,4713,"[11.1, 0.5, 15.9, 10.4, 16.5, 16.5, 0, 0]","[13.482, 13.838, 13.838]",-23.556,"[2.9952, 3.3120000000000003, 5.0016, 7.3696, 8.4448, 27.8288]","[0.036875, 0.2425, -0.00375, -0.003125, -0.0025, -0.001875]",0,0,0.0,"[1, 1, 1, 1, 1, 1]",73.38153708786464,0.0,0.0,0,0.0
1774904441.2182982,"[0, 0, 0, 0, 0, 0]","[1291, 1500, 1500, 1500]","[-25.08, 0.0, 0.0, 0.0]","[0.0, 0.0, 0.0]",0,3802.104248046875,0,32.50322547912597,"[0.0, -5.340576171, 4.85229492108]","[0, 0, 0]",0,3,0.0,0.0,3.803,0,0,0,4294967.295,3750001.664,0,78917,0,114.19657135009766,134.85250854492188,0.5969807505607605,0,state.PRE_FLIGHT,1206,-27,0,-28,0.0,4713,4713,"[10.6, 0.5, 15.9, 10.4, 15.9, 17.0, 0, 0]","[13.482, 13.838, 13.838]",-23.556,"[2.9968000000000004, 3.3104, 5.0032000000000005, 7.36, 8.4448, 27.8256]","[0.03, 0.19625, -0.003125, -0.005, -0.0025, -0.005]",0,0,0.0,"[1, 1, 1, 1, 1, 1]",73.19748959113545,0.0,0.0,0,0.0
1774904441.279627,"[0, 0, 0, 0, 0, 0]","[1291, 1500, 1500, 1500]","[-25.08, 0.0, 0.0, 0.0]","[0.0, 0.0, 0.0]",0,3799.759765625,0,32.50759742736816,"[0.0, 8.63647460796, -4.2724609368]","[0, 0, 0]",0,3,0.0,0.0,3.803,0,0,0,4294967.295,3750001.664,0,78977,0,114.34912872314453,134.73834228515625,0.5969807505607605,0,state.PRE_FLIGHT,1207,-26,0,-27,0.0,4713,4713,"[10.4, 0.5, 17.0, 10.8, 17.0, 17.0, 0, 0]","[13.482, 13.838, 13.838]",-23.556,"[2.9968000000000004, 3.3104, 5.0032000000000005, 7.36, 8.4448, 27.8256]","[0.03, 0.19625, -0.003125, -0.005, -0.0025, -0.005]",0,0,0.0,"[1, 1, 1, 1, 1, 1]",73.12991065071905,0.0,0.0,0,0.0
1774904441.3421524,"[0, 0, 0, 0, 0, 0]","[1291, 1500, 1500, 1500]","[-25.08, 0.0, 0.0, 0.0]","[0.0, 0.0, 0.0]",0,3797.416748046875,0,32.494481582641605,"[0.0, 4.48608398364, 9.338378904719999]","[0, 0, 0]",0,3,0.0,0.0,3.799,0,0,0,4294967.295,3750001.664,0,79037,0,114.50877380371094,134.6345672607422,0.5969807505607605,0,state.PRE_FLIGHT,1208,-24,0,-26,0.0,4713,4713,"[10.6, 0.5, 15.9, 10.6, 16.5, 15.9, 0, 0]","[13.482, 13.838, 13.838]",-23.556,"[2.9968000000000004, 3.3136, 5.0048, 7.3632, 8.456000000000001, 27.8288]","[0.035625000000000004, 0.253125, 0.000625, -0.0025, 0.000625, -0.0025]",0,0,0.0,"[1, 1, 1, 1, 1, 1]",73.05496833649015,0.0,0.0,0,0.0
1774904441.3886878,"[0, 0, 0, 0, 0, 0]","[1291, 1500, 1500, 1500]","[-25.08, 0.0, 0.0, 0.0]","[0.0, 0.0, 0.0]",0,3795.07373046875,0,32.49010963439942,"[0.0, 0.94604492172, 9.52148437344]","[0, 0, 0]",0,3,0.0,0.0,3.795,0,0,0,4294967.295,3750001.664,0,79091,0,114.63602447509766,134.74085998535156,0.5969807505607605,0,state.PRE_FLIGHT,1209,-24,0,-24,0.0,4713,4713,"[10.4, 0.5, 16.5, 10.4, 15.0, 16.5, 0, 0]","[13.482, 13.838, 13.838]",-23.556,"[2.9968000000000004, 3.3136, 5.0048, 7.3632, 8.456000000000001, 27.8288]","[0.035625000000000004, 0.253125, 0.000625, -0.0025, 0.000625, -0.0025]",0,0,0.0,"[1, 1, 1, 1, 1, 1]",72.93700299336182,0.0,0.0,0,0.0
1774904441.4506912,"[0, 0, 0, 0, 0, 0]","[1291, 1500, 1500, 1500]","[-25.08, 0.0, 0.0, 0.0]","[0.0, 0.0, 0.0]",0,3792.729248046875,0,32.494481582641605,"[0.0, -4.7302246086, 7.4768066393999995]","[0, 0, 0]",0,3,0.0,0.0,3.795,0,0,0,4294967.295,3750001.664,0,79151,0,114.5499267578125,134.8995819091797,0.5969807505607605,0,state.PRE_FLIGHT,1210,-25,0,-25,0.0,4713,4713,"[10.0, 0.5, 16.5, 10.6, 14.6, 15.9, 0, 0]","[13.482, 13.838, 13.838]",-23.556,"[2.9952, 3.3104, 5.0048, 7.3632, 8.4352, 27.8272]","[0.03125, 0.22125, -0.000625, -0.001875, 0.000625, -0.003125]",0,0,0.0,"[1, 1, 1, 1, 1, 1]",72.94571555409519,0.0,0.0,0,0.0
1774904441.5122247,"[0, 0, 0, 0, 0, 0]","[1291, 1500, 1500, 1500]","[-25.08, 0.0, 0.0, 0.0]","[0.0, 0.0, 0.0]",0,3790.386474609375,0,32.50759742736816,"[0.0, -5.7678222646799995, 12.14599609176]","[0, 0, 0]",0,3,0.0,0.0,3.791,0,0,0,4294967.295,3750001.664,0,79211,0,114.69120025634766,134.8208465576172,0.5969807505607605,0,state.PRE_FLIGHT,1211,-26,0,-25,0.0,4713,4713,"[10.4, 0.5, 16.5, 10.4, 15.9, 15.9, 0, 0]","[13.482, 13.838, 13.838]",-23.556,"[2.9952, 3.3104, 5.0048, 7.3632, 8.4352, 27.8272]","[0.03125, 0.22125, -0.000625, -0.001875, 0.000625, -0.003125]",0,0,0.0,"[1, 1, 1, 1, 1, 1]",72.87526395183377,0.0,0.0,0,0.0
1774904441.5757558,"[0, 0, 0, 0, 0, 0]","[1291, 1500, 1500, 1500]","[-25.08, 0.0, 0.0, 0.0]","[0.0, 0.0, 0.0]",0,3788.045654296875,0,32.49010963439942,"[0.0, 4.3029785149199995, -9.67407226404]","[0, 0, 0]",0,3,0.0,0.0,3.791,0,0,0,4294967.295,3750001.664,0,79271,0,114.4412841796875,134.83425903320312,0.5969807505607605,0,state.PRE_FLIGHT,1212,-26,0,-26,0.0,4713,4713,"[10.4, 0.5, 15.9, 10.8, 15.9, 16.5, 0, 0]","[13.482, 13.838, 13.838]",-23.556,"[2.9936000000000003, 3.3136, 5.0016, 7.3664000000000005, 8.457600000000001, 27.8304]","[0.033125, 0.5856250000000001, -0.000625, -0.0025, -0.004375, 0.005625]",0,0,0.0,"[1, 1, 1, 1, 1, 1]",73.03872408735161,0.0,0.0,0,0.0
1774904441.6212938,"[0, 0, 0, 0, 0, 0]","[1291, 1500, 1500, 1500]","[-25.08, 0.0, 0.0, 0.0]","[0.0, 0.0, 0.0]",0,3786.09375,0,32.50759742736816,"[0.0, 0.03051757812, 0.762939453]","[0, 0, 0]",0,3,0.0,0.0,3.787,0,0,0,4294967.295,3750001.664,0,79325,0,114.28282165527344,134.8956298828125,0.5969807505607605,0,state.PRE_FLIGHT,1213,-27,0,-26,0.0,4713,4713,"[10.4, 0.5, 15.5, 10.6, 15.5, 15.9, 0, 0]","[13.482, 13.838, 13.838]",-23.556,"[2.9936000000000003, 3.3136, 5.0016, 7.3664000000000005, 8.457600000000001, 27.8304]","[0.033125, 0.5856250000000001, -0.000625, -0.0025, -0.004375, 0.005625]",0,0,0.0,"[1, 1, 1, 1, 1, 1]",73.12640739853218,0.0,0.0,0,0.0
1774904441.6812973,"[0, 0, 0, 0, 0, 0]","[1291, 1500, 1500, 1500]","[-25.08, 0.0, 0.0, 0.0]","[0.0, 0.0, 0.0]",0,3783.7509765625,0,32.51196937561035,"[0.0, -7.53784179564, 1.70898437472]","[0, 0, 0]",0,3,0.0,0.0,3.783,0,0,0,4294967.295,3750001.664,0,79385,0,114.60999298095703,134.92124938964844,0.5969807505607605,0,state.PRE_FLIGHT,1214,-29,0,-28,0.0,4713,4713,"[10.6, 0.5, 16.5, 10.6, 15.9, 17.0, 0, 0]","[13.482, 13.838, 13.838]",-23.556,"[2.9984, 3.3136, 5.0048, 7.3616, 8.4496, 27.8256]","[0.033125, 0.6062500000000001, -0.005625, -0.003125, -0.005, 0.005625]",0,0,0.0,"[1, 1, 1, 1, 1, 1]",72.89869533292233,0.0,0.0,0,0.0
1774904441.7418218,"[0, 0, 0, 0, 0, 0]","[1291, 1500, 1500, 1500]","[-25.08, 0.0, 0.0, 0.0]","[0.0, 0.0, 0.0]",0,3781.409912109375,0,32.49885353088379,"[0.0, -6.92749023324, -2.77709960892]","[0, 0, 0]",0,3,0.0,0.0,3.783,0,0,0,4294967.295,3750001.664,0,79445,0,114.58710479736328,135.11593627929688,0.5969807505607605,0,state.PRE_FLIGHT,1215,-32,0,-30,0.0,4713,4713,"[10.0, 0.5, 17.0, 10.0, 15.9, 17.6, 0, 0]","[13.482, 13.838, 13.838]",-23.556,"[2.9984, 3.3136, 5.0048, 7.3616, 8.4496, 27.8256]","[0.033125, 0.6062500000000001, -0.005625, -0.003125, -0.005, 0.005625]",0,0,0.0,"[1, 1, 1, 1, 1, 1]",72.85415609326779,0.0,0.0,0,0.0
1774904441.8037858,"[0, 0, 0, 0, 0, 0]","[1291, 1500, 1500, 1500]","[-25.08, 0.0, 0.0, 0.0]","[0.0, 0.0, 0.0]",0,3779.069091796875,0,32.50759742736816,"[0.0, 0.57983398428, 8.02612304556]","[0, 0, 0]",0,3,0.0,0.0,3.779,0,0,0,4294967.295,3750001.664,0,79505,0,114.55293273925781,135.19651794433594,0.5969807505607605,0,state.PRE_FLIGHT,1216,-35,0,-32,0.0,4713,4713,"[10.4, 0.5, 16.5, 10.6, 15.0, 17.0, 0, 0]","[13.482, 13.838, 13.838]",-23.556,"[2.9936000000000003, 3.3120000000000003, 5.0032000000000005, 7.36, 8.4288, 27.824]","[0.031875, 0.241875, -0.003125, 0.0, -0.003125, 0.004375]",0,0,0.0,"[1, 1, 1, 1, 1, 1]",72.85248943999477,0.0,0.0,0,0.0
1774904441.865774,"[0, 0, 0, 0, 0, 0]","[1291, 1500, 1500, 1500]","[-25.08, 0.0, 0.0, 0.0]","[0.0, 0.0, 0.0]",0,3777.118408203125,0,32.472621841430666,"[0.0, -2.77709960892, 14.1906738258]","[0, 0, 0]",0,3,0.0,0.0,3.779,0,0,0,4294967.295,3750001.664,0,79559,0,115.03121185302734,135.19285583496094,0.5969807505607605,0,state.PRE_FLIGHT,1217,-37,0,-35,0.0,4713,4713,"[10.6, 0.5, 16.5, 10.8, 15.5, 17.6, 0, 0]","[13.482, 13.838, 13.838]",-23.556,"[2.9936000000000003, 3.3120000000000003, 5.0032000000000005, 7.36, 8.4288, 27.824]","[0.031875, 0.241875, -0.003125, 0.0, -0.003125, 0.004375]",0,0,0.0,"[1, 1, 1, 1, 1, 1]",72.53094549398651,0.0,0.0,0,0.0
1774904441.9263082,"[0, 0, 0, 0, 0, 0]","[1291, 1500, 1500, 1500]","[-25.08, 0.0, 0.0, 0.0]","[0.0, 0.0, 0.0]",0,3774.7783203125,0,32.49885353088379,"[0.0, -2.04467773404, 8.392333983]","[0, 0, 0]",0,3,0.0,0.0,3.775,0,0,0,4294967.295,3750001.664,0,79619,0,115.5130844116211,135.38143920898438,0.5969807505607605,0,state.PRE_FLIGHT,1218,-36,0,-36,0.0,4713,4713,"[10.6, 0.5, 16.5, 10.6, 15.0, 16.5, 0, 0]","[13.482, 13.838, 13.838]",-23.556,"[2.9968000000000004, 3.3120000000000003, 5.0032000000000005, 7.3664000000000005, 8.4608, 27.8256]","[0.033125, 0.24625, -0.003125, -0.00125, 0.0025, -0.00125]",0,0,0.0,"[1, 1, 1, 1, 1, 1]",72.14652058184873,0.0,0.0,0,0.0
1774904441.986849,"[0, 0, 0, 0, 0, 0]","[1291, 1500, 1500, 1500]","[-25.08, 0.0, 0.0, 0.0]","[0.0, 0.0, 0.0]",0,3772.439453125,0,32.50322547912597,"[0.0, 6.68334960828, 7.65991210812]","[0, 0, 0]",0,3,0.0,0.0,3.775,0,0,0,4294967.295,3750001.664,0,79679,0,115.65044403076172,135.3612823486328,0.5969807505607605,0,state.PRE_FLIGHT,1219,-34,0,-34,0.0,4713,4713,"[10.6, 0.5, 17.0, 10.6, 17.0, 16.5, 0, 0]","[13.482, 13.838, 13.838]",-23.556,"[2.9936000000000003, 3.3136, 5.0048, 7.3664000000000005, 8.4384, 27.8256]","[0.031875, 0.230625, -0.004375, -0.005, -0.003125, -0.00125]",0,0,0.0,"[1, 1, 1, 1, 1, 1]",72.06029011790287,0.0,0.0,0,0.0
1774904442.0333903,"[0, 0, 0, 0, 0, 0]","[1291, 1500, 1500, 1500]","[-25.08, 0.0, 0.0, 0.0]","[0.0, 0.0, 0.0]",0,3770.098876953125,0,32.51196937561035,"[0.0, 8.02612304556, 7.1105957019599995]","[0, 0, 0]",0,3,0.0,0.0,3.772,0,0,0,4294967.295,3750001.664,0,79739,0,115.83660125732422,135.53646850585938,0.5969807505607605,0,state.PRE_FLIGHT,1220,-41,0,-32,0.0,4713,4713,"[10.6, 0.5, 15.9, 10.4, 15.5, 17.6, 0, 0]","[13.482, 13.838, 13.838]",-23.556,"[2.9936000000000003, 3.3136, 5.0048, 7.3664000000000005, 8.4384, 27.8256]","[0.031875, 0.230625, -0.004375, -0.005, -0.003125, -0.00125]",0,0,0.0,"[1, 1, 1, 1, 1, 1]",71.87848761418107,0.0,0.0,0,0.0
1774904442.0929315,"[0, 0, 0, 0, 0, 0]","[1291, 1500, 1500, 1500]","[-25.08, 0.0, 0.0, 0.0]","[0.0, 0.0, 0.0]",0,3767.758056640625,0,32.520713272094724,"[0.0, 1.92260742156, 6.16455078024]","[0, 0, 0]",0,3,0.0,0.0,3.768,0,0,0,4294967.295,3750001.664,0,79793,0,115.96907043457031,135.77735900878906,0.5969807505607605,0,state.PRE_FLIGHT,1221,-36,0,-36,0.0,4713,4713,"[10.4, 0.5, 17.6, 10.6, 15.5, 16.5, 0, 0]","[13.482, 13.838, 13.838]",-23.556,"[2.9952, 3.3104, 5.0032000000000005, 7.36, 8.4704, 27.8256]","[0.028125, 0.258125, -0.003125, -0.004375, -0.003125, 0.00375]",0,0,0.0,"[1, 1, 1, 1, 1, 1]",71.7113493930394,0.0,0.0,0,0.0
1774904442.1529355,"[0, 0, 0, 0, 0, 0]","[1291, 1500, 1500, 1500]","[-25.08, 0.0, 0.0, 0.0]","[0.0, 0.0, 0.0]",0,3765.419189453125,0,32.50759742736816,"[0.0, -1.55639648412, -4.63867187424]","[0, 0, 0]",0,3,0.0,0.0,3.768,0,0,0,4294967.295,3750001.664,0,79853,0,116.08016967773438,135.9354248046875,0.5969807505607605,0,state.PRE_FLIGHT,1222,-44,0,-36,0.0,4713,4713,"[10.6, 0.5, 16.5, 10.8, 15.9, 17.0, 0, 0]","[13.482, 13.838, 13.838]",-23.556,"[2.9952, 3.3104, 5.0032000000000005, 7.36, 8.4704, 27.8256]","[0.028125, 0.258125, -0.003125, -0.004375, -0.003125, 0.00375]",0,0,0.0,"[1, 1, 1, 1, 1, 1]",71.58498048116536,0.0,0.0,0,0.0
1774904442.2134748,"[0, 0, 0, 0, 0, 0]","[1291, 1500, 1500, 1500]","[-25.08, 0.0, 0.0, 0.0]","[0.0, 0.0, 0.0]",0,3763.0810546875,0,32.50322547912597,"[0.0, -3.2043457026, -2.41088867148]","[0, 0, 0]",0,3,0.0,0.0,3.764,0,0,0,4294967.295,3750001.664,0,79913,0,115.98834228515625,135.86036682128906,0.5969807505607605,0,state.PRE_FLIGHT,1223,-36,0,-38,0.0,4713,4713,"[10.8, 0.5, 16.5, 10.2, 15.9, 17.6, 0, 0]","[13.482, 13.838, 13.838]",-23.556,"[2.9968000000000004, 3.3104, 5.0032000000000005, 7.3584000000000005, 8.440000000000001, 27.8272]","[0.0375, 0.275, -0.003125, -0.00125, -0.000625, 0.0]",0,0,0.0,"[1, 1, 1, 1, 1, 1]",71.67157093207354,0.0,0.0,0,0.0
1774904442.273248,"[0, 0, 0, 0, 0, 0]","[1291, 1500, 1500, 1500]","[-25.08, 0.0, 0.0, 0.0]","[0.0, 0.0, 0.0]",0,3760.74365234375,0,32.494481582641605,"[0.0, -8.51440429548, 7.4768066393999995]","[0, 0, 0]",0,3,0.0,0.0,3.764,0,0,0,4294967.295,3750001.664,0,79973,0,116.06405639648438,136.01052856445312,0.5969807505607605,0,state.PRE_FLIGHT,1224,-32,0,-32,0.0,4713,4713,"[10.8, 0.5, 16.5, 10.6, 15.9, 16.5, 0, 0]","[13.482, 13.838, 13.838]",-23.556,"[2.9968000000000004, 3.3104, 5.0032000000000005, 7.3584000000000005, 8.440000000000001, 27.8272]","[0.0375, 0.275, -0.003125, -0.00125, -0.000625, 0.0]",0,0,0.0,"[1, 1, 1, 1, 1, 1]",71.57176956157579,0.0,0.0,0,0.0
1774904442.321764,"[0, 0, 0, 0, 0, 0]","[1291, 1500, 1500, 1500]","[-25.08, 0.0, 0.0, 0.0]","[0.0, 0.0, 0.0]",0,3758.796142578125,0,32.50759742736816,"[0.0, -0.03051757812, 2.62451171832]","[0, 0, 0]",0,3,0.0,0.0,3.76,0,0,0,4294967.295,3750001.664,0,80027,0,115.78768157958984,136.04405212402344,0.5969807505607605,0,state.PRE_FLIGHT,1225,-32,0,-32,0.0,4713,4713,"[10.4, 0.5, 16.5, 10.8, 15.5, 17.6, 0, 0]","[13.482, 13.838, 13.838]",-23.556,"[2.9968000000000004, 3.3136, 5.0032000000000005, 7.368, 8.4336, 27.832]","[0.035, 0.6275000000000001, -0.001875, 0.004375, -0.000625, 0.0125]",0,0,0.0,"[1, 1, 1, 1, 1, 1]",71.7495019090828,0.0,0.0,0,0.0
1774904442.3827837,"[0, 0, 0, 0, 0, 0]","[1291, 1500, 1500, 1500]","[-25.08, 0.0, 0.0, 0.0]","[0.0, 0.0, 0.0]",0,3756.458740234375,0,32.50759742736816,"[0.0, -16.20483398172, 5.43212890536]","[0, 0, 0]",0,3,0.0,0.0,3.756,0,0,0,4294967.295,3750001.664,0,80087,0,116.09286499023438,136.09588623046875,0.5969807505607605,0,state.PRE_FLIGHT,1226,-32,0,-32,0.0,4713,4713,"[10.8, 0.5, 17.0, 10.4, 15.9, 16.5, 0, 0]","[13.482, 13.838, 13.838]",-23.556,"[2.9968000000000004, 3.3136, 5.0032000000000005, 7.368, 8.4336, 27.832]","[0.035, 0.6275000000000001, -0.001875, 0.004375, -0.000625, 0.0125]",0,0,0.0,"[1, 1, 1, 1, 1, 1]",71.52467766606318,0.0,0.0,0,0.0
1774904442.4433,"[0, 0, 0, 0, 0, 0]","[1291, 1500, 1500, 1500]","[-25.08, 0.0, 0.0, 0.0]","[0.0, 0.0, 0.0]",0,3754.12158203125,0,32.50759742736816,"[0.0, 1.3732910154, 2.99072265576]","[0, 0, 0]",0,3,0.0,0.0,3.756,0,0,0,4294967.295,3750001.664,0,80147,0,116.04732513427734,136.0342254638672,0.5969807505607605,0,state.PRE_FLIGHT,1227,-30,0,-30,0.0,4713,4713,"[10.4, 0.5, 17.0, 10.2, 15.5, 15.9, 0, 0]","[13.482, 13.838, 13.838]",-23.556,"[2.9968000000000004, 3.3168, 5.0, 7.3616, 8.456000000000001, 27.8288]","[0.031875, 0.625625, 0.00125, 0.004375, 0.0, 0.008125]",0,0,0.0,"[1, 1, 1, 1, 1, 1]",71.57555225360292,0.0,0.0,0,0.0
1774904442.5038624,"[0, 0, 0, 0, 0, 0]","[1291, 1500, 1500, 1500]","[-25.08, 0.0, 0.0, 0.0]","[0.0, 0.0, 0.0]",0,3751.784423828125,0,32.49885353088379,"[0.0, -16.38793945044, -1.28173828104]","[0, 0, 0]",0,3,0.0,0.0,3.752,0,0,0,4294967.295,3750001.664,0,80207,0,115.99665069580078,136.16909790039062,0.5969807505607605,0,state.PRE_FLIGHT,1228,-30,0,-30,0.0,4713,4713,"[10.4, 0.5, 16.5, 11.1, 15.5, 17.0, 0, 0]","[13.482, 13.838, 13.838]",-23.556,"[2.9968000000000004, 3.3168, 5.0, 7.3616, 8.456000000000001, 27.8288]","[0.031875, 0.625625, 0.00125, 0.004375, 0.0, 0.008125]",0,0,0.0,"[1, 1, 1, 1, 1, 1]",71.56689325922918,0.0,0.0,0,0.0
1774904442.5643857,"[0, 0, 0, 0, 0, 0]","[1291, 1500, 1500, 1500]","[-25.08, 0.0, 0.0, 0.0]","[0.0, 0.0, 0.0]",0,3749.447021484375,0,32.5294571685791,"[0.0, 0.762939453, 8.02612304556]","[0, 0, 0]",0,3,0.0,0.0,3.752,0,0,0,4294967.295,3750001.664,0,80261,0,116.10234832763672,136.10403442382812,0.5969807505607605,0,state.PRE_FLIGHT,1229,-30,0,-30,0.0,4713,4713,"[10.6, 0.5, 17.0, 10.6, 15.9, 16.5, 0, 0]","[13.482, 13.838, 13.838]",-23.556,"[2.9936000000000003, 3.3104, 5.0048, 7.36, 8.4352, 27.824]","[0.031875, 0.226875, -0.003125, -0.0025, 0.000625, -0.00375]",0,0,0.0,"[1, 1, 1, 1, 1, 1]",71.51558691877646,0.0,0.0,0,0.0
1774904442.6249144,"[0, 0, 0, 0, 0, 0]","[1291, 1500, 1500, 1500]","[-25.08, 0.0, 0.0, 0.0]","[0.0, 0.0, 0.0]",0,3747.111083984375,0,32.48136573791504,"[0.0, 6.2561035145999995, -2.01416015592]","[0, 0, 0]",0,3,0.0,0.0,3.748,0,0,0,4294967.295,3750001.664,0,80321,0,116.10386657714844,136.16998291015625,0.5969807505607605,0,state.PRE_FLIGHT,1230,-30,0,-30,0.0,4713,4713,"[10.4, 0.5, 16.5, 10.6, 15.9, 15.5, 0, 0]","[13.482, 13.838, 13.838]",-23.556,"[2.9936000000000003, 3.3104, 5.0048, 7.36, 8.4352, 27.824]","[0.031875, 0.226875, -0.003125, -0.0025, 0.000625, -0.00375]",0,0,0.0,"[1, 1, 1, 1, 1, 1]",71.49334866425697,0.0,0.0,0,0.0
1774904442.6849174,"[0, 0, 0, 0, 0, 0]","[1291, 1500, 1500, 1500]","[-25.08, 0.0, 0.0, 0.0]","[0.0, 0.0, 0.0]",0,3744.775634765625,0,32.51196937561035,"[0.0, -7.29370117068, -1.46484374976]","[0, 0, 0]",0,3,0.0,0.0,3.744,0,0,0,4294967.295,3750001.664,0,80381,0,116.30282592773438,136.25482177734375,0.5969807505607605,0,state.PRE_FLIGHT,1231,-32,0,-30,0.0,4713,4713,"[10.4, 0.5, 16.5, 10.6, 16.5, 17.0, 0, 0]","[13.482, 13.838, 13.838]",-23.556,"[2.9968000000000004, 3.3104, 5.0048, 7.3632, 8.464, 27.824]","[0.029375000000000002, 0.253125, -0.001875, 0.0, -0.001875, -0.00375]",0,0,0.0,"[1, 1, 1, 1, 1, 1]",71.33003639969901,0.0,0.0,0,0.0
1774904442.7451305,"[0, 0, 0, 0, 0, 0]","[1291, 1500, 1500, 1500]","[-25.08, 0.0, 0.0, 0.0]","[0.0, 0.0, 0.0]",0,3742.440185546875,0,32.49885353088379,"[0.0, -6.7443847645199995, -5.00488281168]","[0, 0, 0]",0,3,0.0,0.0,3.744,0,0,0,4294967.295,3750001.664,0,80441,0,116.43281555175781,136.3726348876953,0.5969807505607605,0,state.PRE_FLIGHT,1232,-33,0,-34,0.0,4713,4713,"[10.6, 0.5, 16.5, 10.6, 15.9, 16.5, 0, 0]","[13.482, 13.838, 13.838]",-23.556,"[2.9952, 3.3088, 5.0032000000000005, 7.3664000000000005, 8.440000000000001, 27.8288]","[0.035, 0.250625, -0.003125, -0.00375, -0.00375, -0.00125]",0,0,0.0,"[1, 1, 1, 1, 1, 1]",71.20294214229203,0.0,0.0,0,0.0
1774904442.791064,"[0, 0, 0, 0, 0, 0]","[1291, 1500, 1500, 1500]","[-25.08, 0.0, 0.0, 0.0]","[0.0, 0.0, 0.0]",0,3740.494140625,0,32.49885353088379,"[0.0, -4.7302246086, -5.37109374912]","[0, 0, 0]",0,3,0.0,0.0,3.74,0,0,0,4294967.295,3750001.664,0,80495,0,116.3265380859375,136.60218811035156,0.5969807505607605,0,state.PRE_FLIGHT,1233,-34,0,-34,0.0,4713,4713,"[10.2, 0.5, 17.0, 10.6, 16.5, 15.9, 0, 0]","[13.482, 13.838, 13.838]",-23.556,"[2.9952, 3.3088, 5.0032000000000005, 7.3664000000000005, 8.440000000000001, 27.8288]","[0.035, 0.250625, -0.003125, -0.00375, -0.00375, -0.00125]",0,0,0.0,"[1, 1, 1, 1, 1, 1]",71.2017002191728,0.0,0.0,0,0.0
1774904442.8509781,"[0, 0, 0, 0, 0, 0]","[1291, 1500, 1500, 1500]","[-25.08, 0.0, 0.0, 0.0]","[0.0, 0.0, 0.0]",0,3738.15869140625,0,32.51634132385254,"[0.0, 5.70678710844, -13.21411132596]","[0, 0, 0]",0,3,0.0,0.0,3.74,0,0,0,4294967.295,3750001.664,0,80555,0,116.18463897705078,136.84205627441406,0.5969807505607605,0,state.PRE_FLIGHT,1234,-35,0,-34,0.0,4713,4713,"[10.6, 0.5, 17.0, 10.4, 15.5, 17.0, 0, 0]","[13.482, 13.838, 13.838]",-23.556,"[2.9952, 3.3104, 5.0048, 7.3616, 8.427200000000001, 27.8304]","[0.03125, 0.249375, -0.004375, -0.005, 0.000625, -0.00375]",0,0,0.0,"[1, 1, 1, 1, 1, 1]",71.222726263993,0.0,0.0,0,0.0
1774904442.9115083,"[0, 0, 0, 0, 0, 0]","[1291, 1500, 1500, 1500]","[-25.08, 0.0, 0.0, 0.0]","[0.0, 0.0, 0.0]",0,3735.82421875,0,32.49885353088379,"[0.0, -5.340576171, 0.39672851556]","[0, 0, 0]",0,3,0.0,0.0,3.736,0,0,0,4294967.295,3750001.664,0,80615,0,116.0500717163086,137.1026611328125,0.5969807505607605,0,state.PRE_FLIGHT,1235,-34,0,-34,0.0,4713,4713,"[10.8, 0.5, 17.0, 10.6, 15.5, 17.6, 0, 0]","[13.482, 13.838, 13.838]",-23.556,"[2.9952, 3.3104, 5.0048, 7.3616, 8.427200000000001, 27.8304]","[0.03125, 0.249375, -0.004375, -0.005, 0.000625, -0.00375]",0,0,0.0,"[1, 1, 1, 1, 1, 1]",71.23333813427183,0.0,0.0,0,0.0
1774904442.971537,"[0, 0, 0, 0, 0, 0]","[1291, 1500, 1500, 1500]","[-25.08, 0.0, 0.0, 0.0]","[0.0, 0.0, 0.0]",0,3733.49072265625,0,32.51196937561035,"[0.0, -0.03051757812, -2.01416015592]","[0, 0, 0]",0,3,0.0,0.0,3.736,0,0,0,4294967.295,3750001.664,0,80675,0,116.17792510986328,137.10084533691406,0.5969807505607605,0,state.PRE_FLIGHT,1236,-31,0,-32,0.0,4713,4713,"[10.4, 0.5, 16.5, 10.4, 15.5, 15.9, 0, 0]","[13.482, 13.838, 13.838]",-23.556,"[2.9936000000000003, 3.3136, 5.0016, 7.3616, 8.457600000000001, 27.8256]","[0.035625000000000004, 0.471875, 0.0, -0.00125, -0.000625, -0.003125]",0,0,0.0,"[1, 1, 1, 1, 1, 1]",71.14506765121342,0.0,0.0,0,0.0
1774904443.0315847,"[0, 0, 0, 0, 0, 0]","[1291, 1500, 1500, 1500]","[-25.08, 0.0, 0.0, 0.0]","[0.0, 0.0, 0.0]",0,3731.5458984375,0,32.51196937561035,"[0.0, -10.89477538884, 0.57983398428]","[0, 0, 0]",0,3,0.0,0.0,3.733,0,0,0,4294967.295,3750001.664,0,80729,0,116.10456848144531,137.1735076904297,0.5969807505607605,0,state.PRE_FLIGHT,1237,-30,0,-30,0.0,4713,4713,"[10.6, 0.5, 15.9, 10.4, 15.9, 16.5, 0, 0]","[13.482, 13.838, 13.838]",-23.556,"[2.9936000000000003, 3.3136, 5.0016, 7.3616, 8.457600000000001, 27.8256]","[0.035625000000000004, 0.471875, 0.0, -0.00125, -0.000625, -0.003125]",0,0,0.0,"[1, 1, 1, 1, 1, 1]",71.17305935212981,0.0,0.0,0,0.0
1774904443.093176,"[0, 0, 0, 0, 0, 0]","[1291, 1500, 1500, 1500]","[-25.08, 0.0, 0.0, 0.0]","[0.0, 0.0, 0.0]",0,3729.21240234375,0,32.52508522033691,"[0.0, 2.8991699214, -3.90624999936]","[0, 0, 0]",0,3,0.0,0.0,3.729,0,0,0,4294967.295,3750001.664,0,80789,0,116.21747589111328,137.1069793701172,0.5969807505607605,0,state.PRE_FLIGHT,1238,-32,0,-31,0.0,4713,4713,"[10.4, 0.5, 15.9, 10.2, 15.9, 17.0, 0, 0]","[13.482, 13.838, 13.838]",-23.556,"[2.9904, 3.3120000000000003, 5.0048, 7.3664000000000005, 8.4384, 27.8256]","[0.026875, 0.5906250000000001, -0.001875, 0.00625, -0.0075, 0.00125]",0,0,0.0,"[1, 1, 1, 1, 1, 1]",71.11564502641856,0.0,0.0,0,0.0
1774904443.1531823,"[0, 0, 0, 0, 0, 0]","[1291, 1500, 1500, 1500]","[-25.08, 0.0, 0.0, 0.0]","[0.0, 0.0, 0.0]",0,3726.87890625,0,32.50759742736816,"[0.0, 5.2795410147599995, 5.24902343664]","[0, 0, 0]",0,3,0.0,0.0,3.729,0,0,0,4294967.295,3750001.664,0,80849,0,115.91531372070312,137.0264129638672,0.5969807505607605,0,state.PRE_FLIGHT,1239,-32,0,-32,0.0,4713,4713,"[10.6, 0.5, 16.5, 10.6, 14.6, 15.9, 0, 0]","[13.482, 13.838, 13.838]",-23.556,"[2.9904, 3.3120000000000003, 5.0048, 7.3664000000000005, 8.4384, 27.8256]","[0.026875, 0.5906250000000001, -0.001875, 0.00625, -0.0075, 0.00125]",0,0,0.0,"[1, 1, 1, 1, 1, 1]",71.35099589314996,0.0,0.0,0,0.0
1774904443.214702,"[0, 0, 0, 0, 0, 0]","[1291, 1500, 1500, 1500]","[-25.08, 0.0, 0.0, 0.0]","[0.0, 0.0, 0.0]",0,3724.5458984375,0,32.520713272094724,"[0.0, -15.4113769506, -6.68334960828]","[0, 0, 0]",0,3,0.0,0.0,3.725,0,0,0,4294967.295,3750001.664,0,80909,0,115.73037719726562,137.44024658203125,0.5969807505607605,0,state.PRE_FLIGHT,1240,-33,0,-32,0.0,4713,4713,"[10.4, 0.5, 17.6, 10.4, 15.9, 17.0, 0, 0]","[13.482, 13.838, 13.838]",-23.556,"[2.9936000000000003, 3.3136, 5.0032000000000005, 7.364800000000001, 8.4688, 27.824]","[0.0325, 0.6, -0.005, 0.004375, -0.00375, 0.0]",0,0,0.0,"[1, 1, 1, 1, 1, 1]",71.35079409481182,0.0,0.0,0,0.0
1774904443.2617102,"[0, 0, 0, 0, 0, 0]","[1291, 1500, 1500, 1500]","[-25.08, 0.0, 0.0, 0.0]","[0.0, 0.0, 0.0]",0,3722.214111328125,0,32.520713272094724,"[0.0, 1.12915039044, 2.62451171832]","[0, 0, 0]",0,3,0.0,0.0,3.725,0,0,0,4294967.295,3750001.664,0,80963,0,115.81290435791016,137.55487060546875,0.5969807505607605,0,state.PRE_FLIGHT,1241,-35,0,-34,0.0,4713,4713,"[10.4, 0.5, 16.5, 10.4, 15.9, 18.2, 0, 0]","[13.482, 13.838, 13.838]",-23.556,"[2.9936000000000003, 3.3136, 5.0032000000000005, 7.364800000000001, 8.4688, 27.824]","[0.0325, 0.6, -0.005, 0.004375, -0.00375, 0.0]",0,0,0.0,"[1, 1, 1, 1, 1, 1]",71.25740416681539,0.0,0.0,0,0.0
1774904443.323034,"[0, 0, 0, 0, 0, 0]","[1291, 1500, 1500, 1500]","[-25.08, 0.0, 0.0, 0.0]","[0.0, 0.0, 0.0]",0,3719.88232421875,0,32.50322547912597,"[0.0, 1.3732910154, -3.32641601508]","[0, 0, 0]",0,3,0.0,0.0,3.721,0,0,0,4294967.295,3750001.664,0,81023,0,115.67947387695312,138.0565948486328,0.5969807505607605,0,state.PRE_FLIGHT,1242,-36,0,-36,0.0,4713,4713,"[10.4, 0.5, 15.9, 10.8, 15.9, 17.0, 0, 0]","[13.482, 13.838, 13.838]",-23.556,"[2.9968000000000004, 3.3104, 5.0016, 7.36, 8.4448, 27.8272]","[0.036875, 0.245625, -0.005, 0.001875, -0.005, -0.005625]",0,0,0.0,"[1, 1, 1, 1, 1, 1]",71.1968436706476,0.0,0.0,0,0.0
1774904443.3830369,"[0, 0, 0, 0, 0, 0]","[1291, 1500, 1500, 1500]","[-25.08, 0.0, 0.0, 0.0]","[0.0, 0.0, 0.0]",0,3717.550537109375,0,32.51634132385254,"[0.0, -8.33129882676, 0.94604492172]","[0, 0, 0]",0,3,0.0,0.0,3.717,0,0,0,4294967.295,3750001.664,0,81083,0,115.8036880493164,138.1310577392578,0.5969807505607605,0,state.PRE_FLIGHT,1243,-38,0,-38,0.0,4713,4713,"[10.8, 0.5, 16.5, 10.2, 15.0, 16.5, 0, 0]","[13.482, 13.838, 13.838]",-23.556,"[2.9968000000000004, 3.3104, 5.0016, 7.36, 8.4448, 27.8272]","[0.036875, 0.245625, -0.005, 0.001875, -0.005, -0.005625]",0,0,0.0,"[1, 1, 1, 1, 1, 1]",71.08602332355271,0.0,0.0,0,0.0
1774904443.4435449,"[0, 0, 0, 0, 0, 0]","[1291, 1500, 1500, 1500]","[-25.08, 0.0, 0.0, 0.0]","[0.0, 0.0, 0.0]",0,3715.21875,0,32.50759742736816,"[0.0, -0.39672851556, -0.36621093744]","[0, 0, 0]",0,3,0.0,0.0,3.717,0,0,0,4294967.295,3750001.664,0,81143,0,116.00813293457031,138.59368896484375,0.5969807505607605,0,state.PRE_FLIGHT,1244,-41,0,-43,0.0,4713,4713,"[10.6, 0.5, 17.6, 10.8, 15.9, 16.5, 0, 0]","[13.482, 13.838, 13.838]",-23.556,"[2.9952, 3.3136, 5.0048, 7.3664000000000005, 8.4528, 27.8256]","[0.035625000000000004, 0.2425, -0.0025, -0.0025, -0.001875, -0.0025]",0,0,0.0,"[1, 1, 1, 1, 1, 1]",70.79853442935315,0.0,0.0,0,0.0
1774904443.5050917,"[0, 0, 0, 0, 0, 0]","[1291, 1500, 1500, 1500]","[-25.08, 0.0, 0.0, 0.0]","[0.0, 0.0, 0.0]",0,3713.276123046875,0,32.51196937561035,"[0.0, -7.29370117068, -3.69262695252]","[0, 0, 0]",0,3,0.0,0.0,3.713,0,0,0,4294967.295,3750001.664,0,81197,0,116.23063659667969,139.16099548339844,0.5969807505607605,0,state.PRE_FLIGHT,1245,-41,0,-42,0.0,4713,4713,"[10.6, 0.5, 15.9, 10.4, 16.5, 16.5, 0, 0]","[13.482, 13.838, 13.838]",-23.556,"[2.9952, 3.3120000000000003, 5.0016, 7.3664000000000005, 8.448, 27.8288]","[0.03625, 0.25625, -0.000625, -0.00375, -0.005, 0.00125]",0,0,0.0,"[1, 1, 1, 1, 1, 1]",70.46490397121714,0.0,0.0,0,0.0
1774904443.552592,"[0, 0, 0, 0, 0, 0]","[1291, 1500, 1500, 1500]","[-25.08, 0.0, 0.0, 0.0]","[0.0, 0.0, 0.0]",0,3710.946044921875,0,32.51634132385254,"[0.0, -17.79174804396, -1.64794921848]","[0, 0, 0]",0,3,0.0,0.0,3.713,0,0,0,4294967.295,3750001.664,0,81257,0,116.11101531982422,139.76828002929688,0.5969807505607605,0,state.PRE_FLIGHT,1246,-38,0,-40,0.0,4713,4713,"[10.6, 0.5, 16.5, 10.4, 16.5, 16.5, 0, 0]","[13.482, 13.838, 13.838]",-23.556,"[2.9952, 3.3120000000000003, 5.0016, 7.3664000000000005, 8.448, 27.8288]","[0.03625, 0.25625, -0.000625, -0.00375, -0.005, 0.00125]",0,0,0.0,"[1, 1, 1, 1, 1, 1]",70.36674248002582,0.0,0.0,0,0.0
1774904443.6131415,"[0, 0, 0, 0, 0, 0]","[1291, 1500, 1500, 1500]","[-25.08, 0.0, 0.0, 0.0]","[0.0, 0.0, 0.0]",0,3708.6162109375,0,32.50759742736816,"[0.0, -14.61791991948, -12.63427734168]","[0, 0, 0]",0,3,0.0,0.0,3.709,0,0,0,4294967.295,3750001.664,0,81317,0,116.13452911376953,140.7259063720703,0.5969807505607605,0,state.PRE_FLIGHT,1247,-38,0,-38,0.0,4713,4713,"[10.4, 0.5, 17.0, 10.8, 16.5, 17.6, 0, 0]","[13.482, 13.838, 13.838]",-23.556,"[2.9952, 3.3104, 5.0032000000000005, 7.3664000000000005, 8.4288, 27.8288]","[0.036875, 0.2575, -0.003125, -0.003125, -0.00625, -0.001875]",0,0,0.0,"[1, 1, 1, 1, 1, 1]",70.0629527194674,0.0,0.0,0,0.0
1774904443.6721506,"[0, 0, 0, 0, 0, 0]","[1291, 1500, 1500, 1500]","[-25.08, 0.0, 0.0, 0.0]","[0.0, 0.0, 0.0]",0,3706.286376953125,0,32.520713272094724,"[0.0, 9.06372070164, -6.1340332021199995]","[0, 0, 0]",0,3,0.0,0.0,3.709,0,0,0,4294967.295,3750001.664,0,81377,0,116.06098937988281,140.76312255859375,0.5969807505607605,0,state.PRE_FLIGHT,1248,-36,0,-37,0.0,4713,4713,"[10.4, 0.5, 15.9, 10.8, 15.5, 17.0, 0, 0]","[13.482, 13.838, 13.838]",-23.556,"[2.9952, 3.3104, 5.0032000000000005, 7.3664000000000005, 8.4288, 27.8288]","[0.036875, 0.2575, -0.003125, -0.003125, -0.00625, -0.001875]",0,0,0.0,"[1, 1, 1, 1, 1, 1]",70.10632537536378,0.0,0.0,0,0.0
1774904443.7356703,"[0, 0, 0, 0, 0, 0]","[1291, 1500, 1500, 1500]","[-25.08, 0.0, 0.0, 0.0]","[0.0, 0.0, 0.0]",0,3703.956298828125,0,32.53382911682129,"[0.0, 15.35034179436, -0.9155273436]","[0, 0, 0]",0,3,0.0,0.0,3.705,0,0,0,4294967.295,3750001.664,0,81431,0,115.93085479736328,140.16207885742188,0.5969807505607605,0,state.PRE_FLIGHT,1249,-34,0,-35,0.0,4713,4713,"[10.4, 0.5, 15.9, 10.6, 15.5, 16.5, 0, 0]","[13.482, 13.838, 13.838]",-23.556,"[2.9936000000000003, 3.3120000000000003, 5.0016, 7.3632, 8.456000000000001, 27.8272]","[0.031875, 0.618125, -0.003125, -0.004375, 0.000625, -0.0025]",0,0,0.0,"[1, 1, 1, 1, 1, 1]",70.38036346957055,0.0,0.0,0,0.0
1774904443.7971406,"[0, 0, 0, 0, 0, 0]","[1291, 1500, 1500, 1500]","[-25.08, 0.0, 0.0, 0.0]","[0.0, 0.0, 0.0]",0,3701.626708984375,0,32.520713272094724,"[0.0, 6.5002441395599995, -7.81249999872]","[0, 0, 0]",0,3,0.0,0.0,3.702,0,0,0,4294967.295,3750001.664,0,81491,0,115.92447662353516,139.3875274658203,0.5969807505607605,0,state.PRE_FLIGHT,1250,-33,0,-34,0.0,4713,4713,"[10.4, 0.5, 16.5, 10.8, 15.9, 15.5, 0, 0]","[13.482, 13.838, 13.838]",-23.556,"[2.9936000000000003, 3.3120000000000003, 5.0016, 7.3632, 8.456000000000001, 27.8272]","[0.031875, 0.618125, -0.003125, -0.004375, 0.000625, -0.0025]",0,0,0.0,"[1, 1, 1, 1, 1, 1]",70.61702338683256,0.0,0.0,0,0.0
1774904443.8571398,"[0, 0, 0, 0, 0, 0]","[1291, 1500, 1500, 1500]","[-25.08, 0.0, 0.0, 0.0]","[0.0, 0.0, 0.0]",0,3699.298583984375,0,32.5294571685791,"[0.0, 9.85717773276, -4.08935546808]","[0, 0, 0]",0,3,0.0,0.0,3.702,0,0,0,4294967.295,3750001.664,0,81551,0,115.8863296508789,138.8839569091797,0.5969807505607605,0,state.PRE_FLIGHT,1251,-28,0,-32,0.0,4713,4713,"[10.4, 0.5, 15.9, 10.6, 15.5, 16.5, 0, 0]","[13.482, 13.838, 13.838]",-23.556,"[2.9968000000000004, 3.3120000000000003, 5.0048, 7.364800000000001, 8.464, 27.8288]","[0.031875, 0.613125, -0.000625, 0.000625, -0.00125, 0.00125]",0,0,0.0,"[1, 1, 1, 1, 1, 1]",70.79702281626658,0.0,0.0,0,0.0
1774904443.919679,"[0, 0, 0, 0, 0, 0]","[1291, 1500, 1500, 1500]","[-25.08, 0.0, 0.0, 0.0]","[0.0, 0.0, 0.0]",0,3696.970458984375,0,32.52508522033691,"[0.0, -9.06372070164, -3.5095214838]","[0, 0, 0]",0,3,0.0,0.0,3.698,0,0,0,4294967.295,3750001.664,0,81611,0,115.9290542602539,138.76315307617188,0.5969807505607605,0,state.PRE_FLIGHT,1252,-29,0,-29,0.0,4713,4713,"[10.2, 0.5, 17.0, 10.4, 15.5, 15.9, 0, 0]","[13.482, 13.838, 13.838]",-23.556,"[2.9968000000000004, 3.3120000000000003, 5.0048, 7.364800000000001, 8.464, 27.8288]","[0.031875, 0.613125, -0.000625, 0.000625, -0.00125, 0.00125]",0,0,0.0,"[1, 1, 1, 1, 1, 1]",70.80319016137717,0.0,0.0,0,0.0
1774904443.9666698,"[0, 0, 0, 0, 0, 0]","[1291, 1500, 1500, 1500]","[-25.08, 0.0, 0.0, 0.0]","[0.0, 0.0, 0.0]",0,3695.030517578125,0,32.53382911682129,"[0.0, -3.2043457026, -7.81249999872]","[0, 0, 0]",0,3,0.0,0.0,3.698,0,0,0,4294967.295,3750001.664,0,81665,0,116.14904022216797,139.02415466308594,0.5969807505607605,0,state.PRE_FLIGHT,1253,-29,0,-30,0.0,4713,4713,"[10.6, 0.5, 15.9, 10.8, 15.5, 17.6, 0, 0]","[13.482, 13.838, 13.838]",-23.556,"[2.9952, 3.3152000000000004, 5.0016, 7.3632, 8.4384, 27.8288]","[0.03125, 0.43, -0.00125, 0.00125, 0.000625, 0.0]",0,0,0.0,"[1, 1, 1, 1, 1, 1]",70.56555353361505,0.0,0.0,0,0.0
1774904444.0277488,"[0, 0, 0, 0, 0, 0]","[1291, 1500, 1500, 1500]","[-25.08, 0.0, 0.0, 0.0]","[0.0, 0.0, 0.0]",0,3692.702392578125,0,32.520713272094724,"[0.0, 0.39672851556, 1.70898437472]","[0, 0, 0]",0,3,0.0,0.0,3.694,0,0,0,4294967.295,3750001.664,0,81725,0,116.21402740478516,139.13035583496094,0.5969807505607605,0,state.PRE_FLIGHT,1254,-26,0,-26,0.0,4713,4713,"[10.6, 0.5, 17.0, 10.4, 15.5, 16.5, 0, 0]","[13.482, 13.838, 13.838]",-23.556,"[2.9952, 3.3152000000000004, 5.0016, 7.3632, 8.4384, 27.8288]","[0.03125, 0.43, -0.00125, 0.00125, 0.000625, 0.0]",0,0,0.0,"[1, 1, 1, 1, 1, 1]",70.4862576383107,0.0,0.0,0,0.0
1774904444.0892897,"[0, 0, 0, 0, 0, 0]","[1291, 1500, 1500, 1500]","[-25.08, 0.0, 0.0, 0.0]","[0.0, 0.0, 0.0]",0,3690.374267578125,0,32.50322547912597,"[0.0, -5.1574707022799995, 7.4768066393999995]","[0, 0, 0]",0,3,0.0,0.0,3.69,0,0,0,4294967.295,3750001.664,0,81785,0,116.25064849853516,139.2566680908203,0.5969807505607605,0,state.PRE_FLIGHT,1255,-26,0,-26,0.0,4713,4713,"[10.6, 0.5, 16.5, 10.6, 15.5, 16.5, 0, 0]","[13.482, 13.838, 13.838]",-23.556,"[2.9936000000000003, 3.3120000000000003, 5.0032000000000005, 7.364800000000001, 8.4624, 27.824]","[0.031875, 0.22375, -0.0025, -0.0025, 0.000625, -0.00125]",0,0,0.0,"[1, 1, 1, 1, 1, 1]",70.42115518334427,0.0,0.0,0,0.0
1774904444.1502838,"[0, 0, 0, 0, 0, 0]","[1291, 1500, 1500, 1500]","[-25.08, 0.0, 0.0, 0.0]","[0.0, 0.0, 0.0]",0,3688.046142578125,0,32.51634132385254,"[0.0, -3.99780273372, -1.09863281232]","[0, 0, 0]",0,3,0.0,0.0,3.69,0,0,0,4294967.295,3750001.664,0,81845,0,116.31198120117188,139.2853546142578,0.5969807505607605,0,state.PRE_FLIGHT,1256,-24,0,-24,0.0,4713,4713,"[10.6, 0.5, 16.5, 10.6, 15.5, 17.0, 0, 0]","[13.482, 13.838, 13.838]",-23.556,"[2.9952, 3.3120000000000003, 5.0048, 7.3616, 8.4368, 27.8272]","[0.031875, 0.225, -0.001875, -0.003125, -0.0025, -0.001875]",0,0,0.0,"[1, 1, 1, 1, 1, 1]",70.36811900795641,0.0,0.0,0,0.0
1774904444.1958148,"[0, 0, 0, 0, 0, 0]","[1291, 1500, 1500, 1500]","[-25.08, 0.0, 0.0, 0.0]","[0.0, 0.0, 0.0]",0,3686.1064453125,0,32.51634132385254,"[0.0, 6.8664550769999995, 2.07519531216]","[0, 0, 0]",0,3,0.0,0.0,3.686,0,0,0,4294967.295,3750001.664,0,81899,0,116.41791534423828,139.15476989746094,0.5969807505607605,0,state.PRE_FLIGHT,1257,-24,0,-24,0.0,4713,4713,"[10.4, 0.5, 17.0, 10.2, 15.9, 16.5, 0, 0]","[13.482, 13.838, 13.838]",-23.556,"[2.9952, 3.3120000000000003, 5.0048, 7.3616, 8.4368, 27.8272]","[0.031875, 0.225, -0.001875, -0.003125, -0.0025, -0.001875]",0,0,0.0,"[1, 1, 1, 1, 1, 1]",70.33202196459627,0.0,0.0,0,0.0
1774904444.2558217,"[0, 0, 0, 0, 0, 0]","[1291, 1500, 1500, 1500]","[-25.08, 0.0, 0.0, 0.0]","[0.0, 0.0, 0.0]",0,3683.7802734375,0,32.51196937561035,"[0.0, -6.92749023324, -5.1879882804]","[0, 0, 0]",0,3,0.0,0.0,3.686,0,0,0,4294967.295,3750001.664,0,81959,0,116.29279327392578,139.3250732421875,0.5969807505607605,0,state.PRE_FLIGHT,1258,-26,0,-24,0.0,4713,4713,"[10.4, 0.5, 15.9, 10.4, 16.5, 17.6, 0, 0]","[13.482, 13.838, 13.838]",-23.556,"[2.9968000000000004, 3.3120000000000003, 5.0016, 7.3696, 8.4544, 27.8272]","[0.03625, 0.25625, -0.004375, -0.00375, -0.003125, -0.0025]",0,0,0.0,"[1, 1, 1, 1, 1, 1]",70.36978214216545,0.0,0.0,0,0.0
1774904444.3171632,"[0, 0, 0, 0, 0, 0]","[1291, 1500, 1500, 1500]","[-25.08, 0.0, 0.0, 0.0]","[0.0, 0.0, 0.0]",0,3681.453857421875,0,32.53382911682129,"[0.0, -2.41088867148, 1.525878906]","[0, 0, 0]",0,3,0.0,0.0,3.683,0,0,0,4294967.295,3750001.664,0,82019,0,116.64983367919922,139.46607971191406,0.5969807505607605,0,state.PRE_FLIGHT,1259,-26,0,-26,0.0,4713,4713,"[10.6, 0.5, 15.9, 10.2, 15.9, 16.5, 0, 0]","[13.482, 13.838, 13.838]",-23.556,"[2.9968000000000004, 3.3120000000000003, 5.0016, 7.3696, 8.4544, 27.8272]","[0.03625, 0.25625, -0.004375, -0.00375, -0.003125, -0.0025]",0,0,0.0,"[1, 1, 1, 1, 1, 1]",70.06844173295495,0.0,0.0,0,0.0
1774904444.3770254,"[0, 0, 0, 0, 0, 0]","[1291, 1500, 1500, 1500]","[-25.08, 0.0, 0.0, 0.0]","[0.0, 0.0, 0.0]",0,3679.127685546875,0,32.51634132385254,"[0.0, -2.96020507764, 2.62451171832]","[0, 0, 0]",0,3,0.0,0.0,3.679,0,0,0,4294967.295,3750001.664,0,82079,0,116.58360290527344,139.5515594482422,0.5969807505607605,0,state.PRE_FLIGHT,1260,-28,0,-26,0.0,4713,4713,"[10.8, 0.5, 15.9, 10.4, 16.5, 16.5, 0, 0]","[13.482, 13.838, 13.838]",-23.556,"[2.9968000000000004, 3.3104, 5.0032000000000005, 7.3664000000000005, 8.4448, 27.8288]","[0.03375, 0.24875, -0.0025, -0.001875, -0.005, -0.005625]",0,0,0.0,"[1, 1, 1, 1, 1, 1]",70.08988881696264,0.0,0.0,0,0.0
1774904444.4371676,"[0, 0, 0, 0, 0, 0]","[1291, 1500, 1500, 1500]","[-25.08, 0.0, 0.0, 0.0]","[0.0, 0.0, 0.0]",0,3676.802978515625,0,32.51196937561035,"[0.0, 3.93676757748, 15.47241210684]","[0, 0, 0]",0,3,0.0,0.0,3.679,0,0,0,4294967.295,3750001.664,0,82133,0,116.86378479003906,139.59898376464844,0.5969807505607605,0,state.PRE_FLIGHT,1261,-26,0,-26,0.0,4713,4713,"[10.4, 0.5, 17.0, 10.4, 16.5, 15.9, 0, 0]","[13.482, 13.838, 13.838]",-23.556,"[2.9968000000000004, 3.3104, 5.0032000000000005, 7.3664000000000005, 8.4448, 27.8288]","[0.03375, 0.24875, -0.0025, -0.001875, -0.005, -0.005625]",0,0,0.0,"[1, 1, 1, 1, 1, 1]",69.87241177955637,0.0,0.0,0,0.0
1774904444.4988673,"[0, 0, 0, 0, 0, 0]","[1291, 1500, 1500, 1500]","[-25.08, 0.0, 0.0, 0.0]","[0.0, 0.0, 0.0]",0,3674.478515625,0,32.51634132385254,"[0.0, -0.21362304684, -6.1340332021199995]","[0, 0, 0]",0,3,0.0,0.0,3.674,0,0,0,4294967.295,3750001.664,0,82193,0,116.72154235839844,139.80772399902344,0.5969807505607605,0,state.PRE_FLIGHT,1262,-26,0,-25,0.0,4713,4713,"[10.6, 0.5, 16.5, 10.8, 15.9, 16.5, 0, 0]","[13.482, 13.838, 13.838]",-23.556,"[2.9968000000000004, 3.3088, 5.0032000000000005, 7.3632, 8.4624, 27.8272]","[0.03, 0.6175, -0.003125, -0.000625, 0.000625, -0.003125]",0,0,0.0,"[1, 1, 1, 1, 1, 1]",69.91073613635893,0.0,0.0,0,0.0
1774904444.5591683,"[0, 0, 0, 0, 0, 0]","[1291, 1500, 1500, 1500]","[-25.08, 0.0, 0.0, 0.0]","[0.0, 0.0, 0.0]",0,3672.154052734375,0,32.5294571685791,"[0.0, 11.81030273244, 1.89208984344]","[0, 0, 0]",0,3,0.0,0.0,3.674,0,0,0,4294967.295,3750001.664,0,82253,0,116.86100006103516,139.796142578125,0.5969807505607605,0,state.PRE_FLIGHT,1263,-27,0,-26,0.0,4713,4713,"[10.6, 0.5, 17.0, 10.4, 15.9, 17.0, 0, 0]","[13.482, 13.838, 13.838]",-23.556,"[2.9968000000000004, 3.3088, 5.0032000000000005, 7.3632, 8.4624, 27.8272]","[0.03, 0.6175, -0.003125, -0.000625, 0.000625, -0.003125]",0,0,0.0,"[1, 1, 1, 1, 1, 1]",69.81304749521057,0.0,0.0,0,0.0
1774904444.6200304,"[0, 0, 0, 0, 0, 0]","[1291, 1500, 1500, 1500]","[-25.08, 0.0, 0.0, 0.0]","[0.0, 0.0, 0.0]",0,3669.82958984375,0,32.520713272094724,"[0.0, -6.31713867084, 10.8337402326]","[0, 0, 0]",0,3,0.0,0.0,3.67,0,0,0,4294967.295,3750001.664,0,82313,0,117.04839324951172,140.10560607910156,0.5969807505607605,0,state.PRE_FLIGHT,1264,-28,0,-27,0.0,4713,4713,"[10.8, 0.5, 16.5, 10.8, 15.9, 16.5, 0, 0]","[13.482, 13.838, 13.838]",-23.556,"[2.9968000000000004, 3.3120000000000003, 5.0016, 7.364800000000001, 8.448, 27.8272]","[0.035, 0.6375000000000001, -0.003125, 0.001875, 0.00375, 0.0175]",0,0,0.0,"[1, 1, 1, 1, 1, 1]",69.58047402748852,0.0,0.0,0,0.0
1774904444.6654184,"[0, 0, 0, 0, 0, 0]","[1291, 1500, 1500, 1500]","[-25.08, 0.0, 0.0, 0.0]","[0.0, 0.0, 0.0]",0,3667.892578125,0,32.52508522033691,"[0.0, 3.93676757748, 2.25830078088]","[0, 0, 0]",0,3,0.0,0.0,3.67,0,0,0,4294967.295,3750001.664,0,82367,0,117.01701354980469,140.20359802246094,0.5969807505607605,0,state.PRE_FLIGHT,1265,-27,0,-27,0.0,4713,4713,"[10.2, 0.5, 16.5, 10.4, 15.9, 17.0, 0, 0]","[13.482, 13.838, 13.838]",-23.556,"[2.9968000000000004, 3.3120000000000003, 5.0016, 7.364800000000001, 8.448, 27.8272]","[0.035, 0.6375000000000001, -0.003125, 0.001875, 0.00375, 0.0175]",0,0,0.0,"[1, 1, 1, 1, 1, 1]",69.57292401129743,0.0,0.0,0,0.0
1774904444.7255633,"[0, 0, 0, 0, 0, 0]","[1291, 1500, 1500, 1500]","[-25.08, 0.0, 0.0, 0.0]","[0.0, 0.0, 0.0]",0,3665.568115234375,0,32.520713272094724,"[0.0, -5.1574707022799995, -4.45556640552]","[0, 0, 0]",0,3,0.0,0.0,3.667,0,0,0,4294967.295,3750001.664,0,82427,0,117.29563903808594,140.25550842285156,0.5969807505607605,0,state.PRE_FLIGHT,1266,-30,0,-28,0.0,4713,4713,"[10.6, 0.5, 17.0, 10.4, 17.0, 16.5, 0, 0]","[13.482, 13.838, 13.838]",-23.556,"[3.0, 3.3104, 5.0032000000000005, 7.364800000000001, 8.448, 27.822400000000002]","[0.043750000000000004, 0.619375, -0.003125, 0.00125, 0.005625, 0.024375]",0,0,0.0,"[1, 1, 1, 1, 1, 1]",69.35325913244648,0.0,0.0,0,0.0
1774904444.7864406,"[0, 0, 0, 0, 0, 0]","[1291, 1500, 1500, 1500]","[-25.08, 0.0, 0.0, 0.0]","[0.0, 0.0, 0.0]",0,3663.24365234375,0,32.51196937561035,"[0.0, 0.57983398428, -1.8310546872]","[0, 0, 0]",0,3,0.0,0.0,3.663,0,0,0,4294967.295,3750001.664,0,82487,0,117.02278137207031,140.1785888671875,0.5969807505607605,0,state.PRE_FLIGHT,1267,-32,0,-30,0.0,4713,4713,"[10.4, 0.5, 17.0, 10.4, 16.5, 17.0, 0, 0]","[13.482, 13.838, 13.838]",-23.556,"[3.0, 3.3104, 5.0032000000000005, 7.364800000000001, 8.448, 27.822400000000002]","[0.043750000000000004, 0.619375, -0.003125, 0.00125, 0.005625, 0.024375]",0,0,0.0,"[1, 1, 1, 1, 1, 1]",69.57647415199844,0.0,0.0,0,0.0
1774904444.8487058,"[0, 0, 0, 0, 0, 0]","[1291, 1500, 1500, 1500]","[-25.08, 0.0, 0.0, 0.0]","[0.0, 0.0, 0.0]",0,3660.921142578125,0,32.51634132385254,"[0.0, -2.96020507764, 7.65991210812]","[0, 0, 0]",0,3,0.0,0.0,3.663,0,0,0,4294967.295,3750001.664,0,82547,0,117.28311920166016,140.32264709472656,0.5969807505607605,0,state.PRE_FLIGHT,1268,-32,0,-31,0.0,4713,4713,"[10.6, 0.5, 17.0, 10.6, 16.5, 16.5, 0, 0]","[13.482, 13.838, 13.838]",-23.556,"[2.9936000000000003, 3.3120000000000003, 5.0032000000000005, 7.364800000000001, 8.448, 27.8288]","[0.02875, 0.251875, 0.000625, -0.003125, -0.003125, -0.001875]",0,0,0.0,"[1, 1, 1, 1, 1, 1]",69.34138846377708,0.0,0.0,0,0.0
1774904444.910229,"[0, 0, 0, 0, 0, 0]","[1291, 1500, 1500, 1500]","[-25.08, 0.0, 0.0, 0.0]","[0.0, 0.0, 0.0]",0,3658.598388671875,0,32.5294571685791,"[0.0, 2.71606445268, -5.55419921784]","[0, 0, 0]",0,3,0.0,0.0,3.659,0,0,0,4294967.295,3750001.664,0,82601,0,116.99689483642578,140.5536346435547,0.5969807505607605,0,state.PRE_FLIGHT,1269,-30,0,-30,0.0,4713,4713,"[10.4, 0.5, 18.2, 10.8, 17.0, 17.0, 0, 0]","[13.482, 13.838, 13.838]",-23.556,"[2.9936000000000003, 3.3120000000000003, 5.0032000000000005, 7.364800000000001, 8.448, 27.8288]","[0.02875, 0.251875, 0.000625, -0.003125, -0.003125, -0.001875]",0,0,0.0,"[1, 1, 1, 1, 1, 1]",69.47946237639233,0.0,0.0,0,0.0
1774904444.9572282,"[0, 0, 0, 0, 0, 0]","[1291, 1500, 1500, 1500]","[-25.08, 0.0, 0.0, 0.0]","[0.0, 0.0, 0.0]",0,3656.27587890625,0,32.5294571685791,"[0.0, 0.57983398428, 7.4768066393999995]","[0, 0, 0]",0,3,0.0,0.0,3.659,0,0,0,4294967.295,3750001.664,0,82661,0,117.05399322509766,140.6146697998047,0.5969807505607605,0,state.PRE_FLIGHT,1270,-31,0,-30,0.0,4713,4713,"[10.2, 0.5, 16.5, 10.0, 15.5, 16.5, 0, 0]","[13.482, 13.838, 13.838]",-23.556,"[2.9968000000000004, 3.3136, 5.0032000000000005, 7.3616, 8.4464, 27.8256]","[0.029375000000000002, 0.18625, -0.000625, -0.003125, -0.005, -0.0025]",0,0,0.0,"[1, 1, 1, 1, 1, 1]",69.41869064254435,0.0,0.0,0,0.0
1774904445.016793,"[0, 0, 0, 0, 0, 0]","[1291, 1500, 1500, 1500]","[-25.08, 0.0, 0.0, 0.0]","[0.0, 0.0, 0.0]",0,3653.953369140625,0,32.538201065063475,"[0.0, -3.2043457026, -7.2326660144399995]","[0, 0, 0]",0,3,0.0,0.0,3.655,0,0,0,4294967.295,3750001.664,0,82721,0,117.04208374023438,140.8441925048828,0.5969807505607605,0,state.PRE_FLIGHT,1271,-31,0,-31,0.0,4713,4713,"[10.0, 0.5, 15.9, 10.8, 15.9, 17.0, 0, 0]","[13.482, 13.838, 13.838]",-23.556,"[2.9936000000000003, 3.3120000000000003, 5.0032000000000005, 7.3632, 8.448, 27.8256]","[0.03375, 0.216875, -0.0025, -0.00625, -0.003125, -0.003125]",0,0,0.0,"[1, 1, 1, 1, 1, 1]",69.35687918243629,0.0,0.0,0,0.0
1774904445.0773354,"[0, 0, 0, 0, 0, 0]","[1291, 1500, 1500, 1500]","[-25.08, 0.0, 0.0, 0.0]","[0.0, 0.0, 0.0]",0,3651.630615234375,0,32.52508522033691,"[0.0, -3.2043457026, -1.8310546872]","[0, 0, 0]",0,3,0.0,0.0,3.651,0,0,0,4294967.295,3750001.664,0,82781,0,116.96363067626953,140.92356872558594,0.5969807505607605,0,state.PRE_FLIGHT,1272,-35,0,-32,0.0,4713,4713,"[10.6, 0.5, 17.0, 10.4, 15.9, 16.5, 0, 0]","[13.482, 13.838, 13.838]",-23.556,"[2.9936000000000003, 3.3120000000000003, 5.0032000000000005, 7.3632, 8.448, 27.8256]","[0.03375, 0.216875, -0.0025, -0.00625, -0.003125, -0.003125]",0,0,0.0,"[1, 1, 1, 1, 1, 1]",69.39053284563842,0.0,0.0,0,0.0
1774904445.1375694,"[0, 0, 0, 0, 0, 0]","[1291, 1500, 1500, 1500]","[-25.08, 0.0, 0.0, 0.0]","[0.0, 0.0, 0.0]",0,3649.69677734375,0,32.538201065063475,"[0.0, -7.29370117068, -7.99560546744]","[0, 0, 0]",0,3,0.0,0.0,3.651,0,0,0,4294967.295,3750001.664,0,82835,0,117.08631134033203,141.35726928710938,0.5969807505607605,0,state.PRE_FLIGHT,1273,-38,0,-36,0.0,4713,4713,"[10.4, 0.5, 16.5, 10.6, 15.9, 17.6, 0, 0]","[13.482, 13.838, 13.838]",-23.556,"[2.9952, 3.3120000000000003, 5.0032000000000005, 7.3664000000000005, 8.459200000000001, 27.8288]","[0.0325, 0.2925, -0.00125, -0.003125, 0.0, -0.001875]",0,0,0.0,"[1, 1, 1, 1, 1, 1]",69.16735783920511,0.0,0.0,0,0.0
1774904445.2001035,"[0, 0, 0, 0, 0, 0]","[1291, 1500, 1500, 1500]","[-25.08, 0.0, 0.0, 0.0]","[0.0, 0.0, 0.0]",0,3647.3759765625,0,32.51196937561035,"[0.0, 6.68334960828, 9.88769531088]","[0, 0, 0]",0,3,0.0,0.0,3.647,0,0,0,4294967.295,3750001.664,0,82895,0,117.63319396972656,141.3865509033203,0.5969807505607605,0,state.PRE_FLIGHT,1274,-44,0,-42,0.0,4713,4713,"[11.1, 0.5, 17.0, 11.1, 15.9, 16.5, 0, 0]","[13.482, 13.838, 13.838]",-23.556,"[2.9952, 3.3120000000000003, 5.0032000000000005, 7.3664000000000005, 8.459200000000001, 27.8288]","[0.0325, 0.2925, -0.00125, -0.003125, 0.0, -0.001875]",0,0,0.0,"[1, 1, 1, 1, 1, 1]",68.75181039371348,0.0,0.0,0,0.0
1774904445.2600992,"[0, 0, 0, 0, 0, 0]","[1291, 1500, 1500, 1500]","[-25.08, 0.0, 0.0, 0.0]","[0.0, 0.0, 0.0]",0,3645.05517578125,0,32.538201065063475,"[0.0, -0.21362304684, 8.02612304556]","[0, 0, 0]",0,3,0.0,0.0,3.647,0,0,0,4294967.295,3750001.664,0,82955,0,117.93621063232422,141.4708251953125,0.5969807505607605,0,state.PRE_FLIGHT,1275,-40,0,-43,0.0,4713,4713,"[10.6, 0.5, 15.9, 10.4, 16.5, 17.6, 0, 0]","[13.482, 13.838, 13.838]",-23.556,"[2.9952, 3.3120000000000003, 5.0048, 7.3616, 8.4384, 27.8272]","[0.033125, 0.636875, -0.001875, 0.0075, -0.00375, 0.00375]",0,0,0.0,"[1, 1, 1, 1, 1, 1]",68.50043390587767,0.0,0.0,0,0.0
1774904445.3207405,"[0, 0, 0, 0, 0, 0]","[1291, 1500, 1500, 1500]","[-25.08, 0.0, 0.0, 0.0]","[0.0, 0.0, 0.0]",0,3642.734375,0,32.538201065063475,"[0.0, 4.3029785149199995, 11.19995117004]","[0, 0, 0]",0,3,0.0,0.0,3.643,0,0,0,4294967.295,3750001.664,0,83015,0,118.15778350830078,141.5361328125,0.5969807505607605,0,state.PRE_FLIGHT,1276,-41,0,-40,0.0,4713,4713,"[10.2, 0.5, 16.5, 11.1, 15.9, 17.0, 0, 0]","[13.482, 13.838, 13.838]",-23.556,"[2.9952, 3.3120000000000003, 5.0048, 7.3616, 8.4384, 27.8272]","[0.033125, 0.636875, -0.001875, 0.0075, -0.00375, 0.00375]",0,0,0.0,"[1, 1, 1, 1, 1, 1]",68.31527891630579,0.0,0.0,0,0.0
1774904445.3677464,"[0, 0, 0, 0, 0, 0]","[1291, 1500, 1500, 1500]","[-25.08, 0.0, 0.0, 0.0]","[0.0, 0.0, 0.0]",0,3640.80029296875,0,32.5294571685791,"[0.0, -0.21362304684, -7.44628906128]","[0, 0, 0]",0,3,0.0,0.0,3.643,0,0,0,4294967.295,3750001.664,0,83069,0,117.89006805419922,141.52496337890625,0.5969807505607605,0,state.PRE_FLIGHT,1277,-41,0,-41,0.0,4713,4713,"[10.4, 0.5, 16.5, 10.6, 15.5, 16.5, 0, 0]","[13.482, 13.838, 13.838]",-23.556,"[2.9952, 3.3152000000000004, 5.0048, 7.3616, 8.457600000000001, 27.8256]","[0.028125, 0.5725, -0.001875, 0.004375, -0.001875, 0.008125]",0,0,0.0,"[1, 1, 1, 1, 1, 1]",68.51777095167775,0.0,0.0,0,0.0
1774904445.4292786,"[0, 0, 0, 0, 0, 0]","[1291, 1500, 1500, 1500]","[-25.08, 0.0, 0.0, 0.0]","[0.0, 0.0, 0.0]",0,3638.48095703125,0,32.52508522033691,"[0.0, -3.57055664004, 3.57055664004]","[0, 0, 0]",0,3,0.0,0.0,3.64,0,0,0,4294967.295,3750001.664,0,83129,0,117.82659912109375,141.55120849609375,0.5969807505607605,0,state.PRE_FLIGHT,1278,-40,0,-41,0.0,4713,4713,"[10.4, 0.5, 16.5, 10.4, 15.5, 17.0, 0, 0]","[13.482, 13.838, 13.838]",-23.556,"[2.9952, 3.3152000000000004, 5.0048, 7.3616, 8.457600000000001, 27.8256]","[0.028125, 0.5725, -0.001875, 0.004375, -0.001875, 0.008125]",0,0,0.0,"[1, 1, 1, 1, 1, 1]",68.55678618269687,0.0,0.0,0,0.0
1774904445.4898217,"[0, 0, 0, 0, 0, 0]","[1291, 1500, 1500, 1500]","[-25.08, 0.0, 0.0, 0.0]","[0.0, 0.0, 0.0]",0,3636.161865234375,0,32.520713272094724,"[0.0, -6.92749023324, -9.49096679532]","[0, 0, 0]",0,3,0.0,0.0,3.636,0,0,0,4294967.295,3750001.664,0,83189,0,117.74602508544922,141.5603790283203,0.5969807505607605,0,state.PRE_FLIGHT,1279,-38,0,-38,0.0,4713,4713,"[10.4, 0.5, 17.0, 10.2, 15.5, 15.9, 0, 0]","[13.482, 13.838, 13.838]",-23.556,"[2.9952, 3.3136, 5.0016, 7.3696, 8.4464, 27.8272]","[0.031875, 0.63875, -0.000625, 0.00625, 0.00125, 0.0075]",0,0,0.0,"[1, 1, 1, 1, 1, 1]",68.61390125331252,0.0,0.0,0,0.0
1774904445.550347,"[0, 0, 0, 0, 0, 0]","[1291, 1500, 1500, 1500]","[-25.08, 0.0, 0.0, 0.0]","[0.0, 0.0, 0.0]",0,3633.843017578125,0,32.52508522033691,"[0.0, 3.26538085884, -2.22778320276]","[0, 0, 0]",0,3,0.0,0.0,3.636,0,0,0,4294967.295,3750001.664,0,83249,0,117.62579345703125,141.5939483642578,0.5969807505607605,0,state.PRE_FLIGHT,1280,-38,0,-39,0.0,4713,4713,"[10.2, 0.5, 15.5, 10.6, 15.5, 16.5, 0, 0]","[13.482, 13.838, 13.838]",-23.556,"[2.9952, 3.3136, 5.0016, 7.3696, 8.4464, 27.8272]","[0.031875, 0.63875, -0.000625, 0.00625, 0.00125, 0.0075]",0,0,0.0,"[1, 1, 1, 1, 1, 1]",68.6930484607387,0.0,0.0,0,0.0
1774904445.6098917,"[0, 0, 0, 0, 0, 0]","[1291, 1500, 1500, 1500]","[-25.08, 0.0, 0.0, 0.0]","[0.0, 0.0, 0.0]",0,3631.52392578125,0,32.5294571685791,"[0.0, -9.85717773276, 2.07519531216]","[0, 0, 0]",0,3,0.0,0.0,3.632,0,0,0,4294967.295,3750001.664,0,83303,0,117.50882720947266,141.61732482910156,0.5969807505607605,0,state.PRE_FLIGHT,1281,-38,0,-37,0.0,4713,4713,"[10.6, 0.5, 15.9, 10.8, 15.9, 17.0, 0, 0]","[13.482, 13.838, 13.838]",-23.556,"[2.9936000000000003, 3.3120000000000003, 5.0016, 7.3664000000000005, 8.441600000000001, 27.8304]","[0.031875, 0.26, -0.00125, -0.000625, -0.005625, -0.00125]",0,0,0.0,"[1, 1, 1, 1, 1, 1]",68.7730419835361,0.0,0.0,0,0.0
1774904445.6708865,"[0, 0, 0, 0, 0, 0]","[1291, 1500, 1500, 1500]","[-25.08, 0.0, 0.0, 0.0]","[0.0, 0.0, 0.0]",0,3629.205078125,0,32.538201065063475,"[0.0, -2.41088867148, 0.94604492172]","[0, 0, 0]",0,3,0.0,0.0,3.632,0,0,0,4294967.295,3750001.664,0,83363,0,117.4688720703125,141.7314453125,0.5969807505607605,0,state.PRE_FLIGHT,1282,-36,0,-37,0.0,4713,4713,"[10.0, 0.5, 17.6, 10.2, 15.5, 16.5, 0, 0]","[13.482, 13.838, 13.838]",-23.556,"[2.9952, 3.3104, 5.0032000000000005, 7.3616, 8.4448, 27.8256]","[0.031875, 0.218125, -0.006875, -0.00125, -0.005, -0.0025]",0,0,0.0,"[1, 1, 1, 1, 1, 1]",68.76782864746663,0.0,0.0,0,0.0
1774904445.7314339,"[0, 0, 0, 0, 0, 0]","[1291, 1500, 1500, 1500]","[-25.08, 0.0, 0.0, 0.0]","[0.0, 0.0, 0.0]",0,3626.887451171875,0,32.54694496154785,"[0.0, 5.8898925771599995, 12.512207029199999]","[0, 0, 0]",0,3,0.0,0.0,3.628,0,0,0,4294967.295,3750001.664,0,83423,0,117.67301177978516,141.79429626464844,0.5969807505607605,0,state.PRE_FLIGHT,1283,-37,0,-37,0.0,4713,4713,"[10.6, 0.5, 17.0, 10.8, 15.9, 17.0, 0, 0]","[13.482, 13.838, 13.838]",-23.556,"[2.9952, 3.3104, 5.0032000000000005, 7.3616, 8.4448, 27.8256]","[0.031875, 0.218125, -0.006875, -0.00125, -0.005, -0.0025]",0,0,0.0,"[1, 1, 1, 1, 1, 1]",68.5959281377151,0.0,0.0,0,0.0
1774904445.7917058,"[0, 0, 0, 0, 0, 0]","[1291, 1500, 1500, 1500]","[-25.08, 0.0, 0.0, 0.0]","[0.0, 0.0, 0.0]",0,3624.5703125,0,32.520713272094724,"[0.0, 2.34985351524, 13.61083984152]","[0, 0, 0]",0,3,0.0,0.0,3.624,0,0,0,4294967.295,3750001.664,0,83483,0,117.7282485961914,141.66734313964844,0.5969807505607605,0,state.PRE_FLIGHT,1284,-36,0,-36,0.0,4713,4713,"[10.4, 0.5, 17.0, 10.4, 16.5, 16.5, 0, 0]","[13.482, 13.838, 13.838]",-23.556,"[2.9952, 3.3120000000000003, 5.0032000000000005, 7.36, 8.448, 27.8256]","[0.031875, 0.2475, -0.003125, 0.0, -0.005625, -0.00125]",0,0,0.0,"[1, 1, 1, 1, 1, 1]",68.59394577094487,0.0,0.0,0,0.0
1774904445.8365371,"[0, 0, 0, 0, 0, 0]","[1291, 1500, 1500, 1500]","[-25.08, 0.0, 0.0, 0.0]","[0.0, 0.0, 0.0]",0,3622.6376953125,0,32.538201065063475,"[0.0, 6.68334960828, -16.75415038788]","[0, 0, 0]",0,3,0.0,0.0,3.624,0,0,0,4294967.295,3750001.664,0,83537,0,117.49121856689453,141.48690795898438,0.5969807505607605,0,state.PRE_FLIGHT,1285,-35,0,-35,0.0,4713,4713,"[10.6, 0.5, 16.5, 10.6, 15.9, 16.5, 0, 0]","[13.482, 13.838, 13.838]",-23.556,"[2.9952, 3.3120000000000003, 5.0032000000000005, 7.36, 8.448, 27.8256]","[0.031875, 0.2475, -0.003125, 0.0, -0.005625, -0.00125]",0,0,0.0,"[1, 1, 1, 1, 1, 1]",68.82632538875166,0.0,0.0,0,0.0
1774904445.8960848,"[0, 0, 0, 0, 0, 0]","[1291, 1500, 1500, 1500]","[-25.08, 0.0, 0.0, 0.0]","[0.0, 0.0, 0.0]",0,3620.3193359375,0,32.5294571685791,"[0.0, 8.27026367052, 4.85229492108]","[0, 0, 0]",0,3,0.0,0.0,3.62,0,0,0,4294967.295,3750001.664,0,83597,0,117.51838684082031,141.43319702148438,0.5969807505607605,0,state.PRE_FLIGHT,1286,-32,0,-32,0.0,4713,4713,"[10.6, 0.5, 17.0, 10.4, 15.9, 17.0, 0, 0]","[13.482, 13.838, 13.838]",-23.556,"[2.9968000000000004, 3.3136, 5.0032000000000005, 7.368, 8.4352, 27.8272]","[0.03, 0.2525, -0.000625, -0.0025, -0.008125, -0.003125]",0,0,0.0,"[1, 1, 1, 1, 1, 1]",68.82268620018742,0.0,0.0,0,0.0
1774904445.95608,"[0, 0, 0, 0, 0, 0]","[1291, 1500, 1500, 1500]","[-25.08, 0.0, 0.0, 0.0]","[0.0, 0.0, 0.0]",0,3618.004150390625,0,32.538201065063475,"[0.0, 2.8991699214, -5.1879882804]","[0, 0, 0]",0,3,0.0,0.0,3.62,0,0,0,4294967.295,3750001.664,0,83657,0,117.43203735351562,141.3910675048828,0.5969807505607605,0,state.PRE_FLIGHT,1287,-31,0,-32,0.0,4713,4713,"[10.8, 0.5, 16.5, 10.6, 15.9, 17.6, 0, 0]","[13.482, 13.838, 13.838]",-23.556,"[2.9968000000000004, 3.3136, 5.0032000000000005, 7.368, 8.4352, 27.8272]","[0.03, 0.2525, -0.000625, -0.0025, -0.008125, -0.003125]",0,0,0.0,"[1, 1, 1, 1, 1, 1]",68.89988672640513,0.0,0.0,0,0.0
1774904446.016149,"[0, 0, 0, 0, 0, 0]","[1291, 1500, 1500, 1500]","[-25.08, 0.0, 0.0, 0.0]","[0.0, 0.0, 0.0]",0,3615.68798828125,0,32.54257301330566,"[0.0, 9.79614257652, 11.38305663876]","[0, 0, 0]",0,3,0.0,0.0,3.616,0,0,0,4294967.295,3750001.664,0,83717,0,117.55226135253906,141.3733673095703,0.5969807505607605,0,state.PRE_FLIGHT,1288,-31,0,-31,0.0,4713,4713,"[10.2, 0.5, 17.6, 10.6, 15.5, 17.0, 0, 0]","[13.482, 13.838, 13.838]",-23.556,"[2.9952, 3.3104, 5.0032000000000005, 7.364800000000001, 8.4528, 27.8304]","[0.0325, 0.62875, -0.003125, 0.00875, 0.000625, 0.01375]",0,0,0.0,"[1, 1, 1, 1, 1, 1]",68.81601420456208,0.0,0.0,0,0.0
1774904446.076287,"[0, 0, 0, 0, 0, 0]","[1291, 1500, 1500, 1500]","[-25.08, 0.0, 0.0, 0.0]","[0.0, 0.0, 0.0]",0,3613.370849609375,0,32.53382911682129,"[0.0, -0.64086914052, -2.41088867148]","[0, 0, 0]",0,3,0.0,0.0,3.616,0,0,0,4294967.295,3750001.664,0,83771,0,117.4940414428711,141.31044006347656,0.5969807505607605,0,state.PRE_FLIGHT,1289,-30,0,-30,0.0,4713,4713,"[10.6, 0.5, 16.5, 10.6, 15.5, 17.6, 0, 0]","[13.482, 13.838, 13.838]",-23.556,"[2.9952, 3.3104, 5.0032000000000005, 7.364800000000001, 8.4528, 27.8304]","[0.0325, 0.62875, -0.003125, 0.00875, 0.000625, 0.01375]",0,0,0.0,"[1, 1, 1, 1, 1, 1]",68.87872206608623,0.0,0.0,0,0.0
1774904446.1378026,"[0, 0, 0, 0, 0, 0]","[1291, 1500, 1500, 1500]","[-25.08, 0.0, 0.0, 0.0]","[0.0, 0.0, 0.0]",0,3611.05517578125,0,32.54257301330566,"[0.0, -0.82397460924, -8.17871093616]","[0, 0, 0]",0,3,0.0,0.0,3.612,0,0,0,4294967.295,3750001.664,0,83831,0,117.54194641113281,141.33058166503906,0.5969807505607605,0,state.PRE_FLIGHT,1290,-30,0,-30,0.0,4713,4713,"[10.4, 0.5, 15.9, 10.4, 15.9, 17.0, 0, 0]","[13.482, 13.838, 13.838]",-23.556,"[2.9968000000000004, 3.3120000000000003, 5.0048, 7.364800000000001, 8.4288, 27.8272]","[0.029375000000000002, 0.63875, -0.000625, 0.006875, -0.005, 0.014375]",0,0,0.0,"[1, 1, 1, 1, 1, 1]",68.83692654264561,0.0,0.0,0,0.0
1774904446.198355,"[0, 0, 0, 0, 0, 0]","[1291, 1500, 1500, 1500]","[-25.08, 0.0, 0.0, 0.0]","[0.0, 0.0, 0.0]",0,3608.739990234375,0,32.538201065063475,"[0.0, 4.48608398364, 9.155273436]","[0, 0, 0]",0,3,0.0,0.0,3.609,0,0,0,4294967.295,3750001.664,0,83891,0,117.84349822998047,141.3640899658203,0.5969807505607605,0,state.PRE_FLIGHT,1291,-30,0,-30,0.0,4713,4713,"[10.8, 0.5, 16.5, 10.4, 15.0, 17.0, 0, 0]","[13.482, 13.838, 13.838]",-23.556,"[2.9968000000000004, 3.3120000000000003, 5.0048, 7.364800000000001, 8.4288, 27.8272]","[0.029375000000000002, 0.63875, -0.000625, 0.006875, -0.005, 0.014375]",0,0,0.0,"[1, 1, 1, 1, 1, 1]",68.6027101665423,0.0,0.0,0,0.0
1774904446.258362,"[0, 0, 0, 0, 0, 0]","[1291, 1500, 1500, 1500]","[-25.08, 0.0, 0.0, 0.0]","[0.0, 0.0, 0.0]",0,3606.424560546875,0,32.52508522033691,"[0.0, -10.28442382644, 6.53076171768]","[0, 0, 0]",0,3,0.0,0.0,3.609,0,0,0,4294967.295,3750001.664,0,83951,0,118.02752685546875,141.4019317626953,0.5969807505607605,0,state.PRE_FLIGHT,1292,-30,0,-30,0.0,4713,4713,"[10.8, 0.5, 15.9, 10.6, 16.5, 17.6, 0, 0]","[13.482, 13.838, 13.838]",-23.556,"[2.9952, 3.3120000000000003, 5.0032000000000005, 7.3664000000000005, 8.457600000000001, 27.824]","[0.034375, 0.241875, -0.00375, 0.008125, -0.001875, 0.01125]",0,0,0.0,"[1, 1, 1, 1, 1, 1]",68.45431397620986,0.0,0.0,0,0.0
1774904446.3037312,"[0, 0, 0, 0, 0, 0]","[1291, 1500, 1500, 1500]","[-25.08, 0.0, 0.0, 0.0]","[0.0, 0.0, 0.0]",0,3604.495361328125,0,32.54257301330566,"[0.0, 7.4768066393999995, 9.88769531088]","[0, 0, 0]",0,3,0.0,0.0,3.605,0,0,0,4294967.295,3750001.664,0,84005,0,118.14308166503906,141.4268798828125,0.5969807505607605,0,state.PRE_FLIGHT,1293,-29,0,-29,0.0,4713,4713,"[10.6, 0.5, 16.5, 10.4, 15.5, 16.5, 0, 0]","[13.482, 13.838, 13.838]",-23.556,"[2.9952, 3.3120000000000003, 5.0032000000000005, 7.3664000000000005, 8.457600000000001, 27.824]","[0.034375, 0.241875, -0.00375, 0.008125, -0.001875, 0.01125]",0,0,0.0,"[1, 1, 1, 1, 1, 1]",68.36073109038114,0.0,0.0,0,0.0
1774904446.3657324,"[0, 0, 0, 0, 0, 0]","[1291, 1500, 1500, 1500]","[-25.08, 0.0, 0.0, 0.0]","[0.0, 0.0, 0.0]",0,3602.179931640625,0,32.52508522033691,"[0.0, -13.03100585724, -6.1340332021199995]","[0, 0, 0]",0,3,0.0,0.0,3.605,0,0,0,4294967.295,3750001.664,0,84065,0,118.13666534423828,141.85780334472656,0.5969807505607605,0,state.PRE_FLIGHT,1294,-28,0,-28,0.0,4713,4713,"[10.4, 0.5, 17.0, 10.6, 15.9, 15.9, 0, 0]","[13.482, 13.838, 13.838]",-23.556,"[2.9968000000000004, 3.3136, 5.0048, 7.3712, 8.4304, 27.8288]","[0.03, 0.25, -0.00125, 0.000625, -0.003125, -0.001875]",0,0,0.0,"[1, 1, 1, 1, 1, 1]",68.22976153532113,0.0,0.0,0,0.0
1774904446.4282672,"[0, 0, 0, 0, 0, 0]","[1291, 1500, 1500, 1500]","[-25.08, 0.0, 0.0, 0.0]","[0.0, 0.0, 0.0]",0,3599.865966796875,0,32.54694496154785,"[0.0, 4.48608398364, 4.6691894523599995]","[0, 0, 0]",0,3,0.0,0.0,3.601,0,0,0,4294967.295,3750001.664,0,84125,0,118.07992553710938,141.83888244628906,0.5969807505607605,0,state.PRE_FLIGHT,1295,-28,0,-28,0.0,4713,4713,"[10.4, 0.5, 16.5, 10.6, 15.5, 17.0, 0, 0]","[13.482, 13.838, 13.838]",-23.556,"[2.9968000000000004, 3.3136, 5.0032000000000005, 7.3664000000000005, 8.4608, 27.8256]","[0.03125, 0.23375, -0.0025, -0.00125, -0.0025, 0.000625]",0,0,0.0,"[1, 1, 1, 1, 1, 1]",68.27806221490519,0.0,0.0,0,0.0
1774904446.4872808,"[0, 0, 0, 0, 0, 0]","[1291, 1500, 1500, 1500]","[-25.08, 0.0, 0.0, 0.0]","[0.0, 0.0, 0.0]",0,3597.552490234375,0,32.52508522033691,"[0.0, 4.48608398364, -10.58959960764]","[0, 0, 0]",0,3,0.0,0.0,3.597,0,0,0,4294967.295,3750001.664,0,84185,0,117.78665924072266,141.94754028320312,0.5969807505607605,0,state.PRE_FLIGHT,1296,-29,0,-29,0.0,4713,4713,"[10.4, 0.5, 16.5, 10.6, 15.9, 16.5, 0, 0]","[13.482, 13.838, 13.838]",-23.556,"[2.9968000000000004, 3.3136, 5.0032000000000005, 7.3664000000000005, 8.4608, 27.8256]","[0.03125, 0.23375, -0.0025, -0.00125, -0.0025, 0.000625]",0,0,0.0,"[1, 1, 1, 1, 1, 1]",68.463588335586,0.0,0.0,0,0.0
1774904446.5357766,"[0, 0, 0, 0, 0, 0]","[1291, 1500, 1500, 1500]","[-25.08, 0.0, 0.0, 0.0]","[0.0, 0.0, 0.0]",0,3595.62451171875,0,32.55568885803223,"[0.0, 6.2561035145999995, 5.98144531152]","[0, 0, 0]",0,3,0.0,0.0,3.597,0,0,0,4294967.295,3750001.664,0,84239,0,117.98552703857422,142.22096252441406,0.5969807505607605,0,state.PRE_FLIGHT,1297,-30,0,-29,0.0,4713,4713,"[10.6, 0.5, 15.9, 10.4, 15.9, 16.5, 0, 0]","[13.482, 13.838, 13.838]",-23.556,"[2.9968000000000004, 3.3104, 5.0016, 7.3616, 8.4304, 27.8288]","[0.03375, 0.265, -0.00125, -0.00375, -0.00125, -0.000625]",0,0,0.0,"[1, 1, 1, 1, 1, 1]",68.22983741625832,0.0,0.0,0,0.0
1774904446.5953145,"[0, 0, 0, 0, 0, 0]","[1291, 1500, 1500, 1500]","[-25.08, 0.0, 0.0, 0.0]","[0.0, 0.0, 0.0]",0,3593.31103515625,0,32.54257301330566,"[0.0, 1.55639648412, 12.87841796664]","[0, 0, 0]",0,3,0.0,0.0,3.594,0,0,0,4294967.295,3750001.664,0,84299,0,118.03680419921875,142.10073852539062,0.5969807505607605,0,state.PRE_FLIGHT,1298,-30,0,-29,0.0,4713,4713,"[10.4, 0.5, 15.9, 10.2, 15.5, 17.0, 0, 0]","[13.482, 13.838, 13.838]",-23.556,"[2.9968000000000004, 3.3104, 5.0016, 7.3616, 8.4304, 27.8288]","[0.03375, 0.265, -0.00125, -0.00375, -0.00125, -0.000625]",0,0,0.0,"[1, 1, 1, 1, 1, 1]",68.22863686936444,0.0,0.0,0,0.0
1774904446.655313,"[0, 0, 0, 0, 0, 0]","[1291, 1500, 1500, 1500]","[-25.08, 0.0, 0.0, 0.0]","[0.0, 0.0, 0.0]",0,3590.99755859375,0,32.538201065063475,"[0.0, -5.5236816397199995, -0.36621093744]","[0, 0, 0]",0,3,0.0,0.0,3.594,0,0,0,4294967.295,3750001.664,0,84359,0,117.91473388671875,142.23318481445312,0.5969807505607605,0,state.PRE_FLIGHT,1299,-30,0,-29,0.0,4713,4713,"[10.6, 0.5, 15.5, 10.8, 15.9, 16.5, 0, 0]","[13.482, 13.838, 13.838]",-23.556,"[2.9968000000000004, 3.3136, 5.0048, 7.368, 8.432, 27.8272]","[0.028125, 0.27875, -0.001875, -0.00125, 0.0, -0.0025]",0,0,0.0,"[1, 1, 1, 1, 1, 1]",68.27927752923968,0.0,0.0,0,0.0
1774904446.7155337,"[0, 0, 0, 0, 0, 0]","[1291, 1500, 1500, 1500]","[-25.08, 0.0, 0.0, 0.0]","[0.0, 0.0, 0.0]",0,3588.68505859375,0,32.54694496154785,"[0.0, -4.36401367116, 7.1105957019599995]","[0, 0, 0]",0,3,0.0,0.0,3.59,0,0,0,4294967.295,3750001.664,0,84419,0,117.9364242553711,142.44007873535156,0.5969807505607605,0,state.PRE_FLIGHT,1300,-30,0,-29,0.0,4713,4713,"[10.6, 0.5, 16.5, 10.6, 15.0, 15.9, 0, 0]","[13.482, 13.838, 13.838]",-23.556,"[2.9968000000000004, 3.3136, 5.0048, 7.368, 8.432, 27.8272]","[0.028125, 0.27875, -0.001875, -0.00125, 0.0, -0.0025]",0,0,0.0,"[1, 1, 1, 1, 1, 1]",68.19919599833564,0.0,0.0,0,0.0
1774904446.7755437,"[0, 0, 0, 0, 0, 0]","[1291, 1500, 1500, 1500]","[-25.08, 0.0, 0.0, 0.0]","[0.0, 0.0, 0.0]",0,3586.37353515625,0,32.520713272094724,"[0.0, 5.70678710844, 10.46752929516]","[0, 0, 0]",0,3,0.0,0.0,3.59,0,0,0,4294967.295,3750001.664,0,84473,0,118.15667724609375,142.35415649414062,0.5969807505607605,0,state.PRE_FLIGHT,1301,-29,0,-29,0.0,4713,4713,"[10.4, 0.5, 17.0, 10.6, 15.9, 16.5, 0, 0]","[13.482, 13.838, 13.838]",-23.556,"[2.9952, 3.3120000000000003, 5.0064, 7.3664000000000005, 8.4608, 27.8272]","[0.035625000000000004, 0.615625, -0.00125, 0.006875, 0.005, 0.015]",0,0,0.0,"[1, 1, 1, 1, 1, 1]",68.05981001847857,0.0,0.0,0,0.0
1774904446.835955,"[0, 0, 0, 0, 0, 0]","[1291, 1500, 1500, 1500]","[-25.08, 0.0, 0.0, 0.0]","[0.0, 0.0, 0.0]",0,3584.061767578125,0,32.55131690979004,"[0.0, 2.34985351524, -0.9155273436]","[0, 0, 0]",0,3,0.0,0.0,3.585,0,0,0,4294967.295,3750001.664,0,84533,0,118.318115234375,142.29249572753906,0.5969807505607605,0,state.PRE_FLIGHT,1302,-30,0,-29,0.0,4713,4713,"[10.4, 0.5, 15.9, 10.8, 15.5, 16.5, 0, 0]","[13.482, 13.838, 13.838]",-23.556,"[2.9952, 3.3120000000000003, 5.0064, 7.3664000000000005, 8.4608, 27.8272]","[0.035625000000000004, 0.615625, -0.00125, 0.006875, 0.005, 0.015]",0,0,0.0,"[1, 1, 1, 1, 1, 1]",67.95763905276908,0.0,0.0,0,0.0
1774904446.8965106,"[0, 0, 0, 0, 0, 0]","[1291, 1500, 1500, 1500]","[-25.08, 0.0, 0.0, 0.0]","[0.0, 0.0, 0.0]",0,3581.750244140625,0,32.54257301330566,"[0.0, -7.3547363269199995, -3.32641601508]","[0, 0, 0]",0,3,0.0,0.0,3.582,0,0,0,4294967.295,3750001.664,0,84593,0,118.5152587890625,142.37184143066406,0.5969807505607605,0,state.PRE_FLIGHT,1303,-30,0,-29,0.0,4713,4713,"[10.6, 0.5, 16.5, 10.6, 15.9, 17.6, 0, 0]","[13.482, 13.838, 13.838]",-23.556,"[2.9952, 3.3152000000000004, 5.0032000000000005, 7.3616, 8.4352, 27.8272]","[0.034375, 0.6025, -0.000625, 0.00875, -0.0025, 0.015]",0,0,0.0,"[1, 1, 1, 1, 1, 1]",67.78456696897244,0.0,0.0,0,0.0
1774904446.956499,"[0, 0, 0, 0, 0, 0]","[1291, 1500, 1500, 1500]","[-25.08, 0.0, 0.0, 0.0]","[0.0, 0.0, 0.0]",0,3579.4384765625,0,32.55131690979004,"[0.0, 5.340576171, 7.29370117068]","[0, 0, 0]",0,3,0.0,0.0,3.582,0,0,0,4294967.295,3750001.664,0,84653,0,118.5857925415039,142.16796875,0.5969807505607605,0,state.PRE_FLIGHT,1304,-30,0,-30,0.0,4713,4713,"[10.8, 0.5, 17.0, 10.6, 15.9, 17.0, 0, 0]","[13.482, 13.838, 13.838]",-23.556,"[2.9952, 3.3152000000000004, 5.0032000000000005, 7.3616, 8.4352, 27.8272]","[0.034375, 0.6025, -0.000625, 0.00875, -0.0025, 0.015]",0,0,0.0,"[1, 1, 1, 1, 1, 1]",67.79604308314632,0.0,0.0,0,0.0
1774904447.0030441,"[0, 0, 0, 0, 0, 0]","[1291, 1500, 1500, 1500]","[-25.08, 0.0, 0.0, 0.0]","[0.0, 0.0, 0.0]",0,3577.5126953125,0,32.52508522033691,"[0.0, 6.2561035145999995, 4.1198730462]","[0, 0, 0]",0,3,0.0,0.0,3.578,0,0,0,4294967.295,3750001.664,0,84707,0,118.69744110107422,141.98977661132812,0.5969807505607605,0,state.PRE_FLIGHT,1305,-30,0,-29,0.0,4713,4713,"[10.4, 0.5, 15.9, 10.8, 16.5, 17.6, 0, 0]","[13.482, 13.838, 13.838]",-23.556,"[2.9952, 3.3120000000000003, 5.0048, 7.364800000000001, 8.4608, 27.8256]","[0.0325, 0.23500000000000001, 0.0025, -0.000625, -0.0025, -0.000625]",0,0,0.0,"[1, 1, 1, 1, 1, 1]",67.76924893574306,0.0,0.0,0,0.0
1774904447.0629802,"[0, 0, 0, 0, 0, 0]","[1291, 1500, 1500, 1500]","[-25.08, 0.0, 0.0, 0.0]","[0.0, 0.0, 0.0]",0,3575.202880859375,0,32.53382911682129,"[0.0, 5.8898925771599995, 5.06591796792]","[0, 0, 0]",0,3,0.0,0.0,3.578,0,0,0,4294967.295,3750001.664,0,84767,0,118.63917541503906,142.04043579101562,0.5969807505607605,0,state.PRE_FLIGHT,1306,-30,0,-29,0.0,4713,4713,"[10.2, 0.5, 16.5, 10.6, 15.5, 16.5, 0, 0]","[13.482, 13.838, 13.838]",-23.556,"[2.9952, 3.3120000000000003, 5.0048, 7.364800000000001, 8.4608, 27.8256]","[0.0325, 0.23500000000000001, 0.0025, -0.000625, -0.0025, -0.000625]",0,0,0.0,"[1, 1, 1, 1, 1, 1]",67.79661710356737,0.0,0.0,0,0.0
1774904447.1245124,"[0, 0, 0, 0, 0, 0]","[1291, 1500, 1500, 1500]","[-25.08, 0.0, 0.0, 0.0]","[0.0, 0.0, 0.0]",0,3572.893310546875,0,32.53382911682129,"[0.0, 2.16674804652, 1.525878906]","[0, 0, 0]",0,3,0.0,0.0,3.574,0,0,0,4294967.295,3750001.664,0,84827,0,118.64802551269531,142.09657287597656,0.5969807505607605,0,state.PRE_FLIGHT,1307,-29,0,-29,0.0,4713,4713,"[10.4, 0.5, 16.5, 10.6, 15.5, 15.9, 0, 0]","[13.482, 13.838, 13.838]",-23.556,"[2.9968000000000004, 3.3120000000000003, 5.0032000000000005, 7.3664000000000005, 8.448, 27.8272]","[0.026875, 0.2425, -0.004375, 0.000625, -0.00375, -0.000625]",0,0,0.0,"[1, 1, 1, 1, 1, 1]",67.77213125876912,0.0,0.0,0,0.0
1774904447.1835265,"[0, 0, 0, 0, 0, 0]","[1291, 1500, 1500, 1500]","[-25.08, 0.0, 0.0, 0.0]","[0.0, 0.0, 0.0]",0,3570.58349609375,0,32.538201065063475,"[0.0, -1.9836425778, 8.20922851428]","[0, 0, 0]",0,3,0.0,0.0,3.57,0,0,0,4294967.295,3750001.664,0,84887,0,118.84854125976562,142.22413635253906,0.5969807505607605,0,state.PRE_FLIGHT,1308,-29,0,-29,0.0,4713,4713,"[10.6, 0.5, 16.5, 10.4, 15.0, 17.0, 0, 0]","[13.482, 13.838, 13.838]",-23.556,"[2.9952, 3.3104, 5.0032000000000005, 7.3664000000000005, 8.456000000000001, 27.8288]","[0.030625, 0.253125, 0.0, -0.003125, -0.00125, -0.005625]",0,0,0.0,"[1, 1, 1, 1, 1, 1]",67.58136195656692,0.0,0.0,0,0.0
1774904447.2440555,"[0, 0, 0, 0, 0, 0]","[1291, 1500, 1500, 1500]","[-25.08, 0.0, 0.0, 0.0]","[0.0, 0.0, 0.0]",0,3568.273681640625,0,32.54257301330566,"[0.0, -0.21362304684, 7.65991210812]","[0, 0, 0]",0,3,0.0,0.0,3.57,0,0,0,4294967.295,3750001.664,0,84941,0,119.08161926269531,142.29637145996094,0.5969807505607605,0,state.PRE_FLIGHT,1309,-30,0,-29,0.0,4713,4713,"[10.2, 0.5, 16.5, 10.6, 15.9, 17.0, 0, 0]","[13.482, 13.838, 13.838]",-23.556,"[2.9952, 3.3104, 5.0032000000000005, 7.3664000000000005, 8.456000000000001, 27.8288]","[0.030625, 0.253125, 0.0, -0.003125, -0.00125, -0.005625]",0,0,0.0,"[1, 1, 1, 1, 1, 1]",67.38361213439921,0.0,0.0,0,0.0
1774904447.3042853,"[0, 0, 0, 0, 0, 0]","[1291, 1500, 1500, 1500]","[-25.08, 0.0, 0.0, 0.0]","[0.0, 0.0, 0.0]",0,3565.96435546875,0,32.54257301330566,"[0.0, -4.36401367116, 6.34765624896]","[0, 0, 0]",0,3,0.0,0.0,3.566,0,0,0,4294967.295,3750001.664,0,85001,0,119.12370300292969,142.34519958496094,0.5969807505607605,0,state.PRE_FLIGHT,1310,-30,0,-29,0.0,4713,4713,"[10.4, 0.5, 16.5, 10.6, 15.0, 17.0, 0, 0]","[13.482, 13.838, 13.838]",-23.556,"[2.9936000000000003, 3.3088, 5.0016, 7.364800000000001, 8.4624, 27.8288]","[0.038125, 0.25375000000000003, -0.0025, -0.00125, -0.00125, 0.001875]",0,0,0.0,"[1, 1, 1, 1, 1, 1]",67.33635216664842,0.0,0.0,0,0.0
1774904447.3653033,"[0, 0, 0, 0, 0, 0]","[1291, 1500, 1500, 1500]","[-25.08, 0.0, 0.0, 0.0]","[0.0, 0.0, 0.0]",0,3563.656494140625,0,32.52508522033691,"[0.0, 8.27026367052, -13.21411132596]","[0, 0, 0]",0,3,0.0,0.0,3.566,0,0,0,4294967.295,3750001.664,0,85061,0,119.06904602050781,142.17550659179688,0.5969807505607605,0,state.PRE_FLIGHT,1311,-30,0,-29,0.0,4713,4713,"[10.8, 0.5, 15.9, 10.2, 15.9, 16.5, 0, 0]","[13.482, 13.838, 13.838]",-23.556,"[2.9936000000000003, 3.3088, 5.0016, 7.364800000000001, 8.4624, 27.8288]","[0.038125, 0.25375000000000003, -0.0025, -0.00125, -0.00125, 0.001875]",0,0,0.0,"[1, 1, 1, 1, 1, 1]",67.4319811185937,0.0,0.0,0,0.0
1774904447.425834,"[0, 0, 0, 0, 0, 0]","[1291, 1500, 1500, 1500]","[-25.08, 0.0, 0.0, 0.0]","[0.0, 0.0, 0.0]",0,3561.34716796875,0,32.520713272094724,"[0.0, 7.65991210812, 5.43212890536]","[0, 0, 0]",0,3,0.0,0.0,3.562,0,0,0,4294967.295,3750001.664,0,85121,0,119.03853607177734,142.03147888183594,0.5969807505607605,0,state.PRE_FLIGHT,1312,-30,0,-29,0.0,4713,4713,"[10.6, 0.5, 17.0, 10.2, 15.9, 16.5, 0, 0]","[13.482, 13.838, 13.838]",-23.556,"[2.9968000000000004, 3.3120000000000003, 5.0048, 7.3664000000000005, 8.4544, 27.8304]","[0.034375, 0.6425, -0.005, 0.009375, 0.000625, -0.001875]",0,0,0.0,"[1, 1, 1, 1, 1, 1]",67.50128042579625,0.0,0.0,0,0.0
1774904447.471831,"[0, 0, 0, 0, 0, 0]","[1291, 1500, 1500, 1500]","[-25.08, 0.0, 0.0, 0.0]","[0.0, 0.0, 0.0]",0,3559.42236328125,0,32.52508522033691,"[0.0, 10.2233886702, 9.52148437344]","[0, 0, 0]",0,3,0.0,0.0,3.562,0,0,0,4294967.295,3750001.664,0,85175,0,119.31060028076172,141.99937438964844,0.5969807505607605,0,state.PRE_FLIGHT,1313,-30,0,-29,0.0,4713,4713,"[10.4, 0.5, 16.5, 10.4, 16.5, 15.9, 0, 0]","[13.482, 13.838, 13.838]",-23.556,"[2.9968000000000004, 3.3120000000000003, 5.0048, 7.3664000000000005, 8.4544, 27.8304]","[0.034375, 0.6425, -0.005, 0.009375, 0.000625, -0.001875]",0,0,0.0,"[1, 1, 1, 1, 1, 1]",67.30891614973932,0.0,0.0,0,0.0
1774904447.5314453,"[0, 0, 0, 0, 0, 0]","[1291, 1500, 1500, 1500]","[-25.08, 0.0, 0.0, 0.0]","[0.0, 0.0, 0.0]",0,3557.114013671875,0,32.538201065063475,"[0.0, -7.3547363269199995, 3.93676757748]","[0, 0, 0]",0,3,0.0,0.0,3.559,0,0,0,4294967.295,3750001.664,0,85235,0,119.55933380126953,142.15194702148438,0.5969807505607605,0,state.PRE_FLIGHT,1314,-30,0,-29,0.0,4713,4713,"[10.2, 0.5, 16.5, 10.4, 15.9, 17.0, 0, 0]","[13.482, 13.838, 13.838]",-23.556,"[2.9952, 3.3120000000000003, 5.0048, 7.3632, 8.4368, 27.824]","[0.031875, 0.6012500000000001, 0.000625, 0.009375, 0.000625, 0.02]",0,0,0.0,"[1, 1, 1, 1, 1, 1]",67.07354836333379,0.0,0.0,0,0.0
1774904447.5919771,"[0, 0, 0, 0, 0, 0]","[1291, 1500, 1500, 1500]","[-25.08, 0.0, 0.0, 0.0]","[0.0, 0.0, 0.0]",0,3554.806396484375,0,32.520713272094724,"[0.0, -0.4577636718, 1.525878906]","[0, 0, 0]",0,3,0.0,0.0,3.555,0,0,0,4294967.295,3750001.664,0,85295,0,119.8663330078125,142.23863220214844,0.5969807505607605,0,state.PRE_FLIGHT,1315,-30,0,-29,0.0,4713,4713,"[10.4, 0.5, 17.6, 10.4, 15.9, 17.0, 0, 0]","[13.482, 13.838, 13.838]",-23.556,"[2.9952, 3.3120000000000003, 5.0048, 7.3632, 8.4368, 27.824]","[0.031875, 0.6012500000000001, 0.000625, 0.009375, 0.000625, 0.02]",0,0,0.0,"[1, 1, 1, 1, 1, 1]",66.81596863001074,0.0,0.0,0,0.0
1774904447.6513233,"[0, 0, 0, 0, 0, 0]","[1291, 1500, 1500, 1500]","[-25.08, 0.0, 0.0, 0.0]","[0.0, 0.0, 0.0]",0,3552.500244140625,0,32.5294571685791,"[0.0, -8.0871582018, -4.2724609368]","[0, 0, 0]",0,3,0.0,0.0,3.555,0,0,0,4294967.295,3750001.664,0,85355,0,119.95146942138672,142.516357421875,0.5969807505607605,0,state.PRE_FLIGHT,1316,-30,0,-29,0.0,4713,4713,"[10.2, 0.5, 15.9, 10.6, 16.5, 15.5, 0, 0]","[13.482, 13.838, 13.838]",-23.556,"[2.9968000000000004, 3.3120000000000003, 5.0016, 7.364800000000001, 8.4352, 27.819200000000002]","[0.0325, 0.63375, -0.004375, 0.005, 0.0025, 0.015625]",0,0,0.0,"[1, 1, 1, 1, 1, 1]",66.660329260979,0.0,0.0,0,0.0
1774904447.7129362,"[0, 0, 0, 0, 0, 0]","[1291, 1500, 1500, 1500]","[-25.08, 0.0, 0.0, 0.0]","[0.0, 0.0, 0.0]",0,3550.57861328125,0,32.5294571685791,"[0.0, -7.53784179564, 2.4414062496]","[0, 0, 0]",0,3,0.0,0.0,3.551,0,0,0,4294967.295,3750001.664,0,85409,0,120.12281036376953,142.63113403320312,0.5969807505607605,0,state.PRE_FLIGHT,1317,-30,0,-29,0.0,4713,4713,"[10.4, 0.5, 17.0, 10.6, 15.9, 16.5, 0, 0]","[13.482, 13.838, 13.838]",-23.556,"[2.9968000000000004, 3.3120000000000003, 5.0016, 7.364800000000001, 8.4352, 27.819200000000002]","[0.0325, 0.63375, -0.004375, 0.005, 0.0025, 0.015625]",0,0,0.0,"[1, 1, 1, 1, 1, 1]",66.49390472825316,0.0,0.0,0,0.0
1774904447.7729344,"[0, 0, 0, 0, 0, 0]","[1291, 1500, 1500, 1500]","[-25.08, 0.0, 0.0, 0.0]","[0.0, 0.0, 0.0]",0,3548.2724609375,0,32.56880470275879,"[0.0, -1.80053710908, -4.82177734296]","[0, 0, 0]",0,3,0.0,0.0,3.551,0,0,0,4294967.295,3750001.664,0,85469,0,119.98423767089844,142.6860809326172,0.5969807505607605,0,state.PRE_FLIGHT,1318,-30,0,-29,0.0,4713,4713,"[10.4, 0.5, 17.0, 10.4, 15.9, 17.0, 0, 0]","[13.482, 13.838, 13.838]",-23.556,"[2.9952, 3.3104, 5.0032000000000005, 7.3616, 8.464, 27.8272]","[0.03625, 0.23375, -0.001875, 0.0, 0.00125, 0.0125]",0,0,0.0,"[1, 1, 1, 1, 1, 1]",66.57966292124196,0.0,0.0,0,0.0
1774904447.8339233,"[0, 0, 0, 0, 0, 0]","[1291, 1500, 1500, 1500]","[-25.08, 0.0, 0.0, 0.0]","[0.0, 0.0, 0.0]",0,3545.96630859375,0,32.55568885803223,"[0.0, -0.03051757812, 8.78906249856]","[0, 0, 0]",0,3,0.0,0.0,3.547,0,0,0,4294967.295,3750001.664,0,85529,0,120.2668228149414,142.6634979248047,0.5969807505607605,0,state.PRE_FLIGHT,1319,-30,0,-30,0.0,4713,4713,"[10.4, 0.5, 17.0, 10.4, 15.5, 16.5, 0, 0]","[13.482, 13.838, 13.838]",-23.556,"[2.9936000000000003, 3.3136, 5.0032000000000005, 7.3664000000000005, 8.4352, 27.8256]","[0.033125, 0.18375, -0.0025, -0.0025, -0.00125, -0.00375]",0,0,0.0,"[1, 1, 1, 1, 1, 1]",66.37518264464066,0.0,0.0,0,0.0
1774904447.8944783,"[0, 0, 0, 0, 0, 0]","[1291, 1500, 1500, 1500]","[-25.08, 0.0, 0.0, 0.0]","[0.0, 0.0, 0.0]",0,3543.66015625,0,32.54694496154785,"[0.0, 0.1525878906, 2.62451171832]","[0, 0, 0]",0,3,0.0,0.0,3.544,0,0,0,4294967.295,3750001.664,0,85589,0,120.26224517822266,142.6567840576172,0.5969807505607605,0,state.PRE_FLIGHT,1320,-30,0,-30,0.0,4713,4713,"[10.4, 0.5, 15.9, 10.4, 15.5, 17.0, 0, 0]","[13.482, 13.838, 13.838]",-23.556,"[2.9936000000000003, 3.3136, 5.0032000000000005, 7.3664000000000005, 8.4352, 27.8256]","[0.033125, 0.18375, -0.0025, -0.0025, -0.00125, -0.00375]",0,0,0.0,"[1, 1, 1, 1, 1, 1]",66.38085363045654,0.0,0.0,0,0.0
1774904447.9404762,"[0, 0, 0, 0, 0, 0]","[1291, 1500, 1500, 1500]","[-25.08, 0.0, 0.0, 0.0]","[0.0, 0.0, 0.0]",0,3541.35400390625,0,32.538201065063475,"[0.0, 4.6691894523599995, -8.5449218736]","[0, 0, 0]",0,3,0.0,0.0,3.544,0,0,0,4294967.295,3750001.664,0,85643,0,119.95698547363281,142.8117218017578,0.5969807505607605,0,state.PRE_FLIGHT,1321,-30,0,-30,0.0,4713,4713,"[10.4, 0.5, 16.5, 10.6, 15.9, 16.5, 0, 0]","[13.482, 13.838, 13.838]",-23.556,"[2.9936000000000003, 3.3104, 5.0032000000000005, 7.3664000000000005, 8.4672, 27.8272]","[0.036875, 0.26687500000000003, -0.00375, -0.001875, 0.0, -0.00125]",0,0,0.0,"[1, 1, 1, 1, 1, 1]",66.558737208296,0.0,0.0,0,0.0
1774904448.0000212,"[0, 0, 0, 0, 0, 0]","[1291, 1500, 1500, 1500]","[-25.08, 0.0, 0.0, 0.0]","[0.0, 0.0, 0.0]",0,3539.04833984375,0,32.54257301330566,"[0.0, -0.27465820308, 8.97216796728]","[0, 0, 0]",0,3,0.0,0.0,3.539,0,0,0,4294967.295,3750001.664,0,85703,0,119.87095642089844,143.17730712890625,0.5969807505607605,0,state.PRE_FLIGHT,1322,-30,0,-30,0.0,4713,4713,"[10.6, 0.5, 17.0, 10.4, 15.5, 17.0, 0, 0]","[13.482, 13.838, 13.838]",-23.556,"[2.9936000000000003, 3.3104, 5.0032000000000005, 7.3664000000000005, 8.4672, 27.8272]","[0.036875, 0.26687500000000003, -0.00375, -0.001875, 0.0, -0.00125]",0,0,0.0,"[1, 1, 1, 1, 1, 1]",66.50402431093374,0.0,0.0,0,0.0
1774904448.0625489,"[0, 0, 0, 0, 0, 0]","[1291, 1500, 1500, 1500]","[-25.08, 0.0, 0.0, 0.0]","[0.0, 0.0, 0.0]",0,3536.744140625,0,32.55568885803223,"[0.0, -9.06372070164, -7.62939453]","[0, 0, 0]",0,3,0.0,0.0,3.539,0,0,0,4294967.295,3750001.664,0,85763,0,119.80497741699219,143.27197265625,0.5969807505607605,0,state.PRE_FLIGHT,1323,-31,0,-30,0.0,4713,4713,"[10.6, 0.5, 17.0, 10.2, 15.0, 15.9, 0, 0]","[13.482, 13.838, 13.838]",-23.556,"[2.9952, 3.3120000000000003, 5.0032000000000005, 7.3584000000000005, 8.4288, 27.8256]","[0.03375, 0.241875, -0.003125, -0.0025, -0.006875, 0.000625]",0,0,0.0,"[1, 1, 1, 1, 1, 1]",66.52326250964045,0.0,0.0,0,0.0
1774904448.1240885,"[0, 0, 0, 0, 0, 0]","[1291, 1500, 1500, 1500]","[-25.08, 0.0, 0.0, 0.0]","[0.0, 0.0, 0.0]",0,3534.439697265625,0,32.55131690979004,"[0.0, 2.34985351524, 9.52148437344]","[0, 0, 0]",0,3,0.0,0.0,3.535,0,0,0,4294967.295,3750001.664,0,85823,0,120.11505126953125,143.35069274902344,0.5969807505607605,0,state.PRE_FLIGHT,1324,-31,0,-30,0.0,4713,4713,"[10.6, 0.5, 16.5, 10.4, 15.5, 16.5, 0, 0]","[13.482, 13.838, 13.838]",-23.556,"[2.9952, 3.3120000000000003, 5.0032000000000005, 7.3584000000000005, 8.4288, 27.8256]","[0.03375, 0.241875, -0.003125, -0.0025, -0.006875, 0.000625]",0,0,0.0,"[1, 1, 1, 1, 1, 1]",66.26253458190003,0.0,0.0,0,0.0
1774904448.1841092,"[0, 0, 0, 0, 0, 0]","[1291, 1500, 1500, 1500]","[-25.08, 0.0, 0.0, 0.0]","[0.0, 0.0, 0.0]",0,3532.51953125,0,32.560060806274414,"[0.0, -5.7678222646799995, -1.09863281232]","[0, 0, 0]",0,3,0.0,0.0,3.535,0,0,0,4294967.295,3750001.664,0,85877,0,120.34149932861328,143.50074768066406,0.5969807505607605,0,state.PRE_FLIGHT,1325,-31,0,-30,0.0,4713,4713,"[10.6, 0.5, 15.9, 10.4, 15.5, 16.5, 0, 0]","[13.482, 13.838, 13.838]",-23.556,"[2.9968000000000004, 3.3120000000000003, 5.0032000000000005, 7.364800000000001, 8.464, 27.8256]","[0.03375, 0.628125, -0.0025, 0.0075, 0.0075, 0.01625]",0,0,0.0,"[1, 1, 1, 1, 1, 1]",66.04152135962289,0.0,0.0,0,0.0
1774904448.2466438,"[0, 0, 0, 0, 0, 0]","[1291, 1500, 1500, 1500]","[-25.08, 0.0, 0.0, 0.0]","[0.0, 0.0, 0.0]",0,3530.215087890625,0,32.55131690979004,"[0.0, 0.94604492172, 5.98144531152]","[0, 0, 0]",0,3,0.0,0.0,3.532,0,0,0,4294967.295,3750001.664,0,85937,0,120.25149536132812,143.50074768066406,0.5969807505607605,0,state.PRE_FLIGHT,1326,-31,0,-31,0.0,4713,4713,"[10.4, 0.5, 16.5, 10.6, 15.9, 17.0, 0, 0]","[13.482, 13.838, 13.838]",-23.556,"[2.9968000000000004, 3.3120000000000003, 5.0032000000000005, 7.364800000000001, 8.464, 27.8256]","[0.03375, 0.628125, -0.0025, 0.0075, 0.0075, 0.01625]",0,0,0.0,"[1, 1, 1, 1, 1, 1]",66.10986289278165,0.0,0.0,0,0.0
1774904448.2942116,"[0, 0, 0, 0, 0, 0]","[1291, 1500, 1500, 1500]","[-25.08, 0.0, 0.0, 0.0]","[0.0, 0.0, 0.0]",0,3527.910888671875,0,32.56880470275879,"[0.0, -3.99780273372, -2.41088867148]","[0, 0, 0]",0,3,0.0,0.0,3.528,0,0,0,4294967.295,3750001.664,0,85997,0,120.16146850585938,143.51541137695312,0.5969807505607605,0,state.PRE_FLIGHT,1327,-31,0,-31,0.0,4713,4713,"[11.1, 0.5, 17.0, 10.8, 16.5, 17.0, 0, 0]","[13.482, 13.838, 13.838]",-23.556,"[2.9952, 3.3136, 5.0016, 7.3664000000000005, 8.4384, 27.824]","[0.030625, 0.63, -0.000625, 0.01, 0.003125, 0.015625]",0,0,0.0,"[1, 1, 1, 1, 1, 1]",66.17345859895715,0.0,0.0,0,0.0
1774904448.354652,"[0, 0, 0, 0, 0, 0]","[1291, 1500, 1500, 1500]","[-25.08, 0.0, 0.0, 0.0]","[0.0, 0.0, 0.0]",0,3525.6064453125,0,32.54694496154785,"[0.0, -0.03051757812, -6.5002441395599995]","[0, 0, 0]",0,3,0.0,0.0,3.528,0,0,0,4294967.295,3750001.664,0,86057,0,120.17182922363281,143.55081176757812,0.5969807505607605,0,state.PRE_FLIGHT,1328,-30,0,-31,0.0,4713,4713,"[10.6, 0.5, 15.9, 10.8, 15.9, 16.5, 0, 0]","[13.482, 13.838, 13.838]",-23.556,"[2.9952, 3.3136, 5.0016, 7.3664000000000005, 8.4384, 27.824]","[0.030625, 0.63, -0.000625, 0.01, 0.003125, 0.015625]",0,0,0.0,"[1, 1, 1, 1, 1, 1]",66.154024044983,0.0,0.0,0,0.0
1774904448.4162867,"[0, 0, 0, 0, 0, 0]","[1291, 1500, 1500, 1500]","[-25.08, 0.0, 0.0, 0.0]","[0.0, 0.0, 0.0]",0,3523.30322265625,0,32.55131690979004,"[0.0, 0.762939453, -2.5939941402]","[0, 0, 0]",0,3,0.0,0.0,3.524,0,0,0,4294967.295,3750001.664,0,86111,0,120.53594970703125,143.40643310546875,0.5969807505607605,0,state.PRE_FLIGHT,1329,-31,0,-30,0.0,4713,4713,"[10.2, 0.5, 15.5, 10.4, 17.0, 15.9, 0, 0]","[13.482, 13.838, 13.838]",-23.556,"[2.9936000000000003, 3.3136, 5.0032000000000005, 7.3584000000000005, 8.448, 27.8272]","[0.028125, 0.23625000000000002, 0.00125, 0.008125, 0.00125, 0.0125]",0,0,0.0,"[1, 1, 1, 1, 1, 1]",65.92521998146115,0.0,0.0,0,0.0
1774904448.476295,"[0, 0, 0, 0, 0, 0]","[1291, 1500, 1500, 1500]","[-25.08, 0.0, 0.0, 0.0]","[0.0, 0.0, 0.0]",0,3521.000732421875,0,32.58629249572754,"[0.0, -6.31713867084, -7.62939453]","[0, 0, 0]",0,3,0.0,0.0,3.524,0,0,0,4294967.295,3750001.664,0,86171,0,120.81485748291016,143.57492065429688,0.5969807505607605,0,state.PRE_FLIGHT,1330,-31,0,-31,0.0,4713,4713,"[10.4, 0.5, 16.5, 10.6, 15.9, 16.5, 0, 0]","[13.482, 13.838, 13.838]",-23.556,"[2.9936000000000003, 3.3136, 5.0032000000000005, 7.3584000000000005, 8.448, 27.8272]","[0.028125, 0.23625000000000002, 0.00125, 0.008125, 0.00125, 0.0125]",0,0,0.0,"[1, 1, 1, 1, 1, 1]",65.65775152293487,0.0,0.0,0,0.0
1774904448.5373333,"[0, 0, 0, 0, 0, 0]","[1291, 1500, 1500, 1500]","[-25.08, 0.0, 0.0, 0.0]","[0.0, 0.0, 0.0]",0,3518.6982421875,0,32.538201065063475,"[0.0, -4.5471191398799995, 12.87841796664]","[0, 0, 0]",0,3,0.0,0.0,3.52,0,0,0,4294967.295,3750001.664,0,86231,0,120.89421081542969,143.74581909179688,0.5969807505607605,0,state.PRE_FLIGHT,1331,-30,0,-30,0.0,4713,4713,"[10.2, 0.5, 15.9, 10.6, 16.5, 16.5, 0, 0]","[13.482, 13.838, 13.838]",-23.556,"[2.9984, 3.3104, 5.0032000000000005, 7.3616, 8.448, 27.8288]","[0.028125, 0.249375, 0.00125, 0.000625, -0.0025, -0.00375]",0,0,0.0,"[1, 1, 1, 1, 1, 1]",65.54046409254249,0.0,0.0,0,0.0
1774904448.5978477,"[0, 0, 0, 0, 0, 0]","[1291, 1500, 1500, 1500]","[-25.08, 0.0, 0.0, 0.0]","[0.0, 0.0, 0.0]",0,3516.39599609375,0,32.53382911682129,"[0.0, -10.28442382644, -3.14331054636]","[0, 0, 0]",0,3,0.0,0.0,3.516,0,0,0,4294967.295,3750001.664,0,86291,0,120.96073150634766,143.81295776367188,0.5969807505607605,0,state.PRE_FLIGHT,1332,-30,0,-30,0.0,4713,4713,"[10.4, 0.5, 16.5, 10.4, 15.9, 15.9, 0, 0]","[13.482, 13.838, 13.838]",-23.556,"[2.9968000000000004, 3.3120000000000003, 5.0, 7.3616, 8.448, 27.8288]","[0.035, 0.22062500000000002, -0.000625, 0.0, 0.000625, -0.00125]",0,0,0.0,"[1, 1, 1, 1, 1, 1]",65.46746911760783,0.0,0.0,0,0.0
1774904448.642856,"[0, 0, 0, 0, 0, 0]","[1291, 1500, 1500, 1500]","[-25.08, 0.0, 0.0, 0.0]","[0.0, 0.0, 0.0]",0,3514.478759765625,0,32.538201065063475,"[0.0, 2.34985351524, 8.392333983]","[0, 0, 0]",0,3,0.0,0.0,3.516,0,0,0,4294967.295,3750001.664,0,86345,0,120.7618637084961,144.15231323242188,0.5969807505607605,0,state.PRE_FLIGHT,1333,-31,0,-30,0.0,4713,4713,"[10.4, 0.5, 16.5, 10.6, 15.5, 16.5, 0, 0]","[13.482, 13.838, 13.838]",-23.556,"[2.9968000000000004, 3.3120000000000003, 5.0, 7.3616, 8.448, 27.8288]","[0.035, 0.22062500000000002, -0.000625, 0.0, 0.000625, -0.00125]",0,0,0.0,"[1, 1, 1, 1, 1, 1]",65.50672172976964,0.0,0.0,0,0.0
1774904448.7033725,"[0, 0, 0, 0, 0, 0]","[1291, 1500, 1500, 1500]","[-25.08, 0.0, 0.0, 0.0]","[0.0, 0.0, 0.0]",0,3512.17822265625,0,32.58629249572754,"[0.0, 3.93676757748, 4.85229492108]","[0, 0, 0]",0,3,0.0,0.0,3.512,0,0,0,4294967.295,3750001.664,0,86405,0,120.9718246459961,144.21701049804688,0.5969807505607605,0,state.PRE_FLIGHT,1334,-32,0,-31,0.0,4713,4713,"[10.6, 0.5, 16.5, 10.4, 15.9, 17.0, 0, 0]","[13.482, 13.838, 13.838]",-23.556,"[2.9952, 3.3152000000000004, 5.0016, 7.368, 8.448, 27.8272]","[0.03375, 0.22, -0.00375, -0.0025, -0.005, -0.00125]",0,0,0.0,"[1, 1, 1, 1, 1, 1]",65.32464982084035,0.0,0.0,0,0.0
1774904448.763372,"[0, 0, 0, 0, 0, 0]","[1291, 1500, 1500, 1500]","[-25.08, 0.0, 0.0, 0.0]","[0.0, 0.0, 0.0]",0,3509.87744140625,0,32.57317665100098,"[0.0, 0.57983398428, -4.45556640552]","[0, 0, 0]",0,3,0.0,0.0,3.512,0,0,0,4294967.295,3750001.664,0,86465,0,120.97880554199219,144.39955139160156,0.5969807505607605,0,state.PRE_FLIGHT,1335,-33,0,-32,0.0,4713,4713,"[10.6, 0.5, 17.6, 10.4, 16.5, 16.5, 0, 0]","[13.482, 13.838, 13.838]",-23.556,"[2.9952, 3.3152000000000004, 5.0016, 7.368, 8.448, 27.8272]","[0.03375, 0.22, -0.00375, -0.0025, -0.005, -0.00125]",0,0,0.0,"[1, 1, 1, 1, 1, 1]",65.2589635009633,0.0,0.0,0,0.0
1774904448.8243382,"[0, 0, 0, 0, 0, 0]","[1291, 1500, 1500, 1500]","[-25.08, 0.0, 0.0, 0.0]","[0.0, 0.0, 0.0]",0,3507.576904296875,0,32.5644327545166,"[0.0, -2.83813476516, -2.01416015592]","[0, 0, 0]",0,3,0.0,0.0,3.509,0,0,0,4294967.295,3750001.664,0,86525,0,121.3960189819336,144.37081909179688,0.5969807505607605,0,state.PRE_FLIGHT,1336,-32,0,-32,0.0,4713,4713,"[10.4, 0.5, 16.5, 10.4, 15.9, 16.5, 0, 0]","[13.482, 13.838, 13.838]",-23.556,"[2.9952, 3.3120000000000003, 5.0016, 7.3664000000000005, 8.4512, 27.8272]","[0.038125, 0.26875, -0.0025, -0.00625, -0.000625, -0.0025]",0,0,0.0,"[1, 1, 1, 1, 1, 1]",64.94863409837524,0.0,0.0,0,0.0
1774904448.8843427,"[0, 0, 0, 0, 0, 0]","[1291, 1500, 1500, 1500]","[-25.08, 0.0, 0.0, 0.0]","[0.0, 0.0, 0.0]",0,3505.65966796875,0,32.5644327545166,"[0.0, 2.8991699214, -0.73242187488]","[0, 0, 0]",0,3,0.0,0.0,3.505,0,0,0,4294967.295,3750001.664,0,86579,0,121.46810150146484,144.42674255371094,0.5969807505607605,0,state.PRE_FLIGHT,1337,-32,0,-32,0.0,4713,4713,"[10.8, 0.5, 17.6, 10.8, 15.5, 16.5, 0, 0]","[13.482, 13.838, 13.838]",-23.556,"[2.9952, 3.3120000000000003, 5.0016, 7.3664000000000005, 8.4512, 27.8272]","[0.038125, 0.26875, -0.0025, -0.00625, -0.000625, -0.0025]",0,0,0.0,"[1, 1, 1, 1, 1, 1]",64.8746697145007,0.0,0.0,0,0.0
1774904448.9448504,"[0, 0, 0, 0, 0, 0]","[1291, 1500, 1500, 1500]","[-25.08, 0.0, 0.0, 0.0]","[0.0, 0.0, 0.0]",0,3503.35888671875,0,32.5644327545166,"[0.0, 2.288818359, -0.36621093744]","[0, 0, 0]",0,3,0.0,0.0,3.505,0,0,0,4294967.295,3750001.664,0,86639,0,121.53616333007812,144.7263946533203,0.5969807505607605,0,state.PRE_FLIGHT,1338,-35,0,-33,0.0,4713,4713,"[10.8, 0.5, 15.5, 10.8, 15.9, 17.0, 0, 0]","[13.482, 13.838, 13.838]",-23.556,"[2.9936000000000003, 3.3136, 5.0048, 7.3616, 8.4288, 27.8304]","[0.035625000000000004, 0.635, -0.0025, -0.00125, -0.003125, 0.0]",0,0,0.0,"[1, 1, 1, 1, 1, 1]",64.72210473140274,0.0,0.0,0,0.0
1774904449.0053663,"[0, 0, 0, 0, 0, 0]","[1291, 1500, 1500, 1500]","[-25.08, 0.0, 0.0, 0.0]","[0.0, 0.0, 0.0]",0,3501.05859375,0,32.57317665100098,"[0.0, -1.61743164036, -3.14331054636]","[0, 0, 0]",0,3,0.0,0.0,3.501,0,0,0,4294967.295,3750001.664,0,86699,0,121.68661499023438,144.8466339111328,0.5969807505607605,0,state.PRE_FLIGHT,1339,-37,0,-36,0.0,4713,4713,"[10.4, 0.5, 17.0, 10.4, 15.9, 16.5, 0, 0]","[13.482, 13.838, 13.838]",-23.556,"[2.9936000000000003, 3.3136, 5.0048, 7.3616, 8.4288, 27.8304]","[0.035625000000000004, 0.635, -0.0025, -0.00125, -0.003125, 0.0]",0,0,0.0,"[1, 1, 1, 1, 1, 1]",64.5660480840156,0.0,0.0,0,0.0
1774904449.067084,"[0, 0, 0, 0, 0, 0]","[1291, 1500, 1500, 1500]","[-25.08, 0.0, 0.0, 0.0]","[0.0, 0.0, 0.0]",0,3498.759765625,0,32.58192054748535,"[0.0, 12.969970701, 9.70458984216]","[0, 0, 0]",0,3,0.0,0.0,3.501,0,0,0,4294967.295,3750001.664,0,86759,0,121.78306579589844,144.77764892578125,0.5969807505607605,0,state.PRE_FLIGHT,1340,-39,0,-38,0.0,4713,4713,"[10.4, 0.5, 16.5, 10.4, 15.5, 17.6, 0, 0]","[13.482, 13.838, 13.838]",-23.556,"[2.9936000000000003, 3.3136, 5.0048, 7.364800000000001, 8.457600000000001, 27.824]","[0.03625, 0.635625, -0.001875, 0.01, 0.006875, 0.0125]",0,0,0.0,"[1, 1, 1, 1, 1, 1]",64.51495530955914,0.0,0.0,0,0.0
1774904449.111079,"[0, 0, 0, 0, 0, 0]","[1291, 1500, 1500, 1500]","[-25.08, 0.0, 0.0, 0.0]","[0.0, 0.0, 0.0]",0,3496.4609375,0,32.56880470275879,"[0.0, -8.33129882676, -1.8310546872]","[0, 0, 0]",0,3,0.0,0.0,3.497,0,0,0,4294967.295,3750001.664,0,86813,0,121.94952392578125,144.91517639160156,0.5969807505607605,0,state.PRE_FLIGHT,1341,-38,0,-39,0.0,4713,4713,"[10.6, 0.5, 16.5, 10.2, 15.5, 16.5, 0, 0]","[13.482, 13.838, 13.838]",-23.556,"[2.9936000000000003, 3.3136, 5.0048, 7.364800000000001, 8.457600000000001, 27.824]","[0.03625, 0.635625, -0.001875, 0.01, 0.006875, 0.0125]",0,0,0.0,"[1, 1, 1, 1, 1, 1]",64.3404732780234,0.0,0.0,0,0.0
1774904449.1723611,"[0, 0, 0, 0, 0, 0]","[1291, 1500, 1500, 1500]","[-25.08, 0.0, 0.0, 0.0]","[0.0, 0.0, 0.0]",0,3494.162109375,0,32.58629249572754,"[0.0, 0.1525878906, 4.1198730462]","[0, 0, 0]",0,3,0.0,0.0,3.497,0,0,0,4294967.295,3750001.664,0,86873,0,121.83905792236328,145.00244140625,0.5969807505607605,0,state.PRE_FLIGHT,1342,-38,0,-38,0.0,4713,4713,"[10.6, 0.5, 15.9, 10.8, 15.5, 17.0, 0, 0]","[13.482, 13.838, 13.838]",-23.556,"[2.9952, 3.3120000000000003, 5.0016, 7.3664000000000005, 8.4352, 27.8288]","[0.033125, 0.63125, -0.0025, 0.00875, 0.000625, 0.01125]",0,0,0.0,"[1, 1, 1, 1, 1, 1]",64.39628029809363,0.0,0.0,0,0.0
1774904449.233032,"[0, 0, 0, 0, 0, 0]","[1291, 1500, 1500, 1500]","[-25.08, 0.0, 0.0, 0.0]","[0.0, 0.0, 0.0]",0,3491.86328125,0,32.59066444396973,"[0.0, 0.70190429676, 3.93676757748]","[0, 0, 0]",0,3,0.0,0.0,3.493,0,0,0,4294967.295,3750001.664,0,86933,0,122.11829376220703,145.0030517578125,0.5969807505607605,0,state.PRE_FLIGHT,1343,-38,0,-37,0.0,4713,4713,"[10.4, 0.5, 17.6, 10.4, 15.9, 16.5, 0, 0]","[13.482, 13.838, 13.838]",-23.556,"[2.9952, 3.3120000000000003, 5.0016, 7.3664000000000005, 8.4352, 27.8288]","[0.033125, 0.63125, -0.0025, 0.00875, 0.000625, 0.01125]",0,0,0.0,"[1, 1, 1, 1, 1, 1]",64.18072121467866,0.0,0.0,0,0.0
1774904449.2938962,"[0, 0, 0, 0, 0, 0]","[1291, 1500, 1500, 1500]","[-25.08, 0.0, 0.0, 0.0]","[0.0, 0.0, 0.0]",0,3489.564697265625,0,32.5644327545166,"[0.0, -2.04467773404, -12.45117187296]","[0, 0, 0]",0,3,0.0,0.0,3.489,0,0,0,4294967.295,3750001.664,0,86993,0,122.22049713134766,145.18313598632812,0.5969807505607605,0,state.PRE_FLIGHT,1344,-38,0,-38,0.0,4713,4713,"[10.6, 0.5, 16.5, 10.6, 16.5, 17.6, 0, 0]","[13.482, 13.838, 13.838]",-23.556,"[2.9968000000000004, 3.3120000000000003, 5.0048, 7.364800000000001, 8.448, 27.8256]","[0.036875, 0.253125, -0.00125, -0.004375, -0.00375, 0.003125]",0,0,0.0,"[1, 1, 1, 1, 1, 1]",64.0408706973536,0.0,0.0,0,0.0
1774904449.3550272,"[0, 0, 0, 0, 0, 0]","[1291, 1500, 1500, 1500]","[-25.08, 0.0, 0.0, 0.0]","[0.0, 0.0, 0.0]",0,3487.650634765625,0,32.577548599243165,"[0.0, -6.92749023324, -5.7678222646799995]","[0, 0, 0]",0,3,0.0,0.0,3.489,0,0,0,4294967.295,3750001.664,0,87047,0,122.16434478759766,145.67483520507812,0.5969807505607605,0,state.PRE_FLIGHT,1345,-37,0,-37,0.0,4713,4713,"[10.6, 0.5, 17.6, 10.8, 15.9, 15.9, 0, 0]","[13.482, 13.838, 13.838]",-23.556,"[2.9968000000000004, 3.3120000000000003, 5.0016, 7.3616, 8.4352, 27.8272]","[0.0275, 0.21, -0.003125, -0.001875, -0.004375, -0.000625]",0,0,0.0,"[1, 1, 1, 1, 1, 1]",63.91900414981587,0.0,0.0,0,0.0
1774904449.4166312,"[0, 0, 0, 0, 0, 0]","[1291, 1500, 1500, 1500]","[-25.08, 0.0, 0.0, 0.0]","[0.0, 0.0, 0.0]",0,3485.35302734375,0,32.59066444396973,"[0.0, -2.77709960892, -1.64794921848]","[0, 0, 0]",0,3,0.0,0.0,3.486,0,0,0,4294967.295,3750001.664,0,87107,0,122.25891876220703,145.8298797607422,0.5969807505607605,0,state.PRE_FLIGHT,1346,-36,0,-36,0.0,4713,4713,"[10.4, 0.5, 15.9, 10.6, 16.5, 16.5, 0, 0]","[13.482, 13.838, 13.838]",-23.556,"[2.9968000000000004, 3.3120000000000003, 5.0016, 7.3616, 8.4352, 27.8272]","[0.0275, 0.21, -0.003125, -0.001875, -0.004375, -0.000625]",0,0,0.0,"[1, 1, 1, 1, 1, 1]",63.79351069845336,0.0,0.0,0,0.0
1774904449.4646301,"[0, 0, 0, 0, 0, 0]","[1291, 1500, 1500, 1500]","[-25.08, 0.0, 0.0, 0.0]","[0.0, 0.0, 0.0]",0,3483.05419921875,0,32.56880470275879,"[0.0, -1.00708007796, -13.21411132596]","[0, 0, 0]",0,3,0.0,0.0,3.486,0,0,0,4294967.295,3750001.664,0,87167,0,122.28791046142578,146.07888793945312,0.5969807505607605,0,state.PRE_FLIGHT,1347,-36,0,-35,0.0,4713,4713,"[10.6, 0.5, 16.5, 10.6, 15.5, 17.0, 0, 0]","[13.482, 13.838, 13.838]",-23.556,"[2.9968000000000004, 3.3120000000000003, 5.0032000000000005, 7.364800000000001, 8.4544, 27.832]","[0.0325, 0.235625, -0.0025, -0.001875, -0.004375, -0.00375]",0,0,0.0,"[1, 1, 1, 1, 1, 1]",63.687858197116164,0.0,0.0,0,0.0
1774904449.5257127,"[0, 0, 0, 0, 0, 0]","[1291, 1500, 1500, 1500]","[-25.08, 0.0, 0.0, 0.0]","[0.0, 0.0, 0.0]",0,3480.7578125,0,32.58629249572754,"[0.0, -4.36401367116, -3.90624999936]","[0, 0, 0]",0,3,0.0,0.0,3.482,0,0,0,4294967.295,3750001.664,0,87227,0,122.253662109375,146.01910400390625,0.5969807505607605,0,state.PRE_FLIGHT,1348,-35,0,-35,0.0,4713,4713,"[10.8, 0.5, 17.6, 10.6, 15.5, 17.0, 0, 0]","[13.482, 13.838, 13.838]",-23.556,"[2.9968000000000004, 3.3120000000000003, 5.0032000000000005, 7.364800000000001, 8.4544, 27.832]","[0.0325, 0.235625, -0.0025, -0.001875, -0.004375, -0.00375]",0,0,0.0,"[1, 1, 1, 1, 1, 1]",63.734533689322305,0.0,0.0,0,0.0
1774904449.5887208,"[0, 0, 0, 0, 0, 0]","[1291, 1500, 1500, 1500]","[-25.08, 0.0, 0.0, 0.0]","[0.0, 0.0, 0.0]",0,3478.462646484375,0,32.58629249572754,"[0.0, 4.1198730462, 14.1906738258]","[0, 0, 0]",0,3,0.0,0.0,3.478,0,0,0,4294967.295,3750001.92,0,87281,0,122.64553833007812,145.93841552734375,0.5969807505607605,0,state.PRE_FLIGHT,1349,-35,0,-35,0.0,4713,4713,"[10.8, 0.5, 15.9, 10.4, 15.9, 16.5, 0, 0]","[13.482, 13.838, 13.838]",-23.556,"[2.9952, 3.3104, 5.0032000000000005, 7.368, 8.456000000000001, 27.8288]","[0.030625, 0.320625, -0.0025, -0.003125, 0.001875, -0.003125]",0,0,0.0,"[1, 1, 1, 1, 1, 1]",63.45556729975573,0.0,0.0,0,0.0
1774904449.6492496,"[0, 0, 0, 0, 0, 0]","[1291, 1500, 1500, 1500]","[-25.08, 0.0, 0.0, 0.0]","[0.0, 0.0, 0.0]",0,3476.16552734375,0,32.577548599243165,"[0.0, -10.65063476388, -9.85717773276]","[0, 0, 0]",0,3,0.0,0.0,3.478,0,0,0,4294967.295,3750001.92,0,87341,0,122.6241455078125,146.2277374267578,0.5969807505607605,0,state.PRE_FLIGHT,1350,-35,0,-34,0.0,4713,4713,"[10.8, 0.5, 16.5, 10.6, 15.5, 15.9, 0, 0]","[13.482, 13.838, 13.838]",-23.556,"[2.9952, 3.3104, 5.0032000000000005, 7.368, 8.456000000000001, 27.8288]","[0.030625, 0.320625, -0.0025, -0.003125, 0.001875, -0.003125]",0,0,0.0,"[1, 1, 1, 1, 1, 1]",63.37493076782079,0.0,0.0,0,0.0
1774904449.7097979,"[0, 0, 0, 0, 0, 0]","[1291, 1500, 1500, 1500]","[-25.08, 0.0, 0.0, 0.0]","[0.0, 0.0, 0.0]",0,3473.869140625,0,32.577548599243165,"[0.0, -4.36401367116, 0.21362304684]","[0, 0, 0]",0,3,0.0,0.0,3.474,0,0,0,4294967.295,3750001.92,0,87401,0,123.04467010498047,146.1996612548828,0.5969807505607605,0,state.PRE_FLIGHT,1351,-35,0,-34,0.0,4713,4713,"[10.2, 0.5, 17.0, 10.0, 15.5, 15.9, 0, 0]","[13.482, 13.838, 13.838]",-23.556,"[2.9968000000000004, 3.3104, 5.0048, 7.3616, 8.440000000000001, 27.8272]","[0.033125, 0.62625, -0.003125, 0.005, 0.0025, 0.015625]",0,0,0.0,"[1, 1, 1, 1, 1, 1]",63.0554491853483,0.0,0.0,0,0.0
1774904449.769798,"[0, 0, 0, 0, 0, 0]","[1291, 1500, 1500, 1500]","[-25.08, 0.0, 0.0, 0.0]","[0.0, 0.0, 0.0]",0,3471.573974609375,0,32.56880470275879,"[0.0, 1.12915039044, 0.03051757812]","[0, 0, 0]",0,3,0.0,0.0,3.474,0,0,0,4294967.295,3750001.92,0,87461,0,123.01783752441406,146.3693389892578,0.5969807505607605,0,state.PRE_FLIGHT,1352,-35,0,-34,0.0,4713,4713,"[10.6, 0.5, 16.5, 10.6, 15.9, 16.5, 0, 0]","[13.482, 13.838, 13.838]",-23.556,"[2.9968000000000004, 3.3104, 5.0048, 7.3616, 8.440000000000001, 27.8272]","[0.033125, 0.62625, -0.003125, 0.005, 0.0025, 0.015625]",0,0,0.0,"[1, 1, 1, 1, 1, 1]",63.018843412058686,0.0,0.0,0,0.0
1774904449.8153534,"[0, 0, 0, 0, 0, 0]","[1291, 1500, 1500, 1500]","[-25.08, 0.0, 0.0, 0.0]","[0.0, 0.0, 0.0]",0,3469.661376953125,0,32.59503639221192,"[0.0, -7.3547363269199995, -7.99560546744]","[0, 0, 0]",0,3,0.0,0.0,3.47,0,0,0,4294967.295,3750001.92,0,87515,0,123.03524017333984,146.31381225585938,0.5969807505607605,0,state.PRE_FLIGHT,1353,-35,0,-35,0.0,4713,4713,"[10.4, 0.5, 15.9, 10.6, 16.5, 16.5, 0, 0]","[13.482, 13.838, 13.838]",-23.556,"[2.9952, 3.3104, 5.0032000000000005, 7.364800000000001, 8.473600000000001, 27.8256]","[0.033125, 0.57125, 0.000625, 0.008125, -0.00125, 0.013125]",0,0,0.0,"[1, 1, 1, 1, 1, 1]",63.02403727764549,0.0,0.0,0,0.0
1774904449.8754888,"[0, 0, 0, 0, 0, 0]","[1291, 1500, 1500, 1500]","[-25.08, 0.0, 0.0, 0.0]","[0.0, 0.0, 0.0]",0,3467.3662109375,0,32.599408340454104,"[0.0, -5.5236816397199995, -3.5095214838]","[0, 0, 0]",0,3,0.0,0.0,3.47,0,0,0,4294967.295,3750001.92,0,87575,0,123.14479064941406,146.45053100585938,0.5969807505607605,0,state.PRE_FLIGHT,1354,-34,0,-34,0.0,4713,4713,"[10.6, 0.5, 17.6, 10.8, 15.9, 16.5, 0, 0]","[13.482, 13.838, 13.838]",-23.556,"[2.9952, 3.3104, 5.0032000000000005, 7.364800000000001, 8.473600000000001, 27.8256]","[0.033125, 0.57125, 0.000625, 0.008125, -0.00125, 0.013125]",0,0,0.0,"[1, 1, 1, 1, 1, 1]",62.89182501722252,0.0,0.0,0,0.0
1774904449.9360192,"[0, 0, 0, 0, 0, 0]","[1291, 1500, 1500, 1500]","[-25.08, 0.0, 0.0, 0.0]","[0.0, 0.0, 0.0]",0,3465.071044921875,0,32.60378028869629,"[0.0, 2.8991699214, 8.02612304556]","[0, 0, 0]",0,3,0.0,0.0,3.466,0,0,0,4294967.295,3750001.92,0,87635,0,123.3062515258789,146.37240600585938,0.5969807505607605,0,state.PRE_FLIGHT,1355,-34,0,-34,0.0,4713,4713,"[10.6, 0.5, 16.5, 10.2, 15.0, 17.0, 0, 0]","[13.482, 13.838, 13.838]",-23.556,"[2.9984, 3.3136, 5.0016, 7.368, 8.440000000000001, 27.8256]","[0.031875, 0.3875, -0.00125, 0.005, 0.000625, 0.01625]",0,0,0.0,"[1, 1, 1, 1, 1, 1]",62.79198631834931,0.0,0.0,0,0.0
1774904449.9965696,"[0, 0, 0, 0, 0, 0]","[1291, 1500, 1500, 1500]","[-25.08, 0.0, 0.0, 0.0]","[0.0, 0.0, 0.0]",0,3462.776123046875,0,32.59066444396973,"[0.0, 0.57983398428, -5.1879882804]","[0, 0, 0]",0,3,0.0,0.0,3.463,0,0,0,4294967.295,3750001.92,0,87695,0,123.52716064453125,146.49020385742188,0.5969807505607605,0,state.PRE_FLIGHT,1356,-35,0,-35,0.0,4713,4713,"[11.1, 0.5, 17.0, 10.2, 17.0, 17.0, 0, 0]","[13.482, 13.838, 13.838]",-23.556,"[2.9984, 3.3136, 5.0016, 7.368, 8.440000000000001, 27.8256]","[0.031875, 0.3875, -0.00125, 0.005, 0.000625, 0.01625]",0,0,0.0,"[1, 1, 1, 1, 1, 1]",62.57869508351856,0.0,0.0,0,0.0
1774904450.0583816,"[0, 0, 0, 0, 0, 0]","[1291, 1500, 1500, 1500]","[-25.08, 0.0, 0.0, 0.0]","[0.0, 0.0, 0.0]",0,3460.864990234375,0,32.577548599243165,"[0.0, 2.53295898396, 10.65063476388]","[0, 0, 0]",0,3,0.0,0.0,3.463,0,0,0,4294967.295,3750001.92,0,87749,0,123.82907104492188,146.7127227783203,0.5969807505607605,0,state.PRE_FLIGHT,1357,-35,0,-34,0.0,4713,4713,"[10.8, 0.5, 17.0, 10.6, 16.5, 16.5, 0, 0]","[13.482, 13.838, 13.838]",-23.556,"[2.9952, 3.3104, 5.0032000000000005, 7.3664000000000005, 8.4608, 27.824]","[0.03, 0.2475, -0.001875, -0.000625, 0.00125, -0.00125]",0,0,0.0,"[1, 1, 1, 1, 1, 1]",62.265430082423016,0.0,0.0,0,0.0
1774904450.1190302,"[0, 0, 0, 0, 0, 0]","[1291, 1500, 1500, 1500]","[-25.08, 0.0, 0.0, 0.0]","[0.0, 0.0, 0.0]",0,3458.57177734375,0,32.58629249572754,"[0.0, -6.5002441395599995, -1.46484374976]","[0, 0, 0]",0,3,0.0,0.0,3.459,0,0,0,4294967.295,3750001.92,0,87809,0,124.0204086303711,146.7084197998047,0.5969807505607605,0,state.PRE_FLIGHT,1358,-35,0,-34,0.0,4713,4713,"[10.6, 0.5, 15.5, 10.4, 15.9, 17.6, 0, 0]","[13.482, 13.838, 13.838]",-23.556,"[2.9968000000000004, 3.3120000000000003, 5.0032000000000005, 7.3616, 8.448, 27.8304]","[0.030625, 0.21875, 0.001875, -0.000625, -0.004375, -0.0025]",0,0,0.0,"[1, 1, 1, 1, 1, 1]",62.116877471856704,0.0,0.0,0,0.0
1774904450.1794584,"[0, 0, 0, 0, 0, 0]","[1291, 1500, 1500, 1500]","[-25.08, 0.0, 0.0, 0.0]","[0.0, 0.0, 0.0]",0,3456.2783203125,0,32.57317665100098,"[0.0, 1.3732910154, 1.89208984344]","[0, 0, 0]",0,3,0.0,0.0,3.459,0,0,0,4294967.295,3750001.92,0,87869,0,123.99568176269531,147.0056610107422,0.5969807505607605,0,state.PRE_FLIGHT,1359,-35,0,-34,0.0,4713,4713,"[10.2, 0.5, 15.9, 10.6, 16.5, 16.5, 0, 0]","[13.482, 13.838, 13.838]",-23.556,"[2.9968000000000004, 3.3120000000000003, 5.0032000000000005, 7.3616, 8.448, 27.8304]","[0.030625, 0.21875, 0.001875, -0.000625, -0.004375, -0.0025]",0,0,0.0,"[1, 1, 1, 1, 1, 1]",62.03343019646827,0.0,0.0,0,0.0
1774904450.2272997,"[0, 0, 0, 0, 0, 0]","[1291, 1500, 1500, 1500]","[-25.08, 0.0, 0.0, 0.0]","[0.0, 0.0, 0.0]",0,3453.985107421875,0,32.5644327545166,"[0.0, -5.9509277334, -7.62939453]","[0, 0, 0]",0,3,0.0,0.0,3.455,0,0,0,4294967.295,3750001.92,0,87929,0,123.97797393798828,147.29742431640625,0.5969807505607605,0,state.PRE_FLIGHT,1360,-34,0,-34,0.0,4713,4713,"[10.6, 0.5, 15.5, 10.4, 16.5, 16.5, 0, 0]","[13.482, 13.838, 13.838]",-23.556,"[2.9968000000000004, 3.3104, 5.0032000000000005, 7.364800000000001, 8.4304, 27.8272]","[0.035625000000000004, 0.253125, -0.00125, -0.00125, -0.004375, -0.0025]",0,0,0.0,"[1, 1, 1, 1, 1, 1]",61.9471982774506,0.0,0.0,0,0.0
1774904450.2887192,"[0, 0, 0, 0, 0, 0]","[1291, 1500, 1500, 1500]","[-25.08, 0.0, 0.0, 0.0]","[0.0, 0.0, 0.0]",0,3451.691650390625,0,32.57317665100098,"[0.0, -4.97436523356, -12.84790038852]","[0, 0, 0]",0,3,0.0,0.0,3.451,0,0,0,4294967.295,3750001.92,0,87983,0,123.83102416992188,147.49563598632812,0.5969807505607605,0,state.PRE_FLIGHT,1361,-34,0,-33,0.0,4713,4713,"[10.2, 0.5, 16.5, 10.8, 16.5, 17.0, 0, 0]","[13.482, 13.838, 13.838]",-23.556,"[2.9968000000000004, 3.3104, 5.0032000000000005, 7.364800000000001, 8.4304, 27.8272]","[0.035625000000000004, 0.253125, -0.00125, -0.00125, -0.004375, -0.0025]",0,0,0.0,"[1, 1, 1, 1, 1, 1]",61.99610413390671,0.0,0.0,0,0.0
1774904450.3497832,"[0, 0, 0, 0, 0, 0]","[1291, 1500, 1500, 1500]","[-25.08, 0.0, 0.0, 0.0]","[0.0, 0.0, 0.0]",0,3449.400146484375,0,32.58629249572754,"[0.0, 4.48608398364, 8.78906249856]","[0, 0, 0]",0,3,0.0,0.0,3.451,0,0,0,4294967.295,3750001.92,0,88043,0,123.92749786376953,147.52308654785156,0.5969807505607605,0,state.PRE_FLIGHT,1362,-35,0,-34,0.0,4713,4713,"[10.4, 0.5, 16.5, 10.4, 15.5, 15.9, 0, 0]","[13.482, 13.838, 13.838]",-23.556,"[2.9968000000000004, 3.3104, 5.0048, 7.368, 8.4624, 27.8256]","[0.031875, 0.25375000000000003, -0.0025, -0.0025, -0.005, -0.0025]",0,0,0.0,"[1, 1, 1, 1, 1, 1]",61.910243796836006,0.0,0.0,0,0.0
1774904450.4103222,"[0, 0, 0, 0, 0, 0]","[1291, 1500, 1500, 1500]","[-25.08, 0.0, 0.0, 0.0]","[0.0, 0.0, 0.0]",0,3447.108642578125,0,32.58192054748535,"[0.0, -0.03051757812, 7.4768066393999995]","[0, 0, 0]",0,3,0.0,0.0,3.447,0,0,0,4294967.295,3750001.92,0,88103,0,124.06849670410156,147.52919006347656,0.5969807505607605,0,state.PRE_FLIGHT,1363,-34,0,-34,0.0,4713,4713,"[10.4, 0.5, 17.0, 10.6, 15.9, 15.9, 0, 0]","[13.482, 13.838, 13.838]",-23.556,"[2.9968000000000004, 3.3104, 5.0048, 7.368, 8.4624, 27.8256]","[0.031875, 0.25375000000000003, -0.0025, -0.0025, -0.005, -0.0025]",0,0,0.0,"[1, 1, 1, 1, 1, 1]",61.796321407119166,0.0,0.0,0,0.0
1774904450.4703243,"[0, 0, 0, 0, 0, 0]","[1291, 1500, 1500, 1500]","[-25.08, 0.0, 0.0, 0.0]","[0.0, 0.0, 0.0]",0,3444.817138671875,0,32.577548599243165,"[0.0, 0.1525878906, -3.90624999936]","[0, 0, 0]",0,3,0.0,0.0,3.447,0,0,0,4294967.295,3750001.92,0,88163,0,124.02149963378906,147.63601684570312,0.5969807505607605,0,state.PRE_FLIGHT,1364,-34,0,-33,0.0,4713,4713,"[10.6, 0.5, 16.5, 10.6, 15.5, 16.5, 0, 0]","[13.482, 13.838, 13.838]",-23.556,"[2.9968000000000004, 3.3136, 5.0048, 7.3616, 8.443200000000001, 27.824]","[0.033125, 0.615, -0.005625, 0.013125, 0.00625, 0.014375]",0,0,0.0,"[1, 1, 1, 1, 1, 1]",61.7972428553147,0.0,0.0,0,0.0
1774904450.515887,"[0, 0, 0, 0, 0, 0]","[1291, 1500, 1500, 1500]","[-25.08, 0.0, 0.0, 0.0]","[0.0, 0.0, 0.0]",0,3442.907470703125,0,32.577548599243165,"[0.0, -10.10131835772, -11.16943359192]","[0, 0, 0]",0,3,0.0,0.0,3.444,0,0,0,4294967.295,3750001.92,0,88217,0,123.88507080078125,147.66709899902344,0.5969807505607605,0,state.PRE_FLIGHT,1365,-34,0,-33,0.0,4713,4713,"[10.8, 0.5, 17.0, 10.6, 17.0, 17.0, 0, 0]","[13.482, 13.838, 13.838]",-23.556,"[2.9968000000000004, 3.3136, 5.0048, 7.3616, 8.443200000000001, 27.824]","[0.033125, 0.615, -0.005625, 0.013125, 0.00625, 0.014375]",0,0,0.0,"[1, 1, 1, 1, 1, 1]",61.89514151121207,0.0,0.0,0,0.0
1774904450.5764256,"[0, 0, 0, 0, 0, 0]","[1291, 1500, 1500, 1500]","[-25.08, 0.0, 0.0, 0.0]","[0.0, 0.0, 0.0]",0,3440.615966796875,0,32.58629249572754,"[0.0, -3.814697265, -1.46484374976]","[0, 0, 0]",0,3,0.0,0.0,3.44,0,0,0,4294967.295,3750001.92,0,88277,0,123.888427734375,147.59812927246094,0.5969807505607605,0,state.PRE_FLIGHT,1366,-34,0,-34,0.0,4713,4713,"[10.8, 0.5, 17.0, 10.4, 15.9, 15.9, 0, 0]","[13.482, 13.838, 13.838]",-23.556,"[2.9936000000000003, 3.3120000000000003, 5.0016, 7.3632, 8.4336, 27.832]","[0.038125, 0.6075, -0.00125, 0.01125, 0.003125, 0.0125]",0,0,0.0,"[1, 1, 1, 1, 1, 1]",61.91580935356066,0.0,0.0,0,0.0
1774904450.636954,"[0, 0, 0, 0, 0, 0]","[1291, 1500, 1500, 1500]","[-25.08, 0.0, 0.0, 0.0]","[0.0, 0.0, 0.0]",0,3438.325927734375,0,32.59503639221192,"[0.0, -4.97436523356, 2.07519531216]","[0, 0, 0]",0,3,0.0,0.0,3.44,0,0,0,4294967.295,3750001.92,0,88337,0,124.03886413574219,147.61094665527344,0.5969807505607605,0,state.PRE_FLIGHT,1367,-35,0,-34,0.0,4713,4713,"[10.4, 0.5, 17.6, 10.8, 15.9, 16.5, 0, 0]","[13.482, 13.838, 13.838]",-23.556,"[2.9936000000000003, 3.3120000000000003, 5.0016, 7.3632, 8.4336, 27.832]","[0.038125, 0.6075, -0.00125, 0.01125, 0.003125, 0.0125]",0,0,0.0,"[1, 1, 1, 1, 1, 1]",61.79197671838689,0.0,0.0,0,0.0
1774904450.6974993,"[0, 0, 0, 0, 0, 0]","[1291, 1500, 1500, 1500]","[-25.08, 0.0, 0.0, 0.0]","[0.0, 0.0, 0.0]",0,3436.0361328125,0,32.599408340454104,"[0.0, -0.64086914052, -2.96020507764]","[0, 0, 0]",0,3,0.0,0.0,3.436,0,0,0,4294967.295,3750001.92,0,88397,0,124.1404800415039,147.76722717285156,0.5969807505607605,0,state.PRE_FLIGHT,1368,-34,0,-34,0.0,4713,4713,"[10.6, 0.5, 16.5, 10.6, 15.9, 16.5, 0, 0]","[13.482, 13.838, 13.838]",-23.556,"[2.9968000000000004, 3.3104, 5.0032000000000005, 7.368, 8.4544, 27.8256]","[0.035, 0.225625, -0.004375, -0.00625, 0.00125, 0.015625]",0,0,0.0,"[1, 1, 1, 1, 1, 1]",61.65805381983481,0.0,0.0,0,0.0
1774904450.7574995,"[0, 0, 0, 0, 0, 0]","[1291, 1500, 1500, 1500]","[-25.08, 0.0, 0.0, 0.0]","[0.0, 0.0, 0.0]",0,3433.74462890625,0,32.57317665100098,"[0.0, 3.69262695252, 2.25830078088]","[0, 0, 0]",0,3,0.0,0.0,3.436,0,0,0,4294967.295,3750001.92,0,88451,0,124.35598754882812,147.6942901611328,0.5969807505607605,0,state.PRE_FLIGHT,1369,-34,0,-33,0.0,4713,4713,"[10.6, 0.5, 16.5, 10.8, 15.0, 17.0, 0, 0]","[13.482, 13.838, 13.838]",-23.556,"[2.9968000000000004, 3.3104, 5.0032000000000005, 7.368, 8.4544, 27.8256]","[0.035, 0.225625, -0.004375, -0.00625, 0.00125, 0.015625]",0,0,0.0,"[1, 1, 1, 1, 1, 1]",61.51171219138439,0.0,0.0,0,0.0
1774904450.8180642,"[0, 0, 0, 0, 0, 0]","[1291, 1500, 1500, 1500]","[-25.08, 0.0, 0.0, 0.0]","[0.0, 0.0, 0.0]",0,3431.453857421875,0,32.60378028869629,"[0.0, -8.51440429548, 8.605957029839999]","[0, 0, 0]",0,3,0.0,0.0,3.432,0,0,0,4294967.295,3750001.92,0,88511,0,124.27914428710938,147.9005584716797,0.5969807505607605,0,state.PRE_FLIGHT,1370,-33,0,-33,0.0,4713,4713,"[10.4, 0.5, 16.5, 10.6, 15.5, 16.5, 0, 0]","[13.482, 13.838, 13.838]",-23.556,"[2.9968000000000004, 3.3136, 5.0032000000000005, 7.3632, 8.4672, 27.8256]","[0.026875, 0.2425, -0.00125, 0.000625, 0.00125, -0.001875]",0,0,0.0,"[1, 1, 1, 1, 1, 1]",61.50230370880487,0.0,0.0,0,0.0
1774904450.878072,"[0, 0, 0, 0, 0, 0]","[1291, 1500, 1500, 1500]","[-25.08, 0.0, 0.0, 0.0]","[0.0, 0.0, 0.0]",0,3429.164306640625,0,32.58192054748535,"[0.0, -1.19018554668, 7.8430175768399994]","[0, 0, 0]",0,3,0.0,0.0,3.432,0,0,0,4294967.295,3750001.92,0,88571,0,124.41098022460938,147.88528442382812,0.5969807505607605,0,state.PRE_FLIGHT,1371,-34,0,-33,0.0,4713,4713,"[10.6, 0.5, 16.5, 10.4, 15.5, 17.6, 0, 0]","[13.482, 13.838, 13.838]",-23.556,"[2.9968000000000004, 3.3120000000000003, 5.0016, 7.3632, 8.448, 27.824]","[0.028125, 0.248125, -0.001875, -0.000625, -0.000625, -0.00375]",0,0,0.0,"[1, 1, 1, 1, 1, 1]",61.40255331628834,0.0,0.0,0,0.0
1774904450.9405966,"[0, 0, 0, 0, 0, 0]","[1291, 1500, 1500, 1500]","[-25.08, 0.0, 0.0, 0.0]","[0.0, 0.0, 0.0]",0,3426.8759765625,0,32.577548599243165,"[0.0, 2.77709960892, -7.62939453]","[0, 0, 0]",0,3,0.0,0.0,3.428,0,0,0,4294967.295,3750001.92,0,88631,0,124.48481750488281,147.92251586914062,0.5969807505607605,0,state.PRE_FLIGHT,1372,-33,0,-33,0.0,4713,4713,"[10.6, 0.5, 17.0, 10.4, 15.9, 17.6, 0, 0]","[13.482, 13.838, 13.838]",-23.556,"[2.9968000000000004, 3.3120000000000003, 5.0016, 7.3632, 8.448, 27.824]","[0.028125, 0.248125, -0.001875, -0.000625, -0.000625, -0.00375]",0,0,0.0,"[1, 1, 1, 1, 1, 1]",61.331033918514464,0.0,0.0,0,0.0
1774904450.9876156,"[0, 0, 0, 0, 0, 0]","[1291, 1500, 1500, 1500]","[-25.08, 0.0, 0.0, 0.0]","[0.0, 0.0, 0.0]",0,3424.969482421875,0,32.599408340454104,"[0.0, -8.6975097642, -12.268066404239999]","[0, 0, 0]",0,3,0.0,0.0,3.424,0,0,0,4294967.295,3750001.92,0,88685,0,124.43767547607422,147.86697387695312,0.5969807505607605,0,state.PRE_FLIGHT,1373,-33,0,-33,0.0,4713,4713,"[10.8, 0.5, 17.0, 10.6, 16.5, 17.0, 0, 0]","[13.482, 13.838, 13.838]",-23.556,"[2.9952, 3.3136, 5.0048, 7.3616, 8.4368, 27.8272]","[0.034375, 0.286875, 0.00125, -0.003125, -0.001875, 0.0]",0,0,0.0,"[1, 1, 1, 1, 1, 1]",61.38758122939321,0.0,0.0,0,0.0
1774904451.0489376,"[0, 0, 0, 0, 0, 0]","[1291, 1500, 1500, 1500]","[-25.08, 0.0, 0.0, 0.0]","[0.0, 0.0, 0.0]",0,3422.679931640625,0,32.577548599243165,"[0.0, -0.03051757812, 7.4768066393999995]","[0, 0, 0]",0,3,0.0,0.0,3.424,0,0,0,4294967.295,3750001.92,0,88745,0,124.51336669921875,147.78335571289062,0.5969807505607605,0,state.PRE_FLIGHT,1374,-33,0,-32,0.0,4713,4713,"[10.4, 0.5, 16.5, 10.8, 15.9, 16.5, 0, 0]","[13.482, 13.838, 13.838]",-23.556,"[2.9952, 3.3136, 5.0048, 7.3616, 8.4368, 27.8272]","[0.034375, 0.286875, 0.00125, -0.003125, -0.001875, 0.0]",0,0,0.0,"[1, 1, 1, 1, 1, 1]",61.35612555461861,0.0,0.0,0,0.0
1774904451.109445,"[0, 0, 0, 0, 0, 0]","[1291, 1500, 1500, 1500]","[-25.08, 0.0, 0.0, 0.0]","[0.0, 0.0, 0.0]",0,3420.390869140625,0,32.59066444396973,"[0.0, 10.16235351396, 4.1198730462]","[0, 0, 0]",0,3,0.0,0.0,3.421,0,0,0,4294967.295,3750001.92,0,88805,0,124.52557373046875,147.69302368164062,0.5969807505607605,0,state.PRE_FLIGHT,1375,-32,0,-32,0.0,4713,4713,"[10.6, 0.5, 16.5, 10.6, 15.5, 17.0, 0, 0]","[13.482, 13.838, 13.838]",-23.556,"[2.9952, 3.3104, 5.0032000000000005, 7.3696, 8.457600000000001, 27.8304]","[0.035, 0.619375, -0.000625, -0.00125, -0.003125, 0.000625]",0,0,0.0,"[1, 1, 1, 1, 1, 1]",61.37756732447347,0.0,0.0,0,0.0
1774904451.168547,"[0, 0, 0, 0, 0, 0]","[1291, 1500, 1500, 1500]","[-25.08, 0.0, 0.0, 0.0]","[0.0, 0.0, 0.0]",0,3418.102783203125,0,32.577548599243165,"[0.0, -5.7678222646799995, -8.91113281104]","[0, 0, 0]",0,3,0.0,0.0,3.421,0,0,0,4294967.295,3750001.92,0,88865,0,124.57528686523438,147.7693328857422,0.5969807505607605,0,state.PRE_FLIGHT,1376,-33,0,-32,0.0,4713,4713,"[10.6, 0.5, 16.5, 10.4, 15.5, 15.9, 0, 0]","[13.482, 13.838, 13.838]",-23.556,"[2.9952, 3.3104, 5.0032000000000005, 7.3696, 8.457600000000001, 27.8304]","[0.035, 0.619375, -0.000625, -0.00125, -0.003125, 0.000625]",0,0,0.0,"[1, 1, 1, 1, 1, 1]",61.31178348156127,0.0,0.0,0,0.0
1774904451.230329,"[0, 0, 0, 0, 0, 0]","[1291, 1500, 1500, 1500]","[-25.08, 0.0, 0.0, 0.0]","[0.0, 0.0, 0.0]",0,3416.1962890625,0,32.59503639221192,"[0.0, 3.32641601508, 6.16455078024]","[0, 0, 0]",0,3,0.0,0.0,3.417,0,0,0,4294967.295,3750001.92,0,88919,0,124.8368148803711,147.7288360595703,0.5969807505607605,0,state.PRE_FLIGHT,1377,-33,0,-33,0.0,4713,4713,"[10.4, 0.5, 17.6, 10.4, 15.5, 16.5, 0, 0]","[13.482, 13.838, 13.838]",-23.556,"[2.9952, 3.3136, 5.0032000000000005, 7.364800000000001, 8.440000000000001, 27.8256]","[0.038125, 0.594375, -0.0025, 0.010625, 0.0, 0.01625]",0,0,0.0,"[1, 1, 1, 1, 1, 1]",61.11835892626333,0.0,0.0,0,0.0
1774904451.2905078,"[0, 0, 0, 0, 0, 0]","[1291, 1500, 1500, 1500]","[-25.08, 0.0, 0.0, 0.0]","[0.0, 0.0, 0.0]",0,3413.908447265625,0,32.599408340454104,"[0.0, -15.83862304428, -5.9509277334]","[0, 0, 0]",0,3,0.0,0.0,3.413,0,0,0,4294967.295,3750001.92,0,88979,0,124.819091796875,147.94857788085938,0.5969807505607605,0,state.PRE_FLIGHT,1378,-33,0,-33,0.0,4713,4713,"[10.2, 0.5, 15.9, 10.6, 16.5, 16.5, 0, 0]","[13.482, 13.838, 13.838]",-23.556,"[2.9952, 3.3136, 5.0032000000000005, 7.364800000000001, 8.440000000000001, 27.8256]","[0.038125, 0.594375, -0.0025, 0.010625, 0.0, 0.01625]",0,0,0.0,"[1, 1, 1, 1, 1, 1]",61.056113461151085,0.0,0.0,0,0.0
1774904451.337749,"[0, 0, 0, 0, 0, 0]","[1291, 1500, 1500, 1500]","[-25.08, 0.0, 0.0, 0.0]","[0.0, 0.0, 0.0]",0,3411.6220703125,0,32.61689613342285,"[0.0, -0.21362304684, 5.43212890536]","[0, 0, 0]",0,3,0.0,0.0,3.413,0,0,0,4294967.295,3750001.92,0,89039,0,124.88378143310547,148.14022827148438,0.5969807505607605,0,state.PRE_FLIGHT,1379,-34,0,-33,0.0,4713,4713,"[10.6, 0.5, 16.5, 10.6, 16.5, 17.6, 0, 0]","[13.482, 13.838, 13.838]",-23.556,"[2.9968000000000004, 3.3136, 5.0032000000000005, 7.3616, 8.4624, 27.8304]","[0.035625000000000004, 0.6168750000000001, -0.000625, 0.008125, 0.000625, 0.014375]",0,0,0.0,"[1, 1, 1, 1, 1, 1]",60.938338151365414,0.0,0.0,0,0.0
1774904451.3975277,"[0, 0, 0, 0, 0, 0]","[1291, 1500, 1500, 1500]","[-25.08, 0.0, 0.0, 0.0]","[0.0, 0.0, 0.0]",0,3409.336181640625,0,32.59066444396973,"[0.0, 8.81958007668, -1.09863281232]","[0, 0, 0]",0,3,0.0,0.0,3.41,0,0,0,4294967.295,3750001.92,0,89099,0,124.95214080810547,148.13656616210938,0.5969807505607605,0,state.PRE_FLIGHT,1380,-34,0,-34,0.0,4713,4713,"[10.4, 0.5, 16.5, 10.6, 15.0, 17.0, 0, 0]","[13.482, 13.838, 13.838]",-23.556,"[2.9968000000000004, 3.3136, 5.0032000000000005, 7.3616, 8.4624, 27.8304]","[0.035625000000000004, 0.6168750000000001, -0.000625, 0.008125, 0.000625, 0.014375]",0,0,0.0,"[1, 1, 1, 1, 1, 1]",60.88512603941926,0.0,0.0,0,0.0
1774904451.4570804,"[0, 0, 0, 0, 0, 0]","[1291, 1500, 1500, 1500]","[-25.08, 0.0, 0.0, 0.0]","[0.0, 0.0, 0.0]",0,3407.050048828125,0,32.58192054748535,"[0.0, -5.340576171, -12.84790038852]","[0, 0, 0]",0,3,0.0,0.0,3.41,0,0,0,4294967.295,3750001.92,0,89153,0,125.08070373535156,148.33055114746094,0.5969807505607605,0,state.PRE_FLIGHT,1381,-35,0,-34,0.0,4713,4713,"[10.2, 0.6, 16.5, 11.1, 15.5, 17.0, 0, 0]","[13.482, 13.838, 13.838]",-23.556,"[2.9952, 3.3120000000000003, 5.0048, 7.3632, 8.4512, 27.8256]","[0.03, 0.241875, -0.00375, -0.001875, -0.00625, 0.000625]",0,0,0.0,"[1, 1, 1, 1, 1, 1]",60.715444489770476,0.0,0.0,0,0.0
1774904451.5182512,"[0, 0, 0, 0, 0, 0]","[1291, 1500, 1500, 1500]","[-25.08, 0.0, 0.0, 0.0]","[0.0, 0.0, 0.0]",0,3404.76416015625,0,32.59503639221192,"[0.0, 5.46264648348, -0.1525878906]","[0, 0, 0]",0,3,0.0,0.0,3.405,0,0,0,4294967.295,3750001.92,0,89213,0,125.16981506347656,148.31895446777344,0.5969807505607605,0,state.PRE_FLIGHT,1382,-35,0,-35,0.0,4713,4713,"[10.0, 0.6, 15.9, 10.6, 15.5, 17.0, 0, 0]","[13.482, 13.838, 13.838]",-23.556,"[2.9952, 3.3120000000000003, 5.0048, 7.3632, 8.4512, 27.8256]","[0.03, 0.241875, -0.00375, -0.001875, -0.00625, 0.000625]",0,0,0.0,"[1, 1, 1, 1, 1, 1]",60.648324118595994,0.0,0.0,0,0.0
1774904451.5792353,"[0, 0, 0, 0, 0, 0]","[1291, 1500, 1500, 1500]","[-25.08, 0.0, 0.0, 0.0]","[0.0, 0.0, 0.0]",0,3402.47802734375,0,32.59503639221192,"[0.0, -0.39672851556, 12.87841796664]","[0, 0, 0]",0,3,0.0,0.0,3.405,0,0,0,4294967.295,3750001.92,0,89273,0,125.5345230102539,148.37815856933594,0.5969807505607605,0,state.PRE_FLIGHT,1383,-35,0,-35,0.0,4713,4713,"[10.8, 0.6, 16.5, 10.6, 16.5, 15.9, 0, 0]","[13.482, 13.838, 13.838]",-23.556,"[2.9968000000000004, 3.3120000000000003, 5.0032000000000005, 7.368, 8.457600000000001, 27.8272]","[0.031875, 0.216875, 0.000625, -0.00625, -0.00375, -0.003125]",0,0,0.0,"[1, 1, 1, 1, 1, 1]",60.33671596126815,0.0,0.0,0,0.0
1774904451.640277,"[0, 0, 0, 0, 0, 0]","[1291, 1500, 1500, 1500]","[-25.08, 0.0, 0.0, 0.0]","[0.0, 0.0, 0.0]",0,3400.192138671875,0,32.60815223693848,"[0.0, -2.16674804652, -4.2724609368]","[0, 0, 0]",0,3,0.0,0.0,3.402,0,0,0,4294967.295,3750001.92,0,89333,0,125.40514373779297,148.56552124023438,0.5969807505607605,0,state.PRE_FLIGHT,1384,-35,0,-35,0.0,4713,4713,"[10.8, 0.6, 15.9, 10.4, 15.5, 17.0, 0, 0]","[13.482, 13.838, 13.838]",-23.556,"[2.9968000000000004, 3.3104, 5.0032000000000005, 7.3664000000000005, 8.4352, 27.8288]","[0.035625000000000004, 0.2225, -0.0025, -0.003125, -0.005, -0.00125]",0,0,0.0,"[1, 1, 1, 1, 1, 1]",60.37464243567678,0.0,0.0,0,0.0
1774904451.6863716,"[0, 0, 0, 0, 0, 0]","[1291, 1500, 1500, 1500]","[-25.08, 0.0, 0.0, 0.0]","[0.0, 0.0, 0.0]",0,3398.287109375,0,32.58192054748535,"[0.0, -4.7302246086, 3.75366210876]","[0, 0, 0]",0,3,0.0,0.0,3.398,0,0,0,4294967.295,3750001.92,0,89387,0,125.54361724853516,148.79498291015625,0.5969807505607605,0,state.PRE_FLIGHT,1385,-35,0,-35,0.0,4713,4713,"[10.4, 0.6, 16.5, 10.8, 15.9, 16.5, 0, 0]","[13.482, 13.838, 13.838]",-23.556,"[2.9968000000000004, 3.3104, 5.0032000000000005, 7.3664000000000005, 8.4352, 27.8288]","[0.035625000000000004, 0.2225, -0.0025, -0.003125, -0.005, -0.00125]",0,0,0.0,"[1, 1, 1, 1, 1, 1]",60.18400728565029,0.0,0.0,0,0.0
1774904451.746303,"[0, 0, 0, 0, 0, 0]","[1291, 1500, 1500, 1500]","[-25.08, 0.0, 0.0, 0.0]","[0.0, 0.0, 0.0]",0,3396.002685546875,0,32.60378028869629,"[0.0, -0.21362304684, -11.535644529359999]","[0, 0, 0]",0,3,0.0,0.0,3.398,0,0,0,4294967.295,3750001.92,0,89447,0,125.25981140136719,148.70831298828125,0.5969807505607605,0,state.PRE_FLIGHT,1386,-35,0,-35,0.0,4713,4713,"[10.6, 0.6, 16.5, 10.8, 16.5, 16.5, 0, 0]","[13.482, 13.838, 13.838]",-23.556,"[2.9952, 3.3136, 5.0, 7.3632, 8.4672, 27.8288]","[0.033125, 0.25375000000000003, -0.00125, -0.0025, -0.003125, -0.005625]",0,0,0.0,"[1, 1, 1, 1, 1, 1]",60.44164205911128,0.0,0.0,0,0.0
1774904451.8075566,"[0, 0, 0, 0, 0, 0]","[1291, 1500, 1500, 1500]","[-25.08, 0.0, 0.0, 0.0]","[0.0, 0.0, 0.0]",0,3393.718505859375,0,32.58629249572754,"[0.0, -1.61743164036, 0.57983398428]","[0, 0, 0]",0,3,0.0,0.0,3.394,0,0,0,4294967.295,3750001.92,0,89507,0,125.40629577636719,148.95489501953125,0.5969807505607605,0,state.PRE_FLIGHT,1387,-35,0,-35,0.0,4713,4713,"[10.6, 0.6, 16.5, 10.4, 15.0, 17.0, 0, 0]","[13.482, 13.838, 13.838]",-23.556,"[2.9952, 3.3136, 5.0, 7.3632, 8.4672, 27.8288]","[0.033125, 0.25375000000000003, -0.00125, -0.0025, -0.003125, -0.005625]",0,0,0.0,"[1, 1, 1, 1, 1, 1]",60.23903881215022,0.0,0.0,0,0.0
1774904451.868279,"[0, 0, 0, 0, 0, 0]","[1291, 1500, 1500, 1500]","[-25.08, 0.0, 0.0, 0.0]","[0.0, 0.0, 0.0]",0,3391.434326171875,0,32.59503639221192,"[0.0, 4.7302246086, 11.19995117004]","[0, 0, 0]",0,3,0.0,0.0,3.394,0,0,0,4294967.295,3750001.92,0,89567,0,125.39073181152344,148.95791625976562,0.5969807505607605,0,state.PRE_FLIGHT,1388,-35,0,-34,0.0,4713,4713,"[10.2, 0.6, 16.5, 10.4, 15.9, 17.0, 0, 0]","[13.482, 13.838, 13.838]",-23.556,"[2.9952, 3.3136, 5.0048, 7.3712, 8.441600000000001, 27.8256]","[0.035625000000000004, 0.635, -0.003125, 0.01125, 0.00375, -0.0025]",0,0,0.0,"[1, 1, 1, 1, 1, 1]",60.25051982304862,0.0,0.0,0,0.0
1774904451.9290235,"[0, 0, 0, 0, 0, 0]","[1291, 1500, 1500, 1500]","[-25.08, 0.0, 0.0, 0.0]","[0.0, 0.0, 0.0]",0,3389.150146484375,0,32.60815223693848,"[0.0, 3.08227539012, 10.070800779599999]","[0, 0, 0]",0,3,0.0,0.0,3.39,0,0,0,4294967.295,3750001.92,0,89621,0,125.73475646972656,148.7761688232422,0.5969807505607605,0,state.PRE_FLIGHT,1389,-35,0,-35,0.0,4713,4713,"[10.4, 0.6, 16.5, 10.4, 15.9, 16.5, 0, 0]","[13.482, 13.838, 13.838]",-23.556,"[2.9952, 3.3136, 5.0048, 7.3712, 8.441600000000001, 27.8256]","[0.035625000000000004, 0.635, -0.003125, 0.01125, 0.00375, -0.0025]",0,0,0.0,"[1, 1, 1, 1, 1, 1]",60.03732715174032,0.0,0.0,0,0.0
1774904451.9911675,"[0, 0, 0, 0, 0, 0]","[1291, 1500, 1500, 1500]","[-25.08, 0.0, 0.0, 0.0]","[0.0, 0.0, 0.0]",0,3386.865966796875,0,32.60378028869629,"[0.0, 0.57983398428, 0.03051757812]","[0, 0, 0]",0,3,0.0,0.0,3.386,0,0,0,4294967.295,3750001.92,0,89681,0,125.72283172607422,148.88970947265625,0.5969807505607605,0,state.PRE_FLIGHT,1390,-36,0,-35,0.0,4713,4713,"[10.8, 0.6, 16.5, 10.2, 15.5, 16.5, 0, 0]","[13.482, 13.838, 13.838]",-23.556,"[2.9952, 3.3104, 5.0048, 7.364800000000001, 8.443200000000001, 27.8272]","[0.035, 0.610625, -0.0025, 0.00875, 0.000625, 0.02]",0,0,0.0,"[1, 1, 1, 1, 1, 1]",60.00727651269435,0.0,0.0,0,0.0
1774904452.0519102,"[0, 0, 0, 0, 0, 0]","[1291, 1500, 1500, 1500]","[-25.08, 0.0, 0.0, 0.0]","[0.0, 0.0, 0.0]",0,3384.583740234375,0,32.58629249572754,"[0.0, 2.16674804652, -14.52636718512]","[0, 0, 0]",0,3,0.0,0.0,3.386,0,0,0,4294967.295,3750001.92,0,89741,0,125.72039031982422,148.73345947265625,0.5969807505607605,0,state.PRE_FLIGHT,1391,-35,0,-35,0.0,4713,4713,"[10.0, 0.6, 17.0, 10.4, 15.9, 15.9, 0, 0]","[13.482, 13.838, 13.838]",-23.556,"[2.9952, 3.3104, 5.0048, 7.364800000000001, 8.443200000000001, 27.8272]","[0.035, 0.610625, -0.0025, 0.00875, 0.000625, 0.02]",0,0,0.0,"[1, 1, 1, 1, 1, 1]",60.063764395338296,0.0,0.0,0,0.0
1774904452.11257,"[0, 0, 0, 0, 0, 0]","[1291, 1500, 1500, 1500]","[-25.08, 0.0, 0.0, 0.0]","[0.0, 0.0, 0.0]",0,3382.30126953125,0,32.577548599243165,"[0.0, 1.73950195284, 7.65991210812]","[0, 0, 0]",0,3,0.0,0.0,3.383,0,0,0,4294967.295,3750001.92,0,89801,0,125.78660583496094,148.71759033203125,0.5969807505607605,0,state.PRE_FLIGHT,1392,-36,0,-35,0.0,4713,4713,"[10.4, 0.6, 17.0, 10.8, 15.9, 16.5, 0, 0]","[13.482, 13.838, 13.838]",-23.556,"[2.9968000000000004, 3.3120000000000003, 5.0032000000000005, 7.3616, 8.4512, 27.8288]","[0.03375, 0.63375, -0.00375, 0.00875, 0.008125, 0.0175]",0,0,0.0,"[1, 1, 1, 1, 1, 1]",60.016308737632755,0.0,0.0,0,0.0
1774904452.158438,"[0, 0, 0, 0, 0, 0]","[1291, 1500, 1500, 1500]","[-25.08, 0.0, 0.0, 0.0]","[0.0, 0.0, 0.0]",0,3380.399169921875,0,32.58192054748535,"[0.0, -5.340576171, -6.1340332021199995]","[0, 0, 0]",0,3,0.0,0.0,3.383,0,0,0,4294967.295,3750001.92,0,89855,0,125.80838775634766,148.74334716796875,0.5969807505607605,0,state.PRE_FLIGHT,1393,-36,0,-35,0.0,4713,4713,"[10.8, 0.6, 17.0, 10.8, 15.5, 15.9, 0, 0]","[13.482, 13.838, 13.838]",-23.556,"[2.9968000000000004, 3.3120000000000003, 5.0032000000000005, 7.3616, 8.4512, 27.8288]","[0.03375, 0.63375, -0.00375, 0.00875, 0.008125, 0.0175]",0,0,0.0,"[1, 1, 1, 1, 1, 1]",59.989842930834584,0.0,0.0,0,0.0
1774904452.220905,"[0, 0, 0, 0, 0, 0]","[1291, 1500, 1500, 1500]","[-25.08, 0.0, 0.0, 0.0]","[0.0, 0.0, 0.0]",0,3378.116943359375,0,32.577548599243165,"[0.0, -2.16674804652, -1.46484374976]","[0, 0, 0]",0,3,0.0,0.0,3.379,0,0,0,4294967.295,3750001.92,0,89915,0,125.68113708496094,148.74147033691406,0.5969807505607605,0,state.PRE_FLIGHT,1394,-36,0,-36,0.0,4713,4713,"[10.6, 0.6, 17.6, 10.4, 16.5, 17.0, 0, 0]","[13.482, 13.838, 13.838]",-23.556,"[2.9968000000000004, 3.3136, 5.0048, 7.3616, 8.440000000000001, 27.8288]","[0.028125, 0.225625, -0.006875, 0.00125, -0.00125, 0.011875]",0,0,0.0,"[1, 1, 1, 1, 1, 1]",60.092403924734846,0.0,0.0,0,0.0
1774904452.282052,"[0, 0, 0, 0, 0, 0]","[1291, 1500, 1500, 1500]","[-25.08, 0.0, 0.0, 0.0]","[0.0, 0.0, 0.0]",0,3375.83447265625,0,32.58629249572754,"[0.0, -8.88061523292, 0.94604492172]","[0, 0, 0]",0,3,0.0,0.0,3.379,0,0,0,4294967.295,3750001.92,0,89975,0,125.93014526367188,148.75979614257812,0.5969807505607605,0,state.PRE_FLIGHT,1395,-36,0,-36,0.0,4713,4713,"[10.6, 0.6, 16.5, 10.6, 15.5, 17.0, 0, 0]","[13.482, 13.838, 13.838]",-23.556,"[2.9952, 3.3104, 5.0016, 7.368, 8.4496, 27.8272]","[0.035625000000000004, 0.215625, -0.0025, -0.0025, -0.003125, 0.000625]",0,0,0.0,"[1, 1, 1, 1, 1, 1]",59.88660301707426,0.0,0.0,0,0.0
1774904452.3435433,"[0, 0, 0, 0, 0, 0]","[1291, 1500, 1500, 1500]","[-25.08, 0.0, 0.0, 0.0]","[0.0, 0.0, 0.0]",0,3373.55224609375,0,32.58629249572754,"[0.0, -1.19018554668, -1.28173828104]","[0, 0, 0]",0,3,0.0,0.0,3.375,0,0,0,4294967.295,3750001.92,0,90035,0,125.9893569946289,148.65969848632812,0.5969807505607605,0,state.PRE_FLIGHT,1396,-36,0,-36,0.0,4713,4713,"[10.6, 0.6, 15.5, 10.6, 15.9, 15.9, 0, 0]","[13.482, 13.838, 13.838]",-23.556,"[2.9952, 3.3104, 5.0016, 7.368, 8.4496, 27.8272]","[0.035625000000000004, 0.215625, -0.0025, -0.0025, -0.003125, 0.000625]",0,0,0.0,"[1, 1, 1, 1, 1, 1]",59.87454701243646,0.0,0.0,0,0.0
1774904452.389326,"[0, 0, 0, 0, 0, 0]","[1291, 1500, 1500, 1500]","[-25.08, 0.0, 0.0, 0.0]","[0.0, 0.0, 0.0]",0,3371.650146484375,0,32.59503639221192,"[0.0, -3.99780273372, -6.1340332021199995]","[0, 0, 0]",0,3,0.0,0.0,3.372,0,0,0,4294967.295,3750001.92,0,90089,0,125.9844741821289,148.5625762939453,0.5969807505607605,0,state.PRE_FLIGHT,1397,-36,0,-36,0.0,4713,4713,"[11.1, 0.6, 17.0, 10.6, 15.9, 17.6, 0, 0]","[13.482, 13.838, 13.838]",-23.556,"[2.9968000000000004, 3.3120000000000003, 5.0016, 7.3632, 8.427200000000001, 27.8288]","[0.03, 0.24, 0.0, -0.003125, 0.00125, -0.00125]",0,0,0.0,"[1, 1, 1, 1, 1, 1]",59.912804928508685,0.0,0.0,0,0.0
1774904452.4500213,"[0, 0, 0, 0, 0, 0]","[1291, 1500, 1500, 1500]","[-25.08, 0.0, 0.0, 0.0]","[0.0, 0.0, 0.0]",0,3369.36962890625,0,32.58629249572754,"[0.0, -3.63159179628, 3.57055664004]","[0, 0, 0]",0,3,0.0,0.0,3.372,0,0,0,4294967.295,3750001.92,0,90149,0,126.14775848388672,148.47714233398438,0.5969807505607605,0,state.PRE_FLIGHT,1398,-36,0,-36,0.0,4713,4713,"[10.4, 0.6, 16.5, 10.6, 15.0, 16.5, 0, 0]","[13.482, 13.838, 13.838]",-23.556,"[2.9968000000000004, 3.3120000000000003, 5.0016, 7.3632, 8.427200000000001, 27.8288]","[0.03, 0.24, 0.0, -0.003125, 0.00125, -0.00125]",0,0,0.0,"[1, 1, 1, 1, 1, 1]",59.8130185348999,0.0,0.0,0,0.0
1774904452.5107558,"[0, 0, 0, 0, 0, 0]","[1291, 1500, 1500, 1500]","[-25.08, 0.0, 0.0, 0.0]","[0.0, 0.0, 0.0]",0,3367.089111328125,0,32.60378028869629,"[0.0, 3.69262695252, 5.06591796792]","[0, 0, 0]",0,3,0.0,0.0,3.368,0,0,0,4294967.295,3750001.92,0,90209,0,126.18833923339844,148.40695190429688,0.5969807505607605,0,state.PRE_FLIGHT,1399,-36,0,-36,0.0,4713,4713,"[11.1, 0.6, 16.5, 10.8, 16.5, 16.5, 0, 0]","[13.482, 13.838, 13.838]",-23.556,"[2.9952, 3.3136, 5.0032000000000005, 7.3584000000000005, 8.4512, 27.824]","[0.03125, 0.255625, -0.005, -0.00125, 0.000625, -0.003125]",0,0,0.0,"[1, 1, 1, 1, 1, 1]",59.80580369496735,0.0,0.0,0,0.0
1774904452.5720098,"[0, 0, 0, 0, 0, 0]","[1291, 1500, 1500, 1500]","[-25.08, 0.0, 0.0, 0.0]","[0.0, 0.0, 0.0]",0,3364.80859375,0,32.60378028869629,"[0.0, -17.79174804396, 5.43212890536]","[0, 0, 0]",0,3,0.0,0.0,3.368,0,0,0,4294967.295,3750001.92,0,90269,0,126.30522155761719,148.71090698242188,0.5969807505607605,0,state.PRE_FLIGHT,1400,-36,0,-36,0.0,4713,4713,"[10.4, 0.5, 17.0, 10.6, 15.5, 16.5, 0, 0]","[13.482, 13.838, 13.838]",-23.556,"[2.9952, 3.3136, 5.0032000000000005, 7.3584000000000005, 8.4512, 27.824]","[0.03125, 0.255625, -0.005, -0.00125, 0.000625, -0.003125]",0,0,0.0,"[1, 1, 1, 1, 1, 1]",59.60409021413671,0.0,0.0,0,0.0
1774904457.7661548,"[1, 1, 1, 1, 1, 1]","[1291, 1500, 1500, 1500]","[-25.08, 0.0, 0.0, 0.0]","[0.0, 0.0, 0.0]",0,0.0,0,32.367695083618166,"[0.0, -0.4577636718, 5.06591796792]","[0, 0, 0]",0,0,0.0,0.0,0.0,0,0,0,0.0,0.0,0,678,0,3.436678171157837,0.3105432093143463,0.0,0,state.GROUND_TESTING,1,-32,0,-99,0.0,0,0,"[10.8, 0.5, 15.9, 10.2, 16.5, 17.6, 0, 0]","[0.0, 0.0, 0.0]",-0.0,"[0.0, 0.0, 0.0, 0.0, 0.0, 0.0]","[0.0, 0.0, 0.0, 0.0, 0.0, 0.0]",0,0,0.0,"[1, 1, 1, 1, 1, 1]",3.450663451630709,0.0,0.0,0,0.0
1774904457.8245149,"[1, 1, 1, 1, 1, 1]","[1291, 1500, 1500, 1500]","[-25.08, 0.0, 0.0, 0.0]","[0.0, 0.0, 0.0]",0,0.0,0,32.389554824829105,"[0.0, -7.3547363269199995, -0.9155273436]","[0, 0, 0]",0,3,0.0,0.0,0.0,0,0,0,4294967.295,3750001.92,0,737,0,3.5874879360198975,0.29429468512535095,0.0,0,state.GROUND_TESTING,2,-33,0,-32,0.0,0,0,"[10.6, 0.5, 16.5, 10.6, 16.5, 17.0, 0, 0]","[13.482, 13.838, 13.838]",-23.556,"[2.9952, 3.3120000000000003, 5.0016, 7.364800000000001, 8.4336, 27.8272]","[0.031875, 0.25375000000000003, -0.0025, -0.0025, 0.00125, 0.000625]",0,0,0.0,"[1, 1, 1, 1, 1, 1]",3.599523001802696,0.0,0.0,0,0.0
1774904457.885604,"[1, 1, 1, 1, 1, 1]","[1291, 1500, 1500, 1500]","[-25.08, 0.0, 0.0, 0.0]","[0.0, 0.0, 0.0]",0,0.0,0,32.40704261779785,"[0.0, 5.8898925771599995, -8.72802734232]","[0, 0, 0]",0,3,0.0,0.0,0.0,0,0,0,4294967.295,3750001.92,0,797,0,3.5407979488372803,0.13620701432228088,0.0,0,state.GROUND_TESTING,3,-33,0,-32,0.0,0,0,"[10.4, 0.5, 16.5, 10.6, 15.9, 16.5, 0, 0]","[13.482, 13.838, 13.838]",-23.556,"[2.9952, 3.3120000000000003, 5.0016, 7.364800000000001, 8.4336, 27.8272]","[0.031875, 0.25375000000000003, -0.0025, -0.0025, 0.00125, 0.000625]",0,0,0.0,"[1, 1, 1, 1, 1, 1]",3.5434134449247474,0.0,0.0,0,0.0
1774904457.9472206,"[1, 1, 1, 1, 1, 1]","[1291, 1500, 1500, 1500]","[-25.08, 0.0, 0.0, 0.0]","[0.0, 0.0, 0.0]",0,0.0,0,32.4245304107666,"[0.0, 6.43920898332, 12.87841796664]","[0, 0, 0]",0,3,0.0,0.0,0.0,0,0,0,4294967.295,3750001.92,0,857,0,3.9094505310058594,0.2814706563949585,0.0,0,state.GROUND_TESTING,4,-34,0,-32,0.0,0,0,"[10.6, 0.5, 17.0, 11.1, 15.5, 17.0, 0, 0]","[13.482, 13.838, 13.838]",-23.556,"[2.9984, 3.3120000000000003, 5.0, 7.3616, 8.4624, 27.8336]","[0.033125, 0.63125, 0.000625, 0.0075, 0.00875, 0.0225]",0,0,0.0,"[1, 1, 1, 1, 1, 1]",3.9195543363587784,0.0,0.0,0,0.0
1774904457.9993956,"[1, 1, 1, 1, 1, 1]","[1291, 1500, 1500, 1500]","[-25.08, 0.0, 0.0, 0.0]","[0.0, 0.0, 0.0]",0,0.0,0,32.455134048461915,"[0.0, -10.10131835772, -5.37109374912]","[0, 0, 0]",0,3,0.0,0.0,0.0,0,0,0,4294967.295,3750001.92,0,911,0,3.925798177719116,0.5298656821250916,0.0,0,state.GROUND_TESTING,5,-34,0,-33,0.0,0,0,"[10.4, 0.5, 16.5, 10.6, 15.9, 17.6, 0, 0]","[13.482, 13.838, 13.838]",-23.556,"[2.9984, 3.3120000000000003, 5.0, 7.3616, 8.4624, 27.8336]","[0.033125, 0.63125, 0.000625, 0.0075, 0.00875, 0.0225]",0,0,0.0,"[1, 1, 1, 1, 1, 1]",3.9613393533886927,0.0,0.0,0,0.0
1774904458.0639122,"[1, 1, 1, 1, 1, 1]","[1291, 1500, 1500, 1500]","[-25.08, 0.0, 0.0, 0.0]","[0.0, 0.0, 0.0]",0,0.0,0,32.45076210021973,"[0.0, -1.80053710908, 3.38745117132]","[0, 0, 0]",0,3,0.0,0.0,0.0,0,0,0,4294967.295,3750001.92,0,971,0,4.249581813812256,0.5695545077323914,0.0,0,state.GROUND_TESTING,6,-34,0,-33,0.0,0,0,"[10.2, 0.5, 15.5, 10.4, 15.9, 17.0, 0, 0]","[13.482, 13.838, 13.838]",-23.556,"[2.9936000000000003, 3.3152000000000004, 5.0032000000000005, 7.3616, 8.443200000000001, 27.8288]","[0.033125, 0.62625, -0.000625, 0.011875, 0.006875, 0.018125]",0,0,0.0,"[1, 1, 1, 1, 1, 1]",4.287510101733096,0.0,0.0,0,0.0
1774904458.1215327,"[1, 1, 1, 1, 1, 1]","[1291, 1500, 1500, 1500]","[-25.08, 0.0, 0.0, 0.0]","[0.0, 0.0, 0.0]",0,0.0,0,32.47699378967285,"[0.0, 1.31225585916, 10.46752929516]","[0, 0, 0]",0,3,0.0,0.0,0.0,0,0,0,4294967.295,3750001.92,0,1031,0,4.595662593841553,0.6910002827644348,0.0,0,state.GROUND_TESTING,7,-34,0,-33,0.0,0,0,"[10.4, 0.5, 17.0, 10.4, 16.5, 17.6, 0, 0]","[13.482, 13.838, 13.838]",-23.556,"[2.9936000000000003, 3.3152000000000004, 5.0032000000000005, 7.3616, 8.443200000000001, 27.8288]","[0.033125, 0.62625, -0.000625, 0.011875, 0.006875, 0.018125]",0,0,0.0,"[1, 1, 1, 1, 1, 1]",4.647211169107182,0.0,0.0,0,0.0
1774904458.1828096,"[1, 1, 1, 1, 1, 1]","[1291, 1500, 1500, 1500]","[-25.08, 0.0, 0.0, 0.0]","[0.0, 0.0, 0.0]",0,0.0,0,32.48136573791504,"[0.0, 6.07299804588, 2.4414062496]","[0, 0, 0]",0,3,0.0,0.0,0.0,0,0,0,4294967.295,3750001.92,0,1091,0,5.102268695831299,0.5329421758651733,0.0,0,state.GROUND_TESTING,8,-34,0,-33,0.0,0,0,"[10.4, 0.5, 17.6, 11.1, 14.6, 16.5, 0, 0]","[13.482, 13.838, 13.838]",-23.556,"[2.9952, 3.3104, 5.0032000000000005, 7.3632, 8.4528, 27.8272]","[0.03625, 0.20750000000000002, -0.003125, -0.0025, 0.0075, 0.01625]",0,0,0.0,"[1, 1, 1, 1, 1, 1]",5.129953412318168,0.0,0.0,0,0.0
1774904458.2313447,"[1, 1, 1, 1, 1, 1]","[1291, 1500, 1500, 1500]","[-25.08, 0.0, 0.0, 0.0]","[0.0, 0.0, 0.0]",0,0.0,0,32.47699378967285,"[0.0, 3.14331054636, -2.96020507764]","[0, 0, 0]",0,3,0.0,0.0,0.0,0,0,0,4294967.295,3750001.92,0,1145,0,5.318634986877441,0.48188668489456177,0.0,0,state.GROUND_TESTING,9,-35,0,-33,0.0,0,0,"[10.4, 0.5, 17.6, 10.6, 15.5, 17.0, 0, 0]","[13.482, 13.838, 13.838]",-23.556,"[2.9952, 3.3104, 5.0032000000000005, 7.3632, 8.4528, 27.8272]","[0.03625, 0.20750000000000002, -0.003125, -0.0025, 0.0075, 0.01625]",0,0,0.0,"[1, 1, 1, 1, 1, 1]",5.340358182497036,0.0,0.0,0,0.0
1774904458.2923484,"[1, 1, 1, 1, 1, 1]","[1291, 1500, 1500, 1500]","[-25.08, 0.0, 0.0, 0.0]","[0.0, 0.0, 0.0]",0,0.0,0,32.47699378967285,"[0.0, -0.03051757812, 9.52148437344]","[0, 0, 0]",0,3,0.0,0.0,0.0,0,0,0,4294967.295,3750001.92,0,1205,0,5.4859113693237305,0.5471656918525696,0.0,0,state.GROUND_TESTING,10,-35,0,-34,0.0,0,0,"[10.6, 0.5, 16.5, 10.8, 15.9, 17.6, 0, 0]","[13.482, 13.838, 13.838]",-23.556,"[2.9968000000000004, 3.3136, 5.0048, 7.368, 8.4288, 27.8256]","[0.0325, 0.248125, -0.00125, -0.00125, -0.00125, 0.00125]",0,0,0.0,"[1, 1, 1, 1, 1, 1]",5.513048012801344,0.0,0.0,0,0.0
1774904458.3534527,"[1, 1, 1, 1, 1, 1]","[1291, 1500, 1500, 1500]","[-25.08, 0.0, 0.0, 0.0]","[0.0, 0.0, 0.0]",0,0.0,0,32.48136573791504,"[0.0, -4.97436523356, 0.39672851556]","[0, 0, 0]",0,3,0.0,0.0,0.0,0,0,0,4294967.295,3750001.92,0,1265,0,5.429737567901611,0.5831800103187561,0.0,0,state.GROUND_TESTING,11,-34,0,-33,0.0,0,0,"[10.4, 0.5, 17.0, 10.6, 16.5, 16.5, 0, 0]","[13.482, 13.838, 13.838]",-23.556,"[2.9952, 3.3120000000000003, 5.0016, 7.368, 8.457600000000001, 27.8272]","[0.0275, 0.2325, -0.000625, -0.0025, -0.004375, -0.00375]",0,0,0.0,"[1, 1, 1, 1, 1, 1]",5.4608726637409575,0.0,0.0,0,0.0
1774904458.4145613,"[1, 1, 1, 1, 1, 1]","[1291, 1500, 1500, 1500]","[-25.08, 0.0, 0.0, 0.0]","[0.0, 0.0, 0.0]",0,0.0,0,32.494481582641605,"[0.0, -6.1340332021199995, -4.82177734296]","[0, 0, 0]",0,3,0.0,0.0,0.0,0,0,0,4294967.295,3750001.92,0,1325,0,5.496267795562744,0.8181681036949158,0.0,0,state.GROUND_TESTING,12,-33,0,-33,0.0,0,0,"[10.8, 0.5, 15.9, 10.0, 16.5, 16.5, 0, 0]","[13.482, 13.838, 13.838]",-23.556,"[2.9952, 3.3120000000000003, 5.0016, 7.368, 8.457600000000001, 27.8272]","[0.0275, 0.2325, -0.000625, -0.0025, -0.004375, -0.00375]",0,0,0.0,"[1, 1, 1, 1, 1, 1]",5.556645042530654,0.0,0.0,0,0.0
1774904458.4675624,"[1, 1, 1, 1, 1, 1]","[1291, 1500, 1500, 1500]","[-25.08, 0.0, 0.0, 0.0]","[0.0, 0.0, 0.0]",0,0.0,0,32.48136573791504,"[0.0, -6.7443847645199995, 11.56616210748]","[0, 0, 0]",0,3,0.0,0.0,0.0,0,0,0,4294967.295,3750001.92,0,1379,0,5.797070503234863,0.9192386269569397,0.0,0,state.GROUND_TESTING,13,-33,0,-32,0.0,0,0,"[10.6, 0.5, 16.5, 10.6, 16.5, 17.0, 0, 0]","[13.482, 13.838, 13.838]",-23.556,"[2.9952, 3.3120000000000003, 5.0032000000000005, 7.3632, 8.440000000000001, 27.832]","[0.030625, 0.275, 0.001875, 0.000625, -0.003125, -0.000625]",0,0,0.0,"[1, 1, 1, 1, 1, 1]",5.869253840010801,0.0,0.0,0,0.0
1774904458.5305994,"[1, 1, 1, 1, 1, 1]","[1291, 1500, 1500, 1500]","[-25.08, 0.0, 0.0, 0.0]","[0.0, 0.0, 0.0]",0,0.0,0,32.494481582641605,"[0.0, -15.22827148188, 1.12915039044]","[0, 0, 0]",0,3,0.0,0.0,0.0,0,0,0,4294967.295,3750001.92,0,1439,0,5.529722213745117,1.1994109153747559,0.0,0,state.GROUND_TESTING,14,-33,0,-32,0.0,0,0,"[10.4, 0.5, 16.5, 10.4, 15.9, 16.5, 0, 0]","[13.482, 13.838, 13.838]",-23.556,"[2.9952, 3.3120000000000003, 5.0032000000000005, 7.3632, 8.440000000000001, 27.832]","[0.030625, 0.275, 0.001875, 0.000625, -0.003125, -0.000625]",0,0,0.0,"[1, 1, 1, 1, 1, 1]",5.657909932882667,0.0,0.0,0,0.0
1774904458.5856082,"[1, 1, 1, 1, 1, 1]","[1291, 1500, 1500, 1500]","[-25.08, 0.0, 0.0, 0.0]","[0.0, 0.0, 0.0]",0,0.0,0,32.50322547912597,"[0.0, 6.2561035145999995, 1.70898437472]","[0, 0, 0]",0,3,0.0,0.0,0.0,0,0,0,4294967.295,3750001.92,0,1499,0,5.538290023803711,1.0816153287887573,0.0,0,state.GROUND_TESTING,15,-33,0,-32,0.0,0,0,"[10.6, 0.5, 15.9, 10.4, 15.9, 16.5, 0, 0]","[13.482, 13.838, 13.838]",-23.556,"[2.9936000000000003, 3.3120000000000003, 5.0016, 7.368, 8.456000000000001, 27.8288]","[0.038125, 0.42875, -0.005, -0.0025, -0.00125, -0.00125]",0,0,0.0,"[1, 1, 1, 1, 1, 1]",5.642597110421103,0.0,0.0,0,0.0
1774904458.6461263,"[1, 1, 1, 1, 1, 1]","[1291, 1500, 1500, 1500]","[-25.08, 0.0, 0.0, 0.0]","[0.0, 0.0, 0.0]",0,0.0,0,32.50759742736816,"[0.0, -3.38745117132, -3.69262695252]","[0, 0, 0]",0,3,0.0,0.0,0.0,0,0,0,4294967.295,3750001.92,0,1559,0,5.537665843963623,1.0901691913604736,0.0,0,state.GROUND_TESTING,16,-32,0,-32,0.0,0,0,"[10.8, 0.5, 17.0, 10.4, 15.9, 17.0, 0, 0]","[13.482, 13.838, 13.838]",-23.556,"[2.9936000000000003, 3.3120000000000003, 5.0016, 7.368, 8.456000000000001, 27.8288]","[0.038125, 0.42875, -0.005, -0.0025, -0.00125, -0.00125]",0,0,0.0,"[1, 1, 1, 1, 1, 1]",5.6436255055535485,0.0,0.0,0,0.0
1774904458.7036471,"[1, 1, 1, 1, 1, 1]","[1291, 1500, 1500, 1500]","[-25.08, 0.0, 0.0, 0.0]","[0.0, 0.0, 0.0]",0,0.0,0,32.50759742736816,"[0.0, -0.64086914052, 3.17382812448]","[0, 0, 0]",0,3,0.0,0.0,0.0,0,0,0,4294967.295,3750001.92,0,1613,0,5.412388801574707,1.1239092350006104,0.0,0,state.GROUND_TESTING,17,-32,0,-32,0.0,0,0,"[10.4, 0.5, 17.0, 11.1, 15.5, 16.5, 0, 0]","[13.482, 13.838, 13.838]",-23.556,"[2.9968000000000004, 3.3136, 5.0016, 7.3696, 8.4496, 27.8256]","[0.03875, 0.5975, -0.001875, 0.00875, 0.0075, 0.01625]",0,0,0.0,"[1, 1, 1, 1, 1, 1]",5.52750982734427,0.0,0.0,0,0.0
1774904458.7596564,"[1, 1, 1, 1, 1, 1]","[1291, 1500, 1500, 1500]","[-25.08, 0.0, 0.0, 0.0]","[0.0, 0.0, 0.0]",0,0.0,0,32.51196937561035,"[0.0, 2.288818359, 2.25830078088]","[0, 0, 0]",0,3,0.0,0.0,0.0,0,0,0,4294967.295,3750001.92,0,1673,0,5.5362982749938965,1.0097668170928955,0.0,0,state.GROUND_TESTING,18,-31,0,-31,0.0,0,0,"[10.2, 0.5, 15.9, 10.6, 14.6, 17.0, 0, 0]","[13.482, 13.838, 13.838]",-23.556,"[2.9968000000000004, 3.3136, 5.0016, 7.3696, 8.4496, 27.8256]","[0.03875, 0.5975, -0.001875, 0.00875, 0.0075, 0.01625]",0,0,0.0,"[1, 1, 1, 1, 1, 1]",5.627348598270647,0.0,0.0,0,0.0
1774904458.8221931,"[1, 1, 1, 1, 1, 1]","[1291, 1500, 1500, 1500]","[-25.08, 0.0, 0.0, 0.0]","[0.0, 0.0, 0.0]",0,0.0,0,32.50322547912597,"[0.0, -1.43432617164, -13.03100585724]","[0, 0, 0]",0,3,0.0,0.0,0.0,0,0,0,4294967.295,3750001.92,0,1733,0,5.620845317840576,0.9798954725265503,0.0,0,state.GROUND_TESTING,19,-30,0,-30,0.0,0,0,"[10.4, 0.5, 16.5, 10.6, 15.9, 15.9, 0, 0]","[13.482, 13.838, 13.838]",-23.556,"[2.9952, 3.3120000000000003, 5.0048, 7.3632, 8.4384, 27.8256]","[0.03375, 0.59875, -0.005625, 0.0075, 0.004375, 0.0175]",0,0,0.0,"[1, 1, 1, 1, 1, 1]",5.705349670538239,0.0,0.0,0,0.0
1774904458.8852031,"[1, 1, 1, 1, 1, 1]","[1291, 1500, 1500, 1500]","[-25.08, 0.0, 0.0, 0.0]","[0.0, 0.0, 0.0]",0,0.0,0,32.520713272094724,"[0.0, 4.7302246086, 4.1198730462]","[0, 0, 0]",0,3,0.0,0.0,0.0,0,0,0,4294967.295,3750001.92,0,1793,0,5.873518943786621,0.8614928126335144,0.0,0,state.GROUND_TESTING,20,-31,0,-30,0.0,0,0,"[10.6, 0.5, 16.5, 10.2, 15.9, 16.5, 0, 0]","[13.482, 13.838, 13.838]",-23.556,"[2.9952, 3.3120000000000003, 5.0048, 7.3632, 8.4384, 27.8256]","[0.03375, 0.59875, -0.005625, 0.0075, 0.004375, 0.0175]",0,0,0.0,"[1, 1, 1, 1, 1, 1]",5.936142941779213,0.0,0.0,0,0.0
1774904458.9342377,"[1, 1, 1, 1, 1, 1]","[1291, 1500, 1500, 1500]","[-25.08, 0.0, 0.0, 0.0]","[0.0, 0.0, 0.0]",0,0.0,0,32.50759742736816,"[0.0, -5.340576171, -1.09863281232]","[0, 0, 0]",0,3,0.0,0.0,0.0,0,0,0,4294967.295,3750001.92,0,1847,0,5.7122721672058105,1.2286840677261353,0.0,0,state.GROUND_TESTING,21,-30,0,-30,0.0,0,0,"[10.4, 0.5, 17.0, 10.4, 15.5, 15.9, 0, 0]","[13.482, 13.838, 13.838]",-23.556,"[2.9952, 3.3104, 5.0048, 7.3616, 8.4496, 27.8288]","[0.034375, 0.23625000000000002, -0.003125, -0.004375, -0.00125, 0.0]",0,0,0.0,"[1, 1, 1, 1, 1, 1]",5.842491978404004,0.0,0.0,0,0.0
1774904458.998756,"[1, 1, 1, 1, 1, 1]","[1291, 1500, 1500, 1500]","[-25.08, 0.0, 0.0, 0.0]","[0.0, 0.0, 0.0]",0,0.0,0,32.494481582641605,"[0.0, -1.9836425778, 4.6691894523599995]","[0, 0, 0]",0,3,0.0,0.0,0.0,0,0,0,4294967.295,3750001.92,0,1907,0,5.713525772094727,1.5204048156738281,0.0,0,state.GROUND_TESTING,22,-27,0,-27,0.0,0,0,"[10.6, 0.5, 17.0, 11.1, 16.5, 15.9, 0, 0]","[13.482, 13.838, 13.838]",-23.556,"[2.9952, 3.3104, 5.0048, 7.3616, 8.4496, 27.8288]","[0.034375, 0.23625000000000002, -0.003125, -0.004375, -0.00125, 0.0]",0,0,0.0,"[1, 1, 1, 1, 1, 1]",5.911712085982603,0.0,0.0,0,0.0
1774904459.055295,"[1, 1, 1, 1, 1, 1]","[1291, 1500, 1500, 1500]","[-25.08, 0.0, 0.0, 0.0]","[0.0, 0.0, 0.0]",0,0.0,0,32.49010963439942,"[0.0, 0.94604492172, 14.55688476324]","[0, 0, 0]",0,3,0.0,0.0,0.0,0,0,0,4294967.295,3750001.92,0,1967,0,6.286900043487549,1.6223399639129639,0.0,0,state.GROUND_TESTING,23,-26,0,-26,0.0,0,0,"[10.6, 0.5, 15.9, 10.6, 16.5, 16.5, 0, 0]","[13.482, 13.838, 13.838]",-23.556,"[2.9952, 3.3104, 5.0016, 7.3696, 8.4512, 27.8256]","[0.03625, 0.251875, -0.00625, 0.0025, -0.003125, -0.0025]",0,0,0.0,"[1, 1, 1, 1, 1, 1]",6.492035658368864,0.0,0.0,0,0.0
1774904459.1138284,"[1, 1, 1, 1, 1, 1]","[1291, 1500, 1500, 1500]","[-25.08, 0.0, 0.0, 0.0]","[0.0, 0.0, 0.0]",0,0.0,0,32.50322547912597,"[0.0, -8.94165038916, -5.55419921784]","[0, 0, 0]",0,3,0.0,0.0,0.0,0,0,0,4294967.295,3750001.92,0,2027,0,6.301233768463135,1.5936524868011475,0.0,0,state.GROUND_TESTING,24,-26,0,-25,0.0,0,0,"[10.6, 0.5, 16.5, 10.4, 15.5, 17.0, 0, 0]","[13.482, 13.838, 13.838]",-23.556,"[2.9952, 3.3104, 5.0048, 7.3712, 8.448, 27.8256]","[0.035, 0.214375, -0.00125, 0.000625, -0.00375, -0.004375]",0,0,0.0,"[1, 1, 1, 1, 1, 1]",6.498848138088205,0.0,0.0,0,0.0
1774904459.1698258,"[1, 1, 1, 1, 1, 1]","[1291, 1500, 1500, 1500]","[-25.08, 0.0, 0.0, 0.0]","[0.0, 0.0, 0.0]",0,0.0,0,32.50759742736816,"[0.0, 0.94604492172, 7.4768066393999995]","[0, 0, 0]",0,3,0.0,0.0,0.0,0,0,0,4294967.295,3750001.92,0,2081,0,6.417286396026611,1.4741027355194092,0.0,0,state.GROUND_TESTING,25,-25,0,-24,0.0,0,0,"[10.6, 0.5, 16.5, 10.6, 16.5, 15.5, 0, 0]","[13.482, 13.838, 13.838]",-23.556,"[2.9952, 3.3104, 5.0048, 7.3712, 8.448, 27.8256]","[0.035, 0.214375, -0.00125, 0.000625, -0.00375, -0.004375]",0,0,0.0,"[1, 1, 1, 1, 1, 1]",6.583726084507415,0.0,0.0,0,0.0
1774904459.2293646,"[1, 1, 1, 1, 1, 1]","[1291, 1500, 1500, 1500]","[-25.08, 0.0, 0.0, 0.0]","[0.0, 0.0, 0.0]",0,0.0,0,32.51634132385254,"[0.0, -8.88061523292, -0.36621093744]","[0, 0, 0]",0,3,0.0,0.0,0.0,0,0,0,4294967.295,3750001.92,0,2141,0,6.714813232421875,1.5320985317230225,0.0,0,state.GROUND_TESTING,26,-25,0,-24,0.0,0,0,"[10.2, 0.5, 15.9, 10.6, 15.5, 17.6, 0, 0]","[13.482, 13.838, 13.838]",-23.556,"[2.9936000000000003, 3.3120000000000003, 5.0064, 7.364800000000001, 8.4352, 27.8256]","[0.033125, 0.2525, -0.003125, -0.0025, -0.003125, -0.000625]",0,0,0.0,"[1, 1, 1, 1, 1, 1]",6.886601890804649,0.0,0.0,0,0.0
1774904459.2893772,"[1, 1, 1, 1, 1, 1]","[1291, 1500, 1500, 1500]","[-25.08, 0.0, 0.0, 0.0]","[0.0, 0.0, 0.0]",0,0.0,0,32.50759742736816,"[0.0, -5.340576171, -10.77270507636]","[0, 0, 0]",0,3,0.0,0.0,0.0,0,0,0,4294967.295,3750001.92,0,2201,0,6.906148433685303,1.679795265197754,0.0,0,state.GROUND_TESTING,27,-25,0,-24,0.0,0,0,"[10.2, 0.5, 15.9, 10.6, 15.9, 15.9, 0, 0]","[13.482, 13.838, 13.838]",-23.556,"[2.9936000000000003, 3.3120000000000003, 5.0064, 7.364800000000001, 8.4352, 27.8256]","[0.033125, 0.2525, -0.003125, -0.0025, -0.003125, -0.000625]",0,0,0.0,"[1, 1, 1, 1, 1, 1]",7.106540580523658,0.0,0.0,0,0.0
1774904459.347911,"[1, 1, 1, 1, 1, 1]","[1291, 1500, 1500, 1500]","[-25.08, 0.0, 0.0, 0.0]","[0.0, 0.0, 0.0]",0,0.0,0,32.51196937561035,"[0.0, 4.9133300773199995, 3.38745117132]","[0, 0, 0]",0,3,0.0,0.0,0.0,0,0,0,4294967.295,3750001.92,0,2261,0,6.547895908355713,1.7188329696655273,0.0,0,state.GROUND_TESTING,28,-25,0,-24,0.0,0,0,"[10.6, 0.5, 16.5, 10.6, 15.0, 16.5, 0, 0]","[13.482, 13.838, 13.838]",-23.556,"[2.9952, 3.3120000000000003, 5.0032000000000005, 7.3632, 8.459200000000001, 27.8272]","[0.043125000000000004, 0.63375, 0.000625, 0.00125, -0.000625, -0.0025]",0,0,0.0,"[1, 1, 1, 1, 1, 1]",6.768785248796427,0.0,0.0,0,0.0
1774904459.4054468,"[1, 1, 1, 1, 1, 1]","[1291, 1500, 1500, 1500]","[-25.08, 0.0, 0.0, 0.0]","[0.0, 0.0, 0.0]",0,0.0,0,32.494481582641605,"[0.0, 5.2795410147599995, 9.70458984216]","[0, 0, 0]",0,3,0.0,0.0,0.0,0,0,0,4294967.295,3750001.92,0,2315,0,6.712676048278809,1.8107273578643799,0.0,0,state.GROUND_TESTING,29,-25,0,-24,0.0,0,0,"[10.0, 0.5, 17.0, 10.6, 15.5, 15.9, 0, 0]","[13.482, 13.838, 13.838]",-23.556,"[2.9952, 3.3120000000000003, 5.0032000000000005, 7.3632, 8.459200000000001, 27.8272]","[0.043125000000000004, 0.63375, 0.000625, 0.00125, -0.000625, -0.0025]",0,0,0.0,"[1, 1, 1, 1, 1, 1]",6.951527686768083,0.0,0.0,0,0.0
1774904459.4623957,"[1, 1, 1, 1, 1, 1]","[1291, 1500, 1500, 1500]","[-25.08, 0.0, 0.0, 0.0]","[0.0, 0.0, 0.0]",0,0.0,0,32.48573768615723,"[0.0, 4.7302246086, -8.91113281104]","[0, 0, 0]",0,3,0.0,0.0,0.0,0,0,0,4294967.295,3750001.92,0,2375,0,6.387646198272705,1.6508076190948486,0.0,0,state.GROUND_TESTING,30,-25,0,-24,0.0,0,0,"[10.6, 0.5, 15.5, 10.4, 14.6, 17.0, 0, 0]","[13.482, 13.838, 13.838]",-23.556,"[2.9968000000000004, 3.3104, 5.0016, 7.3696, 8.464, 27.8256]","[0.036875, 0.614375, -0.00125, 0.00125, 0.003125, 0.023125]",0,0,0.0,"[1, 1, 1, 1, 1, 1]",6.596657440810016,0.0,0.0,0,0.0
1774904459.5219288,"[1, 1, 1, 1, 1, 1]","[1291, 1500, 1500, 1500]","[-25.08, 0.0, 0.0, 0.0]","[0.0, 0.0, 0.0]",0,0.0,0,32.50322547912597,"[0.0, -8.88061523292, 3.17382812448]","[0, 0, 0]",0,3,0.0,0.0,0.0,0,0,0,4294967.295,3750001.92,0,2435,0,6.62719202041626,1.7490429878234863,0.0,0,state.GROUND_TESTING,31,-25,0,-24,0.0,0,0,"[10.6, 0.5, 16.5, 10.2, 15.9, 17.0, 0, 0]","[13.482, 13.838, 13.838]",-23.556,"[2.9968000000000004, 3.3104, 5.0016, 7.3696, 8.464, 27.8256]","[0.036875, 0.614375, -0.00125, 0.00125, 0.003125, 0.023125]",0,0,0.0,"[1, 1, 1, 1, 1, 1]",6.853113885862193,0.0,0.0,0,0.0
1774904459.5824583,"[1, 1, 1, 1, 1, 1]","[1291, 1500, 1500, 1500]","[-25.08, 0.0, 0.0, 0.0]","[0.0, 0.0, 0.0]",0,0.0,0,32.50322547912597,"[0.0, 4.6691894523599995, 15.28930663812]","[0, 0, 0]",0,3,0.0,0.0,0.0,0,0,0,4294967.295,3750001.92,0,2495,0,6.779133319854736,1.575685977935791,0.0,0,state.GROUND_TESTING,32,-26,0,-24,0.0,0,0,"[10.4, 0.5, 17.0, 10.8, 15.9, 16.5, 0, 0]","[13.482, 13.838, 13.838]",-23.556,"[2.9952, 3.3104, 5.0016, 7.368, 8.4448, 27.8256]","[0.029375000000000002, 0.5825, -0.00375, 0.003125, -0.00125, 0.0225]",0,0,0.0,"[1, 1, 1, 1, 1, 1]",6.959011265204907,0.0,0.0,0,0.0
1774904459.6379843,"[1, 1, 1, 1, 1, 1]","[1291, 1500, 1500, 1500]","[-25.08, 0.0, 0.0, 0.0]","[0.0, 0.0, 0.0]",0,0.0,0,32.49885353088379,"[0.0, -7.1716308582, -3.14331054636]","[0, 0, 0]",0,3,0.0,0.0,0.0,0,0,0,4294967.295,3750001.92,0,2549,0,6.750941753387451,1.6522895097732544,0.0,0,state.GROUND_TESTING,33,-26,0,-26,0.0,0,0,"[10.4, 0.5, 16.5, 10.2, 15.9, 17.0, 0, 0]","[13.482, 13.838, 13.838]",-23.556,"[2.9952, 3.3104, 5.0016, 7.368, 8.4448, 27.8256]","[0.029375000000000002, 0.5825, -0.00375, 0.003125, -0.00125, 0.0225]",0,0,0.0,"[1, 1, 1, 1, 1, 1]",6.949289816964752,0.0,0.0,0,0.0
1774904459.6969967,"[1, 1, 1, 1, 1, 1]","[1291, 1500, 1500, 1500]","[-25.08, 0.0, 0.0, 0.0]","[0.0, 0.0, 0.0]",0,0.0,0,32.49885353088379,"[0.0, 5.2795410147599995, 6.34765624896]","[0, 0, 0]",0,3,0.0,0.0,0.0,0,0,0,4294967.295,3750001.92,0,2609,0,6.912358283996582,1.7114709615707397,0.0,0,state.GROUND_TESTING,34,-26,0,-26,0.0,0,0,"[10.4, 0.5, 16.5, 10.8, 15.5, 17.0, 0, 0]","[13.482, 13.838, 13.838]",-23.556,"[2.9968000000000004, 3.3104, 5.0032000000000005, 7.364800000000001, 8.464, 27.8272]","[0.03125, 0.224375, 0.000625, -0.004375, 0.0025, 0.02]",0,0,0.0,"[1, 1, 1, 1, 1, 1]",7.120084566517274,0.0,0.0,0,0.0
1774904459.7565317,"[1, 1, 1, 1, 1, 1]","[1291, 1500, 1500, 1500]","[-25.08, 0.0, 0.0, 0.0]","[0.0, 0.0, 0.0]",0,0.0,0,32.49010963439942,"[0.0, 3.32641601508, 2.07519531216]","[0, 0, 0]",0,3,0.0,0.0,0.0,0,0,0,4294967.295,3750001.92,0,2669,0,7.0627923011779785,1.7474874258041382,0.0,0,state.GROUND_TESTING,35,-25,0,-25,0.0,0,0,"[10.2, 0.5, 15.9, 10.6, 16.5, 17.0, 0, 0]","[13.482, 13.838, 13.838]",-23.556,"[2.9968000000000004, 3.3120000000000003, 5.0032000000000005, 7.36, 8.4384, 27.8288]","[0.031875, 0.22125, -0.00375, -0.000625, 0.0025, -0.005625]",0,0,0.0,"[1, 1, 1, 1, 1, 1]",7.274700230698243,0.0,0.0,0,0.0
1774904459.8170657,"[1, 1, 1, 1, 1, 1]","[1291, 1500, 1500, 1500]","[-25.08, 0.0, 0.0, 0.0]","[0.0, 0.0, 0.0]",0,0.0,0,32.48573768615723,"[0.0, 4.6691894523599995, 11.01684570132]","[0, 0, 0]",0,3,0.0,0.0,0.0,0,0,0,4294967.295,3750001.92,0,2729,0,7.07717227935791,1.5668160915374756,0.0,0,state.GROUND_TESTING,36,-24,0,-24,0.0,0,0,"[10.8, 0.5, 17.6, 10.6, 15.5, 17.0, 0, 0]","[13.482, 13.838, 13.838]",-23.556,"[2.9968000000000004, 3.3120000000000003, 5.0032000000000005, 7.36, 8.4384, 27.8288]","[0.031875, 0.22125, -0.00375, -0.000625, 0.0025, -0.005625]",0,0,0.0,"[1, 1, 1, 1, 1, 1]",7.247674232702415,0.0,0.0,0,0.0
1774904459.870063,"[1, 1, 1, 1, 1, 1]","[1291, 1500, 1500, 1500]","[-25.08, 0.0, 0.0, 0.0]","[0.0, 0.0, 0.0]",0,0.0,0,32.47699378967285,"[0.0, -10.65063476388, 3.38745117132]","[0, 0, 0]",0,3,0.0,0.0,0.0,0,0,0,4294967.295,3750001.92,0,2783,0,7.4441375732421875,1.9330273866653442,0.0,0,state.GROUND_TESTING,37,-24,0,-24,0.0,0,0,"[10.6, 0.5, 15.9, 10.2, 15.5, 16.5, 0, 0]","[13.482, 13.838, 13.838]",-23.556,"[2.9968000000000004, 3.3136, 5.0016, 7.3712, 8.464, 27.8288]","[0.035625000000000004, 0.260625, -0.00625, -0.00125, -0.000625, -0.000625]",0,0,0.0,"[1, 1, 1, 1, 1, 1]",7.689650751990131,0.0,0.0,0,0.0
1774904459.9337368,"[1, 1, 1, 1, 1, 1]","[1291, 1500, 1500, 1500]","[-25.08, 0.0, 0.0, 0.0]","[0.0, 0.0, 0.0]",0,0.0,0,32.49885353088379,"[0.0, 4.48608398364, -0.1525878906]","[0, 0, 0]",0,3,0.0,0.0,0.0,0,0,0,4294967.295,3750001.92,0,2843,0,7.529573440551758,1.8243930339813232,0.0,0,state.GROUND_TESTING,38,-24,0,-24,0.0,0,0,"[10.8, 0.5, 16.5, 10.2, 15.5, 17.0, 0, 0]","[13.482, 13.838, 13.838]",-23.556,"[2.9968000000000004, 3.3136, 5.0016, 7.3712, 8.464, 27.8288]","[0.035625000000000004, 0.260625, -0.00625, -0.00125, -0.000625, -0.000625]",0,0,0.0,"[1, 1, 1, 1, 1, 1]",7.746205656060091,0.0,0.0,0,0.0
1774904459.9917393,"[1, 1, 1, 1, 1, 1]","[1291, 1500, 1500, 1500]","[-25.08, 0.0, 0.0, 0.0]","[0.0, 0.0, 0.0]",0,0.0,0,32.494481582641605,"[0.0, -3.38745117132, 12.32910156048]","[0, 0, 0]",0,3,0.0,0.0,0.0,0,0,0,4294967.295,3750001.92,0,2903,0,7.756618499755859,1.7554254531860352,0.0,0,state.GROUND_TESTING,39,-25,0,-24,0.0,0,0,"[10.4, 0.5, 16.5, 10.6, 16.5, 17.0, 0, 0]","[13.482, 13.838, 13.838]",-23.556,"[2.9968000000000004, 3.3136, 5.0064, 7.364800000000001, 8.448, 27.8256]","[0.036875, 0.23, -0.00125, -0.00125, -0.0025, -0.000625]",0,0,0.0,"[1, 1, 1, 1, 1, 1]",7.9515910045744995,0.0,0.0,0,0.0
1774904460.0508249,"[1, 1, 1, 1, 1, 1]","[1291, 1500, 1500, 1500]","[-25.08, 0.0, 0.0, 0.0]","[0.0, 0.0, 0.0]",0,0.0,0,32.49010963439942,"[0.0, 1.12915039044, -12.268066404239999]","[0, 0, 0]",0,3,0.0,0.0,0.0,0,0,0,4294967.295,3750001.92,0,2963,0,7.603127479553223,1.6614412069320679,0.0,0,state.GROUND_TESTING,40,-26,0,-25,0.0,0,0,"[10.2, 0.5, 15.9, 10.6, 16.5, 17.0, 0, 0]","[13.482, 13.838, 13.838]",-23.556,"[2.9968000000000004, 3.3136, 5.0064, 7.364800000000001, 8.448, 27.8256]","[0.036875, 0.23, -0.00125, -0.00125, -0.0025, -0.000625]",0,0,0.0,"[1, 1, 1, 1, 1, 1]",7.781498035345061,0.0,0.0,0,0.0
1774904460.1043673,"[1, 1, 1, 1, 1, 1]","[1291, 1500, 1500, 1500]","[-25.08, 0.0, 0.0, 0.0]","[0.0, 0.0, 0.0]",0,0.0,0,32.50759742736816,"[0.0, -7.53784179564, -0.1525878906]","[0, 0, 0]",0,3,0.0,0.0,0.0,0,0,0,4294967.295,3750001.92,0,3017,0,7.90778923034668,1.5434818267822266,0.0,0,state.GROUND_TESTING,41,-26,0,-26,0.0,0,0,"[10.6, 0.5, 16.5, 10.6, 15.5, 17.0, 0, 0]","[13.482, 13.838, 13.838]",-23.556,"[2.9952, 3.3136, 5.0064, 7.3584000000000005, 8.459200000000001, 27.8256]","[0.038125, 0.61875, -0.00125, 0.000625, -0.00125, 0.019375]",0,0,0.0,"[1, 1, 1, 1, 1, 1]",8.056073479081553,0.0,0.0,0,0.0
1774904460.1663675,"[1, 1, 1, 1, 1, 1]","[1291, 1500, 1500, 1500]","[-25.08, 0.0, 0.0, 0.0]","[0.0, 0.0, 0.0]",0,0.0,0,32.48573768615723,"[0.0, -12.0544433574, -2.77709960892]","[0, 0, 0]",0,3,0.0,0.0,0.0,0,0,0,4294967.295,3750001.92,0,3077,0,7.968507766723633,1.4153363704681396,0.0,0,state.GROUND_TESTING,42,-26,0,-26,0.0,0,0,"[10.6, 0.5, 16.5, 10.2, 15.0, 17.6, 0, 0]","[13.482, 13.838, 13.838]",-23.556,"[2.9952, 3.3136, 5.0064, 7.3584000000000005, 8.459200000000001, 27.8256]","[0.038125, 0.61875, -0.00125, 0.000625, -0.00125, 0.019375]",0,0,0.0,"[1, 1, 1, 1, 1, 1]",8.092426119067778,0.0,0.0,0,0.0
1774904460.2249,"[1, 1, 1, 1, 1, 1]","[1291, 1500, 1500, 1500]","[-25.08, 0.0, 0.0, 0.0]","[0.0, 0.0, 0.0]",0,0.0,0,32.49885353088379,"[0.0, -10.65063476388, -8.5449218736]","[0, 0, 0]",0,3,0.0,0.0,0.0,0,0,0,4294967.295,3750001.92,0,3137,0,7.852524757385254,1.4458086490631104,0.0,0,state.GROUND_TESTING,43,-27,0,-26,0.0,0,0,"[10.6, 0.5, 16.5, 10.6, 15.9, 15.9, 0, 0]","[13.482, 13.838, 13.838]",-23.556,"[2.9936000000000003, 3.3136, 5.0032000000000005, 7.364800000000001, 8.4352, 27.8288]","[0.03125, 0.62375, -0.00375, 0.005, 0.008125, 0.02125]",0,0,0.0,"[1, 1, 1, 1, 1, 1]",7.983696056906823,0.0,0.0,0,0.0
1774904460.2859118,"[1, 1, 1, 1, 1, 1]","[1291, 1500, 1500, 1500]","[-25.08, 0.0, 0.0, 0.0]","[0.0, 0.0, 0.0]",0,0.0,0,32.49885353088379,"[0.0, -3.99780273372, -0.1525878906]","[0, 0, 0]",0,3,0.0,0.0,0.0,0,0,0,4294967.295,3750001.92,0,3197,0,8.027444839477539,1.4525099992752075,0.0,0,state.GROUND_TESTING,44,-29,0,-27,0.0,0,0,"[10.6, 0.5, 15.9, 10.4, 15.0, 17.6, 0, 0]","[13.482, 13.838, 13.838]",-23.556,"[2.9936000000000003, 3.3136, 5.0032000000000005, 7.364800000000001, 8.4352, 27.8288]","[0.03125, 0.62375, -0.00375, 0.005, 0.008125, 0.02125]",0,0,0.0,"[1, 1, 1, 1, 1, 1]",8.156949955627445,0.0,0.0,0,0.0
1774904460.338435,"[1, 1, 1, 1, 1, 1]","[1291, 1500, 1500, 1500]","[-25.08, 0.0, 0.0, 0.0]","[0.0, 0.0, 0.0]",0,0.0,0,32.50322547912597,"[0.0, 1.92260742156, -10.2233886702]","[0, 0, 0]",0,3,0.0,0.0,0.0,0,0,0,4294967.295,3750001.92,0,3251,0,7.5651750564575195,1.587928295135498,0.0,0,state.GROUND_TESTING,45,-29,0,-28,0.0,0,0,"[10.4, 0.5, 16.5, 10.6, 17.0, 17.0, 0, 0]","[13.482, 13.838, 13.838]",-23.556,"[2.9952, 3.3136, 5.0048, 7.368, 8.4656, 27.8304]","[0.02875, 0.23625000000000002, -0.0025, -0.003125, -0.000625, 0.018125]",0,0,0.0,"[1, 1, 1, 1, 1, 1]",7.729082666998948,0.0,0.0,0,0.0
1774904460.3984487,"[1, 1, 1, 1, 1, 1]","[1291, 1500, 1500, 1500]","[-25.08, 0.0, 0.0, 0.0]","[0.0, 0.0, 0.0]",0,0.0,0,32.49010963439942,"[0.0, 5.46264648348, -1.46484374976]","[0, 0, 0]",0,3,0.0,0.0,0.0,0,0,0,4294967.295,3750001.92,0,3311,0,7.4196014404296875,1.5854899883270264,0.0,0,state.GROUND_TESTING,46,-30,0,-28,0.0,0,0,"[10.4, 0.5, 16.5, 10.4, 15.9, 15.5, 0, 0]","[13.482, 13.838, 13.838]",-23.556,"[2.9952, 3.3136, 5.0048, 7.368, 8.4656, 27.8304]","[0.02875, 0.23625000000000002, -0.0025, -0.003125, -0.000625, 0.018125]",0,0,0.0,"[1, 1, 1, 1, 1, 1]",7.586184556324935,0.0,0.0,0,0.0
1774904460.4621403,"[1, 1, 1, 1, 1, 1]","[1291, 1500, 1500, 1500]","[-25.08, 0.0, 0.0, 0.0]","[0.0, 0.0, 0.0]",0,0.0,0,32.48136573791504,"[0.0, -7.9650878893199994, -11.71874999808]","[0, 0, 0]",0,3,0.0,0.0,0.0,0,0,0,4294967.295,3750001.92,0,3371,0,7.150738716125488,1.862627625465393,0.0,0,state.GROUND_TESTING,47,-30,0,-29,0.0,0,0,"[11.1, 0.5, 15.9, 10.4, 16.5, 16.5, 0, 0]","[13.482, 13.838, 13.838]",-23.556,"[2.9968000000000004, 3.3120000000000003, 5.0048, 7.364800000000001, 8.4672, 27.8272]","[0.030625, 0.261875, 0.0, -0.0025, -0.003125, 0.000625]",0,0,0.0,"[1, 1, 1, 1, 1, 1]",7.388126474569467,0.0,0.0,0,0.0
1774904460.5186965,"[1, 1, 1, 1, 1, 1]","[1291, 1500, 1500, 1500]","[-25.08, 0.0, 0.0, 0.0]","[0.0, 0.0, 0.0]",0,0.0,0,32.49010963439942,"[0.0, 2.10571289028, -6.8664550769999995]","[0, 0, 0]",0,3,0.0,0.0,0.0,0,0,0,4294967.295,3750001.92,0,3431,0,7.118399143218994,2.181255578994751,0.0,0,state.GROUND_TESTING,48,-30,0,-29,0.0,0,0,"[10.6, 0.5, 16.5, 10.6, 15.0, 17.6, 0, 0]","[13.482, 13.838, 13.838]",-23.556,"[2.9952, 3.3120000000000003, 5.0032000000000005, 7.3632, 8.440000000000001, 27.8288]","[0.03375, 0.225625, 0.000625, -0.0025, -0.0025, -0.00125]",0,0,0.0,"[1, 1, 1, 1, 1, 1]",7.4434517990763105,0.0,0.0,0,0.0
1774904460.57321,"[1, 1, 1, 1, 1, 1]","[1291, 1500, 1500, 1500]","[-25.08, 0.0, 0.0, 0.0]","[0.0, 0.0, 0.0]",0,0.0,0,32.47699378967285,"[0.0, 4.9133300773199995, 12.32910156048]","[0, 0, 0]",0,3,0.0,0.0,0.0,0,0,0,4294967.295,3750001.92,0,3485,0,7.661303997039795,2.094095468521118,0.0,0,state.GROUND_TESTING,49,-30,0,-29,0.0,0,0,"[10.4, 0.5, 17.0, 10.4, 15.0, 17.0, 0, 0]","[13.482, 13.838, 13.838]",-23.556,"[2.9952, 3.3120000000000003, 5.0032000000000005, 7.3632, 8.440000000000001, 27.8288]","[0.03375, 0.225625, 0.000625, -0.0025, -0.0025, -0.00125]",0,0,0.0,"[1, 1, 1, 1, 1, 1]",7.940695541286861,0.0,0.0,0,0.0
1774904460.798246,"[1, 1, 1, 1, 1, 1]","[1291, 1500, 1500, 1500]","[-25.08, 0.0, 0.0, 0.0]","[0.0, 0.0, 0.0]",0,0.0,0,32.48136573791504,"[0.0, -4.7912597648399995, -0.1525878906]","[0, 0, 0]",0,3,0.0,0.0,0.0,0,0,0,4294967.295,3750001.92,0,3545,0,7.582564353942871,2.011683702468872,0.0,0,state.GROUND_TESTING,50,-30,0,-29,0.0,0,0,"[10.6, 0.5, 16.5, 10.4, 15.5, 17.6, 0, 0]","[13.482, 13.838, 13.838]",-23.556,"[2.9952, 3.3120000000000003, 5.0016, 7.364800000000001, 8.457600000000001, 27.8288]","[0.035, 0.22875, 0.0025, -0.000625, -0.00125, -0.00375]",0,0,0.0,"[1, 1, 1, 1, 1, 1]",7.843372884910162,0.0,0.0,0,0.0
1774904460.819768,"[1, 1, 1, 1, 1, 1]","[1291, 1500, 1500, 1500]","[-25.08, 0.0, 0.0, 0.0]","[0.0, 0.0, 0.0]",0,0.0,0,32.50759742736816,"[0.0, 1.12915039044, -6.5002441395599995]","[0, 0, 0]",0,3,0.0,0.0,0.0,0,0,0,4294967.295,3750001.92,0,3605,0,7.60605525970459,2.1184818744659424,0.0,0,state.GROUND_TESTING,51,-29,0,-29,0.0,0,0,"[10.2, 0.5, 16.5, 11.1, 16.5, 16.5, 0, 0]","[13.482, 13.838, 13.838]",-23.556,"[2.9952, 3.3120000000000003, 5.0016, 7.364800000000001, 8.457600000000001, 27.8288]","[0.035, 0.22875, 0.0025, -0.000625, -0.00125, -0.00375]",0,0,0.0,"[1, 1, 1, 1, 1, 1]",7.893899240201671,0.0,0.0,0,0.0
1774904460.8307657,"[1, 1, 1, 1, 1, 1]","[1291, 1500, 1500, 1500]","[-25.08, 0.0, 0.0, 0.0]","[0.0, 0.0, 0.0]",0,0.0,0,32.48136573791504,"[0.0, -10.89477538884, -3.14331054636]","[0, 0, 0]",0,3,0.0,0.0,0.0,0,0,0,4294967.295,3750001.92,0,3665,0,7.7229437828063965,2.324183225631714,0.0,0,state.GROUND_TESTING,52,-30,0,-29,0.0,0,0,"[10.6, 0.5, 15.9, 10.4, 15.5, 15.9, 0, 0]","[13.482, 13.838, 13.838]",-23.556,"[2.9952, 3.3136, 5.0032000000000005, 7.368, 8.432, 27.8272]","[0.03, 0.27625, -0.005, -0.000625, -0.006875, -0.00625]",0,0,0.0,"[1, 1, 1, 1, 1, 1]",8.063059629780318,0.0,0.0,0,0.0
1774904460.8347685,"[1, 1, 1, 1, 1, 1]","[1291, 1500, 1500, 1500]","[-25.08, 0.0, 0.0, 0.0]","[0.0, 0.0, 0.0]",0,0.0,0,32.46387794494629,"[0.0, 5.2795410147599995, 2.07519531216]","[0, 0, 0]",0,3,0.0,0.0,0.0,0,0,0,4294967.295,3750001.92,0,3719,0,7.6701788902282715,2.4303903579711914,0.0,0,state.GROUND_TESTING,53,-30,0,-30,0.0,0,0,"[10.2, 0.5, 17.6, 10.6, 15.5, 17.0, 0, 0]","[13.482, 13.838, 13.838]",-23.556,"[2.9952, 3.3136, 5.0032000000000005, 7.368, 8.432, 27.8272]","[0.03, 0.27625, -0.005, -0.000625, -0.006875, -0.00625]",0,0,0.0,"[1, 1, 1, 1, 1, 1]",8.043824310066626,0.0,0.0,0,0.0
1774904460.8667648,"[1, 1, 1, 1, 1, 1]","[1291, 1500, 1500, 1500]","[-25.08, 0.0, 0.0, 0.0]","[0.0, 0.0, 0.0]",0,0.0,0,32.46824989318848,"[0.0, 1.12915039044, -1.46484374976]","[0, 0, 0]",0,3,0.0,0.0,0.0,0,0,0,4294967.295,3750001.92,0,3779,0,7.906414031982422,2.3113527297973633,0.0,0,state.GROUND_TESTING,54,-30,0,-29,0.0,0,0,"[10.0, 0.6, 16.5, 10.6, 16.5, 16.5, 0, 0]","[13.482, 13.838, 13.838]",-23.556,"[2.9952, 3.3136, 5.0032000000000005, 7.3632, 8.441600000000001, 27.8272]","[0.036875, 0.61625, 0.0, -0.0025, -0.004375, -0.0025]",0,0,0.0,"[1, 1, 1, 1, 1, 1]",8.235276419740442,0.0,0.0,0,0.0
1774904460.9284286,"[1, 1, 1, 1, 1, 1]","[1291, 1500, 1500, 1500]","[-25.08, 0.0, 0.0, 0.0]","[0.0, 0.0, 0.0]",0,0.0,0,32.49010963439942,"[0.0, -4.36401367116, -5.9509277334]","[0, 0, 0]",0,3,0.0,0.0,0.0,0,0,0,4294967.295,3750001.92,0,3839,0,7.77182149887085,2.3931496143341064,0.0,0,state.GROUND_TESTING,55,-29,0,-29,0.0,0,0,"[10.4, 0.5, 15.9, 10.4, 15.9, 17.0, 0, 0]","[13.482, 13.838, 13.838]",-23.556,"[2.9952, 3.3136, 5.0032000000000005, 7.3632, 8.441600000000001, 27.8272]","[0.036875, 0.61625, 0.0, -0.0025, -0.004375, -0.0025]",0,0,0.0,"[1, 1, 1, 1, 1, 1]",8.129772570845368,0.0,0.0,0,0.0
1774904460.9884388,"[1, 1, 1, 1, 1, 1]","[1291, 1500, 1500, 1500]","[-25.08, 0.0, 0.0, 0.0]","[0.0, 0.0, 0.0]",0,0.0,0,32.46824989318848,"[0.0, 4.7302246086, 8.605957029839999]","[0, 0, 0]",0,3,0.0,0.0,0.0,0,0,0,4294967.295,3750001.92,0,3899,0,7.654003620147705,2.2430362701416016,0.0,0,state.GROUND_TESTING,56,-29,0,-28,0.0,0,0,"[10.4, 0.5, 17.6, 10.6, 15.9, 16.5, 0, 0]","[13.482, 13.838, 13.838]",-23.556,"[2.9952, 3.3104, 5.0048, 7.3632, 8.4528, 27.8288]","[0.03375, 0.618125, -0.00125, -0.000625, -0.000625, 0.014375]",0,0,0.0,"[1, 1, 1, 1, 1, 1]",7.974021320433557,0.0,0.0,0,0.0
1774904461.0415225,"[1, 1, 1, 1, 1, 1]","[1291, 1500, 1500, 1500]","[-25.08, 0.0, 0.0, 0.0]","[0.0, 0.0, 0.0]",0,0.0,0,32.48573768615723,"[0.0, 2.53295898396, 8.392333983]","[0, 0, 0]",0,3,0.0,0.0,0.0,0,0,0,4294967.295,3750001.92,0,3953,0,7.74607515335083,2.1347978115081787,0.0,0,state.GROUND_TESTING,57,-29,0,-28,0.0,0,0,"[10.8, 0.5, 15.9, 10.6, 15.5, 16.5, 0, 0]","[13.482, 13.838, 13.838]",-23.556,"[2.9952, 3.3104, 5.0048, 7.3632, 8.4528, 27.8288]","[0.03375, 0.618125, -0.00125, -0.000625, -0.000625, 0.014375]",0,0,0.0,"[1, 1, 1, 1, 1, 1]",8.033133866168612,0.0,0.0,0,0.0
1774904461.1040633,"[1, 1, 1, 1, 1, 1]","[1291, 1500, 1500, 1500]","[-25.08, 0.0, 0.0, 0.0]","[0.0, 0.0, 0.0]",0,0.0,0,32.48136573791504,"[0.0, 11.01684570132, 2.4414062496]","[0, 0, 0]",0,3,0.0,0.0,0.0,0,0,0,4294967.295,3750001.92,0,4013,0,7.905689716339111,2.026782751083374,0.0,0,state.GROUND_TESTING,58,-29,0,-29,0.0,0,0,"[10.8, 0.5, 17.0, 11.1, 15.9, 17.0, 0, 0]","[13.482, 13.838, 13.838]",-23.556,"[2.9968000000000004, 3.3136, 5.0032000000000005, 7.3632, 8.4464, 27.8304]","[0.03625, 0.6125, -0.003125, 0.0075, -0.00125, 0.016875]",0,0,0.0,"[1, 1, 1, 1, 1, 1]",8.159759415179717,0.0,0.0,0,0.0
1774904461.1610596,"[1, 1, 1, 1, 1, 1]","[1291, 1500, 1500, 1500]","[-25.08, 0.0, 0.0, 0.0]","[0.0, 0.0, 0.0]",0,0.0,0,32.472621841430666,"[0.0, -0.03051757812, 2.62451171832]","[0, 0, 0]",0,3,0.0,0.0,0.0,0,0,0,4294967.295,3750001.92,0,4073,0,8.109874725341797,2.0054409503936768,0.0,0,state.GROUND_TESTING,59,-28,0,-28,0.0,0,0,"[10.4, 0.5, 16.5, 10.6, 15.9, 16.5, 0, 0]","[13.482, 13.838, 13.838]",-23.556,"[2.9968000000000004, 3.3136, 5.0032000000000005, 7.3632, 8.4464, 27.8304]","[0.03625, 0.6125, -0.003125, 0.0075, -0.00125, 0.016875]",0,0,0.0,"[1, 1, 1, 1, 1, 1]",8.352542418488266,0.0,0.0,0,0.0
1774904461.2226102,"[1, 1, 1, 1, 1, 1]","[1291, 1500, 1500, 1500]","[-25.08, 0.0, 0.0, 0.0]","[0.0, 0.0, 0.0]",0,0.0,0,32.47699378967285,"[0.0, 1.92260742156, 8.97216796728]","[0, 0, 0]",0,3,0.0,0.0,0.0,0,0,0,4294967.295,3750001.92,0,4133,0,8.260308265686035,2.0250141620635986,0.0,0,state.GROUND_TESTING,60,-27,0,-27,0.0,0,0,"[10.6, 0.5, 17.0, 10.6, 15.0, 17.0, 0, 0]","[13.482, 13.838, 13.838]",-23.556,"[2.9952, 3.3104, 5.0048, 7.3664000000000005, 8.4464, 27.832]","[0.036875, 0.2575, 0.0, -0.00125, -0.004375, -0.001875]",0,0,0.0,"[1, 1, 1, 1, 1, 1]",8.503230120733853,0.0,0.0,0,0.0
1774904461.2806094,"[1, 1, 1, 1, 1, 1]","[1291, 1500, 1500, 1500]","[-25.08, 0.0, 0.0, 0.0]","[0.0, 0.0, 0.0]",0,0.0,0,32.49010963439942,"[0.0, 4.48608398364, -2.22778320276]","[0, 0, 0]",0,3,0.0,0.0,0.0,0,0,0,4294967.295,3750001.92,0,4187,0,8.410944938659668,1.7927606105804443,0.0,0,state.GROUND_TESTING,61,-26,0,-26,0.0,0,0,"[10.6, 0.5, 16.5, 10.8, 15.9, 15.9, 0, 0]","[13.482, 13.838, 13.838]",-23.556,"[2.9968000000000004, 3.3104, 5.0064, 7.36, 8.4512, 27.8256]","[0.029375000000000002, 0.23375, -0.003125, 0.0, -0.0025, -0.00375]",0,0,0.0,"[1, 1, 1, 1, 1, 1]",8.598538458503384,0.0,0.0,0,0.0
1774904461.3391476,"[1, 1, 1, 1, 1, 1]","[1291, 1500, 1500, 1500]","[-25.08, 0.0, 0.0, 0.0]","[0.0, 0.0, 0.0]",0,0.0,0,32.48136573791504,"[0.0, -2.5939941402, -4.82177734296]","[0, 0, 0]",0,3,0.0,0.0,0.0,0,0,0,4294967.295,3750001.92,0,4247,0,8.069172859191895,1.8568346500396729,0.0,0,state.GROUND_TESTING,62,-25,0,-25,0.0,0,0,"[10.2, 0.5, 17.0, 10.2, 15.5, 16.5, 0, 0]","[13.482, 13.838, 13.838]",-23.556,"[2.9968000000000004, 3.3104, 5.0064, 7.36, 8.4512, 27.8256]","[0.029375000000000002, 0.23375, -0.003125, 0.0, -0.0025, -0.00375]",0,0,0.0,"[1, 1, 1, 1, 1, 1]",8.278680984644058,0.0,0.0,0,0.0
1774904461.3981628,"[1, 1, 1, 1, 1, 1]","[1291, 1500, 1500, 1500]","[-25.08, 0.0, 0.0, 0.0]","[0.0, 0.0, 0.0]",0,0.0,0,32.47699378967285,"[0.0, 6.2561035145999995, 9.52148437344]","[0, 0, 0]",0,3,0.0,0.0,0.0,0,0,0,4294967.295,3750001.92,0,4307,0,8.202856063842773,1.6737066507339478,0.0,0,state.GROUND_TESTING,63,-24,0,-24,0.0,0,0,"[10.4, 0.5, 15.9, 10.4, 16.5, 16.5, 0, 0]","[13.482, 13.838, 13.838]",-23.556,"[2.9952, 3.3104, 5.0016, 7.36, 8.457600000000001, 27.8256]","[0.03375, 0.2475, -0.005625, 0.000625, 0.00375, -0.000625]",0,0,0.0,"[1, 1, 1, 1, 1, 1]",8.370721302947645,0.0,0.0,0,0.0
1774904461.4556644,"[1, 1, 1, 1, 1, 1]","[1291, 1500, 1500, 1500]","[-25.08, 0.0, 0.0, 0.0]","[0.0, 0.0, 0.0]",0,0.0,0,32.46387794494629,"[0.0, -4.7302246086, -7.81249999872]","[0, 0, 0]",0,3,0.0,0.0,0.0,0,0,0,4294967.295,3750001.92,0,4367,0,8.19857120513916,1.7188667058944702,0.0,0,state.GROUND_TESTING,64,-24,0,-24,0.0,0,0,"[10.4, 0.5, 15.9, 10.6, 16.5, 17.0, 0, 0]","[13.482, 13.838, 13.838]",-23.556,"[2.9952, 3.3104, 5.0016, 7.36, 8.457600000000001, 27.8256]","[0.03375, 0.2475, -0.005625, 0.000625, 0.00375, -0.000625]",0,0,0.0,"[1, 1, 1, 1, 1, 1]",8.37561215432636,0.0,0.0,0,0.0
1774904461.5112064,"[1, 1, 1, 1, 1, 1]","[1291, 1500, 1500, 1500]","[-25.08, 0.0, 0.0, 0.0]","[0.0, 0.0, 0.0]",0,0.0,0,32.46387794494629,"[0.0, -4.7912597648399995, 0.39672851556]","[0, 0, 0]",0,3,0.0,0.0,0.0,0,0,0,4294967.295,3750001.92,0,4421,0,8.348041534423828,1.7879396677017212,0.0,0,state.GROUND_TESTING,65,-24,0,-24,0.0,0,0,"[10.6, 0.5, 16.5, 10.4, 16.5, 15.5, 0, 0]","[13.482, 13.838, 13.838]",-23.556,"[2.9968000000000004, 3.3104, 5.0032000000000005, 7.3664000000000005, 8.4304, 27.8256]","[0.036875, 0.54875, -0.005, -0.0025, -0.000625, -0.0025]",0,0,0.0,"[1, 1, 1, 1, 1, 1]",8.536033701382278,0.0,0.0,0,0.0
1774904461.5707364,"[1, 1, 1, 1, 1, 1]","[1291, 1500, 1500, 1500]","[-25.08, 0.0, 0.0, 0.0]","[0.0, 0.0, 0.0]",0,0.0,0,32.4595059967041,"[0.0, -9.73510742028, -14.31274413828]","[0, 0, 0]",0,3,0.0,0.0,0.0,0,0,0,4294967.295,3750001.92,0,4481,0,8.252470016479492,1.8453437089920044,0.0,0,state.GROUND_TESTING,66,-24,0,-24,0.0,0,0,"[10.2, 0.5, 17.0, 10.4, 15.5, 15.9, 0, 0]","[13.482, 13.838, 13.838]",-23.556,"[2.9968000000000004, 3.3104, 5.0032000000000005, 7.3664000000000005, 8.4304, 27.8256]","[0.036875, 0.54875, -0.005, -0.0025, -0.000625, -0.0025]",0,0,0.0,"[1, 1, 1, 1, 1, 1]",8.454878616504008,0.0,0.0,0,0.0
1774904461.6292787,"[1, 1, 1, 1, 1, 1]","[1291, 1500, 1500, 1500]","[-25.08, 0.0, 0.0, 0.0]","[0.0, 0.0, 0.0]",0,0.0,0,32.46824989318848,"[0.0, -1.43432617164, 0.762939453]","[0, 0, 0]",0,3,0.0,0.0,0.0,0,0,0,4294967.295,3750001.92,0,4541,0,8.393465995788574,1.743420124053955,0.0,0,state.GROUND_TESTING,67,-24,0,-24,0.0,0,0,"[10.6, 0.5, 15.9, 10.2, 15.5, 15.9, 0, 0]","[13.482, 13.838, 13.838]",-23.556,"[2.9936000000000003, 3.3136, 5.0032000000000005, 7.3632, 8.4544, 27.8272]","[0.03375, 0.574375, 0.0, 0.004375, 0.00625, 0.021875000000000002]",0,0,0.0,"[1, 1, 1, 1, 1, 1]",8.571348178881493,0.0,0.0,0,0.0
1774904461.6912825,"[1, 1, 1, 1, 1, 1]","[1291, 1500, 1500, 1500]","[-25.08, 0.0, 0.0, 0.0]","[0.0, 0.0, 0.0]",0,0.0,0,32.472621841430666,"[0.0, -4.7912597648399995, 7.29370117068]","[0, 0, 0]",0,3,0.0,0.0,0.0,0,0,0,4294967.295,3750001.92,0,4601,0,8.319921493530273,1.7855381965637207,0.0,0,state.GROUND_TESTING,68,-23,0,-23,0.0,0,0,"[10.6, 0.5, 17.0, 10.4, 15.5, 16.5, 0, 0]","[13.482, 13.838, 13.838]",-23.556,"[2.9936000000000003, 3.3136, 5.0032000000000005, 7.3632, 8.4544, 27.8272]","[0.03375, 0.574375, 0.0, 0.004375, 0.00625, 0.021875000000000002]",0,0,0.0,"[1, 1, 1, 1, 1, 1]",8.508043190612815,0.0,0.0,0,0.0
1774904461.7438335,"[1, 1, 1, 1, 1, 1]","[1291, 1500, 1500, 1500]","[-25.08, 0.0, 0.0, 0.0]","[0.0, 0.0, 0.0]",0,0.0,0,32.47699378967285,"[0.0, -3.38745117132, 16.41845702856]","[0, 0, 0]",0,3,0.0,0.0,0.0,0,0,0,4294967.295,3750001.92,0,4655,0,8.402009963989258,1.7441893815994263,0.0,0,state.GROUND_TESTING,69,-23,0,-23,0.0,0,0,"[10.6, 0.5, 17.0, 10.8, 15.5, 16.5, 0, 0]","[13.482, 13.838, 13.838]",-23.556,"[2.9968000000000004, 3.3136, 5.0, 7.36, 8.4368, 27.824]","[0.03625, 0.553125, -0.00125, 0.003125, 0.005, 0.02125]",0,0,0.0,"[1, 1, 1, 1, 1, 1]",8.579867645066772,0.0,0.0,0,0.0
1774904461.8053436,"[1, 1, 1, 1, 1, 1]","[1291, 1500, 1500, 1500]","[-25.08, 0.0, 0.0, 0.0]","[0.0, 0.0, 0.0]",0,0.0,0,32.4595059967041,"[0.0, 5.46264648348, 0.39672851556]","[0, 0, 0]",0,3,0.0,0.0,0.0,0,0,0,4294967.295,3750001.92,0,4715,0,8.49512767791748,1.8271825313568115,0.0,0,state.GROUND_TESTING,70,-24,0,-23,0.0,0,0,"[10.4, 0.5, 17.6, 10.8, 15.9, 17.0, 0, 0]","[13.482, 13.838, 13.838]",-23.556,"[2.9968000000000004, 3.3136, 5.0, 7.36, 8.4368, 27.824]","[0.03625, 0.553125, -0.00125, 0.003125, 0.005, 0.02125]",0,0,0.0,"[1, 1, 1, 1, 1, 1]",8.687996785170697,0.0,0.0,0,0.0
1774904461.8683455,"[1, 1, 1, 1, 1, 1]","[1291, 1500, 1500, 1500]","[-25.08, 0.0, 0.0, 0.0]","[0.0, 0.0, 0.0]",0,0.0,0,32.48136573791504,"[0.0, 2.34985351524, -0.36621093744]","[0, 0, 0]",0,3,0.0,0.0,0.0,0,0,0,4294967.295,3750001.92,0,4775,0,8.49967098236084,1.893121361732483,0.0,0,state.GROUND_TESTING,71,-24,0,-24,0.0,0,0,"[10.6, 0.5, 17.0, 10.8, 15.5, 16.5, 0, 0]","[3.637, 3.638, 3.638]",0.284,"[2.9952, 3.3104, 5.0032000000000005, 7.3616, 8.4656, 27.832]","[0.03375, 0.24, -0.005, 0.005, 0.000625, 0.023125]",0,0,29.5,"[1, 1, 1, 1, 1, 1]",8.706433511869564,0.0,0.0,0,0.0
1774904461.9239004,"[1, 1, 1, 1, 1, 1]","[1291, 1500, 1500, 1500]","[-25.08, 0.0, 0.0, 0.0]","[0.0, 0.0, 0.0]",0,0.0,0,32.46387794494629,"[0.0, -1.25122070292, -4.08935546808]","[0, 0, 0]",0,3,0.0,0.0,0.0,0,0,0,4294967.295,3750001.92,0,4835,0,8.441396713256836,1.7942509651184082,0.0,0,state.GROUND_TESTING,72,-25,0,-24,0.0,0,0,"[10.4, 0.5, 17.0, 11.1, 15.9, 17.0, 0, 0]","[3.637, 3.638, 3.638]",0.284,"[2.9952, 3.3104, 5.0032000000000005, 7.3616, 8.4656, 27.832]","[0.03375, 0.24, -0.005, 0.005, 0.000625, 0.023125]",0,0,29.5,"[1, 1, 1, 1, 1, 1]",8.628625993699925,0.0,0.0,0,0.0
1774904461.9773965,"[1, 1, 1, 1, 1, 1]","[1291, 1500, 1500, 1500]","[-25.08, 0.0, 0.0, 0.0]","[0.0, 0.0, 0.0]",0,0.0,0,32.46824989318848,"[0.0, 5.8898925771599995, 7.4768066393999995]","[0, 0, 0]",0,3,0.0,0.0,0.0,0,0,0,4294967.295,3750001.92,0,4889,0,8.609716415405273,1.9322603940963745,0.0,0,state.GROUND_TESTING,73,-26,0,-24,0.0,0,0,"[10.4, 0.5, 15.9, 10.4, 17.0, 16.5, 0, 0]","[3.637, 3.638, 3.638]",0.284,"[2.9968000000000004, 3.3120000000000003, 5.0032000000000005, 7.3664000000000005, 8.4448, 27.8256]","[0.028125, 0.249375, -0.00125, 0.0, -0.001875, -0.000625]",0,0,29.5,"[1, 1, 1, 1, 1, 1]",8.82228429191903,0.0,0.0,0,0.0
1774904462.0374722,"[1, 1, 1, 1, 1, 1]","[1291, 1500, 1500, 1500]","[-25.08, 0.0, 0.0, 0.0]","[0.0, 0.0, 0.0]",0,0.0,0,32.42890235900879,"[0.0, -6.7443847645199995, 3.93676757748]","[0, 0, 0]",0,3,0.0,0.0,0.0,0,0,0,4294967.295,3750001.92,0,4949,0,8.588653564453125,2.115992307662964,0.0,0,state.GROUND_TESTING,74,-26,0,-25,0.0,0,0,"[10.6, 0.5, 16.5, 10.6, 15.5, 15.9, 0, 0]","[3.637, 3.638, 3.638]",0.284,"[2.9952, 3.3136, 5.0016, 7.364800000000001, 8.4512, 27.8256]","[0.030625, 0.22625, -0.003125, -0.00625, -0.00125, -0.005625]",0,0,29.5,"[1, 1, 1, 1, 1, 1]",8.84357416837638,0.0,0.0,0,0.0
1774904462.0970972,"[1, 1, 1, 1, 1, 1]","[1291, 1500, 1500, 1500]","[-25.08, 0.0, 0.0, 0.0]","[0.0, 0.0, 0.0]",0,0.0,0,32.48136573791504,"[0.0, -10.46752929516, -5.9509277334]","[0, 0, 0]",0,3,0.0,0.0,0.0,0,0,0,4294967.295,3750001.92,0,5009,0,8.47605037689209,2.2643299102783203,0.0,0,state.GROUND_TESTING,75,-27,0,-26,0.0,0,0,"[10.8, 0.5, 17.6, 10.6, 15.5, 16.5, 0, 0]","[3.637, 3.638, 3.638]",0.284,"[2.9952, 3.3136, 5.0016, 7.364800000000001, 8.4512, 27.8256]","[0.030625, 0.22625, -0.003125, -0.00625, -0.00125, -0.005625]",0,0,29.5,"[1, 1, 1, 1, 1, 1]",8.771154937125315,0.0,0.0,0,0.0
1774904462.1576352,"[1, 1, 1, 1, 1, 1]","[1291, 1500, 1500, 1500]","[-25.08, 0.0, 0.0, 0.0]","[0.0, 0.0, 0.0]",0,0.0,0,32.46387794494629,"[0.0, -0.4577636718, 6.53076171768]","[0, 0, 0]",0,3,0.0,0.0,0.0,0,0,0,4294967.295,3750001.92,0,5069,0,8.750988006591797,2.175198793411255,0.0,0,state.GROUND_TESTING,76,-30,0,-28,0.0,0,0,"[10.8, 0.5, 16.5, 10.4, 15.5, 15.5, 0, 0]","[3.637, 3.638, 3.638]",0.284,"[2.9952, 3.3120000000000003, 5.0064, 7.3584000000000005, 8.448, 27.8256]","[0.03375, 0.25375000000000003, -0.004375, -0.00125, -0.00125, -0.00125]",0,0,29.5,"[1, 1, 1, 1, 1, 1]",9.015233146282926,0.0,0.0,0,0.0
1774904462.2131746,"[1, 1, 1, 1, 1, 1]","[1291, 1500, 1500, 1500]","[-25.08, 0.0, 0.0, 0.0]","[0.0, 0.0, 0.0]",0,0.0,0,32.455134048461915,"[0.0, 10.04028320148, -2.5939941402]","[0, 0, 0]",0,3,0.0,0.0,0.0,0,0,0,4294967.295,3750001.92,0,5123,0,8.602465629577637,2.0985450744628906,0.0,0,state.GROUND_TESTING,77,-29,0,-29,0.0,0,0,"[10.6, 0.5, 16.5, 10.8, 15.5, 17.0, 0, 0]","[3.637, 3.638, 3.638]",0.284,"[2.9952, 3.3120000000000003, 5.0064, 7.3584000000000005, 8.448, 27.8256]","[0.03375, 0.25375000000000003, -0.004375, -0.00125, -0.00125, -0.00125]",0,0,29.5,"[1, 1, 1, 1, 1, 1]",8.852861802215124,0.0,0.0,0,0.0
1774904462.2721758,"[1, 1, 1, 1, 1, 1]","[1291, 1500, 1500, 1500]","[-25.08, 0.0, 0.0, 0.0]","[0.0, 0.0, 0.0]",0,0.0,0,32.46824989318848,"[0.0, 5.46264648348, -0.54931640616]","[0, 0, 0]",0,3,0.0,0.0,0.0,0,0,0,4294967.295,3750001.92,0,5183,0,8.554671287536621,2.063965082168579,0.0,0,state.GROUND_TESTING,78,-30,0,-28,0.0,0,0,"[10.4, 0.5, 16.5, 10.4, 16.5, 16.5, 0, 0]","[3.637, 3.638, 3.638]",0.284,"[2.9952, 3.3120000000000003, 5.0032000000000005, 7.3616, 8.432, 27.8272]","[0.031875, 0.278125, -0.0025, -0.003125, -0.000625, -0.0025]",0,0,29.5,"[1, 1, 1, 1, 1, 1]",8.798332094384905,0.0,0.0,0,0.0
1774904462.3317106,"[1, 1, 1, 1, 1, 1]","[1291, 1500, 1500, 1500]","[-25.08, 0.0, 0.0, 0.0]","[0.0, 0.0, 0.0]",0,0.0,0,32.47699378967285,"[0.0, -5.7678222646799995, -16.38793945044]","[0, 0, 0]",0,3,0.0,0.0,0.0,0,0,0,4294967.295,3750001.92,0,5243,0,8.309245109558105,2.378037691116333,0.0,0,state.GROUND_TESTING,79,-30,0,-29,0.0,0,0,"[10.4, 0.5, 17.0, 10.8, 16.5, 16.5, 0, 0]","[3.637, 3.638, 3.638]",0.284,"[2.9952, 3.3120000000000003, 5.0032000000000005, 7.3616, 8.432, 27.8272]","[0.031875, 0.278125, -0.0025, -0.003125, -0.000625, -0.0025]",0,0,29.5,"[1, 1, 1, 1, 1, 1]",8.640538860449684,0.0,0.0,0,0.0
1774904462.3927085,"[1, 1, 1, 1, 1, 1]","[1291, 1500, 1500, 1500]","[-25.08, 0.0, 0.0, 0.0]","[0.0, 0.0, 0.0]",0,0.0,0,32.46387794494629,"[0.0, -5.9509277334, 9.338378904719999]","[0, 0, 0]",0,3,0.0,0.0,0.0,0,0,0,4294967.295,3750001.92,0,5303,0,8.597413063049316,2.4627187252044678,0.0,0,state.GROUND_TESTING,80,-28,0,-28,0.0,0,0,"[10.6, 0.5, 15.9, 10.8, 16.5, 16.5, 0, 0]","[3.637, 3.638, 3.638]",0.284,"[2.9936000000000003, 3.3136, 5.0032000000000005, 7.3664000000000005, 8.4304, 27.8256]","[0.03, 0.626875, -0.000625, 0.006875, 0.000625, 0.0175]",0,0,29.5,"[1, 1, 1, 1, 1, 1]",8.940632036468113,0.0,0.0,0,0.0
1774904462.4455137,"[1, 1, 1, 1, 1, 1]","[1291, 1500, 1500, 1500]","[-25.08, 0.0, 0.0, 0.0]","[0.0, 0.0, 0.0]",0,0.0,0,32.4595059967041,"[0.0, -2.5939941402, -3.5095214838]","[0, 0, 0]",0,3,0.0,0.0,0.0,0,0,0,4294967.295,3750001.92,0,5357,0,9.538642883300781,2.6568963527679443,0.0,0,state.GROUND_TESTING,81,-27,0,-26,0.0,0,0,"[10.6, 0.5, 16.5, 10.8, 15.0, 17.0, 0, 0]","[3.637, 3.638, 3.638]",0.284,"[2.9936000000000003, 3.3136, 5.0032000000000005, 7.3664000000000005, 8.4304, 27.8256]","[0.03, 0.626875, -0.000625, 0.006875, 0.000625, 0.0175]",0,0,29.5,"[1, 1, 1, 1, 1, 1]",9.898457450707022,0.0,0.0,0,0.0
1774904462.5057137,"[1, 1, 1, 1, 1, 1]","[1291, 1500, 1500, 1500]","[-25.08, 0.0, 0.0, 0.0]","[0.0, 0.0, 0.0]",0,0.0,0,32.46387794494629,"[0.0, 0.1525878906, 12.69531249792]","[0, 0, 0]",0,3,0.0,0.0,0.0,0,0,0,4294967.295,3750001.92,0,5417,0,9.565790176391602,2.8637967109680176,0.0,0,state.GROUND_TESTING,82,-27,0,-26,0.0,0,0,"[10.8, 0.5, 16.5, 10.6, 16.5, 15.9, 0, 0]","[3.637, 3.638, 3.638]",0.284,"[2.9952, 3.3152000000000004, 5.0048, 7.3632, 8.4544, 27.822400000000002]","[0.03125, 0.5825, 0.000625, 0.00375, 0.00125, 0.0175]",0,0,29.5,"[1, 1, 1, 1, 1, 1]",9.981448687073916,0.0,0.0,0,0.0
1774904462.571247,"[1, 1, 1, 1, 1, 1]","[1291, 1500, 1500, 1500]","[-25.08, 0.0, 0.0, 0.0]","[0.0, 0.0, 0.0]",0,0.0,0,32.46824989318848,"[0.0, -2.16674804652, -6.5002441395599995]","[0, 0, 0]",0,3,0.0,0.0,0.0,0,0,0,4294967.295,3750001.92,0,5477,0,9.526139259338379,2.993184804916382,0.0,0,state.GROUND_TESTING,83,-27,0,-26,0.0,0,0,"[10.4, 0.5, 17.0, 10.6, 15.5, 15.9, 0, 0]","[3.637, 3.638, 3.638]",0.284,"[2.9952, 3.3152000000000004, 5.0048, 7.3632, 8.4544, 27.822400000000002]","[0.03125, 0.5825, 0.000625, 0.00375, 0.00125, 0.0175]",0,0,29.5,"[1, 1, 1, 1, 1, 1]",9.98117045697503,0.0,0.0,0,0.0
1774904462.630779,"[1, 1, 1, 1, 1, 1]","[1291, 1500, 1500, 1500]","[-25.08, 0.0, 0.0, 0.0]","[0.0, 0.0, 0.0]",0,0.0,0,32.46824989318848,"[0.0, -10.10131835772, -6.5002441395599995]","[0, 0, 0]",0,3,0.0,0.0,0.0,0,0,0,4294967.295,3750001.92,0,5537,0,9.559097290039062,3.178769826889038,0.0,0,state.GROUND_TESTING,84,-26,0,-26,0.0,0,0,"[10.6, 0.5, 17.6, 10.6, 15.9, 17.0, 0, 0]","[3.637, 3.638, 3.638]",0.284,"[2.9936000000000003, 3.3120000000000003, 5.0032000000000005, 7.36, 8.4336, 27.8288]","[0.030625, 0.2475, -0.008125, 0.000625, -0.0025, -0.000625]",0,0,29.5,"[1, 1, 1, 1, 1, 1]",10.069109791101555,0.0,0.0,0,0.0
1774904462.6797938,"[1, 1, 1, 1, 1, 1]","[1291, 1500, 1500, 1500]","[-25.08, 0.0, 0.0, 0.0]","[0.0, 0.0, 0.0]",0,0.0,0,32.46824989318848,"[0.0, -3.99780273372, -5.1879882804]","[0, 0, 0]",0,3,0.0,0.0,0.0,0,0,0,4294967.295,3750001.92,0,5591,0,9.739615440368652,3.2507362365722656,0.0,0,state.GROUND_TESTING,85,-26,0,-26,0.0,0,0,"[10.6, 0.5, 15.9, 10.6, 16.5, 15.9, 0, 0]","[3.637, 3.638, 3.638]",0.284,"[2.9936000000000003, 3.3120000000000003, 5.0032000000000005, 7.36, 8.4336, 27.8288]","[0.030625, 0.2475, -0.008125, 0.000625, -0.0025, -0.000625]",0,0,29.5,"[1, 1, 1, 1, 1, 1]",10.262816007952063,0.0,0.0,0,0.0
1774904462.7393162,"[1, 1, 1, 1, 1, 1]","[1291, 1500, 1500, 1500]","[-25.08, 0.0, 0.0, 0.0]","[0.0, 0.0, 0.0]",0,0.0,0,32.46387794494629,"[0.0, -2.41088867148, -1.8310546872]","[0, 0, 0]",0,3,0.0,0.0,0.0,0,0,0,4294967.295,3750001.92,0,5651,0,9.601375579833984,3.272092580795288,0.0,0,state.GROUND_TESTING,86,-26,0,-26,0.0,0,0,"[10.6, 0.5, 16.5, 10.6, 15.9, 16.5, 0, 0]","[3.637, 3.638, 3.638]",0.284,"[2.9952, 3.3104, 5.0016, 7.368, 8.464, 27.8272]","[0.029375000000000002, 0.254375, -0.00625, -0.000625, 0.000625, -0.00125]",0,0,29.5,"[1, 1, 1, 1, 1, 1]",10.138667256222272,0.0,0.0,0,0.0
1774904462.8048513,"[1, 1, 1, 1, 1, 1]","[1291, 1500, 1500, 1500]","[-25.08, 0.0, 0.0, 0.0]","[0.0, 0.0, 0.0]",0,0.0,0,32.4595059967041,"[0.0, 7.8430175768399994, -2.41088867148]","[0, 0, 0]",0,3,0.0,0.0,0.0,0,0,0,4294967.295,3750001.92,0,5711,0,9.845010757446289,3.197654962539673,0.0,0,state.GROUND_TESTING,87,-26,0,-25,0.0,0,0,"[10.4, 0.5, 16.5, 10.6, 15.5, 17.6, 0, 0]","[3.637, 3.638, 3.638]",0.284,"[2.9968000000000004, 3.3120000000000003, 5.0016, 7.3696, 8.441600000000001, 27.8272]","[0.038125, 0.25375000000000003, -0.0025, -0.000625, -0.00125, -0.00375]",0,0,29.5,"[1, 1, 1, 1, 1, 1]",10.346418911325804,0.0,0.0,0,0.0
1774904462.8598688,"[1, 1, 1, 1, 1, 1]","[1291, 1500, 1500, 1500]","[-25.08, 0.0, 0.0, 0.0]","[0.0, 0.0, 0.0]",0,0.0,0,32.48136573791504,"[0.0, -0.03051757812, -10.58959960764]","[0, 0, 0]",0,3,0.0,0.0,0.0,0,0,0,4294967.295,3750001.92,0,5771,0,9.55752182006836,3.2593047618865967,0.0,0,state.GROUND_TESTING,88,-25,0,-24,0.0,0,0,"[10.4, 0.5, 17.0, 10.6, 16.5, 16.5, 0, 0]","[3.637, 3.638, 3.638]",0.284,"[2.9968000000000004, 3.3120000000000003, 5.0016, 7.3696, 8.441600000000001, 27.8272]","[0.038125, 0.25375000000000003, -0.0025, -0.000625, -0.00125, -0.00375]",0,0,29.5,"[1, 1, 1, 1, 1, 1]",10.093094431399539,0.0,0.0,0,0.0
1774904462.9140677,"[1, 1, 1, 1, 1, 1]","[1291, 1500, 1500, 1500]","[-25.08, 0.0, 0.0, 0.0]","[0.0, 0.0, 0.0]",0,0.0,0,32.472621841430666,"[0.0, 7.2326660144399995, 10.25390624832]","[0, 0, 0]",0,3,0.0,0.0,0.0,0,0,0,4294967.295,3750001.92,0,5825,0,10.007828712463379,3.1599771976470947,0.0,0,state.GROUND_TESTING,89,-25,0,-24,0.0,0,0,"[10.4, 0.5, 16.5, 10.4, 17.0, 17.0, 0, 0]","[3.637, 3.638, 3.638]",0.284,"[2.9952, 3.3136, 5.0, 7.3664000000000005, 8.4512, 27.8288]","[0.029375000000000002, 0.26875, -0.003125, -0.00125, -0.004375, -0.003125]",0,0,29.5,"[1, 1, 1, 1, 1, 1]",10.490010177442871,0.0,0.0,0,0.0
1774904462.9739218,"[1, 1, 1, 1, 1, 1]","[1291, 1500, 1500, 1500]","[-25.08, 0.0, 0.0, 0.0]","[0.0, 0.0, 0.0]",0,0.0,0,32.47699378967285,"[0.0, 10.58959960764, 11.56616210748]","[0, 0, 0]",0,3,0.0,0.0,0.0,0,0,0,4294967.295,3750001.92,0,5885,0,9.934632301330566,3.133089065551758,0.0,0,state.GROUND_TESTING,90,-24,0,-24,0.0,0,0,"[10.4, 0.5, 16.5, 10.4, 15.5, 15.9, 0, 0]","[3.637, 3.638, 3.638]",0.284,"[2.9952, 3.3136, 5.0, 7.3664000000000005, 8.4512, 27.8288]","[0.029375000000000002, 0.26875, -0.003125, -0.00125, -0.004375, -0.003125]",0,0,29.5,"[1, 1, 1, 1, 1, 1]",10.412231956101985,0.0,0.0,0,0.0
