timestamp,pyros,servos,servos_deg,accelerometer,barofilteredalt,temp,gyro,gps_fix,lat,lon,gpsalt,gps_horiz_prec,gps_vert_prec,gps_num_sat,flight_time,yaw_gyro_int,pitch_gyro_int,roll_gyro_int,state,pktnum,rssi,armed_pyros,fired_pyros,badpackets,rxrssi,accel_integrated_velo,baro_max_alt,gps_max_alt,pyro_resistances,cell_voltages,total_current,converter_voltages,converter_currents,bms_protections_enabled,bms_protection_status,bms_temp,enabled_status,angleFromVertical,gnd_lat,gnd_lon,gnd_fix,gnd_alt
1775336059.618312,"[1, 1, 1, 1, 1, 1]","[1500, 1500, 1495, 1350]","[np.float64(0.0), np.float64(0.0), np.float64(-0.5), np.float64(-15.0)]","[-0.42061334765624997, 9.65725181640625, 1.47176364453125]",0.0,30.38283058166504,"[0.0, 9.24682617036, 19.89746093424]",3,0.0,0.0,0.0,4294967.295,3750003.968,0,274169,328.4533386230469,-249.34683227539062,0.0,state.GROUND_TESTING,4676,-23,"[0, 0, 0, 0, 0, 0, 0, 0]","[0, 0, 0, 0, 0, 0, 0, 0]",0,-23,0.0,0,0,"[10.4, 1.2, 17.0, 10.4, 16.5, 15.9, 0, 0]","[4.068, 4.066, 4.061]",0.785,"[2.9952, 3.3104, 5.0064, 7.368, 8.443200000000001, 27.820800000000002]","[0.005, 0.2575, 0.6975, 0.0025, -0.003125, 0.145]",132,0,29.0,"[np.True_, np.True_, np.True_, np.True_, np.True_, np.True_]",107.4927204586199,0.0,0.0,False,0.0
1775336059.691613,"[1, 1, 1, 1, 1, 1]","[1500, 1500, 1495, 1350]","[np.float64(0.0), np.float64(0.0), np.float64(-0.5), np.float64(-15.0)]","[-0.38843527734375, 9.69862362109375, 1.19288703515625]",0.0,30.422178115844726,"[0.0, 4.9133300773199995, -9.36889648284]",3,0.0,0.0,0.0,4294967.295,3750003.968,0,274223,328.5364685058594,-249.08836364746094,0.0,state.GROUND_TESTING,4677,-23,"[0, 0, 0, 0, 0, 0, 0, 0]","[0, 0, 0, 0, 0, 0, 0, 0]",0,-23,0.0,0,0,"[10.8, 1.2, 16.5, 10.6, 16.5, 16.5, 0, 0]","[4.068, 4.066, 4.061]",0.785,"[2.9952, 3.3104, 5.0064, 7.368, 8.443200000000001, 27.820800000000002]","[0.005, 0.2575, 0.6975, 0.0025, -0.003125, 0.145]",132,0,29.0,"[np.True_, np.True_, np.True_, np.True_, np.True_, np.True_]",107.72505074969395,0.0,0.0,False,0.0
1775336059.733828,"[1, 1, 1, 1, 1, 1]","[1500, 1500, 1495, 1350]","[np.float64(0.0), np.float64(0.0), np.float64(-0.5), np.float64(-15.0)]","[-0.3723462421875, 9.56378218359375, 1.2978488359375]",0.0,30.400318374633787,"[0.0, 2.71606445268, -8.63647460796]",3,0.0,0.0,0.0,4294967.295,3750003.968,0,274283,328.2380065917969,-248.79476928710938,0.0,state.GROUND_TESTING,4678,-23,"[0, 0, 0, 0, 0, 0, 0, 0]","[0, 0, 0, 0, 0, 0, 0, 0]",0,-23,0.0,0,0,"[10.8, 1.2, 17.0, 10.6, 16.5, 17.0, 0, 0]","[4.069, 4.066, 4.061]",0.89,"[2.9952, 3.3120000000000003, 5.0048, 7.3664000000000005, 8.440000000000001, 27.8272]","[0.029375000000000002, 0.389375, 0.606875, 0.0, -0.001875, 0.14125000000000001]",132,0,29.0,"[np.True_, np.True_, np.True_, np.True_, np.True_, np.True_]",107.91108911954457,0.0,0.0,False,0.0
1775336059.79442,"[1, 1, 1, 1, 1, 1]","[1500, 1500, 1495, 1350]","[np.float64(0.0), np.float64(0.0), np.float64(-0.5), np.float64(-15.0)]","[-0.5692453867187499, 9.727737113281249, 1.026633671875]",0.0,30.41343421936035,"[0.0, -3.2043457026, -8.42285156112]",3,0.0,0.0,0.0,4294967.295,3750003.968,0,274343,328.6878662109375,-249.02305603027344,0.0,state.GROUND_TESTING,4679,-23,"[0, 0, 0, 0, 0, 0, 0, 0]","[0, 0, 0, 0, 0, 0, 0, 0]",0,-23,0.0,0,0,"[10.6, 1.3, 15.9, 10.8, 15.0, 17.6, 0, 0]","[4.069, 4.066, 4.061]",0.89,"[2.9952, 3.3120000000000003, 5.0048, 7.3664000000000005, 8.440000000000001, 27.8272]","[0.029375000000000002, 0.389375, 0.606875, 0.0, -0.001875, 0.14125000000000001]",132,0,29.0,"[np.True_, np.True_, np.True_, np.True_, np.True_, np.True_]",107.80932373592931,0.0,0.0,False,0.0
1775336059.858214,"[1, 1, 1, 1, 1, 1]","[1500, 1500, 1495, 1350]","[np.float64(0.0), np.float64(0.0), np.float64(-0.5), np.float64(-15.0)]","[-0.37464467578124994, 9.6089847109375, 1.3016795585937497]",0.0,30.395946426391603,"[0.0, 3.14331054636, 0.33569335932]",3,0.0,0.0,0.0,4294967.295,3750003.968,0,274403,328.6121826171875,-249.09815979003906,0.0,state.GROUND_TESTING,4680,-23,"[0, 0, 0, 0, 0, 0, 0, 0]","[0, 0, 0, 0, 0, 0, 0, 0]",0,-23,0.0,0,0,"[10.4, 1.3, 16.5, 10.2, 15.9, 17.6, 0, 0]","[4.069, 4.066, 4.061]",0.89,"[2.9936000000000003, 3.3104, 5.008, 7.3712, 8.4448, 27.822400000000002]","[0.023125, 0.6725, 0.735, -0.003125, 0.006875, 0.169375]",132,0,29.0,"[np.True_, np.True_, np.True_, np.True_, np.True_, np.True_]",107.73164208827602,0.0,0.0,False,0.0
1775336059.905062,"[1, 1, 1, 1, 1, 1]","[1500, 1500, 1495, 1350]","[np.float64(0.0), np.float64(0.0), np.float64(-0.5), np.float64(-15.0)]","[-0.31794998046875, 9.6151138671875, 1.18982245703125]",0.0,30.400318374633787,"[0.0, 4.0588378899599995, -6.5612792958]",3,0.0,0.0,0.0,4294967.295,3750003.968,0,274457,328.7364807128906,-249.00973510742188,0.0,state.GROUND_TESTING,4681,-23,"[0, 0, 0, 0, 0, 0, 0, 0]","[0, 0, 0, 0, 0, 0, 0, 0]",0,-23,0.0,0,0,"[10.2, 1.2, 17.0, 10.4, 16.5, 16.5, 0, 0]","[4.069, 4.066, 4.061]",0.89,"[2.9936000000000003, 3.3104, 5.008, 7.3712, 8.4448, 27.822400000000002]","[0.023125, 0.6725, 0.735, -0.003125, 0.006875, 0.169375]",132,0,29.0,"[np.True_, np.True_, np.True_, np.True_, np.True_, np.True_]",107.82998476977849,0.0,0.0,False,0.0
1775336059.978133,"[1, 1, 1, 1, 1, 1]","[1500, 1500, 1495, 1350]","[np.float64(0.0), np.float64(0.0), np.float64(-0.5), np.float64(-15.0)]","[-0.401459734375, 9.70934964453125, 1.1767979999999998]",0.0,30.400318374633787,"[0.0, 1.31225585916, -2.50244140584]",3,0.0,0.0,0.0,4294967.295,3750003.968,0,274517,328.5988464355469,-248.88827514648438,0.0,state.GROUND_TESTING,4682,-23,"[0, 0, 0, 0, 0, 0, 0, 0]","[0, 0, 0, 0, 0, 0, 0, 0]",0,-23,0.0,0,0,"[10.0, 1.2, 15.9, 10.6, 16.5, 15.9, 0, 0]","[4.069, 4.066, 4.061]",0.89,"[2.9952, 3.3120000000000003, 5.008, 7.3696, 8.4448, 27.817600000000002]","[0.02875, 0.6425, 0.606875, 0.000625, 0.0075, 0.170625]",132,0,29.0,"[np.True_, np.True_, np.True_, np.True_, np.True_, np.True_]",107.90470353690365,0.0,0.0,False,0.0
1775336060.0265641,"[1, 1, 1, 1, 1, 1]","[1500, 1500, 1495, 1350]","[np.float64(0.0), np.float64(0.0), np.float64(-0.5), np.float64(-15.0)]","[-0.42674250390625, 9.58063736328125, 1.22353281640625]",0.0,30.391574478149415,"[0.0, -6.5612792958, -1.3732910154]",3,0.0,0.0,0.0,4294967.295,3750003.968,0,274577,328.7590637207031,-248.9071807861328,0.0,state.GROUND_TESTING,4683,-23,"[0, 0, 0, 0, 0, 0, 0, 0]","[0, 0, 0, 0, 0, 0, 0, 0]",0,-23,0.0,0,0,"[10.8, 1.3, 17.0, 10.8, 15.5, 16.5, 0, 0]","[4.069, 4.066, 4.061]",0.89,"[2.9952, 3.3120000000000003, 5.008, 7.3696, 8.4448, 27.817600000000002]","[0.02875, 0.6425, 0.606875, 0.000625, 0.0075, 0.170625]",132,0,29.0,"[np.True_, np.True_, np.True_, np.True_, np.True_, np.True_]",107.92038195569864,0.0,0.0,False,0.0
1775336060.095464,"[1, 1, 1, 1, 1, 1]","[1500, 1500, 1495, 1350]","[np.float64(0.0), np.float64(0.0), np.float64(-0.5), np.float64(-15.0)]","[-0.35549106249999995, 9.503256765625, 1.204379203125]",0.0,30.422178115844726,"[0.0, 3.26538085884, -2.10571289028]",3,0.0,0.0,0.0,4294967.295,3750003.968,0,274637,328.8377685546875,-248.90834045410156,0.0,state.GROUND_TESTING,4684,-23,"[0, 0, 0, 0, 0, 0, 0, 0]","[0, 0, 0, 0, 0, 0, 0, 0]",0,-23,0.0,0,0,"[10.6, 1.3, 17.6, 10.8, 15.9, 16.5, 0, 0]","[4.069, 4.066, 4.061]",0.89,"[2.992, 3.3104, 5.008, 7.3632, 8.4448, 27.817600000000002]","[0.005, 0.243125, 0.658125, -0.001875, -0.000625, 0.15687500000000001]",132,0,29.0,"[np.True_, np.True_, np.True_, np.True_, np.True_, np.True_]",107.93483107922698,0.0,0.0,False,0.0
1775336060.140438,"[1, 1, 1, 1, 1, 1]","[1500, 1500, 1495, 1350]","[np.float64(0.0), np.float64(0.0), np.float64(-0.5), np.float64(-15.0)]","[-0.42904093749999994, 9.79209325390625, 1.247283296875]",0.0,30.395946426391603,"[0.0, -13.82446288836, -5.24902343664]",3,0.0,0.0,0.0,4294967.295,3750003.968,0,274691,328.80267333984375,-248.75601196289062,0.0,state.GROUND_TESTING,4685,-23,"[0, 0, 0, 0, 0, 0, 0, 0]","[0, 0, 0, 0, 0, 0, 0, 0]",0,-23,0.0,0,0,"[10.4, 1.2, 16.5, 10.6, 15.0, 17.0, 0, 0]","[4.069, 4.066, 4.061]",0.89,"[2.992, 3.3104, 5.008, 7.3632, 8.4448, 27.817600000000002]","[0.005, 0.243125, 0.658125, -0.001875, -0.000625, 0.15687500000000001]",132,0,29.0,"[np.True_, np.True_, np.True_, np.True_, np.True_, np.True_]",108.0557141242411,0.0,0.0,False,0.0
1775336060.208131,"[1, 1, 1, 1, 1, 1]","[1500, 1500, 1495, 1350]","[np.float64(0.0), np.float64(0.0), np.float64(-0.5), np.float64(-15.0)]","[-0.43133937109375, 9.668743984375, 1.299381125]",0.0,30.374086685180664,"[0.0, -8.392333983, 10.16235351396]",3,0.0,0.0,0.0,4294967.295,3750003.968,0,274751,328.5845031738281,-248.7499237060547,0.0,state.GROUND_TESTING,4686,-23,"[0, 0, 0, 0, 0, 0, 0, 0]","[0, 0, 0, 0, 0, 0, 0, 0]",0,-23,0.0,0,0,"[11.1, 1.2, 15.9, 10.8, 15.5, 15.9, 0, 0]","[4.069, 4.066, 4.061]",0.89,"[2.9936000000000003, 3.3104, 5.008, 7.356800000000001, 8.443200000000001, 27.824]","[0.008125, 0.265625, 0.660625, 0.00375, 0.00125, 0.145]",132,0,29.0,"[np.True_, np.True_, np.True_, np.True_, np.True_, np.True_]",108.01760765112215,0.0,0.0,False,0.0
1775336060.276497,"[1, 1, 1, 1, 1, 1]","[1500, 1500, 1495, 1350]","[np.float64(0.0), np.float64(0.0), np.float64(-0.5), np.float64(-15.0)]","[-0.35932178515625, 9.353092437499999, 1.1124418593749998]",0.0,30.426550064086914,"[0.0, -7.29370117068, -4.15039062432]",3,0.0,0.0,0.0,4294967.295,3750003.968,0,274811,328.93304443359375,-248.77923583984375,0.0,state.GROUND_TESTING,4687,-23,"[0, 0, 0, 0, 0, 0, 0, 0]","[0, 0, 0, 0, 0, 0, 0, 0]",0,-23,0.0,0,0,"[11.1, 1.3, 17.0, 10.8, 15.5, 17.0, 0, 0]","[4.069, 4.067, 4.062]",0.778,"[2.9968000000000004, 3.3120000000000003, 5.0048, 7.36, 8.4464, 27.824]","[0.001875, 0.226875, 0.82125, -0.005, -0.003125, 0.143125]",132,0,29.0,"[np.True_, np.True_, np.True_, np.True_, np.True_, np.True_]",108.06189943873444,0.0,0.0,False,0.0
1775336060.327714,"[1, 1, 1, 1, 1, 1]","[1500, 1500, 1495, 1350]","[np.float64(0.0), np.float64(0.0), np.float64(-0.5), np.float64(-15.0)]","[-0.39916130078124995, 9.73386626953125, 1.2580093203125]",0.0,30.409062271118163,"[0.0, -5.340576171, 5.73730468656]",3,0.0,0.0,0.0,4294967.295,3750003.968,0,274871,328.86468505859375,-248.5357208251953,0.0,state.GROUND_TESTING,4688,-23,"[0, 0, 0, 0, 0, 0, 0, 0]","[0, 0, 0, 0, 0, 0, 0, 0]",0,-23,0.0,0,0,"[11.1, 1.3, 15.9, 10.6, 16.5, 17.6, 0, 0]","[4.069, 4.067, 4.062]",0.778,"[2.9968000000000004, 3.3120000000000003, 5.0048, 7.36, 8.4464, 27.824]","[0.001875, 0.226875, 0.82125, -0.005, -0.003125, 0.143125]",132,0,29.0,"[np.True_, np.True_, np.True_, np.True_, np.True_, np.True_]",108.2527643897352,0.0,0.0,False,0.0
1775336060.37971,"[1, 1, 1, 1, 1, 1]","[1500, 1500, 1495, 1350]","[np.float64(0.0), np.float64(0.0), np.float64(-0.5), np.float64(-15.0)]","[-0.47424346484375, 9.7039866328125, 1.201314625]",0.0,30.404690322875975,"[0.0, 1.12915039044, 7.5988769518799995]",3,0.0,0.0,0.0,4294967.295,3750003.968,0,274925,329.111328125,-248.66629028320312,0.0,state.GROUND_TESTING,4689,-23,"[0, 0, 0, 0, 0, 0, 0, 0]","[0, 0, 0, 0, 0, 0, 0, 0]",0,-23,0.0,0,0,"[10.8, 1.3, 16.5, 10.6, 16.5, 17.0, 0, 0]","[4.069, 4.067, 4.062]",0.778,"[2.9952, 3.3088, 5.0064, 7.364800000000001, 8.448, 27.819200000000002]","[0.006875, 0.27875, 0.7837500000000001, 0.0, 0.00125, 0.14375000000000002]",132,0,29.0,"[np.True_, np.True_, np.True_, np.True_, np.True_, np.True_]",108.19188481335144,0.0,0.0,False,0.0
1775336060.429981,"[1, 1, 1, 1, 1, 1]","[1500, 1500, 1495, 1350]","[np.float64(0.0), np.float64(0.0), np.float64(-0.5), np.float64(-15.0)]","[-0.39149985546875, 9.438900625, 1.173733421875]",0.0,30.395946426391603,"[0.0, -8.6975097642, -12.32910156048]",3,0.0,0.0,0.0,4294967.295,3750003.968,0,274985,328.8580322265625,-248.55093383789062,0.0,state.GROUND_TESTING,4690,-23,"[0, 0, 0, 0, 0, 0, 0, 0]","[0, 0, 0, 0, 0, 0, 0, 0]",0,-23,0.0,0,0,"[10.8, 1.2, 16.5, 10.4, 15.5, 16.5, 0, 0]","[4.069, 4.067, 4.062]",0.778,"[2.9952, 3.3088, 5.0064, 7.364800000000001, 8.448, 27.819200000000002]","[0.006875, 0.27875, 0.7837500000000001, 0.0, 0.00125, 0.14375000000000002]",132,0,29.0,"[np.True_, np.True_, np.True_, np.True_, np.True_, np.True_]",108.23867911737516,0.0,0.0,False,0.0
1775336060.5024042,"[1, 1, 1, 1, 1, 1]","[1500, 1500, 1495, 1350]","[np.float64(0.0), np.float64(0.0), np.float64(-0.5), np.float64(-15.0)]","[-0.33710359375, 9.744592292968749, 1.2763967890624999]",0.0,30.404690322875975,"[0.0, 1.49536132788, 10.34545898268]",3,0.0,0.0,0.0,4294967.295,3750003.968,0,275045,329.0496826171875,-248.8298797607422,0.0,state.GROUND_TESTING,4691,-23,"[0, 0, 0, 0, 0, 0, 0, 0]","[0, 0, 0, 0, 0, 0, 0, 0]",0,-23,0.0,0,0,"[10.4, 1.3, 16.5, 10.6, 15.9, 17.0, 0, 0]","[4.069, 4.067, 4.062]",0.778,"[2.992, 3.3136, 5.0096, 7.3696, 8.4464, 27.822400000000002]","[0.02125, 0.27375, 0.716875, -0.0025, -0.00125, 0.14625]",132,0,29.0,"[np.True_, np.True_, np.True_, np.True_, np.True_, np.True_]",108.04218381579419,0.0,0.0,False,0.0
1775336060.553622,"[1, 1, 1, 1, 1, 1]","[1500, 1500, 1495, 1350]","[np.float64(0.0), np.float64(0.0), np.float64(-0.5), np.float64(-15.0)]","[-0.45279141796875, 9.68789759765625, 1.1936531796874998]",0.0,30.404690322875975,"[0.0, -7.53784179564, -1.89208984344]",3,0.0,0.0,0.0,4294967.295,3750003.968,0,275105,328.72222900390625,-248.5741424560547,0.0,state.GROUND_TESTING,4692,-23,"[0, 0, 0, 0, 0, 0, 0, 0]","[0, 0, 0, 0, 0, 0, 0, 0]",0,-23,0.0,0,0,"[10.6, 1.3, 16.5, 11.1, 16.5, 16.5, 0, 0]","[4.069, 4.067, 4.062]",0.778,"[2.992, 3.3136, 5.0096, 7.3696, 8.4464, 27.822400000000002]","[0.02125, 0.27375, 0.716875, -0.0025, -0.00125, 0.14625]",132,0,29.0,"[np.True_, np.True_, np.True_, np.True_, np.True_, np.True_]",108.19215196039667,0.0,0.0,False,0.0
1775336060.603074,"[1, 1, 1, 1, 1, 1]","[1500, 1500, 1495, 1350]","[np.float64(0.0), np.float64(0.0), np.float64(-0.5), np.float64(-15.0)]","[-0.42291178124999995, 9.619710734375, 1.198250046875]",0.0,30.43529396057129,"[0.0, -0.27465820308, 12.63427734168]",3,0.0,0.0,0.0,4294967.295,3750003.968,0,275159,329.0606994628906,-248.76351928710938,0.0,state.GROUND_TESTING,4693,-23,"[0, 0, 0, 0, 0, 0, 0, 0]","[0, 0, 0, 0, 0, 0, 0, 0]",0,-22,0.0,0,0,"[11.1, 1.2, 16.5, 10.8, 15.9, 16.5, 0, 0]","[4.069, 4.067, 4.062]",0.778,"[2.9952, 3.3104, 5.008, 7.3712, 8.4528, 27.820800000000002]","[0.024375, 0.6743750000000001, 0.73875, 0.000625, 0.010625, 0.160625]",132,0,29.0,"[np.True_, np.True_, np.True_, np.True_, np.True_, np.True_]",108.10015424198852,0.0,0.0,False,0.0
1775336060.678826,"[1, 1, 1, 1, 1, 1]","[1500, 1500, 1495, 1350]","[np.float64(0.0), np.float64(0.0), np.float64(-0.5), np.float64(-15.0)]","[-0.36851551953124995, 9.7376969921875, 1.038891984375]",0.0,30.404690322875975,"[0.0, -1.0681152342, -6.92749023324]",3,0.0,0.0,0.0,4294967.295,3750003.968,0,275219,328.8687744140625,-248.40097045898438,0.0,state.GROUND_TESTING,4694,-23,"[0, 0, 0, 0, 0, 0, 0, 0]","[0, 0, 0, 0, 0, 0, 0, 0]",0,-22,0.0,0,0,"[10.4, 1.3, 17.6, 10.8, 16.5, 16.5, 0, 0]","[4.069, 4.067, 4.062]",0.778,"[2.9952, 3.3104, 5.008, 7.3712, 8.4528, 27.820800000000002]","[0.024375, 0.6743750000000001, 0.73875, 0.000625, 0.010625, 0.160625]",132,0,29.0,"[np.True_, np.True_, np.True_, np.True_, np.True_, np.True_]",108.36659612447899,0.0,0.0,False,0.0
1775336060.727745,"[1, 1, 1, 1, 1, 1]","[1500, 1500, 1495, 1350]","[np.float64(0.0), np.float64(0.0), np.float64(-0.5), np.float64(-15.0)]","[-0.30415937890625, 9.556886882812499, 1.48708653515625]",0.0,30.422178115844726,"[0.0, -4.97436523356, 4.94384765544]",3,0.0,0.0,0.0,4294967.295,3750003.968,0,275279,329.4919128417969,-248.44674682617188,0.0,state.GROUND_TESTING,4695,-23,"[0, 0, 0, 0, 0, 0, 0, 0]","[0, 0, 0, 0, 0, 0, 0, 0]",0,-22,0.0,0,0,"[11.1, 1.3, 15.9, 10.8, 16.5, 16.5, 0, 0]","[4.069, 4.067, 4.062]",0.778,"[2.9936000000000003, 3.3104, 5.0064, 7.368, 8.4512, 27.822400000000002]","[0.026875, 0.675625, 0.7325, 0.000625, 0.004375, 0.168125]",132,0,29.0,"[np.True_, np.True_, np.True_, np.True_, np.True_, np.True_]",108.45180184076429,0.0,0.0,False,0.0
1775336060.796478,"[1, 1, 1, 1, 1, 1]","[1500, 1500, 1495, 1350]","[np.float64(0.0), np.float64(0.0), np.float64(-0.5), np.float64(-15.0)]","[-0.5041231015625, 9.807416144531249, 1.0657070429687499]",0.0,30.430922012329102,"[0.0, -4.60815429612, 7.5988769518799995]",3,0.0,0.0,0.0,4294967.295,3750003.968,0,275339,329.5856018066406,-248.42417907714844,0.0,state.GROUND_TESTING,4696,-23,"[0, 0, 0, 0, 0, 0, 0, 0]","[0, 0, 0, 0, 0, 0, 0, 0]",0,-22,0.0,0,0,"[11.1, 1.3, 15.9, 10.8, 16.5, 18.2, 0, 0]","[4.069, 4.067, 4.062]",0.778,"[2.9936000000000003, 3.3104, 5.0064, 7.368, 8.4512, 27.822400000000002]","[0.026875, 0.675625, 0.7325, 0.000625, 0.004375, 0.168125]",132,0,29.0,"[np.True_, np.True_, np.True_, np.True_, np.True_, np.True_]",108.4892808145039,0.0,0.0,False,0.0
1775336060.845512,"[1, 1, 1, 1, 1, 1]","[1500, 1500, 1495, 1350]","[np.float64(0.0), np.float64(0.0), np.float64(-0.5), np.float64(-15.0)]","[-0.4244440703125, 9.46878026171875, 1.4020444921875]",0.0,30.422178115844726,"[0.0, 5.6457519521999995, 3.5095214838]",3,0.0,0.0,0.0,4294967.295,3750003.968,0,275393,329.9557189941406,-248.52879333496094,0.0,state.GROUND_TESTING,4697,-23,"[0, 0, 0, 0, 0, 0, 0, 0]","[0, 0, 0, 0, 0, 0, 0, 0]",0,-23,0.0,0,0,"[10.8, 1.2, 16.5, 10.8, 15.9, 17.0, 0, 0]","[4.069, 4.067, 4.062]",0.778,"[2.992, 3.3088, 5.008, 7.3616, 8.4512, 27.816000000000003]","[0.003125, 0.260625, 0.6925, 0.0, 0.009375, 0.155]",132,0,29.0,"[np.True_, np.True_, np.True_, np.True_, np.True_, np.True_]",108.47270590002273,0.0,0.0,False,0.0
1775336060.895467,"[1, 1, 1, 1, 1, 1]","[1500, 1500, 1495, 1350]","[np.float64(0.0), np.float64(0.0), np.float64(-0.5), np.float64(-15.0)]","[-0.26585215234375, 9.702454343749999, 1.1484506523437499]",0.0,30.404690322875975,"[0.0, -9.918212889, -0.4577636718]",3,0.0,0.0,0.0,4294967.295,3750003.968,0,275453,330.18341064453125,-248.36769104003906,0.0,state.GROUND_TESTING,4698,-23,"[0, 0, 0, 0, 0, 0, 0, 0]","[0, 0, 0, 0, 0, 0, 0, 0]",0,-23,0.0,0,0,"[10.8, 1.2, 17.0, 10.6, 15.9, 17.6, 0, 0]","[4.069, 4.067, 4.062]",0.778,"[2.992, 3.3088, 5.008, 7.3616, 8.4512, 27.816000000000003]","[0.003125, 0.260625, 0.6925, 0.0, 0.009375, 0.155]",132,0,29.0,"[np.True_, np.True_, np.True_, np.True_, np.True_, np.True_]",108.65371029383425,0.0,0.0,False,0.0
1775336060.9611452,"[1, 1, 1, 1, 1, 1]","[1500, 1500, 1495, 1350]","[np.float64(0.0), np.float64(0.0), np.float64(-0.5), np.float64(-15.0)]","[-0.41141961328125, 9.617412300781249, 1.3683341328124998]",0.0,30.41780616760254,"[0.0, 2.71606445268, 0.85449218736]",3,0.0,0.0,0.0,4294967.295,3750003.968,0,275513,329.986572265625,-248.32315063476562,0.0,state.GROUND_TESTING,4699,-23,"[0, 0, 0, 0, 0, 0, 0, 0]","[0, 0, 0, 0, 0, 0, 0, 0]",0,-23,0.0,0,0,"[10.8, 1.3, 16.5, 10.8, 15.9, 17.0, 0, 0]","[4.069, 4.067, 4.062]",0.778,"[2.9936000000000003, 3.3104, 5.0096, 7.3552, 8.4528, 27.820800000000002]","[0.008125, 0.264375, 0.8225, -0.00125, -0.001875, 0.145]",132,0,29.0,"[np.True_, np.True_, np.True_, np.True_, np.True_, np.True_]",108.65334843369493,0.0,0.0,False,0.0
1775336061.0286772,"[1, 1, 1, 1, 1, 1]","[1500, 1500, 1495, 1350]","[np.float64(0.0), np.float64(0.0), np.float64(-0.5), np.float64(-15.0)]","[-0.48267105468749993, 9.667977839843749, 0.9638098203125]",0.0,30.439665908813478,"[0.0, -6.5612792958, -9.36889648284]",3,0.0,0.0,0.0,4294967.295,3750003.968,0,275573,329.8113708496094,-248.4116668701172,0.0,state.GROUND_TESTING,4700,-23,"[0, 0, 0, 0, 0, 0, 0, 0]","[0, 0, 0, 0, 0, 0, 0, 0]",0,-23,0.0,0,0,"[10.8, 1.3, 15.9, 10.6, 15.9, 16.5, 0, 0]","[4.069, 4.067, 4.062]",0.778,"[2.9936000000000003, 3.3104, 5.0096, 7.3584000000000005, 8.4496, 27.822400000000002]","[0.0025, 0.246875, 0.824375, -0.003125, -0.000625, 0.14250000000000002]",132,0,29.0,"[np.True_, np.True_, np.True_, np.True_, np.True_, np.True_]",108.5440628357466,0.0,0.0,False,0.0
1775336061.077062,"[1, 1, 1, 1, 1, 1]","[1500, 1500, 1495, 1350]","[np.float64(0.0), np.float64(0.0), np.float64(-0.5), np.float64(-15.0)]","[-0.39456443359375, 9.5691451953125, 1.2296619726562499]",0.0,30.430922012329102,"[0.0, 11.99340820116, 9.4604492172]",3,0.0,0.0,0.0,4294967.295,3750003.968,0,275627,329.6755676269531,-248.36825561523438,0.0,state.GROUND_TESTING,4701,-23,"[0, 0, 0, 0, 0, 0, 0, 0]","[0, 0, 0, 0, 0, 0, 0, 0]",0,-23,0.0,0,0,"[11.1, 1.3, 15.9, 10.8, 15.9, 16.5, 0, 0]","[4.069, 4.067, 4.062]",0.778,"[2.9936000000000003, 3.3104, 5.0096, 7.3584000000000005, 8.4496, 27.822400000000002]","[0.0025, 0.246875, 0.824375, -0.003125, -0.000625, 0.14250000000000002]",132,0,29.0,"[np.True_, np.True_, np.True_, np.True_, np.True_, np.True_]",108.55425326158723,0.0,0.0,False,0.0
1775336061.149173,"[1, 1, 1, 1, 1, 1]","[1500, 1500, 1495, 1350]","[np.float64(0.0), np.float64(0.0), np.float64(-0.5), np.float64(-15.0)]","[-0.33557130468749996, 9.7407615703125, 1.1607089648437499]",0.0,30.400318374633787,"[0.0, -15.04516601316, -5.43212890536]",3,0.0,0.0,0.0,4294967.295,3750003.968,0,275687,329.71856689453125,-248.24862670898438,0.0,state.GROUND_TESTING,4702,-23,"[0, 0, 0, 0, 0, 0, 0, 0]","[0, 0, 0, 0, 0, 0, 0, 0]",0,-23,0.0,0,0,"[10.8, 1.3, 15.9, 10.6, 16.5, 16.5, 0, 0]","[4.069, 4.067, 4.062]",0.778,"[2.9952, 3.3136, 5.008, 7.3632, 8.4512, 27.822400000000002]","[0.00875, 0.2475, 0.69625, -0.003125, -0.00375, 0.14125000000000001]",132,0,29.0,"[np.True_, np.True_, np.True_, np.True_, np.True_, np.True_]",108.66397924909111,0.0,0.0,False,0.0
1775336061.193197,"[1, 1, 1, 1, 1, 1]","[1500, 1500, 1495, 1350]","[np.float64(0.0), np.float64(0.0), np.float64(-0.5), np.float64(-15.0)]","[-0.401459734375, 9.5001921875, 1.4196658164062501]",0.0,30.439665908813478,"[0.0, -0.27465820308, -1.89208984344]",3,0.0,0.0,0.0,4294967.295,3750003.968,0,275747,329.76007080078125,-248.21749877929688,0.0,state.GROUND_TESTING,4703,-23,"[0, 0, 0, 0, 0, 0, 0, 0]","[0, 0, 0, 0, 0, 0, 0, 0]",0,-22,0.0,0,0,"[10.6, 1.2, 15.9, 10.8, 16.5, 16.5, 0, 0]","[4.069, 4.067, 4.062]",0.778,"[2.9952, 3.3136, 5.008, 7.3632, 8.4512, 27.822400000000002]","[0.00875, 0.2475, 0.69625, -0.003125, -0.00375, 0.14125000000000001]",132,0,29.0,"[np.True_, np.True_, np.True_, np.True_, np.True_, np.True_]",108.69852480653269,0.0,0.0,False,0.0
1775336061.2629461,"[1, 1, 1, 1, 1, 1]","[1500, 1500, 1495, 1350]","[np.float64(0.0), np.float64(0.0), np.float64(-0.5), np.float64(-15.0)]","[-0.41295190234374995, 9.59212953125, 1.0794976445312499]",0.0,30.409062271118163,"[0.0, -6.7443847645199995, 0.85449218736]",3,0.0,0.0,0.0,4294967.295,3750003.968,0,275807,329.56719970703125,-248.01730346679688,0.0,state.GROUND_TESTING,4704,-23,"[0, 0, 0, 0, 0, 0, 0, 0]","[0, 0, 0, 0, 0, 0, 0, 0]",0,-22,0.0,0,0,"[10.6, 1.2, 16.5, 10.6, 15.9, 17.0, 0, 0]","[4.068, 4.066, 4.061]",0.778,"[2.9936000000000003, 3.3120000000000003, 5.008, 7.3696, 8.4528, 27.8256]","[0.005625, 0.27375, 0.640625, -0.005, -0.00125, 0.14625]",132,0,29.0,"[np.True_, np.True_, np.True_, np.True_, np.True_, np.True_]",108.82951398396203,0.0,0.0,False,0.0
1775336061.311289,"[1, 1, 1, 1, 1, 1]","[1500, 1500, 1495, 1350]","[np.float64(0.0), np.float64(0.0), np.float64(-0.5), np.float64(-15.0)]","[-0.42367792578125, 9.69402675390625, 1.18982245703125]",0.0,30.404690322875975,"[0.0, 1.55639648412, 8.33129882676]",3,0.0,0.0,0.0,4294967.295,3750003.968,0,275861,329.6656799316406,-247.94180297851562,0.0,state.GROUND_TESTING,4705,-23,"[0, 0, 0, 0, 0, 0, 0, 0]","[0, 0, 0, 0, 0, 0, 0, 0]",0,-23,0.0,0,0,"[10.8, 1.2, 16.5, 10.6, 16.5, 16.5, 0, 0]","[4.068, 4.066, 4.061]",0.778,"[2.9936000000000003, 3.3120000000000003, 5.008, 7.3696, 8.4528, 27.8256]","[0.005625, 0.27375, 0.640625, -0.005, -0.00125, 0.14625]",132,0,29.0,"[np.True_, np.True_, np.True_, np.True_, np.True_, np.True_]",108.91306023781355,0.0,0.0,False,0.0
1775336061.361002,"[1, 1, 1, 1, 1, 1]","[1500, 1500, 1495, 1350]","[np.float64(0.0), np.float64(0.0), np.float64(-0.5), np.float64(-15.0)]","[-0.31335311328125, 9.612815433593749, 1.3943830468749998]",0.0,30.479013442993164,"[0.0, -7.90405273308, -12.90893554476]",3,0.0,0.0,0.0,4294967.295,3750003.968,0,275921,329.3992004394531,-247.85264587402344,0.0,state.GROUND_TESTING,4706,-23,"[0, 0, 0, 0, 0, 0, 0, 0]","[0, 0, 0, 0, 0, 0, 0, 0]",0,-23,0.0,0,0,"[10.6, 1.3, 17.0, 10.6, 16.5, 16.5, 0, 0]","[4.068, 4.066, 4.061]",0.778,"[2.992, 3.3104, 5.008, 7.3696, 8.4496, 27.8272]","[0.025, 0.6637500000000001, 0.651875, 0.003125, -0.001875, 0.14250000000000002]",132,0,29.0,"[np.True_, np.True_, np.True_, np.True_, np.True_, np.True_]",108.93458093087462,0.0,0.0,False,0.0
1775336061.428706,"[1, 1, 1, 1, 1, 1]","[1500, 1500, 1495, 1350]","[np.float64(0.0), np.float64(0.0), np.float64(-0.5), np.float64(-15.0)]","[-0.38000768749999997, 9.67410699609375, 1.14691836328125]",0.0,30.430922012329102,"[0.0, 2.8991699214, 1.03759765608]",3,0.0,0.0,0.0,4294967.295,3750003.968,0,275981,329.83831787109375,-247.80810546875,0.0,state.GROUND_TESTING,4707,-23,"[0, 0, 0, 0, 0, 0, 0, 0]","[0, 0, 0, 0, 0, 0, 0, 0]",0,-23,0.0,0,0,"[11.1, 1.3, 15.5, 10.6, 15.9, 17.0, 0, 0]","[4.068, 4.066, 4.061]",0.778,"[2.992, 3.3104, 5.008, 7.3696, 8.4496, 27.8272]","[0.025, 0.6637500000000001, 0.651875, 0.003125, -0.001875, 0.14250000000000002]",132,0,29.0,"[np.True_, np.True_, np.True_, np.True_, np.True_, np.True_]",109.06084475351956,0.0,0.0,False,0.0
1775336061.494189,"[1, 1, 1, 1, 1, 1]","[1500, 1500, 1495, 1350]","[np.float64(0.0), np.float64(0.0), np.float64(-0.5), np.float64(-15.0)]","[-0.44436382812499997, 9.58983109765625, 1.1078449921875]",0.0,30.41343421936035,"[0.0, -3.99780273372, -0.82397460924]",3,0.0,0.0,0.0,4294967.295,3750003.968,0,276041,329.8981628417969,-247.52731323242188,0.0,state.GROUND_TESTING,4708,-23,"[0, 0, 0, 0, 0, 0, 0, 0]","[0, 0, 0, 0, 0, 0, 0, 0]",0,-23,0.0,0,0,"[11.1, 1.3, 16.5, 10.8, 15.5, 17.0, 0, 0]","[4.068, 4.066, 4.061]",0.778,"[2.992, 3.3104, 5.008, 7.3664000000000005, 8.4384, 27.819200000000002]","[0.03, 0.671875, 0.689375, 0.00125, 0.005, 0.166875]",132,0,29.0,"[np.True_, np.True_, np.True_, np.True_, np.True_, np.True_]",109.31077647998038,0.0,0.0,False,0.0
1775336061.542443,"[1, 1, 1, 1, 1, 1]","[1500, 1500, 1495, 1350]","[np.float64(0.0), np.float64(0.0), np.float64(-0.5), np.float64(-15.0)]","[-0.468880453125, 9.631202902343748, 1.1676042656249999]",0.0,30.41343421936035,"[0.0, 5.46264648348, 6.28662109272]",3,0.0,0.0,0.0,4294967.295,3750003.968,0,276095,329.8702392578125,-247.66172790527344,0.0,state.GROUND_TESTING,4709,-23,"[0, 0, 0, 0, 0, 0, 0, 0]","[0, 0, 0, 0, 0, 0, 0, 0]",0,-23,0.0,0,0,"[10.8, 1.2, 17.6, 10.8, 16.5, 16.5, 0, 0]","[4.068, 4.066, 4.061]",0.778,"[2.992, 3.3104, 5.008, 7.3664000000000005, 8.4384, 27.819200000000002]","[0.03, 0.671875, 0.689375, 0.00125, 0.005, 0.166875]",132,0,29.0,"[np.True_, np.True_, np.True_, np.True_, np.True_, np.True_]",109.19126008607017,0.0,0.0,False,0.0
1775336061.612736,"[1, 1, 1, 1, 1, 1]","[1500, 1500, 1495, 1350]","[np.float64(0.0), np.float64(0.0), np.float64(-0.5), np.float64(-15.0)]","[-0.33327287109375, 9.67563928515625, 1.425028828125]",0.0,30.43529396057129,"[0.0, -6.7443847645199995, 8.33129882676]",3,0.0,0.0,0.0,4294967.295,3750003.968,0,276155,330.0972900390625,-247.69407653808594,0.0,state.GROUND_TESTING,4710,-23,"[0, 0, 0, 0, 0, 0, 0, 0]","[0, 0, 0, 0, 0, 0, 0, 0]",0,-23,0.0,0,0,"[10.8, 1.2, 16.5, 11.1, 17.0, 16.5, 0, 0]","[4.068, 4.066, 4.061]",0.778,"[2.992, 3.3104, 5.0064, 7.3632, 8.4384, 27.824]","[0.026875, 0.66, 0.635, 0.00625, 0.005, 0.16375]",132,0,29.0,"[np.True_, np.True_, np.True_, np.True_, np.True_, np.True_]",109.20950331256809,0.0,0.0,False,0.0
1775336061.662658,"[1, 1, 1, 1, 1, 1]","[1500, 1500, 1495, 1350]","[np.float64(0.0), np.float64(0.0), np.float64(-0.5), np.float64(-15.0)]","[-0.3539587734375, 9.629670613281249, 1.0787315]",0.0,30.422178115844726,"[0.0, 1.49536132788, 22.46093749632]",3,0.0,0.0,0.0,4294967.295,3750003.968,0,276215,330.1885986328125,-247.61839294433594,0.0,state.GROUND_TESTING,4711,-24,"[0, 0, 0, 0, 0, 0, 0, 0]","[0, 0, 0, 0, 0, 0, 0, 0]",0,-23,0.0,0,0,"[10.8, 1.3, 15.9, 10.8, 15.9, 16.5, 0, 0]","[4.068, 4.066, 4.061]",0.778,"[2.992, 3.3104, 5.0064, 7.3632, 8.4384, 27.824]","[0.026875, 0.66, 0.635, 0.00625, 0.005, 0.16375]",132,0,29.0,"[np.True_, np.True_, np.True_, np.True_, np.True_, np.True_]",109.29211348492805,0.0,0.0,False,0.0
1775336061.713137,"[1, 1, 1, 1, 1, 1]","[1500, 1500, 1495, 1350]","[np.float64(0.0), np.float64(0.0), np.float64(-0.5), np.float64(-15.0)]","[-0.4857356328125, 9.521644234375, 1.3476482304687498]",0.0,30.422178115844726,"[0.0, -9.3078613266, 2.8991699214]",3,0.0,0.0,0.0,4294967.295,3750003.968,0,276275,330.2578430175781,-247.5579376220703,0.0,state.GROUND_TESTING,4712,-24,"[0, 0, 0, 0, 0, 0, 0, 0]","[0, 0, 0, 0, 0, 0, 0, 0]",0,-23,0.0,0,0,"[10.8, 1.2, 16.5, 10.4, 15.9, 17.0, 0, 0]","[4.068, 4.066, 4.061]",0.778,"[2.9936000000000003, 3.3120000000000003, 5.0096, 7.3552, 8.459200000000001, 27.822400000000002]","[0.003125, 0.26687500000000003, 0.6475, -0.00125, -0.003125, 0.143125]",132,0,29.0,"[np.True_, np.True_, np.True_, np.True_, np.True_, np.True_]",109.35741329411249,0.0,0.0,False,0.0
1775336061.784808,"[1, 1, 1, 1, 1, 1]","[1500, 1500, 1495, 1350]","[np.float64(0.0), np.float64(0.0), np.float64(-0.5), np.float64(-15.0)]","[-0.41448419140625, 9.828868191406249, 1.2488155859375]",0.0,30.38283058166504,"[0.0, 12.72583007604, -6.3781738270799995]",3,0.0,0.0,0.0,4294967.295,3750003.968,0,276329,330.3384094238281,-247.53085327148438,0.0,state.GROUND_TESTING,4713,-24,"[0, 0, 0, 0, 0, 0, 0, 0]","[0, 0, 0, 0, 0, 0, 0, 0]",0,-23,0.0,0,0,"[10.4, 1.2, 16.5, 10.8, 15.5, 17.0, 0, 0]","[4.068, 4.066, 4.061]",0.778,"[2.9936000000000003, 3.3120000000000003, 5.0096, 7.3552, 8.459200000000001, 27.822400000000002]","[0.003125, 0.26687500000000003, 0.6475, -0.00125, -0.003125, 0.143125]",132,0,29.0,"[np.True_, np.True_, np.True_, np.True_, np.True_, np.True_]",109.39662441235446,0.0,0.0,False,0.0
1775336061.833803,"[1, 1, 1, 1, 1, 1]","[1500, 1500, 1495, 1350]","[np.float64(0.0), np.float64(0.0), np.float64(-0.5), np.float64(-15.0)]","[-0.34016817187500004, 9.52394266796875, 1.14998294140625]",0.0,30.400318374633787,"[0.0, -8.6975097642, 8.30078124864]",3,0.0,0.0,0.0,4294967.295,3750003.968,0,276389,330.3219299316406,-247.47897338867188,0.0,state.GROUND_TESTING,4714,-24,"[0, 0, 0, 0, 0, 0, 0, 0]","[0, 0, 0, 0, 0, 0, 0, 0]",0,-23,0.0,0,0,"[10.6, 1.3, 17.0, 10.4, 15.5, 16.5, 0, 0]","[4.068, 4.067, 4.062]",0.912,"[2.9968000000000004, 3.3104, 5.008, 7.3632, 8.440000000000001, 27.8256]","[0.001875, 0.23625000000000002, 0.630625, -0.004375, -0.000625, 0.141875]",132,0,29.5,"[np.True_, np.True_, np.True_, np.True_, np.True_, np.True_]",109.43747494022764,0.0,0.0,False,0.0
1775336061.90362,"[1, 1, 1, 1, 1, 1]","[1500, 1500, 1495, 1350]","[np.float64(0.0), np.float64(0.0), np.float64(-0.5), np.float64(-15.0)]","[-0.38383841015625, 9.65342109375, 1.2434525742187499]",0.0,30.439665908813478,"[0.0, -6.92749023324, -4.51660156176]",3,0.0,0.0,0.0,4294967.295,3750003.968,0,276449,330.4501037597656,-247.4423828125,0.0,state.GROUND_TESTING,4715,-24,"[0, 0, 0, 0, 0, 0, 0, 0]","[0, 0, 0, 0, 0, 0, 0, 0]",0,-24,0.0,0,0,"[10.4, 1.3, 15.9, 10.8, 15.9, 17.0, 0, 0]","[4.068, 4.067, 4.062]",0.912,"[2.9936000000000003, 3.3104, 5.008, 7.372800000000001, 8.443200000000001, 27.822400000000002]","[0.008125, 0.23875000000000002, 0.63875, -0.005, 0.0025, 0.14375000000000002]",132,0,29.5,"[np.True_, np.True_, np.True_, np.True_, np.True_, np.True_]",109.49438754902538,0.0,0.0,False,0.0
1775336061.953254,"[1, 1, 1, 1, 1, 1]","[1500, 1500, 1495, 1350]","[np.float64(0.0), np.float64(0.0), np.float64(-0.5), np.float64(-15.0)]","[-0.44129925, 9.6947928984375, 1.2763967890624999]",0.0,30.41780616760254,"[0.0, -1.80053710908, 2.53295898396]",3,0.0,0.0,0.0,4294967.295,3750003.968,0,276509,330.5059509277344,-247.28433227539062,0.0,state.GROUND_TESTING,4716,-24,"[0, 0, 0, 0, 0, 0, 0, 0]","[0, 0, 0, 0, 0, 0, 0, 0]",0,-24,0.0,0,0,"[10.6, 1.3, 17.0, 10.6, 15.5, 17.0, 0, 0]","[4.068, 4.067, 4.062]",0.912,"[2.9936000000000003, 3.3104, 5.008, 7.372800000000001, 8.443200000000001, 27.822400000000002]","[0.008125, 0.23875000000000002, 0.63875, -0.005, 0.0025, 0.14375000000000002]",132,0,29.5,"[np.True_, np.True_, np.True_, np.True_, np.True_, np.True_]",109.64034403075333,0.0,0.0,False,0.0
1775336062.0019479,"[1, 1, 1, 1, 1, 1]","[1500, 1500, 1495, 1350]","[np.float64(0.0), np.float64(0.0), np.float64(-0.5), np.float64(-15.0)]","[-0.41295190234374995, 9.57297591796875, 0.9967540351562499]",0.0,30.439665908813478,"[0.0, 8.20922851428, 7.56835937376]",3,0.0,0.0,0.0,4294967.295,3750003.968,0,276563,330.32867431640625,-247.05897521972656,0.0,state.GROUND_TESTING,4717,-25,"[0, 0, 0, 0, 0, 0, 0, 0]","[0, 0, 0, 0, 0, 0, 0, 0]",0,-24,0.0,0,0,"[10.4, 1.3, 15.9, 10.8, 15.5, 17.6, 0, 0]","[4.068, 4.067, 4.062]",0.912,"[2.9952, 3.3104, 5.0064, 7.3712, 8.4448, 27.824]","[0.0025, 0.29625, 0.628125, -0.005, -0.004375, 0.140625]",132,0,29.5,"[np.True_, np.True_, np.True_, np.True_, np.True_, np.True_]",109.79615525201484,0.0,0.0,False,0.0
1775336062.08043,"[1, 1, 1, 1, 1, 1]","[1500, 1500, 1495, 1350]","[np.float64(0.0), np.float64(0.0), np.float64(-0.5), np.float64(-15.0)]","[-0.45432370703124997, 9.63273519140625, 1.014375359375]",0.0,30.41343421936035,"[0.0, 4.0588378899599995, 0.51879882804]",3,0.0,0.0,0.0,4294967.295,3750003.968,0,276623,330.8267517089844,-247.16639709472656,0.0,state.GROUND_TESTING,4718,-26,"[0, 0, 0, 0, 0, 0, 0, 0]","[0, 0, 0, 0, 0, 0, 0, 0]",0,-24,0.0,0,0,"[10.4, 1.3, 15.9, 10.6, 16.5, 17.6, 0, 0]","[4.068, 4.067, 4.062]",0.912,"[2.9952, 3.3104, 5.0064, 7.3712, 8.4448, 27.824]","[0.0025, 0.29625, 0.628125, -0.005, -0.004375, 0.140625]",132,0,29.5,"[np.True_, np.True_, np.True_, np.True_, np.True_, np.True_]",109.80567794862293,0.0,0.0,False,0.0
1775336062.12445,"[1, 1, 1, 1, 1, 1]","[1500, 1500, 1495, 1350]","[np.float64(0.0), np.float64(0.0), np.float64(-0.5), np.float64(-15.0)]","[-0.3202484140625, 9.55612073828125, 1.4709975]",0.0,30.43529396057129,"[0.0, 2.10571289028, 1.40380859352]",3,0.0,0.0,0.0,4294967.295,3750003.968,0,276683,330.5997314453125,-247.31346130371094,0.0,state.GROUND_TESTING,4719,-26,"[0, 0, 0, 0, 0, 0, 0, 0]","[0, 0, 0, 0, 0, 0, 0, 0]",0,-24,0.0,0,0,"[10.4, 1.2, 15.9, 10.6, 15.9, 16.5, 0, 0]","[4.068, 4.067, 4.062]",0.912,"[2.992, 3.3088, 5.008, 7.3664000000000005, 8.443200000000001, 27.819200000000002]","[0.02875, 0.665625, 0.655625, 0.00125, -0.003125, 0.145]",132,0,29.5,"[np.True_, np.True_, np.True_, np.True_, np.True_, np.True_]",109.63438976924633,0.0,0.0,False,0.0
1775336062.1875782,"[1, 1, 1, 1, 1, 1]","[1500, 1500, 1495, 1350]","[np.float64(0.0), np.float64(0.0), np.float64(-0.5), np.float64(-15.0)]","[-0.35778949609375, 9.723140246093749, 1.3284946171874998]",0.0,30.41780616760254,"[0.0, -12.6647949198, -6.77490234264]",3,0.0,0.0,0.0,4294967.295,3750003.968,0,276743,331.0245056152344,-247.01686096191406,0.0,state.GROUND_TESTING,4720,-25,"[0, 0, 0, 0, 0, 0, 0, 0]","[0, 0, 0, 0, 0, 0, 0, 0]",0,-24,0.0,0,0,"[10.6, 1.2, 16.5, 10.4, 15.9, 16.5, 0, 0]","[4.068, 4.067, 4.062]",0.912,"[2.992, 3.3088, 5.008, 7.3664000000000005, 8.443200000000001, 27.819200000000002]","[0.02875, 0.665625, 0.655625, 0.00125, -0.003125, 0.145]",132,0,29.5,"[np.True_, np.True_, np.True_, np.True_, np.True_, np.True_]",109.97347889068409,0.0,0.0,False,0.0
1775336062.232963,"[1, 1, 1, 1, 1, 1]","[1500, 1500, 1495, 1350]","[np.float64(0.0), np.float64(0.0), np.float64(-0.5), np.float64(-15.0)]","[-0.48803406640624997, 9.4649495390625, 1.2511140195312498]",0.0,30.426550064086914,"[0.0, 2.34985351524, -0.79345703112]",3,0.0,0.0,0.0,4294967.295,3750003.968,0,276797,331.0409240722656,-246.9040985107422,0.0,state.GROUND_TESTING,4721,-25,"[0, 0, 0, 0, 0, 0, 0, 0]","[0, 0, 0, 0, 0, 0, 0, 0]",0,-24,0.0,0,0,"[10.4, 1.2, 15.0, 11.1, 16.5, 17.6, 0, 0]","[4.068, 4.067, 4.062]",0.912,"[2.9936000000000003, 3.3088, 5.0064, 7.364800000000001, 8.4464, 27.822400000000002]","[0.02125, 0.650625, 0.64125, 0.0025, 0.0075, 0.1675]",132,0,29.5,"[np.True_, np.True_, np.True_, np.True_, np.True_, np.True_]",110.07341817393942,0.0,0.0,False,0.0
1775336062.3036952,"[1, 1, 1, 1, 1, 1]","[1500, 1500, 1495, 1350]","[np.float64(0.0), np.float64(0.0), np.float64(-0.5), np.float64(-15.0)]","[-0.56464851953125, 9.816609878906249, 1.03812583984375]",0.0,30.43529396057129,"[0.0, 11.7492675762, 4.24194335868]",3,0.0,0.0,0.0,4294967.295,3750003.968,0,276857,331.4019470214844,-246.7924041748047,0.0,state.GROUND_TESTING,4722,-26,"[0, 0, 0, 0, 0, 0, 0, 0]","[0, 0, 0, 0, 0, 0, 0, 0]",0,-24,0.0,0,0,"[10.4, 1.2, 16.5, 10.4, 16.5, 17.0, 0, 0]","[4.068, 4.067, 4.062]",0.912,"[2.9936000000000003, 3.3088, 5.0064, 7.364800000000001, 8.4464, 27.822400000000002]","[0.02125, 0.650625, 0.64125, 0.0025, 0.0075, 0.1675]",132,0,29.5,"[np.True_, np.True_, np.True_, np.True_, np.True_, np.True_]",110.24209912214215,0.0,0.0,False,0.0
1775336062.3539782,"[1, 1, 1, 1, 1, 1]","[1500, 1500, 1495, 1350]","[np.float64(0.0), np.float64(0.0), np.float64(-0.5), np.float64(-15.0)]","[-0.34629732812499997, 9.64805808203125, 1.39131846875]",0.0,30.422178115844726,"[0.0, 4.85229492108, 9.42993163908]",3,0.0,0.0,0.0,4294967.295,3750003.968,0,276917,331.75933837890625,-246.95294189453125,0.0,state.GROUND_TESTING,4723,-25,"[0, 0, 0, 0, 0, 0, 0, 0]","[0, 0, 0, 0, 0, 0, 0, 0]",0,-24,0.0,0,0,"[10.6, 1.2, 17.0, 10.8, 15.0, 17.0, 0, 0]","[4.069, 4.067, 4.062]",0.755,"[2.9936000000000003, 3.3120000000000003, 5.0096, 7.3616, 8.4464, 27.820800000000002]","[0.029375000000000002, 0.64625, 0.634375, 0.0025, 0.00625, 0.1675]",132,0,29.0,"[np.True_, np.True_, np.True_, np.True_, np.True_, np.True_]",110.17492792265905,0.0,0.0,False,0.0
1775336062.426005,"[1, 1, 1, 1, 1, 1]","[1500, 1500, 1495, 1350]","[np.float64(0.0), np.float64(0.0), np.float64(-0.5), np.float64(-15.0)]","[-0.24746468359374998, 9.622775312499998, 0.9331640390624999]",0.0,30.41780616760254,"[0.0, -0.88500976548, 6.43920898332]",3,0.0,0.0,0.0,4294967.295,3750003.968,0,276977,332.13531494140625,-246.8326873779297,0.0,state.GROUND_TESTING,4724,-26,"[0, 0, 0, 0, 0, 0, 0, 0]","[0, 0, 0, 0, 0, 0, 0, 0]",0,-24,0.0,0,0,"[10.6, 1.3, 15.9, 10.2, 15.5, 17.0, 0, 0]","[4.069, 4.067, 4.062]",0.755,"[2.9936000000000003, 3.3120000000000003, 5.0096, 7.3616, 8.4464, 27.820800000000002]","[0.029375000000000002, 0.64625, 0.634375, 0.0025, 0.00625, 0.1675]",132,0,29.0,"[np.True_, np.True_, np.True_, np.True_, np.True_, np.True_]",110.35294939817626,0.0,0.0,False,0.0
1775336062.473894,"[1, 1, 1, 1, 1, 1]","[1500, 1500, 1495, 1350]","[np.float64(0.0), np.float64(0.0), np.float64(-0.5), np.float64(-15.0)]","[-0.42291178124999995, 9.68636530859375, 1.3997460585937498]",0.0,30.404690322875975,"[0.0, 3.26538085884, 9.4604492172]",3,0.0,0.0,0.0,4294967.295,3750003.968,0,277031,332.2506103515625,-246.19569396972656,0.0,state.GROUND_TESTING,4725,-25,"[0, 0, 0, 0, 0, 0, 0, 0]","[0, 0, 0, 0, 0, 0, 0, 0]",0,-24,0.0,0,0,"[10.4, 1.3, 16.5, 10.2, 17.0, 16.5, 0, 0]","[4.069, 4.067, 4.062]",0.755,"[2.9936000000000003, 3.3104, 5.008, 7.3616, 8.4464, 27.822400000000002]","[0.006875, 0.2475, 0.638125, -0.00125, -0.00125, 0.14]",132,0,29.0,"[np.True_, np.True_, np.True_, np.True_, np.True_, np.True_]",110.92805881693744,0.0,0.0,False,0.0
1775336062.5424829,"[1, 1, 1, 1, 1, 1]","[1500, 1500, 1495, 1350]","[np.float64(0.0), np.float64(0.0), np.float64(-0.5), np.float64(-15.0)]","[-0.43057322656249997, 9.64346121484375, 1.1936531796874998]",0.0,30.422178115844726,"[0.0, 0.33569335932, 4.577636718]",3,0.0,0.0,0.0,4294967.295,3750003.968,0,277091,332.28997802734375,-245.88076782226562,0.0,state.GROUND_TESTING,4726,-26,"[0, 0, 0, 0, 0, 0, 0, 0]","[0, 0, 0, 0, 0, 0, 0, 0]",0,-24,0.0,0,0,"[10.2, 1.2, 17.0, 10.8, 15.9, 17.6, 0, 0]","[4.069, 4.067, 4.062]",0.755,"[2.9936000000000003, 3.3104, 5.008, 7.3616, 8.4464, 27.822400000000002]","[0.006875, 0.2475, 0.638125, -0.00125, -0.00125, 0.14]",132,0,29.0,"[np.True_, np.True_, np.True_, np.True_, np.True_, np.True_]",111.20901295360441,0.0,0.0,False,0.0
1775336062.587299,"[1, 1, 1, 1, 1, 1]","[1500, 1500, 1495, 1350]","[np.float64(0.0), np.float64(0.0), np.float64(-0.5), np.float64(-15.0)]","[-0.462751296875, 9.61128314453125, 1.3223654609375]",0.0,30.430922012329102,"[0.0, 8.57543945172, 1.40380859352]",3,0.0,0.0,0.0,4294967.295,3750003.968,0,277151,332.3714904785156,-245.94244384765625,0.0,state.GROUND_TESTING,4727,-26,"[0, 0, 0, 0, 0, 0, 0, 0]","[0, 0, 0, 0, 0, 0, 0, 0]",0,-24,0.0,0,0,"[10.8, 1.3, 16.5, 10.2, 15.5, 17.0, 0, 0]","[4.069, 4.067, 4.062]",0.755,"[2.9936000000000003, 3.3104, 5.0064, 7.3616, 8.4464, 27.824]","[0.005625, 0.265, 0.68875, -0.001875, -0.003125, 0.148125]",132,0,29.0,"[np.True_, np.True_, np.True_, np.True_, np.True_, np.True_]",111.17209983057545,0.0,0.0,False,0.0
1775336062.658437,"[1, 1, 1, 1, 1, 1]","[1500, 1500, 1495, 1350]","[np.float64(0.0), np.float64(0.0), np.float64(-0.5), np.float64(-15.0)]","[-0.33633744921875, 9.65571952734375, 1.1568782421875]",0.0,30.409062271118163,"[0.0, -7.7209472643599995, 6.28662109272]",3,0.0,0.0,0.0,4294967.295,3750003.968,0,277211,332.4258117675781,-245.76605224609375,0.0,state.GROUND_TESTING,4728,-26,"[0, 0, 0, 0, 0, 0, 0, 0]","[0, 0, 0, 0, 0, 0, 0, 0]",0,-24,0.0,0,0,"[10.6, 1.3, 16.5, 10.6, 15.9, 17.6, 0, 0]","[4.069, 4.067, 4.062]",0.755,"[2.9936000000000003, 3.3104, 5.008, 7.3712, 8.4512, 27.816000000000003]","[0.00625, 0.26, 0.604375, -0.00375, -0.000625, 0.141875]",132,0,29.0,"[np.True_, np.True_, np.True_, np.True_, np.True_, np.True_]",111.33619705081131,0.0,0.0,False,0.0
1775336062.7048,"[1, 1, 1, 1, 1, 1]","[1500, 1500, 1495, 1350]","[np.float64(0.0), np.float64(0.0), np.float64(-0.5), np.float64(-15.0)]","[-0.27657817578125, 9.60208941015625, 1.26643691015625]",0.0,30.426550064086914,"[0.0, 7.8430175768399994, 7.20214843632]",3,0.0,0.0,0.0,4294967.295,3750003.968,0,277265,332.773681640625,-245.89517211914062,0.0,state.GROUND_TESTING,4729,-25,"[0, 0, 0, 0, 0, 0, 0, 0]","[0, 0, 0, 0, 0, 0, 0, 0]",0,-24,0.0,0,0,"[10.4, 1.2, 16.5, 10.2, 15.9, 16.5, 0, 0]","[4.069, 4.067, 4.062]",0.755,"[2.9936000000000003, 3.3104, 5.008, 7.3712, 8.4512, 27.816000000000003]","[0.00625, 0.26, 0.604375, -0.00375, -0.000625, 0.141875]",132,0,29.0,"[np.True_, np.True_, np.True_, np.True_, np.True_, np.True_]",111.29429248961618,0.0,0.0,False,0.0
1775336062.7783701,"[1, 1, 1, 1, 1, 1]","[1500, 1500, 1495, 1350]","[np.float64(0.0), np.float64(0.0), np.float64(-0.5), np.float64(-15.0)]","[-0.46045286328124996, 9.634267480468749, 1.1346600507812499]",0.0,30.422178115844726,"[0.0, 2.10571289028, 8.88061523292]",3,0.0,0.0,0.0,4294967.295,3750003.968,0,277325,332.79595947265625,-245.9507293701172,0.0,state.GROUND_TESTING,4730,-25,"[0, 0, 0, 0, 0, 0, 0, 0]","[0, 0, 0, 0, 0, 0, 0, 0]",0,-24,0.0,0,0,"[10.8, 1.3, 16.5, 10.4, 15.9, 17.0, 0, 0]","[4.069, 4.067, 4.063]",0.778,"[2.9952, 3.3104, 5.008, 7.3696, 8.4528, 27.824]","[0.01, 0.25625, 0.6675, 0.000625, 0.000625, 0.143125]",132,0,29.0,"[np.True_, np.True_, np.True_, np.True_, np.True_, np.True_]",111.2503465188858,0.0,0.0,False,0.0
1775336062.826265,"[1, 1, 1, 1, 1, 1]","[1500, 1500, 1495, 1350]","[np.float64(0.0), np.float64(0.0), np.float64(-0.5), np.float64(-15.0)]","[-0.48037262109374995, 9.73080169140625, 1.2817598007812498]",0.0,30.444037857055665,"[0.0, -0.4577636718, -6.22558593648]",3,0.0,0.0,0.0,4294967.295,3750003.968,0,277385,333.0757751464844,-245.9763641357422,0.0,state.GROUND_TESTING,4731,-25,"[0, 0, 0, 0, 0, 0, 0, 0]","[0, 0, 0, 0, 0, 0, 0, 0]",0,-24,0.0,0,0,"[10.8, 1.2, 16.5, 10.6, 15.0, 17.6, 0, 0]","[4.069, 4.067, 4.063]",0.778,"[2.9952, 3.3104, 5.008, 7.3696, 8.4528, 27.824]","[0.01, 0.25625, 0.6675, 0.000625, 0.000625, 0.143125]",132,0,29.0,"[np.True_, np.True_, np.True_, np.True_, np.True_, np.True_]",111.28362097896519,0.0,0.0,False,0.0
1775336062.89604,"[1, 1, 1, 1, 1, 1]","[1500, 1500, 1495, 1350]","[np.float64(0.0), np.float64(0.0), np.float64(-0.5), np.float64(-15.0)]","[-0.31641769140625, 9.527773390624999, 1.08715908984375]",0.0,30.422178115844726,"[0.0, -5.21850585852, -6.77490234264]",3,0.0,0.0,0.0,4294967.295,3750003.968,0,277445,332.32891845703125,-245.83108520507812,0.0,state.GROUND_TESTING,4732,-24,"[0, 0, 0, 0, 0, 0, 0, 0]","[0, 0, 0, 0, 0, 0, 0, 0]",0,-24,0.0,0,0,"[10.6, 1.2, 16.5, 10.6, 15.5, 17.0, 0, 0]","[4.069, 4.067, 4.063]",0.778,"[2.9936000000000003, 3.3120000000000003, 5.0064, 7.3632, 8.4496, 27.820800000000002]","[0.025, 0.374375, 0.670625, -0.000625, -0.003125, 0.141875]",132,0,29.0,"[np.True_, np.True_, np.True_, np.True_, np.True_, np.True_]",111.26002179946151,0.0,0.0,False,0.0
1775336062.944538,"[1, 1, 1, 1, 1, 1]","[1500, 1500, 1495, 1350]","[np.float64(0.0), np.float64(0.0), np.float64(-0.5), np.float64(-15.0)]","[-0.40069358984375003, 9.75378602734375, 1.2970826914062499]",0.0,30.444037857055665,"[0.0, -0.03051757812, 10.559082029519999]",3,0.0,0.0,0.0,4294967.295,3750003.968,0,277499,332.334716796875,-245.83876037597656,0.0,state.GROUND_TESTING,4733,-24,"[0, 0, 0, 0, 0, 0, 0, 0]","[0, 0, 0, 0, 0, 0, 0, 0]",0,-24,0.0,0,0,"[10.4, 1.3, 15.9, 10.8, 17.0, 16.5, 0, 0]","[4.069, 4.067, 4.063]",0.778,"[2.9936000000000003, 3.3120000000000003, 5.0064, 7.3632, 8.4496, 27.820800000000002]","[0.025, 0.374375, 0.670625, -0.000625, -0.003125, 0.141875]",132,0,29.0,"[np.True_, np.True_, np.True_, np.True_, np.True_, np.True_]",111.25454984297315,0.0,0.0,False,0.0
1775336062.992671,"[1, 1, 1, 1, 1, 1]","[1500, 1500, 1495, 1350]","[np.float64(0.0), np.float64(0.0), np.float64(-0.5), np.float64(-15.0)]","[-0.37924154296875, 9.6963251875, 1.2503478749999999]",0.0,30.452781753540037,"[0.0, -6.3781738270799995, 8.91113281104]",3,0.0,0.0,0.0,4294967.295,3750003.968,0,277559,332.2529296875,-246.00599670410156,0.0,state.GROUND_TESTING,4734,-24,"[0, 0, 0, 0, 0, 0, 0, 0]","[0, 0, 0, 0, 0, 0, 0, 0]",0,-24,0.0,0,0,"[10.6, 1.3, 16.5, 10.6, 15.9, 17.0, 0, 0]","[4.069, 4.067, 4.063]",0.778,"[2.9952, 3.3120000000000003, 5.008, 7.3616, 8.4528, 27.819200000000002]","[0.024375, 0.66625, 0.63375, 0.004375, 0.005, 0.165]",132,0,29.0,"[np.True_, np.True_, np.True_, np.True_, np.True_, np.True_]",111.09294713417749,0.0,0.0,False,0.0
1775336063.067968,"[1, 1, 1, 1, 1, 1]","[1500, 1500, 1495, 1350]","[np.float64(0.0), np.float64(0.0), np.float64(-0.5), np.float64(-15.0)]","[-0.370813953125, 9.51168435546875, 1.5407166523437499]",0.0,30.41343421936035,"[0.0, 0.94604492172, 3.87573242124]",3,0.0,0.0,0.0,4294967.295,3750003.968,0,277619,332.359375,-245.913818359375,0.0,state.GROUND_TESTING,4735,-24,"[0, 0, 0, 0, 0, 0, 0, 0]","[0, 0, 0, 0, 0, 0, 0, 0]",0,-24,0.0,0,0,"[10.4, 1.2, 17.0, 10.6, 15.5, 16.5, 0, 0]","[4.069, 4.067, 4.063]",0.778,"[2.9952, 3.3120000000000003, 5.008, 7.3616, 8.4528, 27.819200000000002]","[0.024375, 0.66625, 0.63375, 0.004375, 0.005, 0.165]",132,0,29.0,"[np.True_, np.True_, np.True_, np.True_, np.True_, np.True_]",111.1944741327223,0.0,0.0,False,0.0
1775336063.118814,"[1, 1, 1, 1, 1, 1]","[1500, 1500, 1495, 1350]","[np.float64(0.0), np.float64(0.0), np.float64(-0.5), np.float64(-15.0)]","[-0.46964659765624994, 9.83499734765625, 0.848888140625]",0.0,30.400318374633787,"[0.0, -9.12475585788, -9.0026855454]",3,0.0,0.0,0.0,4294967.295,3750003.968,0,277679,332.4173583984375,-245.96995544433594,0.0,state.GROUND_TESTING,4736,-24,"[0, 0, 0, 0, 0, 0, 0, 0]","[0, 0, 0, 0, 0, 0, 0, 0]",0,-24,0.0,0,0,"[10.6, 1.2, 17.0, 11.1, 16.5, 16.5, 0, 0]","[4.069, 4.067, 4.063]",0.778,"[2.9936000000000003, 3.3104, 5.008, 7.36, 8.4496, 27.819200000000002]","[0.025, 0.64125, 0.614375, 0.004375, 0.006875, 0.16375]",132,0,29.0,"[np.True_, np.True_, np.True_, np.True_, np.True_, np.True_]",111.15751122744688,0.0,0.0,False,0.0
1775336063.167128,"[1, 1, 1, 1, 1, 1]","[1500, 1500, 1495, 1350]","[np.float64(0.0), np.float64(0.0), np.float64(-0.5), np.float64(-15.0)]","[-0.505655390625, 9.442731347656249, 1.32006702734375]",0.0,30.426550064086914,"[0.0, 11.19995117004, 23.9562988242]",3,0.0,0.0,0.0,4294967.295,3750003.968,0,277733,332.6095275878906,-246.07388305664062,0.0,state.GROUND_TESTING,4737,-24,"[0, 0, 0, 0, 0, 0, 0, 0]","[0, 0, 0, 0, 0, 0, 0, 0]",0,-24,0.0,0,0,"[10.4, 1.2, 15.9, 10.6, 15.9, 17.0, 0, 0]","[4.069, 4.067, 4.063]",0.778,"[2.9936000000000003, 3.3104, 5.008, 7.36, 8.4496, 27.819200000000002]","[0.025, 0.64125, 0.614375, 0.004375, 0.006875, 0.16375]",132,0,29.0,"[np.True_, np.True_, np.True_, np.True_, np.True_, np.True_]",111.10584103616007,0.0,0.0,False,0.0
1775336063.2343209,"[1, 1, 1, 1, 1, 1]","[1500, 1500, 1495, 1350]","[np.float64(0.0), np.float64(0.0), np.float64(-0.5), np.float64(-15.0)]","[-0.3692816640625, 9.693260609374999, 1.0296982499999998]",0.0,30.426550064086914,"[0.0, 2.53295898396, -12.32910156048]",3,0.0,0.0,0.0,4294967.295,3750003.968,0,277793,332.7425842285156,-246.41384887695312,0.0,state.GROUND_TESTING,4738,-24,"[0, 0, 0, 0, 0, 0, 0, 0]","[0, 0, 0, 0, 0, 0, 0, 0]",0,-24,0.0,0,0,"[10.2, 1.3, 15.9, 10.6, 17.0, 15.9, 0, 0]","[4.069, 4.067, 4.063]",0.778,"[2.9936000000000003, 3.3104, 5.0064, 7.36, 8.4448, 27.820800000000002]","[0.003125, 0.670625, 0.821875, -0.000625, 0.004375, 0.160625]",132,0,29.0,"[np.True_, np.True_, np.True_, np.True_, np.True_, np.True_]",110.83613825907636,0.0,0.0,False,0.0
1775336063.3013551,"[1, 1, 1, 1, 1, 1]","[1500, 1500, 1495, 1350]","[np.float64(0.0), np.float64(0.0), np.float64(-0.5), np.float64(-15.0)]","[-0.27351359765625, 9.6733408515625, 1.2580093203125]",0.0,30.444037857055665,"[0.0, -6.7443847645199995, 7.41577148316]",3,0.0,0.0,0.0,4294967.295,3750003.968,0,277853,332.87841796875,-246.29421997070312,0.0,state.GROUND_TESTING,4739,-24,"[0, 0, 0, 0, 0, 0, 0, 0]","[0, 0, 0, 0, 0, 0, 0, 0]",0,-24,0.0,0,0,"[10.4, 1.3, 16.5, 10.6, 15.9, 17.0, 0, 0]","[4.069, 4.067, 4.063]",0.778,"[2.9936000000000003, 3.3104, 5.0064, 7.36, 8.4448, 27.820800000000002]","[0.003125, 0.670625, 0.821875, -0.000625, 0.004375, 0.160625]",132,0,29.0,"[np.True_, np.True_, np.True_, np.True_, np.True_, np.True_]",110.96712809690945,0.0,0.0,False,0.0
1775336063.351713,"[1, 1, 1, 1, 1, 1]","[1500, 1500, 1495, 1350]","[np.float64(0.0), np.float64(0.0), np.float64(-0.5), np.float64(-15.0)]","[-0.38383841015625, 9.608218566406249, 1.09711896875]",0.0,30.404690322875975,"[0.0, -8.75854492044, -15.16723632564]",3,0.0,0.0,0.0,4294967.295,3750003.968,0,277913,332.72216796875,-245.95912170410156,0.0,state.GROUND_TESTING,4740,-24,"[0, 0, 0, 0, 0, 0, 0, 0]","[0, 0, 0, 0, 0, 0, 0, 0]",0,-24,0.0,0,0,"[10.6, 1.3, 16.5, 10.6, 15.9, 17.0, 0, 0]","[4.069, 4.067, 4.061]",0.77,"[2.992, 3.3120000000000003, 5.008, 7.368, 8.4544, 27.8256]","[0.00375, 0.263125, 0.658125, -0.004375, -0.003125, 0.143125]",132,0,29.0,"[np.True_, np.True_, np.True_, np.True_, np.True_, np.True_]",111.22827040493273,0.0,0.0,False,0.0
1775336063.4003148,"[1, 1, 1, 1, 1, 1]","[1500, 1500, 1495, 1350]","[np.float64(0.0), np.float64(0.0), np.float64(-0.5), np.float64(-15.0)]","[-0.6098510468749999, 9.792859398437498, 0.9438900625]",0.0,30.439665908813478,"[0.0, 4.85229492108, -5.82885742092]",3,0.0,0.0,0.0,4294967.295,3750003.968,0,277967,332.69964599609375,-246.01866149902344,0.0,state.GROUND_TESTING,4741,-24,"[0, 0, 0, 0, 0, 0, 0, 0]","[0, 0, 0, 0, 0, 0, 0, 0]",0,-24,0.0,0,0,"[10.6, 1.2, 16.5, 10.4, 16.5, 17.0, 0, 0]","[4.069, 4.067, 4.061]",0.77,"[2.992, 3.3120000000000003, 5.008, 7.372800000000001, 8.4448, 27.819200000000002]","[0.0075, 0.215, 0.69875, -0.003125, -0.000625, 0.145625]",132,0,29.0,"[np.True_, np.True_, np.True_, np.True_, np.True_, np.True_]",111.17192056825066,0.0,0.0,False,0.0
1775336063.46619,"[1, 1, 1, 1, 1, 1]","[1500, 1500, 1495, 1350]","[np.float64(0.0), np.float64(0.0), np.float64(-0.5), np.float64(-15.0)]","[-0.43287166015625, 9.45345737109375, 1.4388194296875]",0.0,30.41780616760254,"[0.0, -8.94165038916, -4.7302246086]",3,0.0,0.0,0.0,4294967.295,3750003.968,0,278027,332.7457275390625,-246.0662384033203,0.0,state.GROUND_TESTING,4742,-24,"[0, 0, 0, 0, 0, 0, 0, 0]","[0, 0, 0, 0, 0, 0, 0, 0]",0,-24,0.0,0,0,"[10.4, 1.3, 16.5, 10.8, 17.0, 17.6, 0, 0]","[4.069, 4.067, 4.061]",0.77,"[2.992, 3.3120000000000003, 5.008, 7.372800000000001, 8.4448, 27.819200000000002]","[0.0075, 0.215, 0.69875, -0.003125, -0.000625, 0.145625]",132,0,29.0,"[np.True_, np.True_, np.True_, np.True_, np.True_, np.True_]",111.139680057386,0.0,0.0,False,0.0
1775336063.528179,"[1, 1, 1, 1, 1, 1]","[1500, 1500, 1495, 1350]","[np.float64(0.0), np.float64(0.0), np.float64(-0.5), np.float64(-15.0)]","[-0.33863588281249996, 9.684066875, 1.0174399374999998]",0.0,30.422178115844726,"[0.0, 1.73950195284, 13.732910153999999]",3,0.0,0.0,0.0,4294967.295,3750003.968,0,278087,333.11102294921875,-246.09066772460938,0.0,state.GROUND_TESTING,4743,-25,"[0, 0, 0, 0, 0, 0, 0, 0]","[0, 0, 0, 0, 0, 0, 0, 0]",0,-24,0.0,0,0,"[10.2, 1.2, 16.5, 10.8, 15.9, 17.0, 0, 0]","[4.069, 4.067, 4.061]",0.77,"[2.9936000000000003, 3.3104, 5.0064, 7.368, 8.4448, 27.820800000000002]","[0.0125, 0.245625, 0.663125, -0.00125, -0.005625, 0.145]",132,0,29.0,"[np.True_, np.True_, np.True_, np.True_, np.True_, np.True_]",111.190644547106,0.0,0.0,False,0.0
1775336063.5929558,"[1, 1, 1, 1, 1, 1]","[1500, 1500, 1495, 1350]","[np.float64(0.0), np.float64(0.0), np.float64(-0.5), np.float64(-15.0)]","[-0.389201421875, 9.544628570312499, 1.4043429257812499]",0.0,30.430922012329102,"[0.0, -0.4577636718, 6.83593749888]",3,0.0,0.0,0.0,4294967.295,3750003.968,0,278147,333.2437744140625,-245.96737670898438,0.0,state.GROUND_TESTING,4744,-25,"[0, 0, 0, 0, 0, 0, 0, 0]","[0, 0, 0, 0, 0, 0, 0, 0]",0,-24,0.0,0,0,"[10.8, 1.2, 17.0, 10.6, 16.5, 17.0, 0, 0]","[4.069, 4.067, 4.061]",0.77,"[2.9936000000000003, 3.3104, 5.0064, 7.368, 8.4448, 27.820800000000002]","[0.0125, 0.245625, 0.663125, -0.00125, -0.005625, 0.145]",132,0,29.0,"[np.True_, np.True_, np.True_, np.True_, np.True_, np.True_]",111.32463382407559,0.0,0.0,False,0.0
1775336063.636966,"[1, 1, 1, 1, 1, 1]","[1500, 1500, 1495, 1350]","[np.float64(0.0), np.float64(0.0), np.float64(-0.5), np.float64(-15.0)]","[-0.44129925, 9.6151138671875, 1.5920483359375]",0.0,30.43529396057129,"[0.0, 2.10571289028, 6.43920898332]",3,0.0,0.0,0.0,4294967.295,3750003.968,0,278201,333.46942138671875,-246.02554321289062,0.0,state.GROUND_TESTING,4745,-25,"[0, 0, 0, 0, 0, 0, 0, 0]","[0, 0, 0, 0, 0, 0, 0, 0]",0,-24,0.0,0,0,"[10.4, 1.2, 17.0, 10.6, 15.5, 16.5, 0, 0]","[4.069, 4.067, 4.061]",0.77,"[2.9936000000000003, 3.3104, 5.008, 7.364800000000001, 8.4448, 27.824]","[0.00375, 0.29125, 0.7275, -0.003125, -0.000625, 0.14125000000000001]",132,0,29.0,"[np.True_, np.True_, np.True_, np.True_, np.True_, np.True_]",111.31783741726525,0.0,0.0,False,0.0
1775336063.703132,"[1, 1, 1, 1, 1, 1]","[1500, 1500, 1495, 1350]","[np.float64(0.0), np.float64(0.0), np.float64(-0.5), np.float64(-15.0)]","[-0.43057322656249997, 9.674873140625, 1.2089760703124999]",0.0,30.4658975982666,"[0.0, -4.97436523356, 4.39453124928]",3,0.0,0.0,0.0,4294967.295,3750003.968,0,278261,333.397705078125,-245.87171936035156,0.0,state.GROUND_TESTING,4746,-26,"[0, 0, 0, 0, 0, 0, 0, 0]","[0, 0, 0, 0, 0, 0, 0, 0]",0,-24,0.0,0,0,"[10.8, 1.2, 16.5, 10.4, 16.5, 17.0, 0, 0]","[4.069, 4.067, 4.061]",0.77,"[2.9936000000000003, 3.3104, 5.008, 7.364800000000001, 8.4448, 27.824]","[0.00375, 0.29125, 0.7275, -0.003125, -0.000625, 0.14125000000000001]",132,0,29.0,"[np.True_, np.True_, np.True_, np.True_, np.True_, np.True_]",111.43872062198535,0.0,0.0,False,0.0
1775336063.766987,"[1, 1, 1, 1, 1, 1]","[1500, 1500, 1495, 1350]","[np.float64(0.0), np.float64(0.0), np.float64(-0.5), np.float64(-15.0)]","[-0.309522390625, 9.608218566406249, 1.18522558984375]",0.0,30.479013442993164,"[0.0, 3.5095214838, -8.605957029839999]",3,0.0,0.0,0.0,4294967.295,3750003.968,0,278321,333.4892578125,-245.60009765625,0.0,state.GROUND_TESTING,4747,-26,"[0, 0, 0, 0, 0, 0, 0, 0]","[0, 0, 0, 0, 0, 0, 0, 0]",0,-24,0.0,0,0,"[10.4, 1.3, 15.9, 10.6, 17.0, 17.6, 0, 0]","[4.069, 4.067, 4.061]",0.77,"[2.9936000000000003, 3.3120000000000003, 5.0064, 7.3632, 8.440000000000001, 27.819200000000002]","[0.02375, 0.66, 0.761875, 0.0, 0.00125, 0.14125000000000001]",132,0,29.0,"[np.True_, np.True_, np.True_, np.True_, np.True_, np.True_]",111.69498281130079,0.0,0.0,False,0.0
1775336063.8133278,"[1, 1, 1, 1, 1, 1]","[1500, 1500, 1495, 1350]","[np.float64(0.0), np.float64(0.0), np.float64(-0.5), np.float64(-15.0)]","[-0.407588890625, 9.67717157421875, 0.90481669140625]",0.0,30.439665908813478,"[0.0, 12.72583007604, -3.60107421816]",3,0.0,0.0,0.0,4294967.295,3750003.968,0,278381,333.50634765625,-245.823486328125,0.0,state.GROUND_TESTING,4748,-26,"[0, 0, 0, 0, 0, 0, 0, 0]","[0, 0, 0, 0, 0, 0, 0, 0]",0,-24,0.0,0,0,"[10.4, 1.2, 16.5, 10.8, 16.5, 16.5, 0, 0]","[4.069, 4.067, 4.061]",0.77,"[2.9936000000000003, 3.3120000000000003, 5.0064, 7.3632, 8.440000000000001, 27.819200000000002]","[0.02375, 0.66, 0.761875, 0.0, 0.00125, 0.14125000000000001]",132,0,29.0,"[np.True_, np.True_, np.True_, np.True_, np.True_, np.True_]",111.50237620868738,0.0,0.0,False,0.0
1775336063.861712,"[1, 1, 1, 1, 1, 1]","[1500, 1500, 1495, 1350]","[np.float64(0.0), np.float64(0.0), np.float64(-0.5), np.float64(-15.0)]","[-0.46811430859375, 9.50555519921875, 1.45031159765625]",0.0,30.422178115844726,"[0.0, 0.39672851556, 0.70190429676]",3,0.0,0.0,0.0,4294967.295,3750003.968,0,278435,333.5189514160156,-245.95364379882812,0.0,state.GROUND_TESTING,4749,-27,"[0, 0, 0, 0, 0, 0, 0, 0]","[0, 0, 0, 0, 0, 0, 0, 0]",0,-25,0.0,0,0,"[10.4, 1.3, 16.5, 10.4, 17.0, 16.5, 0, 0]","[4.069, 4.067, 4.061]",0.875,"[2.992, 3.3120000000000003, 5.008, 7.36, 8.441600000000001, 27.8256]","[0.02875, 0.6425, 0.7418750000000001, 0.000625, 0.006875, 0.165]",132,0,29.0,"[np.True_, np.True_, np.True_, np.True_, np.True_, np.True_]",111.39060195210746,0.0,0.0,False,0.0
1775336063.9274912,"[1, 1, 1, 1, 1, 1]","[1500, 1500, 1495, 1350]","[np.float64(0.0), np.float64(0.0), np.float64(-0.5), np.float64(-15.0)]","[-0.39839515625, 9.6672116953125, 1.3652695546875]",0.0,30.426550064086914,"[0.0, -2.83813476516, 7.7819824206]",3,0.0,0.0,0.0,4294967.295,3750003.968,0,278495,333.7936096191406,-245.7003631591797,0.0,state.GROUND_TESTING,4750,-27,"[0, 0, 0, 0, 0, 0, 0, 0]","[0, 0, 0, 0, 0, 0, 0, 0]",0,-26,0.0,0,0,"[10.8, 1.2, 16.5, 10.8, 15.9, 16.5, 0, 0]","[4.069, 4.067, 4.061]",0.875,"[2.992, 3.3120000000000003, 5.008, 7.36, 8.441600000000001, 27.8256]","[0.02875, 0.6425, 0.7418750000000001, 0.000625, 0.006875, 0.165]",132,0,29.0,"[np.True_, np.True_, np.True_, np.True_, np.True_, np.True_]",111.66685815025595,0.0,0.0,False,0.0
1775336063.995532,"[1, 1, 1, 1, 1, 1]","[1500, 1500, 1495, 1350]","[np.float64(0.0), np.float64(0.0), np.float64(-0.5), np.float64(-15.0)]","[-0.33250672656249997, 9.677937718749998, 1.1522813749999998]",0.0,30.457153701782225,"[0.0, -12.29858398236, 7.41577148316]",3,0.0,0.0,0.0,4294967.295,3750003.968,0,278555,334.1632080078125,-245.21881103515625,0.0,state.GROUND_TESTING,4751,-28,"[0, 0, 0, 0, 0, 0, 0, 0]","[0, 0, 0, 0, 0, 0, 0, 0]",0,-26,0.0,0,0,"[10.8, 1.3, 16.5, 10.6, 15.5, 15.5, 0, 0]","[4.069, 4.067, 4.061]",0.875,"[2.9952, 3.3136, 5.0112000000000005, 7.3616, 8.440000000000001, 27.822400000000002]","[0.01875, 0.6675, 0.833125, -0.00125, 0.0025, 0.166875]",132,0,29.0,"[np.True_, np.True_, np.True_, np.True_, np.True_, np.True_]",112.16375511504029,0.0,0.0,False,0.0
1775336064.040753,"[1, 1, 1, 1, 1, 1]","[1500, 1500, 1495, 1350]","[np.float64(0.0), np.float64(0.0), np.float64(-0.5), np.float64(-15.0)]","[-0.43517009374999993, 9.66184868359375, 0.9002198242187499]",0.0,30.43529396057129,"[0.0, 6.2561035145999995, 19.50073241868]",3,0.0,0.0,0.0,4294967.295,3750003.968,0,278615,334.8803405761719,-245.0357208251953,0.0,state.GROUND_TESTING,4752,-28,"[0, 0, 0, 0, 0, 0, 0, 0]","[0, 0, 0, 0, 0, 0, 0, 0]",0,-26,0.0,0,0,"[10.6, 1.2, 15.5, 10.8, 15.9, 17.0, 0, 0]","[4.069, 4.067, 4.061]",0.875,"[2.9952, 3.3136, 5.0112000000000005, 7.3616, 8.440000000000001, 27.822400000000002]","[0.01875, 0.6675, 0.833125, -0.00125, 0.0025, 0.166875]",132,0,29.0,"[np.True_, np.True_, np.True_, np.True_, np.True_, np.True_]",112.46609815994306,0.0,0.0,False,0.0
1775336064.1038551,"[1, 1, 1, 1, 1, 1]","[1500, 1500, 1495, 1350]","[np.float64(0.0), np.float64(0.0), np.float64(-0.5), np.float64(-15.0)]","[-0.35166033984374995, 9.507853632812498, 1.33385762890625]",0.0,30.404690322875975,"[0.0, -10.10131835772, -10.49804687328]",3,0.0,0.0,0.0,4294967.295,3750003.968,0,278669,334.6636962890625,-244.9160919189453,0.0,state.GROUND_TESTING,4753,-28,"[0, 0, 0, 0, 0, 0, 0, 0]","[0, 0, 0, 0, 0, 0, 0, 0]",0,-26,0.0,0,0,"[10.6, 1.3, 17.0, 10.8, 16.5, 17.6, 0, 0]","[4.069, 4.067, 4.061]",0.875,"[2.9936000000000003, 3.3104, 5.0064, 7.3712, 8.4448, 27.820800000000002]","[0.004375, 0.26687500000000003, 0.8200000000000001, 0.000625, -0.005625, 0.14125000000000001]",132,0,29.0,"[np.True_, np.True_, np.True_, np.True_, np.True_, np.True_]",112.52995934948227,0.0,0.0,False,0.0
1775336064.170655,"[1, 1, 1, 1, 1, 1]","[1500, 1500, 1495, 1350]","[np.float64(0.0), np.float64(0.0), np.float64(-0.5), np.float64(-15.0)]","[-0.43210551562499994, 9.791327109374999, 1.051150296875]",0.0,30.426550064086914,"[0.0, 5.09643554604, 0.67138671864]",3,0.0,0.0,0.0,4294967.295,3750003.968,0,278729,334.58892822265625,-245.06686401367188,0.0,state.GROUND_TESTING,4754,-28,"[0, 0, 0, 0, 0, 0, 0, 0]","[0, 0, 0, 0, 0, 0, 0, 0]",0,-26,0.0,0,0,"[10.4, 1.3, 15.9, 10.4, 16.5, 17.0, 0, 0]","[4.069, 4.067, 4.061]",0.875,"[2.9952, 3.3104, 5.008, 7.372800000000001, 8.441600000000001, 27.819200000000002]","[0.0075, 0.228125, 0.716875, -0.001875, -0.00375, 0.138125]",132,0,29.0,"[np.True_, np.True_, np.True_, np.True_, np.True_, np.True_]",112.38171864125212,0.0,0.0,False,0.0
1775336064.216067,"[1, 1, 1, 1, 1, 1]","[1500, 1500, 1495, 1350]","[np.float64(0.0), np.float64(0.0), np.float64(-0.5), np.float64(-15.0)]","[-0.37311238671874997, 9.48716773046875, 1.40357678125]",0.0,30.439665908813478,"[0.0, -1.43432617164, 7.20214843632]",3,0.0,0.0,0.0,4294967.295,3750003.968,0,278789,334.9035339355469,-244.75924682617188,0.0,state.GROUND_TESTING,4755,-29,"[0, 0, 0, 0, 0, 0, 0, 0]","[0, 0, 0, 0, 0, 0, 0, 0]",0,-27,0.0,0,0,"[10.8, 1.3, 16.5, 10.6, 15.5, 17.0, 0, 0]","[4.069, 4.067, 4.061]",0.875,"[2.9952, 3.3104, 5.008, 7.372800000000001, 8.441600000000001, 27.819200000000002]","[0.0075, 0.228125, 0.716875, -0.001875, -0.00375, 0.138125]",132,0,29.0,"[np.True_, np.True_, np.True_, np.True_, np.True_, np.True_]",112.71616524149776,0.0,0.0,False,0.0
1775336064.278187,"[1, 1, 1, 1, 1, 1]","[1500, 1500, 1495, 1350]","[np.float64(0.0), np.float64(0.0), np.float64(-0.5), np.float64(-15.0)]","[-0.38307226562499996, 9.61588001171875, 1.19135474609375]",0.0,30.404690322875975,"[0.0, -1.43432617164, -16.84570312224]",3,0.0,0.0,0.0,4294967.295,3750003.968,0,278849,334.9071960449219,-244.52731323242188,0.0,state.GROUND_TESTING,4756,-29,"[0, 0, 0, 0, 0, 0, 0, 0]","[0, 0, 0, 0, 0, 0, 0, 0]",0,-27,0.0,0,0,"[10.2, 1.3, 16.5, 10.4, 16.5, 17.0, 0, 0]","[4.069, 4.067, 4.062]",0.793,"[2.992, 3.3120000000000003, 5.008, 7.3664000000000005, 8.443200000000001, 27.820800000000002]","[0.004375, 0.244375, 0.760625, -0.004375, -0.00125, 0.144375]",132,0,29.0,"[np.True_, np.True_, np.True_, np.True_, np.True_, np.True_]",112.92280962738202,0.0,0.0,False,0.0
1775336064.344898,"[1, 1, 1, 1, 1, 1]","[1500, 1500, 1495, 1350]","[np.float64(0.0), np.float64(0.0), np.float64(-0.5), np.float64(-15.0)]","[-0.4428315390625, 9.69402675390625, 1.4234965390624998]",0.0,30.430922012329102,"[0.0, 4.48608398364, 1.25122070292]",3,0.0,0.0,0.0,4294967.295,3750003.968,0,278903,335.1067810058594,-244.62071228027344,0.0,state.GROUND_TESTING,4757,-30,"[0, 0, 0, 0, 0, 0, 0, 0]","[0, 0, 0, 0, 0, 0, 0, 0]",0,-29,0.0,0,0,"[10.4, 1.3, 17.6, 10.4, 14.6, 16.5, 0, 0]","[4.069, 4.067, 4.062]",0.793,"[2.992, 3.3120000000000003, 5.008, 7.3664000000000005, 8.443200000000001, 27.820800000000002]","[0.004375, 0.244375, 0.760625, -0.004375, -0.00125, 0.144375]",132,0,29.0,"[np.True_, np.True_, np.True_, np.True_, np.True_, np.True_]",112.87911718850135,0.0,0.0,False,0.0
1775336064.386955,"[1, 1, 1, 1, 1, 1]","[1500, 1500, 1495, 1350]","[np.float64(0.0), np.float64(0.0), np.float64(-0.5), np.float64(-15.0)]","[-0.3447650390625, 9.493296886718749, 1.265670765625]",0.0,30.41343421936035,"[0.0, -6.5612792958, 1.64794921848]",3,0.0,0.0,0.0,4294967.295,3750003.968,0,278963,334.9877624511719,-244.51329040527344,0.0,state.GROUND_TESTING,4758,-30,"[0, 0, 0, 0, 0, 0, 0, 0]","[0, 0, 0, 0, 0, 0, 0, 0]",0,-29,0.0,0,0,"[10.2, 1.2, 15.9, 11.1, 15.9, 17.0, 0, 0]","[4.069, 4.067, 4.062]",0.793,"[2.9936000000000003, 3.3120000000000003, 5.008, 7.364800000000001, 8.4448, 27.8256]","[0.003125, 0.265, 0.755, -0.001875, -0.00125, 0.144375]",132,0,29.0,"[np.True_, np.True_, np.True_, np.True_, np.True_, np.True_]",112.95119850279747,0.0,0.0,False,0.0
1775336064.449802,"[1, 1, 1, 1, 1, 1]","[1500, 1500, 1495, 1350]","[np.float64(0.0), np.float64(0.0), np.float64(-0.5), np.float64(-15.0)]","[-0.42061334765624997, 9.68789759765625, 1.06111017578125]",0.0,30.43529396057129,"[0.0, -1.43432617164, -2.50244140584]",3,0.0,0.0,0.0,4294967.295,3750003.968,0,279023,335.0658874511719,-244.84165954589844,0.0,state.GROUND_TESTING,4759,-28,"[0, 0, 0, 0, 0, 0, 0, 0]","[0, 0, 0, 0, 0, 0, 0, 0]",0,-27,0.0,0,0,"[10.6, 1.3, 15.9, 10.4, 15.9, 17.0, 0, 0]","[4.069, 4.067, 4.062]",0.793,"[2.9936000000000003, 3.3120000000000003, 5.008, 7.364800000000001, 8.4448, 27.8256]","[0.003125, 0.265, 0.755, -0.001875, -0.00125, 0.144375]",132,0,29.0,"[np.True_, np.True_, np.True_, np.True_, np.True_, np.True_]",112.6746030198372,0.0,0.0,False,0.0
1775336064.5207481,"[1, 1, 1, 1, 1, 1]","[1500, 1500, 1495, 1350]","[np.float64(0.0), np.float64(0.0), np.float64(-0.5), np.float64(-15.0)]","[-0.46734816406249996, 9.75838289453125, 1.057279453125]",0.0,30.457153701782225,"[0.0, 13.76342773212, 20.41625976228]",3,0.0,0.0,0.0,4294967.295,3750003.968,0,279083,334.7195739746094,-244.8843994140625,0.0,state.GROUND_TESTING,4760,-28,"[0, 0, 0, 0, 0, 0, 0, 0]","[0, 0, 0, 0, 0, 0, 0, 0]",0,-26,0.0,0,0,"[10.8, 1.3, 15.5, 10.8, 15.9, 16.5, 0, 0]","[4.069, 4.067, 4.062]",0.793,"[2.9952, 3.3120000000000003, 5.0064, 7.3616, 8.4464, 27.822400000000002]","[0.019375, 0.675625, 0.67, 0.00125, 0.000625, 0.14250000000000002]",132,0,29.0,"[np.True_, np.True_, np.True_, np.True_, np.True_, np.True_]",112.56902390289255,0.0,0.0,False,0.0
1775336064.570119,"[1, 1, 1, 1, 1, 1]","[1500, 1500, 1495, 1350]","[np.float64(0.0), np.float64(0.0), np.float64(-0.5), np.float64(-15.0)]","[-0.3478296171875, 9.566080617187499, 1.3016795585937497]",0.0,30.430922012329102,"[0.0, -6.80541992076, -11.07788085756]",3,0.0,0.0,0.0,4294967.295,3750003.968,0,279137,334.67242431640625,-244.7471923828125,0.0,state.GROUND_TESTING,4761,-29,"[0, 0, 0, 0, 0, 0, 0, 0]","[0, 0, 0, 0, 0, 0, 0, 0]",0,-26,0.0,0,0,"[10.6, 1.2, 16.5, 10.6, 16.5, 17.0, 0, 0]","[4.069, 4.067, 4.062]",0.793,"[2.9952, 3.3120000000000003, 5.0064, 7.3616, 8.4464, 27.822400000000002]","[0.019375, 0.675625, 0.67, 0.00125, 0.000625, 0.14250000000000002]",132,0,29.0,"[np.True_, np.True_, np.True_, np.True_, np.True_, np.True_]",112.6813437557275,0.0,0.0,False,0.0
1775336064.621588,"[1, 1, 1, 1, 1, 1]","[1500, 1500, 1495, 1350]","[np.float64(0.0), np.float64(0.0), np.float64(-0.5), np.float64(-15.0)]","[-0.37924154296875, 9.684833019531249, 1.10937728125]",0.0,30.448409805297853,"[0.0, 3.63159179628, 9.06372070164]",3,0.0,0.0,0.0,4294967.295,3750003.968,0,279197,335.0059814453125,-244.53846740722656,0.0,state.GROUND_TESTING,4762,-28,"[0, 0, 0, 0, 0, 0, 0, 0]","[0, 0, 0, 0, 0, 0, 0, 0]",0,-27,0.0,0,0,"[10.6, 1.2, 15.5, 10.8, 16.5, 15.9, 0, 0]","[4.069, 4.067, 4.062]",0.793,"[2.9952, 3.3120000000000003, 5.0064, 7.36, 8.4512, 27.824]","[0.02625, 0.6375000000000001, 0.6475, 0.003125, 0.006875, 0.161875]",132,0,29.0,"[np.True_, np.True_, np.True_, np.True_, np.True_, np.True_]",112.93242650280553,0.0,0.0,False,0.0
1775336064.6926239,"[1, 1, 1, 1, 1, 1]","[1500, 1500, 1495, 1350]","[np.float64(0.0), np.float64(0.0), np.float64(-0.5), np.float64(-15.0)]","[-0.42291178124999995, 9.53083796875, 1.2572431757812499]",0.0,30.452781753540037,"[0.0, -3.99780273372, -1.55639648412]",3,0.0,0.0,0.0,4294967.295,3750003.968,0,279257,334.9964904785156,-244.24363708496094,0.0,state.GROUND_TESTING,4763,-29,"[0, 0, 0, 0, 0, 0, 0, 0]","[0, 0, 0, 0, 0, 0, 0, 0]",0,-27,0.0,0,0,"[10.0, 1.3, 15.9, 10.8, 15.0, 17.0, 0, 0]","[4.069, 4.067, 4.062]",0.793,"[2.9952, 3.3120000000000003, 5.0064, 7.36, 8.4512, 27.824]","[0.02625, 0.6375000000000001, 0.6475, 0.003125, 0.006875, 0.161875]",132,0,29.0,"[np.True_, np.True_, np.True_, np.True_, np.True_, np.True_]",113.19243333096486,0.0,0.0,False,0.0
1775336064.739228,"[1, 1, 1, 1, 1, 1]","[1500, 1500, 1495, 1350]","[np.float64(0.0), np.float64(0.0), np.float64(-0.5), np.float64(-15.0)]","[-0.43746852734374997, 9.711648078125, 1.13006318359375]",0.0,30.43529396057129,"[0.0, 2.53295898396, 5.55419921784]",3,0.0,0.0,0.0,4294967.295,3750003.968,0,279317,335.0447082519531,-244.183837890625,0.0,state.GROUND_TESTING,4764,-28,"[0, 0, 0, 0, 0, 0, 0, 0]","[0, 0, 0, 0, 0, 0, 0, 0]",0,-27,0.0,0,0,"[10.4, 1.2, 17.0, 10.8, 15.5, 15.9, 0, 0]","[4.069, 4.067, 4.062]",0.793,"[2.992, 3.3104, 5.008, 7.364800000000001, 8.448, 27.820800000000002]","[0.025625000000000002, 0.654375, 0.640625, 0.000625, 0.004375, 0.16375]",132,0,29.0,"[np.True_, np.True_, np.True_, np.True_, np.True_, np.True_]",113.25518359790074,0.0,0.0,False,0.0
1775336064.808507,"[1, 1, 1, 1, 1, 1]","[1500, 1500, 1495, 1350]","[np.float64(0.0), np.float64(0.0), np.float64(-0.5), np.float64(-15.0)]","[-0.41141961328125, 9.63733205859375, 1.30627642578125]",0.0,30.448409805297853,"[0.0, 0.57983398428, -2.47192382772]",3,0.0,0.0,0.0,4294967.295,3750004.224,0,279371,335.0812683105469,-244.25839233398438,0.0,state.GROUND_TESTING,4765,-28,"[0, 0, 0, 0, 0, 0, 0, 0]","[0, 0, 0, 0, 0, 0, 0, 0]",0,-26,0.0,0,0,"[10.4, 1.3, 17.0, 10.6, 17.0, 17.0, 0, 0]","[4.069, 4.067, 4.062]",0.793,"[2.992, 3.3104, 5.008, 7.364800000000001, 8.448, 27.820800000000002]","[0.025625000000000002, 0.654375, 0.640625, 0.000625, 0.004375, 0.16375]",132,0,29.0,"[np.True_, np.True_, np.True_, np.True_, np.True_, np.True_]",113.19623413523317,0.0,0.0,False,0.0
1775336064.8528059,"[1, 1, 1, 1, 1, 1]","[1500, 1500, 1495, 1350]","[np.float64(0.0), np.float64(0.0), np.float64(-0.5), np.float64(-15.0)]","[-0.318716125, 9.53466869140625, 1.198250046875]",0.0,30.461525650024413,"[0.0, -8.14819335804, 4.24194335868]",3,0.0,0.0,0.0,4294967.295,3750004.224,0,279431,335.23443603515625,-244.2821807861328,0.0,state.GROUND_TESTING,4766,-28,"[0, 0, 0, 0, 0, 0, 0, 0]","[0, 0, 0, 0, 0, 0, 0, 0]",0,-26,0.0,0,0,"[10.6, 1.2, 16.5, 10.6, 15.5, 16.5, 0, 0]","[4.068, 4.066, 4.062]",0.815,"[2.9952, 3.3104, 5.0064, 7.376, 8.4496, 27.824]","[0.005625, 0.25375000000000003, 0.68625, 0.001875, 0.006875, 0.16125]",132,0,29.5,"[np.True_, np.True_, np.True_, np.True_, np.True_, np.True_]",113.20546958060952,0.0,0.0,False,0.0
1775336064.923798,"[1, 1, 1, 1, 1, 1]","[1500, 1500, 1495, 1350]","[np.float64(0.0), np.float64(0.0), np.float64(-0.5), np.float64(-15.0)]","[-0.42827479296875, 9.64959037109375, 0.9638098203125]",0.0,30.41780616760254,"[0.0, 12.3596191386, 5.70678710844]",3,0.0,0.0,0.0,4294967.295,3750004.224,0,279491,335.32537841796875,-244.18028259277344,0.0,state.GROUND_TESTING,4767,-29,"[0, 0, 0, 0, 0, 0, 0, 0]","[0, 0, 0, 0, 0, 0, 0, 0]",0,-27,0.0,0,0,"[10.2, 1.3, 15.9, 10.6, 16.5, 16.5, 0, 0]","[4.068, 4.066, 4.062]",0.815,"[2.9952, 3.3104, 5.0064, 7.376, 8.4496, 27.824]","[0.005625, 0.25375000000000003, 0.68625, 0.001875, 0.006875, 0.16125]",132,0,29.5,"[np.True_, np.True_, np.True_, np.True_, np.True_, np.True_]",113.31419577611564,0.0,0.0,False,0.0
1775336064.9860659,"[1, 1, 1, 1, 1, 1]","[1500, 1500, 1495, 1350]","[np.float64(0.0), np.float64(0.0), np.float64(-0.5), np.float64(-15.0)]","[-0.48190491015625, 9.553056160156249, 1.179862578125]",0.0,30.448409805297853,"[0.0, 4.48608398364, 13.732910153999999]",3,0.0,0.0,0.0,4294967.295,3750004.224,0,279551,335.3064270019531,-244.18270874023438,0.0,state.GROUND_TESTING,4768,-28,"[0, 0, 0, 0, 0, 0, 0, 0]","[0, 0, 0, 0, 0, 0, 0, 0]",0,-26,0.0,0,0,"[10.6, 1.3, 15.9, 10.8, 15.9, 16.5, 0, 0]","[4.068, 4.066, 4.062]",0.815,"[2.9952, 3.3136, 5.008, 7.3696, 8.448, 27.820800000000002]","[0.000625, 0.22625, 0.626875, -0.0025, 0.00125, 0.14375000000000002]",132,0,29.5,"[np.True_, np.True_, np.True_, np.True_, np.True_, np.True_]",113.30828170905289,0.0,0.0,False,0.0
1775336065.028789,"[1, 1, 1, 1, 1, 1]","[1500, 1500, 1495, 1350]","[np.float64(0.0), np.float64(0.0), np.float64(-0.5), np.float64(-15.0)]","[-0.39609672265624996, 9.661082539062498, 1.3131717265625]",0.0,30.444037857055665,"[0.0, 14.12963866956, 17.63916015336]",3,0.0,0.0,0.0,4294967.295,3750004.224,0,279605,335.8344421386719,-244.48883056640625,0.0,state.GROUND_TESTING,4769,-29,"[0, 0, 0, 0, 0, 0, 0, 0]","[0, 0, 0, 0, 0, 0, 0, 0]",0,-26,0.0,0,0,"[10.4, 1.3, 16.5, 10.6, 15.9, 17.0, 0, 0]","[4.068, 4.066, 4.062]",0.815,"[2.9952, 3.3120000000000003, 5.008, 7.3632, 8.448, 27.819200000000002]","[0.004375, 0.26937500000000003, 0.650625, -0.003125, -0.00125, 0.141875]",132,0,29.5,"[np.True_, np.True_, np.True_, np.True_, np.True_, np.True_]",113.13783132681189,0.0,0.0,False,0.0
1775336065.09922,"[1, 1, 1, 1, 1, 1]","[1500, 1500, 1495, 1350]","[np.float64(0.0), np.float64(0.0), np.float64(-0.5), np.float64(-15.0)]","[-0.272747453125, 9.7009220546875, 1.43192412890625]",0.0,30.47026954650879,"[0.0, -8.33129882676, 7.75146484248]",3,0.0,0.0,0.0,4294967.295,3750004.224,0,279665,335.90521240234375,-244.05914306640625,0.0,state.GROUND_TESTING,4770,-29,"[0, 0, 0, 0, 0, 0, 0, 0]","[0, 0, 0, 0, 0, 0, 0, 0]",0,-27,0.0,0,0,"[10.4, 1.2, 16.5, 11.1, 15.5, 15.9, 0, 0]","[4.068, 4.066, 4.062]",0.815,"[2.9952, 3.3120000000000003, 5.008, 7.3632, 8.448, 27.819200000000002]","[0.004375, 0.26937500000000003, 0.650625, -0.003125, -0.00125, 0.141875]",132,0,29.5,"[np.True_, np.True_, np.True_, np.True_, np.True_, np.True_]",113.53625635211561,0.0,0.0,False,0.0
1775336065.161406,"[1, 1, 1, 1, 1, 1]","[1500, 1500, 1495, 1350]","[np.float64(0.0), np.float64(0.0), np.float64(-0.5), np.float64(-15.0)]","[-0.42061334765624997, 9.591363386718749, 1.0680054765625]",0.0,30.48775733947754,"[0.0, -3.63159179628, 1.40380859352]",3,0.0,0.0,0.0,4294967.295,3750004.224,0,279725,336.20977783203125,-243.98834228515625,0.0,state.GROUND_TESTING,4771,-29,"[0, 0, 0, 0, 0, 0, 0, 0]","[0, 0, 0, 0, 0, 0, 0, 0]",0,-27,0.0,0,0,"[11.1, 1.3, 17.6, 10.6, 15.0, 16.5, 0, 0]","[4.068, 4.066, 4.062]",0.815,"[2.992, 3.3104, 5.0064, 7.3616, 8.4528, 27.824]","[0.005, 0.26375, 0.7156250000000001, -0.003125, -0.00125, 0.14375000000000002]",132,0,29.5,"[np.True_, np.True_, np.True_, np.True_, np.True_, np.True_]",113.65881166773669,0.0,0.0,False,0.0
1775336065.204767,"[1, 1, 1, 1, 1, 1]","[1500, 1500, 1495, 1350]","[np.float64(0.0), np.float64(0.0), np.float64(-0.5), np.float64(-15.0)]","[-0.54166418359375, 9.506321343749999, 1.15457980859375]",0.0,30.457153701782225,"[0.0, -1.00708007796, -6.5612792958]",3,0.0,0.0,0.0,4294967.295,3750004.224,0,279785,335.97515869140625,-243.7649688720703,0.0,state.GROUND_TESTING,4772,-29,"[0, 0, 0, 0, 0, 0, 0, 0]","[0, 0, 0, 0, 0, 0, 0, 0]",0,-27,0.0,0,0,"[10.8, 1.3, 17.0, 10.6, 16.5, 17.0, 0, 0]","[4.068, 4.066, 4.062]",0.815,"[2.992, 3.3104, 5.0064, 7.3616, 8.4528, 27.824]","[0.005, 0.26375, 0.7156250000000001, -0.003125, -0.00125, 0.14375000000000002]",132,0,29.5,"[np.True_, np.True_, np.True_, np.True_, np.True_, np.True_]",113.81336812439916,0.0,0.0,False,0.0
1775336065.2707999,"[1, 1, 1, 1, 1, 1]","[1500, 1500, 1495, 1350]","[np.float64(0.0), np.float64(0.0), np.float64(-0.5), np.float64(-15.0)]","[-0.3754108203125, 9.76297976171875, 1.2518801640625]",0.0,30.430922012329102,"[0.0, 4.6691894523599995, -2.1362304684]",3,0.0,0.0,0.0,4294967.295,3750004.224,0,279839,335.8342590332031,-244.09866333007812,0.0,state.GROUND_TESTING,4773,-29,"[0, 0, 0, 0, 0, 0, 0, 0]","[0, 0, 0, 0, 0, 0, 0, 0]",0,-28,0.0,0,0,"[10.6, 1.2, 17.6, 10.4, 16.5, 16.5, 0, 0]","[4.068, 4.066, 4.062]",0.815,"[2.9936000000000003, 3.3104, 5.0064, 7.36, 8.4528, 27.817600000000002]","[0.018125, 0.6425, 0.63, -0.004375, 0.0, 0.139375]",132,0,29.5,"[np.True_, np.True_, np.True_, np.True_, np.True_, np.True_]",113.48705323601428,0.0,0.0,False,0.0
1775336065.339104,"[1, 1, 1, 1, 1, 1]","[1500, 1500, 1495, 1350]","[np.float64(0.0), np.float64(0.0), np.float64(-0.5), np.float64(-15.0)]","[-0.32944214843749997, 9.6733408515625, 1.08715908984375]",0.0,30.439665908813478,"[0.0, -1.00708007796, -9.55200195156]",3,0.0,0.0,0.0,4294967.295,3750004.224,0,279899,335.28863525390625,-243.78616333007812,0.0,state.GROUND_TESTING,4774,-28,"[0, 0, 0, 0, 0, 0, 0, 0]","[0, 0, 0, 0, 0, 0, 0, 0]",0,-27,0.0,0,0,"[10.8, 1.3, 17.0, 10.8, 17.0, 16.5, 0, 0]","[4.068, 4.066, 4.062]",0.815,"[2.9936000000000003, 3.3104, 5.0064, 7.36, 8.4528, 27.817600000000002]","[0.018125, 0.6425, 0.63, -0.004375, 0.0, 0.139375]",132,0,29.5,"[np.True_, np.True_, np.True_, np.True_, np.True_, np.True_]",113.65771551027355,0.0,0.0,False,0.0
1775336065.385667,"[1, 1, 1, 1, 1, 1]","[1500, 1500, 1495, 1350]","[np.float64(0.0), np.float64(0.0), np.float64(-0.5), np.float64(-15.0)]","[-0.40529045703125, 9.54233013671875, 1.19441932421875]",0.0,30.47026954650879,"[0.0, -2.22778320276, 0.48828124992]",3,0.0,0.0,0.0,4294967.295,3750004.224,0,279959,335.683837890625,-244.0876922607422,0.0,state.GROUND_TESTING,4775,-28,"[0, 0, 0, 0, 0, 0, 0, 0]","[0, 0, 0, 0, 0, 0, 0, 0]",0,-26,0.0,0,0,"[10.6, 1.3, 16.5, 10.8, 15.9, 16.5, 0, 0]","[4.068, 4.066, 4.061]",0.875,"[2.9936000000000003, 3.3104, 5.008, 7.3584000000000005, 8.4448, 27.8272]","[0.025, 0.65, 0.6525, 0.000625, 0.00125, 0.16]",132,0,29.0,"[np.True_, np.True_, np.True_, np.True_, np.True_, np.True_]",113.46744534519958,0.0,0.0,False,0.0
1775336065.450366,"[1, 1, 1, 1, 1, 1]","[1500, 1500, 1495, 1350]","[np.float64(0.0), np.float64(0.0), np.float64(-0.5), np.float64(-15.0)]","[-0.43363780468749996, 9.723906390625, 1.2181698046875]",0.0,30.483385391235352,"[0.0, -1.6784667966, 19.31762694996]",3,0.0,0.0,0.0,4294967.295,3750004.224,0,280019,335.716796875,-243.7501678466797,0.0,state.GROUND_TESTING,4776,-28,"[0, 0, 0, 0, 0, 0, 0, 0]","[0, 0, 0, 0, 0, 0, 0, 0]",0,-26,0.0,0,0,"[11.1, 1.2, 16.5, 10.6, 15.9, 17.6, 0, 0]","[4.068, 4.066, 4.061]",0.875,"[2.9936000000000003, 3.3104, 5.008, 7.3584000000000005, 8.4448, 27.8272]","[0.025, 0.65, 0.6525, 0.000625, 0.00125, 0.16]",132,0,29.0,"[np.True_, np.True_, np.True_, np.True_, np.True_, np.True_]",113.77551811712073,0.0,0.0,False,0.0
1775336065.49987,"[1, 1, 1, 1, 1, 1]","[1500, 1500, 1495, 1350]","[np.float64(0.0), np.float64(0.0), np.float64(-0.5), np.float64(-15.0)]","[-0.34859576171874995, 9.69096217578125, 1.3254300390625]",0.0,30.452781753540037,"[0.0, -0.4577636718, -10.46752929516]",3,0.0,0.0,0.0,4294967.295,3750004.224,0,280073,335.83056640625,-243.7809295654297,0.0,state.GROUND_TESTING,4777,-26,"[0, 0, 0, 0, 0, 0, 0, 0]","[0, 0, 0, 0, 0, 0, 0, 0]",0,-26,0.0,0,0,"[10.8, 1.2, 17.0, 10.8, 17.0, 17.0, 0, 0]","[4.068, 4.066, 4.061]",0.875,"[2.9952, 3.3104, 5.0064, 7.364800000000001, 8.448, 27.822400000000002]","[0.025, 0.618125, 0.7125, 0.004375, 0.0025, 0.16375]",132,0,29.0,"[np.True_, np.True_, np.True_, np.True_, np.True_, np.True_]",113.77057211194304,0.0,0.0,False,0.0
1775336065.5653691,"[1, 1, 1, 1, 1, 1]","[1500, 1500, 1495, 1350]","[np.float64(0.0), np.float64(0.0), np.float64(-0.5), np.float64(-15.0)]","[-0.3784753984375, 9.61434772265625, 0.87263862109375]",0.0,30.4658975982666,"[0.0, 8.392333983, 1.61743164036]",3,0.0,0.0,0.0,4294967.295,3750004.224,0,280133,335.5846252441406,-243.79312133789062,0.0,state.GROUND_TESTING,4778,-26,"[0, 0, 0, 0, 0, 0, 0, 0]","[0, 0, 0, 0, 0, 0, 0, 0]",0,-24,0.0,0,0,"[10.8, 1.3, 17.0, 10.8, 17.0, 15.9, 0, 0]","[4.068, 4.066, 4.061]",0.875,"[2.9952, 3.3104, 5.0064, 7.364800000000001, 8.448, 27.822400000000002]","[0.025, 0.618125, 0.7125, 0.004375, 0.0025, 0.16375]",132,0,29.0,"[np.True_, np.True_, np.True_, np.True_, np.True_, np.True_]",113.71085797957215,0.0,0.0,False,0.0
1775336065.611121,"[1, 1, 1, 1, 1, 1]","[1500, 1500, 1495, 1350]","[np.float64(0.0), np.float64(0.0), np.float64(-0.5), np.float64(-15.0)]","[-0.505655390625, 9.502490621093749, 1.3300269062499999]",0.0,30.430922012329102,"[0.0, 0.1525878906, -9.73510742028]",3,0.0,0.0,0.0,4294967.295,3750004.224,0,280193,335.60321044921875,-244.03965759277344,0.0,state.GROUND_TESTING,4779,-26,"[0, 0, 0, 0, 0, 0, 0, 0]","[0, 0, 0, 0, 0, 0, 0, 0]",0,-24,0.0,0,0,"[10.8, 1.2, 17.6, 11.1, 17.0, 17.0, 0, 0]","[4.068, 4.066, 4.061]",0.875,"[2.9952, 3.3120000000000003, 5.008, 7.3664000000000005, 8.4464, 27.817600000000002]","[0.008125, 0.390625, 0.64, 0.00125, -0.00125, 0.160625]",132,0,29.0,"[np.True_, np.True_, np.True_, np.True_, np.True_, np.True_]",113.49449378584615,0.0,0.0,False,0.0
1775336065.6756759,"[1, 1, 1, 1, 1, 1]","[1500, 1500, 1495, 1350]","[np.float64(0.0), np.float64(0.0), np.float64(-0.5), np.float64(-15.0)]","[-0.35012805078125, 9.815843734375, 1.2917196796875]",0.0,30.439665908813478,"[0.0, 2.53295898396, 7.5988769518799995]",3,0.0,0.0,0.0,4294967.295,3750004.224,0,280253,335.37646484375,-243.8895263671875,0.0,state.GROUND_TESTING,4780,-26,"[0, 0, 0, 0, 0, 0, 0, 0]","[0, 0, 0, 0, 0, 0, 0, 0]",0,-24,0.0,0,0,"[10.4, 1.2, 16.5, 10.6, 15.5, 17.0, 0, 0]","[4.068, 4.066, 4.061]",0.875,"[2.9952, 3.3120000000000003, 5.008, 7.3664000000000005, 8.4464, 27.817600000000002]","[0.008125, 0.390625, 0.64, 0.00125, -0.00125, 0.160625]",132,0,29.0,"[np.True_, np.True_, np.True_, np.True_, np.True_, np.True_]",113.58333872417907,0.0,0.0,False,0.0
1775336065.725274,"[1, 1, 1, 1, 1, 1]","[1500, 1500, 1495, 1350]","[np.float64(0.0), np.float64(0.0), np.float64(-0.5), np.float64(-15.0)]","[-0.33250672656249997, 9.501724476562499, 1.14078920703125]",0.0,30.461525650024413,"[0.0, -7.53784179564, -16.29638671608]",3,0.0,0.0,0.0,4294967.295,3750004.224,0,280307,335.0483093261719,-243.78225708007812,0.0,state.GROUND_TESTING,4781,-26,"[0, 0, 0, 0, 0, 0, 0, 0]","[0, 0, 0, 0, 0, 0, 0, 0]",0,-25,0.0,0,0,"[11.1, 1.2, 17.0, 10.6, 15.9, 17.6, 0, 0]","[4.068, 4.066, 4.061]",0.875,"[2.992, 3.3120000000000003, 5.0096, 7.3664000000000005, 8.4448, 27.820800000000002]","[0.0075, 0.26875, 0.7075, 0.000625, -0.003125, 0.145]",132,0,29.0,"[np.True_, np.True_, np.True_, np.True_, np.True_, np.True_]",113.61252088521474,0.0,0.0,False,0.0
1775336065.792524,"[1, 1, 1, 1, 1, 1]","[1500, 1500, 1495, 1350]","[np.float64(0.0), np.float64(0.0), np.float64(-0.5), np.float64(-15.0)]","[-0.42291178124999995, 9.55535459375, 1.2564770312499998]",0.0,30.430922012329102,"[0.0, 0.70190429676, -3.41796874944]",3,0.0,0.0,0.0,4294967.295,3750004.224,0,280367,335.0086669921875,-243.59803771972656,0.0,state.GROUND_TESTING,4782,-26,"[0, 0, 0, 0, 0, 0, 0, 0]","[0, 0, 0, 0, 0, 0, 0, 0]",0,-25,0.0,0,0,"[10.8, 1.2, 16.5, 10.8, 15.9, 17.0, 0, 0]","[4.068, 4.066, 4.061]",0.875,"[2.992, 3.3136, 5.0048, 7.3616, 8.4496, 27.824]","[0.0075, 0.22375, 0.63125, 0.000625, -0.000625, 0.141875]",132,0,29.0,"[np.True_, np.True_, np.True_, np.True_, np.True_, np.True_]",113.7678952027427,0.0,0.0,False,0.0
1775336065.857724,"[1, 1, 1, 1, 1, 1]","[1500, 1500, 1495, 1350]","[np.float64(0.0), np.float64(0.0), np.float64(-0.5), np.float64(-15.0)]","[-0.47960647656249994, 9.8296343359375, 1.3782940117187499]",0.0,30.43529396057129,"[0.0, 1.12915039044, -0.97656249984]",3,0.0,0.0,0.0,4294967.295,3750004.224,0,280427,334.9366149902344,-243.78785705566406,0.0,state.GROUND_TESTING,4783,-27,"[0, 0, 0, 0, 0, 0, 0, 0]","[0, 0, 0, 0, 0, 0, 0, 0]",0,-26,0.0,0,0,"[10.8, 1.3, 17.0, 11.1, 15.5, 15.9, 0, 0]","[4.068, 4.066, 4.061]",0.875,"[2.992, 3.3136, 5.0048, 7.3616, 8.4496, 27.824]","[0.0075, 0.22375, 0.63125, 0.000625, -0.000625, 0.141875]",132,0,29.0,"[np.True_, np.True_, np.True_, np.True_, np.True_, np.True_]",113.58479111618364,0.0,0.0,False,0.0
1775336065.903029,"[1, 1, 1, 1, 1, 1]","[1500, 1500, 1495, 1350]","[np.float64(0.0), np.float64(0.0), np.float64(-0.5), np.float64(-15.0)]","[-0.29879636718749997, 9.651122660156249, 1.3346237734375002]",0.0,30.4658975982666,"[0.0, -5.7678222646799995, 15.01464843504]",3,0.0,0.0,0.0,4294967.295,3750004.224,0,280487,335.240234375,-243.64991760253906,0.0,state.GROUND_TESTING,4784,-28,"[0, 0, 0, 0, 0, 0, 0, 0]","[0, 0, 0, 0, 0, 0, 0, 0]",0,-26,0.0,0,0,"[10.8, 1.3, 17.0, 11.1, 15.5, 17.6, 0, 0]","[4.068, 4.066, 4.063]",0.875,"[2.9936000000000003, 3.3120000000000003, 5.0064, 7.36, 8.4448, 27.817600000000002]","[0.004375, 0.26125, 0.64, -0.003125, -0.003125, 0.14375000000000002]",132,0,29.0,"[np.True_, np.True_, np.True_, np.True_, np.True_, np.True_]",113.76910576119235,0.0,0.0,False,0.0
1775336065.975101,"[1, 1, 1, 1, 1, 1]","[1500, 1500, 1495, 1350]","[np.float64(0.0), np.float64(0.0), np.float64(-0.5), np.float64(-15.0)]","[-0.34093431640625, 9.58216965234375, 1.04578728515625]",0.0,30.457153701782225,"[0.0, -7.7209472643599995, -9.21630859224]",3,0.0,0.0,0.0,4294967.295,3750004.224,0,280541,335.0213317871094,-243.4572296142578,0.0,state.GROUND_TESTING,4785,-29,"[0, 0, 0, 0, 0, 0, 0, 0]","[0, 0, 0, 0, 0, 0, 0, 0]",0,-27,0.0,0,0,"[10.6, 1.3, 16.5, 10.8, 15.9, 15.9, 0, 0]","[4.068, 4.066, 4.063]",0.875,"[2.9936000000000003, 3.3120000000000003, 5.0064, 7.36, 8.4448, 27.817600000000002]","[0.004375, 0.26125, 0.64, -0.003125, -0.003125, 0.14375000000000002]",132,0,29.0,"[np.True_, np.True_, np.True_, np.True_, np.True_, np.True_]",113.89540013456975,0.0,0.0,False,0.0
1775336066.020194,"[1, 1, 1, 1, 1, 1]","[1500, 1500, 1495, 1350]","[np.float64(0.0), np.float64(0.0), np.float64(-0.5), np.float64(-15.0)]","[-0.5148491249999999, 9.58829880859375, 1.07336848828125]",0.0,30.461525650024413,"[0.0, 2.96020507764, 8.14819335804]",3,0.0,0.0,0.0,4294967.295,3750004.224,0,280601,335.24169921875,-243.5042266845703,0.0,state.GROUND_TESTING,4786,-29,"[0, 0, 0, 0, 0, 0, 0, 0]","[0, 0, 0, 0, 0, 0, 0, 0]",0,-27,0.0,0,0,"[10.6, 1.3, 16.5, 10.6, 15.9, 16.5, 0, 0]","[4.068, 4.066, 4.063]",0.875,"[2.9968000000000004, 3.3120000000000003, 5.0096, 7.3632, 8.448, 27.817600000000002]","[0.01, 0.26937500000000003, 0.599375, -0.00125, -0.001875, 0.143125]",132,0,29.0,"[np.True_, np.True_, np.True_, np.True_, np.True_, np.True_]",113.89892784512789,0.0,0.0,False,0.0
1775336066.0859048,"[1, 1, 1, 1, 1, 1]","[1500, 1500, 1495, 1350]","[np.float64(0.0), np.float64(0.0), np.float64(-0.5), np.float64(-15.0)]","[-0.4520252734375, 9.73846313671875, 1.0787315]",0.0,30.43529396057129,"[0.0, 0.1525878906, 5.8898925771599995]",3,0.0,0.0,0.0,4294967.295,3750004.224,0,280661,335.263671875,-243.61647033691406,0.0,state.GROUND_TESTING,4787,-28,"[0, 0, 0, 0, 0, 0, 0, 0]","[0, 0, 0, 0, 0, 0, 0, 0]",0,-26,0.0,0,0,"[10.8, 1.3, 16.5, 10.8, 16.5, 16.5, 0, 0]","[4.068, 4.066, 4.063]",0.875,"[2.9968000000000004, 3.3120000000000003, 5.0096, 7.3632, 8.448, 27.817600000000002]","[0.01, 0.26937500000000003, 0.599375, -0.00125, -0.001875, 0.143125]",132,0,29.0,"[np.True_, np.True_, np.True_, np.True_, np.True_, np.True_]",113.80360956469568,0.0,0.0,False,0.0
1775336066.149438,"[1, 1, 1, 1, 1, 1]","[1500, 1500, 1495, 1350]","[np.float64(0.0), np.float64(0.0), np.float64(-0.5), np.float64(-15.0)]","[-0.28423962109375, 9.62200916796875, 1.05957788671875]",0.0,30.448409805297853,"[0.0, 0.94604492172, 0.85449218736]",3,0.0,0.0,0.0,4294967.295,3750004.224,0,280721,335.26861572265625,-243.48707580566406,0.0,state.GROUND_TESTING,4788,-28,"[0, 0, 0, 0, 0, 0, 0, 0]","[0, 0, 0, 0, 0, 0, 0, 0]",0,-26,0.0,0,0,"[11.1, 1.2, 16.5, 11.1, 15.9, 17.0, 0, 0]","[4.068, 4.066, 4.063]",0.875,"[2.9936000000000003, 3.3136, 5.0064, 7.3632, 8.441600000000001, 27.824]","[0.024375, 0.6687500000000001, 0.7212500000000001, 0.00125, 0.008125, 0.16375]",132,0,29.0,"[np.True_, np.True_, np.True_, np.True_, np.True_, np.True_]",113.91967519474069,0.0,0.0,False,0.0
1775336066.19436,"[1, 1, 1, 1, 1, 1]","[1500, 1500, 1495, 1350]","[np.float64(0.0), np.float64(0.0), np.float64(-0.5), np.float64(-15.0)]","[-0.32867600390624996, 9.607452421875, 1.04425499609375]",0.0,30.47026954650879,"[0.0, 3.87573242124, -4.1809082024399995]",3,0.0,0.0,0.0,4294967.295,3750004.224,0,280775,335.014892578125,-243.54513549804688,0.0,state.GROUND_TESTING,4789,-28,"[0, 0, 0, 0, 0, 0, 0, 0]","[0, 0, 0, 0, 0, 0, 0, 0]",0,-26,0.0,0,0,"[11.1, 1.3, 17.0, 11.1, 16.5, 17.0, 0, 0]","[4.068, 4.066, 4.063]",0.875,"[2.9936000000000003, 3.3136, 5.0064, 7.3632, 8.441600000000001, 27.824]","[0.024375, 0.6687500000000001, 0.7212500000000001, 0.00125, 0.008125, 0.16375]",132,0,29.0,"[np.True_, np.True_, np.True_, np.True_, np.True_, np.True_]",113.81610153810445,0.0,0.0,False,0.0
1775336066.257705,"[1, 1, 1, 1, 1, 1]","[1500, 1500, 1495, 1350]","[np.float64(0.0), np.float64(0.0), np.float64(-0.5), np.float64(-15.0)]","[-0.51408298046875, 9.668743984375, 1.43805328515625]",0.0,30.483385391235352,"[0.0, -1.61743164036, -6.95800781136]",3,0.0,0.0,0.0,4294967.295,3750004.224,0,280835,334.76373291015625,-243.56651306152344,0.0,state.GROUND_TESTING,4790,-28,"[0, 0, 0, 0, 0, 0, 0, 0]","[0, 0, 0, 0, 0, 0, 0, 0]",0,-26,0.0,0,0,"[10.8, 1.2, 16.5, 10.6, 15.9, 17.6, 0, 0]","[4.068, 4.066, 4.063]",0.875,"[2.992, 3.3104, 5.0064, 7.368, 8.443200000000001, 27.817600000000002]","[0.02375, 0.67, 0.635625, 0.001875, 0.0025, 0.163125]",132,0,29.0,"[np.True_, np.True_, np.True_, np.True_, np.True_, np.True_]",113.74529319303024,0.0,0.0,False,0.0
1775336066.319487,"[1, 1, 1, 1, 1, 1]","[1500, 1500, 1495, 1350]","[np.float64(0.0), np.float64(0.0), np.float64(-0.5), np.float64(-15.0)]","[-0.376943109375, 9.688663742187499, 1.44418244140625]",0.0,30.439665908813478,"[0.0, -8.14819335804, -24.84130858968]",3,0.0,0.0,0.0,4294967.295,3750004.224,0,280895,334.38104248046875,-243.49813842773438,0.0,state.GROUND_TESTING,4791,-28,"[0, 0, 0, 0, 0, 0, 0, 0]","[0, 0, 0, 0, 0, 0, 0, 0]",0,-26,0.0,0,0,"[10.6, 1.2, 16.5, 11.3, 15.9, 16.5, 0, 0]","[4.068, 4.066, 4.063]",0.875,"[2.992, 3.3104, 5.0064, 7.368, 8.443200000000001, 27.817600000000002]","[0.02375, 0.67, 0.635625, 0.001875, 0.0025, 0.163125]",132,0,29.0,"[np.True_, np.True_, np.True_, np.True_, np.True_, np.True_]",113.72567811654625,0.0,0.0,False,0.0
1775336066.38333,"[1, 1, 1, 1, 1, 1]","[1500, 1500, 1495, 1350]","[np.float64(0.0), np.float64(0.0), np.float64(-0.5), np.float64(-15.0)]","[-0.3784753984375, 9.60208941015625, 1.1867578789062498]",0.0,30.4658975982666,"[0.0, 13.51928710716, 9.6130371078]",3,0.0,0.0,0.0,4294967.295,3750004.224,0,280955,334.2818603515625,-243.53228759765625,0.0,state.GROUND_TESTING,4792,-28,"[0, 0, 0, 0, 0, 0, 0, 0]","[0, 0, 0, 0, 0, 0, 0, 0]",0,-26,0.0,0,0,"[11.1, 1.3, 17.0, 10.6, 15.9, 17.6, 0, 0]","[4.069, 4.067, 4.061]",0.748,"[2.9952, 3.3136, 5.0048, 7.372800000000001, 8.443200000000001, 27.8256]","[0.023125, 0.675625, 0.670625, -0.00125, 0.00375, 0.166875]",132,0,29.0,"[np.True_, np.True_, np.True_, np.True_, np.True_, np.True_]",113.67466758524672,0.0,0.0,False,0.0
1775336066.429832,"[1, 1, 1, 1, 1, 1]","[1500, 1500, 1495, 1350]","[np.float64(0.0), np.float64(0.0), np.float64(-0.5), np.float64(-15.0)]","[-0.47960647656249994, 9.587532664062499, 1.33845449609375]",0.0,30.479013442993164,"[0.0, 15.1062011694, 9.6130371078]",3,0.0,0.0,0.0,4294967.295,3750004.224,0,281009,334.7117919921875,-243.98736572265625,0.0,state.GROUND_TESTING,4793,-29,"[0, 0, 0, 0, 0, 0, 0, 0]","[0, 0, 0, 0, 0, 0, 0, 0]",0,-27,0.0,0,0,"[11.1, 1.3, 16.5, 10.8, 17.0, 15.5, 0, 0]","[4.069, 4.067, 4.061]",0.748,"[2.9952, 3.3136, 5.0048, 7.372800000000001, 8.443200000000001, 27.8256]","[0.023125, 0.675625, 0.670625, -0.00125, 0.00375, 0.166875]",132,0,29.0,"[np.True_, np.True_, np.True_, np.True_, np.True_, np.True_]",113.36214462915223,0.0,0.0,False,0.0
1775336066.503191,"[1, 1, 1, 1, 1, 1]","[1500, 1500, 1495, 1350]","[np.float64(0.0), np.float64(0.0), np.float64(-0.5), np.float64(-15.0)]","[-0.40988732421874996, 9.815077589843751, 1.2304281171874998]",0.0,30.483385391235352,"[0.0, -1.43432617164, -4.36401367116]",3,0.0,0.0,0.0,4294967.295,3750004.224,0,281069,334.3446350097656,-243.80548095703125,0.0,state.GROUND_TESTING,4794,-29,"[0, 0, 0, 0, 0, 0, 0, 0]","[0, 0, 0, 0, 0, 0, 0, 0]",0,-27,0.0,0,0,"[10.4, 1.3, 17.0, 11.3, 15.5, 17.0, 0, 0]","[4.069, 4.067, 4.061]",0.748,"[2.9936000000000003, 3.3120000000000003, 5.0064, 7.364800000000001, 8.441600000000001, 27.824]","[-0.00125, 0.248125, 0.694375, -0.00375, -0.0025, 0.151875]",132,0,29.0,"[np.True_, np.True_, np.True_, np.True_, np.True_, np.True_]",113.44711523882566,0.0,0.0,False,0.0
1775336066.552497,"[1, 1, 1, 1, 1, 1]","[1500, 1500, 1495, 1350]","[np.float64(0.0), np.float64(0.0), np.float64(-0.5), np.float64(-15.0)]","[-0.31565154687499997, 9.5982586875, 1.00288319140625]",0.0,30.4658975982666,"[0.0, 1.73950195284, 14.12963866956]",3,0.0,0.0,0.0,4294967.295,3750004.224,0,281129,334.4081115722656,-243.70172119140625,0.0,state.GROUND_TESTING,4795,-29,"[0, 0, 0, 0, 0, 0, 0, 0]","[0, 0, 0, 0, 0, 0, 0, 0]",0,-27,0.0,0,0,"[10.6, 1.3, 16.5, 10.6, 15.0, 17.0, 0, 0]","[4.069, 4.067, 4.061]",0.748,"[2.9936000000000003, 3.3120000000000003, 5.008, 7.3584000000000005, 8.441600000000001, 27.820800000000002]","[0.005625, 0.22312500000000002, 0.726875, -0.001875, 0.00125, 0.145]",132,0,29.0,"[np.True_, np.True_, np.True_, np.True_, np.True_, np.True_]",113.55185124807917,0.0,0.0,False,0.0
1775336066.6012359,"[1, 1, 1, 1, 1, 1]","[1500, 1500, 1495, 1350]","[np.float64(0.0), np.float64(0.0), np.float64(-0.5), np.float64(-15.0)]","[-0.48037262109374995, 9.561483749999999, 1.222766671875]",0.0,30.457153701782225,"[0.0, -6.7443847645199995, -15.16723632564]",3,0.0,0.0,0.0,4294967.295,3750004.224,0,281189,334.3238830566406,-243.6663360595703,0.0,state.GROUND_TESTING,4796,-29,"[0, 0, 0, 0, 0, 0, 0, 0]","[0, 0, 0, 0, 0, 0, 0, 0]",0,-26,0.0,0,0,"[10.8, 1.3, 15.9, 11.3, 16.5, 17.0, 0, 0]","[4.069, 4.067, 4.061]",0.748,"[2.9936000000000003, 3.3120000000000003, 5.008, 7.3584000000000005, 8.441600000000001, 27.820800000000002]","[0.005625, 0.22312500000000002, 0.726875, -0.001875, 0.00125, 0.145]",132,0,29.0,"[np.True_, np.True_, np.True_, np.True_, np.True_, np.True_]",113.56542448061164,0.0,0.0,False,0.0
1775336066.666966,"[1, 1, 1, 1, 1, 1]","[1500, 1500, 1495, 1350]","[np.float64(0.0), np.float64(0.0), np.float64(-0.5), np.float64(-15.0)]","[-0.47347732031249995, 9.80894843359375, 1.1476845078125]",0.0,30.47026954650879,"[0.0, -5.1574707022799995, 7.04956054572]",3,0.0,0.0,0.0,4294967.295,3750004.224,0,281243,334.5273132324219,-243.43930053710938,0.0,state.GROUND_TESTING,4797,-30,"[0, 0, 0, 0, 0, 0, 0, 0]","[0, 0, 0, 0, 0, 0, 0, 0]",0,-28,0.0,0,0,"[10.6, 1.2, 15.9, 10.6, 15.9, 17.6, 0, 0]","[4.069, 4.067, 4.061]",0.748,"[2.9936000000000003, 3.3104, 5.0048, 7.3584000000000005, 8.441600000000001, 27.819200000000002]","[0.0075, 0.264375, 0.7775, -0.0025, 0.004375, 0.13875]",132,0,29.0,"[np.True_, np.True_, np.True_, np.True_, np.True_, np.True_]",113.80836129502634,0.0,0.0,False,0.0
1775336066.7286222,"[1, 1, 1, 1, 1, 1]","[1500, 1500, 1495, 1350]","[np.float64(0.0), np.float64(0.0), np.float64(-0.5), np.float64(-15.0)]","[-0.31565154687499997, 9.576806640625, 1.2488155859375]",0.0,30.492129287719727,"[0.0, -0.03051757812, -4.51660156176]",3,0.0,0.0,0.0,4294967.295,3750004.224,0,281303,334.5010681152344,-243.38131713867188,0.0,state.GROUND_TESTING,4798,-30,"[0, 0, 0, 0, 0, 0, 0, 0]","[0, 0, 0, 0, 0, 0, 0, 0]",0,-29,0.0,0,0,"[11.1, 1.3, 16.5, 10.4, 15.9, 17.0, 0, 0]","[4.069, 4.067, 4.061]",0.748,"[2.9936000000000003, 3.3104, 5.0048, 7.3584000000000005, 8.441600000000001, 27.819200000000002]","[0.0075, 0.264375, 0.7775, -0.0025, 0.004375, 0.13875]",132,0,29.0,"[np.True_, np.True_, np.True_, np.True_, np.True_, np.True_]",113.85400330353457,0.0,0.0,False,0.0
1775336066.7745762,"[1, 1, 1, 1, 1, 1]","[1500, 1500, 1495, 1350]","[np.float64(0.0), np.float64(0.0), np.float64(-0.5), np.float64(-15.0)]","[-0.41601648046874995, 9.5538223046875, 1.2794613671875]",0.0,30.474641494750976,"[0.0, -5.58471679596, -7.14111328008]",3,0.0,0.0,0.0,4294967.295,3750004.224,0,281363,334.53826904296875,-243.25559997558594,0.0,state.GROUND_TESTING,4799,-30,"[0, 0, 0, 0, 0, 0, 0, 0]","[0, 0, 0, 0, 0, 0, 0, 0]",0,-28,0.0,0,0,"[10.6, 1.3, 15.9, 10.6, 16.5, 17.6, 0, 0]","[4.069, 4.067, 4.061]",0.748,"[2.992, 3.3120000000000003, 5.0096, 7.368, 8.441600000000001, 27.822400000000002]","[0.0, 0.26937500000000003, 0.70125, -0.001875, -0.003125, 0.14125000000000001]",132,0,29.0,"[np.True_, np.True_, np.True_, np.True_, np.True_, np.True_]",113.97279061213133,0.0,0.0,False,0.0
1775336066.83818,"[1, 1, 1, 1, 1, 1]","[1500, 1500, 1495, 1350]","[np.float64(0.0), np.float64(0.0), np.float64(-0.5), np.float64(-15.0)]","[-0.43746852734374997, 9.654953382812499, 1.40357678125]",0.0,30.439665908813478,"[0.0, -0.09155273436, 5.340576171]",3,0.0,0.0,0.0,4294967.295,3750004.224,0,281423,334.58465576171875,-243.40328979492188,0.0,state.GROUND_TESTING,4800,-30,"[0, 0, 0, 0, 0, 0, 0, 0]","[0, 0, 0, 0, 0, 0, 0, 0]",0,-28,0.0,0,0,"[10.8, 1.3, 17.0, 11.1, 15.5, 17.0, 0, 0]","[4.069, 4.067, 4.061]",0.748,"[2.992, 3.3120000000000003, 5.0096, 7.368, 8.441600000000001, 27.822400000000002]","[0.0, 0.26937500000000003, 0.70125, -0.001875, -0.003125, 0.14125000000000001]",132,0,29.0,"[np.True_, np.True_, np.True_, np.True_, np.True_, np.True_]",113.85220321507632,0.0,0.0,False,0.0
1775336066.88764,"[1, 1, 1, 1, 1, 1]","[1500, 1500, 1495, 1350]","[np.float64(0.0), np.float64(0.0), np.float64(-0.5), np.float64(-15.0)]","[-0.26125528515625, 9.701688199218749, 0.9002198242187499]",0.0,30.47026954650879,"[0.0, 2.71606445268, -4.15039062432]",3,0.0,0.0,0.0,4294967.295,3750004.224,0,281477,334.6695251464844,-243.13465881347656,0.0,state.GROUND_TESTING,4801,-30,"[0, 0, 0, 0, 0, 0, 0, 0]","[0, 0, 0, 0, 0, 0, 0, 0]",0,-28,0.0,0,0,"[10.6, 1.3, 17.0, 10.8, 15.9, 16.5, 0, 0]","[4.068, 4.065, 4.061]",0.875,"[2.9952, 3.3120000000000003, 5.008, 7.3664000000000005, 8.4464, 27.820800000000002]","[0.02125, 0.651875, 0.724375, 0.0025, 0.01, 0.14375000000000002]",132,0,29.0,"[np.True_, np.True_, np.True_, np.True_, np.True_, np.True_]",114.10736276566011,0.0,0.0,False,0.0
1775336066.959903,"[1, 1, 1, 1, 1, 1]","[1500, 1500, 1495, 1350]","[np.float64(0.0), np.float64(0.0), np.float64(-0.5), np.float64(-15.0)]","[-0.35932178515625, 9.554588449218748, 1.3890200351562498]",0.0,30.496501235961915,"[0.0, 7.8430175768399994, 10.34545898268]",3,0.0,0.0,0.0,4294967.295,3750004.224,0,281537,334.8831481933594,-243.22010803222656,0.0,state.GROUND_TESTING,4802,-30,"[0, 0, 0, 0, 0, 0, 0, 0]","[0, 0, 0, 0, 0, 0, 0, 0]",0,-28,0.0,0,0,"[10.4, 1.3, 17.0, 10.2, 16.5, 16.5, 0, 0]","[4.068, 4.065, 4.061]",0.875,"[2.9952, 3.3120000000000003, 5.008, 7.3664000000000005, 8.4464, 27.820800000000002]","[0.02125, 0.651875, 0.724375, 0.0025, 0.01, 0.14375000000000002]",132,0,29.0,"[np.True_, np.True_, np.True_, np.True_, np.True_, np.True_]",114.07679352343743,0.0,0.0,False,0.0
1775336067.008966,"[1, 1, 1, 1, 1, 1]","[1500, 1500, 1495, 1350]","[np.float64(0.0), np.float64(0.0), np.float64(-0.5), np.float64(-15.0)]","[-0.48803406640624997, 9.69019603125, 1.2128067929687498]",0.0,30.448409805297853,"[0.0, -16.26586913796, 8.30078124864]",3,0.0,0.0,0.0,4294967.295,3750004.224,0,281597,334.75225830078125,-242.90032958984375,0.0,state.GROUND_TESTING,4803,-29,"[0, 0, 0, 0, 0, 0, 0, 0]","[0, 0, 0, 0, 0, 0, 0, 0]",0,-28,0.0,0,0,"[10.6, 1.2, 15.9, 10.6, 15.9, 16.5, 0, 0]","[4.068, 4.065, 4.061]",0.875,"[2.9904, 3.3120000000000003, 5.008, 7.3664000000000005, 8.4496, 27.8256]","[0.020625, 0.67375, 0.84, 0.00125, 0.004375, 0.166875]",132,0,29.0,"[np.True_, np.True_, np.True_, np.True_, np.True_, np.True_]",114.33197764098107,0.0,0.0,False,0.0
1775336067.074535,"[1, 1, 1, 1, 1, 1]","[1500, 1500, 1495, 1350]","[np.float64(0.0), np.float64(0.0), np.float64(-0.5), np.float64(-15.0)]","[-0.35855564062499995, 9.6472919375, 1.23119426171875]",0.0,30.496501235961915,"[0.0, -12.0544433574, 9.79614257652]",3,0.0,0.0,0.0,4294967.295,3750004.224,0,281657,335.28936767578125,-242.87350463867188,0.0,state.GROUND_TESTING,4804,-28,"[0, 0, 0, 0, 0, 0, 0, 0]","[0, 0, 0, 0, 0, 0, 0, 0]",0,-27,0.0,0,0,"[10.4, 1.2, 17.0, 10.6, 15.9, 16.5, 0, 0]","[4.068, 4.065, 4.061]",0.875,"[2.9904, 3.3120000000000003, 5.008, 7.3664000000000005, 8.4496, 27.8256]","[0.020625, 0.67375, 0.84, 0.00125, 0.004375, 0.166875]",132,0,29.0,"[np.True_, np.True_, np.True_, np.True_, np.True_, np.True_]",114.46925297562034,0.0,0.0,False,0.0
1775336067.121346,"[1, 1, 1, 1, 1, 1]","[1500, 1500, 1495, 1350]","[np.float64(0.0), np.float64(0.0), np.float64(-0.5), np.float64(-15.0)]","[-0.36162021874999994, 9.595960253906249, 1.1078449921875]",0.0,30.474641494750976,"[0.0, 4.3029785149199995, 4.4250488273999995]",3,0.0,0.0,0.0,4294967.295,3750004.224,0,281711,335.1567687988281,-242.80372619628906,0.0,state.GROUND_TESTING,4805,-28,"[0, 0, 0, 0, 0, 0, 0, 0]","[0, 0, 0, 0, 0, 0, 0, 0]",0,-26,0.0,0,0,"[10.4, 1.3, 16.5, 10.6, 15.9, 16.5, 0, 0]","[4.068, 4.065, 4.061]",0.875,"[2.992, 3.3136, 5.008, 7.3696, 8.4496, 27.822400000000002]","[0.02, 0.59875, 0.735, 0.0025, 0.005625, 0.165625]",132,0,29.0,"[np.True_, np.True_, np.True_, np.True_, np.True_, np.True_]",114.5033174317916,0.0,0.0,False,0.0
1775336067.194528,"[1, 1, 1, 1, 1, 1]","[1500, 1500, 1495, 1350]","[np.float64(0.0), np.float64(0.0), np.float64(-0.5), np.float64(-15.0)]","[-0.4612190078124999, 9.616646156249999, 1.29248582421875]",0.0,30.47026954650879,"[0.0, 3.87573242124, 13.33618163844]",3,0.0,0.0,0.0,4294967.295,3750004.224,0,281771,335.58306884765625,-242.88307189941406,0.0,state.GROUND_TESTING,4806,-28,"[0, 0, 0, 0, 0, 0, 0, 0]","[0, 0, 0, 0, 0, 0, 0, 0]",0,-26,0.0,0,0,"[10.2, 1.3, 17.0, 10.4, 15.9, 16.5, 0, 0]","[4.068, 4.065, 4.061]",0.875,"[2.992, 3.3136, 5.008, 7.3696, 8.4496, 27.822400000000002]","[0.02, 0.59875, 0.735, 0.0025, 0.005625, 0.165625]",132,0,29.0,"[np.True_, np.True_, np.True_, np.True_, np.True_, np.True_]",114.52190779833262,0.0,0.0,False,0.0
1775336067.2416482,"[1, 1, 1, 1, 1, 1]","[1500, 1500, 1495, 1350]","[np.float64(0.0), np.float64(0.0), np.float64(-0.5), np.float64(-15.0)]","[-0.3447650390625, 9.651122660156249, 1.1323616171875]",0.0,30.474641494750976,"[0.0, -12.84790038852, 2.16674804652]",3,0.0,0.0,0.0,4294967.295,3750004.224,0,281831,335.6581726074219,-242.5699920654297,0.0,state.GROUND_TESTING,4807,-27,"[0, 0, 0, 0, 0, 0, 0, 0]","[0, 0, 0, 0, 0, 0, 0, 0]",0,-26,0.0,0,0,"[10.6, 1.2, 15.9, 10.8, 15.5, 15.9, 0, 0]","[4.068, 4.065, 4.061]",0.875,"[2.9936000000000003, 3.3120000000000003, 5.008, 7.3632, 8.4528, 27.820800000000002]","[0.008125, 0.241875, 0.82625, -0.00125, 0.00625, 0.15812500000000002]",132,0,29.0,"[np.True_, np.True_, np.True_, np.True_, np.True_, np.True_]",114.8164577815138,0.0,0.0,False,0.0
1775336067.308442,"[1, 1, 1, 1, 1, 1]","[1500, 1500, 1495, 1350]","[np.float64(0.0), np.float64(0.0), np.float64(-0.5), np.float64(-15.0)]","[-0.35778949609375, 9.62890446875, 1.1400230625]",0.0,30.439665908813478,"[0.0, -0.27465820308, 14.465332028879999]",3,0.0,0.0,0.0,4294967.295,3750004.224,0,281891,336.2557373046875,-242.72195434570312,0.0,state.GROUND_TESTING,4808,-26,"[0, 0, 0, 0, 0, 0, 0, 0]","[0, 0, 0, 0, 0, 0, 0, 0]",0,-25,0.0,0,0,"[10.6, 1.3, 16.5, 11.1, 15.5, 17.6, 0, 0]","[4.069, 4.067, 4.063]",0.905,"[2.9936000000000003, 3.3120000000000003, 5.0064, 7.3584000000000005, 8.448, 27.819200000000002]","[0.006875, 0.226875, 0.8150000000000001, -0.0025, 0.003125, 0.141875]",132,0,29.0,"[np.True_, np.True_, np.True_, np.True_, np.True_, np.True_]",114.80390758000956,0.0,0.0,False,0.0
1775336067.35442,"[1, 1, 1, 1, 1, 1]","[1500, 1500, 1495, 1350]","[np.float64(0.0), np.float64(0.0), np.float64(-0.5), np.float64(-15.0)]","[-0.44359768359374996, 9.62890446875, 1.241154140625]",0.0,30.457153701782225,"[0.0, -6.3781738270799995, -0.82397460924]",3,0.0,0.0,0.0,4294967.295,3750004.224,0,281945,336.5696105957031,-242.58737182617188,0.0,state.GROUND_TESTING,4809,-28,"[0, 0, 0, 0, 0, 0, 0, 0]","[0, 0, 0, 0, 0, 0, 0, 0]",0,-26,0.0,0,0,"[10.6, 1.2, 16.5, 11.1, 15.9, 16.5, 0, 0]","[4.069, 4.067, 4.063]",0.905,"[2.9936000000000003, 3.3120000000000003, 5.0064, 7.3584000000000005, 8.448, 27.819200000000002]","[0.006875, 0.226875, 0.8150000000000001, -0.0025, 0.003125, 0.141875]",132,0,29.0,"[np.True_, np.True_, np.True_, np.True_, np.True_, np.True_]",114.98828947539171,0.0,0.0,False,0.0
1775336067.4270148,"[1, 1, 1, 1, 1, 1]","[1500, 1500, 1495, 1350]","[np.float64(0.0), np.float64(0.0), np.float64(-0.5), np.float64(-15.0)]","[-0.35932178515625, 9.661082539062498, 1.24498486328125]",0.0,30.4658975982666,"[0.0, -1.80053710908, 17.8527832002]",3,0.0,0.0,0.0,4294967.295,3750004.224,0,282005,337.1860656738281,-242.67282104492188,0.0,state.GROUND_TESTING,4810,-29,"[0, 0, 0, 0, 0, 0, 0, 0]","[0, 0, 0, 0, 0, 0, 0, 0]",0,-27,0.0,0,0,"[10.8, 1.2, 17.0, 10.4, 16.5, 16.5, 0, 0]","[4.069, 4.067, 4.063]",0.905,"[2.9952, 3.3104, 5.008, 7.36, 8.4512, 27.819200000000002]","[0.004375, 0.243125, 0.725, -0.00125, -0.00375, 0.14250000000000002]",132,0,29.0,"[np.True_, np.True_, np.True_, np.True_, np.True_, np.True_]",115.03408775046498,0.0,0.0,False,0.0
1775336067.477215,"[1, 1, 1, 1, 1, 1]","[1500, 1500, 1495, 1350]","[np.float64(0.0), np.float64(0.0), np.float64(-0.5), np.float64(-15.0)]","[-0.36238636328125, 9.635033625, 1.27256606640625]",0.0,30.457153701782225,"[0.0, -4.36401367116, 13.33618163844]",3,0.0,0.0,0.0,4294967.295,3750004.224,0,282065,337.2104797363281,-242.1729278564453,0.0,state.GROUND_TESTING,4811,-31,"[0, 0, 0, 0, 0, 0, 0, 0]","[0, 0, 0, 0, 0, 0, 0, 0]",0,-29,0.0,0,0,"[10.6, 1.3, 17.0, 10.6, 15.9, 15.9, 0, 0]","[4.069, 4.067, 4.063]",0.905,"[2.9952, 3.3104, 5.008, 7.36, 8.4512, 27.819200000000002]","[0.004375, 0.243125, 0.725, -0.00125, -0.00375, 0.14250000000000002]",132,0,29.0,"[np.True_, np.True_, np.True_, np.True_, np.True_, np.True_]",115.49059885562075,0.0,0.0,False,0.0
1775336067.5502112,"[1, 1, 1, 1, 1, 1]","[1500, 1500, 1495, 1350]","[np.float64(0.0), np.float64(0.0), np.float64(-0.5), np.float64(-15.0)]","[-0.47424346484375, 9.62354145703125, 1.241154140625]",0.0,30.452781753540037,"[0.0, -1.61743164036, -11.444091795]",3,0.0,0.0,0.0,4294967.295,3750004.224,0,282125,337.2452697753906,-242.2095489501953,0.0,state.GROUND_TESTING,4812,-30,"[0, 0, 0, 0, 0, 0, 0, 0]","[0, 0, 0, 0, 0, 0, 0, 0]",0,-30,0.0,0,0,"[10.8, 1.2, 15.9, 10.4, 16.5, 15.9, 0, 0]","[4.069, 4.067, 4.063]",0.905,"[2.992, 3.3104, 5.008, 7.3632, 8.4544, 27.820800000000002]","[0.00125, 0.261875, 0.695625, -0.005625, 0.000625, 0.14125000000000001]",132,0,29.0,"[np.True_, np.True_, np.True_, np.True_, np.True_, np.True_]",115.46447368074337,0.0,0.0,False,0.0
1775336067.594902,"[1, 1, 1, 1, 1, 1]","[1500, 1500, 1495, 1350]","[np.float64(0.0), np.float64(0.0), np.float64(-0.5), np.float64(-15.0)]","[-0.36851551953124995, 9.63886434765625, 1.2955504023437499]",0.0,30.4658975982666,"[0.0, -2.83813476516, 6.65283203016]",3,0.0,0.0,0.0,4294967.295,3750004.224,0,282179,337.2002868652344,-242.11761474609375,0.0,state.GROUND_TESTING,4813,-30,"[0, 0, 0, 0, 0, 0, 0, 0]","[0, 0, 0, 0, 0, 0, 0, 0]",0,-28,0.0,0,0,"[10.4, 1.3, 16.5, 10.4, 15.9, 17.0, 0, 0]","[4.069, 4.067, 4.063]",0.905,"[2.992, 3.3104, 5.008, 7.3632, 8.4544, 27.820800000000002]","[0.00125, 0.261875, 0.695625, -0.005625, 0.000625, 0.14125000000000001]",132,0,29.0,"[np.True_, np.True_, np.True_, np.True_, np.True_, np.True_]",115.53851117524317,0.0,0.0,False,0.0
1775336067.65853,"[1, 1, 1, 1, 1, 1]","[1500, 1500, 1495, 1350]","[np.float64(0.0), np.float64(0.0), np.float64(-0.5), np.float64(-15.0)]","[-0.35932178515625, 9.6702762734375, 1.18062872265625]",0.0,30.448409805297853,"[0.0, -1.25122070292, -0.79345703112]",3,0.0,0.0,0.0,4294967.295,3750004.224,0,282239,337.2036437988281,-242.1267547607422,0.0,state.GROUND_TESTING,4814,-29,"[0, 0, 0, 0, 0, 0, 0, 0]","[0, 0, 0, 0, 0, 0, 0, 0]",0,-28,0.0,0,0,"[10.4, 1.3, 16.5, 10.8, 16.5, 17.0, 0, 0]","[4.069, 4.067, 4.063]",0.905,"[2.9936000000000003, 3.3088, 5.008, 7.3696, 8.4512, 27.817600000000002]","[0.00375, 0.27, 0.700625, -0.0025, -0.006875, 0.145625]",132,0,29.0,"[np.True_, np.True_, np.True_, np.True_, np.True_, np.True_]",115.53093087858082,0.0,0.0,False,0.0
1775336067.720795,"[1, 1, 1, 1, 1, 1]","[1500, 1500, 1495, 1350]","[np.float64(0.0), np.float64(0.0), np.float64(-0.5), np.float64(-15.0)]","[-0.43057322656249997, 9.639630492187498, 1.1538136640625]",0.0,30.474641494750976,"[0.0, 0.1525878906, 10.16235351396]",3,0.0,0.0,0.0,4294967.295,3750004.224,0,282299,337.2979431152344,-242.10601806640625,0.0,state.GROUND_TESTING,4815,-30,"[0, 0, 0, 0, 0, 0, 0, 0]","[0, 0, 0, 0, 0, 0, 0, 0]",0,-28,0.0,0,0,"[10.6, 1.3, 16.5, 10.6, 15.0, 16.5, 0, 0]","[4.069, 4.067, 4.063]",0.905,"[2.9936000000000003, 3.3088, 5.008, 7.3696, 8.4512, 27.817600000000002]","[0.00375, 0.27, 0.700625, -0.0025, -0.006875, 0.145625]",132,0,29.0,"[np.True_, np.True_, np.True_, np.True_, np.True_, np.True_]",115.56856871090127,0.0,0.0,False,0.0
1775336067.7655911,"[1, 1, 1, 1, 1, 1]","[1500, 1500, 1495, 1350]","[np.float64(0.0), np.float64(0.0), np.float64(-0.5), np.float64(-15.0)]","[-0.3937982890625, 9.646525792968749, 1.1354261953125]",0.0,30.452781753540037,"[0.0, -12.6647949198, 4.577636718]",3,0.0,0.0,0.0,4294967.295,3750004.224,0,282359,337.4877624511719,-242.1359405517578,0.0,state.GROUND_TESTING,4816,-29,"[0, 0, 0, 0, 0, 0, 0, 0]","[0, 0, 0, 0, 0, 0, 0, 0]",0,-28,0.0,0,0,"[10.6, 1.2, 17.0, 10.2, 15.9, 15.9, 0, 0]","[4.069, 4.067, 4.063]",0.905,"[2.9952, 3.3120000000000003, 5.008, 7.372800000000001, 8.4448, 27.820800000000002]","[0.024375, 0.6481250000000001, 0.71125, 0.0, 0.005625, 0.164375]",132,0,29.0,"[np.True_, np.True_, np.True_, np.True_, np.True_, np.True_]",115.57932590062012,0.0,0.0,False,0.0
1775336067.8292532,"[1, 1, 1, 1, 1, 1]","[1500, 1500, 1495, 1350]","[np.float64(0.0), np.float64(0.0), np.float64(-0.5), np.float64(-15.0)]","[-0.34170046093749995, 9.66031639453125, 1.1997823359375]",0.0,30.474641494750976,"[0.0, 10.16235351396, 14.83154296632]",3,0.0,0.0,0.0,4294967.295,3750004.224,0,282413,337.6622619628906,-242.14715576171875,0.0,state.GROUND_TESTING,4817,-29,"[0, 0, 0, 0, 0, 0, 0, 0]","[0, 0, 0, 0, 0, 0, 0, 0]",0,-28,0.0,0,0,"[10.6, 1.3, 17.0, 10.6, 16.5, 16.5, 0, 0]","[4.069, 4.067, 4.063]",0.905,"[2.9952, 3.3120000000000003, 5.008, 7.372800000000001, 8.4448, 27.820800000000002]","[0.024375, 0.6481250000000001, 0.71125, 0.0, 0.005625, 0.164375]",132,0,29.0,"[np.True_, np.True_, np.True_, np.True_, np.True_, np.True_]",115.60365282906075,0.0,0.0,False,0.0
1775336067.89486,"[1, 1, 1, 1, 1, 1]","[1500, 1500, 1495, 1350]","[np.float64(0.0), np.float64(0.0), np.float64(-0.5), np.float64(-15.0)]","[-0.40069358984375003, 9.644227359375, 1.29401811328125]",0.0,30.4658975982666,"[0.0, 0.762939453, -0.4577636718]",3,0.0,0.0,0.0,4294967.295,3750004.224,0,282473,337.4700622558594,-242.1794891357422,0.0,state.GROUND_TESTING,4818,-30,"[0, 0, 0, 0, 0, 0, 0, 0]","[0, 0, 0, 0, 0, 0, 0, 0]",0,-28,0.0,0,0,"[10.6, 1.2, 16.5, 10.4, 15.9, 17.0, 0, 0]","[4.068, 4.067, 4.062]",0.763,"[2.9936000000000003, 3.3104, 5.0064, 7.368, 8.448, 27.819200000000002]","[0.025625000000000002, 0.6675, 0.641875, 0.003125, 0.001875, 0.165625]",132,0,29.0,"[np.True_, np.True_, np.True_, np.True_, np.True_, np.True_]",115.53638740542509,0.0,0.0,False,0.0
1775336067.9382458,"[1, 1, 1, 1, 1, 1]","[1500, 1500, 1495, 1350]","[np.float64(0.0), np.float64(0.0), np.float64(-0.5), np.float64(-15.0)]","[-0.42750864843749997, 9.60515398828125, 1.19595161328125]",0.0,30.4658975982666,"[0.0, 1.92260742156, -6.22558593648]",3,0.0,0.0,0.0,4294967.295,3750004.224,0,282533,337.4737243652344,-242.27593994140625,0.0,state.GROUND_TESTING,4819,-29,"[0, 0, 0, 0, 0, 0, 0, 0]","[0, 0, 0, 0, 0, 0, 0, 0]",0,-27,0.0,0,0,"[10.6, 1.2, 16.5, 10.6, 16.5, 16.5, 0, 0]","[4.068, 4.067, 4.062]",0.763,"[2.9936000000000003, 3.3104, 5.0064, 7.368, 8.448, 27.819200000000002]","[0.025625000000000002, 0.6675, 0.641875, 0.003125, 0.001875, 0.165625]",132,0,29.0,"[np.True_, np.True_, np.True_, np.True_, np.True_, np.True_]",115.44978080787257,0.0,0.0,False,0.0
1775336068.0036979,"[1, 1, 1, 1, 1, 1]","[1500, 1500, 1495, 1350]","[np.float64(0.0), np.float64(0.0), np.float64(-0.5), np.float64(-15.0)]","[-0.38230612109375, 9.7407615703125, 1.299381125]",0.0,30.457153701782225,"[0.0, 4.85229492108, 4.97436523356]",3,0.0,0.0,0.0,4294967.295,3750004.224,0,282593,337.4309997558594,-242.08184814453125,0.0,state.GROUND_TESTING,4820,-30,"[0, 0, 0, 0, 0, 0, 0, 0]","[0, 0, 0, 0, 0, 0, 0, 0]",0,-28,0.0,0,0,"[10.6, 1.2, 15.9, 10.6, 15.9, 16.5, 0, 0]","[4.068, 4.067, 4.062]",0.763,"[2.9936000000000003, 3.3120000000000003, 5.008, 7.36, 8.443200000000001, 27.819200000000002]","[0.010625, 0.250625, 0.635, 0.00625, 0.004375, 0.161875]",132,0,29.0,"[np.True_, np.True_, np.True_, np.True_, np.True_, np.True_]",115.61700179280156,0.0,0.0,False,0.0
1775336068.0516212,"[1, 1, 1, 1, 1, 1]","[1500, 1500, 1495, 1350]","[np.float64(0.0), np.float64(0.0), np.float64(-0.5), np.float64(-15.0)]","[-0.3937982890625, 9.63579976953125, 1.1599428203125]",0.0,30.4658975982666,"[0.0, -12.90893554476, -11.62719726372]",3,0.0,0.0,0.0,4294967.295,3750004.224,0,282647,337.25872802734375,-241.8261260986328,0.0,state.GROUND_TESTING,4821,-30,"[0, 0, 0, 0, 0, 0, 0, 0]","[0, 0, 0, 0, 0, 0, 0, 0]",0,-29,0.0,0,0,"[10.6, 1.2, 17.0, 10.6, 15.5, 17.0, 0, 0]","[4.068, 4.067, 4.062]",0.763,"[2.9936000000000003, 3.3120000000000003, 5.008, 7.36, 8.443200000000001, 27.819200000000002]","[0.010625, 0.250625, 0.635, 0.00625, 0.004375, 0.161875]",132,0,29.0,"[np.True_, np.True_, np.True_, np.True_, np.True_, np.True_]",115.81354582996359,0.0,0.0,False,0.0
1775336068.128313,"[1, 1, 1, 1, 1, 1]","[1500, 1500, 1495, 1350]","[np.float64(0.0), np.float64(0.0), np.float64(-0.5), np.float64(-15.0)]","[-0.39916130078124995, 9.561483749999999, 1.2373234179687498]",0.0,30.47026954650879,"[0.0, -2.5939941402, 1.64794921848]",3,0.0,0.0,0.0,4294967.295,3750004.224,0,282707,337.3471984863281,-241.7339324951172,0.0,state.GROUND_TESTING,4822,-30,"[0, 0, 0, 0, 0, 0, 0, 0]","[0, 0, 0, 0, 0, 0, 0, 0]",0,-29,0.0,0,0,"[10.6, 1.3, 16.5, 10.4, 15.9, 15.9, 0, 0]","[4.068, 4.067, 4.062]",0.763,"[2.9952, 3.3136, 5.008, 7.356800000000001, 8.4464, 27.8256]","[0.003125, 0.259375, 0.635, -0.0025, 0.0, 0.138125]",132,0,29.0,"[np.True_, np.True_, np.True_, np.True_, np.True_, np.True_]",115.91477183571719,0.0,0.0,False,0.0
1775336068.176316,"[1, 1, 1, 1, 1, 1]","[1500, 1500, 1495, 1350]","[np.float64(0.0), np.float64(0.0), np.float64(-0.5), np.float64(-15.0)]","[-0.40529045703125, 9.6304367578125, 1.1484506523437499]",0.0,30.474641494750976,"[0.0, 3.87573242124, 3.08227539012]",3,0.0,0.0,0.0,4294967.295,3750004.224,0,282767,337.2721252441406,-241.6722869873047,0.0,state.GROUND_TESTING,4823,-30,"[0, 0, 0, 0, 0, 0, 0, 0]","[0, 0, 0, 0, 0, 0, 0, 0]",0,-28,0.0,0,0,"[10.4, 1.3, 15.9, 10.4, 15.0, 17.6, 0, 0]","[4.068, 4.067, 4.062]",0.763,"[2.992, 3.3136, 5.0064, 7.3616, 8.443200000000001, 27.820800000000002]","[0.00875, 0.2425, 0.71125, -0.000625, -0.000625, 0.141875]",132,0,29.0,"[np.True_, np.True_, np.True_, np.True_, np.True_, np.True_]",115.95519260461027,0.0,0.0,False,0.0
1775336068.246685,"[1, 1, 1, 1, 1, 1]","[1500, 1500, 1495, 1350]","[np.float64(0.0), np.float64(0.0), np.float64(-0.5), np.float64(-15.0)]","[-0.40222587890625, 9.693260609374999, 1.2794613671875]",0.0,30.452781753540037,"[0.0, -1.0681152342, 3.08227539012]",3,0.0,0.0,0.0,4294967.295,3750004.224,0,282827,337.497314453125,-241.84259033203125,0.0,state.GROUND_TESTING,4824,-30,"[0, 0, 0, 0, 0, 0, 0, 0]","[0, 0, 0, 0, 0, 0, 0, 0]",0,-28,0.0,0,0,"[10.4, 1.2, 16.5, 10.6, 15.5, 16.5, 0, 0]","[4.068, 4.067, 4.062]",0.763,"[2.992, 3.3136, 5.0064, 7.3616, 8.443200000000001, 27.820800000000002]","[0.00875, 0.2425, 0.71125, -0.000625, -0.000625, 0.141875]",132,0,29.0,"[np.True_, np.True_, np.True_, np.True_, np.True_, np.True_]",115.84678758117066,0.0,0.0,False,0.0
1775336068.295037,"[1, 1, 1, 1, 1, 1]","[1500, 1500, 1495, 1350]","[np.float64(0.0), np.float64(0.0), np.float64(-0.5), np.float64(-15.0)]","[-0.38537069921875, 9.63273519140625, 1.2028469140624998]",0.0,30.47026954650879,"[0.0, 6.8664550769999995, 11.291503904399999]",3,0.0,0.0,0.0,4294967.295,3750004.224,0,282881,337.48504638671875,-241.68299865722656,0.0,state.GROUND_TESTING,4825,-30,"[0, 0, 0, 0, 0, 0, 0, 0]","[0, 0, 0, 0, 0, 0, 0, 0]",0,-29,0.0,0,0,"[10.8, 1.2, 17.6, 10.4, 15.9, 17.0, 0, 0]","[4.068, 4.067, 4.062]",0.763,"[2.9936000000000003, 3.3120000000000003, 5.0064, 7.3696, 8.4496, 27.822400000000002]","[0.003125, 0.26375, 0.63125, -0.0025, -0.0025, 0.14375000000000002]",132,0,29.0,"[np.True_, np.True_, np.True_, np.True_, np.True_, np.True_]",115.9887307415924,0.0,0.0,False,0.0
1775336068.3440719,"[1, 1, 1, 1, 1, 1]","[1500, 1500, 1495, 1350]","[np.float64(0.0), np.float64(0.0), np.float64(-0.5), np.float64(-15.0)]","[-0.40375816796874997, 9.582935796874999, 1.1315954726562498]",0.0,30.43529396057129,"[0.0, -2.04467773404, -10.46752929516]",3,0.0,0.0,0.0,4294967.295,3750004.224,0,282941,337.51861572265625,-241.45655822753906,0.0,state.GROUND_TESTING,4826,-30,"[0, 0, 0, 0, 0, 0, 0, 0]","[0, 0, 0, 0, 0, 0, 0, 0]",0,-29,0.0,0,0,"[10.6, 1.2, 17.0, 10.4, 15.5, 15.9, 0, 0]","[4.068, 4.067, 4.062]",0.763,"[2.9936000000000003, 3.3120000000000003, 5.0064, 7.3696, 8.4496, 27.822400000000002]","[0.003125, 0.26375, 0.63125, -0.0025, -0.0025, 0.14375000000000002]",132,0,29.0,"[np.True_, np.True_, np.True_, np.True_, np.True_, np.True_]",116.20039722317114,0.0,0.0,False,0.0
1775336068.41662,"[1, 1, 1, 1, 1, 1]","[1500, 1500, 1495, 1350]","[np.float64(0.0), np.float64(0.0), np.float64(-0.5), np.float64(-15.0)]","[-0.40912117968749995, 9.6733408515625, 1.26643691015625]",0.0,30.47026954650879,"[0.0, 4.85229492108, 10.34545898268]",3,0.0,0.0,0.0,4294967.295,3750004.224,0,283001,337.7041320800781,-241.44918823242188,0.0,state.GROUND_TESTING,4827,-31,"[0, 0, 0, 0, 0, 0, 0, 0]","[0, 0, 0, 0, 0, 0, 0, 0]",0,-29,0.0,0,0,"[10.6, 1.2, 16.5, 10.8, 16.5, 17.0, 0, 0]","[4.068, 4.066, 4.062]",0.785,"[2.9936000000000003, 3.3136, 5.008, 7.372800000000001, 8.4448, 27.822400000000002]","[0.00875, 0.239375, 0.655625, -0.001875, -0.00125, 0.139375]",132,0,29.0,"[np.True_, np.True_, np.True_, np.True_, np.True_, np.True_]",116.2447112411392,0.0,0.0,False,0.0
1775336068.481905,"[1, 1, 1, 1, 1, 1]","[1500, 1500, 1495, 1350]","[np.float64(0.0), np.float64(0.0), np.float64(-0.5), np.float64(-15.0)]","[-0.37387853125, 9.926934691406249, 1.21740366015625]",0.0,30.496501235961915,"[0.0, -3.99780273372, -17.211914059679998]",3,0.0,0.0,0.0,4294967.295,3750004.224,0,283061,337.62017822265625,-241.1574249267578,0.0,state.GROUND_TESTING,4828,-30,"[0, 0, 0, 0, 0, 0, 0, 0]","[0, 0, 0, 0, 0, 0, 0, 0]",0,-29,0.0,0,0,"[10.6, 1.2, 15.9, 10.6, 15.9, 16.5, 0, 0]","[4.068, 4.066, 4.062]",0.785,"[2.9936000000000003, 3.3136, 5.008, 7.372800000000001, 8.4448, 27.822400000000002]","[0.00875, 0.239375, 0.655625, -0.001875, -0.00125, 0.139375]",132,0,29.0,"[np.True_, np.True_, np.True_, np.True_, np.True_, np.True_]",116.49182172359991,0.0,0.0,False,0.0
1775336068.522706,"[1, 1, 1, 1, 1, 1]","[1500, 1500, 1495, 1350]","[np.float64(0.0), np.float64(0.0), np.float64(-0.5), np.float64(-15.0)]","[-0.3723462421875, 9.599790976562499, 1.348414375]",0.0,30.500873184204103,"[0.0, 8.392333983, 5.1879882804]",3,0.0,0.0,0.0,4294967.295,3750004.224,0,283115,337.4850158691406,-241.16041564941406,0.0,state.GROUND_TESTING,4829,-30,"[0, 0, 0, 0, 0, 0, 0, 0]","[0, 0, 0, 0, 0, 0, 0, 0]",0,-29,0.0,0,0,"[10.8, 1.3, 16.5, 10.4, 15.5, 17.0, 0, 0]","[4.068, 4.066, 4.062]",0.785,"[2.9936000000000003, 3.3104, 5.008, 7.3696, 8.440000000000001, 27.824]","[0.021875000000000002, 0.67375, 0.64, 0.000625, 0.006875, 0.163125]",132,0,29.0,"[np.True_, np.True_, np.True_, np.True_, np.True_, np.True_]",116.46130408372491,0.0,0.0,False,0.0
1775336068.596771,"[1, 1, 1, 1, 1, 1]","[1500, 1500, 1495, 1350]","[np.float64(0.0), np.float64(0.0), np.float64(-0.5), np.float64(-15.0)]","[-0.45815442968750003, 9.68176844140625, 1.1484506523437499]",0.0,30.479013442993164,"[0.0, 3.26538085884, -10.681152342]",3,0.0,0.0,0.0,4294967.295,3750004.224,0,283175,337.5164489746094,-241.17750549316406,0.0,state.GROUND_TESTING,4830,-30,"[0, 0, 0, 0, 0, 0, 0, 0]","[0, 0, 0, 0, 0, 0, 0, 0]",0,-29,0.0,0,0,"[10.6, 1.3, 15.5, 10.8, 15.5, 17.6, 0, 0]","[4.068, 4.066, 4.062]",0.785,"[2.9936000000000003, 3.3104, 5.008, 7.3696, 8.440000000000001, 27.824]","[0.021875000000000002, 0.67375, 0.64, 0.000625, 0.006875, 0.163125]",132,0,29.0,"[np.True_, np.True_, np.True_, np.True_, np.True_, np.True_]",116.45233315455738,0.0,0.0,False,0.0
1775336068.64483,"[1, 1, 1, 1, 1, 1]","[1500, 1500, 1495, 1350]","[np.float64(0.0), np.float64(0.0), np.float64(-0.5), np.float64(-15.0)]","[-0.38843527734375, 9.367649183593748, 1.296316546875]",0.0,30.479013442993164,"[0.0, -7.9650878893199994, -1.19018554668]",3,0.0,0.0,0.0,4294967.295,3750004.224,0,283235,337.80084228515625,-241.19151306152344,0.0,state.GROUND_TESTING,4831,-30,"[0, 0, 0, 0, 0, 0, 0, 0]","[0, 0, 0, 0, 0, 0, 0, 0]",0,-29,0.0,0,0,"[10.6, 1.3, 16.5, 10.6, 15.9, 17.6, 0, 0]","[4.068, 4.066, 4.062]",0.785,"[2.9936000000000003, 3.3120000000000003, 5.0096, 7.3664000000000005, 8.4384, 27.820800000000002]","[0.028125, 0.6687500000000001, 0.645625, 0.000625, 0.004375, 0.15937500000000002]",132,0,29.0,"[np.True_, np.True_, np.True_, np.True_, np.True_, np.True_]",116.49786137171918,0.0,0.0,False,0.0
1775336068.718322,"[1, 1, 1, 1, 1, 1]","[1500, 1500, 1495, 1350]","[np.float64(0.0), np.float64(0.0), np.float64(-0.5), np.float64(-15.0)]","[-0.38613684374999996, 9.71701108984375, 1.179862578125]",0.0,30.4658975982666,"[0.0, -8.14819335804, -3.99780273372]",3,0.0,0.0,0.0,4294967.295,3750004.224,0,283295,337.7242431640625,-240.84910583496094,0.0,state.GROUND_TESTING,4832,-30,"[0, 0, 0, 0, 0, 0, 0, 0]","[0, 0, 0, 0, 0, 0, 0, 0]",0,-29,0.0,0,0,"[10.4, 1.2, 17.0, 10.6, 15.5, 17.6, 0, 0]","[4.068, 4.066, 4.062]",0.785,"[2.9936000000000003, 3.3120000000000003, 5.0096, 7.3664000000000005, 8.4384, 27.820800000000002]","[0.028125, 0.6687500000000001, 0.645625, 0.000625, 0.004375, 0.15937500000000002]",132,0,29.0,"[np.True_, np.True_, np.True_, np.True_, np.True_, np.True_]",116.79234671349144,0.0,0.0,False,0.0
1775336068.766622,"[1, 1, 1, 1, 1, 1]","[1500, 1500, 1495, 1350]","[np.float64(0.0), np.float64(0.0), np.float64(-0.5), np.float64(-15.0)]","[-0.3937982890625, 9.5936618203125, 1.22200052734375]",0.0,30.457153701782225,"[0.0, 6.6223144520399995, 8.30078124864]",3,0.0,0.0,0.0,4294967.295,3750004.224,0,283349,337.7355041503906,-240.81085205078125,0.0,state.GROUND_TESTING,4833,-30,"[0, 0, 0, 0, 0, 0, 0, 0]","[0, 0, 0, 0, 0, 0, 0, 0]",0,-28,0.0,0,0,"[10.8, 1.3, 16.5, 10.6, 16.5, 17.0, 0, 0]","[4.068, 4.066, 4.062]",0.785,"[2.992, 3.3104, 5.008, 7.3616, 8.4464, 27.820800000000002]","[0.00125, 0.38125000000000003, 0.685625, 0.000625, 0.00875, 0.1625]",132,0,29.0,"[np.True_, np.True_, np.True_, np.True_, np.True_, np.True_]",116.82931118915153,0.0,0.0,False,0.0
1775336068.809597,"[1, 1, 1, 1, 1, 1]","[1500, 1500, 1495, 1350]","[np.float64(0.0), np.float64(0.0), np.float64(-0.5), np.float64(-15.0)]","[-0.43517009374999993, 9.617412300781249, 1.2495817304687498]",0.0,30.4658975982666,"[0.0, -0.82397460924, -1.73950195284]",3,0.0,0.0,0.0,4294967.295,3750004.224,0,283409,337.6827392578125,-240.6417694091797,0.0,state.GROUND_TESTING,4834,-30,"[0, 0, 0, 0, 0, 0, 0, 0]","[0, 0, 0, 0, 0, 0, 0, 0]",0,-28,0.0,0,0,"[10.6, 1.3, 16.5, 10.6, 15.9, 16.5, 0, 0]","[4.068, 4.066, 4.062]",0.785,"[2.992, 3.3104, 5.008, 7.3616, 8.4464, 27.820800000000002]","[0.00125, 0.38125000000000003, 0.685625, 0.000625, 0.00875, 0.1625]",132,0,29.0,"[np.True_, np.True_, np.True_, np.True_, np.True_, np.True_]",116.97136321512697,0.0,0.0,False,0.0
1775336068.877923,"[1, 1, 1, 1, 1, 1]","[1500, 1500, 1495, 1350]","[np.float64(0.0), np.float64(0.0), np.float64(-0.5), np.float64(-15.0)]","[-0.3754108203125, 9.53313640234375, 1.12163559375]",0.0,30.48775733947754,"[0.0, -7.7209472643599995, 4.97436523356]",3,0.0,0.0,0.0,4294967.295,3750004.224,0,283469,337.9732360839844,-240.60516357421875,0.0,state.GROUND_TESTING,4835,-29,"[0, 0, 0, 0, 0, 0, 0, 0]","[0, 0, 0, 0, 0, 0, 0, 0]",0,-28,0.0,0,0,"[10.4, 1.2, 15.9, 10.4, 16.5, 16.5, 0, 0]","[4.069, 4.066, 4.061]",0.875,"[2.9936000000000003, 3.3120000000000003, 5.0096, 7.36, 8.4448, 27.822400000000002]","[0.008125, 0.241875, 0.7056250000000001, 0.0, -0.000625, 0.140625]",132,0,29.5,"[np.True_, np.True_, np.True_, np.True_, np.True_, np.True_]",117.06488904830715,0.0,0.0,False,0.0
1775336068.940796,"[1, 1, 1, 1, 1, 1]","[1500, 1500, 1495, 1350]","[np.float64(0.0), np.float64(0.0), np.float64(-0.5), np.float64(-15.0)]","[-0.42214563671874994, 9.659550249999999, 1.1384907734374998]",0.0,30.50524513244629,"[0.0, 14.495849607, 10.34545898268]",3,0.0,0.0,0.0,4294967.295,3750004.224,0,283529,338.0641174316406,-240.71136474609375,0.0,state.GROUND_TESTING,4836,-28,"[0, 0, 0, 0, 0, 0, 0, 0]","[0, 0, 0, 0, 0, 0, 0, 0]",0,-27,0.0,0,0,"[10.4, 1.2, 16.5, 10.6, 16.5, 15.9, 0, 0]","[4.069, 4.066, 4.061]",0.875,"[2.9936000000000003, 3.3104, 5.008, 7.3632, 8.4464, 27.814400000000003]","[0.0075, 0.214375, 0.625, -0.000625, -0.000625, 0.143125]",132,0,29.5,"[np.True_, np.True_, np.True_, np.True_, np.True_, np.True_]",116.98723074526197,0.0,0.0,False,0.0
1775336068.986193,"[1, 1, 1, 1, 1, 1]","[1500, 1500, 1495, 1350]","[np.float64(0.0), np.float64(0.0), np.float64(-0.5), np.float64(-15.0)]","[-0.37004780859374997, 9.639630492187498, 1.2549447421874997]",0.0,30.500873184204103,"[0.0, 5.6457519521999995, -12.512207029199999]",3,0.0,0.0,0.0,4294967.295,3750004.224,0,283583,337.9320373535156,-240.93695068359375,0.0,state.GROUND_TESTING,4837,-28,"[0, 0, 0, 0, 0, 0, 0, 0]","[0, 0, 0, 0, 0, 0, 0, 0]",0,-26,0.0,0,0,"[10.6, 1.3, 15.9, 10.8, 16.5, 17.0, 0, 0]","[4.069, 4.066, 4.061]",0.875,"[2.9936000000000003, 3.3104, 5.008, 7.3632, 8.4464, 27.814400000000003]","[0.0075, 0.214375, 0.625, -0.000625, -0.000625, 0.143125]",132,0,29.5,"[np.True_, np.True_, np.True_, np.True_, np.True_, np.True_]",116.75546269168994,0.0,0.0,False,0.0
1775336069.050669,"[1, 1, 1, 1, 1, 1]","[1500, 1500, 1495, 1350]","[np.float64(0.0), np.float64(0.0), np.float64(-0.5), np.float64(-15.0)]","[-0.34629732812499997, 9.595960253906249, 1.2832920898437499]",0.0,30.474641494750976,"[0.0, 0.762939453, -4.1809082024399995]",3,0.0,0.0,0.0,4294967.295,3750004.224,0,283643,338.0660400390625,-240.9320831298828,0.0,state.GROUND_TESTING,4838,-28,"[0, 0, 0, 0, 0, 0, 0, 0]","[0, 0, 0, 0, 0, 0, 0, 0]",0,-26,0.0,0,0,"[11.1, 1.3, 17.0, 10.6, 15.5, 17.0, 0, 0]","[4.069, 4.066, 4.061]",0.875,"[2.992, 3.3104, 5.0064, 7.3696, 8.448, 27.819200000000002]","[0.00375, 0.2525, 0.646875, -0.000625, -0.001875, 0.145]",132,0,29.5,"[np.True_, np.True_, np.True_, np.True_, np.True_, np.True_]",116.7871967337177,0.0,0.0,False,0.0
1775336069.120477,"[1, 1, 1, 1, 1, 1]","[1500, 1500, 1495, 1350]","[np.float64(0.0), np.float64(0.0), np.float64(-0.5), np.float64(-15.0)]","[-0.40912117968749995, 9.684833019531249, 1.2756306445312497]",0.0,30.4658975982666,"[0.0, 5.09643554604, -4.33349609304]",3,0.0,0.0,0.0,4294967.295,3750004.224,0,283703,337.8798522949219,-240.83258056640625,0.0,state.GROUND_TESTING,4839,-28,"[0, 0, 0, 0, 0, 0, 0, 0]","[0, 0, 0, 0, 0, 0, 0, 0]",0,-26,0.0,0,0,"[10.2, 1.2, 16.5, 10.8, 15.5, 17.0, 0, 0]","[4.069, 4.066, 4.061]",0.875,"[2.992, 3.3104, 5.0064, 7.3696, 8.448, 27.819200000000002]","[0.00375, 0.2525, 0.646875, -0.000625, -0.001875, 0.145]",132,0,29.5,"[np.True_, np.True_, np.True_, np.True_, np.True_, np.True_]",116.83941462400611,0.0,0.0,False,0.0
1775336069.169307,"[1, 1, 1, 1, 1, 1]","[1500, 1500, 1495, 1350]","[np.float64(0.0), np.float64(0.0), np.float64(-0.5), np.float64(-15.0)]","[-0.40682274609374997, 9.592895675781248, 1.10094969140625]",0.0,30.48775733947754,"[0.0, -2.22778320276, -2.68554687456]",3,0.0,0.0,0.0,4294967.295,3750004.224,0,283763,337.9857177734375,-240.78553771972656,0.0,state.GROUND_TESTING,4840,-28,"[0, 0, 0, 0, 0, 0, 0, 0]","[0, 0, 0, 0, 0, 0, 0, 0]",0,-26,0.0,0,0,"[10.6, 1.3, 16.5, 10.8, 15.9, 16.5, 0, 0]","[4.069, 4.066, 4.061]",0.875,"[2.9952, 3.3136, 5.0096, 7.3696, 8.4464, 27.824]","[0.0025, 0.263125, 0.6325000000000001, -0.001875, -0.005, 0.136875]",132,0,29.5,"[np.True_, np.True_, np.True_, np.True_, np.True_, np.True_]",116.90382787018255,0.0,0.0,False,0.0
1775336069.217776,"[1, 1, 1, 1, 1, 1]","[1500, 1500, 1495, 1350]","[np.float64(0.0), np.float64(0.0), np.float64(-0.5), np.float64(-15.0)]","[-0.40605660156249995, 9.710115789062499, 1.3231316054687499]",0.0,30.448409805297853,"[0.0, 5.09643554604, 17.05932616908]",3,0.0,0.0,0.0,4294967.295,3750004.224,0,283817,338.2431640625,-240.85186767578125,0.0,state.GROUND_TESTING,4841,-28,"[0, 0, 0, 0, 0, 0, 0, 0]","[0, 0, 0, 0, 0, 0, 0, 0]",0,-26,0.0,0,0,"[10.2, 1.3, 16.5, 10.6, 15.5, 17.6, 0, 0]","[4.069, 4.066, 4.061]",0.875,"[2.9952, 3.3136, 5.0096, 7.3696, 8.4464, 27.824]","[0.0025, 0.263125, 0.6325000000000001, -0.001875, -0.005, 0.136875]",132,0,29.5,"[np.True_, np.True_, np.True_, np.True_, np.True_, np.True_]",116.89603685227337,0.0,0.0,False,0.0
1775336069.286169,"[1, 1, 1, 1, 1, 1]","[1500, 1500, 1495, 1350]","[np.float64(0.0), np.float64(0.0), np.float64(-0.5), np.float64(-15.0)]","[-0.34399889453125, 9.684833019531249, 1.09022366796875]",0.0,30.4658975982666,"[0.0, 5.46264648348, 0.85449218736]",3,0.0,0.0,0.0,4294967.295,3750004.224,0,283877,338.34539794921875,-240.9208526611328,0.0,state.GROUND_TESTING,4842,-27,"[0, 0, 0, 0, 0, 0, 0, 0]","[0, 0, 0, 0, 0, 0, 0, 0]",0,-26,0.0,0,0,"[10.4, 1.3, 15.5, 10.8, 15.9, 15.9, 0, 0]","[4.069, 4.066, 4.061]",0.875,"[2.9936000000000003, 3.3088, 5.0064, 7.3632, 8.448, 27.822400000000002]","[0.00625, 0.28375, 0.654375, -0.001875, 0.000625, 0.14125000000000001]",132,0,29.5,"[np.True_, np.True_, np.True_, np.True_, np.True_, np.True_]",116.85388467054631,0.0,0.0,False,0.0
1775336069.355029,"[1, 1, 1, 1, 1, 1]","[1500, 1500, 1495, 1350]","[np.float64(0.0), np.float64(0.0), np.float64(-0.5), np.float64(-15.0)]","[-0.4397669609375, 9.629670613281249, 1.2817598007812498]",0.0,30.51836097717285,"[0.0, -6.3781738270799995, 3.6621093744]",3,0.0,0.0,0.0,4294967.295,3750004.224,0,283937,338.8965148925781,-240.6846466064453,0.0,state.GROUND_TESTING,4843,-27,"[0, 0, 0, 0, 0, 0, 0, 0]","[0, 0, 0, 0, 0, 0, 0, 0]",0,-26,0.0,0,0,"[10.2, 1.3, 15.5, 10.6, 15.0, 16.5, 0, 0]","[4.069, 4.066, 4.061]",0.875,"[2.9936000000000003, 3.3088, 5.0064, 7.3632, 8.448, 27.822400000000002]","[0.00625, 0.28375, 0.654375, -0.001875, 0.000625, 0.14125000000000001]",132,0,29.5,"[np.True_, np.True_, np.True_, np.True_, np.True_, np.True_]",117.17941605016861,0.0,0.0,False,0.0
1775336069.401751,"[1, 1, 1, 1, 1, 1]","[1500, 1500, 1495, 1350]","[np.float64(0.0), np.float64(0.0), np.float64(-0.5), np.float64(-15.0)]","[-0.42061334765624997, 9.719309523437499, 1.1714349882812498]",0.0,30.492129287719727,"[0.0, 9.18579101412, -7.90405273308]",3,0.0,0.0,0.0,4294967.295,3750004.224,0,283997,338.7563781738281,-240.64865112304688,0.0,state.GROUND_TESTING,4844,-27,"[0, 0, 0, 0, 0, 0, 0, 0]","[0, 0, 0, 0, 0, 0, 0, 0]",0,-26,0.0,0,0,"[10.8, 1.2, 16.5, 10.6, 15.9, 16.5, 0, 0]","[4.069, 4.067, 4.062]",0.77,"[2.9952, 3.3120000000000003, 5.0064, 7.364800000000001, 8.4528, 27.822400000000002]","[0.026875, 0.6725, 0.625625, 0.003125, 0.003125, 0.163125]",132,0,29.0,"[np.True_, np.True_, np.True_, np.True_, np.True_, np.True_]",117.18443568205754,0.0,0.0,False,0.0
1775336069.45309,"[1, 1, 1, 1, 1, 1]","[1500, 1500, 1495, 1350]","[np.float64(0.0), np.float64(0.0), np.float64(-0.5), np.float64(-15.0)]","[-0.35012805078125, 9.5967263984375, 1.2687353437499997]",0.0,30.452781753540037,"[0.0, -8.94165038916, -12.512207029199999]",3,0.0,0.0,0.0,4294967.295,3750004.224,0,284051,338.8468322753906,-240.53378295898438,0.0,state.GROUND_TESTING,4845,-26,"[0, 0, 0, 0, 0, 0, 0, 0]","[0, 0, 0, 0, 0, 0, 0, 0]",0,-25,0.0,0,0,"[10.4, 1.3, 17.6, 11.1, 15.9, 17.0, 0, 0]","[4.069, 4.067, 4.062]",0.77,"[2.9952, 3.3120000000000003, 5.0064, 7.364800000000001, 8.4528, 27.822400000000002]","[0.026875, 0.6725, 0.625625, 0.003125, 0.003125, 0.163125]",132,0,29.0,"[np.True_, np.True_, np.True_, np.True_, np.True_, np.True_]",117.30743877644231,0.0,0.0,False,0.0
1775336069.526853,"[1, 1, 1, 1, 1, 1]","[1500, 1500, 1495, 1350]","[np.float64(0.0), np.float64(0.0), np.float64(-0.5), np.float64(-15.0)]","[-0.38996756640624997, 9.782133375, 1.2457510078125]",0.0,30.479013442993164,"[0.0, -2.83813476516, -3.814697265]",3,0.0,0.0,0.0,4294967.295,3750004.224,0,284111,339.0958251953125,-240.6723175048828,0.0,state.GROUND_TESTING,4846,-26,"[0, 0, 0, 0, 0, 0, 0, 0]","[0, 0, 0, 0, 0, 0, 0, 0]",0,-25,0.0,0,0,"[10.4, 1.2, 16.5, 10.6, 16.5, 15.9, 0, 0]","[4.069, 4.067, 4.062]",0.77,"[2.9936000000000003, 3.3104, 5.008, 7.3584000000000005, 8.4512, 27.820800000000002]","[0.0275, 0.66625, 0.7225, 0.0, 0.00375, 0.1625]",132,0,29.0,"[np.True_, np.True_, np.True_, np.True_, np.True_, np.True_]",117.23003522422374,0.0,0.0,False,0.0
1775336069.5753758,"[1, 1, 1, 1, 1, 1]","[1500, 1500, 1495, 1350]","[np.float64(0.0), np.float64(0.0), np.float64(-0.5), np.float64(-15.0)]","[-0.3907337109374999, 9.7085835, 1.27256606640625]",0.0,30.479013442993164,"[0.0, 5.21850585852, 14.28222656016]",3,0.0,0.0,0.0,4294967.295,3750004.224,0,284171,339.47027587890625,-240.5666961669922,0.0,state.GROUND_TESTING,4847,-26,"[0, 0, 0, 0, 0, 0, 0, 0]","[0, 0, 0, 0, 0, 0, 0, 0]",0,-25,0.0,0,0,"[10.6, 1.3, 17.0, 10.8, 15.9, 17.0, 0, 0]","[4.069, 4.067, 4.062]",0.77,"[2.9936000000000003, 3.3104, 5.008, 7.3584000000000005, 8.4512, 27.820800000000002]","[0.0275, 0.66625, 0.7225, 0.0, 0.00375, 0.1625]",132,0,29.0,"[np.True_, np.True_, np.True_, np.True_, np.True_, np.True_]",117.40006599075403,0.0,0.0,False,0.0
1775336069.644774,"[1, 1, 1, 1, 1, 1]","[1500, 1500, 1495, 1350]","[np.float64(0.0), np.float64(0.0), np.float64(-0.5), np.float64(-15.0)]","[-0.376943109375, 9.58063736328125, 1.2334926953125]",0.0,30.47026954650879,"[0.0, -16.6320800754, 3.84521484312]",3,0.0,0.0,0.0,4294967.295,3750004.224,0,284231,339.5859680175781,-240.3884735107422,0.0,state.GROUND_TESTING,4848,-26,"[0, 0, 0, 0, 0, 0, 0, 0]","[0, 0, 0, 0, 0, 0, 0, 0]",0,-25,0.0,0,0,"[10.8, 1.3, 17.0, 10.4, 16.5, 15.9, 0, 0]","[4.069, 4.067, 4.062]",0.77,"[2.9952, 3.3120000000000003, 5.0064, 7.3632, 8.4512, 27.824]","[0.008125, 0.23500000000000001, 0.596875, -0.00375, -0.000625, 0.151875]",132,0,29.0,"[np.True_, np.True_, np.True_, np.True_, np.True_, np.True_]",117.58632840894519,0.0,0.0,False,0.0
1775336069.686403,"[1, 1, 1, 1, 1, 1]","[1500, 1500, 1495, 1350]","[np.float64(0.0), np.float64(0.0), np.float64(-0.5), np.float64(-15.0)]","[-0.40835503515625, 9.7407615703125, 1.06111017578125]",0.0,30.48775733947754,"[0.0, 3.87573242124, 7.56835937376]",3,0.0,0.0,0.0,4294967.295,3750004.224,0,284285,339.6404113769531,-240.36851501464844,0.0,state.GROUND_TESTING,4849,-27,"[0, 0, 0, 0, 0, 0, 0, 0]","[0, 0, 0, 0, 0, 0, 0, 0]",0,-25,0.0,0,0,"[10.4, 1.2, 17.6, 10.8, 16.5, 17.0, 0, 0]","[4.069, 4.067, 4.062]",0.77,"[2.9952, 3.3120000000000003, 5.0064, 7.3632, 8.4512, 27.824]","[0.008125, 0.23500000000000001, 0.596875, -0.00375, -0.000625, 0.151875]",132,0,29.0,"[np.True_, np.True_, np.True_, np.True_, np.True_, np.True_]",117.61525816766341,0.0,0.0,False,0.0
1775336069.7486,"[1, 1, 1, 1, 1, 1]","[1500, 1500, 1495, 1350]","[np.float64(0.0), np.float64(0.0), np.float64(-0.5), np.float64(-15.0)]","[-0.39916130078124995, 9.56684676171875, 1.3767617226562499]",0.0,30.492129287719727,"[0.0, -11.32202148252, -1.55639648412]",3,0.0,0.0,0.0,4294967.295,3750004.224,0,284345,339.61083984375,-240.00840759277344,0.0,state.GROUND_TESTING,4850,-27,"[0, 0, 0, 0, 0, 0, 0, 0]","[0, 0, 0, 0, 0, 0, 0, 0]",0,-26,0.0,0,0,"[10.8, 1.3, 15.9, 10.8, 15.9, 16.5, 0, 0]","[4.069, 4.067, 4.062]",0.77,"[2.9936000000000003, 3.3104, 5.008, 7.3664000000000005, 8.427200000000001, 27.822400000000002]","[0.00625, 0.2625, 0.755, -0.001875, -0.00125, 0.14]",132,0,29.0,"[np.True_, np.True_, np.True_, np.True_, np.True_, np.True_]",117.94052862630978,0.0,0.0,False,0.0
1775336069.819169,"[1, 1, 1, 1, 1, 1]","[1500, 1500, 1495, 1350]","[np.float64(0.0), np.float64(0.0), np.float64(-0.5), np.float64(-15.0)]","[-0.318716125, 9.697857476562499, 1.1078449921875]",0.0,30.513989028930663,"[0.0, -0.82397460924, -4.9133300773199995]",3,0.0,0.0,0.0,4294967.295,3750004.224,0,284405,339.7890625,-240.15489196777344,0.0,state.GROUND_TESTING,4851,-27,"[0, 0, 0, 0, 0, 0, 0, 0]","[0, 0, 0, 0, 0, 0, 0, 0]",0,-26,0.0,0,0,"[11.1, 1.3, 16.5, 10.6, 16.5, 16.5, 0, 0]","[4.069, 4.067, 4.062]",0.77,"[2.9936000000000003, 3.3104, 5.0064, 7.372800000000001, 8.448, 27.819200000000002]","[0.009375, 0.255625, 0.65125, -0.000625, -0.0025, 0.148125]",132,0,29.0,"[np.True_, np.True_, np.True_, np.True_, np.True_, np.True_]",117.8406942903014,0.0,0.0,False,0.0
1775336069.869078,"[1, 1, 1, 1, 1, 1]","[1500, 1500, 1495, 1350]","[np.float64(0.0), np.float64(0.0), np.float64(-0.5), np.float64(-15.0)]","[-0.40299202343749996, 9.65265494921875, 1.1813948671874999]",0.0,30.474641494750976,"[0.0, -2.22778320276, 14.09912109144]",3,0.0,0.0,0.0,4294967.295,3750004.224,0,284465,339.8452453613281,-239.7911376953125,0.0,state.GROUND_TESTING,4852,-27,"[0, 0, 0, 0, 0, 0, 0, 0]","[0, 0, 0, 0, 0, 0, 0, 0]",0,-26,0.0,0,0,"[10.6, 1.3, 17.0, 10.6, 15.5, 17.0, 0, 0]","[4.069, 4.067, 4.062]",0.77,"[2.9936000000000003, 3.3104, 5.0064, 7.372800000000001, 8.448, 27.819200000000002]","[0.009375, 0.255625, 0.65125, -0.000625, -0.0025, 0.148125]",132,0,29.0,"[np.True_, np.True_, np.True_, np.True_, np.True_, np.True_]",118.18650752966926,0.0,0.0,False,0.0
1775336069.9199302,"[1, 1, 1, 1, 1, 1]","[1500, 1500, 1495, 1350]","[np.float64(0.0), np.float64(0.0), np.float64(-0.5), np.float64(-15.0)]","[-0.49952623437499993, 9.69555904296875, 1.241154140625]",0.0,30.48775733947754,"[0.0, -0.4577636718, 6.28662109272]",3,0.0,0.0,0.0,4294967.295,3750004.224,0,284519,340.2914733886719,-240.17718505859375,0.0,state.GROUND_TESTING,4853,-27,"[0, 0, 0, 0, 0, 0, 0, 0]","[0, 0, 0, 0, 0, 0, 0, 0]",0,-26,0.0,0,0,"[10.2, 1.2, 15.9, 10.6, 15.0, 17.0, 0, 0]","[4.069, 4.066, 4.061]",0.748,"[2.992, 3.3136, 5.008, 7.3712, 8.443200000000001, 27.8256]","[0.005625, 0.273125, 0.831875, 0.000625, 0.000625, 0.145]",132,0,29.0,"[np.True_, np.True_, np.True_, np.True_, np.True_, np.True_]",117.91665370084793,0.0,0.0,False,0.0
1775336069.992862,"[1, 1, 1, 1, 1, 1]","[1500, 1500, 1495, 1350]","[np.float64(0.0), np.float64(0.0), np.float64(-0.5), np.float64(-15.0)]","[-0.3570233515625, 9.6059201328125, 1.3085748593749997]",0.0,30.496501235961915,"[0.0, -8.51440429548, -1.92260742156]",3,0.0,0.0,0.0,4294967.295,3750004.224,0,284579,340.3656311035156,-240.1118927001953,0.0,state.GROUND_TESTING,4854,-27,"[0, 0, 0, 0, 0, 0, 0, 0]","[0, 0, 0, 0, 0, 0, 0, 0]",0,-26,0.0,0,0,"[10.6, 1.3, 17.0, 10.4, 16.5, 15.5, 0, 0]","[4.069, 4.066, 4.061]",0.748,"[2.992, 3.3136, 5.008, 7.3712, 8.443200000000001, 27.8256]","[0.005625, 0.273125, 0.831875, 0.000625, 0.000625, 0.145]",132,0,29.0,"[np.True_, np.True_, np.True_, np.True_, np.True_, np.True_]",117.99108754231405,0.0,0.0,False,0.0
1775336070.042353,"[1, 1, 1, 1, 1, 1]","[1500, 1500, 1495, 1350]","[np.float64(0.0), np.float64(0.0), np.float64(-0.5), np.float64(-15.0)]","[-0.309522390625, 9.68789759765625, 1.094054390625]",0.0,30.483385391235352,"[0.0, -1.61743164036, -0.27465820308]",3,0.0,0.0,0.0,4294967.295,3750004.224,0,284639,340.6390686035156,-240.0124053955078,0.0,state.GROUND_TESTING,4855,-27,"[0, 0, 0, 0, 0, 0, 0, 0]","[0, 0, 0, 0, 0, 0, 0, 0]",0,-26,0.0,0,0,"[10.6, 1.3, 15.9, 11.1, 15.9, 17.0, 0, 0]","[4.069, 4.066, 4.061]",0.748,"[2.992, 3.3120000000000003, 5.0064, 7.3632, 8.4464, 27.820800000000002]","[0.009375, 0.28125, 0.775625, -0.0025, -0.0025, 0.14250000000000002]",132,0,29.0,"[np.True_, np.True_, np.True_, np.True_, np.True_, np.True_]",118.1347983823773,0.0,0.0,False,0.0
1775336070.107628,"[1, 1, 1, 1, 1, 1]","[1500, 1500, 1495, 1350]","[np.float64(0.0), np.float64(0.0), np.float64(-0.5), np.float64(-15.0)]","[-0.487267921875, 9.63733205859375, 1.2434525742187499]",0.0,30.47026954650879,"[0.0, -3.814697265, -0.64086914052]",3,0.0,0.0,0.0,4294967.295,3750004.224,0,284699,340.4788513183594,-239.8915557861328,0.0,state.GROUND_TESTING,4856,-27,"[0, 0, 0, 0, 0, 0, 0, 0]","[0, 0, 0, 0, 0, 0, 0, 0]",0,-26,0.0,0,0,"[10.6, 1.3, 16.5, 11.1, 15.9, 17.0, 0, 0]","[4.069, 4.066, 4.061]",0.748,"[2.992, 3.3120000000000003, 5.0064, 7.3632, 8.4464, 27.820800000000002]","[0.009375, 0.28125, 0.775625, -0.0025, -0.0025, 0.14250000000000002]",132,0,29.0,"[np.True_, np.True_, np.True_, np.True_, np.True_, np.True_]",118.21641111004,0.0,0.0,False,0.0
1775336070.1499891,"[1, 1, 1, 1, 1, 1]","[1500, 1500, 1495, 1350]","[np.float64(0.0), np.float64(0.0), np.float64(-0.5), np.float64(-15.0)]","[-0.41141961328125, 9.599790976562499, 1.27869522265625]",0.0,30.461525650024413,"[0.0, 7.65991210812, 19.89746093424]",3,0.0,0.0,0.0,4294967.295,3750004.224,0,284753,340.7244873046875,-239.7936248779297,0.0,state.GROUND_TESTING,4857,-27,"[0, 0, 0, 0, 0, 0, 0, 0]","[0, 0, 0, 0, 0, 0, 0, 0]",0,-26,0.0,0,0,"[11.1, 1.3, 17.0, 10.8, 16.5, 17.0, 0, 0]","[4.069, 4.066, 4.061]",0.748,"[2.9952, 3.3120000000000003, 5.008, 7.364800000000001, 8.457600000000001, 27.822400000000002]","[0.02, 0.6625, 0.83375, 0.00125, 0.003125, 0.168125]",132,0,29.0,"[np.True_, np.True_, np.True_, np.True_, np.True_, np.True_]",118.35365223329278,0.0,0.0,False,0.0
1775336070.21072,"[1, 1, 1, 1, 1, 1]","[1500, 1500, 1495, 1350]","[np.float64(0.0), np.float64(0.0), np.float64(-0.5), np.float64(-15.0)]","[-0.30109480078125, 9.68176844140625, 1.22812968359375]",0.0,30.496501235961915,"[0.0, -10.89477538884, 4.76074218672]",3,0.0,0.0,0.0,4294967.295,3750004.224,0,284813,340.8414001464844,-239.7954864501953,0.0,state.GROUND_TESTING,4858,-26,"[0, 0, 0, 0, 0, 0, 0, 0]","[0, 0, 0, 0, 0, 0, 0, 0]",0,-25,0.0,0,0,"[10.6, 1.2, 16.5, 10.6, 16.5, 16.5, 0, 0]","[4.069, 4.066, 4.061]",0.748,"[2.9952, 3.3120000000000003, 5.008, 7.364800000000001, 8.457600000000001, 27.822400000000002]","[0.02, 0.6625, 0.83375, 0.00125, 0.003125, 0.168125]",132,0,29.0,"[np.True_, np.True_, np.True_, np.True_, np.True_, np.True_]",118.37392726685987,0.0,0.0,False,0.0
1775336070.271779,"[1, 1, 1, 1, 1, 1]","[1500, 1500, 1495, 1350]","[np.float64(0.0), np.float64(0.0), np.float64(-0.5), np.float64(-15.0)]","[-0.407588890625, 9.65342109375, 1.21127450390625]",0.0,30.496501235961915,"[0.0, 7.2326660144399995, 4.577636718]",3,0.0,0.0,0.0,4294967.295,3750004.224,0,284873,340.6525573730469,-239.54217529296875,0.0,state.GROUND_TESTING,4859,-26,"[0, 0, 0, 0, 0, 0, 0, 0]","[0, 0, 0, 0, 0, 0, 0, 0]",0,-25,0.0,0,0,"[10.8, 1.3, 15.9, 10.6, 15.9, 16.5, 0, 0]","[4.069, 4.066, 4.061]",0.748,"[2.9936000000000003, 3.3120000000000003, 5.0064, 7.3584000000000005, 8.4496, 27.822400000000002]","[0.014375, 0.659375, 0.73875, 0.00125, 0.005625, 0.15687500000000001]",132,0,29.0,"[np.True_, np.True_, np.True_, np.True_, np.True_, np.True_]",118.57296766385956,0.0,0.0,False,0.0
1775336070.3406239,"[1, 1, 1, 1, 1, 1]","[1500, 1500, 1495, 1350]","[np.float64(0.0), np.float64(0.0), np.float64(-0.5), np.float64(-15.0)]","[-0.5033569570312499, 9.656485671875, 1.16837041015625]",0.0,30.492129287719727,"[0.0, -3.99780273372, -9.39941406096]",3,0.0,0.0,0.0,4294967.295,3750004.224,0,284933,340.4569396972656,-239.65325927734375,0.0,state.GROUND_TESTING,4860,-26,"[0, 0, 0, 0, 0, 0, 0, 0]","[0, 0, 0, 0, 0, 0, 0, 0]",0,-25,0.0,0,0,"[10.6, 1.3, 16.5, 10.8, 16.5, 16.5, 0, 0]","[4.069, 4.066, 4.061]",0.748,"[2.9936000000000003, 3.3120000000000003, 5.0064, 7.3584000000000005, 8.4496, 27.822400000000002]","[0.014375, 0.659375, 0.73875, 0.00125, 0.005625, 0.15687500000000001]",132,0,29.0,"[np.True_, np.True_, np.True_, np.True_, np.True_, np.True_]",118.43266120248184,0.0,0.0,False,0.0
1775336070.3840551,"[1, 1, 1, 1, 1, 1]","[1500, 1500, 1495, 1350]","[np.float64(0.0), np.float64(0.0), np.float64(-0.5), np.float64(-15.0)]","[-0.31182082421875, 9.59749254296875, 1.2434525742187499]",0.0,30.48775733947754,"[0.0, 1.92260742156, -1.34277343728]",3,0.0,0.0,0.0,4294967.295,3750004.224,0,284987,340.2830505371094,-239.71055603027344,0.0,state.GROUND_TESTING,4861,-27,"[0, 0, 0, 0, 0, 0, 0, 0]","[0, 0, 0, 0, 0, 0, 0, 0]",0,-26,0.0,0,0,"[10.8, 1.3, 16.5, 10.6, 15.5, 16.5, 0, 0]","[4.068, 4.066, 4.061]",0.89,"[2.9936000000000003, 3.3104, 5.0064, 7.3664000000000005, 8.4512, 27.820800000000002]","[0.008125, 0.23, 0.759375, 0.000625, -0.000625, 0.15125]",132,0,29.5,"[np.True_, np.True_, np.True_, np.True_, np.True_, np.True_]",118.34618643269954,0.0,0.0,False,0.0
1775336070.450351,"[1, 1, 1, 1, 1, 1]","[1500, 1500, 1495, 1350]","[np.float64(0.0), np.float64(0.0), np.float64(-0.5), np.float64(-15.0)]","[-0.33710359375, 9.71701108984375, 1.1331277617187498]",0.0,30.492129287719727,"[0.0, 1.49536132788, 11.65771484184]",3,0.0,0.0,0.0,4294967.295,3750004.224,0,285047,340.7762145996094,-239.7996826171875,0.0,state.GROUND_TESTING,4862,-27,"[0, 0, 0, 0, 0, 0, 0, 0]","[0, 0, 0, 0, 0, 0, 0, 0]",0,-26,0.0,0,0,"[10.6, 1.2, 16.5, 10.4, 15.5, 17.0, 0, 0]","[4.068, 4.066, 4.061]",0.89,"[2.9936000000000003, 3.3104, 5.0064, 7.3664000000000005, 8.4512, 27.820800000000002]","[0.008125, 0.23, 0.759375, 0.000625, -0.000625, 0.15125]",132,0,29.5,"[np.True_, np.True_, np.True_, np.True_, np.True_, np.True_]",118.35778459748316,0.0,0.0,False,0.0
1775336070.5164979,"[1, 1, 1, 1, 1, 1]","[1500, 1500, 1495, 1350]","[np.float64(0.0), np.float64(0.0), np.float64(-0.5), np.float64(-15.0)]","[-0.475009609375, 9.610517, 1.222766671875]",0.0,30.483385391235352,"[0.0, -3.38745117132, 4.24194335868]",3,0.0,0.0,0.0,4294967.295,3750004.224,0,285107,340.8137512207031,-239.6007080078125,0.0,state.GROUND_TESTING,4863,-26,"[0, 0, 0, 0, 0, 0, 0, 0]","[0, 0, 0, 0, 0, 0, 0, 0]",0,-26,0.0,0,0,"[10.6, 1.2, 17.0, 10.6, 15.5, 17.0, 0, 0]","[4.068, 4.066, 4.061]",0.89,"[2.9952, 3.3120000000000003, 5.0064, 7.3664000000000005, 8.4464, 27.822400000000002]","[0.0125, 0.263125, 0.8025, -0.005, -0.00125, 0.143125]",132,0,29.5,"[np.True_, np.True_, np.True_, np.True_, np.True_, np.True_]",118.54939333925351,0.0,0.0,False,0.0
1775336070.563114,"[1, 1, 1, 1, 1, 1]","[1500, 1500, 1495, 1350]","[np.float64(0.0), np.float64(0.0), np.float64(-0.5), np.float64(-15.0)]","[-0.367749375, 9.701688199218749, 1.375995578125]",0.0,30.50524513244629,"[0.0, -7.1716308582, -3.051757812]",3,0.0,0.0,0.0,4294967.295,3750004.224,0,285167,341.0115051269531,-239.4853515625,0.0,state.GROUND_TESTING,4864,-27,"[0, 0, 0, 0, 0, 0, 0, 0]","[0, 0, 0, 0, 0, 0, 0, 0]",0,-26,0.0,0,0,"[10.8, 1.3, 17.6, 10.4, 16.5, 17.0, 0, 0]","[4.068, 4.066, 4.061]",0.89,"[2.9952, 3.3136, 5.0064, 7.3712, 8.4464, 27.8256]","[0.006875, 0.244375, 0.761875, -0.000625, 0.001875, 0.14125000000000001]",132,0,29.5,"[np.True_, np.True_, np.True_, np.True_, np.True_, np.True_]",118.69378867057425,0.0,0.0,False,0.0
1775336070.612153,"[1, 1, 1, 1, 1, 1]","[1500, 1500, 1495, 1350]","[np.float64(0.0), np.float64(0.0), np.float64(-0.5), np.float64(-15.0)]","[-0.29190106640624996, 9.6733408515625, 1.3223654609375]",0.0,30.48775733947754,"[0.0, -0.4577636718, -6.3781738270799995]",3,0.0,0.0,0.0,4294967.295,3750004.224,0,285221,340.8403625488281,-239.29913330078125,0.0,state.GROUND_TESTING,4865,-26,"[0, 0, 0, 0, 0, 0, 0, 0]","[0, 0, 0, 0, 0, 0, 0, 0]",0,-25,0.0,0,0,"[10.6, 1.3, 17.0, 10.6, 15.9, 17.0, 0, 0]","[4.068, 4.066, 4.061]",0.89,"[2.9952, 3.3136, 5.0064, 7.3712, 8.4464, 27.8256]","[0.006875, 0.244375, 0.761875, -0.000625, 0.001875, 0.14125000000000001]",132,0,29.5,"[np.True_, np.True_, np.True_, np.True_, np.True_, np.True_]",118.83409897513782,0.0,0.0,False,0.0
1775336070.685247,"[1, 1, 1, 1, 1, 1]","[1500, 1500, 1495, 1350]","[np.float64(0.0), np.float64(0.0), np.float64(-0.5), np.float64(-15.0)]","[-0.4428315390625, 9.631969046875, 1.14232149609375]",0.0,30.531476821899414,"[0.0, 6.2561035145999995, 2.56347656208]",3,0.0,0.0,0.0,4294967.295,3750004.224,0,285281,341.31671142578125,-239.69586181640625,0.0,state.GROUND_TESTING,4866,-26,"[0, 0, 0, 0, 0, 0, 0, 0]","[0, 0, 0, 0, 0, 0, 0, 0]",0,-25,0.0,0,0,"[10.8, 1.3, 17.0, 10.4, 15.9, 17.0, 0, 0]","[4.068, 4.066, 4.061]",0.89,"[2.9952, 3.3120000000000003, 5.0096, 7.364800000000001, 8.4448, 27.824]","[0.000625, 0.258125, 0.820625, -0.003125, 0.000625, 0.145]",132,0,29.5,"[np.True_, np.True_, np.True_, np.True_, np.True_, np.True_]",118.55485893651569,0.0,0.0,False,0.0
1775336070.7364962,"[1, 1, 1, 1, 1, 1]","[1500, 1500, 1495, 1350]","[np.float64(0.0), np.float64(0.0), np.float64(-0.5), np.float64(-15.0)]","[-0.39916130078124995, 9.579105074218749, 1.13619233984375]",0.0,30.50524513244629,"[0.0, 2.10571289028, -5.85937499904]",3,0.0,0.0,0.0,4294967.295,3750004.224,0,285341,341.19708251953125,-239.58782958984375,0.0,state.GROUND_TESTING,4867,-26,"[0, 0, 0, 0, 0, 0, 0, 0]","[0, 0, 0, 0, 0, 0, 0, 0]",0,-25,0.0,0,0,"[10.6, 1.3, 16.5, 10.6, 16.5, 16.5, 0, 0]","[4.068, 4.066, 4.061]",0.89,"[2.9952, 3.3120000000000003, 5.0096, 7.364800000000001, 8.4448, 27.824]","[0.000625, 0.258125, 0.820625, -0.003125, 0.000625, 0.145]",132,0,29.5,"[np.True_, np.True_, np.True_, np.True_, np.True_, np.True_]",118.63327058716155,0.0,0.0,False,0.0
1775336070.803808,"[1, 1, 1, 1, 1, 1]","[1500, 1500, 1495, 1350]","[np.float64(0.0), np.float64(0.0), np.float64(-0.5), np.float64(-15.0)]","[-0.34323275000000003, 9.69862362109375, 1.2978488359375]",0.0,30.513989028930663,"[0.0, 0.33569335932, 15.5639648412]",3,0.0,0.0,0.0,4294967.295,3750004.224,0,285401,341.77264404296875,-239.7282257080078,0.0,state.GROUND_TESTING,4868,-26,"[0, 0, 0, 0, 0, 0, 0, 0]","[0, 0, 0, 0, 0, 0, 0, 0]",0,-25,0.0,0,0,"[10.8, 1.3, 17.0, 10.4, 16.5, 17.0, 0, 0]","[4.068, 4.066, 4.061]",0.89,"[2.9936000000000003, 3.3136, 5.008, 7.3616, 8.440000000000001, 27.822400000000002]","[0.00875, 0.26875, 0.769375, 0.000625, -0.0025, 0.140625]",132,0,29.5,"[np.True_, np.True_, np.True_, np.True_, np.True_, np.True_]",118.60756632369245,0.0,0.0,False,0.0
1775336070.84994,"[1, 1, 1, 1, 1, 1]","[1500, 1500, 1495, 1350]","[np.float64(0.0), np.float64(0.0), np.float64(-0.5), np.float64(-15.0)]","[-0.3662170859375, 9.684833019531249, 1.1630073984375]",0.0,30.461525650024413,"[0.0, -16.6320800754, -9.36889648284]",3,0.0,0.0,0.0,4294967.295,3750004.224,0,285455,342.064453125,-239.55099487304688,0.0,state.GROUND_TESTING,4869,-26,"[0, 0, 0, 0, 0, 0, 0, 0]","[0, 0, 0, 0, 0, 0, 0, 0]",0,-25,0.0,0,0,"[10.8, 1.2, 16.5, 10.2, 15.9, 16.5, 0, 0]","[4.068, 4.066, 4.061]",0.89,"[2.9936000000000003, 3.3136, 5.008, 7.3616, 8.440000000000001, 27.822400000000002]","[0.00875, 0.26875, 0.769375, 0.000625, -0.0025, 0.140625]",132,0,29.5,"[np.True_, np.True_, np.True_, np.True_, np.True_, np.True_]",118.82552349371312,0.0,0.0,False,0.0
1775336070.91661,"[1, 1, 1, 1, 1, 1]","[1500, 1500, 1495, 1350]","[np.float64(0.0), np.float64(0.0), np.float64(-0.5), np.float64(-15.0)]","[-0.41908105859374994, 9.54539471484375, 1.1155064375]",0.0,30.509617080688475,"[0.0, 0.762939453, 5.70678710844]",3,0.0,0.0,0.0,4294967.295,3750004.224,0,285515,342.3601379394531,-239.69190979003906,0.0,state.GROUND_TESTING,4870,-26,"[0, 0, 0, 0, 0, 0, 0, 0]","[0, 0, 0, 0, 0, 0, 0, 0]",0,-25,0.0,0,0,"[10.6, 1.2, 17.0, 11.1, 16.5, 16.5, 0, 0]","[4.069, 4.067, 4.062]",0.89,"[2.9936000000000003, 3.3120000000000003, 5.008, 7.36, 8.443200000000001, 27.8256]","[0.025, 0.666875, 0.688125, 0.001875, -0.0025, 0.144375]",132,0,29.0,"[np.True_, np.True_, np.True_, np.True_, np.True_, np.True_]",118.74556772604379,0.0,0.0,False,0.0
1775336070.9826932,"[1, 1, 1, 1, 1, 1]","[1500, 1500, 1495, 1350]","[np.float64(0.0), np.float64(0.0), np.float64(-0.5), np.float64(-15.0)]","[-0.45738828515624996, 9.6273721796875, 1.23885570703125]",0.0,30.50524513244629,"[0.0, -9.918212889, -4.9133300773199995]",3,0.0,0.0,0.0,4294967.295,3750004.224,0,285575,341.98748779296875,-239.431884765625,0.0,state.GROUND_TESTING,4871,-26,"[0, 0, 0, 0, 0, 0, 0, 0]","[0, 0, 0, 0, 0, 0, 0, 0]",0,-25,0.0,0,0,"[11.1, 1.3, 15.9, 11.3, 15.9, 17.6, 0, 0]","[4.069, 4.067, 4.062]",0.89,"[2.9936000000000003, 3.3120000000000003, 5.008, 7.36, 8.443200000000001, 27.8256]","[0.025, 0.666875, 0.688125, 0.001875, -0.0025, 0.144375]",132,0,29.0,"[np.True_, np.True_, np.True_, np.True_, np.True_, np.True_]",118.92322370708338,0.0,0.0,False,0.0
1775336071.027526,"[1, 1, 1, 1, 1, 1]","[1500, 1500, 1495, 1350]","[np.float64(0.0), np.float64(0.0), np.float64(-0.5), np.float64(-15.0)]","[-0.3508941953125, 9.576806640625, 1.2564770312499998]",0.0,30.50524513244629,"[0.0, 5.46264648348, -19.62280273116]",3,0.0,0.0,0.0,4294967.295,3750004.224,0,285635,342.22186279296875,-239.639404296875,0.0,state.GROUND_TESTING,4872,-26,"[0, 0, 0, 0, 0, 0, 0, 0]","[0, 0, 0, 0, 0, 0, 0, 0]",0,-25,0.0,0,0,"[10.4, 1.3, 16.5, 10.6, 16.5, 16.5, 0, 0]","[4.069, 4.067, 4.062]",0.89,"[2.9936000000000003, 3.3104, 5.0096, 7.36, 8.441600000000001, 27.814400000000003]","[0.021875000000000002, 0.67, 0.770625, 0.004375, 0.00375, 0.16125]",132,0,29.0,"[np.True_, np.True_, np.True_, np.True_, np.True_, np.True_]",118.7705797720379,0.0,0.0,False,0.0
1775336071.078366,"[1, 1, 1, 1, 1, 1]","[1500, 1500, 1495, 1350]","[np.float64(0.0), np.float64(0.0), np.float64(-0.5), np.float64(-15.0)]","[-0.34093431640625, 9.613581578125, 1.2380895625]",0.0,30.479013442993164,"[0.0, 1.49536132788, 4.577636718]",3,0.0,0.0,0.0,4294967.295,3750004.224,0,285689,342.31146240234375,-239.4340362548828,0.0,state.GROUND_TESTING,4873,-26,"[0, 0, 0, 0, 0, 0, 0, 0]","[0, 0, 0, 0, 0, 0, 0, 0]",0,-25,0.0,0,0,"[10.6, 1.3, 17.0, 10.6, 15.9, 18.2, 0, 0]","[4.069, 4.067, 4.062]",0.89,"[2.9936000000000003, 3.3104, 5.0096, 7.36, 8.441600000000001, 27.814400000000003]","[0.021875000000000002, 0.67, 0.770625, 0.004375, 0.00375, 0.16125]",132,0,29.0,"[np.True_, np.True_, np.True_, np.True_, np.True_, np.True_]",118.97892452792877,0.0,0.0,False,0.0
1775336071.151072,"[1, 1, 1, 1, 1, 1]","[1500, 1500, 1495, 1350]","[np.float64(0.0), np.float64(0.0), np.float64(-0.5), np.float64(-15.0)]","[-0.4481945507812499, 9.723906390625, 1.2143390820312499]",0.0,30.483385391235352,"[0.0, 0.33569335932, 7.56835937376]",3,0.0,0.0,0.0,4294967.295,3750004.224,0,285749,342.6187744140625,-239.5603790283203,0.0,state.GROUND_TESTING,4874,-26,"[0, 0, 0, 0, 0, 0, 0, 0]","[0, 0, 0, 0, 0, 0, 0, 0]",0,-25,0.0,0,0,"[11.3, 1.2, 16.5, 10.4, 16.5, 16.5, 0, 0]","[4.069, 4.067, 4.062]",0.89,"[2.9952, 3.3104, 5.008, 7.3632, 8.4448, 27.820800000000002]","[0.021875000000000002, 0.64625, 0.695625, -0.00125, 0.005625, 0.165]",132,0,29.0,"[np.True_, np.True_, np.True_, np.True_, np.True_, np.True_]",118.91401255831457,0.0,0.0,False,0.0
1775336071.1970491,"[1, 1, 1, 1, 1, 1]","[1500, 1500, 1495, 1350]","[np.float64(0.0), np.float64(0.0), np.float64(-0.5), np.float64(-15.0)]","[-0.39149985546875, 9.5905972421875, 1.247283296875]",0.0,30.492129287719727,"[0.0, -2.04467773404, 22.125244137]",3,0.0,0.0,0.0,4294967.295,3750004.224,0,285809,342.8955383300781,-239.4340362548828,0.0,state.GROUND_TESTING,4875,-26,"[0, 0, 0, 0, 0, 0, 0, 0]","[0, 0, 0, 0, 0, 0, 0, 0]",0,-25,0.0,0,0,"[11.1, 1.3, 15.9, 10.6, 15.5, 17.0, 0, 0]","[4.069, 4.067, 4.062]",0.89,"[2.9952, 3.3104, 5.008, 7.3632, 8.4448, 27.820800000000002]","[0.021875000000000002, 0.64625, 0.695625, -0.00125, 0.005625, 0.165]",132,0,29.0,"[np.True_, np.True_, np.True_, np.True_, np.True_, np.True_]",119.0804875135227,0.0,0.0,False,0.0
1775336071.2670321,"[1, 1, 1, 1, 1, 1]","[1500, 1500, 1495, 1350]","[np.float64(0.0), np.float64(0.0), np.float64(-0.5), np.float64(-15.0)]","[-0.35242648437499996, 9.66031639453125, 1.2120406484375]",0.0,30.496501235961915,"[0.0, 5.6457519521999995, -7.3547363269199995]",3,0.0,0.0,0.0,4294967.295,3750004.224,0,285869,342.9635925292969,-239.44744873046875,0.0,state.GROUND_TESTING,4876,-26,"[0, 0, 0, 0, 0, 0, 0, 0]","[0, 0, 0, 0, 0, 0, 0, 0]",0,-25,0.0,0,0,"[10.6, 1.2, 16.5, 10.8, 16.5, 17.6, 0, 0]","[4.069, 4.067, 4.062]",0.89,"[2.9936000000000003, 3.3120000000000003, 5.0064, 7.3712, 8.443200000000001, 27.822400000000002]","[0.00625, 0.25375000000000003, 0.68625, -0.004375, 0.00125, 0.14]",132,0,29.0,"[np.True_, np.True_, np.True_, np.True_, np.True_, np.True_]",119.07947627294664,0.0,0.0,False,0.0
1775336071.311562,"[1, 1, 1, 1, 1, 1]","[1500, 1500, 1495, 1350]","[np.float64(0.0), np.float64(0.0), np.float64(-0.5), np.float64(-15.0)]","[-0.33633744921875, 9.617412300781249, 1.2181698046875]",0.0,30.461525650024413,"[0.0, 1.12915039044, 16.51000976292]",3,0.0,0.0,0.0,4294967.295,3750004.224,0,285923,343.0523986816406,-239.7010498046875,0.0,state.GROUND_TESTING,4877,-26,"[0, 0, 0, 0, 0, 0, 0, 0]","[0, 0, 0, 0, 0, 0, 0, 0]",0,-25,0.0,0,0,"[10.6, 1.3, 15.9, 10.8, 15.9, 15.9, 0, 0]","[4.069, 4.067, 4.062]",0.89,"[2.9936000000000003, 3.3120000000000003, 5.0064, 7.3712, 8.443200000000001, 27.822400000000002]","[0.00625, 0.25375000000000003, 0.68625, -0.004375, 0.00125, 0.14]",132,0,29.0,"[np.True_, np.True_, np.True_, np.True_, np.True_, np.True_]",118.85546365379201,0.0,0.0,False,0.0
1775336071.375519,"[1, 1, 1, 1, 1, 1]","[1500, 1500, 1495, 1350]","[np.float64(0.0), np.float64(0.0), np.float64(-0.5), np.float64(-15.0)]","[-0.401459734375, 9.699389765625, 1.12393402734375]",0.0,30.52273292541504,"[0.0, -4.60815429612, -0.64086914052]",3,0.0,0.0,0.0,4294967.295,3750004.224,0,285983,343.03680419921875,-239.48435974121094,0.0,state.GROUND_TESTING,4878,-26,"[0, 0, 0, 0, 0, 0, 0, 0]","[0, 0, 0, 0, 0, 0, 0, 0]",0,-25,0.0,0,0,"[10.4, 1.3, 16.5, 10.6, 16.5, 16.5, 0, 0]","[4.069, 4.067, 4.062]",0.89,"[2.992, 3.3120000000000003, 5.0064, 7.3664000000000005, 8.4448, 27.824]","[0.010625, 0.254375, 0.64375, 0.003125, -0.0025, 0.144375]",132,0,29.0,"[np.True_, np.True_, np.True_, np.True_, np.True_, np.True_]",119.05713341331845,0.0,0.0,False,0.0
1775336071.4453828,"[1, 1, 1, 1, 1, 1]","[1500, 1500, 1495, 1350]","[np.float64(0.0), np.float64(0.0), np.float64(-0.5), np.float64(-15.0)]","[-0.45432370703124997, 9.663380972656249, 1.2495817304687498]",0.0,30.531476821899414,"[0.0, -9.73510742028, -13.64135741964]",3,0.0,0.0,0.0,4294967.295,3750004.224,0,286043,343.1265869140625,-239.5753631591797,0.0,state.GROUND_TESTING,4879,-26,"[0, 0, 0, 0, 0, 0, 0, 0]","[0, 0, 0, 0, 0, 0, 0, 0]",0,-25,0.0,0,0,"[10.6, 1.3, 16.5, 10.6, 15.9, 17.0, 0, 0]","[4.069, 4.067, 4.062]",0.748,"[2.9936000000000003, 3.3104, 5.008, 7.364800000000001, 8.4448, 27.819200000000002]","[0.0075, 0.26687500000000003, 0.694375, -0.003125, -0.0025, 0.14]",132,0,29.0,"[np.True_, np.True_, np.True_, np.True_, np.True_, np.True_]",118.9864687680164,0.0,0.0,False,0.0
1775336071.4912598,"[1, 1, 1, 1, 1, 1]","[1500, 1500, 1495, 1350]","[np.float64(0.0), np.float64(0.0), np.float64(-0.5), np.float64(-15.0)]","[-0.39303214453124996, 9.69862362109375, 1.18062872265625]",0.0,30.47026954650879,"[0.0, 7.65991210812, 0.48828124992]",3,0.0,0.0,0.0,4294967.295,3750004.224,0,286103,342.94378662109375,-239.5631561279297,0.0,state.GROUND_TESTING,4880,-26,"[0, 0, 0, 0, 0, 0, 0, 0]","[0, 0, 0, 0, 0, 0, 0, 0]",0,-26,0.0,0,0,"[10.8, 1.3, 15.9, 10.8, 15.9, 17.0, 0, 0]","[4.069, 4.067, 4.062]",0.748,"[2.9936000000000003, 3.3104, 5.008, 7.364800000000001, 8.4448, 27.819200000000002]","[0.0075, 0.26687500000000003, 0.694375, -0.003125, -0.0025, 0.14]",132,0,29.0,"[np.True_, np.True_, np.True_, np.True_, np.True_, np.True_]",118.96709526675829,0.0,0.0,False,0.0
1775336071.55739,"[1, 1, 1, 1, 1, 1]","[1500, 1500, 1495, 1350]","[np.float64(0.0), np.float64(0.0), np.float64(-0.5), np.float64(-15.0)]","[-0.36545094140624995, 9.5124505, 1.1967177578125]",0.0,30.513989028930663,"[0.0, -2.83813476516, -7.3547363269199995]",3,0.0,0.0,0.0,4294967.295,3750004.224,0,286157,342.9222412109375,-239.37387084960938,0.0,state.GROUND_TESTING,4881,-26,"[0, 0, 0, 0, 0, 0, 0, 0]","[0, 0, 0, 0, 0, 0, 0, 0]",0,-26,0.0,0,0,"[10.8, 1.3, 17.0, 11.1, 16.5, 17.0, 0, 0]","[4.069, 4.067, 4.062]",0.748,"[2.9936000000000003, 3.3104, 5.008, 7.3616, 8.448, 27.824]","[0.00875, 0.28750000000000003, 0.6225, 0.000625, -0.0025, 0.14375000000000002]",132,0,29.0,"[np.True_, np.True_, np.True_, np.True_, np.True_, np.True_]",119.14171865783351,0.0,0.0,False,0.0
1775336071.6197062,"[1, 1, 1, 1, 1, 1]","[1500, 1500, 1495, 1350]","[np.float64(0.0), np.float64(0.0), np.float64(-0.5), np.float64(-15.0)]","[-0.39609672265624996, 9.71701108984375, 0.98143114453125]",0.0,30.509617080688475,"[0.0, -7.53784179564, -7.90405273308]",3,0.0,0.0,0.0,4294967.295,3750004.224,0,286217,342.5023193359375,-239.39279174804688,0.0,state.GROUND_TESTING,4882,-26,"[0, 0, 0, 0, 0, 0, 0, 0]","[0, 0, 0, 0, 0, 0, 0, 0]",0,-26,0.0,0,0,"[10.8, 1.2, 17.6, 10.8, 15.9, 17.0, 0, 0]","[4.069, 4.067, 4.062]",0.748,"[2.9936000000000003, 3.3104, 5.008, 7.3616, 8.448, 27.824]","[0.00875, 0.28750000000000003, 0.6225, 0.000625, -0.0025, 0.14375000000000002]",132,0,29.0,"[np.True_, np.True_, np.True_, np.True_, np.True_, np.True_]",119.05119358466057,0.0,0.0,False,0.0
1775336071.6693602,"[1, 1, 1, 1, 1, 1]","[1500, 1500, 1495, 1350]","[np.float64(0.0), np.float64(0.0), np.float64(-0.5), np.float64(-15.0)]","[-0.40682274609374997, 9.784431808593748, 0.8642110312499999]",0.0,30.527104873657226,"[0.0, 9.97924804524, -4.9133300773199995]",3,0.0,0.0,0.0,4294967.295,3750004.224,0,286277,342.552978515625,-239.82310485839844,0.0,state.GROUND_TESTING,4883,-27,"[0, 0, 0, 0, 0, 0, 0, 0]","[0, 0, 0, 0, 0, 0, 0, 0]",0,-25,0.0,0,0,"[10.8, 1.3, 16.5, 10.6, 15.9, 17.0, 0, 0]","[4.069, 4.067, 4.062]",0.748,"[2.9936000000000003, 3.3120000000000003, 5.008, 7.3632, 8.448, 27.8256]","[0.02875, 0.6725, 0.6875, 0.00125, -0.00125, 0.1375]",132,0,29.0,"[np.True_, np.True_, np.True_, np.True_, np.True_, np.True_]",118.65574033458171,0.0,0.0,False,0.0
1775336071.742631,"[1, 1, 1, 1, 1, 1]","[1500, 1500, 1495, 1350]","[np.float64(0.0), np.float64(0.0), np.float64(-0.5), np.float64(-15.0)]","[-0.45432370703124997, 9.4618849609375, 0.93852705078125]",0.0,30.496501235961915,"[0.0, 23.9562988242, 7.0190429676]",3,0.0,0.0,0.0,4294967.295,3750004.224,0,286337,342.79498291015625,-240.6855010986328,0.0,state.GROUND_TESTING,4884,-27,"[0, 0, 0, 0, 0, 0, 0, 0]","[0, 0, 0, 0, 0, 0, 0, 0]",0,-26,0.0,0,0,"[10.4, 1.3, 17.0, 11.1, 15.9, 16.5, 0, 0]","[4.069, 4.067, 4.062]",0.748,"[2.9936000000000003, 3.3120000000000003, 5.008, 7.3632, 8.448, 27.8256]","[0.02875, 0.6725, 0.6875, 0.00125, -0.00125, 0.1375]",132,0,29.0,"[np.True_, np.True_, np.True_, np.True_, np.True_, np.True_]",117.88475074115946,0.0,0.0,False,0.0
1775336071.7875001,"[1, 1, 1, 1, 1, 1]","[1500, 1500, 1495, 1350]","[np.float64(0.0), np.float64(0.0), np.float64(-0.5), np.float64(-15.0)]","[-0.40375816796874997, 9.72926940234375, 0.98756030078125]",0.0,30.474641494750976,"[0.0, 12.17651366988, -12.512207029199999]",3,0.0,0.0,0.0,4294967.295,3750004.224,0,286391,342.6553039550781,-241.94757080078125,0.0,state.GROUND_TESTING,4885,-26,"[0, 0, 0, 0, 0, 0, 0, 0]","[0, 0, 0, 0, 0, 0, 0, 0]",0,-26,0.0,0,0,"[10.6, 1.2, 15.9, 10.8, 15.5, 17.0, 0, 0]","[4.069, 4.067, 4.062]",0.748,"[2.992, 3.3136, 5.008, 7.3632, 8.4512, 27.820800000000002]","[0.02375, 0.63875, 0.65, 0.00125, 0.004375, 0.165625]",132,0,29.0,"[np.True_, np.True_, np.True_, np.True_, np.True_, np.True_]",116.67281201809588,0.0,0.0,False,0.0
1775336071.854125,"[1, 1, 1, 1, 1, 1]","[1500, 1500, 1495, 1350]","[np.float64(0.0), np.float64(0.0), np.float64(-0.5), np.float64(-15.0)]","[-0.4244440703125, 9.62890446875, 1.43345641796875]",0.0,30.50524513244629,"[0.0, 25.36010741772, 2.38037109336]",3,0.0,0.0,0.0,4294967.295,3750004.224,0,286451,342.8435974121094,-243.5607452392578,0.0,state.GROUND_TESTING,4886,-26,"[0, 0, 0, 0, 0, 0, 0, 0]","[0, 0, 0, 0, 0, 0, 0, 0]",0,-25,0.0,0,0,"[10.8, 1.3, 16.5, 10.6, 15.9, 16.5, 0, 0]","[4.069, 4.067, 4.062]",0.748,"[2.992, 3.3136, 5.008, 7.3632, 8.4512, 27.820800000000002]","[0.02375, 0.63875, 0.65, 0.00125, 0.004375, 0.165625]",132,0,29.0,"[np.True_, np.True_, np.True_, np.True_, np.True_, np.True_]",115.17829923427351,0.0,0.0,False,0.0
1775336071.902853,"[1, 1, 1, 1, 1, 1]","[1500, 1500, 1495, 1350]","[np.float64(0.0), np.float64(0.0), np.float64(-0.5), np.float64(-15.0)]","[-0.33557130468749996, 9.68330073046875, 1.5966452031249998]",0.0,30.50524513244629,"[0.0, 22.00317382452, 3.08227539012]",3,0.0,0.0,0.0,4294967.295,3750004.224,0,286511,342.7505187988281,-245.0255889892578,0.0,state.GROUND_TESTING,4887,-26,"[0, 0, 0, 0, 0, 0, 0, 0]","[0, 0, 0, 0, 0, 0, 0, 0]",0,-24,0.0,0,0,"[10.4, 1.2, 17.0, 10.6, 16.5, 16.5, 0, 0]","[4.069, 4.067, 4.062]",0.748,"[2.9936000000000003, 3.3120000000000003, 5.0096, 7.3632, 8.4496, 27.832]","[0.023125, 0.660625, 0.636875, 0.0025, 0.004375, 0.164375]",132,0,29.0,"[np.True_, np.True_, np.True_, np.True_, np.True_, np.True_]",113.77984410630037,0.0,0.0,False,0.0
1775336071.976114,"[1, 1, 1, 1, 1, 1]","[1500, 1500, 1495, 1350]","[np.float64(0.0), np.float64(0.0), np.float64(-0.5), np.float64(-15.0)]","[-0.27198130859374997, 9.3607538828125, 1.6050727929687498]",0.0,30.50524513244629,"[0.0, 7.04956054572, -6.22558593648]",3,0.0,0.0,0.0,4294967.295,3750004.224,0,286571,342.9702453613281,-246.23834228515625,0.0,state.GROUND_TESTING,4888,-26,"[0, 0, 0, 0, 0, 0, 0, 0]","[0, 0, 0, 0, 0, 0, 0, 0]",0,-24,0.0,0,0,"[10.4, 1.2, 16.5, 10.6, 15.9, 16.5, 0, 0]","[4.069, 4.067, 4.062]",0.748,"[2.9936000000000003, 3.3120000000000003, 5.0096, 7.3632, 8.4496, 27.832]","[0.023125, 0.660625, 0.636875, 0.0025, 0.004375, 0.164375]",132,0,29.0,"[np.True_, np.True_, np.True_, np.True_, np.True_, np.True_]",112.66021966070575,0.0,0.0,False,0.0
1775336072.026099,"[1, 1, 1, 1, 1, 1]","[1500, 1500, 1495, 1350]","[np.float64(0.0), np.float64(0.0), np.float64(-0.5), np.float64(-15.0)]","[-0.31641769140625, 9.612815433593749, 1.4794250898437498]",0.0,30.50524513244629,"[0.0, 7.41577148316, -7.7209472643599995]",3,0.0,0.0,0.0,4294967.295,3750004.224,0,286625,342.4609069824219,-246.6204833984375,0.0,state.GROUND_TESTING,4889,-26,"[0, 0, 0, 0, 0, 0, 0, 0]","[0, 0, 0, 0, 0, 0, 0, 0]",0,-24,0.0,0,0,"[10.8, 1.3, 16.5, 10.8, 15.5, 17.0, 0, 0]","[4.068, 4.066, 4.062]",0.778,"[2.9936000000000003, 3.3104, 5.0096, 7.372800000000001, 8.4496, 27.824]","[-0.001875, 0.233125, 0.62875, -0.003125, -0.004375, 0.144375]",132,0,29.0,"[np.True_, np.True_, np.True_, np.True_, np.True_, np.True_]",112.23289136833652,0.0,0.0,False,0.0
1775336072.070254,"[1, 1, 1, 1, 1, 1]","[1500, 1500, 1495, 1350]","[np.float64(0.0), np.float64(0.0), np.float64(-0.5), np.float64(-15.0)]","[-0.43363780468749996, 9.5752743515625, 1.5966452031249998]",0.0,30.52273292541504,"[0.0, -2.04467773404, -3.60107421816]",3,0.0,0.0,0.0,4294967.295,3750004.224,0,286685,342.6333312988281,-246.84262084960938,0.0,state.GROUND_TESTING,4890,-26,"[0, 0, 0, 0, 0, 0, 0, 0]","[0, 0, 0, 0, 0, 0, 0, 0]",0,-24,0.0,0,0,"[10.6, 1.2, 15.9, 10.6, 15.5, 16.5, 0, 0]","[4.068, 4.066, 4.062]",0.778,"[2.9936000000000003, 3.3104, 5.0096, 7.372800000000001, 8.4496, 27.824]","[-0.001875, 0.233125, 0.62875, -0.003125, -0.004375, 0.144375]",132,0,29.0,"[np.True_, np.True_, np.True_, np.True_, np.True_, np.True_]",112.04477636252773,0.0,0.0,False,0.0
1775336072.1361768,"[1, 1, 1, 1, 1, 1]","[1500, 1500, 1495, 1350]","[np.float64(0.0), np.float64(0.0), np.float64(-0.5), np.float64(-15.0)]","[-0.34629732812499997, 9.67104241796875, 1.1346600507812499]",0.0,30.51836097717285,"[0.0, -0.4577636718, 7.0190429676]",3,0.0,0.0,0.0,4294967.295,3750004.224,0,286745,342.5939636230469,-246.39768981933594,0.0,state.GROUND_TESTING,4891,-26,"[0, 0, 0, 0, 0, 0, 0, 0]","[0, 0, 0, 0, 0, 0, 0, 0]",0,-24,0.0,0,0,"[11.1, 1.3, 16.5, 10.6, 16.5, 15.9, 0, 0]","[4.068, 4.066, 4.062]",0.778,"[2.9904, 3.3104, 5.008, 7.368, 8.448, 27.820800000000002]","[-0.000625, 0.251875, 0.685, 0.000625, 0.0, 0.145625]",132,0,29.0,"[np.True_, np.True_, np.True_, np.True_, np.True_, np.True_]",112.46083594849341,0.0,0.0,False,0.0
1775336072.2009091,"[1, 1, 1, 1, 1, 1]","[1500, 1500, 1495, 1350]","[np.float64(0.0), np.float64(0.0), np.float64(-0.5), np.float64(-15.0)]","[-0.42214563671874994, 9.60055712109375, 1.42273039453125]",0.0,30.492129287719727,"[0.0, -4.4250488273999995, -12.17651366988]",3,0.0,0.0,0.0,4294967.295,3750004.224,0,286805,342.51190185546875,-246.3933868408203,0.0,state.GROUND_TESTING,4892,-26,"[0, 0, 0, 0, 0, 0, 0, 0]","[0, 0, 0, 0, 0, 0, 0, 0]",0,-24,0.0,0,0,"[10.4, 1.3, 17.0, 10.4, 15.5, 16.5, 0, 0]","[4.068, 4.066, 4.062]",0.778,"[2.9952, 3.3104, 5.008, 7.36, 8.4544, 27.824]","[0.000625, 0.23375, 0.5975, -0.00125, -0.00375, 0.14375000000000002]",132,0,29.0,"[np.True_, np.True_, np.True_, np.True_, np.True_, np.True_]",112.45424572413734,0.0,0.0,False,0.0
1775336072.243346,"[1, 1, 1, 1, 1, 1]","[1500, 1500, 1495, 1350]","[np.float64(0.0), np.float64(0.0), np.float64(-0.5), np.float64(-15.0)]","[-0.42291178124999995, 9.65342109375, 1.24804944140625]",0.0,30.500873184204103,"[0.0, 4.6691894523599995, 7.56835937376]",3,0.0,0.0,0.0,4294967.295,3750004.224,0,286859,342.56524658203125,-246.37110900878906,0.0,state.GROUND_TESTING,4893,-26,"[0, 0, 0, 0, 0, 0, 0, 0]","[0, 0, 0, 0, 0, 0, 0, 0]",0,-25,0.0,0,0,"[10.8, 1.2, 16.5, 10.8, 16.5, 17.6, 0, 0]","[4.068, 4.066, 4.062]",0.778,"[2.9952, 3.3104, 5.008, 7.36, 8.4544, 27.824]","[0.000625, 0.23375, 0.5975, -0.00125, -0.00375, 0.14375000000000002]",132,0,29.0,"[np.True_, np.True_, np.True_, np.True_, np.True_, np.True_]",112.48225601680588,0.0,0.0,False,0.0
1775336072.304935,"[1, 1, 1, 1, 1, 1]","[1500, 1500, 1495, 1350]","[np.float64(0.0), np.float64(0.0), np.float64(-0.5), np.float64(-15.0)]","[-0.334039015625, 9.58523423046875, 1.31240558203125]",0.0,30.527104873657226,"[0.0, -4.36401367116, 11.68823241996]",3,0.0,0.0,0.0,4294967.295,3750004.224,0,286919,342.55181884765625,-246.47792053222656,0.0,state.GROUND_TESTING,4894,-26,"[0, 0, 0, 0, 0, 0, 0, 0]","[0, 0, 0, 0, 0, 0, 0, 0]",0,-25,0.0,0,0,"[10.4, 1.3, 17.6, 10.6, 15.9, 17.0, 0, 0]","[4.068, 4.066, 4.062]",0.778,"[2.9952, 3.3104, 5.008, 7.3584000000000005, 8.4528, 27.819200000000002]","[0.006875, 0.2625, 0.6168750000000001, 0.0, -0.000625, 0.14125000000000001]",132,0,29.0,"[np.True_, np.True_, np.True_, np.True_, np.True_, np.True_]",112.37947444923118,0.0,0.0,False,0.0
